ax,ay,az,gx,gy,gz,left_click,right_click
-0.1917,0.3384,0.9458,-1.7863,-0.3435,-0.5802,0,0,0
-0.1936,0.344,0.9565,-1.7252,-0.5344,-0.5267,0,0,0
-0.1899,0.3406,0.9514,-1.6947,-0.458,-0.4122,0,0,0
-0.1887,0.3438,0.9526,-1.6412,-0.5038,-0.3206,0,0,0
-0.1895,0.3442,0.9543,-1.8244,-0.2977,-0.6489,0,0,0
-0.1897,0.3459,0.9492,-1.9008,-0.0076,-0.4351,0,0,0
-0.1968,0.3364,0.9473,-1.9771,-0.1221,-0.4656,0,0,0
-0.1982,0.3418,0.9504,-1.6641,-0.2595,-0.6107,0,0,0
-0.1914,0.342,0.9421,-1.8168,-0.374,-0.4504,0,0,0
-0.1921,0.3396,0.9541,-1.6412,-0.6412,-0.4504,0,0,0
-0.1892,0.3435,0.9536,-1.4885,-0.4733,-0.6031,0,0,0
-0.1875,0.3406,0.948,-1.9313,-0.2137,-0.771,0,0,0
-0.1909,0.3428,0.9495,-1.6031,-0.2214,-0.855,0,0,0
-0.1914,0.3416,0.9573,-1.6107,-0.5725,-0.7634,0,0,0
-0.1936,0.3435,0.947,-1.8321,-0.458,-0.4962,0,0,0
-0.1873,0.3438,0.9517,-2.1145,-0.4504,-0.5496,0,0,0
-0.1914,0.3445,0.9514,-1.9237,-0.458,-0.5115,0,0,0
-0.1875,0.3447,0.9553,-1.5725,-0.1908,-0.8015,0,0,0
-0.1885,0.3408,0.9531,-1.5802,-0.3588,-0.7328,0,0,0
-0.1892,0.3411,0.9519,-1.7939,-0.2214,-0.7786,0,0,0
-0.1919,0.3408,0.9556,-1.5038,-0.1985,-0.6794,0,0,0
-0.1909,0.3442,0.9497,-1.6565,-0.3664,-0.4198,0,0,0
-0.1917,0.3442,0.9495,-1.8779,-0.3359,-0.5191,0,0,0
-0.1938,0.3411,0.9556,-1.771,-0.5954,-0.2901,0,0,0
-0.1899,0.3396,0.9531,-1.8473,-0.4122,-0.3359,0,0,0
-0.1895,0.3411,0.9524,-1.7252,-0.2443,-0.6107,0,0,0
-0.1919,0.3467,0.9502,-1.6107,-0.3359,-0.7023,0,0,0
-0.1938,0.3408,0.9575,-1.5725,-0.2672,-0.5344,0,0,0
-0.1956,0.3433,0.9565,-1.626,-0.458,-0.4122,0,0,0
-0.1938,0.3357,0.9561,-1.6336,-0.4962,-0.5649,0,0,0
-0.1882,0.3398,0.9492,-1.5802,-0.313,-0.3435,0,0,0
-0.1921,0.3447,0.9492,-1.6565,-0.145,-0.7252,0,0,0
-0.1924,0.3474,0.9517,-1.8015,-0.4198,-0.5115,0,0,0
-0.1934,0.3413,0.9558,-1.9237,-0.3206,-0.6031,0,0,0
-0.1929,0.3435,0.9475,-1.7557,-0.2824,-0.8397,0,0,0
-0.1909,0.3406,0.9478,-1.7557,-0.542,-0.5038,0,0,0
-0.1885,0.3459,0.9495,-2.1908,-0.5954,-0.5344,0,0,0
-0.1909,0.3362,0.9612,-1.8397,-0.2977,-0.4733,0,0,0
-0.1875,0.3384,0.9607,-1.4962,-0.2672,-0.4885,0,0,0
-0.1895,0.3425,0.95,-1.6336,-0.5344,-0.6031,0,0,0
-0.1931,0.3401,0.9507,-1.6031,-0.2824,-0.5496,0,0,0
-0.1931,0.3433,0.95,-1.5802,-0.374,-0.7099,0,0,0
-0.1914,0.3447,0.9507,-1.7481,-0.6489,-0.5954,0,0,0
-0.1926,0.3452,0.9553,-1.7405,-0.6565,-0.3588,0,0,0
-0.1909,0.3374,0.9517,-2.145,-0.458,-0.374,0,0,0
-0.1904,0.3435,0.9521,-1.7557,-0.374,-0.8015,0,0,0
-0.1929,0.3438,0.9521,-1.9695,-0.4351,-0.5802,0,0,0
-0.1899,0.344,0.9539,-1.6718,-0.3893,-0.4809,0,0,0
-0.1907,0.3364,0.9519,-1.771,-0.1221,-0.7099,0,0,0
-0.1919,0.3416,0.9419,-1.8168,-0.374,-0.7863,0,0,0
-0.1943,0.3416,0.9563,-1.8321,-0.3435,-0.3817,0,0,0
-0.1904,0.3401,0.9553,-1.9237,-0.5115,-0.4198,0,0,0
-0.1912,0.3389,0.9492,-1.8779,-0.5573,-0.3511,0,0,0
-0.1865,0.3423,0.9514,-1.5802,-0.458,-0.4122,0,0,0
-0.1921,0.3418,0.9495,-1.7557,-0.2366,-0.6107,0,0,0
-0.1936,0.3413,0.957,-2.0153,-0.5191,-0.626,0,0,0
-0.1897,0.3459,0.9509,-1.8244,0.0305,-0.6107,0,0,0
-0.1885,0.343,0.9573,-1.8702,-0.4809,-0.5954,0,0,0
-0.1917,0.3403,0.9497,-1.916,-0.3053,-0.4733,0,0,0
-0.1929,0.3403,0.9502,-1.7405,-0.7252,-0.3588,0,0,0
-0.1919,0.343,0.9458,-1.687,-0.4198,-0.6107,0,0,0
-0.1882,0.3413,0.9546,-1.6336,-0.4733,-0.4504,0,0,0
-0.1863,0.342,0.95,-1.6489,-0.3817,-0.3053,0,0,0
-0.1904,0.3413,0.9568,-1.6947,-0.3359,-0.458,0,0,0
-0.1943,0.3369,0.9536,-1.855,-0.2901,-0.7023,0,0,0
-0.1892,0.3423,0.9495,-1.9237,-0.6031,-0.4809,0,0,0
-0.1936,0.3442,0.9565,-1.916,-0.2443,-0.6489,0,0,0
-0.1907,0.343,0.9463,-2.0076,-0.4198,-0.4275,0,0,0
-0.1897,0.3364,0.95,-1.8397,-0.5802,-0.5802,0,0,0
-0.1899,0.3403,0.9563,-1.6947,-0.5725,-0.5038,0,0,0
-0.1917,0.3406,0.946,-1.4885,-0.3282,-0.5649,0,0,0
-0.1934,0.3455,0.9529,-1.7405,-0.313,-0.4198,0,0,0
-0.1895,0.342,0.9529,-1.5954,-0.3435,-0.5649,0,0,0
-0.1909,0.344,0.9561,-1.3588,-0.3664,-0.5496,0,0,0
-0.1914,0.3411,0.9583,-1.687,-0.4122,-0.7176,0,0,0
-0.196,0.344,0.9526,-1.6412,-0.5115,-0.4656,0,0,0
-0.188,0.3401,0.9529,-1.7252,-0.5267,-0.4046,0,0,0
-0.1941,0.3435,0.9504,-1.5725,-0.3206,-0.4351,0,0,0
-0.1895,0.3428,0.9443,-1.6183,-0.3817,-0.4962,0,0,0
-0.1929,0.3413,0.9517,-1.5878,-0.5267,-0.7176,0,0,0
-0.1936,0.3394,0.948,-1.6947,-0.4809,-0.6183,0,0,0
-0.1895,0.3447,0.9475,-1.9313,-0.0916,-0.6794,0,0,0
-0.1899,0.3394,0.9534,-1.4351,-0.2901,-0.3511,0,0,0
-0.1907,0.3411,0.9539,-1.6947,-0.3588,-0.626,0,0,0
-0.1951,0.3372,0.9482,-1.5649,-0.3435,-0.6107,0,0,0
-0.1899,0.3408,0.9517,-1.542,-0.2824,-0.5878,0,0,0
-0.188,0.3472,0.9546,-1.6947,-0.084,-0.5954,0,0,0
-0.1914,0.344,0.9531,-1.5038,-0.4962,-0.5649,0,0,0
-0.1904,0.3442,0.9568,-1.6031,-0.4351,-0.4885,0,0,0
-0.1912,0.3447,0.9548,-1.6641,-0.4275,-0.4656,0,0,0
-0.1929,0.3462,0.9509,-1.6336,-0.4656,-0.6031,0,0,0
-0.1919,0.3447,0.9543,-1.8626,-0.4046,-0.5802,0,0,0
-0.1921,0.3396,0.9534,-1.8779,-0.4733,-0.4733,0,0,0
-0.1953,0.3408,0.9475,-1.8321,-0.7176,-0.3893,0,0,0
-0.1899,0.3425,0.9465,-1.7176,-0.626,-0.7634,0,0,0
-0.1909,0.3403,0.9543,-1.5191,-0.4198,-0.5115,0,0,0
-0.1904,0.3435,0.9529,-1.7405,-0.374,-0.7481,0,0,0
-0.1926,0.3438,0.9534,-1.7863,-0.4198,-0.4198,0,0,0
-0.1934,0.3438,0.9536,-1.6947,-0.4275,-0.5496,0,0,0
-0.1941,0.3416,0.9609,-1.855,-0.3969,-0.5038,0,0,0
-0.1892,0.3442,0.948,-1.8626,-0.542,-0.8015,0,0,0
-0.1985,0.3469,0.9475,-1.9389,-0.7328,-0.855,0,0,0
-0.1897,0.3376,0.949,-1.6412,-0.9695,-0.1985,0,0,0
-0.1936,0.3335,0.9517,-1.0229,-0.4275,-0.5267,0,0,0
-0.2083,0.3628,0.9519,-1.2672,-1.5573,-1.0,0,0,0
-0.1855,0.3503,0.9387,-2.7786,-1.3893,-0.7099,0,0,0
-0.1797,0.3315,0.9521,-2.8244,-1.4885,-0.4809,0,0,0
-0.1833,0.3176,0.9343,-1.5267,-1.4504,0.8855,0,0,0
-0.0244,0.2786,1.0667,14.2824,0.9389,3.8015,0,0,0
-0.2053,0.2993,0.9858,15.4885,5.3817,1.3435,0,0,0
-0.1853,0.3203,0.9172,17.8473,4.2443,0.0763,0,0,0
-0.1863,0.3716,0.9446,14.8321,3.1221,0.3359,0,0,0
-0.1763,0.3472,0.9143,13.6183,4.3206,2.6718,0,0,0
-0.1941,0.3872,0.9521,13.4198,4.374,1.0763,0,0,0
-0.1982,0.4224,0.8125,-1.1298,0.0916,-1.4198,0,0,0
0.0073,-0.0261,0.7366,-55.9008,-14.1069,46.6183,0,0,0
-0.3721,0.4575,1.0178,-10.6183,0.2901,41.5573,0,0,0
-0.3594,0.5007,1.0449,-8.3359,-10.2519,18.916,0,0,0
-0.072,0.4075,1.0188,-13.0,-18.6947,0.1756,0,0,0
-0.1851,0.647,1.0337,-14.2137,-14.7481,8.5191,0,0,0
-0.064,0.3447,1.1104,-16.6947,-14.0763,2.1527,0,0,0
-0.0679,0.3484,0.9934,-14.1985,-2.6107,5.5344,0,0,0
-0.1624,0.3369,0.8276,-13.2061,1.0305,1.3664,0,0,0
-0.2437,0.3513,0.9727,-14.1069,-3.0916,-4.4504,0,0,0
-0.1787,0.2258,0.8767,-13.2061,-8.626,-4.8931,0,0,0
-0.1765,0.29,0.9602,-10.0,-9.626,-2.5191,0,0,0
-0.1462,0.3738,0.96,-9.9008,-8.8397,-3.5954,0,0,0
-0.1624,0.416,0.969,-13.8855,-8.2137,-5.1298,0,0,0
-0.1494,0.3933,0.9973,-16.145,-6.9771,-7.9542,0,0,0
-0.1467,0.3411,1.0132,-16.855,-7.9771,-14.084,0,0,0
-0.1311,0.3293,1.0105,-16.0916,-2.9542,-13.5649,0,0,0
-0.175,0.3413,1.0222,-14.8473,0.5573,-14.7176,0,0,0
-0.1926,0.3289,0.9819,-14.145,-1.9466,-15.7023,0,0,0
-0.123,0.2937,1.0056,-14.3435,-0.4885,-24.4198,0,0,0
-0.1277,0.2178,1.0378,-6.229,3.8626,-19.8015,0,0,0
-0.1621,0.2166,1.0039,2.4275,8.9924,-12.5344,0,0,0
-0.1738,0.292,0.9285,6.8092,8.3435,-13.2977,0,0,0
-0.1956,0.3101,1.0415,9.2824,10.7786,-15.1374,0,0,0
-0.2092,0.3142,0.9404,10.6947,6.5191,-14.7023,0,0,0
-0.1936,0.2974,0.9414,10.3206,4.9008,-13.626,0,0,0
-0.1885,0.3367,0.9719,10.3817,8.7557,-11.5802,0,0,0
-0.1946,0.353,0.9514,7.9924,12.1527,-10.9084,0,0,0
-0.1899,0.3447,0.9521,5.7939,14.4504,-10.5115,0,0,0
-0.1797,0.3379,0.9329,3.8473,12.3359,-10.8473,0,0,0
-0.1812,0.3274,0.9243,2.1527,9.1069,-11.6031,0,0,0
-0.1946,0.3167,0.9336,0.5496,6.3893,-10.9771,0,0,0
-0.1982,0.2915,0.9517,-0.8702,5.2977,-8.4962,0,0,0
-0.2039,0.2976,0.9739,0.4504,7.542,-6.458,0,0,0
-0.2178,0.3174,0.9727,1.1985,11.084,-4.4656,0,0,0
-0.207,0.3181,0.9641,1.2061,14.1679,-3.6641,0,0,0
-0.2073,0.3215,0.9434,1.2214,14.7863,-3.0305,0,0,0
-0.2053,0.325,0.9385,-0.5115,13.855,-2.1832,0,0,0
-0.2141,0.3145,0.9358,-2.6336,12.6794,-1.2901,0,0,0
-0.2266,0.3225,0.9402,-4.6718,9.626,-0.6107,0,0,0
-0.2354,0.3477,1.04,-5.4809,2.4122,4.1221,0,0,0
-0.2151,0.3164,0.9954,-3.4275,10.7939,3.3206,0,0,0
-0.2026,0.3269,0.949,-3.4275,19.7557,0.8473,0,0,0
-0.2234,0.3152,0.9412,-4.4198,16.3435,3.3664,0,0,0
-0.2124,0.2981,0.9531,-4.2366,13.4504,3.7634,0,0,0
-0.2183,0.3083,0.9382,-4.7328,13.3588,3.6718,0,0,0
-0.2437,0.3369,0.9241,-5.9084,10.0687,3.1145,0,0,0
-0.2429,0.3213,0.9414,-5.9771,5.3588,3.4275,0,0,0
-0.2332,0.3391,0.9446,-6.6794,9.3664,2.5954,0,0,0
-0.2537,0.3181,0.9292,-7.3664,7.3664,2.7786,0,0,0
-0.2314,0.3062,0.9446,-6.6107,5.1756,3.2519,0,0,0
-0.2244,0.3057,0.9514,-5.1985,7.0992,2.5496,0,0,0
-0.2444,0.3237,0.9775,-4.0992,13.5802,2.1298,0,0,0
-0.2593,0.3442,0.9573,-4.9466,20.0763,0.3817,0,0,0
-0.2576,0.323,0.9192,-5.9084,18.6565,-0.2366,0,0,0
-0.2427,0.3003,0.9233,-4.8626,14.8626,0.1908,0,0,0
-0.2405,0.2888,0.9404,-3.3435,11.3206,1.1908,0,0,0
-0.3877,0.4138,0.5867,-8.8473,-5.8473,-8.1374,0,0,0
-0.2512,0.3145,0.9624,-6.8244,2.4122,-6.0153,0,0,0
-0.2759,0.283,0.9792,-4.916,5.2214,-0.3282,0,0,0
-0.2524,0.2971,0.9153,-4.6031,1.7557,-0.1298,0,0,0
-0.22,0.2905,0.925,-1.9389,3.2595,0.7405,0,0,0
-0.239,0.3064,0.9275,0.4427,0.8168,2.1756,0,0,0
-0.2512,0.3474,0.9292,-0.5344,-0.145,1.4962,0,0,0
-0.2539,0.3396,0.9434,-2.7099,-0.0611,0.4504,0,0,0
-0.2546,0.3364,0.9558,-3.0763,0.9771,-0.7252,0,0,0
-0.2571,0.3264,0.9617,-3.4885,1.6336,-0.9389,0,0,0
-0.2532,0.3149,0.9817,-3.7023,4.2137,-0.9618,0,0,0
-0.2507,0.3108,0.9536,-3.8626,4.5878,-0.687,0,0,0
-0.2458,0.3115,0.9421,-3.2977,3.8015,-0.1069,0,0,0
-0.2603,0.2964,0.9417,-3.3969,3.6336,0.7176,0,0,0
-0.2549,0.3254,0.9294,-4.2366,2.9771,-0.0916,0,0,0
-0.2593,0.3213,0.9421,-5.5344,2.313,-0.9695,0,0,0
-0.2505,0.3003,0.9536,-4.3359,1.9313,0.2977,0,0,0
-0.2515,0.3018,0.9529,-3.4656,3.0229,0.4809,0,0,0
-0.262,0.3103,0.9561,-3.3893,5.145,-0.6336,0,0,0
-0.2581,0.3057,0.9731,-3.3359,7.5038,-1.9924,0,0,0
-0.2578,0.2947,0.9524,-3.1985,8.5496,-2.687,0,0,0
-0.25,0.3113,0.9529,-3.2748,9.7557,-2.8015,0,0,0
-0.2742,0.3398,0.949,-4.084,9.145,-2.9695,0,0,0
-0.2908,0.3262,0.9399,-5.4885,8.7328,-4.4351,0,0,0
-0.2712,0.3049,0.9475,-6.4504,9.6489,-4.7023,0,0,0
-0.2671,0.3035,0.9426,-6.2748,13.5573,-4.5267,0,0,0
-0.2703,0.3035,0.918,-5.8473,10.4427,-1.9389,0,0,0
-0.2646,0.3044,0.9214,-5.1756,6.8931,-1.2061,0,0,0
-0.2708,0.2998,0.9402,-4.374,4.9847,-0.8244,0,0,0
-0.2925,0.324,0.9519,-4.3282,9.2443,-1.9084,0,0,0
-0.2896,0.313,0.9612,-6.0229,13.8397,-4.7176,0,0,0
-0.2837,0.3022,0.9443,-6.1985,17.3664,-7.374,0,0,0
-0.2778,0.2842,0.9397,-5.1832,16.2214,-7.5496,0,0,0
-0.2747,0.2844,0.9275,-2.9695,12.1679,-5.8702,0,0,0
-0.2695,0.2979,0.9089,-2.5038,6.0916,-2.5038,0,0,0
-0.2734,0.3086,0.9375,-1.9695,5.4962,-0.9084,0,0,0
-0.304,0.3169,0.9302,-3.1908,5.8473,-1.626,0,0,0
-0.3157,0.3069,0.926,-4.1679,2.8015,-1.145,0,0,0
-0.3076,0.2988,0.9431,-4.4733,3.0153,-1.9466,0,0,0
-0.3093,0.2927,0.9307,-4.2214,2.687,-1.2443,0,0,0
-0.2947,0.2957,0.9309,-3.8244,1.2061,-0.8397,0,0,0
-0.2832,0.2883,0.9519,-2.7328,3.4885,1.1145,0,0,0
-0.3037,0.2954,0.957,-3.626,8.3282,0.7634,0,0,0
-0.2808,0.2817,0.9546,-3.3664,11.8244,1.1145,0,0,0
-0.2949,0.281,0.9453,-2.9924,13.6183,1.6107,0,0,0
-0.3003,0.2869,0.9363,-3.2901,12.5573,2.1985,0,0,0
-0.2981,0.2937,0.9233,-3.855,10.9084,2.3053,0,0,0
-0.3162,0.313,0.9016,-3.7328,6.5725,2.5496,0,0,0
-0.3213,0.3281,0.9099,-4.4122,2.1679,2.4351,0,0,0
-0.3225,0.3257,0.929,-5.3893,1.6565,2.8244,0,0,0
-0.3225,0.2988,0.9368,-6.6107,0.7023,2.9618,0,0,0
-0.2971,0.29,0.9661,-6.4656,3.4885,2.6412,0,0,0
-0.3123,0.2942,0.9514,-7.5573,7.7634,1.8015,0,0,0
-0.3037,0.2859,0.9358,-7.7557,8.6794,1.5573,0,0,0
-0.3022,0.2852,0.9233,-6.8931,9.6947,1.7863,0,0,0
-0.3054,0.2729,0.9221,-5.5725,8.0382,3.1603,0,0,0
-0.3071,0.2795,0.9324,-3.4733,7.2901,4.1985,0,0,0
-0.3228,0.2854,0.9302,-2.8626,5.5191,5.1985,0,0,0
-0.3086,0.2942,0.9382,-2.8015,6.0382,5.6412,0,0,0
-0.3123,0.2864,0.9243,-3.2366,7.916,5.4275,0,0,0
-0.3079,0.2842,0.925,-2.9389,6.7939,5.6489,0,0,0
-0.3079,0.2954,0.9194,-2.0687,6.6489,6.0763,0,0,0
-0.3284,0.3025,0.9241,-2.7481,5.6336,5.4427,0,0,0
-0.3206,0.2979,0.9263,-3.1374,4.8168,5.2824,0,0,0
-0.3157,0.3052,0.9211,-3.4809,3.0687,4.6794,0,0,0
-0.3174,0.3049,0.9272,-4.2214,3.6947,4.2595,0,0,0
-0.3157,0.2981,0.9326,-4.6947,3.1527,4.916,0,0,0
-0.3259,0.3132,0.9521,-5.7863,4.9389,4.9771,0,0,0
-0.3264,0.2837,0.9424,-6.3435,7.626,3.2748,0,0,0
-0.3042,0.2786,0.959,-5.3359,11.4427,3.3435,0,0,0
-0.3193,0.2813,0.9294,-3.9237,8.2366,2.9237,0,0,0
-0.3191,0.311,0.928,-3.5954,7.2977,2.8626,0,0,0
-0.3337,0.3059,0.9248,-5.4656,7.6794,1.8397,0,0,0
-0.335,0.292,0.9109,-5.9695,4.4504,1.6489,0,0,0
-0.3362,0.2996,0.9136,-5.2901,3.2824,2.4122,0,0,0
-0.3442,0.311,0.9307,-5.4809,2.9542,2.626,0,0,0
-0.333,0.2942,0.9321,-6.8244,5.5496,2.2748,0,0,0
-0.3149,0.2939,0.9624,-7.7786,8.3969,2.3664,0,0,0
-0.3352,0.2786,0.9377,-8.145,10.8015,3.4504,0,0,0
-0.4092,0.4158,0.5847,-12.2595,0.5802,-1.4504,0,0,0
-0.3257,0.25,0.9141,-6.7099,3.3588,3.3435,0,0,0
-0.3457,0.2485,0.9485,-2.687,5.0076,7.7634,0,0,0
-0.3459,0.2776,0.9031,-4.2443,2.7557,3.0382,0,0,0
-0.2866,0.2903,0.928,-3.7176,1.9847,0.0916,0,0,0
-0.373,0.2734,0.947,-2.8397,5.0992,8.4427,0,0,0
-0.3352,0.26,0.9226,-3.2901,2.7939,6.2977,0,0,0
-0.3088,0.2876,0.8616,-4.3282,1.7176,3.3435,0,0,0
-0.3357,0.2839,0.9158,-3.0992,-1.4122,5.4198,0,0,0
-0.3394,0.2932,0.9253,-2.0305,-1.5038,5.7176,0,0,0
-0.3296,0.2786,0.925,-2.5191,-1.0916,5.7099,0,0,0
-0.3406,0.2844,0.9207,-2.3282,-0.9389,7.1145,0,0,0
-0.3416,0.2957,0.9214,-2.8015,-1.771,7.7786,0,0,0
-0.3337,0.2952,0.918,-3.3969,-2.8244,8.1298,0,0,0
-0.3306,0.2852,0.908,-4.2214,-3.1679,8.6794,0,0,0
-0.3352,0.2883,0.905,-4.7634,-4.1298,8.9847,0,0,0
-0.3369,0.2825,0.9119,-4.9695,-5.4733,8.9542,0,0,0
-0.3232,0.2793,0.9192,-4.0763,-5.9466,8.6565,0,0,0
-0.3323,0.2859,0.9373,-4.0076,-6.4275,7.2901,0,0,0
-0.3369,0.2881,0.9426,-3.2824,-6.4656,6.1603,0,0,0
-0.3308,0.2974,0.9285,-2.5573,-6.3053,5.2366,0,0,0
-0.3267,0.3044,0.9653,-3.9313,-6.2977,4.2595,0,0,0
-0.3281,0.2932,0.9417,-2.1298,-6.6107,3.9924,0,0,0
-0.3262,0.2947,0.9412,-1.5115,-6.5038,3.1298,0,0,0
-0.3237,0.2983,0.9541,-0.7405,-6.2137,2.6412,0,0,0
-0.3081,0.2971,0.9646,-0.7481,-5.4427,2.5191,0,0,0
-0.3171,0.2942,0.9585,-1.2366,-4.6336,2.2214,0,0,0
-0.3208,0.2957,0.9597,-1.3435,-3.6565,2.1374,0,0,0
-0.3135,0.3062,0.9421,-1.4962,-3.5191,2.1221,0,0,0
-0.3086,0.2947,0.9421,-1.5878,-3.3359,1.8244,0,0,0
-0.3032,0.2952,0.9392,-1.1679,-2.9084,2.0,0,0,0
-0.2866,0.2979,0.9304,-1.7023,-2.0305,1.6947,0,0,0
-0.3123,0.3005,0.9368,-2.6183,-1.1145,1.5267,0,0,0
-0.3132,0.3037,0.948,-3.2366,-1.0382,1.916,0,0,0
-0.3193,0.2998,0.9363,-4.0229,-1.0458,2.2519,0,0,0
-0.3181,0.2964,0.9431,-4.1069,-0.7939,2.5725,0,0,0
-0.3127,0.2834,0.9382,-3.6183,-0.6794,2.7252,0,0,0
-0.2959,0.291,0.9355,-2.2748,-0.3817,1.2137,0,0,0
-0.3074,0.3076,0.9414,-1.9618,0.3969,-0.2901,0,0,0
-0.2937,0.2966,0.9319,-1.5954,-2.3359,-2.0076,0,0,0
-0.3096,0.3071,0.9404,-2.626,-1.2595,-1.3511,0,0,0
-0.3074,0.2776,0.9294,-2.8626,-0.9084,-1.7634,0,0,0
-0.324,0.2822,0.9304,-2.7481,-1.0229,-1.5573,0,0,0
-0.3159,0.2798,0.9434,-1.4427,-1.0687,-1.5496,0,0,0
-0.2813,0.2458,0.9153,-2.084,-2.542,-2.8015,0,0,0
-0.3159,0.293,0.9578,1.458,-1.1221,-4.0153,0,0,0
-0.3064,0.2759,0.938,2.1679,-0.4427,-2.3511,0,0,0
-0.3042,0.3037,0.9272,1.6947,-0.3893,-3.4656,0,0,0
-0.3147,0.3013,0.9104,0.8931,-1.626,-4.0076,0,0,0
-0.3245,0.3098,0.9006,0.9008,-5.0153,-5.313,0,0,0
-0.313,0.311,0.9443,1.0458,-6.0382,-8.6031,0,0,0
-0.3123,0.2981,0.9358,-0.771,-4.6412,-7.7023,0,0,0
-0.3047,0.3022,0.9558,1.374,-5.6489,-11.1603,0,0,0
-0.3064,0.2896,0.9246,6.8321,-13.7939,-13.2824,0,0,0
-0.282,0.2969,0.9373,4.4504,-6.7786,-10.7252,0,0,0
-0.301,0.2888,0.9412,0.6794,-2.0,-5.5344,0,0,0
-0.3008,0.2744,0.9468,-0.1374,-1.0611,-2.5496,0,0,0
-0.3115,0.2395,0.9895,4.1603,-0.7557,-4.0229,0,0,0
-0.3359,0.3135,0.8538,6.7557,-10.1069,-6.8473,0,0,0
-0.3342,0.345,0.8584,12.9466,-23.5344,-16.5038,0,0,0
-0.3069,0.3025,0.9238,7.5191,-19.084,-15.2824,0,0,0
-0.2544,0.2871,1.0369,0.4275,-5.3282,-6.313,0,0,0
-0.3081,0.272,0.9294,-2.3664,-0.6183,1.2137,0,0,0
-0.3015,0.3015,0.9397,-2.1679,-0.8015,-0.8168,0,0,0
-0.3015,0.2993,0.9329,-1.7405,-0.9618,-0.5954,0,0,0
-0.2944,0.2957,0.9412,-1.8015,-0.5496,-0.6107,0,0,0
-0.2883,0.29,0.9463,-1.0687,-0.1908,-0.6489,0,0,0
-0.2969,0.3018,0.9377,-0.9771,0.3893,-0.8168,0,0,0
-0.3054,0.301,0.9365,-1.8092,-0.374,-1.0382,0,0,0
-0.3027,0.2979,0.9307,-1.9847,-0.6718,-0.9084,0,0,0
-0.3,0.2952,0.9346,-2.1603,-0.7176,-0.687,0,0,0
-0.2996,0.2981,0.9404,-2.1145,-0.8092,-0.3893,0,0,0
-0.2949,0.2969,0.938,-1.9924,-0.9084,-0.4656,0,0,0
-0.2932,0.2925,0.9431,-1.8092,-0.5878,-0.7252,0,0,0
-0.2944,0.2998,0.9373,-1.7481,-0.3969,-0.6947,0,0,0
-0.3042,0.2996,0.9316,-1.5038,-0.4427,-0.8855,0,0,0
-0.2991,0.2957,0.9329,-1.8626,-0.2901,-0.9237,0,0,0
-0.2998,0.2981,0.9319,-1.7863,-0.6565,-0.9389,0,0,0
-0.3013,0.2944,0.9341,-1.4351,-0.4885,-1.0916,0,0,0
-0.303,0.3025,0.9368,-1.7481,-0.5954,-0.4122,0,0,0
-0.2976,0.2993,0.9314,-1.5344,-0.6031,-0.9924,0,0,0
-0.2971,0.2993,0.9373,-1.6565,-0.5725,-0.8397,0,0,0
-0.2964,0.2993,0.9368,-2.0992,-0.3053,-0.7863,0,0,0
-0.2986,0.2971,0.9421,-1.4046,-0.3206,-1.5191,0,0,0
-0.2998,0.2983,0.9341,-1.5267,-0.145,-0.8931,0,0,0
-0.3,0.2937,0.9407,-1.5115,-0.3817,-0.7099,0,0,0
-0.3032,0.3025,0.9312,-2.1985,-0.5496,-0.626,0,0,0
-0.3037,0.3,0.9302,-1.4351,-0.7023,-1.0,0,0,0
-0.3064,0.3018,0.9373,-2.1603,-0.6183,-0.8168,0,0,0
-0.2959,0.2986,0.9365,-2.4046,-0.5344,-0.8397,0,0,0
-0.2986,0.293,0.9316,-2.2137,-0.2061,-1.0382,0,0,0
-0.2998,0.2944,0.9363,-1.8321,-0.3206,-1.2366,0,0,0
-0.2976,0.2893,0.9338,-1.3282,-0.2672,-0.8244,0,0,0
-0.2981,0.2937,0.9326,-1.0534,0.084,-1.0458,0,0,0
-0.302,0.3015,0.9353,-1.7634,-0.1069,-0.9237,0,0,0
-0.2998,0.304,0.9316,-1.8321,-0.2443,-0.8626,0,0,0
-0.2908,0.2979,0.9463,-1.1985,-0.6183,-1.5954,0,0,0
-0.3083,0.2986,0.9436,-1.6718,0.1756,-0.6107,0,0,0
-0.2996,0.301,0.9363,-1.8931,-0.7099,-0.7863,0,0,0
-0.2996,0.2913,0.9373,-1.9389,-0.4809,-0.7405,0,0,0
-0.3037,0.2961,0.938,-2.0229,-0.3893,-0.5115,0,0,0
-0.2981,0.2961,0.9375,-1.8168,-0.2519,-0.7252,0,0,0
-0.2959,0.2961,0.9387,-1.8168,-0.2214,-0.6565,0,0,0
-0.304,0.2969,0.9407,-1.542,-0.5878,-0.6718,0,0,0
-0.2998,0.2942,0.9377,-1.5954,-0.0763,-0.5344,0,0,0
-0.2976,0.2993,0.9397,-1.4962,-0.4198,-0.6794,0,0,0
-0.2986,0.2966,0.9387,-1.6336,-0.5573,-0.7786,0,0,0
-0.3015,0.2974,0.9338,-1.8702,-0.3359,-0.8015,0,0,0
-0.3008,0.2976,0.9302,-2.0382,-0.6641,-0.6183,0,0,0
-0.3005,0.2966,0.9404,-1.9313,-0.2977,-0.6412,0,0,0
-0.2966,0.2983,0.9368,-1.626,-0.2901,-0.626,0,0,0
-0.2993,0.2996,0.9365,-1.5496,-0.4885,-0.4962,0,0,0
-0.3003,0.2979,0.9348,-1.5038,-0.3588,-0.6565,0,0,0
-0.2961,0.2986,0.9314,-1.6336,-0.4198,-0.6718,0,0,0
-0.302,0.301,0.9333,-1.6565,-0.229,-0.5496,0,0,0
-0.2981,0.2976,0.9414,-1.9771,-0.2901,-0.5725,0,0,0
-0.3008,0.2952,0.937,-1.5954,-0.2214,-0.5115,0,0,0
-0.3018,0.2954,0.9348,-1.7939,-0.3969,-0.4504,0,0,0
-0.2981,0.2954,0.929,-1.5878,-0.3664,-0.4504,0,0,0
-0.2981,0.2983,0.9397,-1.6794,-0.4046,-0.6718,0,0,0
-0.2996,0.3,0.9285,-1.4733,-0.4351,-0.8015,0,0,0
-0.3003,0.2925,0.9468,-1.6412,-0.2748,-0.626,0,0,0
-0.2998,0.2981,0.9368,-1.8855,-0.542,-0.4885,0,0,0
-0.303,0.2971,0.9341,-1.9084,-0.4046,-0.5038,0,0,0
-0.2976,0.2964,0.9392,-1.8855,-0.1374,-0.6641,0,0,0
-0.303,0.3005,0.9426,-1.8779,-0.229,-0.6336,0,0,0
-0.3008,0.301,0.938,-1.9924,-0.4351,-0.5115,0,0,0
-0.2993,0.2964,0.9397,-1.7863,-0.5115,-0.687,0,0,0
-0.2981,0.2947,0.9421,-1.8244,-0.5725,-0.5725,0,0,0
-0.2986,0.2949,0.9368,-1.6183,-0.4809,-0.3664,0,0,0
-0.3025,0.2964,0.9331,-1.8092,-0.5191,-0.5267,0,0,0
-0.2998,0.3,0.9395,-1.7939,-0.5649,-0.5191,0,0,0
-0.3008,0.2983,0.9316,-1.9618,-0.5038,-0.5115,0,0,0
-0.302,0.3,0.9333,-1.8626,-0.3664,-0.5038,0,0,0
-0.304,0.2957,0.9375,-1.5115,-0.3817,-0.7634,0,0,0
-0.3,0.2991,0.9409,-2.0,-0.0382,-0.458,0,0,0
-0.2986,0.2971,0.9392,-1.6412,-0.4809,-0.8931,0,0,0
-0.3044,0.2998,0.9365,-1.9084,-0.542,-0.5649,0,0,0
-0.2981,0.2915,0.9333,-1.6641,-0.2519,-0.6183,0,0,0
-0.3003,0.2971,0.9358,-1.7557,-0.542,-0.7023,0,0,0
-0.2961,0.2947,0.9392,-1.6183,-0.5191,-0.6183,0,0,0
-0.301,0.3003,0.9426,-1.6718,-0.1679,-0.6031,0,0,0
-0.2976,0.2944,0.9402,-1.7557,-0.3893,-0.687,0,0,0
-0.2976,0.2939,0.9355,-1.6336,-0.4427,-0.6336,0,0,0
-0.303,0.2981,0.9358,-1.7481,-0.3817,-0.5038,0,0,0
-0.2996,0.2969,0.9294,-1.9771,-0.4733,-0.5573,0,0,0
-0.2971,0.3008,0.9387,-1.6794,-0.3053,-0.5649,0,0,0
-0.3027,0.3044,0.9355,-1.8931,-0.4809,-0.3817,0,0,0
-0.2996,0.2922,0.9294,-1.8092,-0.6489,-0.7328,0,0,0
-0.3008,0.2964,0.9365,-1.9771,-0.3282,-0.6412,0,0,0
-0.3003,0.2971,0.9375,-1.8855,-0.2748,-0.6412,0,0,0
-0.304,0.2979,0.9329,-1.7863,-0.313,-0.4198,0,0,0
-0.2979,0.3013,0.9395,-1.855,-0.3435,-0.6031,0,0,0
-0.2996,0.3003,0.9341,-1.8473,-0.4504,-0.7557,0,0,0
-0.2988,0.3,0.9424,-1.9313,-0.4351,-0.4656,0,0,0
-0.2974,0.2966,0.9365,-2.0153,-0.4275,-0.6183,0,0,0
-0.3003,0.2974,0.9397,-1.5878,-0.4275,-0.5344,0,0,0
-0.302,0.2903,0.9336,-1.5802,-0.2214,-0.6794,0,0,0
-0.3003,0.2983,0.9363,-1.626,-0.6031,-0.3969,0,0,0
-0.3025,0.2986,0.9402,-1.8168,-0.626,-0.5344,0,0,0
-0.2971,0.2949,0.9348,-1.6489,-0.4275,-0.7557,0,0,0
-0.3047,0.2976,0.9424,-1.2137,-0.4962,-0.6489,0,0,0
-0.3032,0.3008,0.9304,-1.6565,-0.1908,-0.6489,0,0,0
-0.2998,0.2983,0.9348,-1.6031,-0.5802,-0.6641,0,0,0
-0.303,0.2969,0.9358,-1.6641,-0.3588,-0.3969,0,0,0
-0.3008,0.2966,0.9312,-1.7863,-0.5802,-0.5344,0,0,0
-0.3025,0.2966,0.9363,-1.5725,-0.2366,-0.855,0,0,0
-0.2971,0.2996,0.9277,-1.7328,-0.4809,-0.7252,0,0,0
-0.3015,0.2998,0.9319,-1.9084,-0.2519,-0.5649,0,0,0
-0.2957,0.293,0.9431,-1.626,-0.3435,-0.3664,0,0,0
-0.2983,0.2974,0.936,-1.4809,-0.4046,-0.5267,0,0,0
-0.3,0.2986,0.9319,-1.7481,-0.5191,-0.5191,0,0,0
-0.2991,0.3005,0.9316,-1.9237,-0.5115,-0.6031,0,0,0
-0.2974,0.2944,0.9355,-1.7786,-0.6947,-0.5267,0,0,0
-0.2998,0.2976,0.9365,-1.8168,-0.4351,-0.3817,0,0,0
-0.3,0.2964,0.9319,-1.8397,-0.2137,-0.6031,0,0,0
-0.2988,0.293,0.9338,-1.7252,-0.4275,-0.5267,0,0,0
-0.3025,0.2986,0.9355,-1.6412,-0.3053,-0.9084,0,0,0
-0.2991,0.2983,0.9387,-1.5573,-0.374,-0.3969,0,0,0
-0.2983,0.2981,0.937,-1.5344,-0.2824,-0.3511,0,0,0
-0.3035,0.2949,0.9373,-1.6412,-0.5115,-0.5344,0,0,0
-0.2939,0.2986,0.9414,-1.7252,-0.4122,-0.4122,0,0,0
-0.301,0.2961,0.9319,-1.7481,-0.2748,-0.5725,0,0,0
-0.3013,0.2961,0.9346,-1.5038,-0.3435,-0.8931,0,0,0
-0.2971,0.2969,0.9275,-2.0305,-0.5267,-0.3664,0,0,0
-0.3005,0.2988,0.9309,-1.8244,-0.4427,-0.4809,0,0,0
-0.3015,0.2986,0.939,-1.5344,-0.3359,-0.374,0,0,0
-0.301,0.2983,0.9343,-1.8321,-0.3511,-0.4962,0,0,0
-0.3042,0.2964,0.9302,-1.8626,-0.3359,-0.5038,0,0,0
-0.3013,0.2969,0.9375,-1.687,-0.458,-0.7176,0,0,0
-0.3015,0.2966,0.9329,-1.4809,-0.5725,-0.5496,0,0,0
-0.3018,0.2949,0.9368,-1.7405,-0.4733,-0.5954,0,0,0
-0.2983,0.3005,0.9387,-1.8626,-0.3969,-0.4351,0,0,0
-0.2998,0.2937,0.9351,-1.8779,-0.4656,-0.5191,0,0,0
-0.2961,0.2974,0.9397,-1.6947,-0.2366,-0.7023,0,0,0
-0.3018,0.2988,0.9358,-1.7023,-0.1908,-0.7863,0,0,0
-0.3005,0.2998,0.9399,-1.7328,-0.3588,-0.7176,0,0,0
-0.3005,0.2952,0.9382,-1.6336,-0.2061,-0.3206,0,0,0
-0.3025,0.3022,0.9329,-1.4351,-0.3664,-0.5038,0,0,0
-0.3008,0.2974,0.9382,-1.7557,-0.3435,-0.626,0,0,0
-0.3018,0.2957,0.9329,-1.5115,-0.542,-0.7023,0,0,0
-0.2969,0.2974,0.9382,-1.7481,-0.458,-0.7481,0,0,0
-0.2993,0.2981,0.9375,-2.0305,-0.145,-0.5725,0,0,0
-0.2996,0.2976,0.9341,-1.7405,-0.5878,-0.5115,0,0,0
-0.2859,0.2537,0.949,-0.5802,1.1221,1.6107,0,0,0
-0.3032,0.3074,0.9397,1.2901,1.2366,-0.2443,0,0,0
-0.312,0.3167,0.9143,0.1832,0.4504,-0.5573,0,0,0
-0.301,0.303,0.936,-0.855,0.1298,-0.7557,0,0,0
-0.303,0.2979,0.9434,-0.7634,0.4427,-0.3282,0,0,0
-0.3083,0.3142,0.9307,-1.0687,0.0,-0.4885,0,0,0
-0.3035,0.3091,0.9275,-1.9924,-0.8092,-0.5344,0,0,0
-0.2988,0.2922,0.9375,-2.1374,-0.5496,-0.5573,0,0,0
-0.3008,0.2949,0.9387,-2.0305,-0.6794,-0.5725,0,0,0
-0.2998,0.3101,0.9377,-2.8092,-0.3588,-1.3511,0,0,0
-0.3003,0.3018,0.9341,-3.2366,-0.771,-1.2519,0,0,0
-0.303,0.2964,0.936,-2.9924,-0.5191,-1.5191,0,0,0
-0.3037,0.2979,0.9324,-3.3053,-0.6565,-1.145,0,0,0
-0.3042,0.2986,0.9346,-3.3588,-1.2824,-1.3893,0,0,0
-0.2974,0.2917,0.9355,-2.9237,-1.0992,-1.374,0,0,0
-0.2969,0.2905,0.9424,-2.8015,-1.1679,-0.9084,0,0,0
-0.2981,0.2883,0.9395,-2.084,-0.4885,-0.6183,0,0,0
-0.2932,0.2964,0.9407,-1.8855,-0.1756,-0.7328,0,0,0
-0.2825,0.2871,0.9207,-0.4046,0.7634,-0.7405,0,0,0
-0.3113,0.3035,0.9333,-0.8321,0.1374,-1.0611,0,0,0
-0.3062,0.3027,0.9319,-1.2901,0.374,-0.4809,0,0,0
-0.3091,0.313,0.9331,-1.7405,-0.2672,-0.8015,0,0,0
-0.303,0.2996,0.9351,-2.0229,-0.6336,-1.3359,0,0,0
-0.3022,0.2954,0.9402,-2.6107,-0.916,-0.7557,0,0,0
-0.2981,0.2944,0.9358,-2.4275,-0.7023,-0.6489,0,0,0
-0.2981,0.2881,0.9331,-1.855,-0.3282,-0.4733,0,0,0
-0.2969,0.2883,0.9365,-1.7252,-0.3053,-0.4809,0,0,0
-0.2966,0.2991,0.9412,-1.374,0.0611,-0.6718,0,0,0
-0.3047,0.3013,0.9353,-1.4504,-0.1069,-0.8779,0,0,0
-0.3035,0.2988,0.927,-1.7481,-0.3511,-0.626,0,0,0
-0.3083,0.2888,0.9329,-2.0534,-0.4962,-0.3969,0,0,0
-0.301,0.2913,0.9436,-2.0916,-0.3893,-0.4427,0,0,0
-0.2866,0.26,0.9407,-1.0076,0.0076,0.626,0,0,0
-0.2964,0.2893,0.9434,0.3359,0.6947,0.5038,0,0,0
-0.3018,0.2954,0.9326,0.6031,1.1298,0.9084,0,0,0
-0.3042,0.3064,0.9355,1.0763,0.5115,-0.145,0,0,0
-0.3086,0.3191,0.9319,-0.5878,0.2901,-0.6947,0,0,0
-0.3059,0.2922,0.9282,-1.1069,0.2748,-0.3053,0,0,0
-0.3042,0.2908,0.9333,-0.8092,0.1603,0.1298,0,0,0
-0.3108,0.292,0.9333,-0.5038,0.145,0.458,0,0,0
-0.303,0.3042,0.9343,-0.1145,-0.374,0.1298,0,0,0
-0.301,0.3181,0.9326,-0.4504,-0.3969,-1.1374,0,0,0
-0.2998,0.3103,0.9392,-2.1908,-0.3053,-0.7023,0,0,0
-0.302,0.3064,0.9272,-2.5496,-0.5496,-0.8626,0,0,0
-0.3052,0.2886,0.9417,-2.3969,-0.7634,-1.0611,0,0,0
-0.3062,0.281,0.9258,-1.7557,-0.5115,-0.4122,0,0,0
-0.2996,0.292,0.9307,-1.1832,-0.7176,-0.2748,0,0,0
-0.2991,0.3005,0.9355,-0.855,-0.4275,-0.2061,0,0,0
-0.301,0.313,0.9409,-1.2901,-0.6718,-0.5496,0,0,0
-0.2993,0.3152,0.9373,-1.7328,-0.2824,-0.8092,0,0,0
-0.2998,0.2979,0.9343,-2.5725,-0.7863,-0.9618,0,0,0
-0.3013,0.2952,0.9302,-2.5802,-0.5267,-0.9618,0,0,0
-0.3018,0.2917,0.9385,-1.9237,-0.6031,-0.5496,0,0,0
-0.2981,0.2932,0.9353,-1.5878,-0.4656,-0.5191,0,0,0
-0.3013,0.3018,0.938,-1.2901,-0.5038,-0.4046,0,0,0
-0.304,0.3118,0.9348,-1.3969,-0.5802,-0.8702,0,0,0
-0.3062,0.3076,0.9302,-2.2443,-0.5878,-0.9237,0,0,0
-0.3066,0.2998,0.9307,-2.6641,-0.771,-1.4046,0,0,0
-0.3032,0.2959,0.9341,-2.916,-0.6336,-1.2519,0,0,0
-0.3049,0.2991,0.9292,-2.7557,-1.0611,-1.1832,0,0,0
-0.2988,0.3,0.9363,-2.8931,-1.0534,-1.1374,0,0,0
-0.3066,0.2976,0.9385,-2.8931,-0.8397,-1.3511,0,0,0
-0.3025,0.3054,0.9351,-3.0,-1.2214,-1.5115,0,0,0
-0.3008,0.2996,0.9331,-3.5115,-0.916,-1.6641,0,0,0
-0.3035,0.2961,0.9382,-3.7557,-0.8397,-1.9084,0,0,0
-0.3037,0.302,0.9409,-3.5649,-0.7252,-1.9466,0,0,0
-0.3013,0.3069,0.9329,-3.6489,-0.8092,-2.3206,0,0,0
-0.3022,0.3025,0.9346,-4.0,-1.1603,-2.3893,0,0,0
-0.3018,0.2908,0.937,-4.0305,-1.0687,-2.1069,0,0,0
-0.2976,0.2847,0.9302,-3.5802,-0.6412,-2.0153,0,0,0
-0.2961,0.2874,0.9304,-3.0305,-0.4885,-1.3435,0,0,0
-0.3003,0.2905,0.9402,-2.4733,-0.7481,-1.2443,0,0,0
-0.301,0.2876,0.9429,-2.2443,-0.2519,-1.2977,0,0,0
-0.2981,0.2922,0.946,-1.9847,-0.2366,-1.1908,0,0,0
-0.2971,0.2844,0.9248,-1.4656,0.0229,-0.5191,0,0,0
-0.3013,0.2837,0.9241,-0.7786,0.0305,-0.1985,0,0,0
-0.3027,0.2896,0.9307,-0.5573,0.0534,0.0611,0,0,0
-0.3052,0.2942,0.9458,-0.458,-0.1679,0.0458,0,0,0
-0.3015,0.3027,0.9351,-0.4275,-0.3053,-0.1832,0,0,0
-0.302,0.3137,0.9358,-1.0611,-0.313,-0.4046,0,0,0
-0.3042,0.2996,0.9275,-1.4656,-0.2595,-0.3206,0,0,0
-0.3015,0.2859,0.9282,-1.1298,-0.3359,-0.1603,0,0,0
-0.3022,0.2817,0.929,-0.8626,-0.2443,0.0305,0,0,0
-0.3027,0.2859,0.9338,0.1908,-0.0305,0.2061,0,0,0
-0.3047,0.3,0.9353,0.2061,0.313,0.1756,0,0,0
-0.2969,0.3064,0.9375,0.0763,0.0382,0.2519,0,0,0
-0.302,0.3115,0.9355,-0.6565,-0.3893,0.0229,0,0,0
-0.3027,0.3057,0.9368,-1.2214,-0.4122,-0.1374,0,0,0
-0.3022,0.2981,0.9326,-1.4351,-0.5038,-0.3282,0,0,0
-0.301,0.29,0.9285,-1.0,-0.374,0.1069,0,0,0
-0.3049,0.2974,0.9316,-0.7634,-0.4122,-0.0611,0,0,0
-0.3064,0.3005,0.9368,-0.8626,-0.2824,-0.2061,0,0,0
-0.3057,0.3013,0.9299,-0.6947,-0.4198,-0.9084,0,0,0
-0.301,0.3059,0.936,-1.3359,-0.1603,-0.2748,0,0,0
-0.3054,0.3035,0.9336,-1.4733,-0.4275,-0.3282,0,0,0
-0.303,0.2981,0.9302,-1.542,-0.5115,-0.7176,0,0,0
-0.302,0.2971,0.9226,-1.7252,-0.1832,-0.2672,0,0,0
-0.3037,0.2939,0.9429,-1.1603,-0.542,-0.4656,0,0,0
-0.2996,0.3003,0.9336,-1.313,-0.5954,-0.229,0,0,0
-0.3022,0.3022,0.938,-1.4198,-0.3435,-0.458,0,0,0
-0.3003,0.2979,0.9358,-1.6641,-0.2748,-0.2901,0,0,0
-0.3022,0.3003,0.9358,-1.5038,-0.5267,-0.5725,0,0,0
-0.3044,0.2969,0.926,-1.4427,-0.4122,-0.3053,0,0,0
-0.3064,0.2957,0.9353,-1.5802,-0.2519,-0.6107,0,0,0
-0.3022,0.2976,0.9272,-1.5191,-0.5344,-0.4351,0,0,0
-0.3062,0.3015,0.9299,-1.6183,-0.5725,-0.5267,0,0,0
-0.3008,0.3005,0.9358,-1.9008,-0.8015,-0.4198,0,0,0
-0.303,0.2979,0.9316,-1.3969,-0.5802,-0.313,0,0,0
-0.2961,0.2964,0.9343,-1.3893,-0.5191,-0.3511,0,0,0
-0.3035,0.2966,0.937,-1.2366,-0.1985,-0.4809,0,0,0
-0.2981,0.2903,0.9421,-0.5115,-0.0229,-0.4122,0,0,0
-0.3005,0.2935,0.925,-0.1221,0.3588,-0.5344,0,0,0
-0.2996,0.3037,0.9473,-0.3053,0.6947,-0.8092,0,0,0
-0.3101,0.3059,0.9392,-0.5496,-0.1527,-0.3282,0,0,0
-0.2974,0.3,0.9226,-1.1221,-0.0992,-0.5802,0,0,0
-0.3008,0.302,0.939,-1.313,-0.2824,-0.5573,0,0,0
-0.3018,0.2959,0.9275,-0.6336,-0.4046,-0.3282,0,0,0
-0.302,0.2983,0.939,-1.084,-0.3053,-0.0382,0,0,0
-0.3025,0.2983,0.9324,-0.542,-0.2443,-0.0687,0,0,0
-0.2991,0.3066,0.9409,-0.8015,-0.3588,-0.5496,0,0,0
-0.2971,0.3035,0.9321,-0.771,0.145,-0.3969,0,0,0
-0.3042,0.3069,0.9292,-0.9847,-0.1145,-0.4122,0,0,0
-0.3088,0.3044,0.9294,-1.2672,-0.4656,-0.4351,0,0,0
-0.301,0.3003,0.9346,-1.0229,-0.5038,-0.2519,0,0,0
-0.3047,0.3066,0.9402,-1.1985,-0.8702,-0.313,0,0,0
-0.3008,0.2998,0.9299,-1.3893,-0.7252,-0.1603,0,0,0
-0.2986,0.3096,0.9285,-1.2672,-0.8779,-0.5496,0,0,0
-0.3015,0.3032,0.9341,-1.2901,-0.5115,-0.5725,0,0,0
-0.3047,0.3022,0.938,-1.3435,-0.5038,-0.6718,0,0,0
-0.3027,0.2986,0.9451,-1.3053,-0.6489,-0.9008,0,0,0
-0.3059,0.3069,0.936,-1.2366,-0.6183,-0.626,0,0,0
-0.3037,0.3052,0.9348,-1.9313,-0.6718,-0.5725,0,0,0
-0.3025,0.3054,0.9348,-1.7405,-0.458,-0.6031,0,0,0
-0.3037,0.3015,0.9277,-1.9237,-0.5725,-0.4733,0,0,0
-0.3044,0.2991,0.9351,-1.7557,-0.4885,-0.7328,0,0,0
-0.3052,0.302,0.9326,-1.5573,-0.4046,-0.3359,0,0,0
-0.3025,0.3071,0.9321,-1.7176,-0.3511,-0.4351,0,0,0
-0.3008,0.3108,0.938,-1.8473,-0.6794,-0.6794,0,0,0
-0.3005,0.3057,0.9346,-1.9924,-0.4504,-0.8168,0,0,0
-0.3052,0.3022,0.9285,-1.9237,-0.4656,-0.6565,0,0,0
-0.3035,0.2937,0.9333,-2.0229,-0.5038,-0.687,0,0,0
-0.304,0.2961,0.9343,-1.7099,-0.8015,-0.4809,0,0,0
-0.2976,0.2991,0.9338,-1.6412,-0.8855,-0.4733,0,0,0
-0.3008,0.3101,0.9348,-1.771,-0.4351,-0.2519,0,0,0
-0.302,0.3057,0.9341,-1.5954,-0.3817,-0.4885,0,0,0
-0.301,0.3018,0.9302,-1.6336,-0.4656,-0.5344,0,0,0
-0.3062,0.2942,0.9316,-1.374,-0.2901,-0.5496,0,0,0
-0.2996,0.3003,0.9373,-1.4198,-0.3893,-0.5115,0,0,0
-0.3037,0.3044,0.9333,-1.2672,-0.3359,-0.3206,0,0,0
-0.3025,0.301,0.9312,-1.4046,-0.5649,-0.2366,0,0,0
-0.3035,0.3057,0.9355,-1.4885,-0.542,-0.3511,0,0,0
-0.3047,0.2759,0.9453,-1.9237,-0.6718,-0.7634,0,0,0
-0.3022,0.2981,0.9348,-1.374,-0.7252,-0.7405,0,0,0
-0.2996,0.3086,0.9326,-1.3511,-0.8244,-0.6947,0,0,0
-0.3059,0.2971,0.9414,-1.1527,-0.4427,-0.2137,0,0,0
-0.3003,0.3086,0.9265,-1.5191,-0.7099,-0.5954,0,0,0
-0.3081,0.3062,0.938,-2.1069,-0.855,-0.8473,0,0,0
-0.3008,0.2998,0.9373,-2.0763,-0.7023,-0.6947,0,0,0
-0.3066,0.3096,0.9336,-2.1145,-0.4885,-0.2901,0,0,0
-0.2993,0.3052,0.9409,-2.2366,-0.5496,-0.8779,0,0,0
-0.3022,0.3059,0.9321,-2.4122,-0.8702,-0.7176,0,0,0
-0.3003,0.2988,0.9424,-2.9313,-0.7328,-0.7557,0,0,0
-0.302,0.3032,0.9263,-1.9771,-0.8092,-0.4504,0,0,0
-0.2998,0.3052,0.9392,-2.0992,-0.2137,-0.9771,0,0,0
-0.3035,0.2991,0.9377,-2.6336,-0.6489,-0.7099,0,0,0
-0.2969,0.2949,0.9287,-1.3435,-0.542,-0.5573,0,0,0
-0.3035,0.2996,0.9299,-1.7786,-0.4351,-0.374,0,0,0
-0.303,0.304,0.9316,-2.6031,-0.626,-0.855,0,0,0
-0.3,0.3013,0.9373,-1.9771,-0.4504,-0.1221,0,0,0
-0.3235,0.3496,0.9509,-2.7099,-0.5725,-1.1603,0,0,0
-0.3076,0.303,0.9246,-2.1603,-0.8244,-0.9084,0,0,0
-0.3025,0.3027,0.9392,-2.1221,-0.687,-0.4504,0,0,0
-0.3049,0.3037,0.9382,-2.3435,-0.855,-1.0763,0,0,0
-0.3025,0.3047,0.9299,-2.4809,-0.9618,-0.7023,0,0,0
-0.3149,0.3389,1.009,-6.1603,-1.0153,-2.6718,0,0,0
-0.2197,0.1775,0.9717,-4.0687,2.8168,1.5802,0,0,0
-0.2988,0.3328,0.887,2.6794,4.4122,1.4885,0,0,0
-0.3628,0.3472,0.8645,0.9008,-0.2595,-4.9847,0,0,0
-0.3389,0.2729,0.915,-5.5038,-2.9924,-0.8015,0,0,0
-0.2654,0.2449,0.9673,-1.626,-1.8092,0.8321,0,0,0
-0.2991,0.3154,0.9443,0.4351,0.4733,1.5344,0,0,0
-0.3296,0.3538,0.9182,-1.4733,-2.0153,-0.3511,0,0,0
-0.291,0.311,0.9175,-3.6947,-2.3435,-1.2595,0,0,0
-0.272,0.2739,0.9509,-2.9847,-0.1145,-1.0611,0,0,0
-0.2959,0.2844,0.9614,-0.3969,1.1679,-0.6794,0,0,0
-0.311,0.3042,0.9189,0.2519,0.4656,-0.6031,0,0,0
-0.311,0.3049,0.9172,-1.0382,-0.4351,-0.7481,0,0,0
-0.3101,0.3025,0.9316,-1.6489,-0.9084,-0.2214,0,0,0
-0.3008,0.3088,0.9395,-2.0382,-1.2061,-0.1527,0,0,0
-0.2954,0.3088,0.9424,-2.6794,-1.2748,-0.6947,0,0,0
-0.2961,0.2915,0.9465,-2.2137,-0.771,-0.6412,0,0,0
-0.2971,0.2949,0.9358,-1.2901,-0.4427,-0.5878,0,0,0
-0.303,0.3086,0.9436,-1.6794,0.5496,-0.9008,0,0,0
-0.3018,0.3064,0.946,-2.4122,-0.0382,-1.0458,0,0,0
-0.3069,0.3069,0.9341,-0.4809,0.2748,-0.7023,0,0,0
-0.3101,0.3047,0.9199,-1.7481,-0.5649,-0.9542,0,0,0
-0.3079,0.293,0.927,-2.3359,-0.771,-0.5344,0,0,0
-0.3003,0.2854,0.9451,-1.6336,-0.916,-0.1374,0,0,0
-0.3018,0.3052,0.9382,-1.0534,-0.2214,-0.0305,0,0,0
-0.2981,0.3159,0.9316,-1.1069,-0.1603,-0.4122,0,0,0
-0.2986,0.3079,0.9355,-1.5878,-0.2137,-0.5954,0,0,0
-0.3032,0.3062,0.9329,-1.4962,0.0611,-0.8244,0,0,0
-0.3032,0.3018,0.9299,-1.6565,-0.3969,-1.0611,0,0,0
-0.3057,0.2949,0.9336,-2.0382,-0.9237,-0.5191,0,0,0
-0.3037,0.2954,0.9336,-1.5191,-0.7863,-0.2366,0,0,0
-0.3015,0.3062,0.9316,-1.1985,-1.0534,-0.2672,0,0,0
-0.2983,0.3052,0.9377,-1.4351,-0.8015,-0.5115,0,0,0
-0.2944,0.3042,0.9377,-1.2519,-0.6489,-0.7099,0,0,0
-0.2981,0.3054,0.9404,-1.7023,-0.3206,-0.7939,0,0,0
-0.3062,0.3074,0.9329,-1.7481,-0.2214,-0.6412,0,0,0
-0.3047,0.3052,0.9302,-1.9618,-0.1679,-0.687,0,0,0
-0.3071,0.2957,0.9329,-1.8321,-0.7023,-0.7099,0,0,0
-0.303,0.2998,0.9321,-1.8168,-0.7634,-0.6107,0,0,0
-0.3035,0.2991,0.9312,-1.8779,-0.6336,-0.3435,0,0,0
-0.3018,0.3015,0.9373,-1.7939,-0.5802,-0.6947,0,0,0
-0.3013,0.302,0.9382,-1.855,-0.4122,-0.5496,0,0,0
-0.2993,0.3042,0.9351,-1.4962,-0.1985,-0.8092,0,0,0
-0.3071,0.3076,0.928,-1.5496,-0.4962,-0.8168,0,0,0
-0.304,0.3042,0.9302,-1.6947,-0.6565,-0.8855,0,0,0
-0.2979,0.3,0.9302,-2.3206,-0.7939,-0.5573,0,0,0
-0.3093,0.3057,0.9368,-1.9313,-0.5649,-0.4122,0,0,0
-0.3027,0.3018,0.9341,-1.9466,-0.7786,-0.4198,0,0,0
-0.303,0.3032,0.9409,-2.0153,-0.5725,-0.6336,0,0,0
-0.2993,0.3013,0.9417,-1.9847,-0.4885,-0.542,0,0,0
-0.3022,0.3027,0.927,-2.084,-0.5344,-0.8931,0,0,0
-0.3008,0.3022,0.9246,-1.7863,-0.5267,-0.7176,0,0,0
-0.3044,0.2961,0.9299,-1.9618,-0.3435,-0.7023,0,0,0
-0.3052,0.304,0.9312,-1.7099,-0.6641,-0.6718,0,0,0
-0.3059,0.3003,0.9341,-1.771,-0.5038,-0.6489,0,0,0
-0.3018,0.2981,0.9402,-1.8931,-0.8092,-0.5802,0,0,0
-0.302,0.3018,0.938,-1.6336,-0.6183,-0.6565,0,0,0
-0.3018,0.2998,0.9407,-1.4809,-0.4427,-0.4809,0,0,0
-0.3044,0.3032,0.9319,-1.6565,-0.4962,-0.5038,0,0,0
-0.3047,0.3003,0.9363,-1.3817,-0.4962,-0.4046,0,0,0
-0.3057,0.3088,0.9285,-1.9084,-0.3969,-0.5573,0,0,0
-0.3005,0.3035,0.9336,-2.084,-0.6489,-0.4198,0,0,0
-0.3027,0.2983,0.9365,-1.8626,-0.4809,-0.4504,0,0,0
-0.3032,0.2952,0.9333,-1.5267,-0.6718,-0.4122,0,0,0
-0.3059,0.301,0.938,-1.7786,-0.5038,-0.4198,0,0,0
-0.3049,0.3042,0.9338,-1.6412,-0.5115,-0.5725,0,0,0
-0.3025,0.3081,0.9351,-1.8321,-0.6794,-0.6031,0,0,0
-0.304,0.3008,0.9272,-1.7252,-0.4962,-0.5878,0,0,0
-0.3015,0.301,0.9297,-1.8092,-0.4733,-0.4733,0,0,0
-0.304,0.3037,0.9333,-1.9618,-0.6718,-0.5038,0,0,0
-0.3027,0.2974,0.9302,-1.9008,-0.6718,-0.5725,0,0,0
-0.304,0.2971,0.9316,-1.6031,-0.7252,-0.6107,0,0,0
-0.303,0.3025,0.9321,-1.5038,-0.4275,-0.4122,0,0,0
-0.3018,0.3032,0.9375,-1.4656,-0.3282,-0.5649,0,0,0
-0.3013,0.2993,0.9307,-1.3511,-0.7176,-0.3664,0,0,0
-0.3059,0.3047,0.9285,-1.6031,-0.6641,-0.4885,0,0,0
-0.2988,0.3025,0.9341,-1.5267,-0.3359,-0.5038,0,0,0
-0.3069,0.3037,0.9353,-1.5115,-0.4427,-0.3664,0,0,0
-0.2986,0.2981,0.9377,-1.3511,-0.4962,-0.6336,0,0,0
-0.301,0.3049,0.928,-0.8702,-0.626,-0.4427,0,0,0
-0.3027,0.2969,0.9351,-1.3359,-0.6107,-0.4504,0,0,0
-0.2981,0.3059,0.9319,-1.1679,-0.3893,-0.5115,0,0,0
-0.3005,0.3086,0.9348,-1.2519,-0.4962,-0.7176,0,0,0
-0.3049,0.2993,0.9353,-1.2214,-0.4046,-0.626,0,0,0
-0.3015,0.2988,0.9343,-1.3282,-0.5038,-0.4122,0,0,0
-0.302,0.3071,0.9314,-1.3969,-0.6489,-0.6718,0,0,0
-0.2976,0.3081,0.9402,-1.7023,-0.8702,-0.7863,0,0,0
-0.3015,0.3042,0.9397,-1.6336,-0.2061,-0.458,0,0,0
-0.3037,0.304,0.936,-1.3511,-0.6489,-0.3053,0,0,0
-0.303,0.3037,0.9277,-1.8702,-0.3053,-0.7405,0,0,0
-0.2988,0.3013,0.9446,-2.916,-0.1908,-0.7863,0,0,0
-0.302,0.3062,0.9387,-2.1908,-0.0076,-1.0305,0,0,0
-0.3032,0.3083,0.9236,-2.2061,-0.2137,-0.7176,0,0,0
-0.3069,0.2991,0.9377,-2.4427,-0.0611,-0.7023,0,0,0
-0.3025,0.292,0.9324,-1.6565,-0.3359,-0.6336,0,0,0
-0.3027,0.3079,0.9294,-1.8626,-0.374,-0.5267,0,0,0
-0.3091,0.2998,0.9353,-1.6565,-0.3359,-0.8931,0,0,0
-0.3032,0.3179,0.9365,-2.3511,-0.4046,-0.9084,0,0,0
-0.2961,0.2952,0.9116,-1.5649,-0.4275,-0.1374,0,0,0
-0.3125,0.3054,0.9353,-2.5496,-0.7481,-0.9847,0,0,0
-0.3076,0.2961,0.9358,-2.1069,-1.0534,-0.4885,0,0,0
-0.2844,0.2727,0.9595,-3.5344,-0.5267,-0.0153,0,0,0
-0.3059,0.3311,0.9287,-0.0229,0.0992,-0.7939,0,0,0
-0.3105,0.3059,0.9189,-1.4427,-0.4504,-0.4427,0,0,0
-0.2986,0.2993,0.9333,-2.4504,-0.916,-0.771,0,0,0
-0.2937,0.3027,0.9514,-1.4809,-0.4504,-0.4046,0,0,0
-0.3052,0.304,0.9275,-1.9313,-0.5496,-0.5038,0,0,0
-0.3037,0.3059,0.9282,-2.1832,-0.8855,-0.8321,0,0,0
-0.3035,0.2986,0.9392,-1.9237,-0.2748,-0.8321,0,0,0
-0.3054,0.3049,0.938,-1.458,-0.0763,-0.8321,0,0,0
-0.2986,0.3003,0.9253,-1.687,-0.1221,-0.6794,0,0,0
-0.3062,0.302,0.9351,-2.1679,-0.229,-0.6947,0,0,0
-0.3032,0.2991,0.9355,-2.1069,-0.1145,-0.6718,0,0,0
-0.3044,0.3101,0.9297,-2.1527,-0.1832,-0.1832,0,0,0
-0.301,0.3057,0.9299,-2.145,-0.6031,-0.8321,0,0,0
-0.3,0.2969,0.9409,-2.1756,-0.2977,-0.7023,0,0,0
-0.3042,0.3069,0.9329,-2.0611,-0.3664,-0.7099,0,0,0
-0.3005,0.3003,0.9316,-1.9313,-0.5115,-0.4198,0,0,0
-0.3081,0.3027,0.9399,-2.0229,-0.5649,-0.8092,0,0,0
-0.302,0.3005,0.9326,-1.5038,-0.7252,-0.3359,0,0,0
-0.3047,0.304,0.939,-1.7481,-0.4809,-0.6641,0,0,0
-0.3018,0.3018,0.9329,-2.229,-0.6107,-0.6718,0,0,0
-0.2969,0.3035,0.928,-1.9466,-0.374,-0.5191,0,0,0
-0.303,0.3044,0.9329,-1.9084,-0.3969,-0.7634,0,0,0
-0.3057,0.304,0.9241,-1.5115,-0.5038,-0.4962,0,0,0
-0.3035,0.2969,0.9307,-1.5344,-0.7252,-0.4046,0,0,0
-0.3054,0.2974,0.9314,-1.1756,-0.7863,-0.6031,0,0,0
-0.301,0.3086,0.9285,-1.374,-0.8168,-0.5802,0,0,0
-0.3005,0.3086,0.9312,-1.5267,-0.4733,-0.3817,0,0,0
-0.3027,0.3013,0.9333,-1.5649,-0.8015,-0.4962,0,0,0
-0.301,0.3037,0.9397,-1.8321,-0.8321,-0.4962,0,0,0
-0.2974,0.2969,0.9392,-1.5802,-0.6947,-0.4885,0,0,0
-0.3088,0.302,0.9326,-1.5267,-0.5878,-0.5573,0,0,0
-0.2998,0.3096,0.9351,-1.6641,-0.4656,-0.1985,0,0,0
-0.3049,0.3088,0.9302,-1.8931,-0.7328,-0.2977,0,0,0
-0.2996,0.2998,0.9336,-1.7328,-0.5649,-0.6565,0,0,0
-0.3066,0.3025,0.9351,-1.4427,-0.4885,-0.4351,0,0,0
-0.302,0.2996,0.9329,-1.6641,-0.6336,-1.0153,0,0,0
-0.2993,0.3042,0.9333,-1.9695,-0.4122,-0.5725,0,0,0
-0.3064,0.3086,0.9419,-1.9237,-0.6183,-0.6412,0,0,0
-0.3049,0.2971,0.9329,-2.1679,-0.6336,-0.542,0,0,0
-0.2986,0.2996,0.929,-1.7252,-0.0992,-0.7863,0,0,0
-0.3054,0.2983,0.9307,-1.6107,-0.145,-0.4427,0,0,0
-0.3054,0.3096,0.928,-1.7863,-0.4351,-0.7634,0,0,0
-0.303,0.2971,0.9233,-1.4427,-0.313,-0.5191,0,0,0
-0.3049,0.3008,0.9329,-1.6183,-1.0305,-0.5496,0,0,0
-0.3042,0.3018,0.9482,-1.4351,-0.7557,-0.3664,0,0,0
-0.3035,0.3,0.9353,-1.6107,-0.4198,-0.3511,0,0,0
-0.2983,0.3057,0.9351,-1.4046,-0.2901,-0.7939,0,0,0
-0.3013,0.301,0.9363,-1.2519,-0.3817,-0.458,0,0,0
-0.302,0.2988,0.9329,-1.2748,-0.4504,-0.4427,0,0,0
-0.3064,0.3137,0.927,-1.687,-0.6031,-0.8244,0,0,0
-0.3049,0.2988,0.9316,-2.4198,-0.7252,-0.7023,0,0,0
-0.2986,0.3035,0.9297,-1.9466,-0.8702,-0.7328,0,0,0
-0.3005,0.2969,0.9397,-1.6718,-0.7252,-0.374,0,0,0
-0.303,0.3027,0.9333,-1.7863,-0.626,-0.6947,0,0,0
-0.2988,0.2954,0.9292,-1.3359,-0.4122,-0.4656,0,0,0
-0.3044,0.3022,0.9329,-1.3893,-0.1221,-0.5115,0,0,0
-0.3054,0.3042,0.9214,-1.5878,-0.5878,-0.6183,0,0,0
-0.3037,0.3032,0.926,-1.4656,-0.7939,-0.4504,0,0,0
-0.3008,0.2983,0.9314,-1.4427,-0.8321,-0.2977,0,0,0
-0.3005,0.3018,0.9382,-1.6031,-0.8473,-0.4809,0,0,0
-0.302,0.3027,0.9336,-1.8015,-0.916,-0.6489,0,0,0
-0.3022,0.3013,0.9363,-1.7557,-0.7939,-0.5802,0,0,0
-0.3008,0.2974,0.9404,-1.4733,-0.3282,-0.5725,0,0,0
-0.3,0.3037,0.9417,-1.1527,-0.6183,-0.4809,0,0,0
-0.2993,0.3025,0.9338,-1.6107,-0.3893,-0.4427,0,0,0
-0.3022,0.3032,0.9382,-1.8702,-0.0763,-0.6641,0,0,0
-0.3008,0.3027,0.9365,-1.9924,-0.0763,-0.7176,0,0,0
-0.2976,0.2988,0.9414,-1.9466,0.2519,-0.5802,0,0,0
-0.3054,0.3035,0.9216,-0.6336,0.2519,-0.771,0,0,0
-0.314,0.3096,0.9233,-1.0076,-0.4962,-0.8397,0,0,0
-0.3035,0.303,0.9197,-2.229,-2.145,-0.6107,0,0,0
-0.3123,0.3184,0.95,-3.0458,-2.8168,-1.0305,0,0,0
-0.2957,0.3025,0.9377,-2.9847,-2.3664,-1.0153,0,0,0
-0.2813,0.291,0.9495,-2.7939,-1.3893,-0.5267,0,0,0
-0.2954,0.2866,0.9434,-1.2061,-0.3359,-0.2672,0,0,0
-0.3005,0.2927,0.9314,-0.0458,0.1908,-0.229,0,0,0
-0.3005,0.3145,0.9265,-0.229,0.2519,-0.4733,0,0,0
-0.3057,0.3188,0.928,-1.6183,-0.2443,-0.9847,0,0,0
-0.3059,0.304,0.9312,-1.9466,-0.5725,-0.3206,0,0,0
-0.303,0.303,0.9287,-2.3664,-0.7557,-0.626,0,0,0
-0.3083,0.303,0.9248,-2.6794,-1.5267,-0.7405,0,0,0
-0.2981,0.2954,0.9351,-2.2977,-1.3359,-0.5344,0,0,0
-0.291,0.301,0.9355,-1.6107,-0.7786,-0.4122,0,0,0
-0.2979,0.3032,0.9429,-1.5878,-0.313,-0.4809,0,0,0
-0.3025,0.3054,0.9409,-1.771,-0.1832,-0.6565,0,0,0
-0.2993,0.2981,0.9319,-1.6565,-0.0076,-0.7099,0,0,0
-0.3059,0.3015,0.9287,-1.626,0.0,-0.1221,0,0,0
-0.3054,0.3059,0.9329,-1.7405,-0.5725,-0.5115,0,0,0
-0.2979,0.3071,0.9319,-1.7328,-0.7634,-0.374,0,0,0
-0.3013,0.3,0.9348,-1.5191,-0.626,-0.3969,0,0,0
-0.2974,0.3054,0.9399,-1.8321,-0.5267,-0.7481,0,0,0
-0.301,0.3054,0.9326,-2.2519,-0.2977,-0.7634,0,0,0
-0.2979,0.2976,0.9309,-1.8321,-0.2519,-0.8321,0,0,0
-0.2979,0.2961,0.9319,-1.6565,-0.1603,-0.6412,0,0,0
-0.3049,0.3032,0.9358,-1.6794,-0.2977,-0.3969,0,0,0
-0.3049,0.2981,0.9333,-1.6947,-0.8092,-0.5038,0,0,0
-0.2998,0.3032,0.9309,-1.7405,-0.8244,-0.4275,0,0,0
-0.302,0.3074,0.9314,-1.4885,-0.7481,-0.5802,0,0,0
-0.3035,0.3103,0.9324,-1.5802,-0.1985,-0.542,0,0,0
-0.2979,0.3,0.9341,-1.855,-0.3817,-0.4733,0,0,0
-0.2986,0.2917,0.9375,-1.4427,-0.0763,-0.4122,0,0,0
-0.3035,0.2983,0.9377,-0.9924,-0.3817,-0.4504,0,0,0
-0.3066,0.3037,0.9287,-1.1603,-0.4275,-0.6107,0,0,0
-0.3005,0.3083,0.9285,-1.3588,-0.5878,-0.2672,0,0,0
-0.301,0.3074,0.9326,-1.6641,-0.4733,-0.5038,0,0,0
-0.3027,0.3042,0.9402,-1.9924,-0.626,-0.2443,0,0,0
-0.2993,0.3008,0.9365,-1.7176,-0.542,-0.3969,0,0,0
-0.2981,0.2915,0.9277,-1.2366,-0.6107,-0.5191,0,0,0
-0.3047,0.3074,0.9351,-1.4351,-0.2595,-0.6336,0,0,0
-0.3044,0.3062,0.9336,-1.5267,-0.2901,-0.4046,0,0,0
-0.301,0.3037,0.936,-1.4885,-0.4046,-0.2443,0,0,0
-0.303,0.3071,0.9363,-1.7481,-0.7252,-0.5802,0,0,0
-0.3037,0.3123,0.9331,-1.7328,-0.7939,-0.6336,0,0,0
-0.2998,0.3054,0.9373,-1.9771,-0.3435,-0.5725,0,0,0
-0.2988,0.3025,0.937,-1.5191,-0.542,-0.5954,0,0,0
-0.3005,0.3032,0.9338,-1.6183,-0.5267,-0.4046,0,0,0
-0.3027,0.3025,0.9338,-1.1832,-0.2672,-0.5496,0,0,0
-0.2996,0.3071,0.9324,-1.3511,-0.4504,-0.6489,0,0,0
-0.3,0.3066,0.9316,-1.626,-0.2901,-0.2977,0,0,0
-0.3013,0.3052,0.9336,-1.626,-0.4504,-0.5115,0,0,0
-0.2983,0.3,0.9324,-1.7481,-0.6565,-0.5649,0,0,0
-0.2993,0.302,0.928,-1.5878,-0.7252,-0.5649,0,0,0
-0.3005,0.2993,0.9343,-1.8015,-0.5038,-0.5802,0,0,0
-0.2998,0.3003,0.9355,-1.4809,-0.4733,-0.5344,0,0,0
-0.3047,0.3069,0.9336,-1.1527,-0.4427,-0.2519,0,0,0
-0.304,0.3054,0.9375,-1.3664,-0.6031,-0.6107,0,0,0
-0.3015,0.3054,0.938,-1.3282,-0.8397,-0.6947,0,0,0
-0.2964,0.3022,0.9353,-1.7481,-0.7176,-0.3588,0,0,0
-0.3005,0.2959,0.9392,-1.0916,-0.6641,-0.2824,0,0,0
-0.3022,0.3069,0.9238,-1.2366,-0.4962,-0.3893,0,0,0
-0.3032,0.3101,0.928,-1.0458,-0.4275,-0.458,0,0,0
-0.2991,0.311,0.938,-1.3206,-0.2672,-0.4198,0,0,0
-0.2986,0.3074,0.9392,-1.8473,-0.3435,-0.4351,0,0,0
-0.2988,0.3076,0.9314,-1.916,-0.5878,-0.4122,0,0,0
-0.3015,0.3091,0.9341,-1.916,-0.2901,-0.7023,0,0,0
-0.3059,0.3035,0.9302,-1.8397,-0.687,-0.8168,0,0,0
-0.2988,0.2949,0.9272,-1.3053,-0.6412,-0.6718,0,0,0
-0.2986,0.3052,0.9343,-1.5496,-0.2977,-0.7557,0,0,0
-0.3008,0.3071,0.9368,-1.8702,-0.2443,-0.7481,0,0,0
-0.2988,0.3083,0.9399,-1.771,0.0,-0.4885,0,0,0
-0.3015,0.3076,0.9326,-1.9695,-0.1527,-0.4427,0,0,0
-0.3037,0.3044,0.9351,-1.9847,-0.3664,-0.7405,0,0,0
-0.3005,0.3025,0.9316,-2.1298,-0.4885,-0.6794,0,0,0
-0.2996,0.3074,0.9324,-2.3435,-0.5954,-0.8855,0,0,0
-0.3008,0.3042,0.9387,-1.8321,-0.7863,-0.6412,0,0,0
-0.2988,0.3025,0.9338,-2.0687,-0.4427,-0.7176,0,0,0
-0.3015,0.3025,0.9365,-1.5725,-0.3817,-0.5115,0,0,0
-0.2952,0.3052,0.9307,-1.9847,-0.4733,-0.9084,0,0,0
-0.3015,0.3074,0.929,-2.0153,-0.2137,-0.8321,0,0,0
-0.302,0.3049,0.9321,-2.1069,-0.3359,-0.6794,0,0,0
-0.3003,0.3032,0.9277,-2.1756,-0.5573,-0.4962,0,0,0
-0.3015,0.302,0.9294,-1.8855,-0.4046,-0.7786,0,0,0
-0.2993,0.3003,0.9314,-1.7557,-0.4275,-0.687,0,0,0
-0.3008,0.303,0.9397,-1.5878,-0.5191,-0.6336,0,0,0
-0.2976,0.3062,0.9326,-1.5725,0.1374,-0.6947,0,0,0
-0.3013,0.3066,0.9338,-1.9389,-0.084,-0.7023,0,0,0
-0.3035,0.3054,0.9314,-2.0534,-0.4962,-0.9313,0,0,0
-0.3008,0.3027,0.9338,-2.1221,-0.4046,-0.5954,0,0,0
-0.2996,0.3027,0.9355,-2.1069,-0.3588,-0.8015,0,0,0
-0.3015,0.3059,0.9402,-1.8931,-0.2901,-0.7786,0,0,0
-0.2979,0.304,0.936,-1.7557,-0.2519,-0.6336,0,0,0
-0.3022,0.3071,0.9282,-1.6718,-0.229,-0.8931,0,0,0
-0.2983,0.304,0.9333,-1.8702,-0.4656,-0.771,0,0,0
-0.3003,0.3022,0.9338,-2.0458,-0.3053,-0.7328,0,0,0
-0.3025,0.3003,0.929,-1.9847,-0.5954,-0.8321,0,0,0
-0.3047,0.3037,0.9338,-1.9008,-0.2977,-0.6565,0,0,0
-0.3005,0.3079,0.9373,-2.0305,-0.2901,-0.5725,0,0,0
-0.3022,0.3049,0.9365,-2.4656,-0.4427,-0.6718,0,0,0
-0.2971,0.2993,0.9333,-2.0305,-0.5802,-0.8092,0,0,0
-0.3054,0.2957,0.928,-1.5802,-0.4427,-0.5267,0,0,0
-0.302,0.301,0.9329,-1.6031,-0.5344,-0.4733,0,0,0
-0.2986,0.3066,0.9312,-1.2443,-0.3206,-0.6107,0,0,0
-0.3008,0.3052,0.9294,-1.5573,-0.626,-0.6107,0,0,0
-0.3015,0.301,0.9331,-1.8015,-0.5649,-0.6565,0,0,0
-0.3047,0.3035,0.936,-1.7634,-0.458,-0.7863,0,0,0
-0.3015,0.303,0.9324,-1.9847,-0.5344,-0.4656,0,0,0
-0.2991,0.2971,0.9409,-1.5649,-0.5496,-0.4962,0,0,0
-0.3015,0.3044,0.9319,-1.5802,-0.5573,-0.4046,0,0,0
-0.2971,0.3037,0.9314,-1.7099,-0.4351,-0.6183,0,0,0
-0.3032,0.3054,0.9365,-1.5954,-0.374,-0.542,0,0,0
-0.2864,0.2996,0.927,0.0687,-0.5725,-1.0992,0,0,0
-0.3127,0.301,0.9478,-0.0534,-0.2748,-0.2214,0,0,0
-0.2917,0.2896,0.917,0.7863,0.2595,-0.4351,0,0,0
-0.2991,0.3054,0.947,0.9847,0.2672,-1.374,0,0,0
-0.3047,0.3108,0.9417,0.2443,0.0992,-0.7176,0,0,0
-0.2944,0.3042,0.9229,0.4656,-0.4962,-1.5038,0,0,0
-0.3049,0.3184,0.9326,-0.3969,0.0611,-0.6794,0,0,0
-0.3083,0.3135,0.9326,-0.7023,-0.8397,-0.9847,0,0,0
-0.2966,0.3127,0.9375,-1.6565,-0.9695,-0.4275,0,0,0
-0.3047,0.3123,0.9336,-1.4733,-0.5038,-0.458,0,0,0
-0.2947,0.3062,0.9314,-1.0611,0.2977,-0.4198,0,0,0
-0.304,0.3049,0.9419,-1.4046,0.2901,-0.2366,0,0,0
-0.3066,0.301,0.9331,-0.4504,0.542,-0.6641,0,0,0
-0.3118,0.3018,0.9236,0.3664,0.3282,-1.6641,0,0,0
-0.2932,0.3086,0.9312,0.3435,0.7176,-0.7405,0,0,0
-0.3149,0.3203,0.9407,0.0382,-0.0458,-0.3282,0,0,0
-0.3167,0.3159,0.9233,-0.6718,-0.4885,-0.5649,0,0,0
-0.2883,0.3162,0.9246,-2.1145,-0.1298,-0.2519,0,0,0
-0.3047,0.3145,0.9456,-2.5191,-0.2137,-0.8779,0,0,0
-0.3174,0.321,0.9292,-3.9695,-1.2137,-0.687,0,0,0
-0.2808,0.2896,0.9229,-3.3817,-0.7405,-0.1069,0,0,0
-0.3066,0.2993,0.9546,-1.4733,0.3588,-0.626,0,0,0
-0.3105,0.3079,0.9219,-0.8855,-0.229,-0.4962,0,0,0
-0.3013,0.3113,0.9248,-2.2214,-1.3969,-0.5115,0,0,0
-0.3044,0.3186,0.9368,-2.9466,-0.8473,-0.6336,0,0,0
-0.3044,0.3103,0.9297,-3.1756,-1.2214,-0.9008,0,0,0
-0.3037,0.3086,0.9292,-3.771,-1.1374,-0.7939,0,0,0
-0.2944,0.2817,0.9353,-2.916,-0.9771,-0.6947,0,0,0
-0.2957,0.2849,0.9426,-1.8702,-0.3969,-0.8397,0,0,0
-0.301,0.304,0.9336,-1.0916,-0.0076,-0.4122,0,0,0
-0.3047,0.3162,0.9324,-1.5725,-0.3206,-0.5115,0,0,0
-0.3027,0.3164,0.9331,-1.8931,-0.7328,-0.5496,0,0,0
-0.2991,0.3042,0.9309,-2.0,-0.4046,-0.6641,0,0,0
-0.2925,0.2979,0.9404,-2.0458,-0.4656,-0.7939,0,0,0
-0.3096,0.3123,0.9167,-2.6565,-0.626,-0.8168,0,0,0
-0.2983,0.2766,0.9387,-1.2366,-1.2824,-0.1145,0,0,0
-0.2991,0.3071,0.9507,-0.5725,0.0305,-0.1374,0,0,0
-0.3086,0.3296,0.9119,-2.1374,-0.084,-0.771,0,0,0
-0.3081,0.3032,0.9421,-2.3206,-1.2061,-0.5573,0,0,0
-0.2947,0.304,0.9343,-2.1756,-0.3817,-0.542,0,0,0
-0.2981,0.2971,0.9321,-1.7634,-0.1679,-0.6412,0,0,0
-0.3052,0.3047,0.9448,-1.3282,-0.1069,-0.542,0,0,0
-0.3008,0.3083,0.926,-1.4809,-0.1145,-0.8015,0,0,0
-0.3003,0.3118,0.9197,-1.6718,-0.2672,-0.5344,0,0,0
-0.3076,0.3149,0.9299,-2.145,-0.6183,-0.8244,0,0,0
-0.3066,0.3066,0.9287,-2.2366,-0.9847,-0.5344,0,0,0
-0.3047,0.3074,0.9319,-2.5649,-1.2366,-0.4198,0,0,0
-0.3062,0.3042,0.9336,-3.0,-1.1221,-0.6107,0,0,0
-0.2942,0.3325,0.905,-4.626,-0.1527,1.5115,0,0,0
-0.2969,0.3259,0.9346,-6.1832,-1.2901,-0.0305,0,0,0
-0.3142,0.2898,0.9424,-5.6794,-1.6183,-0.7023,0,0,0
-0.3027,0.2688,0.9409,-2.7328,-1.4809,-0.6183,0,0,0
-0.2888,0.2766,0.9246,-1.916,-0.2977,-0.8244,0,0,0
-0.2661,0.3489,0.9719,0.145,0.5496,-0.2366,0,0,0
-0.2991,0.2671,1.0066,2.8779,-0.7252,-0.3588,0,0,0
-0.2773,0.3132,0.9517,4.6718,2.8092,-0.8015,0,0,0
-0.3047,0.3809,0.8711,0.3817,1.1832,-1.542,0,0,0
-0.3335,0.3369,0.9011,-5.6947,-0.7939,-1.8473,0,0,0
-0.3149,0.2661,0.9531,-3.8779,-2.313,-0.7099,0,0,0
-0.2737,0.2834,0.9258,-1.9542,-0.1756,-0.2366,0,0,0
-0.2927,0.2988,0.9395,-1.1145,0.0916,-0.1908,0,0,0
-0.3223,0.324,0.9412,-1.3893,-1.4809,-0.4809,0,0,0
-0.2888,0.3044,0.9346,-1.6412,-0.8092,-0.9618,0,0,0
-0.2937,0.3142,0.9304,-2.1221,0.0687,-0.7481,0,0,0
-0.3103,0.3083,0.9316,-2.2824,-0.3359,-0.9313,0,0,0
-0.3027,0.2979,0.9292,-2.458,-0.6107,-0.3817,0,0,0
-0.2971,0.2971,0.9314,-1.9466,-0.7023,-0.6947,0,0,0
-0.3083,0.2981,0.9385,-1.5115,-0.8779,-0.3893,0,0,0
-0.2954,0.3074,0.9404,-1.4885,-0.4656,-0.4962,0,0,0
-0.2263,0.2825,0.9016,0.5191,3.6031,-0.1756,0,0,0
-0.2974,0.2925,0.9451,2.0229,4.0076,-1.5267,0,0,0
-0.2908,0.3081,0.9504,3.0076,3.9313,-3.0534,0,0,0
-0.2417,0.3142,0.908,4.4427,4.3511,-3.0534,0,0,0
-0.2847,0.2761,0.9033,6.0992,6.8092,-8.145,0,0,0
-0.3284,0.3059,0.9558,5.3435,3.0,-1.8168,0,0,0
-0.324,0.3481,0.9314,3.6412,2.9008,-2.6641,0,0,0
-0.3176,0.2971,0.8682,4.7328,-2.3588,-4.4733,0,0,0
-0.3403,0.312,0.8538,6.6641,-11.0687,-7.3282,0,0,0
-0.3435,0.3528,0.937,5.626,-15.6718,-7.0458,0,0,0
-0.2832,0.3391,0.9236,4.5496,-16.2519,-7.1527,0,0,0
-0.269,0.2878,0.9463,-0.3206,-6.8321,-2.313,0,0,0
-0.3188,0.2854,0.9375,-0.5954,-1.8092,0.6412,0,0,0
-0.2881,0.3198,0.9617,1.5954,-0.7023,-1.458,0,0,0
-0.3225,0.3464,0.8704,-1.7176,-1.0,-1.0229,0,0,0
-0.3213,0.3533,0.9456,-2.313,-1.1908,-1.6183,0,0,0
-0.3069,0.2927,0.8999,-4.2519,-0.0458,-0.9466,0,0,0
-0.3318,0.3345,0.8323,-8.7634,-0.6183,3.1298,0,0,0
-0.3562,0.3816,0.967,-13.4351,-8.5267,-2.2672,0,0,0
-0.2942,0.251,0.9097,-12.0305,-7.771,0.4656,0,0,0
-0.2786,0.2588,0.9385,-9.0763,-7.7099,2.0992,0,0,0
-0.26,0.2559,0.9817,-3.0534,-5.6412,1.2824,0,0,0
-0.2813,0.2888,0.9502,-0.7481,-3.3282,2.2366,0,0,0
-0.2754,0.3298,0.9507,-0.3435,-1.5267,0.4122,0,0,0
-0.2839,0.3345,0.9417,-1.771,0.1221,-0.2137,0,0,0
-0.3069,0.3335,0.9275,-3.4198,-0.6718,-0.7939,0,0,0
-0.3115,0.3079,0.9153,-3.5191,-2.5802,0.687,0,0,0
-0.3284,0.2942,0.9082,-4.3664,-4.1756,1.5267,0,0,0
-0.311,0.2969,0.9197,-2.7939,-5.7863,2.8015,0,0,0
-0.3022,0.3088,0.9324,-3.542,-6.7328,3.5496,0,0,0
-0.2971,0.3203,0.9355,-4.0229,-8.0076,3.0611,0,0,0
-0.2771,0.314,0.9563,-3.5649,-7.2519,2.9237,0,0,0
-0.2676,0.3088,0.9536,-3.2366,-5.9389,2.6641,0,0,0
-0.2583,0.3145,0.9507,-2.6794,-4.0611,1.3817,0,0,0
-0.2695,0.313,0.9622,-2.542,-1.1679,0.0611,0,0,0
-0.2805,0.3059,0.9414,-1.3969,-1.1985,-0.3053,0,0,0
-0.2844,0.2966,0.9377,-0.9542,-2.3817,0.7634,0,0,0
-0.282,0.3196,0.9443,-2.5267,-0.2214,-0.3435,0,0,0
-0.2927,0.3132,0.9092,-2.9542,-0.5649,-1.1756,0,0,0
-0.3005,0.3083,0.9358,-3.3053,-1.9084,0.0382,0,0,0
-0.283,0.3037,0.9512,-2.3893,-2.3282,0.5344,0,0,0
-0.2722,0.3069,0.9392,-2.0687,-1.5878,0.9924,0,0,0
-0.28,0.3091,0.9375,-2.7939,-1.6641,0.1603,0,0,0
-0.2759,0.3152,0.9424,-3.2366,-0.8244,-0.5496,0,0,0
-0.2615,0.3022,0.9453,-2.2061,-1.1374,-0.5038,0,0,0
-0.2859,0.2988,0.95,-1.6183,-1.3053,0.1298,0,0,0
-0.2878,0.314,0.9333,-2.626,-0.8473,-0.6412,0,0,0
-0.2834,0.3091,0.9238,-3.0305,-1.0382,-0.4427,0,0,0
-0.2849,0.3044,0.9363,-3.1527,-1.4046,-0.0534,0,0,0
-0.2852,0.3,0.9395,-2.9542,-1.1756,-0.4809,0,0,0
-0.2766,0.3181,0.9414,-1.5191,-0.7099,-1.4733,0,0,0
-0.2842,0.3086,0.9304,-2.7405,-1.0,-0.5267,0,0,0
-0.2786,0.3096,0.9438,-2.4504,-1.7176,-0.3282,0,0,0
-0.2764,0.3027,0.9431,-2.6183,-2.374,0.4427,0,0,0
-0.2766,0.2971,0.937,-2.626,-0.5496,-0.4885,0,0,0
-0.2754,0.311,0.9431,-3.1221,-0.771,-0.4275,0,0,0
-0.2847,0.3015,0.9343,-2.9771,-0.7634,-0.4733,0,0,0
-0.2817,0.2993,0.9436,-2.7939,-0.7786,-0.3969,0,0,0
-0.2832,0.3049,0.9385,-2.3206,-0.7557,-0.4046,0,0,0
-0.2817,0.3049,0.9399,-2.1832,-0.7252,-0.1832,0,0,0
-0.2859,0.3074,0.9412,-2.4427,-1.0534,-0.5878,0,0,0
-0.2776,0.3093,0.9377,-2.8015,-1.0458,-0.6107,0,0,0
-0.2786,0.3057,0.9387,-2.7099,-0.8473,-0.771,0,0,0
-0.2803,0.3025,0.9329,-2.8779,-0.5878,-0.7634,0,0,0
-0.2881,0.3005,0.9414,-2.2595,-0.6565,-1.0305,0,0,0
-0.2788,0.3008,0.9351,-2.3588,-0.5344,-0.7481,0,0,0
-0.2808,0.3037,0.9419,-2.0992,-0.4351,-0.8015,0,0,0
-0.2813,0.3057,0.9385,-2.1298,-0.3206,-0.5496,0,0,0
-0.2854,0.303,0.9397,-1.7939,-0.9542,-0.5725,0,0,0
-0.2827,0.3074,0.9434,-2.1908,-0.3053,-0.8244,0,0,0
-0.2815,0.3052,0.9409,-2.2595,-0.6107,-0.7405,0,0,0
-0.2839,0.2922,0.939,-1.5878,-0.5496,-0.8855,0,0,0
-0.2727,0.301,0.9539,-0.3893,-0.6031,-1.0229,0,0,0
-0.2861,0.3845,0.9026,-2.9466,-0.626,-2.2824,0,0,0
-0.2783,0.3186,0.9604,0.7405,-0.3969,0.3969,0,0,0
-0.2817,0.291,0.9275,-0.1603,0.0763,-1.0382,0,0,0
-0.2878,0.3242,0.927,-1.145,0.1145,-0.6107,0,0,0
-0.2905,0.3105,0.9412,-2.4427,-0.4809,-0.5191,0,0,0
-0.2827,0.3018,0.9421,-2.1145,-0.9237,-0.6031,0,0,0
-0.28,0.3015,0.939,-1.5344,-0.3817,-0.7099,0,0,0
-0.2866,0.2966,0.9368,-1.3206,-0.6641,-0.5496,0,0,0
-0.2808,0.3049,0.9363,-1.313,-0.3511,-0.6031,0,0,0
-0.2766,0.3018,0.9387,-0.7405,-0.2137,-0.313,0,0,0
-0.2834,0.3079,0.9409,-1.0,-0.0458,-0.3969,0,0,0
-0.2876,0.3157,0.9409,-1.5954,-0.0763,-0.7252,0,0,0
-0.2793,0.302,0.9407,-1.8015,-0.6107,-0.6412,0,0,0
-0.2849,0.2959,0.9402,-1.687,-0.2519,-0.5573,0,0,0
-0.2837,0.3015,0.9358,-1.4733,-0.5954,-0.5191,0,0,0
-0.2793,0.3083,0.9404,-1.4351,-0.2595,-0.3435,0,0,0
-0.2805,0.303,0.9355,-1.7023,-0.1679,-0.5038,0,0,0
-0.2847,0.3096,0.9468,-1.1221,-0.6412,-0.626,0,0,0
-0.2832,0.3098,0.9343,-1.626,-0.3053,-0.855,0,0,0
-0.2832,0.3101,0.9338,-2.374,-0.145,-0.9389,0,0,0
-0.281,0.3008,0.9414,-2.5725,-0.1985,-0.8702,0,0,0
-0.2783,0.292,0.9414,-2.1985,-0.229,-0.5115,0,0,0
-0.2791,0.3005,0.9382,-1.6947,-0.084,-0.5725,0,0,0
-0.2927,0.3154,0.9392,-1.7023,-0.1603,-0.6718,0,0,0
-0.2761,0.3093,0.9431,-1.8931,-0.374,-0.9237,0,0,0
-0.2837,0.3105,0.939,-2.3206,-0.2061,-1.084,0,0,0
-0.2864,0.3059,0.9412,-2.374,-0.1985,-1.0229,0,0,0
-0.2817,0.2976,0.9382,-2.1908,-0.229,-0.9618,0,0,0
-0.2854,0.3,0.9412,-1.4962,0.145,-1.0687,0,0,0
-0.2866,0.3018,0.9385,-1.6489,0.0992,-0.8473,0,0,0
-0.2859,0.3066,0.9348,-1.8855,-0.0305,-0.5573,0,0,0
-0.2952,0.3196,0.9236,-1.9695,-0.2519,-1.3969,0,0,0
-0.2859,0.3083,0.9407,-2.4046,-0.5191,-1.3053,0,0,0
-0.2664,0.3235,0.9502,-1.8626,-0.4198,-1.4122,0,0,0
-0.2834,0.304,0.9441,-1.542,-0.2748,-1.8397,0,0,0
-0.2876,0.2944,0.9331,-1.5954,-0.0763,-0.8321,0,0,0
-0.2935,0.3105,0.9392,-0.2824,-0.7863,-2.2137,0,0,0
-0.2671,0.2949,0.9324,-1.1221,0.2214,-1.4962,0,0,0
-0.2939,0.3064,0.9404,-1.1679,0.084,-0.2214,0,0,0
-0.2947,0.3049,0.9395,-1.8397,-0.3435,-0.7557,0,0,0
-0.2886,0.2964,0.9297,-1.7176,-0.7328,-0.1832,0,0,0
-0.2786,0.3064,0.947,-1.2748,-0.8626,-0.0611,0,0,0
-0.2861,0.3118,0.9417,-1.1908,-0.4962,-0.2901,0,0,0
-0.2839,0.3147,0.9382,-1.8626,-0.4427,-0.626,0,0,0
-0.2803,0.3115,0.9404,-2.0305,-0.1069,-0.9313,0,0,0
-0.2839,0.3013,0.947,-1.8931,0.313,-0.9618,0,0,0
-0.2903,0.3003,0.9414,-1.4427,-0.0076,-0.6489,0,0,0
-0.2861,0.3066,0.9382,-1.5725,-0.2519,-0.5038,0,0,0
-0.2871,0.303,0.938,-1.0534,-0.1374,-0.4962,0,0,0
-0.2813,0.3108,0.937,-1.5649,-0.229,-0.7176,0,0,0
-0.2886,0.3079,0.9346,-1.6489,-0.2901,-0.4427,0,0,0
-0.2817,0.3035,0.9414,-1.7023,-0.4351,-0.7786,0,0,0
-0.2842,0.3049,0.9468,-1.229,-0.0611,-0.626,0,0,0
-0.2893,0.3013,0.9375,-1.0153,0.1908,-0.3588,0,0,0
-0.2903,0.311,0.9326,-1.3435,-0.1603,-0.5954,0,0,0
-0.2839,0.3079,0.9404,-1.2901,-0.1221,-0.8244,0,0,0
-0.2847,0.3091,0.9365,-1.145,-0.2595,-0.4809,0,0,0
-0.2834,0.3052,0.9373,-1.2061,-0.3511,-0.5954,0,0,0
-0.2813,0.3079,0.9409,-1.0992,-0.1832,-0.2519,0,0,0
-0.2893,0.3042,0.9402,-0.6412,-0.1298,-0.2366,0,0,0
-0.2847,0.3054,0.9368,-1.1298,-0.3588,-0.5725,0,0,0
-0.2888,0.3091,0.9319,-0.9618,-0.542,-0.458,0,0,0
-0.2822,0.3081,0.9404,-1.5649,-0.542,-0.2901,0,0,0
-0.2861,0.3042,0.9463,-1.2977,-0.5802,-0.1603,0,0,0
-0.2832,0.3027,0.9436,-0.9084,-0.3511,-0.2366,0,0,0
-0.2888,0.3047,0.9463,-0.7328,-0.3206,-0.5038,0,0,0
-0.2861,0.3118,0.939,-1.0229,-0.374,-0.4198,0,0,0
-0.2886,0.3103,0.937,-1.0076,-0.1527,-0.2137,0,0,0
-0.2888,0.3059,0.9395,-1.2595,-0.2061,-0.2748,0,0,0
-0.2927,0.3015,0.9377,-0.4122,-0.7786,-0.2214,0,0,0
-0.2849,0.3054,0.9377,-0.4885,-0.2672,-0.1603,0,0,0
-0.2871,0.3108,0.937,-0.5725,-0.2672,-0.2595,0,0,0
-0.2861,0.3079,0.9438,-0.5954,-0.0611,-0.4733,0,0,0
-0.2856,0.3198,0.9387,-1.0153,-0.1221,-0.3969,0,0,0
-0.2805,0.302,0.9336,-0.916,0.0916,-0.4809,0,0,0
-0.2842,0.3059,0.9387,-0.5878,-0.3053,-0.1298,0,0,0
-0.2893,0.3071,0.9351,-0.5038,-0.2519,-0.3511,0,0,0
-0.2874,0.3142,0.927,-0.5191,-0.5191,-0.4351,0,0,0
-0.2864,0.3179,0.9324,-1.3664,-0.2443,-0.145,0,0,0
-0.2878,0.3098,0.9365,-1.687,-0.4351,-0.5725,0,0,0
-0.2864,0.3103,0.9307,-1.4427,-0.374,-0.5344,0,0,0
-0.2881,0.313,0.9448,-1.6641,-0.3893,-0.3969,0,0,0
-0.2878,0.3096,0.9363,-1.9313,-0.2748,-0.7863,0,0,0
-0.2825,0.3108,0.9333,-1.9008,-0.8779,-0.6794,0,0,0
-0.2866,0.3003,0.9353,-1.6183,-0.6107,-0.3969,0,0,0
-0.2854,0.2986,0.9563,-2.1069,-0.4122,-0.1985,0,0,0
-0.2839,0.312,0.9341,-1.1221,-0.4885,-0.6718,0,0,0
-0.2854,0.3164,0.9294,-1.4046,-0.687,-0.8015,0,0,0
-0.29,0.3171,0.9363,-2.3053,-0.8321,-0.7176,0,0,0
-0.2849,0.3042,0.9404,-1.9466,-0.6336,-0.2748,0,0,0
-0.2864,0.3015,0.9353,-1.2901,-0.3206,-0.2214,0,0,0
-0.2903,0.3057,0.9292,-0.9771,-0.5649,-0.1069,0,0,0
-0.2913,0.3091,0.9287,-1.0534,-1.0305,-0.0916,0,0,0
-0.2839,0.3076,0.9438,-1.1985,-0.9008,-0.0382,0,0,0
-0.2842,0.3071,0.9402,-1.0687,-0.7481,0.0382,0,0,0
-0.2844,0.3096,0.9387,-1.1145,-0.5878,-0.5038,0,0,0
-0.2839,0.3079,0.9368,-1.1679,-0.6947,-0.229,0,0,0
-0.2358,0.2397,0.9402,-1.3206,-3.4275,3.3359,0,0,0
-0.2822,0.3118,0.9358,-0.9542,-1.3053,-0.229,0,0,0
-0.2878,0.3103,0.9368,-1.2214,-0.9008,0.1603,0,0,0
-0.2834,0.3064,0.9426,-0.7252,-0.7099,-0.1069,0,0,0
-0.2878,0.3132,0.9343,-0.5954,-1.0916,0.1756,0,0,0
-0.283,0.3057,0.9343,-0.5038,-1.1908,0.2443,0,0,0
-0.2861,0.3123,0.9392,-0.687,-0.5954,-0.0229,0,0,0
-0.2825,0.3167,0.9419,-0.5954,-0.5878,0.0076,0,0,0
-0.2839,0.3162,0.9368,-0.9618,-0.3359,-0.2748,0,0,0
-0.2832,0.3193,0.937,-1.2748,-0.5115,-0.5038,0,0,0
-0.2866,0.3145,0.938,-1.6336,-0.313,-0.5496,0,0,0
-0.2852,0.3115,0.9341,-2.0305,-0.9389,-0.6412,0,0,0
-0.2856,0.312,0.9277,-2.0458,-0.5573,-0.5115,0,0,0
-0.2869,0.3125,0.9399,-2.1069,-0.5344,-0.626,0,0,0
-0.283,0.3132,0.9351,-2.0,-0.2672,-0.916,0,0,0
-0.2776,0.3127,0.9319,-2.374,-0.4809,-0.5802,0,0,0
-0.282,0.3076,0.9399,-2.0229,-0.1908,-0.5038,0,0,0
-0.2852,0.3083,0.9336,-1.8702,-0.0382,-0.7405,0,0,0
-0.283,0.311,0.9377,-1.7557,-0.0992,-0.9847,0,0,0
-0.2886,0.3091,0.9348,-1.8168,-0.3511,-0.8015,0,0,0
-0.2827,0.3137,0.9333,-1.542,-0.4809,-0.855,0,0,0
-0.2871,0.3071,0.9385,-1.2366,-0.3511,-0.6031,0,0,0
-0.2861,0.3101,0.9451,-1.5573,-0.313,-0.4962,0,0,0
-0.2847,0.3157,0.939,-1.7176,-0.2519,-0.6489,0,0,0
-0.2859,0.3169,0.9333,-2.1832,-0.2443,-0.9237,0,0,0
-0.29,0.3125,0.9395,-2.2366,-0.5496,-0.9618,0,0,0
-0.2852,0.3054,0.939,-2.0382,-0.458,-0.4809,0,0,0
-0.2852,0.3105,0.9412,-1.8168,-0.5725,-0.6794,0,0,0
-0.2871,0.312,0.9368,-1.7863,-0.4351,-0.5496,0,0,0
-0.2834,0.3118,0.9387,-1.7481,-0.458,-0.626,0,0,0
-0.2817,0.3235,0.9331,-2.7023,-0.1221,-0.4504,0,0,0
-0.2854,0.3118,0.9302,-2.9237,0.0305,-0.8397,0,0,0
-0.2832,0.313,0.9387,-2.7557,0.1145,-0.9466,0,0,0
-0.2886,0.3032,0.9358,-2.1679,-0.4122,-1.3511,0,0,0
-0.283,0.3142,0.9275,-2.9084,-0.0916,-0.8473,0,0,0
-0.2964,0.3132,0.9329,-3.4962,-0.4275,-0.9084,0,0,0
-0.2991,0.3105,0.9387,-3.2824,-1.0076,-1.2214,0,0,0
-0.2783,0.3225,0.9387,-3.5954,-0.6107,-1.6794,0,0,0
-0.2883,0.2974,0.9412,-3.8168,-1.2366,-1.6565,0,0,0
-0.2888,0.3096,0.9331,-3.9389,-0.626,-1.6412,0,0,0
-0.2837,0.2976,0.9307,-3.1908,-0.4046,-1.5038,0,0,0
-0.2896,0.304,0.9373,-2.6031,-0.5649,-1.2977,0,0,0
-0.2883,0.3167,0.9463,-2.4656,-0.542,-2.1756,0,0,0
-0.2837,0.303,0.9377,-2.8779,-0.6947,-1.7252,0,0,0
-0.2869,0.3069,0.9558,-3.0229,-0.9542,-0.9618,0,0,0
-0.2852,0.3069,0.9348,-2.6947,-0.8397,-1.0687,0,0,0
-0.2881,0.3022,0.9368,-2.4809,-0.8473,-0.8473,0,0,0
0.1274,0.0093,0.6941,-3.0992,9.7176,11.542,0,0,0
-0.3179,0.3423,1.6206,23.2137,32.9924,19.9008,0,0,0
-0.2605,0.3699,0.8354,32.2824,18.3206,1.7634,0,0,0
-0.2493,0.5234,0.7861,16.1221,8.3893,0.9542,0,0,0
-0.5999,0.7446,0.6067,-18.5573,-24.1298,-27.5496,0,0,0
-0.2817,0.3123,0.7959,-22.9924,-30.9389,-22.5038,0,0,0
-0.1875,0.1948,0.991,-24.7939,-18.3206,-12.8931,0,0,0
-0.2922,0.1357,0.989,-21.4733,-7.5649,0.2443,0,0,0
-0.314,0.1738,0.9426,-9.1374,-9.0916,2.9924,0,0,0
-0.2322,0.2031,0.9314,-0.5038,-7.9847,2.771,0,0,0
-0.2324,0.2627,0.9771,5.4351,-2.6489,2.1679,0,0,0
-0.2424,0.3484,0.9919,6.9618,1.5191,-0.9542,0,0,0
-0.2314,0.3652,0.9739,5.4275,5.7328,-2.9313,0,0,0
-0.3035,0.376,0.9465,1.229,4.8321,-0.8092,0,0,0
-0.311,0.3562,0.9126,-3.2214,1.6412,-3.0,0,0,0
-0.312,0.2942,0.8757,-5.9008,-0.916,-1.9237,0,0,0
-0.3101,0.2761,0.9272,-4.9466,-3.3969,0.0382,0,0,0
-0.2815,0.281,0.9424,-3.6718,-4.3664,0.916,0,0,0
-0.2537,0.302,0.9492,-2.3588,-3.1908,0.9237,0,0,0
-0.2605,0.3218,0.9622,-1.5344,-1.6489,0.0687,0,0,0
-0.2493,0.3201,0.9644,-0.9313,0.5725,-1.2672,0,0,0
-0.2588,0.3071,0.9412,-0.8397,1.7405,-1.2977,0,0,0
-0.2878,0.3064,0.938,-0.8931,1.6641,-1.7405,0,0,0
-0.2935,0.3015,0.9209,-1.0687,0.4733,-1.2748,0,0,0
-0.2869,0.3042,0.9158,-1.1985,-0.3817,-0.2595,0,0,0
-0.2913,0.3108,0.9456,-1.5878,-1.5802,0.4427,0,0,0
-0.2708,0.3193,0.9438,-1.8244,-2.0,0.1145,0,0,0
-0.2664,0.3164,0.9397,-2.5344,-1.2901,-0.5573,0,0,0
-0.272,0.3035,0.9607,-1.7252,-0.5115,-0.4656,0,0,0
-0.2642,0.3025,0.9458,-1.1832,0.5191,-1.1145,0,0,0
-0.2805,0.3066,0.9343,-0.6947,0.7405,-0.6947,0,0,0
-0.2905,0.3103,0.9458,-0.6183,0.4656,-0.7176,0,0,0
-0.2773,0.313,0.9309,-0.6031,-0.1832,-0.6183,0,0,0
-0.282,0.3193,0.9219,-1.8321,-0.5038,-0.4962,0,0,0
-0.2874,0.3245,0.9465,-2.8931,-1.6565,-0.4885,0,0,0
-0.2683,0.3069,0.9441,-3.0,-1.1679,-0.5878,0,0,0
-0.2668,0.3052,0.9543,-2.0382,-0.1527,-0.687,0,0,0
-0.2935,0.2893,0.9385,-2.229,-1.1145,-1.0305,0,0,0
-0.2864,0.3191,0.9331,-2.0611,-0.2901,-1.0229,0,0,0
-0.2769,0.3069,0.948,-1.7786,-0.2748,-0.916,0,0,0
-0.3025,0.2927,0.9072,-2.3588,-0.6718,-0.8015,0,0,0
-0.2881,0.3171,0.9316,-1.6336,-1.0687,-0.1527,0,0,0
-0.27,0.3008,0.9397,-1.7328,-1.2824,-0.2824,0,0,0
-0.271,0.302,0.9438,-0.7786,-0.2977,-0.0305,0,0,0
-0.2832,0.3191,0.9336,-0.916,-0.3359,-0.3435,0,0,0
-0.2783,0.3179,0.9265,-1.3817,-0.6718,-0.6947,0,0,0
-0.2803,0.3071,0.9402,-1.9084,-0.8092,-0.7634,0,0,0
-0.2781,0.3171,0.9517,-1.4275,-0.4809,-0.542,0,0,0
-0.281,0.3162,0.9431,-1.7557,-0.5649,-0.5802,0,0,0
-0.2759,0.3093,0.9316,-1.9847,-0.3206,-0.4962,0,0,0
-0.2869,0.3118,0.9417,-1.855,-0.4427,-0.5573,0,0,0
-0.2781,0.3125,0.9351,-2.0153,-0.5725,-0.7176,0,0,0
-0.2764,0.3123,0.937,-1.9924,-0.6489,-0.7939,0,0,0
-0.2778,0.3101,0.9434,-1.458,-0.7099,-0.3359,0,0,0
-0.2751,0.3071,0.9434,-1.313,-0.6565,-0.4427,0,0,0
-0.2778,0.3127,0.9321,-1.7863,-0.771,-0.2214,0,0,0
-0.2783,0.3164,0.9451,-1.7634,-0.7328,-0.6031,0,0,0
-0.2742,0.3127,0.9463,-1.9618,-0.6947,-0.916,0,0,0
-0.2759,0.3135,0.9456,-2.2519,-0.6183,-0.9695,0,0,0
-0.2754,0.3096,0.9424,-2.2519,-0.4122,-1.145,0,0,0
-0.2747,0.3062,0.9399,-2.145,-0.1985,-0.771,0,0,0
-0.2759,0.3062,0.9377,-1.7634,0.0076,-0.5115,0,0,0
-0.28,0.3157,0.9373,-1.4427,-0.2519,-1.1985,0,0,0
-0.2773,0.3159,0.9353,-1.9847,-0.2137,-0.7481,0,0,0
-0.283,0.3118,0.9402,-2.3969,-0.2748,-0.9542,0,0,0
-0.2805,0.311,0.937,-2.4809,-0.5878,-0.8015,0,0,0
-0.2681,0.3311,0.936,-3.8855,-1.2214,-1.2366,0,0,0
-0.2732,0.3176,0.9321,-4.0076,-1.1527,-1.8702,0,0,0
-0.2903,0.2913,0.9546,-2.8015,-1.6794,-0.8779,0,0,0
-0.2629,0.3098,0.9578,-1.4809,-1.2061,-0.6336,0,0,0
-0.2651,0.302,0.9299,-1.5649,-0.3359,-1.0382,0,0,0
-0.2871,0.311,0.9451,-1.3053,-0.5267,-0.8015,0,0,0
-0.2771,0.3096,0.9441,-1.7939,-0.7557,-0.687,0,0,0
-0.2717,0.3157,0.9373,-1.8626,-0.4504,-0.8321,0,0,0
-0.2825,0.3127,0.9407,-2.1908,-0.9237,-0.4198,0,0,0
-0.2771,0.311,0.937,-2.0,-0.6336,-0.4046,0,0,0
-0.2751,0.3079,0.9346,-1.7405,-0.6412,-0.6641,0,0,0
-0.2729,0.3049,0.937,-1.3893,-0.2901,-0.6718,0,0,0
-0.2803,0.3042,0.9382,-1.6489,-0.5573,-0.4504,0,0,0
-0.2781,0.3057,0.9375,-1.1679,-0.6489,-0.2366,0,0,0
-0.2781,0.3069,0.9402,-1.4504,-0.4275,-0.313,0,0,0
-0.2859,0.3086,0.9358,-1.3435,-0.6947,-0.1145,0,0,0
-0.2778,0.312,0.9377,-1.6183,-0.8397,0.0229,0,0,0
-0.2783,0.3115,0.9392,-1.6183,-0.4809,-0.2824,0,0,0
-0.2788,0.3147,0.937,-1.9389,-0.8015,-0.5573,0,0,0
-0.2732,0.3115,0.9451,-2.084,-0.687,-0.7405,0,0,0
-0.2754,0.2998,0.9458,-1.5496,-0.6183,-0.3359,0,0,0
-0.2742,0.3062,0.9348,-1.0,-0.0229,-0.7634,0,0,0
-0.2795,0.3101,0.9458,-1.2366,-0.3817,-0.2901,0,0,0
-0.2837,0.3066,0.9392,-1.0534,-0.0763,-0.7099,0,0,0
-0.2776,0.3171,0.9353,-1.458,-0.3435,-0.5267,0,0,0
-0.2773,0.3164,0.9407,-2.2443,-0.6489,-0.6183,0,0,0
-0.2727,0.3101,0.9419,-2.6412,-0.5725,-0.8397,0,0,0
-0.2742,0.3062,0.9453,-1.7481,-0.2901,-0.7176,0,0,0
-0.2766,0.3074,0.9414,-1.4962,-0.2901,-0.9924,0,0,0
-0.2798,0.3088,0.929,-1.4885,0.1374,-1.0687,0,0,0
-0.2793,0.3086,0.9333,-1.5344,-0.2443,-0.5878,0,0,0
-0.2813,0.3135,0.9365,-1.5344,-0.313,-0.5115,0,0,0
-0.2798,0.3145,0.9309,-2.1908,-0.4122,-0.9313,0,0,0
-0.2798,0.3162,0.9426,-2.4275,-0.9389,-0.687,0,0,0
-0.2771,0.3083,0.9451,-2.3664,-0.9313,-0.7557,0,0,0
-0.27,0.302,0.9441,-1.9618,-0.2443,-0.6031,0,0,0
-0.2749,0.3113,0.937,-1.8397,-0.4504,-0.6183,0,0,0
-0.2778,0.3047,0.939,-1.7099,-0.5038,-0.7557,0,0,0
-0.2791,0.3076,0.9431,-1.8321,-0.5038,-0.8244,0,0,0
-0.2751,0.3118,0.9346,-1.7557,-0.2901,-0.687,0,0,0
-0.2759,0.3103,0.9336,-1.7023,-0.5344,-0.3969,0,0,0
-0.2771,0.3125,0.9431,-1.8779,-0.6489,-0.7863,0,0,0
-0.2761,0.3074,0.9387,-1.9847,-0.2366,-0.6336,0,0,0
-0.2786,0.3052,0.938,-1.5191,-0.4122,-0.5573,0,0,0
-0.2759,0.3113,0.9375,-1.7252,-0.5038,-0.4427,0,0,0
-0.2822,0.3098,0.9355,-1.6336,-0.542,-0.6412,0,0,0
-0.2778,0.3103,0.936,-1.687,-0.5649,-0.8321,0,0,0
-0.2747,0.3057,0.9385,-2.1908,-0.626,-0.5802,0,0,0
-0.2788,0.3105,0.9473,-1.4885,-0.6412,-0.4656,0,0,0
-0.2815,0.3123,0.9463,-1.7328,-0.6412,-0.6336,0,0,0
-0.2734,0.3098,0.938,-1.6336,-0.5496,-0.3588,0,0,0
-0.2783,0.3074,0.9392,-1.6641,-0.687,-0.3664,0,0,0
-0.2773,0.3105,0.9424,-1.4504,-0.458,-0.5573,0,0,0
-0.2771,0.313,0.9382,-1.6565,-0.4504,-0.5344,0,0,0
-0.2764,0.3059,0.9409,-1.5496,-0.2901,-0.5954,0,0,0
-0.2805,0.3113,0.9441,-1.6107,-0.4351,-0.5191,0,0,0
-0.2815,0.3135,0.9368,-1.6336,-0.3969,-0.5115,0,0,0
-0.2769,0.3091,0.9404,-1.6412,-0.5267,-0.6107,0,0,0
-0.2725,0.3074,0.9375,-1.4504,-0.5878,-0.1069,0,0,0
-0.2703,0.3062,0.9392,-1.1908,-0.2519,-0.0305,0,0,0
-0.2791,0.3142,0.9368,-1.0382,-0.1985,0.145,0,0,0
-0.2837,0.3113,0.9316,-0.7939,-0.5038,0.0076,0,0,0
-0.2761,0.3159,0.9414,-0.5725,-0.7786,0.8702,0,0,0
-0.2766,0.3037,0.9407,-0.3053,-0.7786,0.1145,0,0,0
-0.2817,0.3101,0.9414,-0.2901,-0.7557,0.2137,0,0,0
-0.3242,0.2764,0.9343,1.3282,-3.4122,1.3435,0,0,0
-0.2739,0.3215,0.9241,-1.2595,-0.8626,-0.2672,0,0,0
-0.2781,0.324,0.9299,-2.2214,-1.3817,-0.229,0,0,0
-0.2764,0.3162,0.9429,-2.3664,-0.9542,-0.0687,0,0,0
-0.2776,0.3003,0.9395,-2.2824,-1.3282,-0.2595,0,0,0
-0.2761,0.3064,0.9426,-1.4809,-1.1603,0.0,0,0,0
-0.2722,0.3049,0.9441,-1.0534,-0.6412,0.1374,0,0,0
-0.2771,0.3105,0.9368,-0.9008,-0.6336,-0.2137,0,0,0
-0.2715,0.3176,0.9373,-1.0076,-0.6107,-0.4046,0,0,0
-0.2703,0.3081,0.9421,-0.7939,-0.3282,0.4198,0,0,0
-0.2747,0.3152,0.9438,-0.4885,-0.1908,0.1374,0,0,0
-0.2783,0.3174,0.9363,-0.8855,-0.4046,-0.3511,0,0,0
-0.2786,0.3152,0.9373,-1.7863,-1.0229,-0.2366,0,0,0
-0.2727,0.3093,0.9336,-1.7557,-1.2366,0.1985,0,0,0
-0.2781,0.3103,0.9399,-1.1527,-0.7557,-0.4885,0,0,0
-0.2764,0.311,0.9385,-0.7328,-0.5802,0.0992,0,0,0
-0.2703,0.3149,0.9397,-1.4504,-0.6947,-0.3969,0,0,0
-0.2786,0.3181,0.9385,-1.1145,-0.5344,-0.6565,0,0,0
-0.2712,0.3081,0.9414,-1.3893,-0.8397,-0.5115,0,0,0
-0.3318,0.3879,0.8596,2.4046,-2.9771,-5.8855,0,0,0
-0.3186,0.3804,0.9136,4.2824,-15.9008,-14.5573,0,0,0
-0.2268,0.2517,0.9951,3.4122,-9.9542,-8.0153,0,0,0
-0.3003,0.2375,0.8779,6.374,-10.3435,-5.5267,0,0,0
-0.3208,0.2898,0.8125,14.4122,-18.6107,-9.3588,0,0,0
-0.3169,0.3523,0.877,24.2748,-33.5878,-17.0687,0,0,0
-0.2766,0.3486,0.928,25.855,-42.5496,-21.0076,0,0,0
-0.2397,0.3179,0.9666,21.916,-38.229,-20.6794,0,0,0
-0.1409,0.3193,1.093,4.7863,-20.9695,-10.1145,0,0,0
-0.2341,0.2842,0.9341,-9.0992,1.8397,6.8473,0,0,0
-0.2637,0.3169,0.9419,-0.3359,1.1832,1.1908,0,0,0
-0.2424,0.2947,0.9519,-1.0534,2.3282,1.458,0,0,0
-0.2388,0.3137,0.9453,0.0229,3.7405,2.7557,0,0,0
-0.2493,0.3298,0.929,1.3817,3.0229,2.0382,0,0,0
-0.2681,0.375,0.9106,1.084,1.8168,0.2366,0,0,0
-0.2747,0.3655,0.9155,-2.1221,-0.4656,-0.8779,0,0,0
-0.2605,0.3362,0.9297,-4.3206,-2.542,-0.1985,0,0,0
-0.2378,0.3132,0.9434,-4.0916,-2.374,0.3435,0,0,0
-0.2456,0.314,0.9521,-2.3359,-2.0382,0.084,0,0,0
-0.2454,0.3171,0.9453,-1.2443,-1.6794,-0.3588,0,0,0
-0.2417,0.3206,0.946,-0.7557,-1.2519,-0.4122,0,0,0
-0.2366,0.3352,0.9448,-0.8092,-0.4275,-0.4198,0,0,0
-0.2393,0.3337,0.9521,-0.374,0.2061,-0.5496,0,0,0
-0.2534,0.3367,0.937,-0.9695,-0.0229,-0.374,0,0,0
-0.2576,0.3347,0.9355,-2.0611,-0.7252,-0.6565,0,0,0
-0.2595,0.3276,0.9326,-1.9695,-1.2901,-0.1603,0,0,0
-0.2537,0.3259,0.9399,-2.0382,-1.5954,0.0076,0,0,0
-0.249,0.3284,0.9482,-1.9313,-1.4198,0.2595,0,0,0
-0.2458,0.3315,0.9434,-1.4351,-1.3664,-0.5878,0,0,0
-0.2449,0.3269,0.9438,-1.4427,-0.8092,0.0916,0,0,0
-0.2317,0.2959,0.9355,0.1603,0.0458,1.145,0,0,0
-0.2864,0.3679,0.8796,7.5573,0.2366,-5.6947,0,0,0
-0.2363,0.3301,0.9148,-0.2214,-0.0076,2.4046,0,0,0
-0.2388,0.3494,0.9739,-2.7328,-1.2748,1.6336,0,0,0
-0.2253,0.3345,0.9304,-0.7634,-0.5954,2.2901,0,0,0
-0.2427,0.3401,0.9565,-1.6565,0.6031,3.6489,0,0,0
-0.2488,0.3296,0.9385,-1.687,1.4809,4.4046,0,0,0
-0.2412,0.3281,0.9617,-1.4275,3.1756,5.4122,0,0,0
-0.2378,0.3386,0.9551,-3.3282,4.0763,6.2366,0,0,0
-0.2446,0.3081,0.9399,-2.0458,5.4275,7.313,0,0,0
-0.2307,0.2734,0.9541,-0.9313,6.6183,10.7405,0,0,0
-0.2378,0.2742,0.9473,1.8779,8.1298,14.7405,0,0,0
-0.2373,0.2881,0.9622,4.4046,9.3664,17.2519,0,0,0
-0.2488,0.325,0.9409,5.687,12.084,21.4198,0,0,0
-0.2588,0.3845,0.9163,4.6718,11.5649,20.5114,0,0,0
-0.251,0.4016,0.9282,1.3206,10.145,17.6947,0,0,0
-0.2605,0.366,0.9421,-0.6947,10.0916,15.8092,0,0,0
-0.2646,0.3567,0.9353,-1.2061,9.5267,14.2977,0,0,0
-0.2505,0.3391,0.9463,-1.5649,8.4351,11.6947,0,0,0
-0.2595,0.3591,0.9431,-2.3435,8.855,10.7786,0,0,0
-0.2583,0.3606,0.9321,-2.3969,9.2137,10.7481,0,0,0
-0.2627,0.3848,0.9155,-3.9847,7.5115,11.0076,0,0,0
-0.2815,0.3616,0.8879,-5.3206,8.1756,10.6336,0,0,0
-0.2732,0.3389,0.9036,-4.2595,5.3053,9.0229,0,0,0
-0.2842,0.3477,0.9319,-2.3053,3.3664,5.2137,0,0,0
-0.2571,0.3718,0.9453,-2.7099,2.771,2.7939,0,0,0
-0.2449,0.3711,0.9712,-4.3588,6.5267,3.8397,0,0,0
-0.2495,0.3328,0.9431,-4.7023,8.6718,6.2595,0,0,0
-0.2568,0.3218,0.9102,-3.0534,11.1069,6.7939,0,0,0
-0.2793,0.3389,0.9055,-1.3969,8.771,4.9695,0,0,0
-0.2832,0.3601,0.9006,-1.7634,4.9008,1.4885,0,0,0
-0.2634,0.3438,0.9341,-1.916,4.6641,1.8244,0,0,0
-0.251,0.3459,0.9561,-2.1603,5.145,0.6412,0,0,0
-0.2637,0.3359,0.9275,-0.687,5.2824,0.2901,0,0,0
-0.2551,0.3291,0.9316,-0.6947,4.5267,0.374,0,0,0
-0.2751,0.3442,0.9395,-0.0076,5.8779,1.6565,0,0,0
-0.2683,0.335,0.9609,0.8168,11.0458,3.6412,0,0,0
-0.27,0.3389,0.9189,1.542,10.9389,5.0687,0,0,0
-0.2749,0.3572,0.9016,0.1908,9.0382,4.5496,0,0,0
-0.2852,0.3579,0.8901,-1.0,1.0611,1.3206,0,0,0
-0.2778,0.4084,0.9509,-4.5038,0.0,-1.1832,0,0,0
-0.2551,0.3638,0.9614,-6.7557,2.229,-2.313,0,0,0
-0.2681,0.3201,1.0037,-2.9466,15.2748,-0.4809,0,0,0
-0.2664,0.3352,0.9023,0.3435,13.5725,-2.0076,0,0,0
-0.2791,0.3186,0.8606,-0.0534,10.5573,-0.8779,0,0,0
-0.3015,0.3298,0.8687,0.1221,5.7557,0.8931,0,0,0
-0.302,0.3523,0.8972,-0.6718,1.6794,0.7786,0,0,0
-0.2915,0.3652,0.9128,-2.7863,1.0229,1.626,0,0,0
-0.2839,0.3567,0.938,-3.8015,1.4275,1.9847,0,0,0
-0.2822,0.3506,0.9133,-2.4504,-0.1221,0.6947,0,0,0
-0.2759,0.3528,0.9229,-1.4885,-0.1603,-1.3511,0,0,0
-0.2803,0.342,0.9329,-1.084,0.0153,-1.9313,0,0,0
-0.2766,0.3391,0.9243,-0.0687,0.4351,-1.9237,0,0,0
-0.2778,0.3345,0.9082,0.2214,0.687,-0.626,0,0,0
-0.2966,0.3462,0.916,-0.4656,0.5038,-0.4656,0,0,0
-0.2969,0.3599,0.9211,-0.3664,-0.2595,0.1603,0,0,0
-0.2905,0.3748,0.9294,-2.8473,-0.7252,0.0534,0,0,0
-0.2678,0.3542,0.9365,-4.0382,-0.0458,-0.5954,0,0,0
-0.2737,0.3572,0.9448,-3.5267,1.2595,-1.2595,0,0,0
-0.2822,0.3518,0.9277,-2.5344,1.7481,-2.5878,0,0,0
-0.2913,0.3494,0.9141,-2.1069,1.9695,-2.8397,0,0,0
-0.2842,0.3359,0.9114,-1.6412,1.5115,-2.4656,0,0,0
-0.2949,0.3438,0.9211,-1.7176,1.5344,-1.2901,0,0,0
-0.2986,0.3462,0.9648,-2.084,9.9313,1.2061,0,0,0
-0.2954,0.3447,0.916,-1.5038,4.7099,0.1069,0,0,0
-0.28,0.3621,0.9158,-3.1679,6.9924,0.4198,0,0,0
-0.2815,0.3496,0.9382,-3.145,8.229,0.0687,0,0,0
-0.2876,0.3489,0.9197,-2.3664,8.4733,0.4198,0,0,0
-0.2766,0.3313,0.8987,-1.5496,8.0611,1.1832,0,0,0
-0.2983,0.3555,0.9246,-1.626,5.4351,0.5115,0,0,0
-0.3013,0.3699,0.9453,-2.0458,8.6794,0.4275,0,0,0
-0.3015,0.3542,0.9285,-3.542,9.4427,-0.2519,0,0,0
-0.3059,0.3538,0.9082,-4.313,9.9466,-0.0763,0,0,0
-0.301,0.3279,0.8977,-3.0229,8.2977,0.8244,0,0,0
-0.3022,0.3315,0.8711,-1.7786,3.8855,1.6718,0,0,0
-0.2988,0.3552,0.8938,-2.4885,0.1298,1.3359,0,0,0
-0.3015,0.3428,0.9312,-2.5649,0.2137,0.4275,0,0,0
-0.3057,0.3472,0.9236,-0.9008,0.3588,0.3969,0,0,0
-0.303,0.3594,0.9226,-1.6565,0.542,0.7252,0,0,0
-0.2996,0.343,0.9224,-2.5115,0.5649,0.3817,0,0,0
-0.2913,0.3491,0.9521,-1.8015,2.5725,-0.0687,0,0,0
-0.304,0.353,0.9377,-1.7176,6.6412,0.1679,0,0,0
-0.3018,0.3435,0.9111,-1.8702,6.2061,0.5725,0,0,0
-0.3093,0.3423,0.9011,-1.8015,4.5344,1.1908,0,0,0
-0.3142,0.3545,0.8982,-2.1679,1.2977,0.0611,0,0,0
-0.3079,0.3477,0.9033,-1.916,0.2137,0.5573,0,0,0
-0.3047,0.3503,0.9148,-2.6489,-0.3893,1.0229,0,0,0
-0.3025,0.3555,0.9211,-2.8473,-0.0687,0.8702,0,0,0
-0.2964,0.3552,0.9236,-2.9695,0.0992,0.3282,0,0,0
-0.3,0.3528,0.9282,-3.2748,0.8931,-0.5878,0,0,0
-0.3059,0.3518,0.9238,-2.7252,1.8092,-0.9084,0,0,0
-0.3152,0.3416,0.9026,-3.5725,3.7405,-0.3053,0,0,0
-0.2996,0.3301,0.8984,-2.7405,0.7023,0.6641,0,0,0
-0.3025,0.3452,0.905,-1.7176,0.7557,0.9008,0,0,0
-0.303,0.353,0.9202,-2.3511,0.3588,1.626,0,0,0
-0.301,0.3516,0.9272,-2.5725,0.7557,1.5191,0,0,0
-0.3013,0.3594,0.915,-2.2061,0.8092,0.8855,0,0,0
-0.3069,0.3379,0.9124,-2.8015,0.8931,0.8092,0,0,0
-0.3076,0.3486,0.918,-2.3588,1.0534,0.7099,0,0,0
-0.3147,0.3594,0.9175,-2.4733,1.5725,0.6489,0,0,0
-0.3101,0.3455,0.9031,-2.9084,0.8931,1.4504,0,0,0
-0.3071,0.3484,0.8987,-3.3359,0.2214,1.855,0,0,0
-0.3032,0.3474,0.9111,-3.2595,0.0458,1.3359,0,0,0
-0.3096,0.3418,0.9204,-3.1069,0.0458,1.4656,0,0,0
-0.3132,0.3484,0.9167,-1.9466,-0.3969,0.2748,0,0,0
-0.3052,0.3477,0.9026,-2.2519,-0.0458,-0.0458,0,0,0
-0.3083,0.3394,0.9043,-2.1145,-0.4198,0.0305,0,0,0
-0.3157,0.343,0.9214,-1.6718,-0.3969,0.1832,0,0,0
-0.3098,0.3584,0.9253,-2.0992,-0.3588,-0.0992,0,0,0
-0.3032,0.3525,0.9243,-2.6794,-0.2824,-0.4275,0,0,0
-0.2944,0.3503,0.9177,-2.1527,0.2901,-0.2595,0,0,0
-0.304,0.3394,0.9167,-1.9695,0.8931,-0.687,0,0,0
-0.3071,0.3398,0.9197,-1.3511,0.855,-1.084,0,0,0
-0.312,0.3396,0.918,-1.2672,0.9542,-0.5115,0,0,0
-0.3076,0.3501,0.9331,-2.2519,1.5954,0.1527,0,0,0
-0.3015,0.3494,0.9385,-2.4656,5.4504,1.5267,0,0,0
-0.311,0.3582,0.927,-3.3511,5.2519,1.8321,0,0,0
-0.3091,0.3569,0.9207,-4.0992,7.0382,1.7939,0,0,0
-0.3164,0.3584,0.9094,-3.9237,7.4885,1.0687,0,0,0
-0.3035,0.3374,0.8955,-3.1221,6.5573,0.8397,0,0,0
-0.3108,0.3438,0.8972,-2.8015,4.3359,0.8015,0,0,0
-0.3281,0.3616,0.8931,-4.2824,3.9542,0.3053,0,0,0
-0.3291,0.3499,0.9099,-4.9618,3.626,0.6565,0,0,0
-0.3325,0.3396,0.9031,-5.2748,3.8855,1.0992,0,0,0
-0.3081,0.3311,0.9111,-4.1756,2.1527,0.9313,0,0,0
-0.3159,0.3467,0.9041,-3.1679,1.0305,0.0,0,0,0
-0.3259,0.3447,0.9058,-3.2824,0.626,0.1832,0,0,0
-0.3223,0.3486,0.9128,-4.2443,0.626,0.0305,0,1,0
-0.3137,0.3352,0.927,-2.9084,3.0305,0.4122,0,1,0
-0.3096,0.3357,0.9121,-2.9237,2.2214,0.2137,0,0,1
-0.321,0.3379,0.9072,-2.6107,1.6336,0.3588,0,0,1
-0.3191,0.353,0.9102,-2.9237,1.145,0.5573,0,0,1
-0.3152,0.3496,0.926,-3.3969,0.9771,-0.2061,0,0,1
-0.3103,0.3511,0.9495,-3.626,3.9618,-1.2901,0,0,1
-0.3196,0.3311,0.9282,-3.3969,5.4351,-1.5344,0,0,1
-0.3179,0.3391,0.9126,-2.2595,5.6947,-1.6336,0,0,1
-0.3171,0.3408,0.9014,-1.8702,5.313,-1.3053,0,0,1
-0.3237,0.3513,0.9021,-2.7939,4.0229,-0.7099,0,0,1
-0.3281,0.3433,0.8975,-3.374,3.4962,-0.3359,0,0,1
-0.3147,0.3381,0.9006,-3.8473,3.8168,0.3893,0,0,1
-0.321,0.334,0.9104,-3.6412,3.4275,0.4427,0,0,1
-0.3362,0.3384,0.9062,-3.2443,3.3664,0.3817,0,0,1
-0.3242,0.3364,0.905,-2.7939,3.2748,1.1374,0,0,1
-0.3237,0.3506,0.9141,-3.0687,3.3282,0.1221,0,0,1
-0.3291,0.3489,0.9028,-2.8855,3.2137,-0.2061,0,0,1
-0.3279,0.3408,0.895,-2.5725,2.0,0.3359,0,0,1
-0.3291,0.3369,0.9065,-2.1069,0.7252,0.1832,0,0,1
-0.3284,0.3372,0.9143,-2.229,0.5267,-0.0763,0,0,1
-0.3308,0.3386,0.9065,-2.4962,0.7176,0.2061,0,0,1
-0.3254,0.3386,0.9165,-2.458,2.5344,0.4351,0,0,1
-0.3237,0.3462,0.9172,-2.5038,3.0916,0.0382,0,0,1
-0.325,0.3491,0.9382,-3.0763,4.145,-0.5649,0,0,1
-0.3293,0.3423,0.9221,-3.7328,5.8931,-1.1679,0,0,1
-0.3206,0.3403,0.9077,-3.4733,5.5802,-1.1374,0,0,1
-0.3259,0.3425,0.9121,-3.0687,5.1679,-1.0382,0,0,1
-0.3257,0.3308,0.9053,-2.5649,5.5496,-0.3664,0,0,1
-0.3257,0.3267,0.907,-1.0229,4.5802,0.1374,0,0,1
-0.3276,0.3391,0.895,-0.6031,4.0305,-0.0305,0,0,1
-0.3391,0.3408,0.9072,-0.0382,4.6412,-0.5649,0,0,1
-0.3518,0.3398,0.9087,-0.9466,4.7786,1.0,0,0,1
-0.3438,0.3313,0.905,-1.2977,5.1908,1.1374,0,0,1
-0.343,0.3308,0.9048,-0.3053,4.8931,1.3893,0,0,1
-0.3467,0.342,0.8855,-0.3588,2.9466,1.4962,0,0,1
-0.335,0.3416,0.8972,-0.1603,0.7023,0.7099,0,0,1
-0.3379,0.3525,0.9001,0.2137,-0.1832,-0.084,0,0,1
-0.3523,0.3584,0.9121,-0.7557,-0.4962,-0.1985,0,0,1
-0.3425,0.3496,0.8992,-1.4504,-1.2901,-0.3893,0,0,1
-0.3398,0.3374,0.8987,-1.6947,-1.2748,0.0153,0,0,1
-0.3423,0.3411,0.8958,-1.8092,-2.3206,0.0382,0,0,1
-0.3474,0.3325,0.8831,-1.7252,-3.3435,0.1985,0,0,1
-0.334,0.354,0.905,-2.4198,-4.5115,-0.1069,0,0,1
-0.3318,0.3413,0.9287,-3.1145,-3.9618,-0.5191,0,0,1
-0.3313,0.3406,0.95,-2.0458,-2.3435,-1.2214,0,0,1
-0.325,0.344,0.9248,-0.2824,-0.4198,-2.3588,0,0,1
-0.3235,0.3311,0.8953,0.3053,0.1985,-1.9237,0,0,1
-0.3291,0.3347,0.897,0.2137,0.1679,-0.8321,0,0,1
-0.3325,0.3352,0.9099,-0.0992,0.7786,0.3588,0,0,1
-0.3379,0.3499,0.9089,-0.3664,1.2748,1.0534,0,0,1
-0.3345,0.3486,0.9036,-0.9313,1.2366,1.5344,0,0,1
-0.3357,0.3455,0.9165,-1.0687,1.2824,1.8855,0,0,1
-0.3425,0.3401,0.9019,-1.1374,1.229,1.5115,0,0,1
-0.3318,0.343,0.9043,-1.2901,0.7252,0.5191,0,0,1
-0.332,0.3442,0.9087,-1.1069,0.8626,0.7405,0,0,1
-0.3391,0.3542,0.915,-1.2137,1.2214,1.0305,0,0,1
-0.3364,0.3518,0.9033,-1.9313,1.5573,0.8244,0,0,1
-0.3401,0.3547,0.9038,-2.3664,1.7939,0.5344,0,0,1
-0.3406,0.3459,0.9021,-2.3359,2.1908,1.0916,0,0,1
-0.3455,0.3447,0.9001,-2.7786,1.2214,1.4656,0,0,1
-0.3323,0.3367,0.8921,-2.5573,0.4962,1.6412,0,0,1
-0.3367,0.3306,0.8972,-1.6489,0.458,1.626,0,0,1
-0.3401,0.3418,0.9011,-0.9389,-0.3588,1.458,0,0,1
-0.3359,0.3438,0.9124,-0.5802,-0.0229,0.6031,0,0,1
-0.3401,0.3459,0.9058,0.0534,-0.458,-0.0916,0,0,1
-0.3428,0.3652,0.9084,-1.2137,-0.2519,-0.0305,0,0,1
-0.3418,0.3572,0.9094,-2.4275,-0.4504,-0.2595,0,0,1
-0.3354,0.3416,0.908,-2.8702,-0.3664,-0.1679,0,0,1
-0.3345,0.3474,0.9128,-2.6565,-0.0153,-1.2061,0,0,1
-0.3369,0.3345,0.8989,-1.8626,-0.145,-0.9466,0,0,1
-0.3398,0.3367,0.9036,-1.2137,-0.2901,-0.9313,0,0,1
-0.3438,0.3362,0.8914,-1.2214,-0.1374,-0.3969,0,0,1
-0.3403,0.344,0.8962,-1.8931,-0.6489,0.8855,0,0,1
-0.3269,0.3303,0.9102,-2.3053,-0.8779,0.771,0,0,1
-0.3354,0.3401,0.9089,-0.5878,-0.771,0.145,0,0,1
-0.3457,0.3521,0.9019,-0.1298,-0.7481,0.0382,0,0,1
-0.3328,0.3674,0.8997,-1.1145,-1.313,-0.8015,0,0,1
-0.3303,0.3411,0.8989,-0.374,-0.8702,-0.6183,0,0,1
-0.3552,0.3455,0.8706,-0.5038,-2.8931,0.1374,0,0,1
-0.3416,0.3394,0.8918,-0.9237,-4.7023,0.3664,0,0,1
-0.3462,0.3262,0.8835,-0.8168,-7.1679,1.4351,0,0,1
-0.3342,0.3411,0.9058,0.6031,-7.8702,1.1908,0,0,1
-0.334,0.3545,0.9248,0.9008,-5.4198,0.2519,0,0,1
-0.3369,0.3601,0.9336,0.5802,-3.374,-0.4885,0,0,1
-0.3291,0.3569,0.9106,0.5954,-2.9237,-0.5878,0,0,1
-0.3254,0.3457,0.9028,0.4275,-3.3893,-0.7252,0,0,1
-0.3313,0.3342,0.8923,0.771,-3.7405,-0.1527,0,0,1
-0.3325,0.342,0.8953,1.6565,-4.9771,0.4427,1,0,0
-0.3352,0.3569,0.8955,1.0382,-6.5725,0.5725,1,0,0
-0.3303,0.373,0.9214,-0.7557,-5.6183,-0.3588,0,0,0
-0.3313,0.3538,0.9355,-1.6107,-3.229,-1.0382,0,0,0
-0.3257,0.3591,0.9294,-0.6412,-2.3817,-0.8779,0,0,0
-0.3208,0.3574,0.905,-1.1679,-2.1679,-1.4198,0,0,0
-0.3188,0.3452,0.9104,-0.9924,-2.3893,-1.0992,0,0,0
-0.3308,0.3472,0.9021,0.2595,-3.6947,-2.0687,0,0,0
-0.3303,0.3579,0.9062,0.0382,-3.916,-1.7405,0,0,0
-0.3254,0.345,0.9009,-0.7176,-3.7481,-1.9084,0,0,0
-0.3281,0.3552,0.908,0.145,-3.5038,-2.3435,0,0,0
-0.3286,0.3611,0.9053,-0.2595,-3.6794,-2.3282,0,0,0
-0.3254,0.3535,0.9031,-0.6412,-4.0229,-2.5344,0,0,0
-0.3167,0.3469,0.9001,-0.7557,-4.229,-2.1679,0,0,0
-0.3154,0.3481,0.9263,-1.313,-2.1832,-1.0382,0,0,0
-0.3225,0.3491,0.9324,-1.2519,-0.458,-0.7481,0,0,0
-0.314,0.3521,0.9104,-1.4733,0.4809,-0.5267,0,0,0
-0.3147,0.3462,0.9216,-0.9695,1.0,-0.4885,0,0,0
-0.3196,0.3469,0.9136,-0.6718,2.145,-0.145,0,0,0
-0.3245,0.3584,0.8984,-0.6107,2.6031,0.3511,0,0,0
-0.3252,0.3618,0.9053,-1.8626,1.9389,0.9389,0,0,0
-0.3284,0.344,0.8977,-1.9924,1.7786,1.2061,0,0,0
-0.3335,0.3582,0.9143,-3.1756,2.3282,1.8321,0,0,0
-0.324,0.3491,0.9089,-3.6489,2.9466,3.1145,0,0,0
-0.3115,0.342,0.9141,-3.4885,4.145,4.2061,0,0,0
-0.3208,0.3457,0.927,-2.4962,6.0611,4.1069,0,0,0
-0.3372,0.3499,0.9209,-1.8702,6.7481,5.1679,0,0,0
-0.3313,0.3562,0.8948,-2.8626,9.1908,5.4427,0,0,0
-0.3254,0.3479,0.8831,-3.2061,7.542,5.5725,0,0,0
-0.3403,0.3486,0.8777,-3.0153,5.6565,5.1145,0,0,0
-0.3315,0.3523,0.8977,-1.4504,3.4656,5.0611,0,0,0
-0.3315,0.3594,0.8965,-1.5954,2.7099,4.9466,0,0,0
-0.3301,0.3599,0.9207,-2.1221,4.3969,4.7176,0,0,0
-0.3386,0.3599,0.9309,-2.4427,5.5115,4.7786,0,0,0
-0.3284,0.3467,0.9282,-1.6565,8.2214,5.0229,0,0,0
-0.3384,0.3435,0.8948,-1.3588,8.9771,5.6641,0,0,0
-0.3486,0.3286,0.8682,-1.2061,7.6947,4.3511,0,0,0
-0.3379,0.376,0.8845,-1.6718,3.916,4.6412,0,0,0
-0.3442,0.3882,0.926,-2.9008,3.542,3.3206,0,0,0
-0.3406,0.3621,0.9053,-3.6794,5.5878,2.771,0,0,0
-0.3313,0.3472,0.8853,-3.0687,4.7328,2.7786,0,0,0
-0.3403,0.354,0.8884,-2.8855,3.229,2.4962,0,0,0
-0.3464,0.3623,0.8916,-2.8244,2.1069,2.1756,0,0,0
-0.3433,0.353,0.8936,-2.374,2.2977,2.4351,0,0,0
-0.3379,0.3674,0.873,-2.374,0.7176,2.229,0,0,0
-0.3401,0.3694,0.9026,-3.6641,-0.1832,1.4885,0,0,0
-0.3398,0.3496,0.9141,-3.1756,0.0305,1.0458,0,0,0
-0.3374,0.3533,0.9009,-2.3359,0.2214,0.7786,0,0,0
-0.3438,0.3503,0.8921,-1.8931,0.0382,0.6641,0,0,0
-0.3379,0.3564,0.894,-1.5344,-0.1985,0.9466,0,0,0
-0.3401,0.3611,0.905,-2.3969,-0.0992,1.0763,0,0,0
-0.3369,0.3472,0.9172,-2.1221,0.5115,0.9771,0,0,0
-0.3337,0.3586,0.9001,-1.8855,1.0763,2.0916,0,0,0
-0.3284,0.3513,0.9189,-2.7786,1.7939,2.855,0,0,0
-0.3262,0.3513,0.9114,-2.9924,3.7023,4.3817,0,0,0
-0.335,0.3506,0.9089,-3.145,4.6412,5.9389,0,0,0
-0.3384,0.3682,0.9026,-4.2748,4.6641,7.0992,0,0,0
-0.3423,0.365,0.894,-5.0611,2.7557,6.1069,0,0,0
-0.3418,0.3635,0.9082,-4.9771,2.084,5.4656,0,0,0
-0.3459,0.3662,0.8994,-5.5115,2.6031,4.8397,0,0,0
-0.3398,0.3655,0.894,-6.3511,3.2443,4.3282,0,0,0
-0.342,0.364,0.8928,-6.9084,3.313,5.3206,0,0,0
-0.3369,0.3418,0.887,-6.4275,2.7939,5.3359,0,0,0
-0.3357,0.3494,0.8835,-4.8855,3.5038,6.9237,0,0,0
-0.3462,0.3567,0.8853,-5.6947,2.2061,7.458,0,0,0
-0.3379,0.3379,0.8833,-4.5344,0.6412,8.4122,0,0,0
-0.3467,0.3787,0.9148,-4.5725,1.5191,5.4275,0,0,0
-0.3457,0.3652,0.9185,-4.145,1.5802,5.0382,0,0,0
-0.3352,0.365,0.8911,-5.0076,1.1527,5.0992,0,0,0
-0.3394,0.3655,0.8855,-5.4046,0.4046,3.8855,0,0,0
-0.3406,0.3472,0.8945,-5.3206,-0.1145,3.3435,0,0,0
-0.344,0.3508,0.9055,-5.3282,-1.0,3.9618,0,0,0
-0.3413,0.3369,0.9033,-4.5802,-0.855,3.3435,0,0,0
-0.344,0.3442,0.905,-2.4275,-0.5954,1.6794,0,0,0
-0.3364,0.3516,0.9053,-1.4046,-0.6489,1.2595,0,0,0
-0.3398,0.375,0.9011,-2.3206,-0.2595,1.6183,0,0,0
-0.3345,0.3616,0.9207,-3.9466,0.5191,0.9695,0,0,0
-0.332,0.344,0.9055,-1.771,0.916,-0.5038,0,0,0
-0.342,0.3499,0.8862,-0.4733,1.0153,0.2061,0,0,0
-0.3403,0.3501,0.8909,-1.5038,1.1145,0.7634,0,0,0
-0.344,0.3533,0.8867,-1.5344,0.771,1.5496,0,0,0
-0.3347,0.3582,0.8921,-1.6412,0.2672,1.7099,0,0,0
-0.3445,0.345,0.9148,-1.9618,0.3053,1.1298,0,0,0
-0.3445,0.3704,0.8875,-2.1221,-0.4351,0.8321,1,0,0
-0.3391,0.3616,0.896,-3.4733,-0.4656,0.7786,1,0,0
-0.3435,0.3447,0.908,-2.8626,-0.9313,-0.4656,1,0,0
-0.3359,0.344,0.9065,-1.5344,-0.145,-0.855,1,0,0
-0.3425,0.3564,0.9038,-1.2901,0.2137,-0.626,1,0,0
-0.3403,0.364,0.8992,-1.8015,0.0305,-0.7405,1,0,0
-0.3376,0.3586,0.8896,-1.9237,-0.626,-1.2672,1,0,0
-0.3411,0.3513,0.8992,-2.2061,-0.6031,-0.7863,1,0,0
-0.3447,0.3511,0.9011,-2.2443,-0.458,-0.5573,1,0,0
-0.3386,0.3484,0.9065,-1.8931,-0.2519,-0.2214,1,0,0
-0.3411,0.3586,0.9031,-1.4275,-0.4198,-0.3588,1,0,0
-0.3364,0.3562,0.896,-1.5496,-0.3817,-0.6565,1,0,0
-0.3403,0.3557,0.8945,-1.7099,-0.5496,-0.6031,1,0,0
-0.3411,0.3645,0.907,-1.7634,-0.5496,-0.7557,1,0,0
-0.3345,0.3584,0.9058,-2.2748,-0.3893,-0.7557,1,0,0
-0.3357,0.3503,0.9067,-2.0611,0.0153,-1.1832,1,0,0
-0.3362,0.344,0.8979,-1.5344,-0.2137,-0.9008,1,0,0
-0.3435,0.3474,0.8982,-1.2672,-0.3206,-0.4046,1,0,0
-0.3364,0.3479,0.9006,-0.7939,-0.2137,-0.1145,1,0,0
-0.3367,0.3594,0.9087,-0.9313,-0.2595,-0.1374,1,0,0
-0.3447,0.3669,0.9055,-1.0992,-0.0611,-1.0611,1,0,0
-0.3379,0.354,0.8943,-1.4809,-0.0458,-0.771,1,0,0
-0.3354,0.3579,0.9016,-2.1985,0.1985,-0.3359,1,0,0
-0.343,0.3489,0.906,-1.8702,0.5878,0.2214,1,0,0
-0.3381,0.3601,0.9121,-3.0,1.0992,0.6947,1,0,0
-0.343,0.3416,0.8896,-3.2519,1.6412,0.6641,1,0,0
-0.3357,0.3435,0.9094,-2.2366,1.8626,0.8321,1,0,0
-0.3379,0.3538,0.9062,-1.5802,1.8168,0.5038,1,0,0
-0.3457,0.3523,0.8979,-1.7023,1.9924,0.4885,1,0,0
-0.3425,0.3704,0.8979,-1.4885,1.3435,0.0916,1,0,0
-0.3499,0.3684,0.8999,-3.2061,2.1756,-0.542,1,0,0
-0.3401,0.3518,0.8931,-3.0,1.4351,-0.4046,1,0,0
-0.3398,0.355,0.9053,-2.8626,1.7939,-0.4122,1,0,0
-0.344,0.3564,0.9062,-2.458,2.1832,-0.1908,1,0,0
-0.3486,0.3562,0.9045,-2.5267,2.6031,-0.3282,1,0,0
-0.3472,0.3535,0.886,-2.7023,2.2672,-0.0611,1,0,0
-0.3447,0.3564,0.8816,-2.6031,1.0229,0.3435,1,0,0
-0.3413,0.3494,0.9033,-1.9771,-0.3282,-0.4122,1,0,0
-0.3445,0.3452,0.8972,-0.6794,-0.374,-0.4046,1,0,0
-0.3433,0.3608,0.8901,-0.8244,-0.3969,-1.313,1,0,0
-0.3442,0.3567,0.8994,-1.4275,-0.2977,-1.1756,1,0,0
-0.3364,0.3545,0.895,-1.2443,-0.1069,-1.0382,1,0,0
-0.3508,0.356,0.8999,-1.0229,-0.6031,-1.1756,1,0,0
-0.3481,0.355,0.8984,-1.9313,-0.7863,-0.5191,1,0,0
-0.3484,0.3567,0.9021,-1.9008,-0.4351,-1.0611,1,0,0
-0.3459,0.3599,0.8994,-1.8779,-0.6412,-1.2901,1,0,0
-0.3406,0.3582,0.894,-2.1221,-0.8397,-1.4198,1,0,0
-0.3438,0.3582,0.8984,-2.1756,-0.5573,-1.4351,1,0,0
-0.3469,0.3591,0.9019,-2.2824,-0.6947,-1.3359,1,0,0
-0.3337,0.3391,0.9036,-2.0916,-0.374,-1.8397,1,0,0
-0.342,0.3438,0.9087,-0.5878,0.1603,-1.6794,1,0,0
-0.3423,0.3582,0.8992,-0.8015,-0.2901,-1.0992,1,0,0
-0.3467,0.3618,0.894,-2.0458,-0.2366,-0.3893,1,0,0
-0.3462,0.3535,0.9067,-2.0382,-0.542,-0.7863,1,0,0
-0.3416,0.3547,0.8972,-2.6641,-0.855,-0.4198,1,0,0
-0.3435,0.3533,0.8987,-2.9084,-0.9084,0.0916,1,0,0
-0.3416,0.3455,0.9072,-2.3282,-0.2824,-0.3206,1,0,0
-0.3469,0.3586,0.8965,-1.4656,0.0,-0.5267,1,0,0
-0.344,0.3525,0.8977,-1.8473,-0.4733,-0.4504,1,0,0
-0.3457,0.3489,0.8989,-2.1985,-0.1069,-0.4504,1,0,0
-0.3418,0.3428,0.8965,-1.6336,-0.3206,-0.1527,1,0,0
-0.3438,0.3584,0.9031,-1.9924,-0.5038,0.0611,1,0,0
-0.345,0.364,0.9033,-1.9237,-0.7328,-0.5038,1,0,0
-0.3411,0.3496,0.9016,-1.9008,-0.0992,-0.7481,1,0,0
-0.3418,0.3455,0.887,-1.2748,-0.6489,-0.9618,1,0,0
-0.3438,0.3459,0.8921,-1.2519,-0.6794,-0.458,1,0,0
-0.3457,0.3501,0.8923,-0.9771,-0.5649,-0.1603,0,0,1
-0.345,0.3604,0.8979,-0.9771,-0.4427,-0.855,0,0,1
-0.3442,0.3584,0.8933,-1.2595,-0.7481,-0.9618,0,0,1
-0.3496,0.356,0.8923,-1.7405,-1.0305,-0.3664,0,0,1
-0.3389,0.3525,0.8977,-1.6565,-0.9847,-0.374,0,0,1
-0.3367,0.3455,0.9124,-1.2748,-0.4962,-0.0534,0,0,1
-0.3477,0.3518,0.9062,-0.4427,-0.0534,-0.2214,0,0,1
-0.3447,0.3596,0.8931,-0.5649,-0.1908,-0.1145,0,0,1
-0.3486,0.3682,0.8955,-1.2061,-0.5878,-0.6412,0,0,1
-0.345,0.3635,0.897,-2.3282,-1.1603,-0.374,0,0,1
-0.3438,0.3533,0.9036,-2.2595,-1.2595,-0.3359,0,0,1
-0.3411,0.3477,0.9114,-1.9771,-1.1221,-0.5344,0,0,1
-0.342,0.3496,0.9045,-1.4962,-0.6565,-0.3282,0,0,1
-0.3416,0.3577,0.9016,-1.1603,-0.4733,-0.3359,0,0,1
-0.3428,0.3633,0.8987,-1.374,0.2977,-0.6336,0,0,1
-0.3425,0.3572,0.8997,-1.4046,-0.0687,-0.1221,0,0,1
-0.3413,0.3577,0.8965,-1.5725,-0.3359,-0.8702,0,0,1
-0.3499,0.3545,0.9006,-2.1832,-0.4122,-1.0153,0,0,1
-0.3467,0.3555,0.8975,-2.2595,-0.6947,-0.5725,0,0,1
-0.3425,0.3513,0.9011,-2.5954,-0.7252,-0.1985,0,0,1
-0.3464,0.3608,0.9006,-2.3893,-0.7557,-0.2672,0,0,1
-0.3447,0.3557,0.8955,-2.5954,-0.7786,0.0534,0,0,1
-0.3491,0.3518,0.8945,-2.6031,-1.0611,-0.3359,0,0,1
-0.3518,0.3525,0.8958,-2.8397,-1.3206,0.1145,0,0,1
-0.3398,0.3464,0.9023,-3.4962,-1.7252,0.4351,0,0,1
-0.3359,0.3384,0.9048,-2.2672,-1.1756,-0.3359,0,0,1
-0.3418,0.3564,0.9036,-1.0611,-0.9542,-0.6794,0,0,1
-0.3428,0.3623,0.8911,-1.2443,-1.2748,-1.0153,0,0,1
-0.3438,0.3669,0.8999,-2.1908,-1.2366,-1.2824,0,0,1
-0.3477,0.3591,0.8984,-2.313,-1.5115,-1.6183,0,0,1
-0.3513,0.3567,0.8926,-2.4046,-1.9771,-1.1298,0,0,1
-0.3494,0.3516,0.9014,-3.2443,-2.0763,-0.8473,0,0,1
-0.343,0.3538,0.8882,-3.3206,-2.6107,-0.6336,0,0,1
-0.3318,0.3477,0.9053,-2.8702,-2.4656,-0.7023,0,0,1
-0.3381,0.3464,0.9065,-1.4351,-1.5115,-1.771,0,0,1
-0.3428,0.3511,0.9031,-0.6641,-1.3359,-1.542,0,0,1
-0.3445,0.3533,0.9019,-0.6412,-1.9084,-1.5802,0,0,1
-0.3425,0.3511,0.8994,-0.6947,-1.4122,-1.5038,0,0,1
-0.3411,0.3623,0.9026,-1.4962,-1.3206,-1.1221,0,0,1
-0.3438,0.3652,0.8979,-2.5649,-1.0229,-0.4885,0,0,1
-0.3352,0.3557,0.9092,-2.5649,-0.6031,-0.8702,0,0,1
-0.3406,0.3445,0.8997,-2.2901,-0.4733,-1.2366,0,0,1
-0.3438,0.3479,0.9045,-1.7328,-0.0611,-0.771,0,0,1
-0.3428,0.3508,0.8933,-1.4046,-0.4427,-0.9313,0,0,1
-0.3433,0.3547,0.8953,-1.6183,-0.9237,-0.3969,0,0,1
-0.343,0.3569,0.8965,-1.8626,-1.1832,-0.1298,0,0,1
-0.333,0.3513,0.9146,-3.2672,-1.4504,-0.1756,0,0,1
-0.3408,0.3479,0.9182,-2.0687,-0.3053,-1.6107,0,0,1
-0.3364,0.356,0.8989,-0.8626,0.1221,-1.6031,0,0,1
-0.3435,0.3572,0.8918,-0.7099,-0.458,-1.7023,0,0,1
-0.3425,0.3489,0.8887,-0.9924,-0.4275,-0.8626,0,0,1
-0.3518,0.3518,0.8916,-1.5496,-0.687,0.2366,0,0,1
-0.3401,0.3555,0.9031,-3.374,-1.0534,1.0229,0,0,1
-0.3354,0.3503,0.9182,-2.4122,-0.6107,-0.2595,0,0,1
-0.3369,0.3538,0.9016,-0.9542,-0.4275,-0.9466,0,0,1
-0.3428,0.3625,0.8916,-1.4046,-0.0534,-1.0763,0,0,1
-0.3379,0.3467,0.9023,-1.4198,-0.4656,-0.687,0,0,1
-0.3467,0.3545,0.9021,-2.1679,-0.374,-1.0611,0,0,1
-0.345,0.3562,0.9048,-2.7863,-0.5802,0.0382,0,0,1
-0.3342,0.3398,0.9016,-2.1069,-1.0,-0.4809,0,0,1
-0.3416,0.3508,0.8987,-1.4198,-0.8626,-1.0992,0,0,1
-0.3342,0.3586,0.8975,-1.7786,-0.5878,-0.8015,0,0,1
-0.3391,0.3513,0.9001,-1.8015,-0.5954,-1.4046,0,0,1
-0.3367,0.3523,0.8955,-1.4962,-0.8092,-1.1069,0,0,1
-0.345,0.3479,0.8972,-1.8092,-1.2214,-0.2672,0,0,1
-0.3447,0.3442,0.8982,-2.3359,-0.8015,0.0534,0,0,1
-0.3372,0.3557,0.9026,-2.2366,-0.6718,-0.3359,0,0,1
-0.3372,0.3523,0.9019,-1.4656,-0.4504,-0.5267,0,0,1
-0.3381,0.3523,0.8884,-1.4733,-0.3588,-0.5191,0,0,1
-0.3418,0.3572,0.9036,-1.7405,-0.4885,-0.8168,0,0,1
-0.344,0.3552,0.8977,-1.4198,-0.3969,-0.6794,0,0,1
-0.3423,0.356,0.8911,-1.7634,-0.6107,-0.8473,0,0,1
-0.342,0.3496,0.8938,-2.0916,-0.8168,-0.8473,0,0,1
-0.3403,0.3479,0.8992,-2.0305,-1.0534,-1.229,0,0,1
-0.342,0.3535,0.8994,-1.8779,-0.7634,-1.1374,0,0,1
-0.3408,0.3511,0.9092,-2.2061,-1.1679,-0.4122,0,0,1
-0.3398,0.3479,0.9043,-1.9313,-0.542,-0.8321,0,0,1
-0.3413,0.3486,0.897,-1.1679,-0.5573,-0.6183,0,0,1
-0.3391,0.3511,0.9021,-1.5802,-0.8015,-0.3359,0,0,1
-0.3396,0.3484,0.8962,-1.3511,-0.4198,-0.4351,0,0,1
-0.3457,0.3604,0.8975,-0.9008,-0.4122,-0.229,0,0,1
-0.3459,0.3647,0.8948,-1.687,-1.6718,-0.5344,0,0,1
-0.343,0.3552,0.8984,-2.3435,-1.6412,-0.5496,0,0,1
-0.3401,0.3464,0.9082,-2.084,-1.9008,-0.5878,0,0,1
-0.3345,0.3538,0.9043,-2.1298,-2.084,-0.9389,0,0,1
-0.3362,0.3494,0.9163,-2.0611,-1.6336,-1.1603,0,0,1
-0.332,0.3462,0.9121,-1.3511,-0.8244,-0.9466,0,0,1
-0.3376,0.3481,0.8967,-0.626,-0.3359,-1.2672,0,0,1
-0.3423,0.3535,0.8948,-1.2061,-0.4427,-0.7328,0,0,1
-0.3376,0.3525,0.8982,-1.7863,-0.5115,-0.4504,0,0,1
-0.3413,0.3599,0.9077,-2.1374,-0.3282,-0.4504,0,0,1
-0.3357,0.3501,0.906,-2.1603,-0.5496,-0.6336,0,0,1
-0.3384,0.3433,0.9104,-1.4504,-0.1679,-0.626,0,0,1
-0.3391,0.3521,0.8994,-1.229,0.0229,-1.2366,0,0,1
-0.3364,0.3545,0.9021,-0.9389,0.8779,-1.1069,0,0,1
-0.3418,0.3574,0.8967,-1.1832,0.2061,-1.7557,0,0,1
-0.3433,0.3582,0.8938,-1.7252,0.2061,-0.8626,0,0,1
-0.3428,0.3486,0.8865,-1.8397,-0.1832,-0.8702,0,0,1
-0.344,0.353,0.8997,-2.3817,-1.0534,-0.6947,0,0,1
-0.335,0.3403,0.9082,-2.0305,-0.1069,-1.6183,0,0,1
-0.3362,0.3457,0.905,-0.2214,0.5725,-1.8626,0,0,1
-0.3362,0.3657,0.9009,-0.7099,0.3359,-1.7634,0,0,1
-0.3411,0.3547,0.9009,-1.0229,0.2519,-1.5878,0,0,1
-0.353,0.3533,0.8865,-1.3511,-0.1145,-0.9695,0,0,1
-0.3582,0.3569,0.8772,-2.5267,-1.7023,-0.4427,0,0,1
-0.355,0.3469,0.895,-3.1679,-3.084,-0.1221,0,0,1
-0.3411,0.3567,0.8989,-3.313,-3.3969,0.3969,0,0,1
-0.3359,0.3774,0.8999,-4.2366,-3.9847,-0.5115,0,0,1
-0.334,0.3501,0.9092,-3.458,-3.7099,-1.6031,0,0,1
-0.3323,0.3381,0.8911,-0.5878,-6.1374,-3.5038,0,0,1
-0.3228,0.3589,0.8726,0.4122,-7.8473,-3.2824,0,0,1
-0.3555,0.3442,0.8547,0.626,-14.3664,-3.687,0,0,1
-0.3435,0.3787,0.8667,0.2137,-20.3588,-1.9695,0,0,1
-0.3193,0.3772,0.8755,-0.6718,-29.7252,0.7405,0,0,1
-0.3198,0.3784,0.8962,-1.4733,-31.7939,3.3511,0,0,1
-0.3362,0.5256,0.9421,-1.6489,-34.3664,5.084,0,0,1
-0.3513,0.3118,0.9182,-1.3588,-36.6718,2.6947,0,0,1
-0.3005,0.3081,0.9241,-0.2366,-35.4275,1.9771,0,0,1
-0.2856,0.3518,0.9407,-2.9313,-27.2137,1.5878,0,0,1
-0.3049,0.3174,0.9253,-4.2137,-21.0458,0.1374,0,0,1
-0.2927,0.3289,0.9165,-2.771,-19.6336,0.7863,0,0,1
-0.2922,0.3459,0.895,-1.2443,-21.4962,2.4809,0,0,1
-0.2729,0.364,0.9265,-1.7176,-19.6183,4.3206,0,0,1
-0.2749,0.3562,0.9421,-2.9008,-17.0229,3.2443,0,0,1
-0.2742,0.3457,0.9468,-2.5267,-11.4809,2.3206,0,0,1
-0.2756,0.3438,0.9231,-1.1679,-9.5115,0.4198,0,0,1
-0.2808,0.3572,0.9084,-0.7863,-9.1145,0.6031,0,0,1
-0.2786,0.3652,0.9133,-0.8473,-10.3893,0.8321,0,0,1
-0.2715,0.3623,0.9319,-1.3435,-10.2824,1.0305,0,0,1
-0.2625,0.354,0.9497,-2.1298,-7.7634,0.7786,0,0,1
-0.2654,0.3416,0.9465,-2.6336,-3.4656,-0.6412,0,0,1
-0.2678,0.3333,0.9419,-1.3206,-1.5267,-0.8168,0,0,1
-0.2686,0.3511,0.9253,-1.1298,-0.9618,-0.855,0,0,1
-0.2632,0.3665,0.9353,-1.6412,-0.3435,-1.0916,0,0,1
-0.2646,0.3647,0.9404,-1.542,0.1679,-1.7939,0,0,1
-0.2712,0.3464,0.9211,-1.0916,-0.1221,-1.7252,0,0,1
-0.2803,0.3523,0.9138,-1.458,-0.8397,-1.3817,0,0,1
-0.2849,0.3508,0.9133,-2.0534,-0.771,-0.6336,0,0,1
-0.2693,0.3481,0.9231,-2.0534,-1.1145,-0.0305,0,0,1
-0.2646,0.3582,0.9282,-1.6031,-1.3588,0.2443,0,0,1
-0.2688,0.3606,0.9258,-1.3359,-1.3511,-0.229,0,0,1
-0.2717,0.3472,0.9236,-0.626,-1.5115,-0.0687,0,0,1
-0.2744,0.3611,0.9148,-0.3664,-2.7176,-0.0687,0,0,1
-0.2754,0.3606,0.9097,-0.7481,-4.0687,-0.6183,0,0,1
-0.2722,0.3538,0.9102,-0.5802,-5.7099,-0.4733,0,0,1
-0.2859,0.3484,0.9187,-0.3206,-7.8855,0.5878,0,0,1
-0.2966,0.3496,0.906,0.1298,-16.2137,8.4198,0,0,1
-0.3147,0.3418,0.9097,1.1221,-24.0992,14.1527,0,0,1
-0.2654,0.3718,0.9187,0.7176,-26.9695,18.2901,0,0,1
-0.2239,0.3679,0.9451,-0.0382,-24.5802,16.229,0,0,1
-0.2087,0.3586,0.9438,-0.4733,-19.9771,10.7328,0,0,1
-0.2432,0.3499,0.9414,0.8779,-18.1221,8.2366,0,0,1
-0.2358,0.3887,0.9236,0.313,-18.7557,7.7863,0,0,1
-0.2334,0.3784,0.9355,-1.0687,-21.3206,8.5954,0,0,1
-0.2073,0.3801,0.9453,-2.8015,-20.1832,6.9847,0,0,1
-0.2163,0.3633,0.957,-3.1374,-17.9389,5.3435,0,0,1
-0.2117,0.353,0.9487,-3.0229,-14.8244,2.7481,0,0,1
-0.2185,0.3521,0.9456,-2.0534,-12.8168,1.7252,0,0,1
-0.2109,0.3489,0.9351,-0.5267,-12.5038,1.7786,0,0,1
-0.2119,0.3579,0.929,0.3664,-13.5191,1.5038,0,0,1
-0.2212,0.365,0.9229,-0.0458,-14.5496,0.2977,0,0,1
-0.2156,0.3611,0.9514,-0.3511,-15.1908,1.8779,0,0,1
-0.2068,0.374,0.958,-2.0,-12.3893,1.3969,0,0,1
-0.1929,0.365,0.9624,-2.7099,-8.0,0.3282,0,0,1
-0.2087,0.355,0.9397,-2.5267,-5.7557,0.8321,0,0,1
-0.2061,0.3435,0.9189,-1.2748,-8.855,2.3893,0,0,1
-0.2222,0.3669,0.9119,-1.2901,-11.1679,4.5344,0,0,1
-0.2007,0.3811,0.9346,-1.5496,-9.9084,4.8779,0,0,1
-0.1943,0.3806,0.9524,-2.1603,-7.229,3.1679,0,0,1
-0.1838,0.364,0.9587,-2.9924,-4.5115,1.8931,0,0,1
-0.1919,0.3589,0.9585,-2.4122,-2.3053,0.6031,0,0,1
-0.189,0.364,0.9565,-1.4809,-1.313,-0.0611,0,0,1
-0.1912,0.3647,0.9397,-1.1069,-0.5954,-0.1603,0,0,1
-0.1902,0.3762,0.9412,-2.0076,-0.0916,-0.2977,0,0,1
-0.1956,0.3726,0.9436,-2.2366,0.0916,-1.0458,0,0,1
-0.1934,0.3721,0.948,-3.0687,0.1679,-1.0458,0,0,1
-0.197,0.3643,0.9492,-3.4962,1.0,-1.3893,0,0,1
-0.1968,0.3694,0.9482,-3.6336,2.5038,-1.1908,0,0,1
-0.199,0.344,0.9404,-2.9008,2.6336,-1.3206,0,0,1
-0.2068,0.3606,0.9285,-1.7863,2.3511,-0.7099,0,0,1
-0.2009,0.3545,0.9292,-2.0916,2.1756,0.1527,0,0,1
-0.197,0.377,0.9419,-3.1603,2.2595,0.6641,0,0,1
-0.2017,0.3701,0.9534,-3.7557,2.458,-0.6412,0,0,1
-0.2041,0.3665,0.948,-3.3588,3.1603,-0.8397,0,0,1
-0.1855,0.3574,0.9519,-4.0382,5.5038,-0.8321,0,0,1
-0.1851,0.3413,0.9609,-3.3053,7.5038,-1.2366,0,0,1
-0.176,0.3452,0.9624,-2.3435,11.7023,-1.6947,0,0,1
-0.187,0.3579,0.9509,-1.3893,18.2672,-3.1985,0,0,1
-0.2063,0.3625,0.9326,-0.5038,19.1374,-4.2519,0,0,1
-0.2222,0.3743,0.9539,0.084,17.145,-3.916,0,0,1
-0.2334,0.3508,0.9407,-0.2137,18.2672,-3.4122,0,0,1
-0.2307,0.3464,0.9294,0.1298,19.4198,-2.7557,0,0,1
-0.2393,0.3628,0.9058,0.0,17.4504,-0.8931,0,0,1
-0.2456,0.3672,0.905,-0.771,14.0916,0.458,0,0,1
-0.2429,0.3845,0.9067,-1.3664,9.6183,1.9542,0,0,1
-0.2334,0.3835,0.9192,-1.9695,6.1069,1.2824,0,0,1
-0.2422,0.377,0.9221,-2.7099,3.3282,1.3893,0,0,1
-0.2363,0.3792,0.9307,-3.8855,1.3817,0.8473,0,0,1
-0.2251,0.3608,0.9431,-4.916,0.3511,-0.1908,0,0,1
-0.1907,0.3455,0.9868,-2.4198,3.2061,-2.5115,0,0,1
-0.2363,0.3567,0.9712,-0.2214,7.2061,-4.855,0,0,1
-0.2417,0.3684,0.936,-0.4656,9.4427,-5.2214,0,0,1
-0.2397,0.3604,0.9282,-2.0687,10.2443,-5.5725,0,0,1
-0.2332,0.3418,0.9119,-2.5725,9.0,-4.4046,0,0,1
-0.2441,0.3677,0.9221,-2.542,8.9084,-3.0229,0,0,1
-0.2478,0.3638,0.9155,-2.7557,7.8015,-2.5038,0,0,1
-0.2441,0.365,0.9199,-2.7634,6.8244,-1.2214,0,0,1
-0.2463,0.3633,0.9158,-2.1527,4.9924,-0.687,0,0,1
-0.2356,0.3704,0.9409,-2.5191,3.8168,-1.2519,0,0,1
-0.2363,0.3608,0.9651,-3.1374,8.3282,-2.084,0,0,1
-0.2458,0.3623,0.9495,-2.8321,11.8397,-3.3435,0,0,1
-0.2537,0.3591,0.947,-3.5191,16.1069,-5.2901,0,0,1
-0.261,0.3411,0.9512,-5.145,20.3511,-7.7481,0,0,1
-0.2627,0.3469,0.9321,-4.7481,23.6107,-8.1985,0,0,1
-0.2698,0.3503,0.9126,-3.8931,22.084,-6.4275,0,0,1
-0.269,0.3594,0.884,-2.8626,16.3282,-2.9313,0,0,1
-0.2573,0.366,0.8911,-1.855,11.1832,-1.542,0,0,1
-0.26,0.3538,0.9019,-0.9313,7.1832,-0.4351,0,0,1
-0.2717,0.3806,0.9104,-0.1069,4.5725,-0.3664,0,0,1
-0.2764,0.3792,0.9167,-0.687,2.3893,-0.9618,0,0,1
-0.2881,0.3745,0.9209,-1.855,1.3206,-1.8168,0,0,1
-0.2844,0.3503,0.9338,-1.9695,1.6107,-1.9237,0,0,1
-0.2813,0.3389,0.9048,-2.0153,0.2824,-0.6107,0,0,1
-0.2747,0.3491,0.905,-1.8168,-1.0076,0.4351,0,0,1
-0.2793,0.3596,0.9165,-2.084,-1.5725,0.5802,0,0,1
-0.2661,0.3591,0.9255,-2.0305,-1.7863,-0.4275,0,0,1
-0.2549,0.3635,0.9424,-1.5802,-0.5115,-1.1679,0,0,1
-0.2698,0.3584,0.9404,-1.1908,0.8779,-2.1298,0,0,1
-0.2732,0.3652,0.9143,-0.4733,0.8931,-2.0611,0,0,1
-0.2837,0.3625,0.8994,-1.3359,-0.0916,-1.5191,0,0,1
-0.2854,0.3591,0.9053,-2.1908,-0.9237,-0.7405,0,0,1
-0.282,0.3621,0.9021,-2.6031,-2.3817,-0.1145,0,0,1
-0.2771,0.3635,0.9102,-3.229,-3.3435,0.3435,0,0,1
-0.2686,0.3506,0.9165,-3.5344,-3.7481,0.8931,0,0,1
-0.2751,0.3599,0.9316,-3.2824,-3.9847,0.8015,0,0,1
-0.2766,0.3689,0.9253,-3.5725,-4.8855,-0.9466,0,0,1
-0.2805,0.3611,0.9272,-3.1145,-6.1679,-1.1527,0,0,1
-0.2627,0.3457,0.9192,-0.7557,-8.9008,-0.9008,0,0,1
-0.2607,0.3472,0.9045,2.3435,-12.5954,-0.5344,0,0,1
-0.2622,0.3647,0.894,3.1756,-16.3817,-0.3282,0,0,1
-0.2642,0.3606,0.8933,3.687,-21.3664,2.1527,0,0,1
-0.259,0.3499,0.929,4.4122,-23.5267,2.4656,0,0,1
-0.2534,0.366,0.9426,3.4504,-22.6031,1.4962,0,0,1
-0.261,0.3687,0.968,1.1069,-18.2214,-0.8015,0,0,1
-0.2505,0.3518,0.9614,-1.1145,-12.0,-2.4046,0,0,1
-0.2505,0.3455,0.9258,-0.8397,-8.0076,-1.9542,0,0,1
-0.2542,0.3525,0.8945,0.0763,-11.3969,-0.4809,0,0,1
-0.2319,0.3613,0.8972,0.6107,-15.2061,1.4351,0,0,1
-0.2346,0.3755,0.936,0.2366,-16.0763,0.855,0,0,1
-0.239,0.3806,0.9656,-0.6565,-13.7634,-0.6031,0,0,1
-0.231,0.3748,0.9856,-2.5267,-8.6565,-2.3435,0,0,1
-0.2351,0.3533,0.97,-3.2366,-3.771,-2.8397,0,0,1
-0.2285,0.3408,0.937,-2.2595,-2.0992,-0.8092,0,0,1
-0.2266,0.3586,0.927,-2.2748,-1.5038,0.4122,0,0,1
-0.2327,0.3538,0.9153,-1.8321,-3.5496,-0.458,0,0,1
-0.2283,0.3608,0.929,-0.7481,-3.4809,0.5725,0,0,1
-0.2278,0.3557,0.9397,-1.1756,-2.1756,0.1985,0,0,1
-0.2339,0.3601,0.9358,-0.7557,-1.4809,0.0916,0,0,1
-0.2341,0.3613,0.9336,-0.229,-1.1985,0.9237,0,0,1
-0.2346,0.3794,0.937,-1.2443,-0.4046,0.7405,0,0,1
-0.2346,0.3684,0.9348,-1.5954,0.2443,0.3511,0,0,1
-0.2334,0.3687,0.9343,-2.4656,0.4122,0.1603,0,0,1
-0.2305,0.3625,0.937,-2.0305,0.5191,0.0534,0,0,1
-0.2356,0.3618,0.938,-1.626,0.7634,-0.3511,0,0,1
-0.2307,0.3525,0.9338,-1.7405,0.9313,0.0534,0,0,1
-0.2271,0.3611,0.9407,-1.3359,1.771,0.3893,0,0,1
-0.2307,0.3608,0.9438,-1.8015,2.9313,1.4504,0,0,1
-0.2297,0.3674,0.938,-2.1603,4.1527,3.5115,0,0,1
-0.2297,0.3635,0.9304,-2.8092,5.0534,4.7557,0,0,1
-0.2346,0.3662,0.938,-3.771,6.7252,6.6947,0,0,1
-0.2441,0.3674,0.9314,-4.4046,6.7634,6.8855,0,0,1
-0.2349,0.3677,0.9314,-4.5115,6.6641,8.5878,0,0,1
-0.2378,0.3708,0.9351,-5.3893,6.6412,9.4046,0,0,1
-0.2324,0.3616,0.9321,-6.5573,7.7863,11.4885,0,0,1
-0.2283,0.3643,0.9353,-6.6718,9.1527,14.8626,0,0,1
-0.2415,0.3689,0.9197,-7.2901,9.0305,17.0458,0,0,1
-0.2615,0.3628,0.925,-7.0992,5.1908,11.9618,0,0,1
-0.2378,0.3555,0.9338,-5.4198,4.5344,9.6718,0,0,1
-0.2485,0.3655,0.9277,-4.6107,4.8473,9.1069,0,0,1
-0.2334,0.3687,0.9368,-5.2366,4.9389,9.4962,0,0,1
-0.2432,0.3528,0.9333,-5.3359,4.4351,7.3893,0,0,1
-0.2385,0.3467,0.9167,-3.0687,3.3359,6.1374,0,0,1
-0.2412,0.3611,0.9163,-2.1908,2.2366,5.6031,0,0,1
-0.2495,0.3613,0.9314,-3.0611,2.7634,6.145,0,0,1
-0.2427,0.3711,0.9287,-3.0992,2.8244,6.2901,0,0,1
-0.2441,0.3745,0.9387,-3.6412,2.2824,5.6565,0,0,1
-0.2446,0.3569,0.9211,-3.5725,1.2137,4.0687,0,0,1
-0.239,0.3433,0.9285,-2.5344,1.0229,2.9008,0,0,1
-0.2407,0.366,0.9246,-1.3511,1.3588,3.0,0,0,1
-0.2468,0.3833,0.9312,-2.084,0.5649,0.855,0,0,1
-0.2422,0.3684,0.9355,-2.3435,-0.0076,0.4962,0,0,1
-0.2468,0.3687,0.9316,-2.5725,-0.0534,0.0305,0,0,1
-0.2449,0.3562,0.9172,-2.9618,-0.8779,0.1221,0,0,1
-0.2437,0.3643,0.9321,-2.626,-0.9389,0.1679,0,0,1
-0.2405,0.365,0.9375,-2.7863,-0.4809,-0.3664,0,0,1
-0.2407,0.3577,0.9319,-2.3588,-0.313,-0.9389,0,0,1
-0.2373,0.3572,0.9268,-1.4733,-1.0458,-1.6336,0,0,1
-0.2385,0.3589,0.9348,-1.0992,-0.2519,-1.855,0,0,1
-0.2473,0.3535,0.9277,0.0,-0.6565,-2.3282,0,0,1
-0.2488,0.3657,0.9219,0.458,-0.9771,-2.8473,0,0,1
-0.2478,0.3618,0.9221,0.5496,-2.4962,-4.2519,0,0,1
-0.2441,0.3674,0.9321,1.0611,-4.1832,-6.771,0,0,1
-0.2512,0.3669,0.9355,2.5725,-5.6107,-11.1756,0,0,1
-0.2493,0.3513,0.9258,6.9389,-7.7557,-16.6107,0,0,1
-0.2283,0.3423,0.9053,8.2214,-8.9313,-15.229,0,0,1
-0.2319,0.3599,0.9133,7.5649,-10.2366,-15.6031,0,0,1
-0.2412,0.3584,0.9407,7.8702,-10.4962,-16.8626,0,0,1
-0.2432,0.3608,0.9443,8.3588,-8.8092,-16.6947,0,0,1
-0.2427,0.3789,0.9287,6.5954,-6.7176,-16.0916,0,0,1
-0.2358,0.3572,0.9419,6.2214,-6.6183,-15.6183,0,0,1
-0.2456,0.3564,0.9285,6.3817,-6.3817,-15.2366,0,0,1
-0.2292,0.3689,0.9363,6.1832,-5.8626,-13.3969,0,0,1
-0.2397,0.3923,0.9233,5.5038,-5.7557,-12.4733,0,0,1
-0.2351,0.3735,0.9185,4.9924,-6.2595,-12.542,0,0,1
-0.2385,0.365,0.9309,4.8015,-6.916,-12.8931,0,0,1
-0.2444,0.375,0.9314,4.9237,-8.145,-14.8931,0,0,1
-0.2402,0.3545,0.9456,6.3435,-5.916,-12.7176,0,0,1
-0.2351,0.3782,0.9338,5.4504,-4.6336,-11.7939,0,0,1
-0.2439,0.377,0.9197,4.4962,-4.855,-11.5954,0,0,1
-0.2429,0.3984,0.9282,3.0305,-4.0992,-7.6336,0,0,1
-0.2358,0.3909,0.9146,0.6183,-4.0305,-6.229,0,0,1
-0.2278,0.3748,0.9238,0.0763,-2.7786,-4.2137,0,0,1
-0.2429,0.3801,0.9285,0.1221,-2.8092,-3.855,0,0,1
-0.2324,0.374,0.9309,0.4504,-2.7099,-5.084,0,0,1
-0.23,0.3716,0.929,1.2901,-1.2748,-4.3588,0,0,1
-0.2341,0.3853,0.9255,0.916,-0.9924,-3.5725,0,0,1
-0.2385,0.3831,0.9319,-0.2366,-0.5725,-4.2748,0,0,1
-0.2361,0.377,0.9165,0.2748,-0.6031,-2.6412,0,0,1
-0.2341,0.376,0.9292,-1.4504,-1.0153,-1.374,0,0,1
-0.2395,0.3806,0.9255,-3.0153,0.0687,0.5878,0,0,1
-0.2361,0.3887,0.9329,-4.1985,0.7786,1.855,0,0,1
-0.2363,0.3875,0.9326,-5.1298,1.6412,2.6641,0,0,1
-0.2268,0.3652,0.9224,-4.9695,2.0611,2.8931,0,0,1
-0.238,0.3643,0.9141,-4.084,2.3664,3.855,0,0,1
-0.2351,0.3706,0.9253,-4.3053,2.6641,5.0153,0,0,1
-0.2397,0.3806,0.9255,-5.4046,4.2824,6.687,0,0,1
-0.2366,0.3904,0.9382,-6.9924,4.5267,8.0992,0,0,1
-0.25,0.3857,0.9211,-8.0992,4.1832,8.5496,0,0,1
-0.2307,0.3604,0.9292,-6.1145,3.5954,4.9924,0,0,1
-0.2393,0.3657,0.9197,-3.5191,3.0,2.7557,0,0,1
-0.2437,0.374,0.9045,-2.1527,2.2901,2.4809,0,0,1
-0.2542,0.3748,0.9058,-2.9389,1.084,2.3053,0,0,1
-0.2595,0.3743,0.9089,-2.5954,-0.2748,1.4046,0,0,1
-0.2583,0.3711,0.9209,-3.084,-2.2672,1.9924,0,0,1
-0.2646,0.394,0.9072,-3.7939,-3.6183,1.7634,0,0,1
-0.252,0.3623,0.9119,-3.6794,-5.6107,1.0076,0,0,1
-0.249,0.3743,0.9082,-2.7863,-7.5344,0.6336,0,0,1
-0.2356,0.3826,0.9253,-2.8855,-9.3893,-1.1145,0,0,1
-0.2227,0.3687,0.9307,-1.9695,-10.6412,-0.2519,0,0,1
-0.2234,0.3708,0.9404,-1.0916,-10.1679,0.8321,0,0,1
-0.2236,0.3862,0.9441,-1.8931,-8.7557,-1.2672,0,0,1
-0.2197,0.3655,0.9495,-1.8015,-7.1145,-1.2519,0,0,1
-0.2185,0.3726,0.9382,-1.4504,-5.8626,0.5878,0,0,1
-0.2261,0.3906,0.9216,-2.5496,-5.4733,3.0992,0,0,1
-0.2302,0.3787,0.925,-4.5878,-5.2824,5.2595,0,0,1
-0.2195,0.3721,0.9473,-6.1298,-3.5344,6.1985,0,0,1
-0.2197,0.3755,0.95,-7.3511,-1.1985,7.7328,0,0,1
-0.2183,0.3647,0.9448,-7.7176,0.0763,8.7099,0,0,1
-0.2158,0.345,0.9412,-5.9542,0.5954,6.8702,0,0,1
-0.2046,0.3494,0.9497,-3.2672,2.5649,4.7252,0,0,1
-0.2122,0.3704,0.9368,-2.1221,5.0076,3.8321,0,0,1
-0.2202,0.3862,0.939,-2.0916,5.5954,3.3588,0,0,1
-0.2314,0.3826,0.9282,-3.1908,5.7328,2.8397,0,0,1
-0.2415,0.3628,0.9236,-2.6489,4.4504,0.9542,0,0,1
-0.2441,0.366,0.9187,-1.145,3.0916,1.1527,0,0,1
-0.2441,0.376,0.9116,-2.8092,2.1679,2.3435,0,0,1
-0.2363,0.3809,0.9258,-4.2977,1.4885,3.5649,0,0,1
-0.2214,0.3757,0.9272,-4.3969,1.0458,4.2214,0,0,1
-0.2351,0.3718,0.929,-3.3664,-0.2519,1.7634,0,0,1
-0.2256,0.3647,0.9128,-1.6183,-1.0458,0.1603,0,0,1
-0.2324,0.3672,0.9128,-1.8015,-2.2366,-0.6947,0,0,1
-0.2327,0.3706,0.9307,-1.8397,-2.8168,-0.2824,0,0,1
-0.241,0.3657,0.9353,-1.855,-4.0611,-0.687,0,0,1
-0.2288,0.3606,0.9304,-0.9389,-4.8092,0.6565,0,0,1
-0.2251,0.3826,0.9258,-1.2366,-4.7939,0.0076,0,0,1
-0.2217,0.376,0.936,-1.9695,-4.9313,-0.0229,0,0,1
-0.2161,0.3689,0.9319,-1.626,-4.916,-0.3282,0,0,1
-0.2156,0.3535,0.9268,0.374,-5.6183,-1.1679,0,0,1
-0.2148,0.366,0.9314,0.8855,-5.1908,-0.7939,0,0,1
-0.2263,0.376,0.9399,0.3282,-4.8321,-1.0305,0,0,1
-0.2261,0.377,0.9426,0.1603,-5.458,-1.6947,0,0,1
-0.2249,0.3789,0.9521,-0.458,-5.6031,-0.9084,0,0,1
-0.2273,0.3843,0.929,-1.6947,-5.7023,-0.6718,0,0,1
-0.2322,0.3716,0.9207,-2.3282,-7.1298,-1.3359,0,0,1
-0.2253,0.3665,0.9148,-1.6565,-10.2977,-0.6183,0,0,1
-0.2153,0.3738,0.9243,-1.771,-10.4656,-0.0534,0,0,1
-0.2053,0.3745,0.9297,-2.5802,-10.084,-0.5496,0,0,1
-0.2039,0.3718,0.929,-2.0611,-10.4656,-0.5115,0,0,1
-0.2131,0.3782,0.9153,-2.2901,-12.1908,1.8931,0,0,1
-0.2317,0.3755,0.9238,-1.7786,-12.9466,0.8244,0,0,1
-0.3472,0.394,0.9397,-4.145,-29.4809,19.4046,0,0,1
-0.2292,0.3474,0.9604,-3.0992,-33.4427,22.1221,0,0,1
-0.063,0.4121,0.9937,-0.8702,-22.9084,12.5038,0,0,1
-0.1055,0.374,0.9409,-2.229,-13.4656,3.4885,0,0,1
-0.1646,0.3696,0.9204,-3.4046,-11.3588,1.9924,0,0,1
-0.179,0.3748,0.9487,-2.9695,-12.9389,2.1069,0,0,1
-0.1702,0.3667,0.9512,-2.6947,-13.6794,4.7099,0,0,1
-0.1614,0.3699,0.9585,-2.7863,-12.1985,5.771,0,0,1
-0.1326,0.3833,0.9587,-3.1908,-6.4351,3.5267,0,0,1
-0.1418,0.3616,0.9487,-2.3053,-3.0534,2.9008,0,0,1
-0.1663,0.3718,0.9419,-1.626,-1.6794,2.6107,0,0,1
-0.167,0.3789,0.9392,-1.7176,-1.5954,1.3282,0,0,1
-0.175,0.3711,0.9402,-2.0611,-1.626,1.1985,0,0,1
-0.1587,0.3838,0.9355,-2.2519,-1.6107,0.4351,0,0,1
-0.1677,0.3804,0.9504,-3.2672,-0.1985,-0.7481,0,0,1
-0.1741,0.3647,0.9631,-2.3511,-0.0534,-0.9847,0,0,1
-0.1736,0.3652,0.9446,-1.3359,0.0229,-1.0687,0,0,1
-0.1738,0.3611,0.9336,-0.8092,-0.2748,-1.3817,0,0,1
-0.1777,0.3682,0.9404,-0.3664,-0.4427,-0.4656,0,0,1
-0.1814,0.3772,0.9351,-0.4427,-1.8855,-1.229,0,0,1
-0.1682,0.3877,0.9351,-1.1527,-2.626,-0.7252,0,0,1
-0.1711,0.375,0.939,-1.9084,-1.5802,-0.9618,0,0,1
-0.1648,0.3718,0.947,-1.6718,-1.5725,-0.458,0,0,1
-0.1641,0.3779,0.9465,-2.6641,-0.7405,-0.3588,0,0,1
-0.1646,0.3733,0.9448,-1.8779,-0.0763,0.1527,0,0,1
-0.1787,0.3767,0.9456,-1.6107,0.1527,-0.7023,0,0,1
-0.1802,0.3696,0.9287,-1.4275,0.0229,-0.7481,0,0,1
-0.1743,0.3782,0.9382,-1.542,-0.6565,-0.7099,0,0,1
-0.1724,0.3796,0.9429,-2.4351,-0.8779,-0.7786,0,0,1
-0.1663,0.3633,0.9441,-2.0076,-0.5496,-0.458,0,0,1
-0.1731,0.3757,0.9426,-1.6107,-0.7328,-0.9618,0,0,1
-0.1714,0.3621,0.9468,-1.0916,-0.4885,-1.0382,0,0,1
-0.1699,0.3772,0.9429,-0.7557,-0.0916,-1.3893,0,0,1
-0.1729,0.3779,0.9421,-0.9847,0.2366,-2.1679,0,0,1
-0.179,0.3704,0.9248,-0.7252,-0.0076,-1.8015,0,0,1
-0.188,0.3691,0.9402,-0.3817,-0.9237,-1.0076,0,0,1
-0.1685,0.3875,0.9441,-1.3435,-0.6489,-1.1603,0,0,1
-0.1672,0.3784,0.9399,-1.9771,-1.6412,-0.9237,0,0,1
-0.1619,0.3787,0.9402,-2.3511,-0.8321,-1.1145,0,0,1
-0.1721,0.3689,0.9438,-2.1679,-0.4885,-1.0305,0,0,1
-0.1653,0.3677,0.9651,-1.4351,-0.0763,-1.3435,0,0,1
-0.1663,0.3726,0.9473,-1.0153,0.7863,-1.2977,0,0,1
-0.1741,0.3752,0.9338,-1.5573,0.7557,-0.2443,0,0,1
-0.1685,0.3765,0.9441,-2.2137,1.2824,0.5038,1,0,0
-0.1697,0.3708,0.9475,-2.7176,2.084,1.3588,0,0,0
-0.1611,0.3748,0.9539,-2.9008,2.8855,2.1374,0,0,0
-0.1555,0.3816,0.9653,-3.6183,5.7099,3.7939,0,0,0
-0.1633,0.3809,0.9556,-4.9237,8.9542,4.5954,0,0,0
-0.1726,0.3772,0.9424,-6.7099,10.5725,6.1832,0,0,0
-0.1853,0.3613,0.936,-6.916,11.0229,7.374,0,0,0
-0.1714,0.3657,0.9448,-6.0611,10.1145,6.3969,0,0,0
-0.1729,0.3726,0.9341,-6.1908,9.3969,8.229,0,0,0
-0.1665,0.3655,0.9468,-6.2672,11.0229,9.626,0,0,0
-0.1687,0.3701,0.9399,-6.0229,11.8702,11.0305,0,0,0
-0.1829,0.3843,0.9358,-6.5573,11.7634,11.8855,0,0,0
-0.186,0.3618,0.9375,-6.1679,11.7405,13.6183,0,0,0
-0.2046,0.3735,0.9214,-6.0611,10.2977,14.0076,0,0,0
-0.2017,0.3628,0.9236,-6.1527,7.5573,11.2443,0,0,0
-0.1895,0.3694,0.9417,-5.7863,6.7176,12.3206,0,0,0
-0.1868,0.374,0.9585,-6.4351,7.4427,12.3664,0,0,0
-0.1797,0.364,0.9644,-6.5954,8.6412,12.7634,0,0,0
-0.1919,0.3547,0.9548,-6.2443,10.2366,14.3511,0,0,0
-0.2134,0.3677,0.9226,-5.2443,6.2824,6.7328,0,0,0
-0.186,0.3555,0.9316,-1.4733,4.1679,2.9237,0,0,0
-0.1902,0.3755,0.9214,-0.9389,2.1756,2.9695,0,0,0
-0.1895,0.3738,0.9382,-2.5038,1.4656,3.3435,0,0,0
-0.1943,0.3774,0.959,-3.4198,2.8626,4.9008,0,0,0
-0.1863,0.3708,0.9534,-3.8931,3.9618,6.626,0,0,0
-0.2007,0.3723,0.9355,-4.6947,4.1603,6.6107,0,0,0
-0.1914,0.3679,0.9395,-4.5115,3.4885,6.0382,0,0,0
-0.1895,0.3616,0.9299,-4.4275,3.8397,6.4198,0,0,0
-0.1838,0.3621,0.9446,-4.4504,4.542,8.2214,0,0,0
-0.189,0.3591,0.9421,-4.4962,5.5725,11.2061,0,0,0
-0.1936,0.3564,0.9312,-4.7252,6.3435,15.0611,0,0,0
-0.1909,0.354,0.936,-5.8702,7.3435,18.5954,0,0,0
-0.1763,0.3823,0.9353,-7.9313,8.8702,25.0305,0,0,0
-0.1968,0.3789,0.959,-11.5496,9.6718,29.5038,0,0,0
-0.1912,0.3618,0.946,-13.4656,10.6412,32.4962,0,0,0
-0.1824,0.3682,0.929,-14.5725,10.7328,35.8473,0,0,0
-0.1821,0.385,0.9517,-16.3359,9.9084,36.4351,0,0,0
-0.1548,0.3835,0.9727,-18.1145,11.3893,34.8015,0,0,0
-0.1802,0.3679,0.9705,-17.0,9.8244,29.8779,0,0,0
-0.1821,0.3708,0.9604,-14.0076,10.374,26.8397,0,0,0
-0.2087,0.3733,0.9299,-11.7863,7.687,20.5878,0,0,0
-0.2114,0.3647,0.9324,-10.229,4.1374,14.2824,0,0,0
-0.2065,0.3535,0.9475,-9.1069,2.6412,10.7863,0,0,0
-0.1885,0.3345,0.9417,-7.7481,1.9924,9.9618,0,0,0
-0.1765,0.3528,0.958,-7.7099,2.2519,12.2748,0,0,0
-0.1914,0.3665,0.9365,-8.2061,2.1069,12.8626,0,0,0
-0.1868,0.3613,0.9429,-8.4885,1.4885,13.1069,0,0,0
-0.1899,0.365,0.9497,-9.5649,1.0611,12.0229,0,0,0
-0.1936,0.3525,0.9485,-9.9542,0.9618,10.8702,0,0,0
-0.1829,0.3342,0.9548,-9.7939,0.771,11.4885,0,0,0
-0.1873,0.355,0.9553,-9.626,1.7328,13.3053,0,0,0
-0.1775,0.3447,0.9539,-10.0534,2.3359,13.5573,0,0,0
-0.1836,0.355,0.9463,-11.6412,1.8015,17.5344,0,0,0
-0.1958,0.3547,0.9443,-13.6947,0.9313,20.7863,0,0,0
-0.198,0.3779,0.9329,-15.1069,-0.2519,21.0305,0,0,0
-0.1704,0.3318,0.9761,-15.8321,-0.2366,19.3359,0,0,0
-0.1851,0.302,0.9409,-16.8244,0.8321,27.3206,0,0,0
-0.1719,0.3003,0.9763,-19.1603,2.4198,33.1985,0,0,0
-0.1533,0.3625,0.9563,-17.9771,0.542,32.7405,0,0,0
-0.1948,0.3455,0.98,-18.916,1.2901,34.0076,0,0,0
-0.1899,0.3718,0.9019,-20.2366,1.2214,35.4656,0,0,0
-0.1768,0.3274,0.9478,-18.7405,0.0611,30.4427,0,0,0
-0.1453,0.2646,0.9622,-19.7023,3.4275,35.5573,0,0,0
-0.1631,0.3064,0.9485,-18.0534,1.7328,40.9008,0,0,0
-0.1848,0.3423,0.9517,-15.7328,1.626,39.6565,0,0,0
-0.1938,0.3733,0.9502,-16.1069,-0.0916,34.7176,0,0,0
-0.1321,0.3772,0.9729,-14.4122,0.0229,25.0076,0,0,0
-0.1501,0.3521,0.9814,-12.9542,-0.2672,16.5496,0,0,0
-0.1584,0.3254,0.9661,-14.4275,-0.1374,15.313,0,0,0
-0.1309,0.2952,0.9529,-12.3893,0.0763,14.7023,0,0,0
-0.1443,0.325,0.9685,-11.5649,-0.8092,12.1145,0,0,0
-0.1665,0.3257,0.9385,-7.9695,-0.4809,7.3282,0,0,0
-0.1533,0.3411,0.9619,-3.9695,-1.7252,-0.0992,0,0,0
-0.1541,0.3186,0.9602,-2.4351,-1.1756,-3.3969,0,0,0
-0.1582,0.3447,0.97,-3.9847,-1.2977,-4.0458,0,0,0
-0.1572,0.3311,0.957,-5.1069,-1.771,-5.687,0,0,0
-0.157,0.2974,0.9573,-4.8779,-2.084,-5.7863,0,0,0
-0.1655,0.2925,0.958,-3.313,-2.1374,-4.1679,0,0,0
-0.1609,0.3196,0.9587,-2.5573,-2.6489,-5.374,0,0,0
-0.155,0.3191,0.9653,-2.5496,-2.8931,-5.7863,0,0,0
-0.1455,0.3213,0.9712,-3.1145,-2.9924,-6.9237,0,0,0
-0.1553,0.3162,0.9661,-2.2824,-2.9237,-7.9237,0,0,0
-0.1667,0.3291,0.9536,-1.6031,-3.3664,-10.3359,0,0,0
-0.1604,0.3083,0.9658,-2.3588,-4.3893,-13.1908,0,0,0
-0.1497,0.3416,0.9797,-2.771,-5.6489,-13.0763,0,0,0
-0.1562,0.3213,0.9651,-4.3588,-5.229,-14.3588,0,0,0
-0.1448,0.2874,0.9646,-3.2748,-6.4275,-14.9542,0,0,0
-0.1509,0.2947,0.9661,-2.1145,-6.4122,-13.2595,0,0,0
-0.1638,0.3174,0.9702,-1.1527,-6.4427,-13.7634,0,0,0
-0.1863,0.3035,0.9595,-0.145,-7.8244,-18.145,0,0,0
-0.1514,0.2981,0.9668,1.4046,-9.6794,-18.9466,0,0,0
-0.1411,0.2766,0.9761,1.374,-8.7023,-16.0687,0,0,0
-0.1509,0.3096,0.9819,2.1145,-8.626,-13.3206,0,0,0
-0.1504,0.3101,0.988,0.5802,-7.084,-12.6031,0,0,0
-0.1521,0.2961,0.9714,0.9771,-5.0992,-10.8092,0,0,0
-0.1421,0.2961,0.9692,2.4275,-4.8779,-10.2672,0,1,0
-0.144,0.3069,0.9719,1.8855,-3.7557,-7.5191,0,1,0
-0.1499,0.3206,0.9824,0.4809,-2.7176,-4.4885,0,1,0
-0.1497,0.3164,0.9751,-0.9084,-2.229,-3.5267,0,1,0
-0.1431,0.3062,0.9731,-1.229,-1.9389,-2.855,0,1,0
-0.1382,0.3174,0.9817,-1.1908,-0.7481,-1.5573,0,1,0
-0.1492,0.3123,0.9722,-1.5038,-0.6947,-2.2443,0,0,1
-0.1455,0.3071,0.9697,-1.5725,-0.4733,-1.8168,0,0,1
-0.1555,0.3066,0.9722,-1.2595,-0.374,-2.0076,0,0,1
-0.1548,0.301,0.9626,-0.2519,-0.4656,-1.5344,0,0,1
-0.1526,0.313,0.9709,-0.5725,-0.687,-0.5267,0,0,1
-0.1506,0.311,0.969,-0.4962,-0.5344,0.0153,0,0,1
-0.155,0.3123,0.9653,-0.5344,-0.374,-0.0916,0,0,1
-0.1492,0.3269,0.9705,-1.0305,-0.5573,-0.3435,0,0,1
-0.146,0.332,0.9687,-2.2214,0.2595,-0.4656,0,0,1
-0.146,0.3093,0.9719,-2.4733,0.2595,-0.0076,0,0,1
-0.1492,0.3208,0.9695,-2.8321,1.0229,0.2443,0,0,1
-0.1479,0.3079,0.9717,-2.4733,0.3435,-0.0611,0,0,1
-0.1528,0.3179,0.9644,-2.0763,-0.0458,0.0076,0,0,1
-0.1438,0.3083,0.9636,-1.9847,0.1679,0.4351,0,0,1
-0.1501,0.311,0.9739,-1.8321,0.0534,1.2443,0,0,1
-0.1455,0.3164,0.9746,-2.0992,0.6107,1.6336,0,0,1
-0.1465,0.313,0.9714,-2.4809,0.6947,2.7176,0,0,1
-0.1519,0.3103,0.9775,-2.9466,1.0687,2.0534,0,0,1
-0.1611,0.3105,0.9646,-2.0534,0.4351,1.7176,0,0,1
-0.1548,0.312,0.96,-2.542,0.4351,2.1756,0,0,1
-0.1533,0.3125,0.96,-2.4809,-0.1221,1.9389,0,0,1
-0.1562,0.314,0.9685,-2.4198,-0.0458,1.458,0,0,1
-0.1533,0.3186,0.9666,-2.3664,-0.7481,0.8626,0,0,1
-0.1494,0.3184,0.9685,-2.6489,-0.6641,-0.3588,0,0,1
-0.1489,0.3052,0.9702,-2.5191,-0.3053,-0.8092,0,0,1
-0.1465,0.313,0.9709,-1.4122,-0.1832,-1.2824,0,0,1
-0.1497,0.3093,0.9617,-1.8015,-0.0534,-0.9542,0,0,1
-0.157,0.3127,0.9663,-1.6489,-0.0687,-0.8092,0,0,1
-0.1577,0.3108,0.9646,-1.1298,-0.7405,-1.8855,0,0,1
-0.1531,0.3047,0.9602,-1.2748,-0.9313,-2.8321,0,0,1
-0.1523,0.3181,0.9668,-1.084,-1.0076,-4.229,0,0,1
-0.1455,0.3279,0.9817,-0.9084,-0.1985,-6.313,0,0,1
-0.1511,0.3171,0.967,-0.6412,0.5496,-9.1679,0,0,1
-0.1509,0.2976,0.9656,1.1298,0.8626,-12.855,0,0,1
-0.1575,0.2881,0.9763,2.9618,2.1756,-14.6107,0,0,1
-0.1621,0.3086,0.9648,5.2824,2.4733,-15.9237,0,0,1
-0.1484,0.312,0.9695,5.5267,2.9084,-16.5725,0,0,1
-0.158,0.3186,0.9724,6.4809,3.3969,-17.4809,0,0,1
-0.158,0.3015,0.9685,7.5191,5.4427,-21.855,0,0,1
-0.1519,0.3003,0.9878,10.6718,7.4122,-26.9924,0,0,1
-0.1396,0.3306,1.0056,11.5191,12.2595,-29.9924,0,0,1
-0.1729,0.3345,0.9832,9.7176,12.5496,-25.4809,0,0,1
-0.188,0.3357,0.947,5.7863,10.0,-19.9466,0,0,1
-0.1948,0.3169,0.9211,3.9389,6.6794,-13.6794,0,0,1
-0.1875,0.3223,0.9329,2.0763,1.5878,-7.9847,0,0,1
-0.1848,0.3186,0.9517,-0.1985,-0.7328,-3.1603,0,0,1
-0.1836,0.3228,0.9712,-1.2748,-0.8855,-1.0305,0,0,1
-0.1746,0.3208,0.9658,-0.5954,-1.2137,-1.2748,0,0,1
-0.1616,0.3325,0.9683,-0.4733,-0.1832,-2.6031,0,0,1
-0.1584,0.3105,0.9839,0.3969,2.4962,-4.6565,0,0,1
-0.1748,0.3193,0.9788,1.4962,6.7481,-6.3053,0,0,1
-0.1807,0.3354,0.9651,1.6031,8.2443,-7.5267,0,0,1
-0.1799,0.3179,0.9614,0.9466,9.3053,-7.3511,0,0,1
-0.187,0.3179,0.9675,1.7481,8.9695,-5.8092,0,0,1
-0.2002,0.3345,0.9519,0.6947,8.1527,-4.1832,0,0,1
-0.1965,0.3311,0.9468,-0.8779,7.2977,-3.7634,0,0,1
-0.2002,0.3289,0.9414,-0.6565,4.0458,-4.8855,0,0,1
-0.1917,0.3359,0.9468,-0.4351,2.1603,-4.3511,0,0,1
-0.1714,0.3198,1.0127,0.4046,4.8321,-10.5725,0,0,1
-0.1641,0.2666,1.063,2.9847,22.7099,-19.1145,0,0,1
-0.1821,0.3047,1.0222,6.0687,37.7328,-21.4809,0,0,1
-0.2312,0.3308,0.949,6.6412,35.4046,-20.3282,0,0,1
-0.2295,0.3374,0.8821,5.6183,28.1527,-16.7634,0,0,1
-0.2317,0.3381,0.8508,5.2595,16.0611,-12.6565,0,0,1
-0.2258,0.3513,0.8538,3.8473,3.8626,-6.7328,0,0,1
-0.2351,0.3667,0.9341,-0.542,-1.1069,-2.1985,0,0,1
-0.2249,0.3499,0.9919,-5.4962,-1.2519,-4.8626,0,0,1
-0.208,0.3108,0.9968,-0.7863,1.7176,-8.4504,0,0,1
-0.2324,0.2939,0.9414,0.4885,7.8855,-9.4656,0,0,1
-0.2363,0.3396,0.9617,-0.4275,6.8168,-9.6489,0,0,1
-0.2285,0.3149,0.9653,-0.5344,9.9008,-11.5496,0,0,1
-0.2222,0.2886,0.9568,1.8931,13.4809,-12.5573,0,0,1
-0.2397,0.3281,0.9021,2.687,10.1679,-10.2214,0,0,1
-0.2451,0.3455,0.9111,1.7023,4.5878,-6.5573,0,0,1
-0.2385,0.3555,0.9297,-1.3511,0.2366,-5.4275,0,0,1
-0.217,0.304,0.9812,0.4809,4.5878,-8.9847,0,0,1
-0.2346,0.3162,0.9998,3.2519,10.7176,-11.458,0,0,1
-0.2549,0.3181,0.9661,3.4962,15.1832,-13.4809,0,0,1
-0.2454,0.3232,0.9399,3.7023,15.1832,-12.9771,0,0,1
-0.2756,0.3406,0.8887,2.5802,9.0382,-9.8626,0,0,1
-0.2566,0.3499,0.8901,1.3359,0.0763,-5.4809,0,0,1
-0.2458,0.3391,0.9204,-0.5649,-2.8626,-2.5573,0,0,1
-0.2527,0.356,0.9478,-3.8779,-2.771,-0.8855,0,0,1
-0.2471,0.3186,0.9517,-5.3359,-2.8015,0.4656,0,0,1
-0.2424,0.3174,0.9451,-4.1679,-2.1374,1.3206,0,0,1
-0.2512,0.3296,0.9338,-4.1298,-2.4198,1.8931,0,0,1
-0.2529,0.322,0.9319,-4.5954,-2.8397,2.7786,0,0,1
-0.2429,0.3333,0.948,-5.0153,-3.5802,3.2748,0,0,1
-0.2451,0.3176,0.9519,-5.5191,-3.3206,3.5267,0,0,1
-0.2524,0.3191,0.9468,-4.7405,-3.7863,4.5038,0,0,1
-0.2649,0.3452,0.9358,-4.8397,-5.6336,1.0534,0,0,1
-0.2349,0.3071,0.9465,-3.9237,-4.771,-0.2137,0,0,1
-0.2466,0.3174,0.9414,-2.2672,-4.5954,-0.8779,0,0,1
-0.2375,0.3513,0.96,-2.7099,-4.0763,-1.0534,0,0,1
-0.2358,0.3452,0.9429,-3.9771,-6.229,-0.8244,0,0,1
-0.249,0.3215,0.9177,-4.5573,-9.4351,-0.0534,0,0,1
-0.2224,0.3215,0.9524,-4.1221,-8.0611,0.0076,0,0,1
-0.2507,0.3186,0.9512,-4.2824,-6.4275,1.2214,0,0,1
-0.2417,0.3096,0.9429,-4.1679,-7.3511,2.9542,0,0,1
-0.229,0.29,0.9624,-3.3511,-5.5954,1.1145,0,0,1
-0.2273,0.2996,0.9717,-0.4962,-1.5725,-1.6031,0,0,1
-0.2349,0.3298,0.9438,0.771,-1.2748,-1.6641,0,0,1
-0.2332,0.3323,0.9363,-0.4351,-1.8779,-1.4351,0,0,1
-0.2361,0.3269,0.9397,-0.6183,-2.229,-0.7939,0,0,1
-0.2344,0.3206,0.9368,-1.4504,-2.2672,0.4733,0,0,1
-0.2456,0.3337,0.9275,-1.5038,-5.0382,-0.2901,0,0,1
-0.2327,0.3228,0.9365,0.1832,-7.9389,-0.6183,0,0,1
-0.2407,0.3386,0.9324,0.7099,-9.8702,-1.084,1,0,0
-0.2305,0.3528,0.9304,0.2137,-12.7786,-1.4427,1,0,0
-0.2334,0.3401,0.9229,0.4351,-17.9847,-2.2214,1,0,0
-0.2185,0.3547,0.9502,0.3435,-21.0992,-2.0076,1,0,0
-0.2075,0.3386,0.9478,-1.1374,-22.5649,-3.9618,1,0,0
-0.2239,0.321,0.9536,-0.6489,-23.0,-5.4962,1,0,0
-0.2134,0.323,0.9771,-0.6412,-18.7481,-7.7405,1,0,0
-0.2207,0.3118,0.9924,-0.7481,-13.229,-11.5344,1,0,0
-0.2124,0.3086,0.9797,0.0153,-7.6641,-13.5267,1,0,0
-0.2104,0.314,0.9475,1.1603,-6.5267,-13.8473,1,0,0
-0.2,0.3064,0.947,2.458,-7.4656,-15.0534,1,0,0
-0.2036,0.3064,0.9609,2.5344,-6.3969,-12.5344,1,0,0
-0.2141,0.3066,0.9658,2.2214,-4.5115,-9.5496,1,0,0
-0.2,0.312,0.9712,3.0611,-3.4046,-8.855,1,0,0
-0.2078,0.3281,0.9485,3.4809,-2.145,-7.2214,1,0,0
-0.1909,0.3308,0.9712,2.3282,-2.5878,-6.7863,1,0,0
-0.1948,0.3154,0.9661,2.0611,-0.5954,-5.9008,1,0,0
-0.1914,0.3306,0.9648,3.6794,1.6031,-6.1679,1,0,0
-0.2141,0.3467,0.9519,2.0763,2.313,-4.8015,1,0,0
-0.2261,0.3384,0.9407,0.9695,0.5191,-4.0534,1,0,0
-0.2144,0.3406,0.9434,0.4351,0.0916,-2.2061,1,0,0
-0.2349,0.3423,0.929,-0.6412,-1.0,-3.7481,1,0,0
-0.2197,0.325,0.9441,-0.2519,-2.1603,-4.2672,1,0,0
-0.2153,0.3374,0.9587,-0.3053,-2.1221,-4.8626,1,0,0
-0.2,0.3296,0.9722,0.0611,-1.4046,-5.9237,1,0,0
-0.2078,0.3435,0.959,-0.1908,-0.3664,-6.5802,1,0,0
-0.2017,0.3191,0.947,0.3282,0.0458,-7.0992,1,0,0
-0.2087,0.3215,0.9482,0.855,0.6031,-6.3511,1,0,0
-0.2129,0.323,0.9417,0.8855,0.1145,-4.5725,1,0,0
-0.2261,0.3367,0.9456,-0.1832,-0.6794,-3.5115,1,0,0
-0.2202,0.3401,0.9639,-1.5496,-1.0687,-2.3359,1,0,0
-0.2178,0.3342,0.9612,-2.1985,-0.9008,-4.542,1,0,0
-0.2078,0.3174,0.9729,-0.4275,1.4122,-8.8168,1,0,0
-0.2087,0.3232,0.9517,0.8092,3.542,-9.2824,1,0,0
-0.2039,0.3184,0.9438,1.8397,5.4122,-10.1069,1,0,0
-0.2158,0.3254,0.9373,1.8931,6.2366,-8.4351,1,0,0
-0.2195,0.3235,0.9463,1.4962,6.3969,-6.1374,1,0,0
-0.2217,0.3303,0.9336,0.7328,6.1908,-4.9924,1,0,0
-0.2375,0.3369,0.9463,-0.1832,5.4046,-3.4275,1,0,0
-0.2307,0.3455,0.9656,-2.687,7.626,-2.5878,1,0,0
-0.2195,0.3108,0.9895,-3.6794,11.7634,-3.9771,1,0,0
-0.2185,0.3027,0.9832,-3.7099,17.916,-5.7328,1,0,0
-0.2327,0.3171,0.9634,-3.2366,20.5878,-3.5573,1,0,0
-0.2449,0.3267,0.9233,-3.7557,22.7099,-1.3206,1,0,0
-0.2419,0.3467,0.9143,-2.8092,16.9847,-0.9924,1,0,0
-0.2363,0.344,0.8955,-2.5573,9.9847,0.3893,1,0,0
-0.2327,0.3347,0.9219,-1.0305,3.3969,0.9847,1,0,0
-0.2307,0.3303,0.947,-1.2443,2.5725,0.8779,1,0,0
-0.2458,0.3413,0.9761,-1.2443,3.9542,-1.4198,1,0,0
-0.2739,0.2964,0.9404,-2.0763,17.2061,-3.2366,1,0,0
-0.2695,0.3164,0.9866,-2.1603,21.6412,-4.229,1,0,0
-0.2771,0.3276,0.9055,-1.5267,18.5725,-3.1374,1,0,0
-0.251,0.3455,0.8967,-0.6947,13.0305,-1.0229,1,0,0
-0.2495,0.3469,0.8953,-1.7176,4.2672,-1.1985,1,0,0
-0.2427,0.3335,0.9304,-1.3893,-0.374,-0.313,1,0,0
-0.2607,0.3323,0.958,-1.8015,0.0611,-2.2443,1,0,0
-0.2625,0.3198,0.9421,0.0,-0.0153,-2.8092,1,0,0
-0.2649,0.3342,0.9324,0.3359,-0.1985,-4.0305,1,0,0
-0.2625,0.3264,0.9407,0.2977,-0.1603,-4.7634,1,0,0
-0.2622,0.3337,0.9353,0.3817,-0.6489,-4.5649,1,0,0
-0.2661,0.3452,0.9573,0.1374,-0.3664,-5.4809,1,0,0
-0.2532,0.3374,0.9619,-0.8779,0.8779,-7.8626,1,0,0
-0.2598,0.2898,0.9683,0.7939,9.9466,-10.5573,1,0,0
-0.2612,0.3191,0.9438,1.3359,8.2748,-10.6031,1,0,0
-0.2854,0.3364,0.896,1.8397,3.5191,-7.5649,1,0,0
-0.2605,0.3376,0.9067,0.6412,1.0153,-4.4275,1,0,0
-0.2637,0.3386,0.925,-0.626,0.6107,-4.0,1,0,0
-0.2605,0.3303,0.9514,-0.7099,1.313,-3.5115,1,0,0
-0.269,0.3281,0.9309,-1.5191,3.7405,-2.3511,1,0,0
-0.2739,0.3315,0.9353,-2.3893,4.2366,-2.2061,1,0,0
-0.2581,0.3237,0.9573,-1.6947,5.4504,-2.8702,1,0,0
-0.2588,0.3083,0.9656,-0.8321,9.9313,-4.6412,1,0,0
-0.2661,0.3296,0.9717,-0.4809,12.1832,-5.229,1,0,0
-0.2642,0.3347,0.9141,0.4122,10.8626,-3.5115,1,0,0
-0.2939,0.3374,0.886,0.7405,5.8855,-2.0763,1,0,0
-0.281,0.3494,0.9031,-0.1756,2.2366,-1.0076,1,0,0
-0.2742,0.3328,0.9233,-1.7405,0.8092,-0.6641,1,0,0
-0.2783,0.3286,0.939,-1.9008,1.2366,-0.4275,1,0,0
-0.2837,0.3291,0.9458,-1.8855,1.5115,-0.1603,1,0,0
-0.2693,0.3247,0.9553,-2.1298,3.1069,0.1374,1,0,0
-0.3098,0.3176,0.9028,-2.3206,8.6336,-0.9618,1,0,0
-0.2893,0.322,0.927,-0.2748,6.6641,-0.1527,1,0,0
-0.2771,0.3408,0.9055,-1.5496,2.145,0.6107,1,0,0
-0.2781,0.3416,0.9114,-2.3969,0.3359,0.5649,1,0,0
-0.2866,0.3311,0.9395,-2.0305,-0.8855,-0.3359,1,0,0
-0.2888,0.3311,0.9299,-1.5878,-0.8855,-0.4198,1,0,0
-0.2952,0.3389,0.926,-1.6947,-1.0916,-1.4656,1,0,0
-0.2961,0.3374,0.9377,-1.3435,-1.8855,-2.0687,1,0,0
-0.2815,0.3337,0.9275,-0.4809,-2.3359,-3.9924,1,0,0
-0.2861,0.3386,0.9255,-0.7023,-1.9466,-3.8702,1,0,0
-0.2874,0.3347,0.925,-1.8855,-2.3817,-2.6412,1,0,0
-0.2761,0.3179,0.9182,-2.0534,-3.0076,-2.542,1,0,0
-0.2761,0.3154,0.927,-0.6565,-2.7099,-2.2214,1,0,0
-0.2871,0.3333,0.9343,-0.1908,-2.771,-2.0229,1,0,0
-0.2788,0.3298,0.9343,-0.3664,-2.7634,-1.6718,1,0,0
-0.2839,0.3413,0.9387,-0.7863,-2.2061,-3.2443,1,0,0
-0.2781,0.3271,0.9407,0.3511,-2.1603,-3.7023,1,0,0
-0.2847,0.345,0.9321,-0.1603,-2.1832,-5.6489,1,0,0
-0.2791,0.3271,0.936,0.1679,-1.8855,-5.4427,1,0,0
-0.2861,0.3298,0.9265,0.0534,-1.855,-4.3206,1,0,0
-0.2903,0.3296,0.9253,-0.542,-2.2824,-3.6718,1,0,0
-0.2766,0.3208,0.9265,-0.3053,-2.9771,-3.458,1,0,0
-0.2751,0.3181,0.9263,0.8702,-3.1603,-4.1527,1,0,0
-0.2832,0.3335,0.9309,1.1527,-2.9237,-2.8321,1,0,0
-0.2732,0.3333,0.949,-0.6641,-1.6336,-2.8015,1,0,0
-0.2776,0.3401,0.9192,-0.0687,-1.3282,-1.5573,1,0,0
-0.2795,0.3469,0.9038,-2.3359,-1.1832,0.3588,1,0,0
-0.2749,0.3157,0.9343,-4.0611,-1.3359,0.4122,1,0,0
-0.2761,0.3174,0.9624,-1.1679,0.0458,-1.3664,1,0,0
-0.2808,0.343,0.9199,-0.9466,-0.3435,-1.0687,1,0,0
-0.2786,0.3374,0.9263,-1.9466,-0.3282,-0.4198,1,0,0
-0.281,0.3308,0.9229,-1.5954,-0.2748,0.0382,1,0,0
-0.2798,0.3425,0.9297,-3.0,-0.1908,-0.3893,1,0,0
-0.2773,0.3286,0.938,-2.0229,-0.145,-1.5038,1,0,0
-0.2881,0.3374,0.9353,-1.2824,-0.3206,-1.2977,1,0,0
-0.2803,0.3359,0.9272,-2.6794,-0.5649,-1.2137,1,0,0
-0.2788,0.3247,0.9165,-2.1527,-0.2443,-0.5878,1,0,0
-0.2756,0.3303,0.9368,-3.0076,-0.6336,0.7557,1,0,0
-0.2786,0.333,0.9434,-3.0076,-0.0687,0.3282,1,0,0
-0.2827,0.3184,0.9351,-0.9618,0.1908,-0.1298,1,0,0
-0.283,0.3347,0.9175,-1.1679,-0.1985,0.0382,1,0,0
-0.2761,0.3342,0.9214,-2.1145,-0.2748,0.5038,1,0,0
-0.291,0.3403,0.9277,-2.3511,-0.1832,1.0458,1,0,0
-0.2781,0.3406,0.9333,-3.7252,-0.8779,1.7099,1,0,0
-0.2722,0.3247,0.9426,-3.1069,-0.2977,-1.0763,1,0,0
-0.2813,0.3245,0.927,-0.6489,-0.0763,-2.1145,1,0,0
-0.2817,0.3362,0.9238,-1.3053,-0.5496,-2.0305,1,0,0
-0.2815,0.3218,0.9241,-0.9924,-0.6718,-2.0305,1,0,0
-0.2854,0.3281,0.9187,-0.2061,-1.2214,-1.4275,1,0,0
-0.2869,0.3301,0.9187,-0.6183,-1.5725,-1.1985,1,0,0
-0.2893,0.3428,0.9165,-1.0076,-2.3664,-0.9771,1,0,0
-0.2786,0.3418,0.9224,-2.145,-3.1985,-2.6412,1,0,0
-0.2795,0.3372,0.9294,-0.7252,-4.2214,-5.0687,1,0,0
-0.2771,0.3379,0.9236,0.7405,-6.4046,-8.2061,1,0,0
-0.283,0.3369,0.9241,0.7328,-6.4046,-8.9008,1,0,0
-0.2861,0.3337,0.9431,1.3206,-6.9542,-9.8321,1,0,0
-0.2866,0.3374,0.916,0.5496,-6.0153,-7.9313,1,0,0
-0.2813,0.3333,0.9338,-0.1298,-6.7023,-7.771,1,0,0
-0.2903,0.3289,0.9229,0.145,-8.1832,-6.9084,1,0,0
-0.2766,0.3362,0.9312,-0.0687,-9.5115,-7.6794,1,0,0
-0.2749,0.3201,0.9397,0.2214,-8.229,-9.0916,1,0,0
-0.2676,0.3232,0.9368,2.4351,-8.1374,-8.5038,1,0,0
-0.2559,0.343,0.9399,2.5878,-7.229,-7.9618,1,0,0
-0.2786,0.3462,0.9119,0.8397,-7.8092,-7.7405,1,0,0
-0.2886,0.3423,0.928,1.3053,-10.3511,-9.0,1,0,0
-0.2676,0.3357,0.9272,1.7252,-11.374,-8.7939,1,0,0
-0.2688,0.3176,0.9463,1.3282,-11.8321,-8.458,1,0,0
-0.2671,0.3281,0.9583,-1.2214,-5.9084,-6.1679,1,0,0
-0.2576,0.3337,0.9512,-0.313,-5.0992,-5.5267,1,0,0
-0.2559,0.3298,0.9324,-0.771,-2.8244,-4.1603,1,0,0
-0.2561,0.3237,0.9307,-0.0305,-3.3511,-6.1756,1,0,0
-0.2563,0.3208,0.9346,0.9008,-2.1298,-4.458,1,0,0
-0.2615,0.334,0.9355,0.0611,-0.855,-3.5573,1,0,0
-0.2646,0.335,0.9468,-0.5191,-0.145,-3.4733,1,0,0
-0.2644,0.3281,0.9307,0.1985,0.084,-2.7481,1,0,0
-0.2686,0.3369,0.9165,-0.5191,0.1603,-1.6565,1,0,0
-0.2632,0.3225,0.9404,-0.5802,0.1145,-1.3053,1,0,0
-0.27,0.3364,0.9373,-0.8626,0.0763,-1.8855,1,0,0
-0.2671,0.3323,0.9341,-0.9313,0.7786,-1.3435,1,0,0
-0.2656,0.3374,0.9414,-1.3359,0.5191,-1.0611,1,0,0
-0.2676,0.3354,0.9214,-0.4351,0.3893,-0.9695,1,0,0
-0.2703,0.3301,0.926,-2.0153,0.3282,-1.1298,1,0,0
-0.2705,0.3311,0.9438,-0.8931,0.4046,-1.4733,1,0,0
-0.272,0.3357,0.9282,-0.2901,-0.1679,-1.6641,1,0,0
-0.2722,0.3379,0.9199,-1.1221,-0.5802,-1.2366,1,0,0
-0.2756,0.3394,0.9309,-1.9618,-0.8015,-1.1908,1,0,0
-0.271,0.3384,0.9302,-2.0687,-1.1679,-0.7405,1,0,0
-0.2637,0.3318,0.9297,-2.8397,-1.0229,-0.4504,1,0,0
-0.2664,0.3364,0.9358,-2.7176,-1.1679,0.2977,1,0,0
-0.2651,0.3364,0.9485,-3.4427,-0.687,0.8626,1,0,0
-0.2524,0.3262,0.9556,-2.0305,0.3664,-1.7099,1,0,0
-0.271,0.3357,0.9316,-0.2214,0.4122,-1.8015,1,0,0
-0.2734,0.3416,0.9346,-1.0305,0.145,-2.2977,1,0,0
-0.2695,0.3335,0.9333,-1.6565,0.0458,-2.374,1,0,0
-0.2612,0.3169,0.9253,-1.6489,0.3817,-0.7481,1,0,0
-0.2693,0.3362,0.9517,-1.7023,-0.0992,-3.4122,1,0,0
-0.2729,0.3313,0.9333,0.4809,0.4962,-3.0611,1,0,0
-0.2693,0.3374,0.9263,-0.5496,0.1985,-2.5496,1,0,0
-0.2722,0.3477,0.9355,-1.5038,0.1756,-2.2519,1,0,0
-0.2676,0.3342,0.9233,-1.9771,-0.1145,-0.9771,1,0,0
-0.2651,0.3284,0.9321,-1.6718,0.2061,-0.6031,1,0,0
-0.2729,0.334,0.9236,-1.5802,0.2748,-0.1221,1,0,0
-0.2771,0.334,0.9263,-2.1527,-0.0305,0.2672,1,0,0
-0.2651,0.3298,0.9382,-2.374,-0.3053,0.145,1,0,0
-0.2678,0.3245,0.9368,-1.4198,-0.5267,-0.542,1,0,0
-0.2744,0.3293,0.9329,-0.374,-0.4504,-0.5573,1,0,0
-0.2766,0.3438,0.9341,-1.6641,-0.3282,-0.1145,1,0,0
-0.27,0.3401,0.9409,-2.4885,-0.3206,0.084,1,0,0
-0.262,0.3328,0.9438,-2.2748,-0.2595,-0.855,1,0,0
-0.2676,0.335,0.9363,-1.7252,0.2061,-0.3053,1,0,0
-0.269,0.3337,0.937,-1.7863,0.229,-0.7863,1,0,0
-0.2734,0.3394,0.9241,-2.0305,0.4656,-0.2824,1,0,0
-0.2678,0.3372,0.9265,-3.084,0.4275,0.6641,1,0,0
-0.2671,0.3184,0.9409,-2.0305,0.0382,-1.1069,1,0,0
-0.2754,0.3259,0.9309,0.4351,0.0153,-1.1527,1,0,0
-0.2771,0.3503,0.9189,-0.8015,-0.4046,-1.2901,1,0,0
-0.2722,0.3447,0.9373,-1.9389,-0.2061,-1.8244,1,0,0
-0.2712,0.3347,0.9326,-1.2824,-0.0305,-1.8168,1,0,0
-0.272,0.334,0.9333,-1.3817,-0.1603,-1.916,1,0,0
-0.2705,0.332,0.936,-1.5802,-0.2824,-1.8321,1,0,0
-0.2678,0.3289,0.9326,-1.7405,0.1832,-2.3206,1,0,0
-0.2717,0.3313,0.9407,-0.7099,0.9389,-2.2443,1,0,0
-0.2649,0.3306,0.9365,-0.4351,1.4275,-3.3435,1,0,0
-0.2654,0.3293,0.9353,1.3053,2.7786,-4.6794,1,0,0
-0.2942,0.3286,0.9331,1.9695,4.9466,-6.5267,1,0,0
-0.2996,0.3408,0.9128,0.6641,2.9847,-4.5344,1,0,0
-0.2793,0.3359,0.9141,-0.4885,1.3359,-2.0687,1,0,0
-0.2764,0.3354,0.9214,-1.1603,1.1527,-1.5038,1,0,0
-0.2744,0.3438,0.937,-2.7863,1.4733,-1.4351,1,0,0
-0.2852,0.3252,0.929,-2.6565,2.0305,-1.1298,1,0,0
-0.2827,0.3303,0.917,-2.4809,1.9237,-0.5038,1,0,0
-0.2737,0.3281,0.926,-1.916,1.1832,-1.2061,1,0,0
-0.2759,0.3384,0.928,-1.9313,1.0458,-0.9695,1,0,0
-0.2744,0.3372,0.9197,-2.5802,1.2519,0.0534,1,0,0
-0.281,0.3494,0.946,-3.6489,2.1908,-0.145,1,0,0
-0.2844,0.3359,0.9329,-2.9924,2.0076,-1.3817,1,0,0
-0.2771,0.3345,0.9346,-3.0229,2.8626,-2.0305,1,0,0
-0.2803,0.3333,0.9333,-2.4504,2.855,-2.7176,1,0,0
-0.2786,0.3306,0.9399,-2.3435,4.8779,-3.3359,1,0,0
-0.2786,0.3303,0.9341,-2.3817,6.6183,-4.2977,1,0,0
-0.2883,0.3149,0.9102,-2.0687,6.8321,-4.2214,1,0,0
-0.2783,0.3374,0.9106,-1.8168,4.3664,-2.8168,1,0,0
-0.2795,0.3303,0.9141,-0.6641,1.2366,-3.0534,1,0,0
-0.2878,0.3313,0.9326,0.1221,1.0992,-3.0687,1,0,0
-0.2856,0.3257,0.96,0.0687,2.4809,-5.2901,1,0,0
-0.2947,0.3081,0.9165,-0.5115,8.4122,-5.9466,1,0,0
-0.2761,0.3433,0.9609,-1.5649,13.2443,-9.3511,1,0,0
-0.3025,0.335,0.9504,-1.9771,15.7863,-11.2214,1,0,0
-0.2942,0.3281,0.9226,-2.2672,17.084,-12.7786,1,0,0
-0.2991,0.3149,0.8838,-1.8779,16.5038,-13.0076,1,0,0
-0.3142,0.3215,0.8679,-0.3511,9.3969,-6.855,1,0,0
-0.3015,0.3425,0.863,-1.2061,0.1908,-1.7023,1,0,0
-0.2964,0.3372,0.9165,-3.8473,-0.6336,-1.4504,1,0,0
-0.314,0.3101,0.9546,-2.855,0.4504,-1.6031,1,0,0
-0.3079,0.3301,0.9265,-1.0534,0.1527,-1.2214,1,0,0
-0.3062,0.3403,0.9243,-3.084,0.7557,-2.0916,1,0,0
-0.301,0.3235,0.9309,-1.9771,1.7634,-2.8397,1,0,0
-0.3132,0.3286,0.9097,-1.9618,3.5802,-1.771,1,0,0
-0.311,0.3196,0.9075,-2.2672,0.7252,0.0534,1,0,0
-0.3103,0.3235,0.9219,-2.6336,-0.4962,-0.1679,1,0,0
-0.312,0.3306,0.9253,-1.7786,-0.5649,-0.0992,1,0,0
-0.3096,0.3386,0.915,-1.7786,-0.9237,-0.5725,1,0,0
-0.3015,0.3428,0.928,-2.9008,-0.626,-1.6031,1,0,0
-0.2979,0.3269,0.9297,-2.3588,-0.0458,-2.1603,1,0,0
-0.3108,0.3218,0.9153,-1.8015,-0.3435,-2.1908,1,0,0
-0.3091,0.3188,0.9204,-2.0153,-0.4962,-1.7939,1,0,0
-0.3081,0.3245,0.9165,-1.9695,-0.7863,-0.9695,1,0,0
-0.3059,0.3323,0.9219,-2.6031,-1.2824,-0.4809,1,0,0
-0.304,0.3313,0.9202,-2.5573,-0.7557,-0.3511,0,0,0
-0.3027,0.3225,0.9172,-1.4885,-1.0382,-0.4809,0,0,0
-0.311,0.3379,0.9272,-2.4122,-0.7634,-0.9084,0,0,0
-0.3049,0.3228,0.9309,-2.2519,-0.6336,-1.0458,0,0,0
-0.3115,0.3271,0.9307,-1.5725,-0.5115,-0.8931,0,0,0
-0.303,0.3333,0.9253,-2.4427,-0.3893,-0.5573,0,0,0
-0.303,0.3271,0.9211,-2.3588,-0.0534,-0.229,0,0,0
-0.3123,0.3418,0.9272,-2.5878,-0.0305,-1.0763,0,0,0
-0.3118,0.322,0.9248,-2.8092,-0.1221,-1.2748,0,0,0
-0.3062,0.3184,0.9158,-1.5802,-0.1221,-1.5649,0,0,0
-0.3113,0.3306,0.9216,-2.0534,-0.2443,-1.2901,0,0,0
-0.3076,0.324,0.9138,-1.6031,-0.4275,-1.0763,0,0,0
-0.3059,0.3296,0.9116,-1.7328,-0.4885,-1.1145,0,0,0
-0.3074,0.3276,0.9282,-1.9008,-0.4962,-1.0687,0,0,0
-0.3059,0.3286,0.9336,-1.5267,0.0458,-2.4198,0,0,0
-0.3027,0.3298,0.9387,-1.5267,0.9695,-3.1832,0,0,0
-0.3113,0.3279,0.9377,-0.9847,2.1298,-4.0458,0,0,0
-0.3076,0.332,0.9387,-3.6107,7.313,-4.4504,0,0,0
-0.3125,0.3157,0.9243,-3.1603,6.5725,-4.3817,0,0,0
-0.3135,0.3296,0.9111,-2.3664,5.1374,-3.458,0,0,0
-0.3152,0.3071,0.8906,-3.2672,3.8473,-3.7405,0,0,0
-0.3086,0.3308,0.9158,-2.2443,1.6794,-2.1527,0,0,0
-0.3049,0.3245,0.9282,-1.2137,1.7252,-3.0611,0,0,0
-0.3276,0.3252,0.9155,-1.5115,3.0458,-2.9771,0,0,0
-0.3176,0.3169,0.9241,-1.1374,1.7634,-2.8092,0,0,0
-0.3171,0.3308,0.9138,-1.1221,0.9389,-2.1221,0,0,0
-0.3237,0.3445,0.9172,-2.7634,0.229,-0.6336,0,0,0
-0.3247,0.3254,0.9165,-4.5573,1.1832,-0.3511,0,0,0
-0.3062,0.3066,0.9368,-3.7099,1.1832,-2.2672,0,0,0
-0.3069,0.3069,0.9407,-1.3588,3.4656,-4.0687,0,0,0
-0.3191,0.3201,0.9204,0.0916,3.0992,-3.855,0,0,0
-0.3145,0.3298,0.9033,-0.0992,2.0534,-2.6794,0,0,0
-0.321,0.3301,0.9087,-0.4275,0.5496,-1.4504,0,0,0
-0.3284,0.3267,0.9155,-1.687,-0.5725,-0.542,0,0,0
-0.3152,0.3337,0.9226,-2.4504,-0.5649,-0.5878,0,0,0
-0.3118,0.3203,0.9211,-2.0305,0.0534,-0.4198,0,0,0
-0.3142,0.3235,0.9238,-1.9466,0.0153,-0.2977,0,0,0
-0.3164,0.3191,0.9319,-1.7176,0.7557,-1.0076,1,0,0
-0.3298,0.3228,0.9141,-0.7863,0.6107,-0.7863,1,0,0
-0.3306,0.3262,0.9043,-2.1756,-0.458,-0.5267,1,0,0
-0.3208,0.321,0.9243,-2.5573,-0.3359,-0.0534,1,0,0
-0.3281,0.3259,0.9209,-2.2214,-0.8779,0.3053,1,0,0
-0.312,0.3279,0.9248,-3.0153,-0.8779,-0.3664,1,0,0
-0.3083,0.3169,0.9224,-1.5573,-0.4656,-1.0687,1,0,0
-0.3167,0.3313,0.9263,-1.4885,-0.084,-0.8473,1,0,0
-0.3191,0.3276,0.9177,-1.9008,0.0611,-1.1298,1,0,0
-0.3232,0.3306,0.9207,-1.5496,-0.4809,-1.0305,1,0,0
-0.3237,0.324,0.9163,-1.7557,-0.4656,-0.458,1,0,0
-0.3213,0.3174,0.9146,-2.6183,-0.8931,0.3206,1,0,0
-0.3179,0.3247,0.9272,-2.542,-0.9771,0.1679,1,0,0
-0.3115,0.3245,0.9331,-2.313,-0.542,-0.3359,1,0,0
-0.3162,0.3235,0.9192,-0.7863,-0.5496,-0.687,1,0,0
-0.3105,0.3242,0.9163,-1.3664,-0.771,-0.5496,1,0,0
-0.322,0.3252,0.9194,-1.7328,-0.4885,-1.1679,1,0,0
-0.3242,0.314,0.916,-0.771,-0.7252,-0.3282,1,0,0
-0.3223,0.3293,0.9111,-1.542,-1.2519,0.1374,1,0,0
-0.3237,0.322,0.9192,-2.2824,-1.3969,0.7557,1,0,0
-0.3184,0.3308,0.9297,-1.9084,-1.626,-0.2214,1,0,0
-0.3186,0.3257,0.9075,-1.626,-2.0076,0.1298,1,0,0
-0.321,0.3247,0.9114,-2.0763,-1.9695,0.7634,1,0,0
-0.3164,0.3086,0.9082,-1.6412,-2.313,1.6031,1,0,0
-0.3245,0.3196,0.9097,-1.626,-2.5802,2.7481,1,0,0
-0.3315,0.311,0.9109,-2.0,-3.8092,4.2977,1,0,0
-0.3276,0.3052,0.9014,-2.5115,-4.9924,7.4427,1,0,0
-0.3662,0.262,0.8931,0.0916,-10.8855,12.916,1,0,0
-0.3271,0.3152,0.8989,-3.3359,-9.1298,17.4275,1,0,0
-0.3083,0.3835,0.9248,-9.3588,-10.2672,21.0611,1,0,0
-0.3005,0.3352,0.9517,-13.5573,-9.8244,20.5878,1,0,0
-0.2937,0.3281,0.9661,-12.5954,-7.4046,24.0992,1,0,0
-0.2544,0.384,0.9536,-14.0992,-5.3359,22.5573,1,0,0
-0.1694,0.3806,1.0105,-16.2672,3.7405,23.229,0,0,0
-0.2852,0.2903,0.9304,-12.4504,3.0611,23.0534,0,0,0
-0.2993,0.3137,0.9487,-8.7405,2.3359,17.4198,0,0,0
-0.2942,0.3164,0.9265,-5.3282,3.4656,14.9237,0,0,0
-0.2983,0.3484,0.905,-6.855,2.8397,16.8321,0,0,0
-0.3093,0.3384,0.9175,-9.771,1.7252,17.9008,0,0,0
-0.3105,0.3386,0.9197,-12.1221,0.7481,19.8855,0,0,0
-0.3105,0.3376,0.9321,-12.4885,-0.2061,18.0534,0,0,0
-0.2878,0.3162,0.9343,-10.8855,-0.3588,16.7863,0,0,0
-0.2795,0.3267,0.9229,-10.6641,0.2901,17.3435,0,0,0
-0.2908,0.3291,0.9297,-11.626,0.8092,18.7252,0,0,0
-0.303,0.3115,0.9363,-11.2366,-0.1832,16.6794,0,0,0
-0.3079,0.3269,0.9304,-8.313,-1.229,11.7939,0,0,0
-0.2896,0.3354,0.9358,-7.1145,-1.374,7.1832,0,0,0
-0.2957,0.3352,0.9358,-7.2595,-1.2672,4.7252,0,0,0
-0.2849,0.3176,0.9419,-6.4351,-0.6718,3.2824,0,0,0
-0.2798,0.3184,0.9297,-5.5573,-0.5191,3.3664,0,0,0
-0.2842,0.3179,0.9236,-6.0,-0.5725,3.6031,0,0,0
-0.2939,0.3196,0.9236,-7.4198,-1.4351,6.5954,0,0,0
-0.2859,0.3098,0.9304,-9.2977,-1.9924,9.1298,0,0,0
-0.2939,0.3279,0.936,-10.8473,-2.2824,11.8473,0,0,0
-0.2847,0.2942,0.9441,-7.8779,-2.8473,5.2061,0,0,0
-0.2695,0.304,0.9363,-4.5267,-1.3053,3.5878,0,0,0
-0.2776,0.3105,0.9417,-3.6565,-0.8168,1.2748,0,0,0
-0.2776,0.3113,0.9438,-2.8168,-0.2672,2.0763,0,0,0
-0.2808,0.3147,0.9502,-3.1985,0.7786,1.9771,0,0,0
-0.2825,0.321,0.9287,-5.0534,0.0611,5.855,0,0,0
-0.2886,0.3071,0.9236,-7.2672,-0.8931,8.5267,0,0,0
-0.2883,0.3176,0.9346,-7.7863,-0.7252,10.4427,0,0,0
-0.2837,0.3157,0.9353,-6.7023,-1.4275,6.7023,0,0,0
-0.2839,0.3167,0.9453,-4.4046,-0.9618,4.9924,0,0,0
-0.2837,0.3206,0.947,-4.5267,-0.3359,3.2214,0,0,0
-0.281,0.3096,0.9368,-3.9618,-0.1221,2.374,0,0,0
-0.2874,0.3169,0.9319,-4.2595,0.1221,2.9618,0,0,0
-0.2817,0.3064,0.928,-4.5878,-0.4427,2.374,0,0,0
-0.2798,0.2979,0.9343,-4.4046,-0.5038,3.2137,0,0,0
-0.2788,0.3049,0.9333,-4.3817,-0.7405,3.2519,0,0,0
-0.2654,0.2952,0.9395,-2.229,-0.1603,1.1527,0,0,0
-0.2725,0.3076,0.9487,0.0534,0.9237,0.0305,0,0,0
-0.2871,0.3372,0.9404,-1.0687,0.9542,-0.3893,0,0,0
-0.2869,0.3037,0.9363,-1.8779,0.8015,-0.3206,0,0,0
-0.28,0.304,0.9365,-1.4122,0.3664,0.0229,0,0,0
-0.2908,0.3223,0.9268,-3.0076,0.4122,0.9695,0,0,0
-0.2776,0.3052,0.9451,-3.6794,-0.1679,0.4275,0,0,0
-0.2769,0.3193,0.9438,-2.6412,0.1145,0.5725,0,0,0
-0.2839,0.3098,0.9277,-2.6794,-0.0916,-0.1221,0,0,0
-0.2791,0.3027,0.9385,-2.5954,0.0611,-0.5725,0,0,0
-0.2795,0.2991,0.9402,-2.3969,0.6336,-0.0153,0,0,0
-0.28,0.2961,0.9482,-1.0611,1.0687,-0.9008,0,0,0
-0.2898,0.3157,0.9338,-0.3893,1.1756,-0.8855,0,0,0
-0.2761,0.3181,0.9302,-1.5038,0.7939,-0.3664,0,0,0
-0.2793,0.3193,0.9363,-1.9389,0.8321,-0.8626,0,0,0
-0.2864,0.312,0.9309,-2.0534,0.4351,-0.5038,0,0,0
-0.2847,0.3188,0.9316,-2.3969,0.6031,-0.9542,0,0,0
-0.2856,0.3152,0.9436,-2.0458,0.8626,-1.5802,0,0,0
-0.2842,0.3042,0.9312,-2.1679,0.2672,-1.3664,0,0,0
-0.2876,0.3066,0.9316,-2.2824,0.0382,-1.7863,0,0,0
-0.2854,0.3113,0.9407,-1.8321,0.4198,-1.0458,0,0,0
-0.281,0.2961,0.9363,-2.0,0.2137,-0.6412,0,0,0
-0.2786,0.2971,0.9395,-0.8015,0.4733,-0.5344,0,0,0
-0.2683,0.2998,0.946,-0.5115,0.9618,-1.3206,0,0,0
-0.2805,0.3123,0.9556,0.8092,2.0076,-2.4275,0,0,0
-0.2856,0.3164,0.939,1.1908,2.9924,-2.8473,0,0,0
-0.2832,0.3184,0.9319,0.9008,2.8092,-3.145,0,0,0
-0.2925,0.3201,0.9268,0.1832,2.1145,-2.1985,0,0,0
-0.2986,0.3225,0.9165,-1.5115,0.4885,-1.1374,0,0,0
-0.2986,0.323,0.918,-2.374,-1.0916,-0.084,0,0,0
-0.2966,0.3186,0.9324,-3.916,-1.5878,0.1756,0,0,0
-0.2817,0.302,0.9343,-3.4809,-1.9389,-0.1527,0,0,0
-0.2803,0.3142,0.9365,-2.9389,-1.542,-0.6794,0,0,0
-0.2773,0.3118,0.9404,-3.5878,-1.3664,-1.6336,0,0,0
-0.2798,0.2942,0.9341,-1.2595,-0.626,-2.1908,0,0,0
-0.2913,0.3076,0.9312,-0.4504,-0.5191,-2.4046,0,0,0
-0.2957,0.313,0.939,-1.542,-1.2214,-2.6489,0,0,0
-0.2839,0.2935,0.9414,-0.8168,-1.1832,-1.4962,0,0,0
-0.2837,0.314,0.9307,-0.6947,-0.9466,-0.8321,0,0,0
-0.2822,0.3228,0.9402,-2.4504,-1.771,0.084,0,0,0
-0.2761,0.3054,0.9482,-2.0153,-1.3664,-0.6336,0,0,0
-0.2766,0.3169,0.9514,-0.8626,-0.2366,-1.8092,0,0,0
-0.2898,0.3167,0.9395,-1.4504,-0.1145,-2.229,0,0,0
-0.2878,0.3037,0.9431,-2.2672,-0.5191,-1.2214,0,0,0
-0.2856,0.3035,0.9377,-1.9771,0.1985,-0.8626,0,0,0
-0.2864,0.3154,0.9368,-1.9008,-0.0153,-0.9542,0,0,0
-0.2869,0.3081,0.9263,-2.1298,-1.0076,-0.8397,0,0,0
-0.2852,0.3091,0.9368,-1.626,-0.7252,-0.8015,0,0,0
-0.2798,0.3186,0.9395,-2.2443,-0.4504,-0.6031,0,0,0
-0.2856,0.3167,0.9414,-2.2519,-0.5802,-0.7328,0,0,0
-0.2842,0.3135,0.9351,-2.3588,-0.5802,-1.7863,0,0,0
-0.2852,0.302,0.9377,-2.0458,-0.2061,-2.1908,0,0,0
-0.2871,0.3015,0.9294,-1.374,-0.4046,-1.8779,0,0,0
-0.283,0.3083,0.937,-1.0687,-0.3282,-1.7939,0,0,0
-0.2856,0.3074,0.9341,-1.0076,-0.7634,-0.9847,0,0,0
-0.292,0.3103,0.9382,-1.8321,-0.6031,-0.6107,0,0,0
-0.2878,0.3149,0.9407,-1.9008,-1.0,-0.1985,0,0,0
-0.2886,0.3167,0.9282,-2.7634,-1.2214,0.3893,0,0,0
-0.2759,0.3081,0.9526,-3.6107,-0.8092,-1.229,0,0,0
-0.2788,0.2935,0.9534,-0.3893,0.4275,-1.5496,0,0,0
-0.2813,0.3193,0.926,-0.8321,0.313,-1.7023,0,0,0
-0.2881,0.3008,0.9338,-1.3511,-0.0916,-1.145,0,0,0
-0.2905,0.3103,0.9346,-1.3359,0.0229,-0.5344,0,0,0
-0.2971,0.3162,0.928,-2.5496,-0.7405,-0.2061,0,0,0
-0.2832,0.3005,0.9404,-1.7328,-1.229,-0.4351,0,0,0
-0.2871,0.3164,0.9321,-1.374,-1.0,-0.5267,0,0,0
-0.2781,0.3169,0.9463,-2.542,-0.9695,-0.6183,0,0,0
-0.2739,0.3042,0.9448,-1.5344,0.0305,-1.4733,0,0,0
-0.2886,0.3086,0.939,-1.1374,0.4046,-1.6336,0,0,0
-0.2954,0.3142,0.9275,-1.7328,-0.3435,-1.9084,0,0,0
-0.2913,0.3035,0.9346,-1.4198,-0.6107,-1.7405,0,0,0
-0.2837,0.313,0.928,-2.0153,-0.9924,-0.2977,0,0,0
-0.2808,0.302,0.9404,-2.5496,-1.084,-0.2214,0,0,0
-0.2825,0.3108,0.946,-1.4046,-0.4351,-0.6107,0,0,0
-0.2847,0.3113,0.9285,-0.8855,-0.5802,-0.4809,0,0,0
-0.2808,0.3096,0.9309,-1.6794,-0.3511,-0.6336,0,0,0
-0.2871,0.3108,0.9414,-1.7252,-0.5267,-1.1298,0,0,0
-0.2905,0.3179,0.9358,-1.5954,-0.5191,-0.8855,0,0,0
-0.2859,0.3098,0.9365,-2.5344,-0.7481,-0.6031,0,0,0
-0.283,0.3015,0.9319,-2.0076,-1.2519,-0.4427,0,0,0
-0.2805,0.3037,0.937,-1.7786,-0.771,-0.4046,0,0,0
-0.2852,0.3118,0.9426,-1.5344,-0.7786,-0.7099,0,0,0
-0.2861,0.3105,0.9407,-1.1221,-0.8321,-0.8855,0,0,0
-0.283,0.3037,0.9436,-1.4962,-0.3969,-1.1756,0,0,0
-0.2869,0.3013,0.9402,-0.9008,0.0305,-0.7634,0,0,0
-0.2849,0.3101,0.9343,-1.1374,-0.5954,-0.4962,0,0,0
-0.2913,0.311,0.9443,-1.3817,-0.2977,-0.6489,0,0,0
-0.2808,0.3044,0.9414,-0.626,-0.3282,-0.8244,0,0,0
-0.2837,0.314,0.9338,-1.1298,-0.0534,-0.6107,0,0,1
-0.2898,0.3213,0.9421,-1.5573,-0.2214,-0.7023,0,0,1
-0.2896,0.3098,0.937,-1.8779,-0.374,-0.7863,0,0,1
-0.2861,0.3096,0.9348,-2.3893,-0.374,-0.3817,0,0,1
-0.292,0.3079,0.9309,-2.4733,-0.6718,-0.3053,0,0,1
-0.2871,0.3123,0.9297,-2.3969,-1.0,-0.0916,0,0,1
-0.2825,0.3093,0.9373,-2.7405,-0.8092,-0.1527,0,0,1
-0.2749,0.2971,0.9429,-0.9618,-0.313,-0.9389,0,0,1
-0.2883,0.3193,0.9263,-0.7939,-0.0076,-0.9771,0,0,1
-0.2893,0.3113,0.9336,-1.458,-0.3511,-1.1527,0,0,1
-0.2891,0.3047,0.9351,-1.2519,-0.6641,-0.8473,0,0,1
-0.2925,0.3152,0.9463,-1.4656,-0.4351,-0.9466,0,0,1
-0.2915,0.3088,0.9355,-1.9771,-0.7863,-0.7023,0,0,1
-0.2842,0.3081,0.9314,-1.4962,-0.6107,-1.084,0,0,1
-0.2866,0.3213,0.9351,-2.0763,-0.313,-0.9847,0,0,1
-0.2905,0.3125,0.9409,-2.6794,-1.2977,-1.1832,0,0,1
-0.2925,0.3127,0.9451,-2.6718,-1.0611,-0.9466,0,0,1
-0.29,0.3118,0.9292,-3.3206,-1.3664,-0.542,0,0,1
-0.2793,0.2993,0.9412,-3.4351,-1.542,0.145,0,0,1
-0.2732,0.3035,0.9478,-2.1374,-0.6412,-0.2366,0,0,1
-0.2842,0.3206,0.9307,-1.8702,-0.3969,-0.3511,0,0,1
-0.2854,0.3064,0.9307,-2.3282,-0.6718,-1.1985,0,0,1
-0.2822,0.2961,0.9368,-0.2672,0.0153,-1.6947,0,0,1
-0.2908,0.3193,0.9294,-0.6107,-0.3969,-1.5802,0,0,1
-0.2957,0.314,0.9351,-2.1603,-1.1603,-1.0382,0,0,1
-0.2854,0.3108,0.9373,-2.542,-1.4656,-1.2748,0,0,1
-0.2791,0.303,0.9326,-2.0229,-1.1145,-1.9389,0,0,1
-0.2778,0.2979,0.947,-0.0305,-0.374,-3.916,0,0,1
-0.2864,0.3086,0.9341,0.9313,0.3206,-3.4962,0,0,1
-0.2847,0.3171,0.9431,-0.1985,-0.1603,-4.4809,0,0,1
-0.2837,0.3076,0.9624,0.458,1.2443,-5.7023,0,0,1
-0.2869,0.3042,0.9543,1.7939,2.3588,-7.313,0,0,1
-0.2769,0.2971,0.9395,1.9771,3.5649,-6.9924,0,0,1
-0.2964,0.3098,0.9219,1.0229,4.4198,-7.3588,0,0,1
-0.2847,0.2922,0.9509,2.4656,3.8244,-8.0076,0,0,1
-0.2856,0.3052,0.9514,4.1908,7.0382,-11.9618,0,0,1
-0.3037,0.3284,0.9294,4.4885,6.0382,-11.6565,0,0,1
-0.3123,0.3228,0.9124,3.8321,1.4885,-11.9618,0,0,1
-0.2898,0.3264,0.9102,3.4656,-1.2748,-11.1832,0,0,1
-0.2954,0.3237,0.9309,1.916,-1.9008,-10.2901,0,0,1
-0.3164,0.3296,0.9277,-0.0305,-2.6718,-7.8397,0,0,1
-0.3137,0.3284,0.9248,-1.458,-5.2061,-8.855,0,0,1
-0.2925,0.3164,0.9387,-2.1908,-6.5954,-10.9084,0,0,1
-0.2932,0.3042,0.936,-2.5496,-6.0382,-8.7481,0,0,1
-0.293,0.3135,0.9365,-2.3969,-7.1374,-9.0534,0,0,1
-0.2793,0.2969,0.9553,-1.4809,-5.7863,-8.9313,0,0,1
-0.2654,0.2671,0.9548,0.8626,-3.9542,-9.7939,0,0,1
-0.2761,0.2935,0.9502,2.7634,-0.771,-8.084,0,0,1
-0.2888,0.3105,0.9451,2.2443,0.9924,-7.5115,0,0,1
-0.2798,0.2986,0.9487,2.1756,2.7099,-5.8626,0,0,1
-0.2837,0.3044,0.9309,1.8855,4.2595,-2.7481,0,0,1
-0.3062,0.3218,0.917,-0.5802,3.5649,1.145,0,0,1
-0.2932,0.3057,0.9272,-2.5802,3.771,1.7252,0,0,1
-0.2949,0.3018,0.9399,-1.7939,5.3359,1.4809,0,0,1
-0.3049,0.312,0.9351,-0.7405,5.3282,0.3282,0,0,1
-0.2991,0.3059,0.9268,-0.0153,4.9771,-0.9466,0,0,1
-0.3035,0.3154,0.9294,0.2137,4.8626,-0.458,0,0,1
-0.2966,0.303,0.9438,0.7557,4.374,-2.3359,0,0,1
-0.3059,0.3191,0.9189,0.8855,5.4351,-2.1221,0,0,1
-0.301,0.3101,0.9297,1.5496,4.9084,-2.2595,0,0,1
-0.3132,0.3301,0.916,0.9313,3.1374,-2.3435,0,0,1
-0.3105,0.3167,0.9236,-0.0229,2.4962,-1.1832,0,0,1
-0.3101,0.3074,0.9282,-0.8931,2.2519,0.0305,0,0,1
-0.3123,0.3098,0.9409,-0.9084,3.3359,-0.374,0,0,1
-0.3052,0.3159,0.9568,-0.5725,6.5802,-1.8702,0,0,1
-0.3135,0.3184,0.9561,-2.1603,10.687,-2.4656,0,0,1
-0.2996,0.2986,0.9351,-2.1145,15.8855,-5.1832,0,0,1
-0.3223,0.3228,0.9297,-1.5344,16.7863,-5.5344,0,0,1
-0.3149,0.3198,0.9087,-1.1985,13.5802,-3.3359,0,0,1
-0.3169,0.3328,0.8757,-2.0534,8.3817,-0.8702,0,0,1
-0.3176,0.3232,0.8804,-2.5954,0.6718,0.1908,0,0,1
-0.3115,0.2979,0.9155,-2.3588,-0.0382,-0.6794,0,0,1
-0.3259,0.2974,0.9419,-0.6718,0.2748,-1.5878,0,0,1
-0.3284,0.3098,0.9402,0.1908,0.9313,-2.7176,0,0,1
-0.3074,0.3018,0.9275,1.6336,1.7405,-2.8626,0,0,1
-0.3145,0.3218,0.9268,2.1603,2.5038,-3.4656,0,0,1
-0.3137,0.3054,0.9358,2.0229,6.0763,-3.3359,0,0,1
-0.342,0.3276,0.9097,1.1985,1.3893,-2.916,0,0,1
-0.321,0.3262,0.908,-0.2748,0.1603,-2.8092,0,0,1
-0.323,0.3152,0.9275,-0.5115,0.9008,-2.6107,0,0,1
-0.3357,0.3262,0.9175,-1.0458,0.313,-2.1298,0,0,1
-0.3186,0.3293,0.9377,-2.7405,1.2595,-1.8244,0,0,1
-0.3127,0.2932,0.9526,-2.5344,11.9084,-1.9542,0,0,1
-0.3325,0.2947,0.9502,0.4427,10.6412,-4.2977,0,0,1
-0.3433,0.3198,0.8899,0.5725,11.1908,-4.3969,0,0,1
-0.3435,0.3066,0.8762,-0.0153,7.3359,-2.6947,0,0,1
-0.344,0.3225,0.8762,-1.1145,3.1908,-0.7786,0,0,1
-0.3254,0.3101,0.8926,-1.6412,-0.9542,0.1832,0,0,1
-0.3403,0.3105,0.9192,-2.229,-1.4427,0.6183,0,0,1
-0.3423,0.3228,0.9529,-2.542,-0.3511,-1.229,0,0,1
-0.3132,0.2869,0.949,0.9771,1.5725,-3.6336,0,0,1
-0.354,0.3005,0.907,2.0153,8.0,-3.3664,0,0,1
-0.3406,0.3147,0.9407,0.5115,8.5725,-5.9237,0,0,1
-0.3406,0.3105,0.8936,1.0687,6.7786,-5.4198,0,0,1
-0.3264,0.332,0.8826,1.1908,4.3206,-3.2672,0,0,1
-0.3442,0.3335,0.8887,-0.5954,-0.2519,-1.2443,0,0,1
-0.3533,0.332,0.9041,-3.1069,-1.4962,0.0229,0,0,1
-0.344,0.3181,0.929,-3.9542,-1.4962,0.1679,0,0,1
-0.3481,0.3179,0.9158,-3.626,-2.0992,-0.1069,0,0,1
-0.3516,0.3245,0.8999,-4.229,-2.9847,0.5954,0,0,1
-0.3508,0.3215,0.9026,-5.5267,-4.3511,1.9389,0,0,1
-0.3491,0.3269,0.8914,-8.1145,-6.4962,3.7634,0,0,1
-0.3469,0.3271,0.9031,-10.7863,-8.6412,5.4733,0,0,1
-0.3445,0.3105,0.9026,-10.9008,-11.0305,5.4885,0,0,1
-0.3354,0.3123,0.9075,-9.0229,-16.0611,4.0382,0,0,1
-0.3098,0.3101,0.9155,-6.0,-23.1679,3.4351,0,0,1
-0.3042,0.3286,0.9226,-6.2366,-23.4198,3.7481,0,0,1
-0.3169,0.3074,0.9319,-5.6718,-25.7786,2.1221,0,0,1
-0.3191,0.3074,0.9146,-3.8244,-26.2366,1.855,0,0,1
-0.3088,0.324,0.9226,-4.5802,-24.8321,1.5649,0,0,1
-0.304,0.312,0.9285,-5.1221,-28.8473,1.0,0,0,1
-0.2922,0.3132,0.9443,-5.9847,-26.2748,1.542,0,0,1
-0.3049,0.2937,0.9458,-6.5191,-21.6489,0.6336,0,0,1
-0.2886,0.2786,0.9541,-5.9542,-18.3206,-0.8626,0,0,1
-0.2876,0.2878,0.9492,-3.3588,-13.3588,-2.8168,0,0,1
-0.2842,0.2961,0.9517,-2.6718,-8.626,-3.374,0,0,1
-0.2764,0.2913,0.9492,-2.2901,-4.5344,-3.855,0,0,1
-0.2803,0.3064,0.9324,-1.542,-3.5573,-2.2977,0,0,1
-0.2749,0.2979,0.9373,-1.8092,-4.1985,-2.2824,0,0,1
-0.2925,0.312,0.9338,-2.7328,-4.3359,-0.6412,0,0,1
-0.271,0.2949,0.9587,-2.5802,-3.0076,-0.5725,0,0,1
-0.2932,0.2961,0.949,-1.7328,-0.3206,-0.687,0,0,1
-0.2847,0.2942,0.9531,-2.0534,0.0076,-0.7863,0,0,1
-0.2654,0.2927,0.9446,-0.2061,0.8168,-0.9924,0,0,1
-0.2891,0.3223,0.929,-0.3664,0.7481,-0.5191,0,0,1
-0.3042,0.3098,0.9319,-2.1298,-0.374,-0.8397,0,0,1
-0.2913,0.3052,0.9409,-1.3511,-1.1069,-2.1145,0,0,1
-0.2969,0.3247,0.9255,-2.5038,-1.8015,-2.0687,0,0,1
-0.2954,0.3071,0.9365,-4.0076,-3.1298,-1.0382,0,0,1
-0.2871,0.3047,0.9375,-3.5802,-3.5725,-0.5954,0,0,1
-0.2878,0.2986,0.9202,-3.4198,-5.8244,-0.9008,0,0,1
-0.2593,0.2893,0.9563,-1.7405,-3.0916,-0.9542,0,0,1
-0.281,0.2888,0.9736,-2.084,0.9924,-2.4198,0,0,1
-0.2805,0.2937,0.9458,0.4962,1.2824,-2.9618,0,0,1
-0.2617,0.2881,0.9382,0.6336,2.7176,-2.5802,0,0,1
-0.2737,0.3,0.948,1.0534,4.9389,-2.4427,0,0,1
-0.2749,0.2825,0.9541,2.7405,6.229,-2.7099,0,0,1
-0.2649,0.2717,0.9543,5.2443,10.8092,-4.5496,0,0,1
-0.2783,0.2986,0.969,5.4122,17.3206,-5.9618,0,0,1
-0.3174,0.304,0.9487,3.6641,20.2672,-6.9618,0,0,1
-0.302,0.3237,0.9668,1.9237,21.3206,-4.3206,0,0,1
-0.2886,0.2896,0.9468,1.2137,25.7176,-4.1985,0,0,1
-0.2925,0.2739,0.9297,2.9237,26.5496,-3.1145,0,0,1
-0.3311,0.3101,0.9001,5.1374,26.4885,-3.1679,0,0,1
-0.3386,0.3281,0.873,5.2061,21.2519,-1.0229,0,0,1
-0.3328,0.3572,0.8879,2.084,13.542,-0.6565,0,0,1
-0.3386,0.3513,0.9053,0.3817,10.5725,0.3053,0,0,1
-0.3389,0.3167,0.9414,-2.5038,12.4504,1.9237,0,0,1
-0.3613,0.3289,0.9229,-4.1221,12.8244,1.5496,0,0,1
-0.3269,0.3174,0.8967,-4.0534,9.5267,0.7863,0,0,1
-0.313,0.3259,0.8992,-3.6183,8.0229,-0.0153,0,0,1
-0.3303,0.3281,0.9087,-3.5191,5.5878,-1.4427,0,0,1
-0.3215,0.302,0.9148,-2.2595,5.7252,-1.4275,0,0,1
-0.3323,0.302,0.9055,-1.4656,3.5191,-1.4351,0,0,1
-0.3438,0.3079,0.8994,-0.8702,2.2214,-1.0153,0,0,1
-0.3613,0.3103,0.8943,-2.4351,-0.8015,0.3664,0,0,1
-0.334,0.3079,0.9116,-2.6183,-2.3053,1.1221,0,0,1
-0.345,0.3232,0.928,-3.0153,-2.4962,1.0076,0,0,1
-0.3376,0.3206,0.9326,-4.4733,-3.5344,0.542,0,0,1
-0.3118,0.2905,0.9238,-3.5344,-3.1985,0.7099,0,0,1
-0.3237,0.3086,0.9185,-1.5191,-2.3588,0.6565,0,0,1
-0.3462,0.3271,0.9133,-3.4809,-3.7634,0.8397,0,0,1
-0.3333,0.3015,0.9062,-4.2977,-5.4275,1.3893,0,0,1
-0.3306,0.3254,0.9087,-3.8779,-5.9389,1.5802,0,0,1
-0.344,0.3274,0.9143,-3.9542,-10.2366,1.9237,0,0,1
-0.3418,0.3489,0.8979,-3.5954,-17.3206,2.2443,0,0,1
-0.3115,0.3093,0.8777,-5.4733,-22.0305,2.8855,0,0,1
-0.3159,0.303,0.8914,-4.0992,-26.3969,2.6412,0,0,1
-0.3147,0.3035,0.8982,0.3893,-30.5496,3.0687,0,0,1
-0.3076,0.3257,0.9165,2.1908,-38.687,3.9847,0,0,1
-0.2651,0.3015,0.9299,4.0687,-42.3511,3.4351,0,0,1
-0.2837,0.2925,0.9592,4.3359,-34.8702,0.2519,0,0,1
-0.3066,0.3047,0.9763,3.8855,-27.542,-1.4733,0,0,1
-0.3,0.3081,0.9741,3.0229,-21.6565,-2.6336,0,0,1
-0.2817,0.3142,0.9431,1.313,-18.5878,-4.458,0,0,1
-0.2769,0.3059,0.9438,0.8779,-16.6412,-6.3359,0,0,1
-0.2732,0.3005,0.9583,-0.5038,-11.7557,-6.145,0,0,1
-0.2588,0.2925,0.978,-0.7481,-5.8015,-4.9618,0,0,1
-0.2681,0.2905,0.9551,-0.5344,-1.6336,-4.626,0,0,1
-0.269,0.3093,0.9387,0.3893,-0.7863,-2.2519,0,0,1
-0.2678,0.3254,0.9382,-1.084,0.4885,-1.0763,0,0,1
-0.2747,0.3118,0.9358,-0.8779,0.8321,-0.7328,0,0,1
-0.2822,0.3191,0.9285,-0.3817,0.5649,-0.4885,0,0,1
-0.2876,0.3245,0.9204,-1.5954,0.2061,-0.2366,0,0,1
-0.2808,0.3093,0.9338,-2.2214,-0.2824,0.2137,0,0,1
-0.2742,0.314,0.9473,-1.7634,-0.2595,0.7405,0,0,1
-0.2852,0.324,0.9426,-2.2061,-0.2901,0.0382,0,0,1
-0.2776,0.3242,0.9387,-1.9695,-1.0534,-1.6183,0,0,1
-0.2776,0.3313,0.9255,-2.6947,-0.8168,-1.8092,0,0,1
-0.2737,0.322,0.9319,-3.2977,-0.8779,-1.5496,0,0,1
-0.2776,0.3057,0.9338,-3.4809,-1.458,-0.8321,0,0,1
-0.271,0.3101,0.9319,-3.5191,-1.2977,-0.8321,0,0,1
-0.272,0.3025,0.9438,-2.084,-0.6336,-0.1985,0,0,1
-0.2786,0.3086,0.9382,-1.458,-1.0687,-0.8779,0,0,1
-0.2656,0.3127,0.9529,-1.0153,-0.0534,-1.3435,0,0,1
-0.2751,0.3237,0.9451,-0.8931,0.1603,-1.5649,0,0,1
-0.2905,0.3235,0.9351,-2.2366,-0.4046,-0.9847,0,0,1
-0.2749,0.3169,0.9478,-3.0076,-0.3893,-1.687,0,0,1
-0.2644,0.2942,0.9297,-2.6718,-0.2901,-0.8397,0,0,1
-0.2673,0.3069,0.9517,-1.7786,0.3511,-1.5267,0,0,1
-0.2754,0.3101,0.9424,-1.1374,0.6183,-1.0382,0,0,1
-0.2729,0.3191,0.9346,-1.4351,0.7634,-0.9695,0,0,1
-0.281,0.3235,0.9314,-2.7863,0.6718,0.0076,0,0,1
-0.2854,0.3157,0.9382,-3.0076,-0.6489,-1.6565,0,0,1
-0.2781,0.3018,0.9307,-1.6641,-0.8244,-0.9237,0,0,1
-0.2751,0.3123,0.9424,-2.2672,-0.4275,-1.5267,0,0,1
-0.2803,0.3086,0.9458,-1.4962,-0.1832,-1.4962,0,0,1
-0.262,0.3147,0.937,-1.1756,0.2443,-1.5191,0,0,1
-0.261,0.3142,0.9507,-0.9313,2.0153,-3.1374,0,0,1
-0.2832,0.3218,0.9358,-0.3588,1.458,-2.5878,0,0,1
-0.2793,0.322,0.9263,-1.5267,0.6641,-1.4733,0,0,1
-0.2815,0.3071,0.9265,-3.0534,-0.0229,-0.9313,0,0,1
-0.2898,0.3052,0.9299,-2.9237,-0.771,0.3053,0,0,1
-0.283,0.3054,0.9402,-2.4275,-1.9618,-0.9847,0,0,1
-0.2808,0.3115,0.9351,-2.6412,-2.1221,-0.4198,0,0,1
-0.2649,0.2947,0.9509,-1.4733,-1.3588,-1.3511,0,0,1
-0.269,0.3159,0.948,-0.0076,-0.2595,-1.687,0,0,1
-0.2734,0.3157,0.9402,-0.0763,-0.0534,-2.7481,0,0,1
-0.2771,0.3047,0.9431,0.7863,0.0992,-4.0229,0,0,1
-0.2793,0.3147,0.939,1.1298,0.0534,-4.084,0,0,1
-0.2891,0.3188,0.9307,0.1527,-0.8931,-3.8779,0,0,1
-0.283,0.3142,0.938,0.0229,-1.0305,-3.8244,0,0,1
-0.2788,0.3193,0.9373,-0.542,-1.3511,-3.458,0,0,1
-0.2839,0.3347,0.9343,-1.9542,-1.5115,-2.855,0,0,1
-0.2776,0.3147,0.9363,-2.8855,-1.5649,-1.9466,0,0,1
-0.2844,0.3147,0.9419,-3.7252,-2.5344,-2.5954,0,0,1
-0.2632,0.3018,0.9392,-2.2595,-1.6641,-3.2824,0,0,1
-0.2761,0.2952,0.9441,-1.3053,-0.9313,-3.8015,0,0,1
-0.2813,0.3145,0.9441,0.0458,-1.3893,-5.0,0,0,1
-0.2761,0.3193,0.9526,-0.2443,-1.0153,-6.8092,0,0,1
-0.2808,0.312,0.9368,0.2443,-1.8473,-7.2061,0,0,1
-0.2798,0.3059,0.9248,-0.0305,-1.5878,-6.3435,0,0,1
-0.2808,0.3176,0.9238,-0.8855,-1.9008,-5.7863,0,0,1
-0.2844,0.3132,0.9319,-0.6641,-2.6641,-5.4504,1,0,0
-0.2847,0.3213,0.9446,0.0611,-2.7634,-6.8779,1,0,0
-0.2729,0.3213,0.9343,-0.1145,-3.1069,-8.3969,0,0,0
-0.2732,0.3022,0.9309,0.7405,-3.7557,-8.9618,0,0,0
-0.2805,0.3147,0.9231,1.8473,-4.2061,-10.9542,0,0,0
-0.2849,0.3247,0.9414,1.9542,-4.8702,-13.6183,0,0,0
-0.2737,0.3201,0.959,1.8931,-5.0,-15.0,0,0,0
-0.2776,0.3157,0.9431,4.0,-6.3435,-19.3282,0,0,0
-0.2371,0.3813,0.9697,4.7557,-7.0153,-17.8092,0,0,0
-0.2803,0.325,0.9368,2.9771,-7.7481,-20.3893,0,0,0
-0.2617,0.2964,0.9507,4.1832,-11.6794,-18.5725,0,0,0
-0.2739,0.3123,0.9382,4.0076,-8.4198,-18.7557,0,0,0
-0.2898,0.3118,0.9285,3.0,-9.3206,-17.4656,0,0,0
-0.2705,0.2961,0.9282,2.0305,-8.3206,-15.6336,0,0,0
-0.2698,0.3062,0.9438,1.2824,-6.4809,-12.3206,0,0,0
-0.2798,0.3091,0.9382,0.8702,-7.1374,-11.145,0,0,0
-0.2673,0.3167,0.9526,1.687,-9.4046,-10.7863,0,0,0
-0.2588,0.303,0.9368,-0.0992,-5.9771,-9.7863,0,0,0
-0.2671,0.3066,0.9556,0.374,-5.8779,-9.6031,0,0,0
-0.26,0.3105,0.9441,-0.1298,-7.0305,-8.7405,0,0,0
-0.2637,0.3101,0.9629,-1.1603,-3.7634,-7.7328,0,0,0
-0.2703,0.3057,0.9609,-0.8015,-2.1985,-7.6031,0,0,0
-0.2966,0.3247,0.938,-0.1832,-4.4962,-11.2137,0,0,0
-0.259,0.2932,0.9373,2.2748,-4.313,-14.0687,0,0,0
-0.2363,0.3159,0.9429,2.5496,-4.8092,-15.626,0,0,0
-0.2712,0.3311,0.9414,2.3435,-5.229,-15.1832,0,0,0
-0.2781,0.3215,0.9192,2.3435,-6.2595,-12.0611,0,0,0
-0.2651,0.3044,0.9592,1.2748,-4.9389,-13.0763,0,0,0
-0.2554,0.291,0.9414,0.4809,-1.2748,-13.145,0,0,0
-0.2822,0.3003,0.917,0.1832,-1.0763,-6.0611,0,0,0
-0.2815,0.3049,0.9355,-1.9695,-1.5115,-1.9237,0,0,0
-0.2715,0.2927,0.9409,-1.5573,-0.9618,-1.3511,0,0,0
-0.2678,0.3176,0.937,-2.0076,-0.6718,0.5649,1,0,0
-0.2634,0.3145,0.9451,-3.5954,-0.2595,1.1298,1,0,0
-0.2664,0.3032,0.9502,-2.6489,0.1298,1.7405,1,0,0
-0.2695,0.3044,0.9492,-2.0534,0.6412,0.4962,1,0,0
-0.2749,0.3125,0.939,-2.0,0.5115,-0.1908,1,0,0
-0.2725,0.3071,0.9338,-1.7252,0.8626,0.4046,1,0,0
-0.2744,0.3071,0.947,-3.229,0.5573,0.6183,1,0,0
-0.282,0.311,0.9351,-1.7405,0.5115,1.8779,1,0,0
-0.2788,0.3167,0.9236,-3.771,0.0153,2.1527,1,0,0
-0.2808,0.3042,0.9419,-3.0611,-0.5267,1.1298,1,0,0
-0.2683,0.304,0.939,-2.3435,-0.4733,1.4656,1,0,0
-0.2686,0.3152,0.9395,-3.2443,-0.0305,1.855,1,0,0
-0.2742,0.3081,0.9514,-3.0916,0.1069,1.1679,1,0,0
-0.2742,0.3013,0.9438,-2.1145,-0.0611,1.2366,1,0,0
-0.2766,0.311,0.9304,-2.5878,0.0229,1.1221,1,0,0
-0.2773,0.3191,0.9429,-3.6031,-0.626,0.2595,1,0,0
-0.2698,0.3044,0.9529,-3.0611,-0.0611,-0.5725,1,0,0
-0.27,0.3025,0.9312,-2.0992,-0.0382,-0.2443,1,0,0
-0.269,0.3059,0.9326,-2.084,0.2595,1.0382,1,0,0
-0.2732,0.3042,0.9338,-2.6565,0.3588,2.1298,1,0,0
-0.2681,0.3047,0.947,-2.9695,0.7939,3.2824,1,0,0
-0.2732,0.3215,0.9424,-4.3206,1.3664,5.229,1,0,0
-0.2747,0.3123,0.9409,-6.2443,1.6947,7.7328,1,0,0
-0.2661,0.2947,0.9385,-6.2214,2.084,8.6107,1,0,0
-0.2761,0.3066,0.9285,-6.8092,2.0687,11.1908,1,0,0
-0.2646,0.2883,0.95,-7.0076,2.7099,12.0076,1,0,0
-0.2622,0.2981,0.9368,-7.1756,3.626,15.4809,1,0,0
-0.2603,0.3005,0.9465,-7.5878,4.1298,16.5725,1,0,0
-0.2715,0.301,0.9595,-8.5802,5.8244,18.0229,1,0,0
-0.2498,0.2861,0.9814,-7.8015,9.5573,18.4046,1,0,0
-0.2615,0.3037,0.9409,-7.3435,12.6336,22.2137,1,0,0
-0.2656,0.3066,0.9165,-9.2519,14.0611,28.5573,1,0,0
-0.2598,0.2915,0.907,-11.542,14.2137,38.9542,1,0,0
-0.2961,0.3022,0.8984,-14.6107,13.9924,48.5878,1,0,0
-0.3318,0.3137,0.9504,-13.9008,7.855,35.1832,1,0,0
-0.2703,0.3276,1.0071,-3.4504,5.5954,14.3282,1,0,0
-0.2571,0.3311,0.9282,-0.5725,6.855,12.458,1,0,0
-0.2654,0.3054,0.9324,-2.7176,6.1221,9.4809,1,0,0
-0.2729,0.3274,0.9587,-1.4198,7.855,6.3053,1,0,0
-0.2937,0.3257,0.9443,-0.6794,7.8321,3.771,1,0,0
-0.2856,0.3113,0.9216,-1.9618,4.5038,4.5878,1,0,0
-0.2852,0.311,0.929,-4.1298,4.1756,6.3359,1,0,0
-0.2712,0.2876,0.9512,-5.3817,3.7023,9.3435,1,0,0
-0.2751,0.2961,0.9407,-5.4504,6.8321,13.6183,1,0,0
-0.2776,0.3181,0.9602,-5.9771,7.8244,12.6031,1,0,0
-0.2786,0.3237,0.9429,-2.9237,6.9618,6.687,1,0,0
-0.2708,0.3179,0.936,-0.9847,6.5649,2.916,1,0,0
-0.2751,0.3149,0.9321,-1.0992,5.5954,2.5954,1,0,0
-0.2817,0.302,0.9224,-2.145,4.0992,3.2366,1,0,0
-0.2888,0.302,0.9355,-2.7099,2.3817,4.7099,1,0,0
-0.2852,0.3154,0.9412,-2.9008,3.0076,5.7786,1,0,0
-0.2925,0.3154,0.9373,-3.6489,3.0763,5.7328,1,0,0
-0.2817,0.3105,0.9297,-2.7099,2.0382,2.5267,1,0,0
-0.2842,0.3225,0.9294,-1.6641,1.5802,1.6336,1,0,0
-0.2808,0.3232,0.9192,-2.9695,0.2214,1.0,1,0,0
-0.2805,0.302,0.9368,-2.7405,0.5344,1.4275,1,0,0
-0.2964,0.3101,0.9233,-2.3817,0.0763,0.855,1,0,0
-0.293,0.3152,0.9353,-2.2214,-0.6641,-0.0534,1,0,0
-0.2842,0.3154,0.9375,-2.6412,-0.9084,0.3053,1,0,0
-0.2771,0.3169,0.9316,-2.4198,-0.6107,0.6183,1,0,0
-0.2791,0.3147,0.9377,-2.1298,-0.3588,0.6794,1,0,0
-0.2888,0.3215,0.9375,-3.0458,-0.1603,1.0534,1,0,0
-0.2849,0.3098,0.938,-2.8092,-0.7481,-1.0458,1,0,0
-0.2822,0.2871,0.9331,-0.8321,-0.9771,-1.626,1,0,0
-0.2871,0.3184,0.9414,-1.1985,-0.9618,-0.9237,1,0,0
-0.2827,0.3171,0.9397,-2.2977,-1.2748,-0.9313,1,0,0
-0.2808,0.3108,0.9495,-1.5038,-0.9695,-1.458,1,0,0
-0.2864,0.3193,0.9277,-0.7481,-0.9313,-3.084,1,0,0
-0.2798,0.3157,0.9221,-1.1756,-1.4198,-3.4046,1,0,0
-0.2827,0.3206,0.9419,-1.5954,-1.1679,-3.8855,1,0,0
-0.2952,0.3135,0.9355,-1.3893,-1.626,-4.0611,1,0,0
-0.2791,0.3037,0.9304,-1.4122,-2.0153,-3.1298,1,0,0
-0.2915,0.3081,0.9263,-1.1679,-2.229,-4.0458,1,0,0
-0.2827,0.3059,0.9429,0.5802,-2.8015,-6.9008,1,0,0
-0.2751,0.322,0.9373,1.0992,-2.4122,-7.0687,1,0,0
-0.2876,0.3154,0.936,0.916,-3.1527,-8.2443,1,0,0
-0.2769,0.3179,0.947,0.6565,-2.6641,-7.8702,1,0,0
-0.2869,0.3,0.9275,-0.2595,-2.5191,-6.2977,1,0,0
-0.2913,0.3013,0.9321,0.1374,-2.7023,-6.0916,1,0,0
-0.2913,0.3025,0.9424,1.3206,-3.8397,-9.4733,1,0,0
-0.2805,0.3093,0.939,3.6107,-4.3969,-12.0763,1,0,0
-0.2688,0.311,0.9255,4.9313,-3.8626,-11.9313,1,0,0
-0.2844,0.325,0.9272,4.0229,-5.3053,-12.771,1,0,0
-0.2861,0.3301,0.9333,2.9695,-5.0382,-12.1069,1,0,0
-0.2805,0.3164,0.9309,2.626,-6.3511,-12.0229,1,0,0
-0.2917,0.3169,0.9214,1.4962,-7.7557,-9.7557,1,0,0
-0.2852,0.3159,0.9321,1.1756,-9.916,-13.1908,1,0,0
-0.2712,0.2996,0.9355,4.0992,-11.3893,-14.3435,1,0,0
-0.2825,0.3284,0.9377,3.5878,-12.9466,-15.4885,1,0,0
-0.2778,0.3181,0.9663,2.7863,-9.6031,-15.4351,1,0,0
-0.2727,0.3069,0.9651,1.9771,-7.0229,-14.8779,1,0,0
-0.2876,0.3096,0.9324,1.5267,-5.6565,-13.2137,1,0,0
-0.2661,0.2969,0.9268,1.8702,-5.855,-11.855,1,0,0
-0.2742,0.3035,0.9216,1.1756,-6.5115,-10.4275,1,0,0
-0.2717,0.322,0.9478,1.7481,-6.7176,-13.3282,1,0,0
-0.2683,0.3132,0.938,3.2519,-6.8702,-12.9313,1,0,0
-0.2832,0.3123,0.9397,4.0763,-7.9924,-14.4504,1,0,0
-0.2747,0.3176,0.9341,3.313,-6.6947,-12.4351,1,0,0
-0.2847,0.3223,0.9065,1.9084,-8.6641,-11.1221,1,0,0
-0.2673,0.3054,0.9229,1.6336,-9.542,-9.0382,1,0,0
-0.2827,0.3188,0.9404,1.8855,-10.0611,-10.1756,1,0,0
-0.2649,0.3149,0.9575,2.7023,-11.4504,-10.1374,1,0,0
-0.2446,0.3113,0.9719,1.8244,-8.2977,-9.0382,1,0,0
-0.2681,0.3125,0.9622,0.229,-3.9695,-8.2519,1,0,0
-0.2866,0.3076,0.9382,0.3817,-4.3206,-7.3511,1,0,0
-0.2517,0.3105,0.9402,1.3511,-5.7939,-8.2137,1,0,0
-0.2822,0.3247,0.9194,-0.0534,-5.9618,-7.0916,1,0,0
-0.2725,0.3213,0.9341,-0.9389,-6.5954,-6.4275,1,0,0
-0.2537,0.3108,0.9502,-0.5267,-5.7939,-5.7557,1,0,0
-0.2659,0.3245,0.9385,-1.0,-6.229,-5.3206,1,0,0
-0.262,0.3047,0.9348,-1.2977,-6.3664,-4.1603,1,0,0
-0.2598,0.3142,0.9419,-0.4275,-6.1145,-4.4962,1,0,0
-0.2578,0.3057,0.958,-0.3893,-4.4733,-3.7328,1,0,0
-0.2617,0.313,0.9585,-0.4809,-4.1756,-3.7099,1,0,0
-0.2637,0.3142,0.9417,0.2595,-3.3511,-2.4962,1,0,0
-0.2595,0.3284,0.947,-0.9695,-2.6336,-3.0305,1,0,0
-0.2749,0.3191,0.947,-1.4198,-1.1298,-2.7481,1,0,0
-0.2612,0.3157,0.936,-1.2443,-2.4275,-3.1679,1,0,0
-0.2629,0.3176,0.9363,-1.6183,-2.3435,-2.5878,1,0,0
-0.2676,0.3086,0.9392,-1.771,-2.4656,-1.2824,1,0,0
-0.2673,0.3162,0.9487,-1.9008,-1.855,-1.542,1,0,0
-0.2593,0.3162,0.9536,-2.0229,-1.3359,-2.374,1,0,0
-0.2554,0.3105,0.9478,-1.3053,-1.084,-3.2824,1,0,0
-0.2512,0.3188,0.9502,0.0763,-1.9771,-6.0076,1,0,0
-0.2627,0.3167,0.9338,2.2672,-2.2061,-6.9237,1,0,0
-0.2617,0.3201,0.9436,1.1527,-3.0,-6.8855,1,0,0
-0.2666,0.3174,0.9321,-0.6947,-2.5191,-6.1298,1,0,0
-0.2766,0.3127,0.9468,0.0992,-2.1374,-6.9771,1,0,0
-0.2671,0.3223,0.9341,1.3435,-3.3511,-8.0611,1,0,0
-0.2776,0.3438,0.9172,0.9466,-5.7405,-9.7481,1,0,0
-0.2661,0.3369,0.9233,0.9313,-9.4427,-12.0076,1,0,0
-0.2483,0.3213,0.9287,0.7939,-10.4656,-13.687,1,0,0
-0.2402,0.3252,0.95,1.4962,-9.4504,-15.0611,1,0,0
-0.269,0.3059,0.9771,1.8855,-6.4809,-16.2519,1,0,0
-0.2878,0.3057,0.9451,0.3282,-6.3664,-13.2901,1,0,0
-0.2649,0.2759,0.9553,0.9771,-5.5267,-14.5649,1,0,0
-0.2686,0.3137,0.9211,1.3511,-7.2137,-13.8321,1,0,0
-0.2615,0.2954,0.9277,2.3282,-7.2519,-12.5496,1,0,0
-0.2688,0.3176,0.9526,2.5191,-9.1374,-14.5573,1,0,0
-0.2507,0.3313,0.9612,4.5878,-9.626,-12.9618,1,0,0
-0.2493,0.333,0.9297,2.7634,-10.4962,-14.1145,1,0,0
-0.2634,0.3149,0.9453,1.6641,-8.7786,-13.5344,1,0,0
-0.2561,0.3093,0.937,1.5954,-9.4427,-11.5496,1,0,0
-0.241,0.3069,0.9424,1.6336,-9.2672,-11.458,1,0,0
-0.2595,0.3027,0.938,0.8015,-7.6489,-10.2672,1,0,0
-0.2593,0.3098,0.9722,1.1908,-5.8473,-10.4733,1,0,0
-0.2578,0.3049,0.9551,1.1145,-4.8015,-8.9008,1,0,0
-0.2434,0.3147,0.9558,0.8321,-3.1145,-8.9695,1,0,0
-0.249,0.3103,0.9348,1.0611,-3.5344,-9.2824,1,0,0
-0.2583,0.3203,0.9248,0.9618,-4.9542,-7.5267,1,0,0
-0.2603,0.3196,0.9456,-0.6947,-3.5344,-6.4198,1,0,0
-0.2688,0.3105,0.9421,-1.4351,-3.6107,-5.687,1,0,0
-0.2534,0.3052,0.9468,-1.5954,-3.8626,-5.0153,1,0,0
-0.2483,0.3118,0.9485,-0.1221,-3.9237,-7.3359,1,0,0
-0.2478,0.3176,0.95,-0.0916,-4.8321,-7.0,1,0,0
-0.241,0.3218,0.9456,-1.3206,-3.687,-6.0458,1,0,0
-0.25,0.3098,0.9485,-1.2137,-1.9542,-5.2137,1,0,0
-0.2581,0.3091,0.9336,-1.6641,-2.0763,-2.458,0,0,0
-0.249,0.3145,0.9307,-3.6336,-1.4962,0.626,0,0,0
-0.1978,0.384,1.0259,-4.1679,-1.4962,2.4809,0,0,0
-0.2551,0.2993,0.947,-3.3206,-0.9389,3.7328,0,0,0
-0.2554,0.3225,0.9456,-4.0992,-1.2977,4.7481,0,0,0
-0.2202,0.3015,0.9731,-3.4427,-1.1221,0.7405,0,0,0
-0.2427,0.3108,0.9622,-0.9542,0.8244,-1.3511,0,0,0
-0.2563,0.3091,0.9424,0.1069,0.5725,-1.5878,0,0,0
-0.2507,0.311,0.9443,-0.687,0.0916,-1.7863,0,0,0
-0.2559,0.3203,0.9421,-1.5649,0.2366,-0.8626,0,0,0
-0.2583,0.3218,0.936,-3.1069,-0.084,0.6947,0,0,0
-0.2544,0.3235,0.9421,-4.4656,-0.458,2.4885,0,0,0
-0.2461,0.3247,0.9565,-5.3893,-0.6489,2.1298,0,0,0
-0.2476,0.324,0.9453,-5.5878,-0.4504,1.7634,0,0,0
-0.2424,0.3093,0.9548,-5.5573,-0.3435,0.9847,0,0,0
-0.2419,0.2986,0.9553,-3.4351,0.1679,-1.0153,0,0,0
-0.2529,0.2996,0.9382,-2.0687,-0.0076,-1.4122,0,0,0
-0.2612,0.3027,0.948,-1.855,0.1832,-1.2366,0,0,0
-0.2615,0.311,0.9436,-2.145,-0.4809,-1.0076,0,0,0
-0.2502,0.3203,0.9324,-2.6412,-0.7176,-0.0687,0,0,0
-0.2446,0.3105,0.9431,-3.3282,-1.4733,-0.2214,0,0,0
-0.2507,0.3101,0.95,-2.5725,-1.1985,-0.6947,0,0,0
-0.2471,0.3108,0.949,-2.0687,-0.855,-1.2061,0,0,0
-0.2461,0.3066,0.9497,-2.2061,-0.9084,-1.313,0,0,0
-0.2485,0.3064,0.9551,-1.4122,-0.5496,-0.6641,0,0,0
-0.2502,0.3179,0.9573,-1.9389,-0.084,-0.4656,0,0,0
-0.2498,0.3018,0.9441,-2.6794,-0.3511,0.5191,0,0,0
-0.2488,0.3071,0.9495,-1.6183,-0.7099,-0.4733,0,0,0
-0.2542,0.3115,0.9407,-0.7023,-1.0,-0.9466,0,0,0
-0.2461,0.3074,0.9529,-1.2824,-0.9542,-0.7252,0,0,0
-0.2449,0.3037,0.9504,-0.855,-0.7786,-0.542,0,0,0
-0.2483,0.3193,0.9568,-0.8015,-0.9924,-1.0382,0,0,0
-0.252,0.3184,0.9456,-1.6718,-0.7099,-1.4046,0,0,0
-0.2405,0.3018,0.9497,-0.9466,-0.4427,-1.5267,0,0,0
-0.2488,0.3267,0.9587,-2.3359,0.0382,-1.9466,0,0,0
-0.2522,0.3137,0.9526,-2.5725,0.2595,-1.7634,0,0,0
-0.2483,0.3052,0.938,-1.7328,-0.0916,-2.1756,0,0,0
-0.2476,0.3064,0.9412,-1.5191,0.0992,-2.3893,0,0,0
-0.2517,0.2976,0.9353,-0.8397,-0.0534,-2.4885,0,0,0
-0.2512,0.3167,0.9426,-0.5725,-0.1908,-2.4885,0,0,0
-0.2632,0.324,0.9478,-2.1527,-0.7405,-2.8092,0,0,0
-0.2458,0.3213,0.9517,-1.9847,-1.0458,-4.7252,0,0,0
-0.2498,0.3132,0.9482,-1.0229,-0.3206,-5.5191,0,0,0
-0.2493,0.314,0.9456,-1.1985,-0.8855,-7.2824,0,0,0
-0.2522,0.3206,0.9355,-0.3588,-2.1069,-9.5802,0,0,0
-0.2498,0.303,0.9497,0.0916,-2.1145,-10.8855,0,0,0
-0.2698,0.3005,0.9192,-0.6489,-2.7328,-9.4809,0,0,0
-0.2549,0.3079,0.948,-2.1069,-3.8473,-7.4962,0,0,0
-0.2505,0.3008,0.9407,-3.5115,-2.2901,-5.7786,0,0,0
-0.2534,0.3027,0.9678,-2.6794,-4.2137,-7.2977,0,0,0
-0.2344,0.2871,0.97,-0.2519,-2.9389,-8.374,0,0,0
-0.2515,0.2964,0.9539,-0.4885,-2.4427,-6.8626,0,0,0
-0.2502,0.2949,0.9468,-1.0992,-1.3588,-5.1985,0,0,0
-0.2461,0.2903,0.9473,-0.626,-1.3817,-4.6107,0,0,0
-0.2515,0.2949,0.9434,-0.1374,-1.1069,-3.9084,0,0,0
-0.2532,0.3088,0.9478,0.3588,-0.9771,-3.3053,0,0,0
-0.2471,0.3135,0.9473,-0.5573,-0.8397,-2.5191,0,0,0
-0.2473,0.3267,0.9451,-2.0,-0.3206,-1.4427,0,0,0
-0.2493,0.3296,0.9539,-3.4656,-0.084,-1.4351,0,0,0
-0.2505,0.3032,0.9512,-3.9389,-0.0382,-1.2443,0,0,0
-0.2463,0.292,0.9365,-2.855,0.1221,0.3053,0,0,0
-0.251,0.2937,0.9395,-2.9008,0.3053,1.3511,0,0,0
-0.2456,0.2959,0.9521,-2.5725,0.7252,2.3969,0,0,0
-0.2532,0.303,0.9553,-1.7939,0.8244,2.1985,0,0,0
-0.2524,0.3093,0.9653,-1.229,0.916,0.7023,0,0,0
-0.2495,0.3123,0.9424,-1.3435,0.771,0.9084,0,0,0
-0.2625,0.3164,0.9436,-2.9008,0.2519,1.5115,0,0,0
-0.2583,0.3137,0.9517,-3.3359,-0.1298,0.9237,0,0,0
-0.2483,0.3005,0.9453,-2.3435,-0.2214,0.2061,0,0,0
-0.2488,0.3018,0.9399,-1.5725,0.1832,0.2748,0,0,0
-0.2556,0.3035,0.9507,-1.5038,-0.1069,-0.2061,1,0,0
-0.2468,0.2871,0.95,-2.145,-0.0534,0.0,1,0,0
-0.262,0.3196,0.9326,-1.3053,-0.3969,0.2595,1,0,0
-0.2537,0.3091,0.946,-3.5267,-1.2901,0.6336,1,0,0
-0.2537,0.3054,0.9492,-3.0076,-1.0305,1.3206,1,0,0
-0.2424,0.2986,0.95,-2.4962,-1.1603,1.2061,1,0,0
-0.2356,0.3047,0.958,-1.8015,0.1832,-0.229,1,0,0
-0.252,0.3071,0.958,-1.2977,0.5649,-0.6489,1,0,0
-0.2512,0.304,0.9529,-0.8321,0.374,-0.6336,1,0,0
-0.2485,0.3086,0.9407,-0.9771,0.8168,-0.8168,1,0,0
-0.2634,0.3086,0.9482,-1.6031,0.1908,-0.5802,1,0,0
-0.2644,0.3149,0.946,-1.9313,-0.1145,0.2672,1,0,0
-0.2502,0.3171,0.9414,-2.5038,-0.5115,0.3282,1,0,0
-0.2498,0.3132,0.9478,-2.8397,-0.1221,0.3511,1,0,0
-0.2498,0.3123,0.9563,-2.916,-0.542,-0.771,1,0,0
-0.239,0.3022,0.9497,-2.313,0.1298,-0.687,1,0,0
-0.248,0.2944,0.9473,-1.3893,0.6107,-1.2519,1,0,0
-0.2607,0.3076,0.9453,-0.9008,0.6031,-1.0076,1,0,0
-0.251,0.311,0.9504,-1.6107,0.3359,-1.5191,1,0,0
-0.2493,0.304,0.9563,-1.4046,0.6031,-1.2137,1,0,0
-0.2539,0.3093,0.9553,-1.2595,1.1145,-1.3969,1,0,0
-0.2549,0.3132,0.9492,-1.3053,1.3511,-1.6489,1,0,0
-0.2532,0.3008,0.9458,-0.9695,1.229,-0.9618,1,0,0
-0.252,0.321,0.9424,-1.7176,1.9695,-0.7481,1,0,0
-0.2622,0.312,0.959,-3.0611,2.5954,-0.4733,0,0,0
-0.2485,0.3127,0.9602,-4.084,5.0763,0.0687,0,0,0
-0.2637,0.3035,0.9495,-4.4198,5.3359,0.6412,0,0,0
-0.2532,0.2959,0.9421,-4.5344,6.0763,1.9618,0,0,0
-0.2517,0.2996,0.9539,-3.3511,6.771,2.4046,0,0,0
-0.2693,0.2932,0.9351,-2.5191,6.4122,2.9008,0,0,0
-0.2642,0.3018,0.9465,-2.6412,4.9695,2.1221,0,0,0
-0.2705,0.3149,0.948,-3.8244,5.1603,3.6336,0,0,0
-0.2666,0.2905,0.9453,-6.1374,6.5191,5.8931,0,0,0
-0.2581,0.2817,0.9412,-6.0763,8.7023,8.542,0,0,0
-0.2598,0.301,0.9458,-6.855,9.771,13.6641,0,0,0
-0.2683,0.3018,0.9351,-9.3206,12.6107,19.229,0,0,0
-0.2559,0.3,0.9724,-10.5878,16.6336,23.1221,0,0,0
-0.2673,0.3394,0.9294,-9.6489,10.687,21.0229,0,0,0
-0.241,0.2776,0.9768,-3.7176,11.2443,11.0229,0,0,0
-0.2671,0.3303,0.9094,-1.4275,6.374,10.9313,0,0,0
-0.2578,0.3049,0.9207,-3.2137,6.5038,12.0076,0,0,0
-0.2769,0.3137,0.9536,-3.0229,6.771,9.8855,0,0,0
-0.2922,0.3091,0.9495,-2.0,3.855,5.3817,0,0,0
-0.292,0.2981,0.9443,-1.4656,5.0992,3.7099,0,0,0
-0.272,0.3098,0.9475,-1.5267,3.6412,3.8702,0,0,0
-0.282,0.3149,0.937,-3.0534,4.7252,5.0611,0,0,0
-0.2781,0.3179,0.9363,-3.9313,4.8626,5.7557,0,0,0
-0.2466,0.2974,0.9558,-3.8702,6.8931,7.6565,0,0,0
-0.2595,0.3035,0.9519,-3.4656,9.2137,9.3359,0,0,0
-0.2644,0.2905,0.9436,-2.916,8.0076,9.7634,0,0,0
-0.2915,0.3191,0.9358,-2.1298,6.1221,6.7557,0,0,0
-0.2732,0.3188,0.9441,-1.458,3.3206,3.2977,0,0,0
-0.2876,0.3125,0.9231,-2.4885,4.1603,4.0916,0,0,0
-0.2776,0.3081,0.9241,-2.9924,2.2901,5.5802,0,0,0
-0.2822,0.3091,0.9385,-3.1298,1.1908,4.3053,0,0,0
-0.2866,0.3018,0.9363,-1.0992,0.6794,3.0,0,0,0
-0.2805,0.3164,0.9358,-1.687,0.2137,2.6565,0,0,0
-0.2742,0.3091,0.9417,-2.0611,0.4275,2.9771,0,0,0
-0.2722,0.3186,0.9402,-2.7481,1.3893,3.9847,0,0,0
-0.2859,0.3206,0.9417,-4.4122,2.1221,5.8779,0,0,0
-0.2744,0.3047,0.9304,-4.8931,2.4809,8.0992,0,0,0
-0.2935,0.3057,0.9185,-5.4275,1.2137,7.458,0,0,0
-0.2849,0.301,0.9382,-4.0916,-0.687,4.0382,0,0,0
-0.2817,0.3083,0.9395,-2.7023,-1.6947,2.7252,0,0,0
-0.2656,0.2903,0.9324,-3.2366,-2.2977,3.2519,0,0,0
-0.2573,0.2976,0.9546,-1.9237,-0.5878,2.5267,0,0,0
-0.2761,0.3108,0.9556,-0.084,0.1145,-0.1145,0,0,0
-0.2817,0.3186,0.9419,-0.3435,-0.4198,-0.1985,0,0,0
-0.2756,0.3228,0.9443,-1.6031,-0.3664,-1.4656,0,0,0
-0.2881,0.3115,0.9414,-2.4046,-0.7328,-0.9771,0,0,0
-0.2786,0.2976,0.9331,-2.6412,-1.2824,0.1908,0,0,0
-0.2759,0.2981,0.9412,-2.2748,-1.6031,-0.4351,0,0,0
-0.2764,0.2957,0.9348,-1.1069,-1.7786,-0.6565,0,0,0
-0.2769,0.3083,0.9397,0.0458,-1.6336,-0.9695,0,0,0
-0.2776,0.3125,0.9373,-0.3282,-2.5649,-1.6336,0,0,0
-0.2766,0.3149,0.9336,-0.3206,-2.2443,-1.6794,0,0,0
-0.2725,0.3132,0.9341,-0.4427,-2.229,-1.229,0,0,0
-0.2813,0.3115,0.9421,-1.1145,-2.5038,-0.9313,0,0,0
-0.2817,0.3083,0.9421,-1.1985,-2.458,-0.7557,0,0,0
-0.2666,0.3096,0.9512,-1.7939,-2.0153,-0.2672,0,0,0
-0.2603,0.3159,0.9541,-2.1221,-0.3817,-0.3511,0,0,0
-0.2686,0.3147,0.9451,-1.916,-0.3969,0.3664,0,0,0
-0.2695,0.3015,0.9446,-1.6412,-0.1527,0.5267,0,0,0
-0.2754,0.3025,0.9414,-1.1527,0.229,0.0305,0,0,0
-0.2808,0.3115,0.9392,-1.3588,-0.6107,-0.3435,0,0,0
-0.2776,0.3142,0.9297,-2.0916,-0.4504,0.0763,0,0,0
-0.2712,0.3118,0.9404,-2.2443,-0.7939,-0.0534,0,0,0
-0.2712,0.3167,0.9382,-2.1221,-0.6107,-0.1908,0,0,0
-0.2786,0.3057,0.9336,-1.9618,-1.0382,-0.0992,0,0,0
-0.2776,0.3027,0.9326,-1.8779,-1.374,0.0305,0,0,0
-0.2695,0.2976,0.9468,-1.0687,-1.1908,-0.3435,0,0,0
-0.2747,0.2961,0.9446,-0.1603,-0.8626,-0.3206,0,0,0
-0.2764,0.312,0.9392,0.1679,-1.0916,-0.3664,0,0,0
-0.2734,0.3174,0.9355,-0.6031,-1.3664,-0.145,0,0,0
-0.2651,0.3096,0.9407,-1.3435,-1.4809,0.0611,0,0,0
-0.2644,0.3169,0.9512,-1.0611,-0.2824,-0.0763,0,0,0
-0.2754,0.3235,0.9465,-1.0,-0.2977,-0.3969,0,0,0
-0.2761,0.3125,0.9355,-1.3282,-0.2672,0.3206,0,0,0
-0.2791,0.3081,0.9319,-1.7939,-0.2443,0.8015,0,0,0
-0.2861,0.3096,0.9319,-1.8931,-0.6565,0.855,0,0,0
-0.281,0.3149,0.9338,-2.2672,-1.3969,1.145,0,0,0
-0.2727,0.311,0.9285,-2.626,-1.9924,1.7328,0,0,0
-0.2666,0.2893,0.9404,-2.6641,-2.5267,2.4122,0,0,0
-0.2588,0.2998,0.959,-0.916,-1.6718,0.7481,0,0,0
-0.2659,0.3088,0.9429,0.0916,-0.3282,0.5344,0,0,0
-0.2732,0.3281,0.9446,-0.313,-0.6947,0.6183,0,0,0
-0.2671,0.3247,0.9414,-1.5802,-0.6718,0.7023,0,0,0
-0.2698,0.3054,0.939,-1.4809,-0.4504,0.9008,0,0,0
-0.2788,0.3042,0.9395,-0.8168,-0.4656,0.8702,0,0,0
-0.2761,0.2998,0.938,-0.8779,-1.1908,1.1679,0,0,0
-0.2681,0.3032,0.9426,0.0153,-0.9618,0.7557,0,0,0
-0.2759,0.3186,0.9373,0.6565,-0.7557,1.0611,0,0,0
-0.272,0.324,0.9304,0.0458,-1.0611,0.7939,0,0,0
-0.272,0.3167,0.949,-0.7939,-1.5878,0.1908,0,0,0
-0.2678,0.3022,0.9353,-0.3206,-1.3206,0.6641,0,0,0
-0.2727,0.3096,0.9412,-0.2214,-1.2366,0.6641,0,0,0
-0.2708,0.3103,0.9338,-0.2061,-1.5802,1.3969,0,0,0
-0.272,0.3137,0.9414,-0.1298,-1.3893,0.9008,0,0,0
-0.2634,0.3013,0.936,0.1221,-1.2214,0.8702,0,0,0
-0.2688,0.2988,0.9473,1.3588,-1.2214,1.2366,0,0,0
-0.269,0.3113,0.9321,2.3969,-1.5344,1.5573,0,0,0
-0.2717,0.3176,0.9333,2.7634,-1.6107,1.6565,0,0,0
-0.2732,0.3186,0.926,3.0229,-2.6412,2.2519,0,0,0
-0.2705,0.3352,0.9443,3.5191,-3.7176,2.7405,0,0,0
-0.2756,0.3506,0.9412,0.1221,-2.8473,0.0763,0,0,0
-0.2744,0.3235,0.9507,-1.0076,-3.0382,-1.3817,0,0,0
-0.259,0.3113,0.9478,0.1832,-2.7252,-1.5573,0,0,0
-0.2661,0.3203,0.9373,0.5573,-2.3359,-1.7863,0,0,0
-0.2656,0.3147,0.9426,1.0382,-2.4656,-1.4275,0,0,0
-0.2729,0.3115,0.9253,1.3511,-3.0763,-1.1145,0,0,0
-0.2683,0.3108,0.938,1.4122,-3.2824,-0.3588,0,0,0
-0.2595,0.3052,0.947,1.5038,-3.0916,0.2824,0,0,0
-0.2546,0.3042,0.949,2.1756,-2.4122,0.8092,0,0,0
-0.2571,0.3037,0.9446,3.1069,-2.2137,1.3969,0,0,0
-0.2585,0.3074,0.9482,4.0687,-1.8855,1.313,0,0,0
-0.2681,0.3125,0.937,4.3664,-1.6565,1.626,0,0,0
-0.2571,0.3315,0.9492,4.3969,-1.8473,2.0992,0,0,0
-0.2568,0.3477,0.9294,3.8779,-1.9618,2.7939,0,0,0
-0.2471,0.3154,0.9458,3.1908,-1.7481,3.9771,0,0,0
-0.2517,0.3391,0.9585,2.6565,-0.8855,4.145,0,0,0
-0.2822,0.3711,0.9043,-2.687,0.8855,-3.374,0,0,0
-0.251,0.2651,0.9045,1.3893,0.7099,0.6412,0,0,0
-0.2734,0.2876,0.9214,3.1756,-0.626,1.2672,0,0,0
-0.2737,0.3118,0.8923,4.1298,-13.7252,2.5573,0,0,0
-0.2603,0.3489,0.9585,3.4198,-14.8397,0.1298,0,0,0
-0.3281,0.7605,0.9419,4.6183,-10.2061,-7.9008,0,0,0
-0.2908,0.3628,0.8198,-10.6107,-26.0458,-25.3969,0,0,0
-0.2422,0.283,0.8481,-12.626,-36.1985,-20.855,0,0,0
-0.1953,0.314,1.0386,8.6489,-10.5878,-14.9542,0,0,0
-0.241,0.2407,1.0022,-23.7023,-5.8168,0.8855,0,0,0
-0.2314,0.2239,1.0239,-10.687,-8.0687,-1.9313,0,0,0
-0.1785,0.2058,0.9622,-2.1374,-2.6183,1.1832,0,0,0
-0.2275,0.3242,0.9419,1.9847,-0.2366,0.6183,0,0,0
-0.2451,0.3403,0.9673,1.5496,0.1221,-0.3359,0,0,0
-0.2158,0.3386,0.9495,0.6336,1.1832,-1.5191,0,0,0
-0.2351,0.3479,0.9407,-0.0229,2.8931,-1.8626,0,0,0
-0.2634,0.3491,0.948,-2.1756,2.1145,-1.7099,0,0,0
-0.2776,0.3447,0.9297,-3.9389,0.2901,-1.3969,0,0,0
-0.2632,0.3301,0.9202,-5.2977,-1.2672,-0.9771,0,0,0
-0.2463,0.3147,0.9355,-5.3893,-2.3664,-1.5573,0,0,0
-0.2378,0.3203,0.9585,-4.7557,-1.8931,-1.1603,0,0,0
-0.2351,0.3225,0.9563,-4.1069,-1.542,-1.5649,0,0,0
-0.2271,0.3091,0.958,-3.084,-0.0992,-1.3206,0,0,0
-0.2424,0.3215,0.9495,-2.6947,0.2214,-2.0229,0,0,0
-0.2458,0.3157,0.9475,-2.9389,0.855,-1.0534,0,0,0
-0.2544,0.3127,0.9346,-2.1298,0.6794,-1.1985,0,0,0
-0.2505,0.3135,0.9353,-1.5038,0.0305,-1.3435,0,0,0
-0.2485,0.3174,0.9431,-1.7939,-0.2748,-0.4427,0,0,0
-0.2476,0.3242,0.9329,-2.0229,-0.8092,-0.3435,0,0,0
-0.241,0.324,0.9465,-2.0382,-0.542,-0.5573,0,0,0
-0.2383,0.3118,0.9502,-2.0611,-0.0458,-0.2137,0,0,0
-0.2356,0.311,0.9546,-1.4504,-0.2443,-1.2824,0,0,0
-0.2468,0.3223,0.9453,-1.5038,0.1145,-0.8473,0,0,0
-0.2498,0.3232,0.947,-1.3817,0.0687,-0.5115,0,0,0
-0.2517,0.3237,0.9465,-1.1985,-0.2443,-0.687,0,0,0
-0.25,0.3159,0.9456,-1.3893,-0.3664,0.0382,0,0,0
-0.2488,0.3225,0.9341,-1.4427,-0.6489,-0.2214,0,0,0
-0.2478,0.3208,0.9475,-1.1145,-0.6336,-0.2519,0,0,0
-0.2429,0.3142,0.9473,-1.145,-0.2901,-0.084,0,0,0
-0.2454,0.3188,0.9456,-0.7405,0.0076,-0.1374,0,0,0
-0.2471,0.3213,0.937,-0.4962,-0.2214,-0.3817,0,0,0
-0.2407,0.3132,0.9509,-0.6947,-0.1145,-0.1298,0,0,0
-0.2444,0.324,0.9424,-0.2061,-0.1908,0.0305,0,0,0
-0.2405,0.3203,0.938,-0.2214,-0.374,0.1603,0,0,0
-0.2476,0.3313,0.9458,-0.7557,-0.3969,0.2748,0,0,0
-0.2478,0.3276,0.9458,-0.6718,-0.3664,0.1679,0,0,0
-0.2439,0.3188,0.9458,-0.626,-0.145,0.4504,0,0,0
-0.2468,0.3228,0.9441,-0.771,-0.0916,0.6718,0,0,0
-0.2478,0.324,0.9456,-0.0153,0.1145,0.3053,0,0,0
-0.2473,0.324,0.9387,-0.229,-0.1832,0.4962,0,0,0
-0.248,0.3269,0.9448,-0.3588,-0.2519,0.2595,0,0,0
-0.2446,0.332,0.9468,-0.4504,-0.313,0.1985,0,0,0
-0.2468,0.3333,0.9397,-0.8321,-0.4733,0.1908,0,0,0
-0.2471,0.325,0.9453,-0.771,-0.5115,0.0305,0,0,0
-0.2419,0.3323,0.9392,-1.2519,-0.2672,-0.145,0,0,0
-0.25,0.3257,0.9456,-0.9084,-0.0382,-0.3435,0,0,0
-0.2439,0.3264,0.9441,-1.229,-0.1374,-0.084,0,0,0
-0.2437,0.3242,0.9429,-1.2366,0.1756,-0.2901,0,0,0
-0.25,0.3293,0.9355,-1.1145,-0.2443,-0.2519,0,0,0
-0.2468,0.333,0.9419,-1.7023,-0.6565,-0.5267,0,0,0
-0.2485,0.3281,0.937,-2.084,-0.7557,-0.8321,0,0,0
-0.2483,0.3303,0.9443,-2.3206,-1.0916,-0.8397,0,0,0
-0.2417,0.3257,0.9424,-2.229,-1.1908,-0.5496,0,0,0
-0.2429,0.3259,0.9412,-1.8092,-0.7939,-0.5649,0,0,0
-0.2429,0.3298,0.9495,-1.9695,-0.8626,-0.5954,0,0,0
-0.2485,0.3279,0.9426,-1.9389,-0.8779,-0.6183,0,0,0
-0.2427,0.3247,0.9431,-2.0382,-0.7481,-0.9389,0,0,0
-0.2449,0.3264,0.946,-1.8321,-0.3206,-0.7786,0,0,0
-0.2485,0.3301,0.9382,-1.9924,-0.6718,-0.8244,0,0,0
-0.2427,0.3296,0.9409,-2.0153,-0.6412,-1.0687,0,0,0
-0.2429,0.3276,0.9443,-2.2366,-0.6794,-0.8397,0,0,0
-0.2478,0.3259,0.9412,-2.0763,-0.5344,-0.4962,0,0,0
-0.241,0.3257,0.9395,-2.5267,-0.8092,-0.8473,0,0,0
-0.2461,0.3267,0.9438,-2.4198,-0.7939,-0.7863,0,0,0
-0.2468,0.3259,0.9397,-2.1069,-0.6412,-0.6031,0,0,0
-0.2434,0.3267,0.9434,-2.1832,-0.7481,-1.0534,0,0,0
-0.2427,0.3279,0.9485,-2.2748,-0.687,-0.9695,0,0,0
-0.2437,0.324,0.9509,-2.1374,-0.7023,-0.6565,0,0,0
-0.2451,0.3208,0.9431,-2.2214,-0.4962,-0.4885,0,0,0
-0.2498,0.3213,0.9482,-1.6489,-0.4427,-0.6489,0,0,0
-0.2473,0.323,0.9397,-1.7099,-0.4733,-0.6336,0,0,0
-0.2498,0.3252,0.9399,-1.6412,-0.5878,-0.3511,0,0,0
-0.2454,0.3328,0.9365,-1.8626,-0.7023,-0.6336,0,0,0
-0.2415,0.3228,0.9521,-2.145,-0.8168,-0.6794,0,0,0
-0.239,0.3267,0.9468,-2.084,-1.0382,-0.6947,0,0,0
-0.2449,0.3208,0.9429,-1.9924,-0.8321,-0.6947,0,0,0
-0.2468,0.3215,0.9473,-1.7252,-1.0611,-0.6794,0,0,0
-0.2485,0.3208,0.938,-1.8168,-0.8931,-0.687,0,0,0
-0.2449,0.3271,0.9468,-1.7939,-0.2748,-1.1603,0,0,0
-0.2417,0.3257,0.9412,-1.7557,0.3817,-1.458,0,0,0
-0.2456,0.3215,0.9453,-1.771,-0.5191,-0.8626,0,0,0
-0.2485,0.3289,0.9453,-1.9084,-0.3435,-0.8015,0,0,0
-0.248,0.321,0.9465,-1.9008,-0.6794,-0.8702,0,0,0
-0.2461,0.3223,0.9421,-1.8397,-1.0382,-0.8702,0,0,0
-0.2417,0.3264,0.9395,-1.6947,-0.542,-0.9695,0,0,0
-0.2429,0.3276,0.9463,-1.687,-0.6336,-1.1374,0,0,0
-0.2419,0.3245,0.9426,-1.771,-0.458,-0.9237,0,0,0
-0.2417,0.3271,0.9482,-1.9237,-0.2824,-0.9695,0,0,0
-0.2444,0.323,0.9475,-2.0992,-0.6107,-0.7405,0,0,0
-0.2476,0.3247,0.9417,-1.9847,-0.6183,-0.9847,0,0,0
-0.2415,0.3198,0.9402,-2.0,-0.4275,-0.8321,0,0,0
-0.2444,0.3235,0.9417,-1.8397,-0.7099,-0.7481,0,0,0
-0.2429,0.3301,0.9512,-1.7023,-0.4504,-0.542,0,0,0
-0.2473,0.3269,0.9443,-1.7786,-0.8626,-0.8244,0,0,0
-0.2441,0.3274,0.9446,-1.8397,-0.5725,-0.8092,0,0,0
-0.2407,0.3235,0.9504,-2.0611,-0.5802,-1.0992,0,0,0
-0.2405,0.3279,0.938,-1.9695,-0.542,-0.7099,0,0,0
-0.2485,0.3181,0.938,-2.0229,-0.5496,-0.6489,0,0,0
-0.2456,0.3157,0.9458,-1.6565,-0.5649,-0.542,0,0,0
-0.2483,0.3276,0.9451,-1.8321,-0.6031,-0.6336,0,0,0
-0.2476,0.3262,0.9395,-2.0992,-0.5649,-1.0534,0,0,0
-0.2446,0.3203,0.9463,-2.4198,-0.5344,-0.8855,0,0,0
-0.2466,0.3242,0.9475,-1.8473,-0.1832,-0.687,0,0,0
-0.2461,0.323,0.939,-1.9924,-0.4275,-0.6336,0,0,0
-0.2415,0.3213,0.946,-1.7405,-0.4504,-0.7786,0,0,0
-0.2405,0.3203,0.9414,-1.5267,-0.6412,-0.8168,0,0,0
-0.2422,0.3225,0.9475,-1.458,-0.4427,-0.5725,0,0,0
-0.2471,0.3267,0.9443,-1.7328,-0.3282,-0.8855,0,0,0
-0.2463,0.3264,0.9441,-1.771,-0.7099,-0.7786,0,0,0
-0.2463,0.3274,0.9504,-1.9847,-0.6565,-0.8626,0,0,0
-0.2449,0.3257,0.9485,-1.8473,-0.3206,-0.9542,0,0,0
-0.2444,0.3206,0.9453,-1.6031,-0.3664,-0.4733,0,0,0
-0.2473,0.3237,0.9443,-1.6947,-0.4962,-0.7481,0,0,0
-0.2437,0.3281,0.9492,-1.6718,-0.5115,-0.8397,0,0,0
-0.24,0.3296,0.9407,-1.5267,-0.145,-0.626,0,0,0
-0.2493,0.3225,0.9382,-1.6794,-0.374,-0.7863,0,0,0
-0.2468,0.3271,0.9453,-1.8931,-0.7176,-0.7863,0,0,0
-0.2444,0.3235,0.9482,-1.9237,-0.458,-0.6641,0,0,0
-0.2419,0.3247,0.9438,-1.9695,-0.5496,-0.7176,0,0,0
-0.2449,0.3225,0.9482,-1.5115,-0.5115,-0.4504,0,0,0
-0.2434,0.3223,0.9473,-1.2443,-0.1527,-0.1145,0,0,0
-0.2461,0.3254,0.9495,-1.3588,-0.0305,-0.4885,0,0,0
-0.2461,0.3291,0.938,-1.5649,-0.3588,-0.5649,0,0,0
-0.2437,0.3267,0.9407,-1.7252,-0.2977,-0.5878,0,0,0
-0.2458,0.3296,0.949,-1.6489,-0.313,-0.6107,0,0,0
-0.248,0.3203,0.9429,-1.7481,-0.5344,-0.7405,0,0,0
-0.2446,0.3198,0.9424,-1.5954,-0.2595,-0.4504,0,0,0
-0.2454,0.3225,0.9426,-1.2366,-0.1374,-0.3893,0,0,0
-0.2449,0.3223,0.9438,-1.5802,-0.3893,-0.7023,0,0,0
-0.2485,0.3269,0.9446,-1.2061,-0.4198,-0.5649,0,0,0
-0.2432,0.3274,0.9426,-1.7863,-0.3893,-0.5802,0,0,0
-0.2463,0.3254,0.9441,-1.8473,-0.6183,-0.4962,0,0,0
-0.2517,0.3269,0.9456,-1.8702,-0.5954,-0.7634,1,0,0
-0.2471,0.3215,0.9412,-1.6565,-0.3435,-0.8931,1,0,0
-0.2468,0.3328,0.9436,-2.0076,-0.4733,-0.9313,1,0,0
-0.2444,0.3262,0.9448,-2.0305,-0.4885,-0.8397,1,0,0
-0.2468,0.3196,0.9443,-2.0534,-0.4733,-0.4733,1,0,0
-0.2466,0.3198,0.9509,-1.5649,-0.4198,-0.5267,1,0,0
-0.2461,0.3235,0.9434,-1.4504,-0.4733,-0.5725,1,0,0
-0.2446,0.3254,0.9404,-1.3511,-0.1527,-0.4046,1,0,0
-0.2476,0.332,0.9412,-1.2672,-0.1985,-0.542,1,0,0
-0.2454,0.3228,0.9453,-1.771,-0.5191,-0.5267,1,0,0
-0.2458,0.3279,0.9509,-1.8168,-0.626,-0.4351,1,0,0
-0.2415,0.3228,0.946,-1.5496,-0.6489,-0.7176,1,0,0
-0.2429,0.3245,0.9397,-1.6489,-0.4885,-0.2443,1,0,0
-0.2454,0.3296,0.9434,-1.7786,-0.4275,-0.771,1,0,0
-0.2424,0.3235,0.9468,-1.8702,-0.5725,-0.4809,1,0,0
-0.2444,0.325,0.9453,-1.7557,-0.5191,-0.6031,1,0,0
-0.2498,0.3262,0.9456,-1.8092,-0.5267,-0.771,1,0,0
-0.2402,0.3196,0.9451,-2.0305,-0.542,-0.8244,1,0,0
-0.2471,0.3245,0.9438,-2.0,-0.5878,-0.6489,1,0,0
-0.2454,0.323,0.95,-1.9389,-0.5802,-0.5191,1,0,0
-0.2461,0.321,0.9409,-1.916,-0.5344,-0.7557,1,0,0
-0.2446,0.3245,0.9441,-1.9008,-0.5573,-0.7252,1,0,0
-0.2439,0.3247,0.9426,-1.9313,-0.5191,-0.6794,1,0,0
-0.2424,0.3274,0.9397,-2.0,-0.4885,-0.5573,1,0,0
-0.2473,0.3254,0.9465,-1.6489,-0.458,-0.8092,1,0,0
-0.2473,0.3228,0.9412,-1.8244,-0.7176,-0.771,1,0,0
-0.2422,0.3235,0.9434,-1.9008,-0.5496,-0.7328,1,0,0
-0.2441,0.3259,0.948,-1.7252,-0.5725,-0.4809,1,0,0
-0.2437,0.3247,0.946,-1.5115,-0.542,-0.5878,1,0,0
-0.2463,0.3191,0.9453,-1.542,-0.5344,-0.4046,1,0,0
-0.2468,0.3193,0.9448,-1.6565,-0.687,-0.7023,1,0,0
-0.2417,0.324,0.9375,-2.0305,-0.5954,-0.7176,1,0,0
-0.2466,0.3269,0.9465,-1.5649,-0.6489,-0.8397,1,0,0
-0.2458,0.3259,0.9436,-1.7481,-0.5878,-0.5954,1,0,0
-0.2451,0.3274,0.9412,-1.8015,-0.5191,-0.7557,1,0,0
-0.2454,0.3284,0.9385,-1.9695,-0.5725,-0.7786,1,0,0
-0.2441,0.3264,0.9478,-2.0916,-0.6718,-0.6489,1,0,0
-0.2463,0.3179,0.9417,-1.8015,-0.6641,-0.6794,1,0,0
-0.2517,0.3179,0.9473,-1.6412,-1.1374,-0.3206,1,0,0
-0.2466,0.3315,0.9451,-1.6107,-0.6031,-0.9084,1,0,0
-0.2441,0.321,0.9395,-2.145,-0.5725,-0.8626,1,0,0
-0.2419,0.3254,0.9438,-1.9695,-0.687,-0.7557,1,0,0
-0.2424,0.324,0.9526,-2.2977,-0.4046,-0.6489,1,0,0
-0.2456,0.3171,0.949,-2.0458,-0.3282,-0.7023,1,0,0
-0.241,0.3215,0.9436,-1.8092,0.1145,-0.8015,1,0,0
-0.2466,0.3262,0.9409,-1.5115,-0.2672,-0.9237,1,0,0
-0.2493,0.3267,0.9465,-1.5344,-0.3511,-0.3969,1,0,0
-0.2456,0.3252,0.9426,-1.6794,-0.4198,-0.7634,1,0,0
-0.2454,0.3218,0.9468,-1.9389,-0.5649,-0.2824,1,0,0
-0.2444,0.3281,0.9478,-1.7176,-0.5115,-0.7252,1,0,0
-0.2468,0.3259,0.9438,-1.5573,-0.4885,-0.7786,1,0,0
-0.2419,0.3225,0.9407,-1.9084,-0.6489,-0.5878,1,0,0
-0.2458,0.3254,0.9443,-1.8626,-0.4275,-0.4809,1,0,0
-0.2456,0.3208,0.9399,-1.7176,-0.6565,-0.8015,1,0,0
-0.2444,0.3208,0.9458,-1.4962,-0.4733,-0.5191,1,0,0
-0.2478,0.3271,0.948,-1.7634,-0.2824,-0.8321,1,0,0
-0.2468,0.3284,0.9424,-1.9237,-0.3893,-0.7328,1,0,0
-0.2473,0.3179,0.9492,-1.9389,-0.7252,-0.8931,1,0,0
-0.2485,0.3186,0.9429,-1.7328,-0.5496,-0.6641,1,0,0
-0.2437,0.3186,0.95,-1.6718,-0.4733,-0.542,1,0,0
-0.2478,0.3333,0.9417,-1.2672,-0.2519,-1.0763,1,0,0
-0.25,0.323,0.9426,-2.0305,-0.3511,-0.7481,1,0,0
-0.2427,0.3242,0.9407,-1.8397,-0.4656,-0.7939,1,0,0
-0.2429,0.3281,0.9407,-2.1298,-0.374,-0.5573,1,0,0
-0.2505,0.3223,0.948,-1.9924,-0.7023,-0.3893,1,0,0
-0.2449,0.3235,0.9382,-1.7481,-0.374,-0.4656,1,0,0
-0.2446,0.3245,0.9382,-1.6489,-0.4046,-0.4885,1,0,0
-0.241,0.322,0.9456,-1.5344,-0.1527,-0.4275,1,0,0
-0.2427,0.3274,0.9458,-1.3282,-0.3282,-0.3511,1,0,0
-0.2473,0.3262,0.937,-1.7023,-0.4733,-0.4656,1,0,0
-0.2468,0.3225,0.9397,-1.4885,-0.5191,-0.7863,1,0,0
-0.2456,0.3218,0.9419,-1.3053,-0.0305,-0.5954,1,0,0
-0.2476,0.3306,0.9458,-1.9313,-0.6718,-0.5115,1,0,0
-0.2437,0.3271,0.9424,-2.0153,-0.4046,-1.1298,1,0,0
-0.2468,0.3184,0.948,-1.855,-0.2595,-0.4885,1,0,0
-0.2488,0.3174,0.939,-1.3893,-0.4275,-0.3359,1,0,0
-0.2471,0.3235,0.9387,-1.4198,-0.3969,-0.7328,1,0,0
-0.2478,0.321,0.9468,-1.2443,-0.626,-0.4427,1,0,0
-0.2471,0.3198,0.9414,-1.0458,-0.9313,-0.2672,1,0,0
-0.238,0.3101,0.9429,-1.2443,-0.5725,1.0229,1,0,0
-0.241,0.3242,0.9565,-0.3893,0.0382,0.6031,1,0,0
-0.249,0.3374,0.9429,-0.3817,-0.2595,-0.3053,1,0,0
-0.249,0.3418,0.9297,-1.2672,-0.5878,-0.7634,1,0,0
-0.2458,0.3416,0.9302,-2.6183,-0.8397,-0.9542,1,0,0
-0.2444,0.325,0.9502,-3.0153,-0.9237,-0.9084,1,0,0
-0.2449,0.3049,0.9434,-2.0153,-0.9618,-0.1069,1,0,0
-0.2419,0.3118,0.9443,-1.1221,-0.6489,0.0305,1,0,0
-0.2449,0.3193,0.946,-0.9695,-0.626,0.0229,1,0,0
-0.2419,0.3291,0.9475,-0.8931,-0.229,-0.3893,1,0,0
-0.2451,0.3318,0.9468,-1.1756,-0.0763,-0.5038,1,0,0
-0.2532,0.3352,0.9434,-1.6031,-0.4809,-0.4962,1,0,0
-0.2454,0.3267,0.9382,-2.0305,-0.9084,-0.5802,1,0,0
-0.2498,0.3179,0.9446,-1.855,-0.9924,-0.2519,1,0,0
-0.2458,0.3186,0.9443,-1.4122,-1.0,0.1374,1,0,0
-0.2397,0.3298,0.9453,-1.3206,-0.5954,-0.0382,1,0,0
-0.2441,0.3257,0.939,-1.3053,-0.1603,-0.4198,1,0,0
-0.2444,0.3232,0.9517,-1.4275,-0.3282,-0.542,1,0,0
-0.2463,0.3313,0.9436,-1.1145,-0.2366,-0.374,1,0,0
-0.2429,0.3257,0.9424,-1.5115,-0.1832,0.0458,1,0,0
-0.2466,0.3296,0.9438,-1.2061,-0.5496,-0.229,1,0,0
-0.2441,0.324,0.9434,-1.1679,-0.8626,-0.2137,1,0,0
-0.2446,0.3289,0.946,-1.3588,-0.5954,-0.3511,1,0,0
-0.2517,0.3301,0.9448,-1.542,-0.6565,-0.4275,1,0,0
-0.2422,0.3247,0.9377,-1.5191,-0.4427,-0.2672,1,0,0
-0.2476,0.3271,0.9434,-1.4427,-0.2672,-0.3359,1,0,0
-0.2478,0.3254,0.9443,-1.3206,-0.4198,-0.2366,1,0,0
-0.2451,0.3267,0.9475,-1.1985,-0.2137,-0.4733,1,0,0
-0.2454,0.3264,0.9375,-0.9466,-0.2061,-0.2748,1,0,0
-0.248,0.3276,0.9421,-1.1603,-0.3053,-0.2137,1,0,0
-0.2427,0.3301,0.9321,-0.916,-0.4733,-0.1679,1,0,0
-0.2451,0.3359,0.9382,-1.4198,-0.5496,-0.542,1,0,0
-0.2485,0.3318,0.9412,-1.5038,-0.4198,-0.3435,1,0,0
-0.2466,0.3289,0.9395,-1.771,-0.8244,-0.4046,1,0,0
-0.2375,0.3286,0.9429,-1.7252,-0.7099,-0.7557,1,0,0
-0.2454,0.3267,0.9456,-1.9084,-0.5496,-0.6031,1,0,0
-0.2439,0.3245,0.9407,-1.6794,-0.6565,-0.7252,1,0,0
-0.2419,0.3284,0.9429,-1.9237,-0.4275,-0.6489,0,0,0
-0.2476,0.3313,0.9409,-1.8244,-0.3969,-0.9389,0,0,0
-0.2383,0.321,0.948,-1.8626,-0.5038,-0.6565,0,0,0
-0.2437,0.3286,0.9426,-2.1908,-0.3435,-0.7023,0,0,0
-0.2444,0.3262,0.9407,-1.9924,-0.7557,-0.5725,0,0,0
-0.2451,0.3225,0.9463,-1.9618,-0.7328,-0.8168,0,0,0
-0.2461,0.3242,0.9451,-1.8855,-0.6107,-0.5878,0,0,0
-0.2454,0.3291,0.9451,-1.6641,-0.1603,-0.6336,0,0,0
-0.2446,0.3262,0.9463,-2.0305,-0.3282,-0.5725,0,0,0
-0.2429,0.3247,0.946,-2.0611,-0.3359,-0.7557,0,0,0
-0.2485,0.3313,0.9404,-2.1679,-0.2366,-0.8092,0,0,0
-0.248,0.332,0.9385,-2.2519,-0.6641,-0.8092,0,0,0
-0.2456,0.3264,0.9414,-2.4656,-0.5267,-1.0382,0,0,0
-0.2456,0.3247,0.9446,-2.4046,-0.2748,-1.0916,0,0,0
-0.2441,0.3254,0.9417,-2.5878,-0.4427,-0.8626,0,0,0
-0.2439,0.325,0.9453,-2.0153,-0.3588,-0.6489,0,0,0
-0.2441,0.323,0.9424,-2.0,-0.145,-0.6336,0,0,0
-0.249,0.3252,0.9446,-1.4046,-0.3893,-1.0,0,0,0
-0.2437,0.3303,0.9382,-1.8473,-0.229,-0.7099,0,0,0
-0.2476,0.3281,0.9507,-2.2061,-0.2443,-0.5344,0,0,0
-0.2454,0.3342,0.9482,-2.2443,-0.2137,-0.9771,0,0,0
-0.2463,0.3276,0.9407,-2.5878,-0.5954,-1.0763,0,0,0
-0.2461,0.3284,0.9473,-2.8397,-0.2824,-1.2901,0,0,0
-0.2441,0.322,0.9424,-2.3588,-0.0611,-0.9466,0,0,0
-0.2432,0.324,0.9431,-2.5115,-0.1832,-0.9466,0,0,0
-0.2466,0.3259,0.9417,-2.3359,-0.0305,-0.9237,0,0,0
-0.25,0.3254,0.9402,-2.0076,-0.2519,-0.8702,0,0,0
-0.2454,0.3228,0.9375,-2.2977,-0.771,-0.7863,0,0,0
-0.2466,0.3281,0.9419,-2.2595,-0.3511,-0.8855,0,0,0
-0.2441,0.3291,0.947,-2.6489,-0.687,-1.0382,0,0,0
-0.2236,0.3276,0.9287,-1.6565,-1.2824,-0.6794,0,0,0
-0.2476,0.2886,0.9568,-1.3893,0.7252,2.4885,0,0,0
-0.2515,0.3391,0.9382,2.0763,-0.5573,-1.1679,0,0,0
-0.2502,0.3271,0.915,-1.7405,-1.3969,0.7252,0,0,0
-0.24,0.3169,0.9695,-1.6718,-1.0763,0.4427,0,0,0
-0.2524,0.3276,0.9556,-0.3893,-1.0611,0.8473,0,0,0
-0.2512,0.3438,0.9287,-0.9008,-0.8779,0.229,0,0,0
-0.2434,0.3411,0.9409,-2.3435,-1.2519,-0.7557,0,0,0
-0.2388,0.3137,0.9609,-2.2137,-0.4504,-0.1756,0,0,0
-0.2432,0.3381,0.9514,-1.3359,0.313,-0.7252,0,0,0
-0.2529,0.3489,0.9294,-2.8397,-0.5802,-1.4046,0,0,0
-0.2488,0.3328,0.9373,-3.7328,-0.6107,-1.5649,0,0,0
-0.2451,0.3218,0.9524,-3.9924,-0.4962,-1.6947,0,0,0
-0.2544,0.3201,0.9397,-3.4656,-0.6794,-1.3969,0,0,0
-0.2407,0.2966,0.9404,-4.1221,0.2901,-2.6794,0,0,0
-0.2434,0.3191,0.9448,-4.3664,-0.626,-1.8244,0,0,0
-0.238,0.3303,0.9475,-3.6107,-0.7634,-1.8702,0,0,0
-0.2458,0.323,0.9412,-3.5954,-0.7176,-1.8626,0,0,0
-0.249,0.3218,0.936,-3.3511,-0.9466,-1.5954,0,0,0
-0.2444,0.3184,0.9395,-3.2901,-1.1756,-1.8931,0,0,0
-0.2466,0.3145,0.9441,-2.9771,-1.3893,-1.4885,0,0,0
-0.2451,0.3193,0.9417,-2.9008,-1.3817,-1.1985,0,0,0
-0.2271,0.3147,0.9482,-3.1527,-1.5038,-0.9237,0,0,0
-0.259,0.1924,0.9065,-0.6565,-1.5878,3.4504,0,0,0
-0.301,0.4526,1.0327,4.4504,6.7634,3.8702,0,0,0
-0.2803,0.4414,0.8816,0.9618,0.0763,-9.9237,0,0,0
-0.2126,0.3401,0.9092,-12.9313,-1.9542,-2.3511,0,0,0
-0.2036,0.2244,1.0181,-4.9695,1.313,1.0076,0,0,0
-0.2761,0.2813,0.979,1.4809,1.7405,0.458,0,0,0
-0.2734,0.3462,0.8862,0.084,-1.1756,0.2214,0,0,0
-0.2356,0.3018,0.9133,-1.6031,-1.9466,0.3588,0,0,0
-0.2317,0.3093,0.9873,0.9466,-0.6718,0.9313,0,0,0
-0.2446,0.3606,0.9541,1.2443,0.3435,0.5802,0,0,0
-0.2498,0.3706,0.9236,-2.2824,-0.9466,-1.1603,0,0,0
-0.2498,0.3325,0.9473,-5.0153,-0.9618,-1.6641,0,0,0
-0.2417,0.2903,0.947,-3.2901,-0.7481,-1.2443,0,0,0
-0.2488,0.3088,0.9382,-1.6489,-0.4275,-0.4122,0,0,0
-0.2451,0.3296,0.9475,-1.542,-0.6336,-0.3969,0,0,0
-0.2463,0.3215,0.9495,-1.2366,-0.2748,-0.9618,0,0,0
-0.2366,0.3286,0.9443,-1.1756,-0.1221,-0.855,0,0,0
-0.2495,0.3406,0.9375,-2.2366,0.0992,-1.2061,0,0,0
-0.2495,0.3218,0.9465,-2.8702,-0.4809,-0.9924,0,0,0
-0.2439,0.3052,0.9382,-2.6565,-0.5954,-0.8092,0,0,0
-0.2466,0.3093,0.9409,-1.2977,-0.8321,-0.4962,0,0,0
-0.2463,0.3193,0.9429,-0.9542,-0.5344,-0.2672,0,0,0
-0.2405,0.3291,0.9424,-1.3053,-0.6794,-0.1221,0,0,0
-0.241,0.3298,0.9551,-1.6794,-0.2595,-0.6947,0,0,0
-0.2478,0.3279,0.9458,-1.3969,-0.145,-0.8092,0,0,0
-0.2505,0.3257,0.9382,-1.9924,-0.458,-0.6336,0,0,0
-0.2463,0.3203,0.9368,-1.9466,-0.5649,-0.5344,0,0,0
-0.2417,0.3206,0.9482,-1.8244,-0.687,-0.4046,0,0,0
-0.2444,0.324,0.9468,-1.5954,-0.3511,-0.6107,0,0,0
-0.2449,0.3286,0.9375,-1.6183,-0.3817,-0.542,0,0,0
-0.2427,0.3262,0.948,-2.0916,-0.2672,-0.9542,0,0,0
-0.2429,0.3184,0.9448,-1.9008,-0.2443,-0.7786,0,0,0
-0.2446,0.323,0.9424,-1.8015,-0.1527,-0.6031,0,0,0
-0.2471,0.321,0.9392,-1.4962,-0.4733,-0.4809,0,0,0
-0.2483,0.3228,0.9448,-1.4809,-0.374,-0.3511,0,0,0
-0.2478,0.322,0.947,-1.7023,-0.5573,-0.4351,0,0,0
-0.2417,0.3203,0.95,-1.6031,-0.4885,-0.374,0,0,0
-0.2456,0.3215,0.9446,-1.6565,-0.3282,-0.771,0,0,0
-0.2449,0.325,0.9451,-1.3282,-0.0687,-0.4351,0,0,0
-0.2463,0.3198,0.9419,-1.3817,-0.1145,-0.626,0,0,0
-0.2451,0.3196,0.9365,-1.6489,-0.084,-0.4656,0,0,0
-0.2446,0.3196,0.9419,-1.626,-0.4046,-0.5878,0,0,0
-0.2427,0.322,0.9426,-1.5649,-0.313,-0.6336,0,0,0
-0.2498,0.3232,0.9458,-1.6107,-0.1374,-0.5115,0,0,0
-0.2456,0.3232,0.9443,-1.687,-0.4275,-0.5954,0,0,0
-0.248,0.3242,0.9419,-1.5725,-0.3435,-0.6107,0,0,0
-0.2468,0.3245,0.9448,-1.5344,-0.2214,-0.7557,0,0,0
-0.2505,0.3259,0.9341,-1.8855,-0.2977,-0.542,0,0,0
-0.251,0.3262,0.9407,-1.7023,-0.8092,-0.4046,0,0,0
-0.2429,0.3184,0.948,-1.9084,-0.6794,-0.5649,0,0,0
-0.2454,0.3215,0.9446,-1.7786,-0.3511,-0.6031,0,0,0
-0.2434,0.325,0.9424,-1.7176,-0.2824,-0.4656,0,0,0
-0.2371,0.323,0.9478,-1.5115,-0.4962,-0.687,0,0,0
-0.2446,0.3206,0.9412,-1.5954,-0.626,-0.7023,0,0,0
-0.248,0.3264,0.9407,-1.6336,-0.4122,-0.4885,0,0,0
-0.2449,0.3232,0.946,-2.0153,-0.8092,-0.7405,0,0,0
-0.2415,0.3254,0.9463,-1.8473,-0.5496,-0.5267,0,0,0
-0.2468,0.3242,0.9465,-1.7557,-0.6947,-0.7863,0,0,0
-0.2439,0.325,0.9441,-1.7252,-0.7786,-0.5267,0,0,0
-0.2476,0.3281,0.9404,-1.6412,-0.7328,-0.5267,0,0,0
-0.2456,0.3218,0.9443,-1.8626,-0.7481,-0.5725,0,0,0
-0.2446,0.322,0.9485,-1.7252,-0.3893,-0.3893,0,0,0
-0.2507,0.3223,0.9424,-2.0305,-0.9084,-0.5649,0,0,0
-0.2444,0.323,0.9353,-1.6947,-0.7481,-0.6031,0,0,0
-0.2476,0.3215,0.9448,-1.8092,-0.5115,-0.6718,0,0,0
-0.2451,0.3201,0.9402,-1.6031,-0.1832,-0.6641,0,0,0
-0.2456,0.3135,0.9451,-1.1603,0.374,-0.1985,0,0,0
-0.2517,0.3359,0.9436,-1.5344,-0.3969,-0.1145,0,0,0
-0.2437,0.3225,0.9402,-2.0305,-0.8092,-0.5038,0,0,0
-0.2468,0.3137,0.9363,-2.2137,-0.2137,-0.2137,0,0,0
-0.2378,0.3105,0.9734,-0.1679,0.4885,-0.2824,0,0,0
-0.2207,0.3237,0.9705,0.9237,0.9618,0.1756,0,0,0
-0.2346,0.3323,0.9253,-0.6641,1.3206,-1.0458,0,0,0
-0.2639,0.3257,0.9207,-2.6107,-0.2748,-0.542,0,0,0
-0.2607,0.3132,0.96,-1.4962,-0.9771,-0.2672,0,0,0
-0.2329,0.3208,0.9602,-0.6031,-0.8473,0.3206,0,0,0
-0.2354,0.343,0.9468,-1.2977,-0.458,-0.7634,0,0,0
-0.249,0.3289,0.9241,-2.8092,-0.8015,-0.771,0,0,0
-0.2402,0.3142,0.949,-2.2901,-0.145,-1.0611,0,0,0
-0.2429,0.3108,0.9546,-0.7099,0.2901,-0.4198,0,0,0
-0.2461,0.3223,0.9475,-0.1908,0.4962,-0.458,0,0,0
-0.249,0.3323,0.9319,-0.7557,-0.0153,-0.5878,0,0,0
-0.2542,0.3311,0.9297,-1.8397,-0.7176,-0.5115,0,0,0
-0.2473,0.3289,0.9426,-2.3588,-0.7939,-0.6412,0,0,0
-0.2439,0.3252,0.9583,-2.2214,-0.7939,-0.3969,0,0,0
-0.2654,0.3259,0.9426,-1.2672,-0.9008,-2.229,0,0,0
-0.2546,0.3171,0.9338,-2.3206,-0.8168,-0.5038,0,0,0
-0.27,0.3281,0.9365,-2.1527,-1.4122,-0.7176,0,0,0
-0.2517,0.3359,0.936,-2.7328,-1.6183,-0.916,0,0,0
-0.2478,0.3289,0.9534,-2.8855,-1.3893,-1.4122,0,0,0
-0.2339,0.3269,0.9534,-2.6794,-1.8779,-0.9237,0,0,0
-0.2371,0.3269,0.9485,-2.9924,-0.8015,-1.4504,0,0,0
-0.2461,0.3164,0.9373,-3.1069,-0.6718,-1.458,0,0,0
-0.2412,0.3181,0.9407,-3.0,-0.7557,-1.542,0,0,0
-0.2466,0.3159,0.9526,-1.9084,-0.9618,-1.9618,0,0,0
-0.2542,0.3276,0.9353,-2.1832,-1.5038,-0.3893,0,0,0
-0.2429,0.3269,0.9417,-2.5115,-1.7023,-0.6565,0,0,0
-0.2476,0.3132,0.9412,-2.5115,-1.8779,0.1756,0,0,0
-0.2434,0.3171,0.9451,-1.8931,-2.2901,0.8092,0,0,0
-0.2493,0.3135,0.9387,-1.855,-2.0763,0.3817,0,0,0
-0.2444,0.3145,0.9417,-0.8855,-2.0687,0.7252,0,0,0
-0.2427,0.3303,0.9434,-1.0153,-2.3893,0.7939,0,0,0
-0.2437,0.3262,0.9431,-1.8244,-3.0,0.7176,0,0,0
-0.0635,0.1799,0.7944,6.4046,-10.6336,3.2214,0,0,0
-0.3022,0.3982,1.0217,-3.9313,-5.5191,5.8168,0,0,0
-0.1211,0.3667,0.9968,-2.3893,-4.5878,-0.6336,0,0,0
-0.2556,0.3789,0.9062,-6.1527,-3.8397,-1.4198,0,0,0
-0.241,0.3396,0.9531,-6.0,-1.8244,0.4504,0,0,0
-0.1892,0.3147,1.0032,-5.8626,-0.7405,-3.0382,0,0,0
-0.2192,0.2915,0.9692,-3.2061,1.2824,-1.1985,0,0,0
-0.2402,0.2859,0.9558,-0.5954,2.5496,-0.7634,0,0,0
-0.2463,0.3342,0.9324,-0.3359,2.1832,-2.1527,0,0,0
-0.261,0.3235,0.9153,-1.5573,2.3206,-1.229,0,0,0
-0.2405,0.3423,0.9556,-0.8473,1.9008,-2.1985,0,0,0
-0.26,0.3196,0.9309,-1.9237,0.1527,-1.458,0,0,0
-0.2542,0.3325,0.9426,-2.374,-0.4809,-1.6183,0,0,0
-0.2517,0.3203,0.9312,-2.687,-1.687,-1.5115,0,0,0
-0.2368,0.3149,0.939,-3.2901,-1.7481,-0.4962,0,0,0
-0.2329,0.3174,0.9443,-2.9618,-1.9008,0.1756,0,0,0
-0.2417,0.3167,0.9487,-2.2061,-1.7099,-0.2977,0,0,0
-0.2363,0.3215,0.9521,-1.5954,-1.6336,-0.1756,0,0,0
-0.2422,0.323,0.9509,-1.6489,-1.229,0.0382,0,0,0
-0.2192,0.3296,0.9546,-2.2214,-1.5725,-0.6183,0,0,0
-0.2368,0.3208,0.947,-2.5573,-1.1908,-0.5115,0,0,0
-0.238,0.323,0.9595,-1.9389,-0.5115,-0.5038,0,0,0
-0.2354,0.3118,0.9463,-0.7252,0.2977,-0.1603,0,0,0
-0.2393,0.324,0.9473,-0.3664,0.2366,-0.7634,0,0,0
-0.2415,0.3208,0.9431,-0.9847,0.3511,-0.6947,0,0,0
-0.2375,0.3264,0.9421,-0.9618,0.2595,-0.9389,0,0,0
-0.2461,0.3279,0.9424,-1.1832,-0.2901,-0.8168,0,0,0
-0.2444,0.3232,0.9543,-1.687,-0.7023,-0.542,0,0,0
-0.2417,0.321,0.9438,-2.0916,-0.916,-0.9084,0,0,0
-0.2371,0.3176,0.9402,-2.229,-0.8779,-0.6336,0,0,0
-0.24,0.3176,0.9485,-1.6183,-0.8931,-0.7557,0,0,0
-0.2437,0.3171,0.9404,-1.5649,-0.6489,-0.7099,0,0,0
-0.2271,0.3181,0.9482,-2.229,-0.6183,-0.1145,0,0,0
-0.2375,0.3176,0.9526,-1.3588,-0.3893,-0.458,0,0,0
-0.2424,0.323,0.9475,-1.0458,-0.5649,-0.542,0,0,0
-0.2407,0.3269,0.9407,-1.2824,-0.6412,-0.2137,0,0,0
-0.2371,0.3262,0.9446,-0.9695,-0.7786,-0.6718,0,0,0
-0.2463,0.3269,0.948,-1.3053,-0.687,-0.4504,0,0,0
-0.2415,0.3306,0.9424,-1.7863,-0.7634,-0.626,0,0,0
-0.2402,0.3281,0.9421,-1.7939,-0.8092,-0.6947,0,0,0
-0.2415,0.3218,0.9495,-1.9237,-0.8092,-0.1527,0,0,0
-0.2446,0.3259,0.9441,-2.1603,-1.4656,-0.6947,0,0,0
-0.2437,0.3228,0.9421,-2.2824,-1.687,-0.9237,0,0,0
-0.2371,0.3145,0.948,-2.4656,-1.4656,-0.7863,0,0,0
-0.2432,0.321,0.9434,-1.8626,-1.1985,-0.4275,0,0,0
-0.24,0.313,0.95,-1.8779,-1.7863,-0.3969,0,0,0
-0.2351,0.3208,0.9438,-1.5115,-2.0687,-0.3053,0,0,0
-0.2344,0.3149,0.9502,-1.1069,-1.7099,-0.0305,0,0,0
-0.2324,0.3237,0.9519,-0.7481,-1.6107,0.1756,0,0,0
-0.2419,0.3308,0.9475,-1.0916,-1.2214,-0.0534,0,0,0
-0.2351,0.3228,0.9453,-1.0992,-0.8702,-0.3359,0,0,0
-0.2334,0.3264,0.9458,-0.8779,-0.7328,-0.4198,0,0,0
-0.2358,0.3252,0.9551,-0.9237,-0.7939,-0.5115,0,0,0
-0.2356,0.3191,0.9463,-0.5725,-0.5802,-0.2366,0,0,0
-0.2358,0.3259,0.9456,-0.8626,-0.8702,-0.687,0,0,0
-0.2332,0.3242,0.9441,-0.8168,-0.9618,-0.4504,0,0,0
-0.238,0.3291,0.9509,-0.8702,-0.6565,-0.6489,0,0,0
-0.2334,0.3264,0.9441,-0.9542,-0.687,-0.6183,0,0,0
-0.2322,0.3271,0.9465,-1.0763,-0.6565,-0.2824,0,0,0
-0.2373,0.3254,0.9495,-1.1374,-0.2824,-0.4275,0,0,0
-0.2378,0.3262,0.9458,-1.313,-0.458,-0.4809,0,0,0
-0.2393,0.324,0.9485,-1.313,-0.4809,-0.6336,0,0,0
-0.2388,0.3267,0.9431,-1.2748,-0.7176,-0.3664,0,0,0
-0.2378,0.3223,0.9453,-1.374,-0.7786,-0.8397,0,0,0
-0.2334,0.3245,0.9438,-1.4962,-0.7481,-0.4122,0,0,0
-0.2349,0.3247,0.9453,-1.6718,-0.7634,-0.6947,0,0,0
-0.2388,0.3237,0.9512,-2.0229,-0.9389,-0.6336,0,0,0
-0.2368,0.3291,0.9426,-1.7939,-1.145,-0.5725,0,0,0
-0.239,0.3252,0.9587,-1.4046,-1.2595,-0.5878,0,0,0
-0.239,0.3262,0.9475,-1.6718,-1.3893,-0.5649,0,0,0
-0.239,0.325,0.9482,-1.771,-1.458,-0.2595,0,0,0
-0.2412,0.3245,0.9434,-1.7328,-1.7786,-0.2977,0,0,0
-0.2378,0.3215,0.9421,-1.7786,-1.7176,-0.3817,0,0,0
-0.2378,0.3301,0.9468,-1.4733,-1.7328,-0.5649,0,0,0
-0.2332,0.3247,0.9409,-1.5115,-1.7786,-0.2672,0,0,0
-0.2302,0.3262,0.948,-1.6718,-1.1832,-0.6031,0,0,0
-0.2307,0.3281,0.948,-1.0916,-1.2443,-0.6794,0,0,0
-0.2295,0.3191,0.9502,-1.1145,-0.7634,-0.4122,0,0,0
-0.2273,0.3274,0.9478,-0.9924,-0.2519,-0.313,0,0,0
-0.2288,0.3254,0.948,-1.1756,0.1756,-0.6107,0,0,0
-0.2319,0.3279,0.9429,-1.1221,0.3435,-0.5878,0,0,0
-0.2346,0.3279,0.9421,-1.4656,0.0687,-0.7405,0,0,0
-0.2356,0.3308,0.9521,-1.8321,0.2672,-0.4656,0,0,0
-0.2368,0.3232,0.9395,-1.8168,-0.1221,-0.5267,0,0,0
-0.2373,0.3293,0.9514,-1.8244,-0.1756,-0.5954,0,0,0
-0.2368,0.3284,0.9463,-1.7176,0.0153,-0.4046,0,0,0
-0.239,0.3274,0.947,-2.313,-0.3588,-0.3969,0,0,0
-0.2395,0.3264,0.9509,-2.2824,-0.5496,-0.5267,0,0,0
-0.2322,0.3257,0.947,-2.1298,-0.2672,-0.4351,0,0,0
-0.2349,0.3284,0.9478,-1.9771,-0.6031,-0.3359,0,0,0
-0.2366,0.3223,0.947,-2.0916,-0.3359,-0.4122,0,0,0
-0.2329,0.322,0.9465,-1.3511,-0.4122,-0.6183,0,0,0
-0.2375,0.3335,0.9443,-2.0076,-0.4427,-0.0687,0,0,0
-0.2305,0.3198,0.9565,-1.771,-0.3053,-0.8626,0,0,0
-0.2349,0.322,0.9451,-1.229,0.2519,-0.6641,0,0,0
-0.2415,0.3235,0.946,-1.1221,-0.0153,-0.458,0,0,0
-0.2378,0.3301,0.9436,-1.7023,-0.2901,-0.2595,0,0,0
-0.2332,0.3323,0.9468,-1.855,-0.2748,-0.6107,0,0,0
-0.2319,0.3264,0.9456,-1.9542,-0.1603,-0.6641,0,0,0
-0.2354,0.3271,0.9463,-1.8015,0.1221,-0.5649,0,0,0
-0.2397,0.3262,0.9448,-2.1985,-0.3511,-0.1069,0,0,0
-0.238,0.3218,0.95,-1.9389,-0.4656,-0.6794,0,0,0
-0.238,0.3228,0.9409,-1.9466,-0.374,-0.458,0,0,0
-0.2373,0.3315,0.9485,-1.7405,-0.7176,-0.5344,0,0,0
-0.238,0.3301,0.9473,-2.2519,-0.2214,-0.8702,0,0,0
-0.2324,0.3274,0.9526,-2.1603,-0.7252,-0.9313,0,0,0
-0.2378,0.3223,0.9417,-2.145,-0.2137,-1.229,0,0,0
-0.2361,0.3196,0.9414,-1.9924,-0.2748,-0.8779,0,0,0
-0.2383,0.3179,0.9521,-1.626,-0.4427,-0.7252,0,0,0
-0.2385,0.3196,0.9507,-1.1374,-0.6336,-0.5954,0,0,0
-0.2368,0.3254,0.9407,-1.0687,-0.3893,-0.9237,0,0,0
-0.2368,0.3291,0.9431,-1.5344,-0.5725,-0.7786,0,0,0
-0.2375,0.3247,0.9463,-1.687,-0.9542,-0.5802,0,0,0
-0.241,0.3259,0.939,-1.7634,-1.1145,-1.0382,0,0,0
-0.2346,0.3259,0.9429,-1.7023,-0.7176,-0.7786,0,0,0
-0.2354,0.3254,0.946,-1.8626,-0.8321,-0.6947,0,0,0
-0.2371,0.325,0.9438,-1.8702,-0.687,-0.8931,0,0,0
-0.2385,0.3269,0.9482,-1.8702,-0.8931,-0.8473,0,0,0
-0.2358,0.3293,0.9458,-2.2061,-0.6183,-0.7328,0,0,0
-0.2366,0.3162,0.9504,-2.1679,-0.9618,-0.7557,0,0,0
-0.2368,0.3267,0.9419,-1.9389,-0.7252,-0.6031,0,0,0
-0.2378,0.3276,0.9453,-2.1527,-0.7099,-0.6947,0,0,0
-0.2383,0.324,0.9446,-1.9847,-1.0458,-0.7863,0,0,0
-0.2383,0.3159,0.9504,-2.0687,-0.6183,-0.4809,0,0,0
-0.2168,0.3562,0.9485,-2.5649,-0.4656,0.7176,0,0,0
-0.2236,0.3018,0.947,-1.9084,-1.0382,-1.5802,0,0,0
-0.2446,0.3376,0.9602,-0.7099,-0.2672,-0.3969,0,0,0
-0.2366,0.3281,0.9373,-1.5649,-0.5878,-1.0153,0,0,0
-0.2356,0.3291,0.9517,-2.0611,0.0229,-0.9313,0,0,0
-0.2368,0.3296,0.9446,-2.5573,-0.3969,-0.8702,0,0,0
-0.2273,0.312,0.9478,-1.7328,0.084,-0.8626,0,0,0
-0.2375,0.3286,0.9497,-1.6794,0.145,-0.3969,0,0,0
-0.2371,0.3315,0.9468,-2.3511,-0.1832,-1.0382,0,0,0
-0.241,0.3247,0.9463,-2.2672,-0.5496,-0.7634,0,0,0
-0.238,0.3203,0.9407,-2.4733,-0.6336,-0.9084,0,0,0
-0.2375,0.323,0.9536,-2.374,-0.7328,-0.6107,0,0,0
-0.2361,0.3176,0.9478,-2.0916,-0.4885,-0.3206,0,0,0
-0.2378,0.3254,0.9456,-1.7405,-0.8092,-0.6336,0,0,0
-0.2341,0.325,0.9377,-1.8702,-0.7328,-0.542,0,0,0
-0.239,0.3235,0.948,-2.0611,-0.9695,-0.7939,0,0,0
-0.2354,0.3247,0.9485,-1.9008,-0.8702,-0.5038,0,0,0
-0.2356,0.3259,0.9424,-1.8626,-0.6183,-0.3664,0,0,0
-0.2334,0.3262,0.9502,-1.7405,-0.4885,-0.6489,0,0,0
-0.2322,0.322,0.9492,-1.9466,-0.4656,-0.6489,0,0,0
-0.2373,0.3252,0.9507,-1.771,-0.4198,-0.4656,0,0,0
-0.2371,0.3247,0.9414,-1.5954,-0.1679,-0.6489,0,0,0
-0.24,0.325,0.9468,-1.7634,-0.2672,-0.5496,0,0,0
-0.2358,0.3247,0.9478,-2.1832,-0.6489,-0.8015,0,0,0
-0.2334,0.3201,0.9431,-1.8931,-0.3588,-0.6489,0,0,0
-0.2334,0.3191,0.9441,-1.7939,-0.4351,-0.6641,0,0,0
-0.2346,0.322,0.9443,-1.8779,-0.5191,-0.4809,0,0,0
-0.2319,0.3228,0.9507,-1.6031,-0.2137,-0.9389,0,0,0
-0.2344,0.3269,0.9485,-1.7634,-0.2977,-0.916,0,0,0
-0.2349,0.3232,0.9368,-1.8092,-0.3664,-0.7405,0,0,0
-0.2361,0.3247,0.9504,-1.9389,-0.5878,-0.6565,0,0,0
-0.2378,0.3188,0.9504,-1.9008,-0.6641,-0.7252,0,0,0
-0.2419,0.3271,0.9421,-1.6565,-0.5344,-0.5878,0,0,0
-0.2358,0.3262,0.9441,-1.6641,-0.6718,-0.7557,0,0,0
-0.2346,0.323,0.9492,-1.8015,-0.4962,-0.9313,0,0,0
-0.2373,0.322,0.9521,-1.7252,-0.4962,-0.7557,0,0,0
-0.2388,0.3228,0.9409,-1.687,-0.6794,-0.8244,0,0,0
-0.2341,0.3218,0.9473,-1.8015,-0.7176,-0.7023,0,0,0
-0.2356,0.3198,0.9536,-1.8855,-0.3053,-0.9618,0,0,0
-0.2344,0.3225,0.9429,-1.7557,-0.4504,-0.8397,0,0,0
-0.2332,0.3203,0.9526,-1.7252,-0.5191,-0.4198,0,0,0
-0.2375,0.3252,0.9502,-1.5878,-0.5267,-0.7176,0,0,0
-0.2388,0.3191,0.9531,-1.7557,-0.4885,-0.626,0,0,0
-0.2354,0.3215,0.9453,-1.8779,-0.2977,-0.6336,0,0,0
-0.2312,0.3215,0.9463,-1.8779,-0.5267,-0.5267,0,0,0
-0.2383,0.325,0.9456,-1.7405,-0.3282,-0.6947,0,0,0
-0.2371,0.324,0.9463,-1.7405,-0.6718,-0.6794,0,0,0
-0.2405,0.3242,0.9465,-1.9466,-0.4962,-0.7023,0,0,0
-0.2378,0.3235,0.9431,-2.1908,-0.7939,-0.4046,0,0,0
-0.2341,0.325,0.9412,-1.8931,-0.3282,-0.687,0,0,0
-0.2349,0.3218,0.9417,-1.4275,-0.3511,-0.6031,0,0,0
-0.2334,0.3264,0.9451,-1.4962,-0.458,-0.6718,0,0,0
-0.2368,0.3225,0.9409,-1.6641,-0.3893,-0.5649,0,0,0
-0.2361,0.3247,0.9507,-2.0076,-0.542,-0.4885,0,0,0
-0.2336,0.3252,0.9409,-1.7481,-0.5115,-0.7252,0,0,0
-0.2383,0.3213,0.9485,-1.6489,-0.3893,-0.5267,0,0,0
-0.2349,0.322,0.9509,-1.9008,-0.6565,-0.5878,0,0,0
-0.2314,0.3149,0.9446,-1.8855,-0.3511,-0.7328,0,0,0
-0.2349,0.3303,0.9451,-1.4427,-0.5573,-0.3817,0,0,0
-0.2407,0.3201,0.9438,-1.6718,-0.7023,-0.2901,0,0,0
-0.2341,0.3289,0.9492,-2.0229,-0.3206,-0.4733,0,0,0
-0.2312,0.3237,0.9495,-1.5038,-0.6107,-0.4275,0,0,0
-0.2361,0.3303,0.9478,-1.7863,-0.3588,-0.5649,0,0,0
-0.2312,0.3201,0.946,-1.6641,-0.5954,-0.5344,0,0,0
-0.2368,0.3215,0.9524,-1.7786,-0.542,-0.5878,0,0,0
-0.2341,0.3237,0.9482,-1.7786,-0.5725,-0.6565,0,0,0
-0.2361,0.324,0.9453,-1.542,-0.7405,-0.6794,0,0,0
-0.2336,0.3252,0.9485,-1.5802,-0.5115,-0.6183,0,0,0
-0.2356,0.3257,0.9502,-1.626,-0.4962,-0.6718,0,0,0
-0.2375,0.3257,0.9504,-1.6718,-0.4427,-0.5725,0,0,0
-0.2373,0.3223,0.9453,-1.7634,-0.542,-0.4733,0,0,0
-0.2368,0.3237,0.946,-1.687,-0.3969,-0.5344,0,0,0
-0.2373,0.3245,0.9456,-1.6336,-0.3664,-0.5115,0,0,0
-0.238,0.3247,0.9475,-1.4885,-0.7099,-0.4427,0,0,0
-0.2346,0.3225,0.9448,-1.5802,-0.6947,-0.5878,0,0,0
-0.2358,0.322,0.9417,-1.5802,-0.6107,-0.8626,0,0,0
-0.2344,0.3262,0.9485,-1.6565,-0.3206,-0.4351,0,0,0
-0.218,0.3325,0.947,-1.7939,-0.2137,-0.7939,0,0,0
-0.2344,0.3267,0.9548,-1.2672,-0.4046,-0.5038,0,0,0
-0.2349,0.3225,0.9421,-1.9008,-0.5496,-0.7099,0,0,0
-0.2395,0.3181,0.9431,-1.5954,-0.6107,-0.6565,0,0,0
-0.2354,0.3289,0.9502,-2.0534,-0.5038,-0.5115,0,0,0
-0.2378,0.3215,0.9478,-1.6107,-0.6718,-0.6489,0,0,0
-0.2334,0.324,0.9478,-1.7328,-0.458,-0.3359,0,0,0
-0.2368,0.3232,0.946,-1.4733,-0.0763,-0.6031,0,0,0
-0.2351,0.3254,0.9441,-1.6412,-0.2824,-0.5344,0,0,0
-0.2344,0.323,0.9431,-1.5878,-0.5267,-0.6107,0,0,0
-0.2312,0.322,0.946,-1.6947,-0.1756,-0.626,0,0,0
-0.2363,0.3262,0.9492,-1.4046,-0.0687,-0.5802,0,0,0
-0.2368,0.3232,0.9475,-1.3893,-0.5344,-0.5802,0,0,0
-0.2366,0.3257,0.9517,-1.7863,-0.5344,-0.6947,0,0,0
-0.2375,0.3237,0.9487,-1.6107,-0.374,-0.4733,0,0,0
-0.2327,0.3274,0.9507,-1.8702,-0.4427,-0.7634,0,0,0
-0.2427,0.3257,0.9441,-1.8473,-0.8931,-0.4351,0,0,0
-0.2268,0.3198,0.949,-1.4198,-0.2443,-0.687,0,0,0
-0.2349,0.3247,0.9482,-1.4046,-0.626,-0.3588,0,0,0
-0.2332,0.3281,0.9497,-1.6794,-0.2748,-0.6489,0,0,0
-0.2322,0.3271,0.9529,-1.4656,-0.374,-0.5038,0,0,0
-0.2324,0.3257,0.9451,-1.8397,-0.2901,-0.687,0,0,0
-0.2349,0.3232,0.946,-1.7023,-0.2824,-0.6183,0,0,0
-0.2363,0.3184,0.9519,-1.5802,-0.4046,-0.5191,0,0,0
-0.2393,0.3276,0.9453,-1.8473,-0.6718,-0.7863,0,0,0
-0.2336,0.325,0.9485,-1.8626,-0.5267,-0.6565,0,0,0
-0.2354,0.3245,0.95,-1.9237,-0.4275,-0.6947,0,0,0
-0.2354,0.3269,0.9421,-2.0611,-0.2443,-0.5573,0,0,0
-0.2314,0.3218,0.9448,-1.8015,-0.2214,-0.7023,0,0,0
-0.2329,0.3228,0.9468,-1.8702,-0.4427,-0.6031,0,0,0
-0.2361,0.3188,0.9441,-1.6794,-0.4275,-0.6794,0,0,0
-0.2349,0.3247,0.9421,-2.0611,-0.5573,-0.4885,0,0,0
-0.2366,0.321,0.9502,-1.9237,-0.4733,-0.6336,0,0,0
-0.2385,0.3215,0.9495,-1.6565,-0.2901,-0.6107,0,0,0
-0.2354,0.3264,0.9485,-1.7634,-0.5115,-0.687,0,0,0
-0.2346,0.322,0.9438,-1.8473,-0.2672,-0.4733,0,0,0
-0.2368,0.3213,0.9497,-1.6183,-0.2214,-0.7481,0,0,0
-0.2388,0.3254,0.9529,-1.8702,-0.4733,-0.3359,0,0,0
-0.2317,0.3254,0.9456,-1.5496,-0.4885,-0.7863,0,0,0
-0.2385,0.3271,0.9436,-1.8321,-0.5267,-0.4656,0,0,0
-0.2332,0.3254,0.9456,-1.7939,-0.5191,-0.5038,0,0,0
-0.2346,0.3247,0.9441,-1.7023,-0.3282,-0.6031,0,0,0
-0.2383,0.323,0.948,-1.8397,-0.4351,-0.7099,0,0,0
-0.2351,0.3245,0.9482,-1.5496,-0.313,-0.2748,0,0,0
-0.2349,0.3228,0.9451,-1.7328,-0.374,-0.6183,0,0,0
-0.2363,0.3274,0.9399,-1.8626,-0.6107,-0.5573,0,0,0
-0.2327,0.325,0.947,-1.7786,-0.6183,-0.6412,0,0,0
-0.2373,0.3242,0.947,-1.6183,-0.4427,-0.8626,0,0,0
-0.2375,0.3213,0.9458,-1.8244,-0.1603,-0.6565,0,0,0
-0.2341,0.3267,0.9438,-1.4962,-0.4809,-0.5878,0,0,0
-0.2363,0.3281,0.9429,-1.7863,-0.5878,-0.4122,0,0,0
-0.2349,0.3252,0.9509,-1.6412,-0.4198,-0.5115,0,0,0
-0.2368,0.3254,0.9463,-1.916,-0.5191,-0.6336,0,0,0
-0.2349,0.323,0.9468,-1.6031,-0.6412,-0.5191,0,0,0
-0.2356,0.323,0.9404,-1.3893,-0.5573,-0.4962,0,0,0
-0.2349,0.3276,0.9485,-1.6947,-0.5802,-0.458,0,0,0
-0.2351,0.325,0.948,-1.7481,-0.4656,-0.5038,0,0,0
-0.2349,0.3264,0.9468,-1.7328,-0.7328,-0.6031,0,0,0
-0.2354,0.325,0.9458,-1.8244,-0.6565,-0.7099,0,0,0
-0.2397,0.322,0.9504,-1.6947,-0.5725,-0.7099,0,0,0
-0.2322,0.324,0.9475,-1.7786,-0.4885,-0.4198,0,0,0
-0.2327,0.3213,0.947,-1.4962,-0.3588,-0.5802,0,0,0
-0.2383,0.3271,0.9429,-1.4198,-0.3664,-0.6794,0,0,0
-0.2373,0.3247,0.9458,-1.8473,-0.5267,-0.5649,0,0,0
-0.2336,0.3264,0.9443,-1.7328,-0.4733,-0.5573,0,0,0
-0.2368,0.3225,0.9465,-2.0229,-0.4733,-0.8702,0,0,0
-0.2339,0.322,0.9473,-1.6947,-0.4733,-0.5573,0,0,0
-0.2307,0.3301,0.9402,-1.4962,-0.7405,-0.7099,0,0,0
-0.2356,0.3289,0.9473,-1.6565,-0.4962,-0.2672,0,0,0
-0.2349,0.3259,0.9443,-2.0992,-0.6107,-0.6718,0,0,0
-0.2351,0.3291,0.947,-1.855,-0.458,-0.6031,0,0,0
-0.2358,0.3274,0.9446,-1.5725,-0.542,-0.7863,0,0,0
-0.2358,0.3181,0.9438,-1.9084,-0.6641,-0.6183,0,0,0
-0.2346,0.3247,0.949,-1.5191,-0.3664,-0.5115,0,0,0
-0.2366,0.3254,0.9463,-1.7099,-0.4733,-0.5802,0,0,0
-0.2346,0.3213,0.9521,-1.6489,-0.4427,-0.4962,0,0,0
-0.2319,0.3252,0.9529,-1.5267,-0.4122,-0.687,0,0,0
-0.2375,0.3262,0.9441,-1.8626,-0.1603,-0.5267,0,0,0
-0.2329,0.3218,0.9482,-1.6641,-0.4275,-0.7176,0,0,0
-0.2334,0.3262,0.9463,-1.7481,-0.3817,-0.4275,0,0,0
-0.2339,0.3223,0.9475,-1.5649,-0.5344,-0.6336,0,0,0
-0.2373,0.3257,0.9512,-1.5878,-0.4046,-0.5344,0,0,0
-0.2302,0.3235,0.9434,-1.4198,-0.542,-0.5725,0,0,0
-0.2314,0.3228,0.9473,-1.3588,-0.2977,-0.7863,0,0,0
-0.2351,0.3311,0.9409,-1.5954,-0.3435,-0.7557,0,0,0
-0.2344,0.3281,0.9482,-1.7481,-0.4656,-0.4733,0,0,0
-0.2312,0.3267,0.947,-2.1756,-0.5802,-0.8015,0,0,0
-0.229,0.3257,0.937,-2.0,-0.5878,-0.5573,0,0,0
-0.2314,0.3257,0.9507,-2.1603,-0.4656,-0.626,0,0,0
-0.2319,0.3174,0.9512,-1.5878,-0.626,-0.3206,0,0,0
-0.2361,0.3303,0.9475,-1.5115,-0.5725,-0.7557,0,0,0
-0.2351,0.3271,0.9485,-1.7786,-0.4351,-0.6183,0,0,0
-0.2356,0.3188,0.9524,-1.5954,-0.2824,-0.5725,0,0,0
-0.2368,0.3264,0.9443,-1.855,-0.2061,-0.9313,0,0,0
-0.239,0.3281,0.9482,-2.0687,-0.542,-0.6031,0,0,0
-0.238,0.3186,0.9485,-1.7099,-0.6031,-0.3893,0,0,0
-0.2319,0.323,0.9485,-1.4885,-0.4351,-0.3664,0,0,0
-0.2383,0.3284,0.9429,-1.7099,-0.3969,-0.5802,0,0,0
-0.2349,0.3298,0.9478,-2.0992,-0.8473,-0.6947,0,0,0
-0.2344,0.3225,0.948,-1.9084,-0.6336,-0.6031,0,0,0
-0.2307,0.3247,0.9463,-1.542,-0.3664,-0.7252,0,0,0
-0.2361,0.3301,0.947,-1.855,-0.4351,-0.8779,0,0,0
-0.2368,0.3228,0.948,-1.6641,-0.374,-0.7099,0,0,0
-0.2334,0.323,0.9446,-1.542,-0.687,-0.5267,0,0,0
-0.2339,0.3284,0.9382,-1.4656,-0.8321,-0.4733,0,0,0
-0.238,0.3286,0.9421,-1.9389,-0.4351,-0.6183,0,0,0
-0.2314,0.3215,0.9473,-2.1527,-0.4962,-0.687,0,0,0
-0.2324,0.321,0.9448,-1.8397,-0.3206,-0.6183,0,0,0
-0.2336,0.324,0.9456,-1.6412,-0.4351,-0.6489,0,0,0
-0.2419,0.323,0.9451,-1.6565,-0.4962,-0.855,0,0,0
-0.2324,0.3306,0.9526,-1.771,-0.5038,-0.5267,0,0,0
-0.2336,0.3247,0.9429,-1.7939,-0.3817,-0.7176,0,0,0
-0.2332,0.3247,0.9475,-1.7481,-0.4962,-0.5191,0,0,0
-0.2346,0.3235,0.9463,-1.771,-0.5878,-0.6336,0,0,0
-0.2329,0.3284,0.9495,-1.7176,-0.5878,-0.6794,0,0,0
-0.2373,0.3232,0.9478,-1.7023,-0.4198,-0.5496,0,0,0
-0.238,0.3271,0.9495,-1.7634,-0.5573,-0.5573,0,0,0
-0.2371,0.3262,0.9402,-1.9771,-0.5573,-0.4962,0,0,0
-0.2324,0.3242,0.9414,-2.0229,-0.458,-0.4046,0,0,0
-0.2339,0.3259,0.9478,-1.7863,-0.4809,-0.5344,0,0,0
-0.2358,0.3232,0.9429,-1.916,-0.6107,-0.458,0,0,0
-0.2378,0.3247,0.9456,-1.7023,-0.7557,-0.7176,0,0,0
-0.2368,0.3262,0.9519,-1.6794,-0.3664,-0.542,0,0,0
-0.2324,0.324,0.9478,-1.8626,-0.3893,-0.6412,0,0,0
-0.2356,0.3237,0.9448,-1.8244,-0.4427,-0.3282,0,0,0
-0.2358,0.3193,0.9487,-1.7405,-0.4504,-0.5038,0,0,0
-0.2346,0.3223,0.9436,-1.5954,-0.3969,-0.7939,0,0,0
-0.2354,0.3254,0.9453,-1.8015,-0.4351,-0.8015,0,0,0
-0.2354,0.3237,0.9485,-1.7176,-0.4809,-0.3282,0,0,0
-0.2358,0.3257,0.9419,-1.4809,-0.4122,-0.7863,0,0,0
-0.238,0.3269,0.9451,-1.7176,-0.5191,-0.6489,0,0,0
-0.2361,0.3245,0.9395,-2.0153,-0.4504,-0.8244,0,0,0
-0.2363,0.3223,0.9507,-1.8321,-0.5649,-0.5954,0,0,0
-0.2366,0.325,0.9463,-1.9084,-0.3664,-0.7252,0,0,0
-0.2339,0.3254,0.95,-1.6641,-0.5725,-0.4046,0,0,0
-0.2329,0.3237,0.9441,-1.8702,-0.4962,-0.6641,0,0,0
-0.2371,0.3259,0.9443,-1.9084,-0.5191,-0.3588,0,0,0
-0.2334,0.3245,0.9487,-1.7023,-0.4656,-0.7176,0,0,0
-0.2371,0.3279,0.937,-1.6718,-0.4351,-0.7786,0,0,0
-0.2361,0.325,0.9458,-1.8397,-0.4351,-0.5344,0,0,0
-0.2322,0.3213,0.9426,-1.8168,-0.4275,-0.5038,0,0,0
-0.2356,0.3198,0.9482,-1.6641,-0.3588,-0.6947,0,0,0
-0.2378,0.3247,0.9451,-1.5802,-0.4351,-0.3817,0,0,0
-0.2358,0.3267,0.946,-1.7863,-0.4809,-0.855,0,0,0
-0.2354,0.3247,0.9453,-1.8702,-0.4809,-0.7634,0,0,0
-0.2336,0.3223,0.9438,-1.8092,-0.5573,-0.542,0,0,0
-0.2329,0.3223,0.9478,-1.5573,-0.4198,-0.7634,0,0,0
-0.2375,0.3232,0.9453,-1.6718,-0.3359,-0.5878,0,0,0
-0.2346,0.3188,0.947,-1.7252,-0.2672,-0.5573,0,0,0
-0.2329,0.3252,0.9502,-1.8931,-0.6183,-0.4198,0,0,0
-0.2341,0.3232,0.9517,-1.8473,-0.5496,-0.5878,0,0,0
-0.2349,0.3252,0.9456,-1.8702,-0.458,-0.4198,0,0,0
-0.2336,0.3225,0.9473,-1.8855,-0.3893,-0.8702,0,0,0
-0.2336,0.3274,0.9412,-1.8015,-0.4504,-0.6183,0,0,0
-0.2346,0.324,0.9482,-1.7939,-0.5344,-0.5038,0,0,0
-0.2324,0.324,0.9441,-1.916,-0.6641,-0.4351,0,0,0
-0.2334,0.3232,0.9441,-1.8931,-0.6718,-0.5649,0,0,0
-0.2327,0.3237,0.947,-1.8321,-0.8168,-0.6107,0,0,0
-0.2368,0.3203,0.946,-1.8702,-0.4351,-0.771,0,0,0
-0.2393,0.3262,0.9458,-1.5267,-0.5344,-0.626,0,0,0
-0.2388,0.3291,0.9482,-1.9389,-0.4122,-0.626,0,0,0
-0.2358,0.324,0.9458,-1.9466,-0.6718,-0.6107,0,0,0
-0.2317,0.3242,0.9424,-1.7481,-0.3664,-0.7023,0,0,0
-0.2358,0.3203,0.9492,-1.7176,-0.313,-0.5344,0,0,0
-0.2341,0.3264,0.9436,-1.7405,-0.5954,-0.5115,0,0,0
-0.2368,0.3245,0.9536,-1.5802,-0.3435,-0.5725,0,0,0
-0.2358,0.3254,0.9485,-1.8244,-0.5802,-0.6565,0,0,0
-0.2312,0.325,0.949,-1.8702,-0.3817,-0.7252,0,0,0
-0.2356,0.3252,0.9473,-1.6565,-0.5954,-0.6031,0,0,0
-0.2371,0.3252,0.9453,-1.9542,-0.4733,-0.6641,0,0,0
-0.2346,0.324,0.9426,-1.6641,-0.7176,-0.7863,0,0,0
-0.2319,0.3247,0.9458,-1.7328,-0.5038,-0.7557,0,0,0
-0.2375,0.3262,0.9402,-1.6794,-0.313,-0.6412,0,0,0
-0.2336,0.3313,0.95,-1.7176,-0.3893,-0.5802,0,0,0
-0.2341,0.3208,0.9465,-1.8702,-0.4046,-0.687,0,0,0
-0.2368,0.3232,0.9438,-1.5649,-0.3817,-0.6794,0,0,0
-0.2351,0.3267,0.9458,-1.7023,-0.6107,-0.6489,0,0,0
-0.2358,0.3264,0.9441,-1.5954,-0.458,-0.5496,0,0,0
-0.2324,0.3286,0.9473,-1.4809,-0.626,-0.5115,0,0,0
-0.2336,0.3247,0.9458,-1.8702,-0.5496,-0.6031,0,0,0
-0.2351,0.3201,0.9473,-1.9237,-0.5344,-0.5649,0,0,0
-0.2317,0.3252,0.9463,-1.6183,-0.3435,-0.2748,0,0,0
-0.238,0.3203,0.9492,-2.1069,-0.374,-0.3588,0,0,0
-0.2402,0.3247,0.9512,-1.7634,-0.3511,-0.6565,0,0,0
-0.2368,0.3237,0.9424,-1.5725,-0.3664,-0.626,0,0,0
-0.2358,0.3291,0.9497,-1.4656,-0.3893,-0.8015,0,0,0
-0.2334,0.3301,0.9468,-1.5573,-0.3282,-0.3206,0,0,0
-0.2356,0.3291,0.9426,-1.9618,-0.4809,-0.6336,0,0,0
-0.2344,0.322,0.9431,-2.0076,-0.5496,-0.8244,0,0,0
-0.2383,0.3247,0.9504,-1.8092,-0.5649,-0.7252,0,0,0
-0.2339,0.3247,0.9402,-1.8473,-0.4427,-0.7863,0,0,0
-0.2346,0.3262,0.9487,-1.6489,-0.4885,-0.5802,0,0,0
-0.2344,0.3259,0.9463,-1.7405,-0.5496,-0.8015,0,0,0
-0.2358,0.3242,0.9468,-1.5954,-0.2214,-0.6718,0,0,0
-0.2395,0.3328,0.9517,-1.7023,-0.5573,-0.687,0,0,0
-0.2317,0.324,0.9475,-1.7176,-0.5115,-0.5573,0,0,0
-0.2336,0.3237,0.9443,-1.8321,-0.3206,-0.7252,0,0,0
-0.2354,0.3279,0.9409,-1.6947,-0.542,-0.4504,0,0,0
-0.2346,0.3235,0.947,-1.7939,-0.7252,-0.6489,0,0,0
-0.2349,0.3298,0.9504,-1.6641,-0.3969,-0.5878,0,0,0
-0.2361,0.3267,0.946,-1.6183,-0.3969,-0.4809,0,0,0
-0.2361,0.3274,0.9561,-1.6641,-0.5038,-0.6107,0,0,0
-0.2368,0.3279,0.9429,-1.7252,-0.626,-0.6794,0,0,0
-0.2329,0.3201,0.9473,-1.7481,-0.4733,-0.8397,0,0,0
-0.2363,0.3252,0.9438,-1.8092,-0.7786,-0.6718,0,0,0
-0.2373,0.3276,0.9412,-1.8931,-0.6947,-0.4962,0,0,0
-0.2351,0.3291,0.9517,-1.4656,-0.3817,-0.4885,0,0,0
-0.2356,0.3293,0.9478,-1.687,-0.4351,-0.4427,0,0,0
-0.2358,0.3225,0.9407,-1.8168,-0.542,-0.6947,0,0,0
-0.2317,0.3286,0.9463,-1.6565,-0.3435,-0.3282,0,0,0
-0.2354,0.3237,0.949,-1.8015,-0.9008,-0.3588,0,0,0
-0.2383,0.3235,0.947,-1.771,-0.4046,-0.3359,0,0,0
-0.2327,0.3257,0.9451,-1.9389,-0.4046,-0.6336,0,0,0
-0.2329,0.3215,0.9504,-1.7099,-0.2977,-0.6183,0,0,0
-0.2375,0.3235,0.9497,-1.4885,-0.3817,-0.7176,0,0,0
-0.2332,0.3284,0.9429,-1.9313,-0.4122,-0.6336,0,0,0
-0.2351,0.3242,0.9424,-1.8168,-0.313,-0.5649,0,0,0
-0.2363,0.3232,0.9475,-1.6794,-0.7786,-0.4275,0,0,0
-0.2388,0.324,0.9434,-1.9008,-0.5802,-0.7023,0,0,0
-0.2341,0.3257,0.9414,-1.8244,-0.6794,-0.6718,0,0,0
-0.2354,0.3257,0.9531,-1.6031,-0.626,-0.7405,0,0,0
-0.2351,0.3232,0.9451,-1.6183,-0.4656,-0.5802,0,0,0
-0.2361,0.3245,0.946,-1.6412,-0.3435,-0.5725,0,0,0
-0.2322,0.3264,0.9504,-1.8931,-0.2366,-0.6641,0,0,0
-0.239,0.3215,0.9373,-1.5573,-0.542,-0.7328,0,0,0
-0.2388,0.3257,0.9448,-1.5267,-0.6718,-0.4046,0,0,0
-0.2405,0.3271,0.9438,-1.6565,-0.5191,-0.5115,0,0,0
-0.2358,0.324,0.9563,-1.8244,-0.5802,-0.4656,0,0,0
-0.2346,0.3242,0.9417,-1.7176,-0.4122,-0.3817,0,0,0
-0.2356,0.3271,0.9514,-1.7863,-0.626,-0.7634,0,0,0
-0.2339,0.3235,0.9414,-1.7939,-0.5573,-0.6565,0,0,0
-0.2346,0.3245,0.9492,-1.7939,-0.7099,-0.4809,0,0,0
-0.2341,0.3252,0.9458,-1.7023,-0.3359,-0.8397,0,0,0
-0.2366,0.3254,0.9438,-1.7252,-0.5191,-0.6489,0,0,0
-0.2327,0.3254,0.9456,-1.6107,-0.5191,-0.4733,0,0,0
-0.2349,0.3247,0.9475,-1.6412,-0.4122,-0.8092,0,0,0
-0.2358,0.3254,0.9517,-1.9466,-0.5725,-0.8473,0,0,0
-0.2356,0.3218,0.9468,-1.9084,-0.3893,-0.6336,0,0,0
-0.2358,0.323,0.9448,-1.771,-0.3817,-0.6031,0,0,0
-0.2361,0.3245,0.9456,-1.626,-0.4427,-0.5725,0,0,0
-0.2366,0.3254,0.9392,-1.5649,-0.5725,-0.6947,0,0,0
-0.2375,0.3257,0.9517,-1.7863,-0.4122,-0.3969,0,0,0
-0.2344,0.3188,0.9446,-1.7939,-0.5115,-0.5267,0,0,0
-0.2341,0.3245,0.9402,-1.7939,-0.5115,-0.5496,0,0,0
-0.2336,0.3264,0.9492,-1.7634,-0.5954,-0.5038,0,0,0
-0.2351,0.3215,0.9478,-1.542,-0.5191,-0.3893,0,0,0
-0.2371,0.3191,0.9475,-1.5649,-0.4427,-0.4351,0,0,0
-0.2375,0.3254,0.9451,-1.8626,-0.5802,-0.4733,0,0,0
-0.2312,0.3259,0.9434,-2.1832,-0.3817,-0.4656,0,0,0
-0.2341,0.325,0.9451,-1.9542,-0.5573,-0.5115,0,0,0
-0.2366,0.323,0.9514,-2.0305,-0.6336,-0.5725,0,0,0
-0.2356,0.325,0.9443,-1.6947,-0.4962,-0.5878,0,0,0
-0.2375,0.3235,0.949,-1.5115,-0.7023,-0.5191,0,0,0
-0.2332,0.3254,0.9417,-1.687,-0.6031,-0.5878,0,0,0
-0.2356,0.3206,0.948,-1.3435,-0.3893,-0.8397,0,0,0
-0.2361,0.3286,0.9468,-1.5267,-0.4504,-0.4809,0,0,0
-0.2339,0.3281,0.9465,-1.1221,-0.374,-0.626,0,0,0
-0.2349,0.3242,0.9456,-1.2824,-0.0458,-0.6565,0,0,0
-0.2383,0.3225,0.9485,-1.4275,-0.2901,-0.5649,0,0,0
-0.2361,0.3279,0.9402,-1.5191,-0.2443,-0.687,0,0,0
-0.2368,0.3315,0.9536,-2.0153,-0.5115,-0.313,0,0,0
-0.2358,0.3286,0.9478,-1.9924,-0.8168,-0.7634,0,0,0
-0.2368,0.3237,0.95,-2.1832,-0.4046,-0.6336,0,0,0
-0.2344,0.3257,0.9478,-1.9771,-0.4656,-0.7023,0,0,0
-0.2356,0.3206,0.9448,-1.9771,-0.8168,-0.4885,0,0,0
-0.2371,0.3186,0.9421,-1.626,-0.7176,-0.4427,0,0,0
-0.2351,0.3264,0.95,-1.7023,-0.4427,-0.5878,0,0,0
-0.2378,0.3291,0.9443,-1.771,-0.4885,-0.5649,0,0,0
-0.2332,0.3286,0.95,-1.9771,-0.7023,-0.4427,0,0,0
-0.2349,0.3274,0.9521,-2.0687,-0.5267,-0.3664,0,0,0
-0.2349,0.3176,0.9485,-1.6183,-0.5573,-0.6031,0,0,0
-0.2336,0.3188,0.9421,-1.9771,-0.8015,-0.7328,0,0,0
-0.2319,0.3293,0.9482,-1.6183,-0.5191,-0.7252,0,0,0
-0.2354,0.3293,0.948,-1.7176,-0.6183,-0.4809,0,0,0
-0.2356,0.3269,0.9438,-1.7023,-0.4046,-0.3969,0,0,0
-0.239,0.3289,0.9443,-1.9771,-0.2748,-0.8779,0,0,0
-0.2317,0.322,0.9495,-1.4885,-0.374,-0.4733,0,0,0
-0.2361,0.3196,0.9504,-1.2901,-0.5344,-0.6412,0,0,0
-0.2375,0.3259,0.9453,-1.374,-0.3588,-0.374,0,0,0
-0.2336,0.3293,0.9524,-1.7176,-0.4504,-0.458,0,0,0
-0.2363,0.3247,0.9434,-1.7786,-0.4733,-0.7099,0,0,0
-0.2314,0.3296,0.948,-1.7557,-0.6183,-0.4962,0,0,0
-0.2363,0.3269,0.9468,-1.8015,-0.3817,-0.7176,0,0,0
-0.2334,0.3215,0.946,-1.9618,-0.4809,-0.3817,0,0,0
-0.2351,0.3235,0.9509,-1.7176,-0.4046,-0.5725,0,0,0
-0.2383,0.3279,0.9395,-1.6183,-0.313,-0.3435,0,0,0
-0.2317,0.3218,0.9507,-1.8015,-0.2824,-0.8626,0,0,0
-0.2368,0.3264,0.947,-1.5496,-0.4962,-0.6183,0,0,0
-0.2395,0.3274,0.9453,-1.6947,-0.6031,-0.6336,0,0,0
-0.238,0.3301,0.9495,-1.8779,-0.6183,-0.6107,0,0,0
-0.2349,0.3245,0.9468,-1.7176,-0.5725,-0.4275,0,0,0
-0.2312,0.3276,0.9458,-1.6641,-0.3588,-0.7176,0,0,0
-0.2373,0.3325,0.9417,-1.7557,-0.6031,-0.7176,0,0,0
-0.2375,0.3259,0.9397,-1.7863,-0.3969,-0.2366,0,0,0
-0.2361,0.322,0.9509,-1.8168,-0.3817,-0.6336,0,0,0
-0.2363,0.3228,0.9385,-1.9008,-0.3511,-0.7405,0,0,0
-0.239,0.3213,0.9438,-1.6947,-0.5038,-0.3664,0,0,0
-0.2346,0.324,0.9407,-1.6412,-0.3053,-0.4198,0,0,0
-0.2329,0.3289,0.9451,-1.542,-0.5191,-0.6183,0,0,0
-0.2358,0.3308,0.9482,-1.9847,-0.3435,-0.542,0,0,0
-0.2373,0.322,0.9465,-2.0229,-0.4275,-0.7099,0,0,0
-0.2332,0.3228,0.9429,-1.9237,-0.3893,-0.7252,0,0,0
-0.2341,0.3259,0.9551,-1.626,-0.5267,-0.5191,0,0,0
-0.2361,0.3267,0.9468,-1.8931,-0.6412,-0.6489,0,0,0
-0.2354,0.321,0.9478,-1.8168,-0.374,-0.6183,0,0,0
-0.2366,0.3259,0.9434,-1.7099,-0.4656,-0.4275,0,0,0
-0.2329,0.3291,0.9485,-1.9542,-0.4656,-0.6641,0,0,0
-0.2354,0.3264,0.9475,-2.0687,-0.6107,-0.4351,0,0,0
-0.2307,0.3232,0.9473,-1.6183,-0.4656,-0.6947,0,0,0
-0.2407,0.3293,0.9397,-1.5954,-0.5878,-0.8397,0,0,0
-0.2363,0.3228,0.9448,-2.0763,-0.3664,-0.7328,0,0,0
-0.2346,0.3235,0.9453,-1.5649,-0.2901,-0.5267,0,0,0
-0.2356,0.3252,0.9521,-1.9008,-0.3817,-0.3359,0,0,0
-0.2354,0.3252,0.948,-1.8397,-0.458,-0.3511,0,0,0
-0.2322,0.3264,0.9451,-1.771,-0.7557,-0.3664,0,0,0
-0.2329,0.3281,0.9502,-1.8168,-0.4046,-0.9084,0,0,0
-0.2324,0.3203,0.9482,-1.7863,-0.4427,-0.5878,0,0,0
-0.2329,0.3237,0.9436,-1.4809,-0.4656,-0.4427,0,0,0
-0.2366,0.3284,0.9421,-1.7557,-0.2748,-0.5573,0,0,0
-0.2317,0.3247,0.9475,-1.9008,-0.3359,-0.5649,0,0,0
-0.2341,0.3262,0.9514,-1.7405,-0.687,-0.6107,0,0,0
-0.2336,0.3267,0.9453,-1.6336,-0.4351,-0.5267,0,0,0
-0.2378,0.3293,0.9434,-1.8855,-0.4656,-0.313,0,0,0
-0.2375,0.3257,0.9417,-1.8473,-0.5954,-0.5802,0,0,0
-0.231,0.3218,0.9451,-1.5496,-0.1985,-0.6489,0,0,0
-0.2368,0.3267,0.9468,-1.5725,-0.2901,-0.542,0,0,0
-0.2361,0.3267,0.9465,-1.8321,-0.3282,-0.7176,0,0,0
-0.2366,0.3281,0.9487,-1.8626,-0.5573,-0.5191,0,0,0
-0.2366,0.3188,0.9465,-1.9237,-0.6947,-0.7481,0,0,0
-0.2319,0.325,0.9395,-1.7023,-0.5878,-0.5496,0,0,0
-0.2312,0.3276,0.9407,-1.8397,-0.3969,-0.6641,0,0,0
-0.239,0.3271,0.9412,-1.855,-0.4046,-0.4733,0,0,0
-0.2341,0.3245,0.9487,-1.5954,-0.3511,-0.6031,0,0,0
-0.2366,0.323,0.9485,-1.7099,-0.2901,-0.374,0,0,0
-0.2336,0.3264,0.9426,-1.7099,-0.5038,-0.4427,0,0,0
-0.2346,0.3291,0.9456,-1.6641,-0.5573,-0.5573,0,0,0
-0.2373,0.3274,0.9497,-1.7176,-0.5649,-0.5725,0,0,0
-0.2358,0.3279,0.9453,-1.7099,-0.0076,-0.687,0,0,0
-0.2354,0.3259,0.9414,-1.9237,-0.313,-0.4275,0,0,0
-0.2358,0.3247,0.9456,-1.626,-0.3435,-0.5649,0,0,0
-0.2346,0.3259,0.9558,-1.4885,-0.4809,-0.4885,0,0,0
-0.2349,0.3228,0.9478,-1.7328,-0.5802,-0.6412,0,0,0
-0.2336,0.3269,0.9448,-1.7252,-0.6489,-0.4733,0,0,0
-0.2368,0.3215,0.947,-2.1603,-0.4733,-0.7405,0,0,0
-0.2341,0.3289,0.95,-1.9008,-0.4046,-0.6107,0,0,0
-0.2319,0.322,0.947,-2.0153,-0.2672,-0.4122,0,0,0
-0.2383,0.3213,0.9478,-1.5878,-0.8321,-0.4504,0,0,0
-0.2336,0.3237,0.9424,-1.6947,-0.4656,-0.3893,0,0,0
-0.2341,0.3257,0.948,-1.8092,-0.5802,-0.7405,0,0,0
-0.2361,0.3225,0.9495,-1.4427,-0.3053,-0.8168,0,0,0
-0.2375,0.3262,0.9441,-1.687,-0.6641,-0.5573,0,0,0
-0.2322,0.3206,0.95,-1.7939,-0.5038,-0.4275,0,0,0
-0.2324,0.3259,0.9558,-1.6031,-0.5115,-0.771,0,0,0
-0.2366,0.3308,0.9492,-1.7863,-0.3893,-0.4733,0,0,0
-0.231,0.3252,0.947,-1.8855,-0.5649,-0.7023,0,0,0
-0.2329,0.3235,0.9463,-1.6336,-0.4122,-0.3588,0,0,0
-0.2361,0.3232,0.9419,-1.6336,-0.5038,-0.458,0,0,0
-0.2417,0.3274,0.947,-1.7176,-0.4809,-0.5954,0,0,0
-0.2349,0.3225,0.9473,-1.687,-0.5725,-0.6565,0,0,0
-0.2383,0.3267,0.9426,-1.5878,-0.5649,-0.5267,0,0,0
-0.2332,0.3271,0.9431,-1.5267,-0.5344,-0.5496,0,0,0
-0.2366,0.323,0.9424,-1.9771,-0.5344,-0.5496,0,0,0
-0.2351,0.3262,0.9485,-1.855,-0.5115,-0.5496,0,0,0
-0.2324,0.3257,0.947,-1.9466,-0.0916,-0.6718,0,0,0
-0.2388,0.3237,0.9482,-1.7557,-0.6031,-0.6641,0,0,0
-0.2366,0.3235,0.9417,-1.9924,-0.7863,-0.5878,0,0,0
-0.2361,0.3215,0.9448,-1.771,-0.6489,-0.4351,0,0,0
-0.2373,0.3301,0.9478,-1.6565,-0.5344,-0.313,0,0,0
-0.2322,0.3289,0.9475,-1.9618,-0.5267,-0.3893,0,0,0
-0.2363,0.3281,0.9453,-2.0534,-0.4656,-0.6641,0,0,0
-0.2405,0.3262,0.9482,-1.7786,-0.2519,-0.5878,0,0,0
-0.2354,0.3247,0.9446,-1.6031,-0.5115,-0.5191,0,0,0
-0.2358,0.3228,0.9368,-1.8855,-0.3817,-0.5802,0,0,0
-0.2346,0.3196,0.949,-1.855,-0.5954,-0.542,0,0,0
-0.2324,0.3271,0.9485,-1.7176,-0.7252,-0.5802,0,0,0
-0.2322,0.325,0.9431,-1.9313,-0.5115,-0.5038,0,0,0
-0.2395,0.322,0.9458,-1.6489,-0.4809,-0.7176,0,0,0
-0.2312,0.3254,0.9529,-1.6031,-0.4809,-0.626,0,0,0
-0.2363,0.3281,0.9414,-1.3817,-0.4122,-0.7634,0,0,0
-0.2356,0.3274,0.9395,-1.9695,-0.5649,-0.5267,0,0,0
-0.2341,0.3274,0.946,-1.8855,-0.6412,-0.3282,0,0,0
-0.2336,0.3296,0.9436,-1.687,-0.3969,-0.4046,0,0,0
-0.2375,0.3254,0.9443,-1.9466,-0.5191,-0.5038,0,0,0
-0.2327,0.3203,0.946,-1.9695,-0.4198,-0.626,0,0,0
-0.2371,0.3242,0.9438,-1.8015,-0.4198,-0.4809,0,0,0
-0.2351,0.3252,0.9502,-1.7863,-0.5038,-0.7939,0,0,0
-0.2395,0.3232,0.9453,-1.7328,-0.4656,-0.7481,0,0,0
-0.2361,0.3252,0.9453,-1.8168,-0.4809,-0.7557,0,0,0
-0.2339,0.3269,0.9478,-1.9237,-0.5496,-0.6641,0,0,0
-0.2327,0.3276,0.947,-1.8015,-0.5725,-0.3435,0,0,0
-0.2336,0.3245,0.9397,-1.7176,-0.4809,-0.3969,0,0,0
-0.2363,0.325,0.9519,-1.626,-0.5038,-0.5038,0,0,0
-0.2349,0.3228,0.9495,-1.6183,-0.4809,-0.7023,0,0,0
-0.2334,0.3254,0.9458,-1.6641,-0.5191,-0.4198,0,0,0
-0.2388,0.3252,0.9468,-1.8397,-0.2977,-0.7099,0,0,0
-0.2383,0.323,0.9478,-1.8855,-0.7252,-0.626,0,0,0
-0.2336,0.3257,0.9434,-1.8473,-0.5802,-0.4504,0,0,0
-0.24,0.3245,0.9434,-1.8168,-0.4504,-0.542,0,0,0
-0.2346,0.3228,0.9536,-1.8015,-0.5267,-0.5649,0,0,0
-0.2305,0.3245,0.9443,-1.8244,-0.4275,-0.7099,0,0,0
-0.2368,0.3264,0.9404,-1.687,-0.4198,-0.5954,0,0,0
-0.2397,0.3267,0.9443,-1.8168,-0.6412,-0.4198,0,0,0
-0.2317,0.3254,0.9438,-1.8473,-0.5725,-0.5496,0,0,0
-0.2312,0.3213,0.9512,-1.7328,-0.7099,-0.6565,0,0,0
-0.2366,0.323,0.95,-1.5649,-0.6718,-0.7786,0,0,0
-0.239,0.3247,0.9436,-1.5954,-0.3817,-0.4351,0,0,0
-0.2351,0.3313,0.9473,-1.5802,-0.5649,-0.5038,0,0,0
-0.2319,0.3291,0.9465,-2.0076,-0.3282,-0.6031,0,0,0
-0.2339,0.324,0.9395,-2.1832,-0.771,-0.5191,0,0,0
-0.2322,0.3271,0.9443,-1.8015,-0.3893,-0.7023,0,0,0
-0.2358,0.3223,0.949,-1.7557,-0.3588,-0.7634,0,0,0
-0.2349,0.3196,0.9521,-1.7176,-0.3206,-0.4885,0,0,0
-0.2336,0.3313,0.9446,-1.7176,-0.4275,-0.3053,0,0,0
-0.2334,0.3257,0.9441,-1.6641,-0.6031,-0.6794,0,0,0
-0.2341,0.3289,0.9446,-1.9771,-0.374,-0.6794,0,0,0
-0.2322,0.324,0.9458,-1.9008,-0.4046,-0.542,0,0,0
-0.2356,0.3215,0.9473,-1.8931,-0.5267,-0.6489,0,0,0
-0.2373,0.3237,0.9429,-1.5573,-0.4885,-0.7023,0,0,0
-0.2346,0.3254,0.9463,-1.6718,-0.458,-0.7023,0,0,0
-0.2375,0.3247,0.9355,-1.6183,-0.4198,-0.6183,0,0,0
-0.2434,0.3279,0.9424,-1.7328,-0.5725,-0.5344,0,0,0
-0.2288,0.3271,0.9409,-2.4733,-0.5038,-0.7939,0,0,0
-0.2349,0.3162,0.9526,-1.6718,-0.5954,-0.7099,0,0,0
-0.2368,0.3235,0.9478,-1.1985,-0.2672,-0.5344,0,0,0
-0.2378,0.3298,0.9429,-1.2214,-0.4962,-0.2977,0,0,0
-0.2358,0.3286,0.9509,-1.6336,-0.4504,-0.3817,0,0,0
-0.2344,0.3301,0.9414,-2.1908,-0.4275,-0.6489,0,0,0
-0.2366,0.3196,0.9451,-2.0534,-0.5954,-0.7176,0,0,0
-0.2334,0.3252,0.9492,-1.8092,-0.542,-0.4656,0,0,0
-0.2383,0.3237,0.9495,-1.8931,-0.3817,-0.2977,0,0,0
-0.2351,0.3225,0.9495,-1.3893,-0.5725,-0.8168,0,0,0
-0.2361,0.3301,0.9414,-1.6412,-0.3359,-0.3053,0,0,0
-0.2356,0.3225,0.9419,-1.7328,-0.4962,-0.7405,0,0,0
-0.2407,0.3223,0.9419,-1.9237,-0.6336,-0.4885,0,0,0
-0.2397,0.3232,0.9478,-1.8397,-0.7481,-0.6641,0,0,0
-0.2371,0.323,0.9417,-1.3588,-0.4504,-0.5954,0,0,0
-0.2317,0.3284,0.9409,-1.7481,-0.5573,-0.313,0,0,0
-0.2314,0.3276,0.9529,-1.8092,-0.3053,-0.6489,0,0,0
-0.2368,0.3237,0.95,-1.8473,-0.4656,-0.5878,0,0,0
-0.2344,0.3188,0.9473,-1.7557,-0.5267,-0.7023,0,0,0
-0.2368,0.322,0.9417,-1.6107,-0.4275,-0.5496,0,0,0
-0.2314,0.3247,0.9485,-1.6031,-0.5878,-0.458,0,0,0
-0.2407,0.3237,0.9468,-1.4198,-0.5649,-0.855,0,0,0
-0.2368,0.3259,0.9421,-1.9466,-0.4962,-0.6107,0,0,0
-0.2385,0.3203,0.9578,-2.0076,-0.5573,-0.4809,0,0,0
-0.2383,0.3267,0.9492,-2.1527,-0.7634,-0.7634,0,0,0
-0.2402,0.324,0.9465,-1.8015,-0.5649,-0.2595,0,0,0
-0.2349,0.3308,0.9473,-1.5573,-0.2519,-0.5573,0,0,0
-0.2373,0.325,0.9497,-1.7099,-0.2824,-0.8626,0,0,0
-0.2363,0.3264,0.9495,-2.0,-0.4809,-0.4427,0,0,0
-0.2332,0.324,0.9485,-1.7557,-0.5267,-0.7023,0,0,0
-0.2341,0.3274,0.9465,-2.1069,-0.374,-0.5115,0,0,0
-0.2336,0.3237,0.9492,-2.0992,-0.4122,-0.5344,0,0,0
-0.2322,0.3254,0.9424,-1.6794,-0.5344,-0.4809,0,0,0
-0.2388,0.3167,0.9453,-1.7863,-0.2595,-0.6718,0,0,0
-0.2339,0.3274,0.9492,-1.8168,-0.1985,-0.687,0,0,0
-0.2415,0.3264,0.9417,-1.5725,-0.4809,-0.4504,0,0,0
-0.2373,0.3254,0.9385,-1.8015,-0.626,-0.2901,0,0,0
-0.238,0.3291,0.9458,-1.9771,-0.6641,-0.6107,0,0,0
-0.2319,0.3245,0.9492,-1.8855,-0.626,-0.542,0,0,0
-0.2334,0.3242,0.949,-1.9618,-0.458,-0.5191,0,0,0
-0.2358,0.3274,0.9434,-1.7252,-0.4427,-0.5038,0,0,0
-0.24,0.3267,0.9475,-1.5725,-0.5954,-0.3206,0,0,0
-0.2361,0.3198,0.95,-1.8321,-0.542,-0.7557,0,0,0
-0.2356,0.3264,0.9453,-1.6794,-0.4809,-0.5267,0,0,0
-0.2351,0.3301,0.9368,-1.6489,-0.5267,-0.4504,0,0,0
-0.2324,0.325,0.9441,-1.8855,-0.6489,-0.7023,0,0,0
-0.2324,0.3215,0.9473,-1.7405,-0.4885,-0.5115,0,0,0
-0.2375,0.3254,0.9399,-1.687,-0.5267,-0.4427,0,0,0
-0.2354,0.321,0.9575,-1.6565,-0.3511,-0.7252,0,0,0
-0.2378,0.3247,0.9541,-1.3053,-0.4046,-0.3282,0,0,0
-0.2402,0.3259,0.937,-1.6412,-0.3435,-0.4885,0,0,0
-0.2371,0.3242,0.936,-1.7252,-0.5573,-0.7481,0,0,0
-0.2327,0.3262,0.9441,-1.916,-0.6183,-0.5038,0,0,0
-0.2354,0.3242,0.9441,-1.8168,-0.3893,-0.5038,0,0,0
-0.2329,0.3225,0.9421,-1.4733,-0.5038,-0.4351,0,0,0
-0.2344,0.3284,0.9446,-1.5191,-0.2137,-0.8473,0,0,0
-0.2361,0.3242,0.9414,-1.4427,-0.1374,-0.4427,0,0,0
-0.2339,0.3257,0.949,-1.5954,-0.0076,-0.6641,0,0,0
-0.2371,0.3318,0.9434,-1.7252,-0.626,-0.7328,0,0,0
-0.2368,0.3271,0.9463,-2.3053,-0.5802,-0.3588,0,0,0
-0.2339,0.3254,0.9504,-2.0229,-0.5267,-0.4962,0,0,0
-0.239,0.3308,0.95,-2.1298,-0.542,-0.458,0,0,0
-0.2402,0.3223,0.9385,-1.8015,-0.4885,-0.7557,0,0,0
-0.2344,0.3298,0.949,-1.7634,-0.374,-0.4809,0,0,0
-0.2366,0.3303,0.9421,-1.7176,-0.3817,-0.4198,0,0,0
-0.2373,0.3289,0.9443,-2.0153,-0.5496,-0.7099,0,0,0
-0.2322,0.3193,0.9453,-2.2977,-0.4504,-0.7634,0,0,0
-0.2334,0.322,0.9497,-1.6489,-0.0992,-0.3664,0,0,0
-0.238,0.3291,0.9456,-1.4885,-0.7176,-0.626,0,0,0
-0.2349,0.3301,0.9475,-1.7939,-0.6794,-0.4351,0,0,0
-0.2307,0.325,0.9521,-2.2366,-0.4885,-0.7099,0,0,0
-0.2354,0.3267,0.949,-1.8702,-0.2901,-0.5725,0,0,0
-0.2324,0.3257,0.949,-1.771,-0.2977,-0.542,0,0,0
-0.2366,0.321,0.946,-1.687,-0.4962,-0.7939,0,0,0
-0.2368,0.3279,0.9443,-1.7557,-0.4504,-0.6565,0,0,0
-0.2344,0.3315,0.9353,-1.7252,-0.5496,-0.771,0,0,0
-0.2344,0.3257,0.9451,-1.8321,-0.4046,-0.5649,0,0,0
-0.2312,0.3274,0.9465,-1.6336,-0.5649,-0.5573,0,0,0
-0.2354,0.3279,0.9482,-1.8397,-0.4733,-0.8092,0,0,0
-0.2341,0.3252,0.9465,-1.6336,-0.3359,-0.4504,0,0,0
-0.2371,0.3237,0.9451,-1.6183,-0.5191,-0.4733,0,0,0
-0.2371,0.3279,0.9465,-1.7176,-0.626,-0.4504,0,0,0
-0.2375,0.3286,0.9487,-1.8626,-0.4656,-0.3969,0,0,0
-0.2373,0.3264,0.9468,-2.0611,-0.7023,-0.4733,0,0,0
-0.2378,0.3247,0.9507,-1.8702,-0.6031,-0.7481,0,0,0
-0.2339,0.3206,0.9475,-1.7099,-0.3664,-0.5725,0,0,0
-0.2341,0.324,0.9512,-1.6412,-0.2137,-0.3588,0,0,0
-0.2346,0.3291,0.9465,-1.7099,-0.4427,-0.6718,0,0,0
-0.2371,0.3252,0.9424,-1.7939,-0.4962,-0.5191,0,0,0
-0.2351,0.3254,0.9468,-2.0992,-0.3969,-0.542,0,0,0
-0.2378,0.3235,0.9409,-1.6412,-0.6183,-0.5954,0,0,0
-0.2373,0.3262,0.9492,-1.7099,-0.4427,-0.4656,0,0,0
-0.2361,0.3269,0.9446,-1.7176,-0.3359,-0.4427,0,0,0
-0.2314,0.3262,0.946,-1.6336,-0.4962,-0.2595,0,0,0
-0.2322,0.3286,0.946,-1.9237,-0.4733,-0.3893,0,0,0
-0.2371,0.3213,0.9458,-1.8168,-0.5191,-0.5878,0,0,0
-0.2356,0.323,0.9456,-1.7481,-0.3588,-0.5038,0,0,0
-0.2371,0.3235,0.9441,-1.4427,-0.229,-0.3359,0,0,0
-0.2363,0.3291,0.9397,-1.7786,-0.4809,-0.7863,0,0,0
-0.2375,0.324,0.9438,-1.9771,-0.626,-0.6412,0,0,0
-0.229,0.3269,0.9417,-1.7405,-0.5954,-0.4885,0,0,0
-0.238,0.3293,0.9417,-1.9924,-0.3817,-0.5038,0,0,0
-0.2361,0.3228,0.948,-2.0382,-0.7099,-0.5496,0,0,0
-0.2261,0.333,0.9534,-2.1145,-0.0153,-0.9695,0,0,0
-0.24,0.3213,0.9548,-1.9008,-0.5038,-0.4504,0,0,0
-0.2341,0.3213,0.9426,-1.9924,-0.1374,-1.1221,0,0,0
-0.2341,0.3208,0.947,-1.5038,-0.2901,-0.5725,0,0,0
-0.2412,0.3271,0.9438,-1.9008,-0.2977,-0.5649,0,0,0
-0.2449,0.3237,0.9399,-1.8015,-0.8321,-0.5573,0,0,0
-0.2312,0.3225,0.946,-2.0229,-0.5725,-0.4198,0,0,0
-0.2317,0.3325,0.948,-1.8092,-0.542,-0.5344,0,0,0
-0.2361,0.323,0.9458,-1.8779,-0.4733,-0.2977,0,0,0
-0.2388,0.3267,0.9595,-1.6641,-0.1832,-0.5496,0,0,0
-0.2344,0.3215,0.9419,-1.5725,-0.6107,-0.7481,0,0,0
-0.2378,0.3271,0.9424,-1.5802,-0.4198,-0.6412,0,0,0
-0.2346,0.325,0.9468,-2.0076,-0.6718,-0.4962,0,0,0
-0.2361,0.3262,0.9417,-1.5878,-0.5802,-0.4809,0,0,0
-0.2314,0.3242,0.948,-1.8702,-0.4962,-0.5115,0,0,0
-0.2336,0.3242,0.9543,-1.8779,-0.4351,-0.6718,0,0,0
-0.2346,0.3191,0.9495,-1.5954,-0.2977,-0.4885,0,0,0
-0.2322,0.3257,0.9419,-1.6565,-0.3588,-0.5725,0,0,0
-0.2375,0.3245,0.939,-1.6565,-0.0763,-0.4809,0,0,0
-0.2388,0.3262,0.9453,-1.687,-0.6565,-0.5496,0,0,0
-0.2397,0.3257,0.9468,-1.6947,-0.6336,-0.8397,0,0,0
-0.2363,0.3254,0.9482,-1.9847,-0.6641,-0.5496,0,0,0
-0.2324,0.3252,0.9473,-1.7176,-0.8244,-0.458,0,0,0
-0.2319,0.3291,0.9424,-1.687,-0.7405,-0.7481,0,0,0
-0.2368,0.3208,0.9443,-1.6565,-0.1374,-0.6565,0,0,0
-0.2312,0.3242,0.9473,-1.6794,-0.3435,-0.5802,0,0,0
-0.2375,0.3271,0.9453,-1.3969,-0.5878,-0.5878,0,0,0
-0.2366,0.324,0.9404,-1.8168,-0.7099,-0.5267,0,0,0
-0.2312,0.3259,0.9475,-1.6565,-0.5573,-0.6031,0,0,0
-0.2339,0.3245,0.947,-1.7176,-0.4198,-0.6641,0,0,0
-0.2354,0.3264,0.947,-1.8321,-0.5649,-0.3664,0,0,0
-0.238,0.3235,0.9446,-1.7405,-0.1832,-0.626,0,0,0
-0.2339,0.3257,0.9482,-1.6641,-0.3206,-0.313,0,0,0
-0.2339,0.3284,0.9441,-1.8244,-0.5954,-0.2901,0,0,0
-0.239,0.3259,0.9429,-1.9389,-0.6107,-0.5954,0,0,0
-0.2351,0.3271,0.949,-1.9237,-0.4351,-0.6641,0,0,0
-0.23,0.322,0.9431,-1.8473,-0.7252,-0.4656,0,0,0
-0.2385,0.3232,0.9446,-1.9237,-0.7176,-0.5649,0,0,0
-0.2349,0.322,0.9495,-1.8473,-0.5649,-0.374,0,0,0
-0.2344,0.325,0.9451,-1.7176,-0.5725,-0.5725,0,0,0
-0.2373,0.3264,0.9429,-1.7786,-0.4427,-0.5878,0,0,0
-0.2349,0.3262,0.9487,-1.7405,-0.6412,-0.7405,0,0,0
-0.2378,0.325,0.9451,-1.8321,-0.5649,-0.4198,0,0,0
-0.2363,0.3228,0.9417,-1.6183,-0.5267,-0.6718,0,0,0
-0.239,0.325,0.9441,-1.9542,-0.4962,-0.5878,0,0,0
-0.2346,0.3206,0.9473,-1.7405,-0.5267,-0.7863,0,0,0
-0.2324,0.3289,0.9482,-1.8321,-0.4809,-0.6641,0,0,0
-0.2344,0.3269,0.9424,-1.8626,-0.4046,-0.6183,0,0,0
-0.2356,0.3191,0.9519,-1.5573,-0.4427,-0.5038,0,0,0
-0.2344,0.3215,0.9495,-1.7176,-0.6489,-0.5878,0,0,0
-0.2307,0.3254,0.948,-1.8779,-0.5725,-0.5115,0,0,0
-0.2354,0.3269,0.948,-1.7405,-0.4656,-0.6947,0,0,0
-0.2415,0.3242,0.9446,-1.7328,-0.3893,-0.3817,0,0,0
-0.2344,0.3257,0.948,-1.7481,-0.5725,-0.626,0,0,0
-0.2371,0.321,0.9441,-1.7176,-0.5267,-0.4504,0,0,0
-0.2327,0.3228,0.9478,-1.8931,-0.2519,-0.5344,0,0,0
-0.2334,0.3254,0.9509,-1.687,-0.7252,-0.6412,0,0,0
-0.2358,0.324,0.9465,-1.6489,-0.2977,-0.6031,0,0,0
-0.2371,0.3242,0.9463,-1.7481,-0.4046,-0.6947,0,0,0
-0.2371,0.3259,0.9475,-1.6489,-0.5191,-0.6031,0,0,0
-0.2368,0.3235,0.9438,-1.7176,-0.4885,-0.6183,0,0,0
-0.2351,0.3284,0.9395,-2.0,-0.5191,-0.8015,0,0,0
-0.2371,0.3218,0.9434,-1.5573,-0.4198,-0.2977,0,0,0
-0.2324,0.323,0.9434,-1.6718,-0.5878,-0.5954,0,0,0
-0.2322,0.3237,0.9412,-1.8244,-0.5573,-0.6412,0,0,0
-0.2336,0.3274,0.9543,-1.7481,-0.2595,-0.5954,0,0,0
-0.2385,0.3284,0.9531,-1.458,-0.3893,-0.3588,0,0,0
-0.2407,0.325,0.9443,-1.7252,-0.1221,-0.4885,0,0,0
-0.2378,0.3247,0.9497,-1.6718,-0.4122,-0.9466,0,0,0
-0.2378,0.3235,0.9419,-1.5115,-0.2214,-0.7176,0,0,0
-0.2349,0.3291,0.9412,-1.8855,-0.0916,-0.5267,0,0,0
-0.2358,0.3232,0.9487,-1.7634,-0.2901,-0.6183,0,0,0
-0.2336,0.3276,0.9468,-1.5954,-0.374,-0.4198,0,0,0
-0.2356,0.3254,0.948,-1.5802,-0.5038,-0.5267,0,0,0
-0.2354,0.3257,0.9473,-1.7023,-0.313,-0.5649,0,0,0
-0.2339,0.3259,0.9409,-1.6718,-0.3359,-0.7023,0,0,0
-0.2346,0.3259,0.948,-1.6031,0.0153,-0.542,0,0,0
-0.2363,0.3223,0.9431,-1.687,-0.3588,-0.6489,0,0,0
-0.2363,0.3213,0.9441,-1.7405,-0.1527,-0.5802,0,0,0
-0.2346,0.3223,0.9478,-1.8779,-0.1679,-0.9389,0,0,0
-0.2341,0.3264,0.9453,-1.9237,-0.2137,-0.5649,0,0,0
-0.2334,0.321,0.947,-1.6412,-0.3588,-0.687,0,0,0
-0.2297,0.3289,0.9551,-1.5954,-0.1145,-0.7328,0,0,0
-0.2402,0.3264,0.9387,-1.7252,-0.1832,-0.7328,0,0,0
-0.2314,0.323,0.9446,-1.8015,-0.3435,-0.7634,0,0,0
-0.2375,0.3264,0.9463,-1.7176,-0.1527,-0.4122,0,0,0
-0.239,0.3286,0.9419,-1.5649,-0.2061,-0.5191,0,0,0
-0.241,0.3281,0.9424,-1.7786,-0.1985,-0.7481,0,0,0
-0.2368,0.3218,0.946,-1.5267,-0.4198,-0.7328,0,0,0
-0.2346,0.3213,0.948,-1.5649,-0.4504,-0.5878,0,0,0
-0.2368,0.3245,0.9487,-1.6565,-0.2901,-0.8168,0,0,0
-0.2368,0.3247,0.9456,-1.5802,-0.3435,-0.5191,0,0,0
-0.2363,0.3247,0.9487,-1.8321,-0.626,-0.4962,0,0,0
-0.2346,0.3223,0.9456,-1.5191,-0.3664,-0.4885,0,0,0
-0.2361,0.3306,0.9402,-1.8931,-0.5802,-0.8168,0,0,0
-0.2354,0.3259,0.9485,-1.7328,-0.2977,-0.7328,0,0,0
-0.238,0.325,0.9424,-1.8397,-0.5115,-0.3664,0,0,0
-0.2339,0.3264,0.9451,-1.7481,-0.4733,-0.7786,0,0,0
-0.2366,0.3291,0.95,-1.5878,-0.313,-0.5954,0,0,0
-0.2344,0.3259,0.9407,-1.5725,-0.5878,-0.7099,0,0,0
-0.238,0.3264,0.9438,-1.6947,-0.6718,-0.6183,0,0,0
-0.2375,0.3286,0.947,-1.916,-0.4351,-0.5725,0,0,0
-0.2354,0.3262,0.9443,-1.8244,-0.771,-0.7252,0,0,0
-0.2363,0.3269,0.9482,-1.9084,-0.6718,-0.771,0,0,0
-0.2339,0.3276,0.947,-1.6031,-0.5802,-0.626,0,0,0
-0.2332,0.3225,0.9458,-1.5649,-0.5878,-0.4504,0,0,0
-0.2346,0.3262,0.9421,-1.7786,-0.6031,-0.9008,0,0,0
-0.2346,0.3213,0.9458,-1.4351,-0.6107,-0.458,0,0,0
-0.2375,0.3296,0.946,-1.687,-0.4962,-0.8321,0,0,0
-0.2349,0.3271,0.9507,-1.9542,-0.2901,-0.5573,0,0,0
-0.2397,0.3206,0.9487,-1.6718,-0.5649,-0.5954,0,0,0
-0.2402,0.3252,0.9456,-1.5802,-0.5191,-0.626,0,0,0
-0.2378,0.3208,0.9397,-2.0153,-0.6031,-0.4809,0,0,0
-0.2363,0.3242,0.9502,-1.458,-0.3053,-0.6031,0,0,0
-0.2334,0.3247,0.9473,-1.5191,-0.7481,-0.687,0,0,0
-0.2363,0.3276,0.948,-1.6031,-0.916,-0.3511,0,0,0
-0.2368,0.3271,0.9495,-1.6336,-0.5267,-0.542,0,0,0
-0.2373,0.3259,0.946,-1.9924,-0.4656,-0.4427,0,0,0
-0.2295,0.3259,0.9482,-1.7099,-0.6641,-0.6183,0,0,0
-0.2322,0.3247,0.9421,-1.626,-0.4275,-0.5038,0,0,0
-0.2397,0.3274,0.9443,-1.6947,-0.7176,-0.5954,0,0,0
-0.2378,0.3271,0.9436,-1.8015,-0.5878,-0.7328,0,0,0
-0.2358,0.3252,0.9487,-2.1069,-0.5191,-0.5038,0,0,0
-0.2346,0.3262,0.946,-1.9084,-0.374,-0.5649,0,0,0
-0.2351,0.325,0.947,-1.3969,-0.6641,-0.5038,0,0,0
-0.2307,0.322,0.9453,-1.6183,-0.5573,-0.4733,0,0,0
-0.2339,0.323,0.9424,-1.7023,-0.458,-0.6412,0,0,0
-0.2327,0.3259,0.9497,-1.7405,-0.3435,-0.542,0,0,0
-0.2314,0.3296,0.949,-1.8168,-0.145,-0.4656,0,0,0
-0.24,0.325,0.9443,-1.7099,-0.3511,-0.4046,0,0,0
-0.2349,0.3237,0.9412,-1.7099,-0.4122,-0.3969,0,0,0
-0.2371,0.324,0.9473,-1.7634,-0.4427,-0.374,0,0,0
-0.2397,0.3289,0.9458,-1.8168,-0.6718,-0.458,0,0,0
-0.2356,0.3242,0.9443,-1.5496,-0.4504,-0.3664,0,0,0
-0.2354,0.3213,0.9419,-1.855,-0.2824,-0.6183,0,0,0
-0.2344,0.3262,0.9507,-1.9542,-0.5115,-0.6718,0,0,0
-0.2388,0.3198,0.949,-1.9084,-0.3282,-0.6031,0,0,0
-0.2292,0.3232,0.9451,-1.6794,-0.5115,-0.6794,0,0,0
-0.2363,0.3191,0.9487,-1.6107,-0.5115,-0.5725,0,0,0
-0.2375,0.3235,0.946,-1.5649,-0.4351,-0.6794,0,0,0
-0.2371,0.3264,0.9465,-1.8702,-0.374,-0.9389,0,0,0
-0.2375,0.3281,0.9482,-1.8015,-0.6412,-0.5038,0,0,0
-0.2341,0.3215,0.9417,-1.6947,-0.1221,-0.5649,0,0,0
-0.238,0.3274,0.9407,-1.5649,-0.7252,-0.7634,0,0,0
-0.2341,0.3318,0.9409,-1.9542,-0.5573,-0.5038,0,0,0
-0.2368,0.3247,0.9441,-1.7328,-0.4122,-0.5496,0,0,0
-0.2349,0.3291,0.9478,-1.8321,-0.2901,-0.4733,0,0,0
-0.2371,0.3303,0.9473,-1.7634,-0.687,-0.4351,0,0,0
-0.2383,0.3259,0.947,-1.771,-0.6336,-0.4504,0,0,0
-0.2324,0.3289,0.9424,-1.8092,-0.5573,-0.4885,0,0,0
-0.2312,0.3247,0.9487,-1.8855,-0.2519,-0.5115,0,0,0
-0.2334,0.324,0.9509,-1.7481,-0.5038,-0.6947,0,0,0
-0.2405,0.321,0.9446,-1.7099,-0.5115,-0.5725,0,0,0
-0.2341,0.3237,0.9526,-1.6641,-0.3969,-0.8092,0,0,0
-0.2373,0.3247,0.946,-1.4733,-0.4122,-0.4733,0,0,0
-0.2327,0.3257,0.9478,-1.4809,-0.374,-0.7328,0,0,0
-0.2351,0.3281,0.9497,-1.7252,-0.4427,-0.687,0,0,0
-0.2395,0.3247,0.947,-1.9084,-0.313,-0.5573,0,0,0
-0.2361,0.3247,0.95,-2.0687,-0.7557,-0.6641,0,0,0
-0.2351,0.325,0.949,-1.9389,-0.7557,-0.4656,0,0,0
-0.2361,0.3245,0.9536,-1.771,-0.5954,-0.4198,0,0,0
-0.2346,0.3276,0.9463,-1.7328,-0.4046,-0.5573,0,0,0
-0.2388,0.3257,0.9451,-1.8168,-0.6183,-0.6794,0,0,0
-0.2361,0.3235,0.9495,-1.6031,-0.3588,-0.5954,0,0,0
-0.2393,0.3274,0.9448,-1.5573,-0.1221,-0.5954,0,0,0
-0.2346,0.3259,0.9482,-1.4504,-0.4733,-0.6336,0,0,0
-0.2349,0.3237,0.9438,-1.4885,-0.4962,-0.5496,0,0,0
-0.239,0.3274,0.9456,-1.2824,-0.4275,-0.6947,0,0,0
-0.2363,0.3271,0.9465,-1.5954,-0.3893,-0.542,0,0,0
-0.2361,0.3276,0.9485,-1.8092,-0.5115,-0.7023,0,0,0
-0.2366,0.3252,0.9478,-1.5878,-0.7634,-0.6336,0,0,0
-0.2368,0.3257,0.9436,-2.0382,-0.5649,-0.6107,0,0,0
-0.239,0.3259,0.9524,-1.8321,-0.6718,-0.5573,0,0,0
-0.2329,0.322,0.9478,-1.4656,-0.2901,-0.5191,0,0,0
-0.2351,0.3269,0.9497,-1.6336,-0.4351,-0.5954,0,0,0
-0.2366,0.3335,0.9424,-1.5344,-0.4198,-0.7786,0,0,0
-0.2334,0.3252,0.9456,-2.1374,-0.4885,-0.5115,0,0,0
-0.239,0.3247,0.946,-2.0382,-0.3817,-0.5267,0,0,0
-0.2339,0.3235,0.937,-1.7634,-0.5344,-0.855,0,0,0
-0.2349,0.3237,0.9478,-1.7405,-0.4275,-0.7099,0,0,0
-0.2339,0.3264,0.9524,-1.8015,-0.6412,-0.5191,0,0,0
-0.2363,0.3271,0.9436,-1.8626,-0.6947,-0.5115,0,0,0
-0.2361,0.3271,0.9487,-1.9695,-0.4198,-0.4885,0,0,0
-0.2329,0.325,0.9478,-1.7481,-0.3053,-0.7099,0,0,0
-0.2363,0.3198,0.9475,-1.6031,-0.4122,-0.5954,0,0,0
-0.2339,0.3264,0.9453,-1.6031,-0.4351,-0.6489,0,0,0
-0.2349,0.3271,0.949,-1.8855,-0.4122,-0.6031,0,0,0
-0.238,0.3232,0.9475,-1.8321,-0.5038,-0.7176,0,0,0
-0.2385,0.324,0.9404,-1.916,-0.5115,-0.5115,0,0,0
-0.2349,0.324,0.9485,-1.9313,-0.5115,-0.7939,0,0,0
-0.2324,0.3296,0.9478,-1.771,-0.4504,-0.7099,0,0,0
-0.2339,0.3315,0.9507,-1.7634,-0.3969,-0.4427,0,0,0
-0.2349,0.3271,0.9478,-1.4962,-0.1985,-0.687,0,0,0
-0.24,0.323,0.9434,-1.7176,-0.5267,-0.7176,0,0,0
-0.2346,0.3247,0.9473,-2.0076,-0.374,-0.5038,0,0,0
-0.2371,0.3254,0.9451,-1.8168,-0.5573,-0.9389,0,0,0
-0.2332,0.323,0.9434,-1.7405,-0.8168,-0.5573,0,0,0
-0.2361,0.3276,0.9426,-1.8779,-0.458,-0.7786,0,0,0
-0.2349,0.322,0.9441,-1.6107,-0.2901,-0.8092,0,0,0
-0.2371,0.3291,0.9438,-1.7481,-0.2901,-0.5802,0,0,0
-0.2354,0.3252,0.9539,-2.0,-0.6336,-0.7328,0,0,0
-0.2378,0.3252,0.9521,-1.626,-0.4046,-0.687,0,0,0
-0.2393,0.3259,0.9519,-1.9618,-0.6031,-0.6031,0,0,0
-0.2341,0.3262,0.9446,-1.6489,-0.3664,-0.5573,0,0,0
-0.2339,0.325,0.9521,-1.8473,-0.4046,-0.5573,0,0,0
-0.2341,0.3235,0.9419,-1.855,-0.6336,-0.4733,0,0,0
-0.2383,0.3242,0.9465,-1.5802,-0.5115,-0.6641,0,0,0
-0.2346,0.3257,0.948,-1.771,-0.6947,-0.7099,0,0,0
-0.2324,0.3262,0.9561,-1.7176,-0.5038,-0.5725,0,0,0
-0.2334,0.3259,0.9434,-1.6641,-0.3435,-0.7405,0,0,0
-0.2373,0.3289,0.9502,-1.7405,-0.6107,-0.7099,0,0,0
-0.2332,0.325,0.9438,-1.9466,-0.6718,-0.6489,0,0,0
-0.238,0.3186,0.9426,-1.9008,-0.5038,-0.4962,0,0,0
-0.2361,0.3242,0.9509,-1.6412,-0.4504,-0.4885,0,0,0
-0.2327,0.3281,0.9429,-1.8015,-0.5115,-0.5496,0,0,0
-0.2375,0.3291,0.9482,-1.7939,-0.626,-0.7023,0,0,0
-0.2322,0.3252,0.9465,-1.9466,-0.6336,-0.8321,0,0,0
-0.2378,0.322,0.9482,-1.4351,-0.4046,-0.6489,0,0,0
-0.2314,0.3247,0.9395,-1.6641,-0.687,-0.7328,0,0,0
-0.2397,0.3267,0.9453,-1.8244,-0.2672,-0.4962,0,0,0
-0.2361,0.3242,0.9419,-1.7786,-0.7099,-0.7099,0,0,0
-0.2356,0.3296,0.9399,-1.7786,-0.4885,-0.4809,0,0,0
-0.2388,0.3228,0.9478,-1.7328,-0.3359,-0.5802,0,0,0
-0.2334,0.323,0.9456,-1.8397,-0.3664,-0.6031,0,0,0
-0.2422,0.3254,0.9473,-1.687,-0.1679,-0.8931,0,0,0
-0.2361,0.3276,0.9485,-1.9084,-0.0763,-1.0992,0,0,0
-0.2363,0.3264,0.9485,-1.6794,-0.3511,-0.6412,0,0,0
-0.2385,0.3223,0.9434,-1.4504,-0.2137,-0.8855,0,0,0
-0.2371,0.3237,0.9426,-1.5954,-0.5878,-0.3664,0,0,0
-0.2356,0.3303,0.9482,-1.6641,-0.8702,-0.4504,0,0,0
-0.2332,0.3303,0.948,-2.1908,-0.9771,-0.4275,0,0,0
-0.2314,0.3276,0.9534,-1.687,-0.6794,-0.4351,0,0,0
-0.2275,0.3188,0.9517,-1.4962,0.1527,-0.8168,0,0,0
-0.2354,0.324,0.9453,-1.4504,-0.0687,-0.5038,0,0,0
-0.2424,0.3301,0.9404,-1.5954,-0.4656,-0.6412,0,0,0
-0.2388,0.3291,0.9473,-1.9618,-0.6489,-0.5038,0,0,0
-0.2358,0.325,0.9431,-2.4504,-0.542,-0.5878,0,0,0
-0.2329,0.3225,0.9443,-1.8244,-0.8473,-0.5725,0,0,0
-0.2324,0.3257,0.9424,-1.6565,-0.3053,-0.4962,0,0,0
-0.2346,0.3242,0.9436,-1.6489,-0.313,-0.5802,0,0,0
-0.2356,0.3257,0.9446,-1.4046,-0.084,-0.8855,0,0,0
-0.2363,0.3291,0.9448,-1.6641,-0.0992,-0.7099,0,0,0
-0.2368,0.325,0.9434,-1.7023,-0.4733,-0.5725,0,0,0
-0.2402,0.3237,0.9399,-2.0687,-0.4733,-0.7786,0,0,0
-0.239,0.3281,0.95,-2.1374,-0.7939,-0.5802,0,0,0
-0.2351,0.3208,0.9438,-1.5649,-0.4427,-0.5191,0,0,0
-0.2361,0.3252,0.9521,-1.5191,-0.4656,-0.6794,0,0,0
-0.2305,0.3262,0.9407,-1.6489,-0.5038,-0.6565,0,0,0
-0.2344,0.3267,0.947,-1.4504,-0.4733,-0.7405,0,0,0
-0.2332,0.3186,0.9487,-1.5038,-0.4962,-0.771,0,0,0
-0.2395,0.3286,0.9424,-1.8702,-0.5573,-0.5115,0,0,0
-0.2368,0.3289,0.9526,-2.2214,-0.4427,-0.4809,0,0,0
-0.2349,0.3293,0.9517,-1.9924,-0.6718,-0.6718,0,0,0
-0.2346,0.3264,0.9482,-1.8397,-0.6336,-0.6336,0,0,0
-0.2358,0.3218,0.9429,-1.8626,-0.5802,-0.6489,0,0,0
-0.2366,0.323,0.9546,-1.6183,-0.4656,-0.2748,0,0,0
-0.2371,0.3235,0.9441,-1.6794,-0.6107,-0.7405,0,0,0
-0.2356,0.3286,0.9424,-1.7176,-0.2519,-0.9008,0,0,0
-0.2405,0.3247,0.9414,-1.9466,-0.4656,-0.7023,0,0,0
-0.2363,0.322,0.9453,-2.0153,-0.5878,-0.4427,0,0,0
-0.2363,0.3206,0.9456,-1.7328,-0.7939,-0.7328,0,0,0
-0.2341,0.3252,0.9473,-1.8931,-0.6641,-0.7023,0,0,0
-0.2317,0.3284,0.95,-1.7099,-0.3359,-0.542,0,0,0
-0.2363,0.3247,0.9507,-1.6183,-0.5878,-0.5115,0,0,0
-0.2373,0.3269,0.9475,-1.5878,-0.7939,-0.7176,0,0,0
-0.2354,0.3257,0.9507,-1.9237,-0.5344,-0.4504,0,0,0
-0.2368,0.3296,0.9487,-1.687,-0.5191,-0.626,0,0,0
-0.2393,0.3271,0.9473,-2.0305,-0.2977,-0.3588,0,0,0
-0.2354,0.3269,0.9495,-1.8855,-0.5115,-0.542,0,0,0
-0.2349,0.3257,0.9456,-1.5878,-0.4198,-0.5267,0,0,0
-0.2373,0.3232,0.9492,-1.7939,-0.374,-0.6565,0,0,0
-0.2344,0.325,0.949,-1.6031,-0.5115,-0.8015,0,0,0
-0.2329,0.3259,0.9458,-1.8473,-0.3435,-0.6794,0,0,0
-0.2351,0.3254,0.9441,-1.5802,-0.4809,-0.6412,0,0,0
-0.2371,0.3237,0.9526,-1.687,-0.6794,-0.687,0,0,0
-0.2344,0.3218,0.9451,-1.8473,-0.2977,-0.5954,0,0,0
-0.2344,0.3274,0.9407,-1.9771,-0.0763,-0.5725,0,0,0
-0.2366,0.3306,0.9458,-1.8779,-0.3588,-0.6641,0,0,0
-0.2383,0.3259,0.9438,-1.9008,-0.5267,-0.4885,0,0,0
-0.2349,0.3247,0.9473,-1.7252,-0.374,-0.5115,0,0,0
-0.2368,0.3274,0.9412,-1.5344,-0.5038,-0.458,0,0,0
-0.2327,0.3289,0.9414,-1.6107,-0.2137,-0.7176,0,0,0
-0.2324,0.3296,0.9453,-1.771,-0.4198,-0.687,0,0,0
-0.2366,0.3289,0.9468,-1.9466,-0.626,-0.4046,0,0,0
-0.2358,0.3276,0.948,-1.6183,-0.4351,-0.5573,0,0,0
-0.2332,0.3284,0.9446,-1.8244,-0.3359,-0.5878,0,0,0
-0.2371,0.3337,0.939,-1.8702,-0.5191,-0.4809,0,0,0
-0.2366,0.3252,0.9478,-1.855,-0.4733,-0.5725,0,0,0
-0.2329,0.3242,0.9399,-1.9389,-0.4962,-0.6641,0,0,0
-0.2397,0.3262,0.9468,-1.6565,-0.2824,-0.4656,0,0,0
-0.2363,0.321,0.9434,-1.7863,-0.4198,-0.4885,0,0,0
-0.2346,0.3254,0.9412,-1.687,-0.5649,-0.4885,0,0,0
-0.2351,0.3289,0.9456,-1.9771,-0.5878,-0.5954,0,0,0
-0.2385,0.3276,0.9517,-1.8397,-0.6947,-0.626,0,0,0
-0.239,0.3203,0.9463,-1.8244,-0.2519,-0.6718,0,0,0
-0.2368,0.3274,0.9465,-1.6794,-0.3664,-0.3817,0,0,0
-0.2341,0.3306,0.948,-1.9313,-0.6718,-0.6718,0,0,0
-0.2349,0.321,0.9465,-1.9466,-0.6336,-0.4885,0,0,0
-0.2375,0.3276,0.9451,-1.7405,-0.4809,-0.5267,0,0,0
-0.2363,0.324,0.9465,-1.7939,-0.5649,-0.5573,0,0,0
-0.2336,0.3252,0.948,-1.7328,-0.4427,-0.5878,0,0,0
-0.2327,0.3284,0.9446,-1.9084,-0.4504,-0.7405,0,0,0
-0.2354,0.323,0.9451,-1.8168,-0.4962,-0.5878,0,0,0
-0.2329,0.3252,0.9424,-1.6794,-0.4733,-0.458,0,0,0
-0.2358,0.3232,0.9397,-1.6107,-0.4198,-0.6641,0,0,0
-0.2361,0.3257,0.9478,-1.8855,-0.3206,-0.6718,0,0,0
-0.2339,0.3274,0.9539,-1.7481,-0.2824,-0.5802,0,0,0
-0.2361,0.324,0.9456,-1.771,-0.5267,-0.5802,0,0,0
-0.2341,0.3271,0.9512,-1.8473,-0.3511,-0.5344,0,0,0
-0.2339,0.3208,0.9456,-1.7176,-0.3511,-0.542,0,0,0
-0.2349,0.3247,0.9465,-1.9237,-0.5191,-0.5725,0,0,0
-0.2393,0.3293,0.9404,-1.6718,-0.374,-0.3664,0,0,0
-0.2356,0.3235,0.9463,-1.7405,-0.4275,-0.7557,0,0,0
-0.2317,0.3232,0.95,-1.5115,-0.5496,-0.771,0,0,0
-0.2363,0.3257,0.9436,-1.9466,-0.2672,-0.8397,0,0,0
-0.2366,0.3247,0.9438,-1.4962,-0.4427,-0.5878,0,0,0
-0.2336,0.3257,0.9492,-1.6947,-0.3435,-0.5038,0,0,0
-0.2393,0.3262,0.9407,-1.7023,-0.7634,-0.4198,0,0,0
-0.2378,0.3232,0.9429,-1.9084,-0.8321,-0.5878,0,0,0
-0.2314,0.3247,0.9465,-1.6107,-0.2824,-0.687,0,0,0
-0.2356,0.3301,0.9443,-1.8092,-0.313,-0.5191,0,0,0
-0.2393,0.323,0.9453,-1.6183,-0.7099,-0.5344,0,0,0
-0.2327,0.3232,0.9424,-1.8092,-0.1908,-0.626,0,0,0
-0.2361,0.3257,0.9507,-1.9466,-0.4809,-0.6489,0,0,0
-0.2356,0.3259,0.948,-1.5573,-0.4046,-0.5344,0,0,0
-0.2358,0.3215,0.9441,-1.626,-0.7328,-0.6107,0,0,0
-0.2358,0.324,0.9438,-1.7023,-0.542,-0.5573,0,0,0
-0.2334,0.3254,0.9512,-1.7634,-0.4962,-0.626,0,0,0
-0.2346,0.3237,0.9502,-1.6718,-0.4809,-0.7099,0,0,0
-0.2332,0.3296,0.9443,-1.6336,-0.2748,-0.687,0,0,0
-0.2346,0.3313,0.947,-1.6489,-0.5038,-0.626,0,0,0
-0.2383,0.3237,0.9456,-1.9389,-0.6107,-0.4275,0,0,0
-0.2378,0.3206,0.9429,-1.7405,-0.313,-0.6183,0,0,0
-0.2397,0.3257,0.9473,-1.6336,-0.7863,-0.5725,0,0,0
-0.2339,0.3264,0.9414,-1.7557,-0.3206,-0.6794,0,0,0
-0.2361,0.3262,0.9507,-1.9466,-0.4885,-0.5802,0,0,0
-0.2351,0.3201,0.9424,-1.7939,-0.4427,-0.5344,0,0,0
-0.2341,0.3232,0.9443,-1.7328,-0.4504,-0.6565,0,0,0
-0.241,0.3252,0.9492,-1.6336,-0.5191,-0.5573,0,0,0
-0.2361,0.324,0.9387,-1.5725,-0.8168,-0.6489,0,0,0
-0.2332,0.3245,0.9563,-1.5878,-0.6412,-0.3053,0,0,0
-0.2336,0.333,0.9475,-2.084,-0.4962,-0.771,0,0,0
-0.2344,0.3215,0.9473,-2.0916,-0.458,-0.8244,0,0,0
-0.2349,0.3201,0.9465,-1.8473,-0.3969,-0.3664,0,0,0
-0.2371,0.3223,0.9436,-1.4504,-0.7786,-0.5878,0,0,0
-0.2344,0.3274,0.9441,-1.8397,-0.8244,-0.6718,0,0,0
-0.2324,0.3269,0.9456,-1.9389,-0.6718,-0.5954,0,0,0
-0.2324,0.3264,0.9502,-2.0076,-0.5954,-0.4885,0,0,0
-0.2373,0.3245,0.9495,-2.145,-0.5649,-0.626,0,0,0
-0.2339,0.3196,0.9409,-1.8702,-0.4122,-0.8168,0,0,0
-0.2356,0.3223,0.9458,-1.7557,-0.5496,-0.7405,0,0,0
-0.2324,0.3235,0.9414,-1.6947,-0.2748,-0.3969,0,0,0
-0.2356,0.3279,0.9507,-1.8702,-0.542,-0.6107,0,0,0
-0.2332,0.3242,0.9463,-1.5496,-0.4122,-0.7252,0,0,0
-0.2375,0.3271,0.947,-1.687,-0.313,-0.4275,0,0,0
-0.2375,0.3235,0.9463,-1.9084,-0.3282,-0.5344,0,0,0
-0.2371,0.3208,0.9397,-1.5267,-0.458,-0.6489,0,0,0
-0.2273,0.3411,0.9458,-1.6947,-0.1679,-0.3359,0,0,0
-0.2383,0.321,0.9473,-1.5267,-0.7557,-0.1603,0,0,0
-0.2341,0.3259,0.9443,-1.8931,-0.6718,-0.3282,0,0,0
-0.2346,0.3201,0.9443,-1.7557,-0.4275,-0.7252,0,0,0
-0.2373,0.3313,0.9487,-1.4733,-0.2824,-0.5496,0,0,0
-0.2388,0.325,0.9468,-1.5344,-0.5267,-0.5878,0,0,0
-0.2344,0.3315,0.9448,-2.2824,-0.4656,-0.7786,0,0,0
-0.2378,0.3279,0.9448,-2.1985,-0.9924,-0.5649,0,0,0
-0.2349,0.321,0.958,-1.5878,-0.6336,-0.5344,0,0,0
-0.2351,0.323,0.9436,-1.2901,-0.145,-0.5191,0,0,0
-0.24,0.3271,0.946,-1.5573,-0.2824,-0.5344,0,0,0
-0.2285,0.3342,0.9409,-1.9237,-0.374,-0.7405,0,0,0
-0.2358,0.3306,0.9514,-2.2061,-0.3664,-0.7252,0,0,0
-0.239,0.3167,0.9482,-2.1679,-0.7786,-0.687,0,0,0
-0.2314,0.3247,0.9497,-1.5954,-0.4046,-0.5191,0,0,0
-0.2332,0.3276,0.9399,-1.3588,-0.2748,-0.2977,0,0,0
-0.2366,0.3274,0.9377,-2.0076,-0.374,-0.7176,0,0,0
-0.2366,0.3206,0.9507,-1.8092,-0.5649,-0.626,0,0,0
-0.2312,0.323,0.9441,-1.7023,-0.2748,-0.5573,0,0,0
-0.2341,0.3267,0.948,-1.542,-0.4885,-0.5496,0,0,0
-0.2346,0.3271,0.9504,-1.9466,-0.8015,-0.4962,0,0,0
-0.2339,0.3179,0.948,-1.687,-0.1985,-0.5496,0,0,0
-0.2393,0.3225,0.9487,-1.5267,-0.6947,-0.4885,0,0,0
-0.2356,0.3286,0.946,-1.7176,-0.1221,-0.5496,0,0,0
-0.2312,0.3279,0.9453,-1.9008,-0.6412,-0.7099,0,0,0
-0.2354,0.3269,0.9578,-1.8626,-0.7176,-0.771,0,0,0
-0.2393,0.3281,0.947,-1.6565,-0.5954,-0.4198,0,0,0
-0.2324,0.3264,0.946,-2.0763,-0.542,-0.7023,0,0,0
-0.2375,0.3232,0.9404,-1.7023,-0.2519,-0.8473,0,0,0
-0.2307,0.3254,0.9446,-1.8168,-0.2824,-0.374,0,0,0
-0.2371,0.3264,0.9512,-1.5725,-0.6107,-0.5649,0,0,0
-0.2344,0.325,0.9438,-1.7252,-0.3893,-0.4962,0,0,0
-0.2344,0.3293,0.9463,-2.0382,-0.3969,-0.5115,0,0,0
-0.2356,0.3232,0.9446,-1.7786,-0.4046,-0.4656,0,0,0
-0.2373,0.3196,0.9478,-1.8168,-0.7634,-0.7023,0,0,0
-0.2354,0.324,0.9421,-1.7328,-0.5267,-0.5115,0,0,0
-0.2334,0.3291,0.9463,-1.8244,-0.5802,-0.687,0,0,0
-0.2375,0.3274,0.9514,-1.9847,-0.4275,-0.313,0,0,0
-0.2383,0.3206,0.9463,-2.084,-0.6031,-0.7634,0,0,0
-0.2341,0.3201,0.9482,-1.9389,-0.2824,-0.3893,0,0,0
-0.2373,0.3262,0.9463,-1.5878,-0.1832,-0.4504,0,0,0
-0.2375,0.3293,0.946,-2.0,-0.3206,-0.6489,0,0,0
-0.2356,0.3252,0.9397,-1.8626,-0.5802,-0.6718,0,0,0
-0.2336,0.3213,0.9517,-1.6183,-0.3282,-0.6031,0,0,0
-0.2368,0.3271,0.9536,-1.8168,-0.6031,-0.5878,0,0,0
-0.2358,0.3289,0.9431,-1.9847,-0.5344,-0.4275,0,0,0
-0.2358,0.323,0.9441,-1.5725,-0.6336,-0.5954,0,0,0
-0.2388,0.321,0.9534,-1.8855,-0.5038,-0.542,0,0,0
-0.2375,0.3296,0.9456,-1.6947,-0.3588,-0.626,0,0,0
-0.2344,0.3279,0.9473,-1.6336,-0.3359,-0.5344,0,0,0
-0.2332,0.3254,0.939,-1.5878,-0.5038,-0.4046,0,0,0
-0.2366,0.324,0.9539,-1.4275,-0.374,-0.3664,0,0,0
-0.2354,0.3271,0.9463,-1.7786,-0.6107,-0.6718,0,0,0
-0.2332,0.322,0.9453,-1.9389,-0.3893,-0.7481,0,0,0
-0.2349,0.3247,0.9414,-1.5573,-0.5038,-0.313,0,0,0
-0.2329,0.3262,0.9434,-1.6794,-0.229,-0.6794,0,0,0
-0.2388,0.3259,0.9429,-1.5115,-0.4656,-0.6412,0,0,0
-0.2371,0.3206,0.9526,-1.5038,-0.5954,-0.4504,0,0,0
-0.2339,0.3311,0.9424,-1.7939,-0.3664,-0.7405,0,0,0
-0.2385,0.3315,0.9421,-1.7939,-0.4962,-0.8473,0,0,0
-0.2324,0.3242,0.9448,-2.0229,-0.7023,-0.3206,0,0,0
-0.2336,0.3252,0.9448,-1.7176,-0.5802,-0.5802,0,0,0
-0.2351,0.323,0.9509,-1.7634,-0.5038,-0.4885,0,0,0
-0.2346,0.3235,0.9446,-1.374,-0.1145,-0.771,0,0,0
-0.2371,0.3289,0.9373,-1.8244,-0.3817,-0.6489,0,0,0
-0.24,0.3293,0.9397,-2.0153,-0.3206,-0.4046,0,0,0
-0.2358,0.3232,0.949,-1.7099,-0.6947,-0.6336,0,0,0
-0.2366,0.3259,0.9587,-1.5802,-0.7023,-0.5649,0,0,0
-0.2383,0.3252,0.9436,-1.8397,-0.6947,-0.5954,0,0,0
-0.2322,0.323,0.9431,-1.626,-0.6641,-0.5802,0,0,0
-0.2363,0.3259,0.9443,-1.8626,-0.4122,-0.771,0,0,0
-0.2385,0.3306,0.9421,-1.5878,-0.3053,-0.7176,0,0,0
-0.2405,0.3328,0.9514,-1.8015,-0.5878,-0.6641,0,0,0
-0.2351,0.3232,0.9448,-1.5878,-0.5496,-0.8397,0,0,0
-0.2383,0.3267,0.9458,-1.7176,-0.4733,-0.5267,0,0,0
-0.2378,0.323,0.9443,-1.8702,-0.5115,-0.5954,0,0,0
-0.2336,0.3262,0.9417,-1.9771,-0.4656,-0.8626,0,0,0
-0.2366,0.3274,0.9448,-1.7405,-0.5725,-0.4962,0,0,0
-0.2354,0.324,0.9504,-1.8626,-0.5267,-0.4809,0,0,0
-0.2378,0.3267,0.9453,-1.5878,-0.7176,-0.7786,0,0,0
-0.2393,0.3247,0.9492,-1.4351,-0.7099,-0.626,0,0,0
-0.2356,0.3245,0.948,-1.4656,-0.3664,-0.5496,0,0,0
-0.2405,0.3271,0.9468,-1.7328,-0.5878,-0.6336,0,0,0
-0.2366,0.3245,0.9458,-1.916,-0.4351,-0.5496,0,0,0
-0.2317,0.3254,0.9478,-2.0,-0.6107,-0.5802,0,0,0
-0.2407,0.3176,0.9456,-1.7786,-0.4809,-0.5496,0,0,0
-0.2319,0.3252,0.9485,-1.7176,-0.2519,-0.4733,0,0,0
-0.239,0.3247,0.9473,-1.6641,-0.8702,-0.6107,0,0,0
-0.2322,0.325,0.9456,-1.9542,-0.6718,-0.4733,0,0,0
-0.2346,0.325,0.9465,-1.6489,-0.4046,-0.6947,0,0,0
-0.2361,0.3262,0.9438,-1.6794,-0.5496,-0.3206,0,0,0
-0.2419,0.323,0.9434,-2.1374,-0.6183,-0.6183,0,0,0
-0.2361,0.3247,0.946,-1.4733,-0.5115,-0.4809,0,0,0
-0.2344,0.3257,0.9507,-1.6641,-0.1603,-0.5649,0,0,0
-0.238,0.3284,0.949,-1.6794,-0.6489,-0.7481,0,0,0
-0.2373,0.324,0.9453,-1.8702,-0.4351,-0.458,0,0,0
-0.2346,0.3208,0.9456,-1.7863,-0.4504,-0.7176,0,0,0
-0.239,0.3188,0.9504,-1.8092,-0.313,-0.7099,0,0,0
-0.2336,0.3223,0.9431,-1.7252,-0.4427,-0.8092,0,0,0
-0.2332,0.3274,0.9497,-1.7557,-0.2901,-0.5878,0,0,0
-0.2339,0.3264,0.949,-1.9695,-0.5038,-0.6412,0,0,0
-0.2324,0.3201,0.9492,-1.8015,-0.3588,-0.3817,0,0,0
-0.2356,0.3247,0.9351,-1.9542,-0.542,-0.687,0,0,0
-0.2373,0.3267,0.9497,-1.8168,-0.4198,-0.5878,0,0,0
-0.2402,0.3286,0.9397,-1.9618,-0.687,-0.4504,0,0,0
-0.2334,0.3225,0.9426,-2.0534,-0.4656,-0.5954,0,0,0
-0.2378,0.324,0.9487,-1.6565,-0.7099,-0.6336,0,0,0
-0.228,0.3267,0.9468,-1.7252,-0.0305,-0.5573,0,0,0
-0.2393,0.3215,0.9463,-1.458,-0.4504,-0.3969,0,0,0
-0.2349,0.3232,0.9392,-1.687,-0.5802,-0.7099,0,0,0
-0.2368,0.3274,0.9392,-1.626,-0.2977,-0.6336,0,0,0
-0.2351,0.3291,0.949,-1.7099,-0.3053,-0.542,0,0,0
-0.2419,0.3228,0.9456,-1.626,-0.6183,-0.4962,0,0,0
-0.2375,0.3247,0.9487,-1.9542,-0.3588,-0.855,0,0,0
-0.2334,0.3171,0.9519,-1.8931,-0.7786,-0.5573,0,0,0
-0.2339,0.321,0.9546,-1.5344,-0.4198,-0.6947,0,0,0
-0.2344,0.3306,0.9441,-1.2824,-0.2443,-0.4962,0,0,0
-0.2388,0.3259,0.9453,-1.7939,-0.4351,-0.6565,0,0,0
-0.2346,0.3228,0.947,-1.855,-0.3359,-0.4351,0,0,0
-0.2366,0.3262,0.9421,-1.6794,-0.7328,-0.4046,0,0,0
-0.2366,0.3308,0.9463,-1.7176,-0.4198,-0.4122,0,0,0
-0.2354,0.3259,0.9463,-1.916,-0.6794,-0.6183,0,0,0
-0.231,0.3186,0.9453,-1.7176,-0.3893,-0.9389,0,0,0
-0.2388,0.3303,0.9473,-1.5649,-0.1221,-0.5725,0,0,0
-0.2341,0.3262,0.946,-1.6718,-0.6336,-0.6641,0,0,0
-0.2378,0.3264,0.9492,-1.9084,-0.458,-0.8092,0,0,0
-0.2344,0.3264,0.9429,-1.6489,-0.5496,-0.4733,0,0,0
-0.2317,0.3264,0.9448,-1.7023,-0.3511,-0.5802,0,0,0
-0.2415,0.3267,0.9431,-1.5878,-0.6183,-0.687,0,0,0
-0.2346,0.3279,0.9465,-1.6336,-0.4733,-0.6412,0,0,0
-0.2354,0.3262,0.9565,-1.7328,-0.3664,-0.5725,0,0,0
-0.2361,0.3301,0.9436,-1.7481,-0.1832,-0.7481,0,0,0
-0.2378,0.3232,0.9351,-1.9466,-0.4046,-0.7176,0,0,0
-0.2305,0.3198,0.9495,-1.9237,-0.5191,-0.5878,0,0,0
-0.2393,0.3232,0.9421,-1.7557,-0.4885,-0.4427,0,0,0
-0.2378,0.3315,0.9402,-1.9847,-0.8244,-0.8168,0,0,0
-0.2344,0.3228,0.9463,-2.2137,-0.313,-0.7023,0,0,0
-0.2344,0.3276,0.946,-1.6794,-0.2214,-0.626,0,0,0
-0.2371,0.3257,0.9395,-1.5191,-0.7557,-0.3206,0,0,0
-0.238,0.3242,0.9458,-1.7634,-0.6794,-0.4962,0,0,0
-0.2354,0.3193,0.9465,-1.9466,-0.6947,-0.542,0,0,0
-0.239,0.3335,0.9424,-1.4122,-0.4351,-0.7786,0,0,0
-0.2312,0.3284,0.9482,-2.4733,-0.5344,-0.8397,0,0,0
-0.2397,0.3201,0.95,-1.9008,-0.313,-0.542,0,0,0
-0.2341,0.3262,0.9438,-1.3817,-0.1603,-0.542,0,0,0
-0.2375,0.3245,0.9448,-1.458,-0.1298,-0.5267,0,0,0
-0.2385,0.334,0.9397,-1.7023,-0.4962,-0.3969,0,0,0
-0.2356,0.3286,0.9429,-2.0229,-0.5649,-0.7328,0,0,0
-0.2349,0.324,0.9521,-1.6183,-0.4733,-0.5496,0,0,0
-0.2393,0.3257,0.946,-2.0687,-0.4351,-0.7939,0,0,0
-0.2317,0.3279,0.9478,-1.8473,-0.4504,-0.7634,0,0,0
-0.2344,0.3181,0.9478,-2.0534,-0.3511,-0.916,0,0,0
-0.2356,0.3254,0.9517,-1.8092,-0.2366,-0.9389,0,0,0
-0.2329,0.3215,0.9424,-1.2824,-0.313,-0.3588,0,0,0
-0.2383,0.3257,0.9453,-1.5725,-0.5267,-0.3817,0,0,0
-0.241,0.3245,0.9463,-1.7557,-0.7099,-0.5496,0,0,0
-0.2368,0.3228,0.9463,-1.8473,-0.7252,-0.4656,0,0,0
-0.2356,0.325,0.9458,-1.7634,-0.3588,-0.4656,0,0,0
-0.2346,0.3232,0.938,-1.7939,-0.313,-0.7405,0,0,0
-0.231,0.3232,0.947,-1.8092,-0.5115,-0.6412,0,0,0
-0.2388,0.3254,0.9409,-1.5878,-0.2977,-0.6107,0,0,0
-0.2405,0.3284,0.9424,-1.855,-0.3664,-0.4656,0,0,0
-0.2319,0.3225,0.9424,-2.0305,-0.4962,-0.6794,0,0,0
-0.2363,0.322,0.9446,-1.7328,-0.4962,-0.8015,0,0,0
-0.2314,0.3245,0.9478,-1.9924,-0.5878,-0.6031,0,0,0
-0.2341,0.3247,0.9536,-1.5344,-0.5191,-0.5267,0,0,0
-0.2349,0.3252,0.9487,-1.2595,-0.7405,-0.3817,0,0,0
-0.2327,0.3281,0.9478,-1.5267,-0.6336,-0.626,0,0,0
-0.231,0.3293,0.9497,-1.9618,-0.3053,-0.5649,0,0,0
-0.2339,0.3264,0.948,-2.2748,-0.542,-0.542,0,0,0
-0.2312,0.3191,0.9426,-2.0305,-0.3206,-0.626,0,0,0
-0.2395,0.321,0.946,-1.5802,-0.0687,-0.7252,0,0,0
-0.2402,0.3242,0.9448,-1.2977,-0.4198,-0.6031,0,0,0
-0.2378,0.3269,0.9431,-1.5802,-0.5649,-0.5573,0,0,0
-0.2375,0.3242,0.9424,-1.7099,-0.5344,-0.3893,0,0,0
-0.2339,0.3252,0.9458,-1.8702,-0.6565,-0.374,0,0,0
-0.2288,0.3259,0.9504,-2.229,-0.7099,-0.4046,0,0,0
-0.2349,0.3176,0.9492,-1.6947,-0.542,-0.5496,0,0,0
-0.2202,0.3428,0.9446,-1.4504,-0.0916,-0.7099,0,0,0
-0.2292,0.3318,0.946,-1.3206,-0.3588,-0.374,0,0,0
-0.229,0.3315,0.9463,-1.4504,-0.2519,-0.3359,0,0,0
-0.2349,0.3181,0.9441,-1.7786,-0.8473,-0.2519,0,0,0
-0.2378,0.3313,0.947,-1.7481,-0.6947,-0.1985,0,0,0
-0.2314,0.324,0.9431,-2.0534,-0.5878,-0.6336,0,0,0
-0.2327,0.321,0.9502,-1.7023,-0.9313,-0.3817,0,0,0
-0.2341,0.3279,0.9536,-1.313,-0.6107,-0.3588,0,0,0
-0.2385,0.3225,0.9453,-1.687,-0.6794,-0.2977,0,0,0
-0.2346,0.3242,0.9412,-1.8473,-0.7328,-0.313,0,0,0
-0.2354,0.3284,0.9497,-1.7099,-0.6183,-0.4733,0,0,0
-0.2356,0.3264,0.9478,-1.8092,-0.626,-0.5344,0,0,0
-0.2341,0.3259,0.9521,-1.7863,-0.7023,-0.6412,0,0,0
-0.2317,0.3264,0.9436,-1.9466,-0.687,-0.458,0,0,0
-0.2324,0.3269,0.9531,-1.916,-0.626,-0.5496,0,0,0
-0.2339,0.3235,0.9534,-1.4504,-0.5267,-0.855,0,0,0
-0.2339,0.3269,0.948,-1.4809,-0.2061,-0.5725,0,0,0
-0.2354,0.3269,0.9436,-1.542,-0.1527,-0.6031,0,0,0
-0.2373,0.3315,0.9475,-1.6183,-0.3969,-0.5496,0,0,0
-0.2427,0.3188,0.9419,-1.7252,-0.5115,-0.5115,0,0,0
-0.2373,0.3264,0.948,-1.771,-0.7328,-0.3206,0,0,0
-0.2393,0.3193,0.9365,-2.2214,-0.6336,-0.7099,0,0,0
-0.2346,0.3252,0.959,-1.5649,-0.8931,-0.5725,0,0,0
-0.2324,0.3262,0.9463,-1.6641,-0.2748,-0.6412,0,0,0
-0.2349,0.3257,0.95,-1.6641,-0.4504,-0.3893,0,0,0
-0.2341,0.3264,0.9497,-1.6794,-0.3435,-0.7557,0,0,0
-0.2368,0.3274,0.9409,-1.9618,-0.6641,-0.6565,0,0,0
-0.2339,0.3259,0.948,-1.5878,-0.4504,-0.3969,0,0,0
-0.2366,0.3257,0.9482,-1.687,-0.3969,-0.5496,0,0,0
-0.2334,0.3289,0.9446,-1.9237,-0.3435,-0.3359,0,0,0
-0.2336,0.323,0.9465,-1.9847,-0.3893,-0.6031,0,0,0
-0.2305,0.3228,0.9448,-1.6718,-0.4198,-0.6947,0,0,0
-0.23,0.3262,0.949,-1.7099,-0.145,-0.6794,0,0,0
-0.23,0.332,0.9443,-1.8779,-0.0992,-0.7099,0,0,0
-0.2358,0.3208,0.9414,-1.916,-0.6641,-0.8702,0,0,0
-0.2366,0.3271,0.9485,-1.6565,-0.0305,-0.5496,0,0,0
-0.2327,0.3252,0.9402,-1.7176,-0.3282,-0.8702,0,0,0
-0.2363,0.325,0.9441,-1.8397,-0.4656,-0.6718,0,0,0
-0.2314,0.3286,0.9456,-2.0,-0.1298,-0.4809,0,0,0
-0.238,0.3247,0.9448,-2.0382,-0.6031,-0.7786,0,0,0
-0.2366,0.3237,0.9438,-1.6794,-0.2519,-0.8626,0,0,0
-0.2358,0.3206,0.9407,-1.6565,-0.4275,-0.7557,0,0,0
-0.2341,0.3237,0.9441,-1.3664,-0.4427,-0.7023,0,0,0
-0.2354,0.3232,0.9453,-1.9389,-0.6947,-0.5649,0,0,0
-0.2375,0.3252,0.9412,-2.1069,-0.6183,-0.3435,0,0,0
-0.2307,0.323,0.949,-1.5954,-0.5573,-0.6107,0,0,0
-0.2258,0.3311,0.9478,-1.7252,-0.1374,-0.7634,0,0,0
-0.2444,0.324,0.9368,-1.7939,-0.4275,-0.7786,0,0,0
-0.2361,0.3262,0.9453,-1.4809,-0.313,-0.5496,0,0,0
-0.2383,0.3279,0.9407,-1.7939,-0.5649,-0.855,0,0,0
-0.2324,0.3252,0.9407,-1.7557,-0.5038,-0.6489,0,0,0
-0.2383,0.3225,0.9419,-2.0382,-0.4427,-0.6718,0,0,0
-0.2344,0.3291,0.9487,-1.7328,-0.5725,-0.6565,0,0,0
-0.2363,0.3225,0.9565,-1.5954,-0.5115,-0.6107,0,0,0
-0.2324,0.3257,0.9504,-1.6107,-0.0382,-0.7405,0,0,0
-0.2422,0.3228,0.9456,-1.6336,-0.2901,-0.5191,0,0,0
-0.2317,0.3281,0.946,-1.7023,-0.2366,-0.6794,0,0,0
-0.2383,0.3252,0.9424,-1.6947,-0.2748,-0.8779,0,0,0
-0.238,0.3293,0.9468,-1.9237,-0.4809,-0.4427,0,0,0
-0.2351,0.3215,0.9465,-1.9771,-0.5954,-0.5878,0,0,0
-0.24,0.325,0.95,-1.7634,-0.5878,-0.626,0,0,0
-0.2332,0.3247,0.9463,-1.2977,-0.5802,-0.4885,0,0,0
-0.2375,0.3223,0.9434,-1.5038,-0.3511,-0.2977,0,0,0
-0.2402,0.3269,0.939,-1.5878,-0.4656,-0.5267,0,0,0
-0.2319,0.3218,0.9429,-1.6565,-0.2443,-0.6565,0,0,0
-0.2329,0.3289,0.9434,-1.7176,-0.4046,-0.6031,0,0,0
-0.2373,0.3218,0.9463,-1.7786,-0.626,-0.6412,0,0,0
-0.2368,0.3252,0.948,-1.5725,-0.6183,-0.542,0,0,0
-0.2378,0.3296,0.947,-1.8931,-0.7023,-0.7328,0,0,0
-0.2327,0.3252,0.936,-1.8168,-0.6489,-0.4962,0,0,0
-0.2332,0.3284,0.9419,-1.5649,-0.4046,-0.6107,0,0,0
-0.2393,0.3235,0.9421,-1.6412,-0.4809,-0.3588,0,0,0
-0.2383,0.3271,0.9465,-1.8321,-0.4198,-0.3664,0,0,0
-0.2361,0.3259,0.9468,-1.687,-0.4198,-0.7252,0,0,0
-0.2341,0.3242,0.9507,-1.8244,-0.2672,-0.7405,0,0,0
-0.2349,0.3232,0.9468,-1.6947,-0.5725,-0.6336,0,0,0
-0.2332,0.3276,0.9495,-1.2977,-0.2901,-0.458,0,0,0
-0.2363,0.3259,0.9475,-1.6641,-0.6107,-0.6107,0,0,0
-0.2388,0.3223,0.9463,-1.7328,-0.5802,-0.3893,0,0,0
-0.2344,0.3225,0.947,-2.0534,-0.7634,-0.6718,0,0,0
-0.23,0.3235,0.9448,-1.7939,-0.4122,-0.6107,0,0,0
-0.2285,0.3232,0.9448,-1.9084,-0.2977,-0.8702,0,0,0
-0.2358,0.3237,0.9395,-1.6031,-0.3969,-0.6718,0,0,0
-0.2371,0.3242,0.9438,-1.6565,-0.5267,-0.3053,0,0,0
-0.2334,0.3257,0.9485,-1.3969,-0.3588,-0.6107,0,0,0
-0.2349,0.3281,0.9451,-1.9084,-0.4427,-0.6031,0,0,0
-0.2324,0.3274,0.9458,-1.8321,-0.5573,-0.6336,0,0,0
-0.2363,0.3279,0.9463,-1.9924,-0.084,-0.6336,0,0,0
-0.2336,0.3269,0.9495,-1.855,-0.5344,-0.7023,0,0,0
-0.2351,0.3259,0.95,-1.5649,-0.0382,-0.4656,0,0,0
-0.2329,0.3196,0.9426,-1.5802,-0.542,-0.6031,0,0,0
-0.2358,0.3264,0.9448,-1.6107,-0.542,-0.6183,0,0,0
-0.2329,0.3267,0.9412,-1.8321,-0.5115,-0.7252,0,0,0
-0.2356,0.3271,0.9514,-1.8702,-0.6336,-0.3588,0,0,0
-0.2349,0.3262,0.9465,-1.626,-0.4351,-0.5649,0,0,0
-0.2322,0.325,0.9473,-1.7252,-0.4275,-0.6718,0,0,0
-0.2356,0.3254,0.9453,-1.8397,-0.2977,-0.6947,0,0,0
-0.2334,0.3213,0.9492,-1.9313,-0.313,-0.8015,0,0,0
-0.2368,0.3245,0.9438,-1.687,-0.2595,-0.5878,0,0,0
-0.2375,0.3303,0.9473,-1.9771,-0.4046,-0.6031,0,0,0
-0.2344,0.3274,0.9446,-1.687,-0.374,-0.6336,0,0,0
-0.2346,0.3257,0.9473,-2.0076,-0.3359,-0.7481,0,0,0
-0.2354,0.3247,0.9446,-1.8626,-0.6336,-0.7481,0,0,0
-0.2334,0.3262,0.949,-1.8168,-0.542,-0.6031,0,0,0
-0.2327,0.3232,0.9443,-1.7863,-0.4733,-0.5954,0,0,0
-0.2319,0.3225,0.947,-1.5878,-0.4733,-0.5573,0,0,0
-0.2354,0.3291,0.9434,-1.6947,-0.4427,-0.5038,0,0,0
-0.2383,0.322,0.9504,-1.6412,-0.3435,-0.4198,0,0,0
-0.2366,0.3293,0.9495,-1.771,-0.4427,-0.458,0,0,0
-0.2363,0.3245,0.9409,-1.7328,-0.542,-0.7557,0,0,0
-0.2322,0.3232,0.9409,-1.5954,-0.7786,-0.5496,0,0,0
-0.2319,0.324,0.9465,-1.7099,-0.4809,-0.6641,0,0,0
-0.2349,0.3291,0.9441,-1.9847,-0.6718,-0.4275,0,0,0
-0.2319,0.3228,0.9456,-1.8092,-0.5115,-0.5344,0,0,0
-0.2371,0.3213,0.9497,-1.9924,-0.5496,-0.7863,0,0,0
-0.2368,0.3242,0.9492,-1.7557,-0.3664,-0.8244,0,0,0
-0.2317,0.3252,0.9421,-1.5267,-0.7786,-0.7405,0,0,0
-0.2329,0.3318,0.9512,-1.855,-0.6412,-0.4504,0,0,0
-0.2361,0.3252,0.947,-1.9008,-0.7023,-0.3893,0,0,0
-0.2346,0.325,0.949,-1.6489,-0.3435,-0.6718,0,0,0
-0.2366,0.3274,0.9399,-1.7023,-0.2519,-0.5344,0,0,0
-0.238,0.322,0.9424,-1.7252,-0.3359,-0.5878,0,0,0
-0.2361,0.322,0.9438,-1.9618,-0.6718,-0.5573,0,0,0
-0.2375,0.325,0.9451,-1.8931,-0.5649,-0.7481,0,0,0
-0.2336,0.3279,0.9456,-1.8168,-0.4351,-0.5573,0,0,0
-0.2317,0.3259,0.9502,-1.7863,-0.4351,-0.3435,0,0,0
-0.2322,0.3228,0.9514,-1.6107,-0.4809,-0.3817,0,0,0
-0.2344,0.3259,0.9443,-1.5649,-0.2214,-0.6107,0,0,0
-0.2375,0.323,0.9453,-1.626,-0.2901,-0.687,0,0,0
-0.2361,0.3284,0.9451,-1.8321,-0.5496,-0.9313,0,0,0
-0.2319,0.3264,0.9468,-1.7176,-0.8473,-0.4122,0,0,0
-0.2368,0.3298,0.9475,-2.0076,-0.6336,-0.4275,0,0,0
-0.2346,0.3188,0.9495,-1.8244,-0.5878,-0.7939,0,0,0
-0.2339,0.3235,0.9465,-1.6641,-0.4046,-0.6336,0,0,0
-0.2361,0.3242,0.949,-1.6641,-0.2214,-0.6641,0,0,0
-0.2317,0.3223,0.9517,-1.6031,-0.3588,-0.6412,0,0,0
-0.2354,0.3262,0.9426,-1.8168,-0.4504,-0.5802,0,0,0
-0.2368,0.3254,0.9524,-1.9618,-0.5878,-0.8015,0,0,0
-0.2339,0.3247,0.9434,-1.9542,-0.8092,-0.5878,0,0,0
-0.2341,0.3232,0.9487,-1.7481,-0.4427,-0.6031,0,0,0
-0.2349,0.325,0.95,-2.0534,-0.5038,-0.542,0,0,0
-0.2339,0.3242,0.9458,-1.4351,-0.4962,-0.4809,0,0,0
-0.2346,0.3269,0.9426,-1.7252,-0.5496,-0.6947,0,0,0
-0.2388,0.3213,0.9375,-1.8168,-0.4427,-0.5725,0,0,0
-0.2354,0.3254,0.9531,-2.0076,-0.6336,-0.7557,0,0,0
-0.2375,0.325,0.9453,-1.7252,-0.5115,-0.687,0,0,0
-0.2322,0.3215,0.9431,-1.7634,-0.3969,-0.7328,0,0,0
-0.2378,0.3262,0.948,-1.8015,-0.3893,-0.5725,0,0,0
-0.2351,0.3237,0.9514,-1.8397,-0.4809,-0.6183,0,0,0
-0.2341,0.324,0.9495,-1.7557,-0.6183,-0.6107,0,0,0
-0.2341,0.3235,0.9436,-1.6718,-0.6031,-0.7023,0,0,0
-0.2375,0.3298,0.9497,-1.7328,-0.4962,-0.8626,0,0,0
-0.2344,0.3203,0.9463,-1.8092,-0.5115,-0.7176,0,0,0
-0.2388,0.3237,0.9434,-1.771,-0.0763,-0.5115,0,0,0
-0.2349,0.325,0.9504,-1.6641,-0.5954,-0.6947,0,0,0
-0.2354,0.3269,0.9468,-1.5573,-0.5878,-0.8168,0,0,0
-0.2358,0.3262,0.9446,-1.8397,-0.5725,-0.6794,0,0,0
-0.2366,0.3225,0.95,-1.8779,-0.5267,-0.5038,0,0,0
-0.2368,0.3237,0.9495,-1.8321,-0.5191,-0.5573,0,0,0
-0.2388,0.3232,0.9487,-1.7252,-0.687,-0.458,0,0,0
-0.2354,0.3259,0.9453,-1.5344,-0.4656,-0.4275,0,0,0
-0.238,0.3289,0.9446,-1.7252,-0.3359,-0.5725,0,0,0
-0.2322,0.3237,0.9475,-1.9771,-0.4733,-0.5573,0,0,0
-0.2334,0.322,0.9517,-1.6718,-0.542,-0.6641,0,0,0
-0.2351,0.325,0.9417,-1.4351,-0.3969,-0.5038,0,0,0
-0.2371,0.323,0.9412,-1.6031,-0.1298,-0.4198,0,0,0
-0.2368,0.3208,0.9443,-1.4733,-0.4275,-0.6107,0,0,0
-0.2346,0.3245,0.9404,-2.0229,-0.8397,-0.6565,0,0,0
-0.2351,0.3257,0.9473,-1.8092,-0.4656,-0.4504,0,0,0
-0.2334,0.3254,0.9443,-1.6641,-0.4962,-0.7557,0,0,0
-0.2388,0.3245,0.9468,-1.8779,-0.4504,-0.3817,0,0,0
-0.2361,0.3262,0.9446,-1.9084,-0.313,-0.7481,0,0,0
-0.2344,0.3213,0.9526,-1.6183,-0.3511,-0.374,0,0,0
-0.2349,0.3235,0.9446,-1.7328,-0.2519,-0.6412,0,0,0
-0.238,0.3245,0.9419,-1.7939,-0.5115,-0.7557,0,0,0
-0.2332,0.3271,0.9514,-1.855,-0.5878,-0.5802,0,0,0
-0.2332,0.3267,0.9482,-1.8702,-0.626,-0.7405,0,0,0
-0.2336,0.3235,0.9453,-1.9313,-0.4656,-0.6031,0,0,0
-0.2336,0.3232,0.946,-1.9695,-0.4656,-0.5802,0,0,0
-0.2283,0.3245,0.9553,-1.7252,-0.0763,-0.542,0,0,0
-0.2368,0.3301,0.9404,-1.5191,-0.2061,-0.6107,0,0,0
-0.2383,0.3267,0.9421,-1.7863,-0.2672,-0.7557,0,0,0
-0.2363,0.3276,0.9448,-1.9237,-0.4885,-0.3206,0,0,0
-0.2363,0.3235,0.9429,-1.9542,-0.5267,-0.6031,0,0,0
-0.2354,0.3259,0.9495,-1.8855,-0.4351,-0.7634,0,0,0
-0.2375,0.3274,0.9451,-1.8931,-0.3588,-0.6412,0,0,0
-0.2329,0.3242,0.9429,-1.8931,-0.4275,-0.4046,0,0,0
-0.2324,0.3306,0.9431,-1.6565,-0.374,-0.6718,0,0,0
-0.2341,0.3198,0.9482,-1.9466,-0.4885,-0.3282,0,0,0
-0.2373,0.3235,0.9453,-1.771,-0.2824,-0.7786,0,0,0
-0.2319,0.3254,0.9534,-1.8931,-0.2443,-0.6794,0,0,0
-0.2317,0.3279,0.9451,-1.7863,-0.5038,-0.4275,0,0,0
-0.2368,0.3215,0.9531,-1.5649,-0.458,-0.6183,0,0,0
-0.2307,0.3235,0.9441,-1.7557,-0.4733,-0.8397,0,0,0
-0.2383,0.3237,0.9492,-1.8702,-0.542,-0.7099,0,0,0
-0.2317,0.3254,0.9465,-1.916,-0.6794,-0.8321,0,0,0
-0.2336,0.3252,0.949,-1.6794,-0.5191,-0.6489,0,0,0
-0.2354,0.3228,0.9485,-1.7939,-0.3588,-0.6336,0,0,0
-0.2393,0.3254,0.9453,-1.8015,-0.3435,-0.6489,0,0,0
-0.2344,0.3245,0.9385,-1.7099,0.0458,-0.5344,0,0,0
-0.2366,0.3276,0.9475,-1.5878,-0.4885,-0.5573,0,0,0
-0.2336,0.3232,0.9458,-1.8626,-0.3588,-0.6183,0,0,0
-0.2344,0.3262,0.9468,-1.7786,-0.2748,-0.6794,0,0,0
-0.2368,0.3267,0.9434,-1.8702,-0.4885,-0.4885,0,0,0
-0.2349,0.3269,0.9468,-1.771,-0.4809,-0.5802,0,0,0
-0.2305,0.3228,0.9414,-1.9771,-0.4656,-0.6183,0,0,0
-0.2341,0.322,0.9446,-1.3969,-0.4733,-0.5496,0,0,0
-0.2334,0.3235,0.9404,-1.7481,-0.1527,-0.7023,0,0,0
-0.2368,0.3237,0.948,-1.7099,-0.4885,-0.7252,0,0,0
-0.2375,0.3245,0.9485,-1.542,-0.6489,-0.4656,0,0,0
-0.2339,0.3232,0.9421,-1.7634,-0.6336,-0.5267,0,0,0
-0.2371,0.3232,0.9451,-1.8779,-0.7023,-0.6336,0,0,0
-0.2368,0.3247,0.9441,-1.8702,-0.5115,-0.5267,0,0,0
-0.2283,0.3301,0.9526,-2.0916,-0.4885,-0.6947,0,0,0
-0.2288,0.3252,0.9507,-1.7328,-0.2748,-0.626,0,0,0
-0.2363,0.3254,0.9473,-1.7252,-0.3588,-0.8244,0,0,0
-0.2327,0.3276,0.949,-1.5954,-0.2748,-0.6107,0,0,0
-0.231,0.3262,0.9478,-1.5344,-0.3893,-0.7252,0,0,0
-0.2341,0.3269,0.9409,-1.7252,-0.2366,-0.7557,0,0,0
-0.2351,0.3259,0.9495,-1.7557,-0.4122,-0.4275,0,0,0
-0.2341,0.3259,0.946,-1.5191,-0.5954,-0.7939,0,0,0
-0.2319,0.3262,0.9465,-1.7023,-0.4427,-0.458,0,0,0
-0.2358,0.3225,0.9475,-1.7634,-0.2519,-0.6718,0,0,0
-0.2378,0.3264,0.947,-1.5725,-0.6031,-0.5344,0,0,0
-0.2327,0.3247,0.9468,-1.7099,-0.5878,-0.4962,0,0,0
-0.2354,0.3262,0.9434,-1.8473,-0.4809,-0.4198,0,0,0
-0.2366,0.3262,0.9451,-1.6107,-0.4504,-0.6794,0,0,0
-0.239,0.3276,0.9463,-1.916,-0.4656,-0.5267,0,0,0
-0.2322,0.3306,0.949,-1.771,-0.6641,-0.4885,0,0,0
-0.2334,0.322,0.9426,-1.8092,-0.7405,-0.3282,0,0,0
-0.2383,0.3181,0.9517,-1.5802,-0.5802,-0.687,0,0,0
-0.2439,0.3174,0.9431,-1.9847,-0.8168,-0.8855,0,0,0
-0.2388,0.3242,0.9487,-2.084,-0.6107,-0.7328,0,0,0
-0.2375,0.3267,0.9421,-1.7939,-0.6183,-0.5649,0,0,0
-0.2351,0.3279,0.9482,-1.6031,-0.458,-0.4198,0,0,0
-0.2324,0.3259,0.9451,-1.7786,-0.4656,-0.7023,0,0,0
-0.2356,0.3245,0.9434,-1.5267,-0.4656,-0.6336,0,0,0
-0.2341,0.3301,0.9431,-1.855,-0.5878,-0.5191,0,0,0
-0.231,0.3242,0.9443,-1.9084,-0.458,-0.6031,0,0,0
-0.241,0.3237,0.9521,-1.8626,-0.3359,-0.6947,0,0,0
-0.2341,0.3259,0.9475,-1.8168,-0.4504,-0.6107,0,0,0
-0.2344,0.3267,0.9504,-1.6794,-0.5191,-0.6031,0,0,0
-0.2378,0.3259,0.9441,-1.7023,-0.2137,-0.9084,0,0,0
-0.2378,0.3254,0.9453,-1.6336,-0.4122,-0.5267,0,0,0
-0.2402,0.325,0.9431,-1.5573,-0.313,-0.626,0,0,0
-0.2373,0.3242,0.9458,-1.9771,-0.5802,-0.4504,0,0,0
-0.2349,0.3242,0.9407,-1.916,-0.6183,-0.6489,0,0,0
-0.2344,0.3271,0.9495,-1.6412,-0.2901,-0.5649,0,0,0
-0.2351,0.322,0.9465,-1.7328,-0.5878,-0.5878,0,0,0
-0.2336,0.3257,0.9524,-1.7099,-0.458,-0.7634,0,0,0
-0.2356,0.3293,0.9409,-1.6565,-0.4962,-0.5115,0,0,0
-0.2385,0.3225,0.9441,-1.6336,-0.7099,-0.5267,0,0,0
-0.2358,0.3237,0.9468,-1.5878,-0.5573,-0.4733,0,0,0
-0.2341,0.3313,0.9426,-1.8168,-0.4656,-0.5954,0,0,0
-0.24,0.3279,0.9473,-1.9389,-0.3282,-0.5496,0,0,0
-0.2324,0.3303,0.9463,-1.7405,-0.4733,-0.7099,0,0,0
-0.2322,0.3237,0.9463,-1.6947,-0.4427,-0.542,0,0,0
-0.2358,0.3279,0.9448,-1.6183,-0.5573,-0.7252,0,0,0
-0.2339,0.3264,0.9399,-1.6641,-0.5038,-0.4504,0,0,0
-0.2312,0.3259,0.9482,-2.0458,-0.8092,-0.4885,0,0,0
-0.2329,0.3279,0.9507,-1.9466,-0.3282,-0.687,0,0,0
-0.2336,0.3274,0.948,-1.9389,-0.3664,-0.6489,0,0,0
-0.2361,0.3208,0.9534,-1.7328,-0.4733,-0.4656,0,0,0
-0.2356,0.3269,0.9421,-1.8015,-0.3893,-0.7557,0,0,0
-0.2385,0.3271,0.9453,-1.7176,-0.3282,-0.626,0,0,0
-0.2385,0.3293,0.9404,-1.9008,-0.4809,-0.5649,0,0,0
-0.2361,0.3274,0.9512,-1.8702,-0.5802,-0.8244,0,0,0
-0.2354,0.3235,0.9534,-1.6947,-0.3969,-0.6489,0,0,0
-0.2327,0.324,0.9448,-1.7099,-0.3588,-0.374,0,0,0
-0.2351,0.3267,0.9443,-1.7939,-0.5267,-0.5725,0,0,0
-0.2329,0.3264,0.9397,-1.9008,-0.5191,-0.9084,0,0,0
-0.2363,0.3274,0.9458,-1.5649,-0.4351,-0.8092,0,0,0
-0.2385,0.3242,0.9434,-1.6107,-0.4656,-0.4962,0,0,0
-0.2317,0.3215,0.9478,-1.7481,-0.5573,-0.4962,0,0,0
-0.2324,0.3296,0.947,-1.8321,-0.7557,-0.4275,0,0,0
-0.2341,0.3284,0.9446,-1.7634,-0.3969,-0.687,0,0,0
-0.2349,0.3237,0.9429,-1.8168,-0.5802,-0.626,0,0,0
-0.2346,0.3262,0.9441,-1.7176,-0.4885,-0.6794,0,0,0
-0.2371,0.3274,0.9414,-1.8244,-0.5802,-0.3664,0,0,0
-0.2351,0.3281,0.9399,-1.6565,-0.5573,-0.4351,0,0,0
-0.2361,0.3201,0.9419,-1.7176,-0.5496,-0.6183,0,0,0
-0.2368,0.3274,0.9419,-1.7557,-0.6412,-0.6489,0,0,0
-0.2356,0.3301,0.9524,-1.9084,-0.2748,-0.5115,0,0,0
-0.2329,0.324,0.9473,-1.9466,-0.6718,-0.4656,0,0,0
-0.2314,0.3206,0.9519,-1.6183,-0.9084,-0.7328,0,0,0
-0.2344,0.3267,0.9463,-1.7023,-0.4733,-0.5649,0,0,0
-0.2319,0.3279,0.9468,-1.4885,-0.3511,-0.8397,0,0,0
-0.2361,0.3311,0.9468,-1.8931,-0.4122,-0.855,0,0,0
-0.2368,0.3269,0.9399,-1.8015,-0.3359,-0.6794,0,0,0
-0.2395,0.3245,0.9438,-1.9618,-0.542,-0.771,0,0,0
-0.2361,0.3254,0.949,-1.8931,-0.771,-0.3511,0,0,0
-0.2354,0.322,0.9487,-1.8092,-0.7481,-0.6412,0,0,0
-0.2346,0.3252,0.947,-1.771,-0.7328,-0.5802,0,0,0
-0.2354,0.3203,0.9485,-1.9389,-0.6107,-0.6794,0,0,0
-0.2341,0.3254,0.9492,-1.687,-0.5878,-0.7634,0,0,0
-0.2322,0.3232,0.9404,-1.5496,-0.3664,-0.5802,0,0,0
-0.2339,0.3279,0.9429,-1.7099,-0.5344,-0.8015,0,0,0
-0.2327,0.3286,0.9478,-1.8779,-0.4809,-0.5191,0,0,0
-0.2412,0.3284,0.9485,-1.7328,-0.3664,-0.6489,0,0,0
-0.2363,0.3267,0.9463,-1.8092,-0.5802,-0.8779,0,0,0
-0.2349,0.3237,0.9458,-1.7557,-0.5267,-0.8626,0,0,0
-0.2349,0.3267,0.9539,-1.8855,-0.4122,-0.6947,0,0,0
-0.2351,0.3284,0.9458,-1.6183,-0.4427,-0.6031,0,0,0
-0.2297,0.3274,0.9465,-1.8779,-0.3817,-0.5267,0,0,0
-0.2346,0.3245,0.9497,-1.8092,-0.4351,-0.6641,0,0,0
-0.2407,0.3333,0.949,-2.0763,-0.6183,-0.6412,0,0,0
-0.2332,0.3262,0.9424,-1.8473,-0.7939,-0.4809,0,0,0
-0.2383,0.3257,0.9417,-1.8092,-0.4427,-0.6336,0,0,0
-0.2349,0.3269,0.947,-2.0763,-0.5038,-0.855,0,0,0
-0.2332,0.3254,0.9507,-1.7099,-0.5802,-0.6947,0,0,0
-0.2351,0.3269,0.9495,-1.8092,-0.5038,-0.3053,0,0,0
-0.239,0.3281,0.9473,-1.7405,-0.5496,-0.6489,0,0,0
-0.2358,0.3254,0.9443,-1.8015,-0.2443,-0.4656,0,0,0
-0.2332,0.3259,0.9475,-1.8855,-0.5725,-0.626,0,0,0
-0.2361,0.3232,0.949,-1.8779,-0.4427,-0.6718,0,0,0
-0.2371,0.3269,0.9424,-1.7481,-0.3206,-0.5267,0,0,0
-0.2361,0.3254,0.946,-1.855,-0.3817,-0.458,0,0,0
-0.2351,0.3318,0.9507,-1.7939,-0.6489,-0.5878,0,0,0
-0.2375,0.3286,0.949,-1.5725,-0.542,-0.687,0,0,0
-0.2332,0.3264,0.9426,-1.5802,-0.5954,-0.3664,0,0,0
-0.2336,0.3279,0.9502,-1.9771,-0.5573,-0.7099,0,0,0
-0.2341,0.3218,0.9529,-1.7786,-0.3817,-0.6183,0,0,0
-0.2361,0.325,0.9482,-1.9924,-0.6107,-0.8092,0,0,0
-0.2341,0.3291,0.9397,-1.9237,-0.374,-0.6031,0,0,0
-0.2341,0.3259,0.9429,-1.7328,-0.5573,-0.5954,0,0,0
-0.2354,0.3293,0.947,-2.0687,-0.3893,-0.6031,0,0,0
-0.2324,0.3254,0.9485,-1.9008,-0.4962,-0.7023,0,0,0
-0.2358,0.3259,0.947,-1.687,-0.6641,-0.8092,0,0,0
-0.2285,0.325,0.9392,-1.8931,-0.6947,-0.3969,0,0,0
-0.2383,0.3279,0.948,-1.7405,-0.2824,-0.7634,0,0,0
-0.2349,0.3303,0.9426,-1.8626,-0.4122,-0.5344,0,0,0
-0.2363,0.3257,0.9468,-1.8168,-0.4351,-0.6794,0,0,0
-0.2332,0.3271,0.9451,-1.9313,-0.2595,-0.5649,0,0,0
-0.2358,0.3257,0.9429,-1.8931,-0.4809,-0.5038,0,0,0
-0.2378,0.3225,0.9441,-1.7863,-0.3588,-0.4733,0,0,0
-0.2346,0.3237,0.9448,-2.0382,-0.5267,-0.7023,0,0,0
-0.2368,0.3271,0.9468,-2.0687,-0.4885,-0.7099,0,0,0
-0.2332,0.3289,0.9482,-1.8397,-0.313,-0.6489,0,0,0
-0.2297,0.3367,0.9458,-1.8244,-0.2977,-0.5344,0,0,0
-0.2358,0.3208,0.9431,-1.6794,-0.3817,-0.7939,0,0,0
-0.2332,0.3215,0.9507,-1.5573,-0.4351,-0.6031,0,0,0
-0.2366,0.3245,0.9434,-1.542,-0.3817,-0.6718,0,0,0
-0.2373,0.323,0.9436,-1.9008,-0.3206,-0.5038,0,0,0
-0.2385,0.3252,0.9443,-1.7405,-0.3511,-0.5573,0,0,0
-0.2351,0.3254,0.947,-1.771,-0.458,-0.6183,0,0,0
-0.2366,0.3301,0.9448,-2.1832,-0.5725,-0.6031,0,0,0
-0.2351,0.3191,0.9473,-1.9618,-0.6336,-0.3969,0,0,0
-0.2317,0.3198,0.9441,-1.8397,-0.4122,-0.542,0,0,0
-0.2366,0.3259,0.9431,-1.4504,-0.5191,-0.6031,0,0,0
-0.2363,0.3303,0.947,-1.6031,-0.4733,-0.4351,0,0,0
-0.2456,0.325,0.938,-1.771,-0.5954,-0.4885,0,0,0
-0.23,0.3289,0.9514,-1.9389,-0.6489,-0.4809,0,0,0
-0.2346,0.3264,0.9456,-1.7252,-0.4885,-0.5038,0,0,0
-0.2371,0.325,0.9453,-1.8244,-0.5954,-0.5878,0,0,0
-0.2378,0.332,0.9419,-1.7939,-0.3053,-0.5038,0,0,0
-0.2339,0.323,0.9414,-1.9771,-0.5496,-0.6412,0,0,0
-0.2349,0.3208,0.9468,-1.7099,-0.5649,-0.6794,0,0,0
-0.2339,0.3247,0.9465,-1.458,-0.2061,-0.8702,0,0,0
-0.2378,0.3262,0.9402,-1.4733,-0.542,-0.5878,0,0,0
-0.2378,0.3308,0.9473,-2.0229,-0.6718,-0.7328,0,0,0
-0.2285,0.3264,0.9431,-2.1832,-0.5573,-0.687,0,0,0
-0.2412,0.3179,0.9436,-2.145,-0.7176,-0.7786,0,0,0
-0.229,0.334,0.9543,-1.5649,-0.3359,-0.6031,0,0,0
-0.2324,0.3245,0.9441,-1.8397,-0.5191,-0.5344,0,0,0
-0.2351,0.3262,0.9504,-1.855,-0.5038,-0.687,0,0,0
-0.2319,0.3203,0.9526,-1.4656,-0.3893,-0.374,0,0,0
-0.2363,0.3279,0.9458,-1.6565,-0.6107,-0.5267,0,0,0
-0.2383,0.3281,0.9414,-2.1908,-0.7176,-0.5725,0,0,0
-0.2358,0.3223,0.9475,-2.0153,-0.6947,-0.458,0,0,0
-0.2327,0.3267,0.9448,-1.916,-0.4962,-0.687,0,0,0
-0.2349,0.3237,0.948,-1.7099,-0.1069,-0.542,0,0,0
-0.2351,0.3264,0.9431,-1.4809,-0.2977,-0.5878,0,0,0
-0.2412,0.3201,0.9399,-1.5878,-0.3588,-0.7328,0,0,0
-0.2349,0.3269,0.9465,-1.8702,-0.4504,-0.626,0,0,0
-0.2305,0.3232,0.9468,-1.687,-0.6183,-0.6489,0,0,0
-0.2383,0.3203,0.9436,-1.8931,-0.5802,-0.4198,0,0,0
-0.2312,0.3269,0.9473,-1.7863,-0.2519,-0.5038,0,0,0
-0.2356,0.3225,0.9448,-1.7557,-0.4733,-0.6336,0,0,0
-0.2371,0.3208,0.9482,-1.7634,-0.4046,-0.3588,0,0,0
-0.2358,0.3237,0.9424,-1.374,-0.4046,-0.4656,0,0,0
-0.238,0.3264,0.9438,-1.6183,-0.3359,-0.7786,0,0,0
-0.2344,0.3257,0.9507,-1.6794,-0.5496,-0.4351,0,0,0
-0.2363,0.3242,0.9509,-1.9542,-0.4809,-0.626,0,0,0
-0.2341,0.3245,0.9468,-1.8092,-0.4962,-0.6183,0,0,0
-0.2339,0.3267,0.9458,-1.4122,-0.4275,-0.6489,0,0,0
-0.2368,0.3247,0.9456,-1.4656,-0.2977,-0.8321,0,0,0
-0.2366,0.3225,0.9448,-1.7863,-0.3511,-0.3817,0,0,0
-0.2415,0.323,0.9492,-1.9008,-0.3359,-0.6183,0,0,0
-0.2305,0.3245,0.9417,-1.8626,-0.374,-0.7634,0,0,0
-0.2349,0.3269,0.9502,-1.6641,-0.4656,-0.5344,0,0,0
-0.2375,0.324,0.9519,-1.5115,-0.6183,-0.3969,0,0,0
-0.2305,0.3279,0.9485,-1.6565,-0.5573,-0.4733,0,0,0
-0.2351,0.3296,0.9399,-1.7557,-0.3511,-0.5802,0,0,0
-0.2341,0.3269,0.9451,-2.0687,-0.5725,-0.5802,0,0,0
-0.2334,0.3267,0.9519,-1.8626,-0.5038,-0.5649,0,0,0
-0.2297,0.3196,0.948,-1.5954,-0.4656,-0.5191,0,0,0
-0.2329,0.3242,0.9431,-1.5344,-0.542,-0.7023,0,0,0
-0.2324,0.3274,0.9421,-1.5191,-0.5725,-0.5878,0,0,0
-0.2378,0.3269,0.9417,-1.9924,-0.4046,-0.6183,0,0,0
-0.2332,0.3259,0.9492,-1.8321,-0.4351,-0.3664,0,0,0
-0.2378,0.3257,0.9441,-1.8397,-0.6183,-0.3664,0,0,0
-0.2317,0.324,0.9451,-1.313,-0.4656,-0.5344,0,0,0
-0.2356,0.3276,0.9426,-1.3893,-0.1374,-0.313,0,0,0
-0.2324,0.333,0.9429,-1.8473,-0.7634,-0.771,0,0,0
-0.2329,0.3198,0.9504,-1.9771,-0.3359,-0.5878,0,0,0
-0.2395,0.3198,0.9502,-1.6947,-0.3664,-0.5038,0,0,0
-0.2378,0.3281,0.9417,-1.8626,-0.4046,-0.7557,0,0,0
-0.2363,0.3274,0.9434,-1.9084,-0.5878,-0.542,0,0,0
-0.2354,0.3291,0.9485,-2.1221,-0.6565,-0.5802,0,0,0
-0.2341,0.3225,0.9478,-1.8397,-0.5802,-0.374,0,0,0
-0.231,0.324,0.9517,-1.4656,-0.458,-0.6947,0,0,0
-0.2339,0.3279,0.9453,-1.855,-0.5267,-0.5496,0,0,0
-0.2322,0.3281,0.9443,-1.9008,-0.5267,-0.4809,0,0,0
-0.2327,0.3281,0.9502,-1.7099,-0.3511,-0.7176,0,0,0
-0.2349,0.3245,0.9453,-1.9389,-0.3206,-0.5954,0,0,0
-0.2332,0.3264,0.9426,-1.7176,-0.3435,-0.5115,0,0,0
-0.2327,0.3237,0.9448,-1.9008,-0.771,-0.4962,0,0,0
-0.2346,0.3276,0.9446,-1.5191,-0.4427,-0.4656,0,0,0
-0.2354,0.3254,0.9478,-1.8015,-0.542,-0.6718,0,0,0
-0.2302,0.3276,0.9512,-2.1145,-0.5191,-0.6641,0,0,0
-0.2368,0.3254,0.9463,-1.6641,-0.4733,-0.6565,0,0,0
-0.2375,0.3259,0.9465,-1.7481,-0.4656,-0.626,0,0,0
-0.2346,0.3276,0.9412,-1.8244,-0.6107,-0.7023,0,0,0
-0.2346,0.3225,0.946,-1.7252,-0.4733,-0.5038,0,0,0
-0.2349,0.3269,0.9448,-1.7176,-0.4275,-0.4351,0,0,0
-0.2317,0.3264,0.9495,-1.7786,-0.6107,-0.4198,0,0,0
-0.2349,0.3257,0.9429,-1.7786,-0.4427,-0.3969,0,0,0
-0.2327,0.3235,0.9504,-1.8702,-0.3817,-0.6412,0,0,0
-0.2327,0.3262,0.9448,-1.8168,-0.2137,-0.6489,0,0,0
-0.2346,0.3259,0.9468,-1.7481,-0.3206,-0.5496,0,0,0
-0.2334,0.3264,0.9407,-1.7252,-0.2672,-0.4809,0,0,0
-0.2346,0.3279,0.9451,-1.9084,-0.4733,-0.626,0,0,0
-0.2361,0.3252,0.9468,-1.6489,-0.3511,-0.6336,0,0,0
-0.2356,0.3254,0.947,-1.7405,-0.2214,-0.6107,0,0,0
-0.239,0.3274,0.9473,-1.6718,-0.4427,-0.687,0,0,0
-0.2349,0.3235,0.9453,-1.7176,-0.3053,-0.6489,0,0,0
-0.2324,0.3232,0.946,-1.7863,-0.5267,-0.6489,0,0,0
-0.2361,0.3193,0.9473,-1.4733,-0.3969,-0.4351,0,0,0
-0.2332,0.3274,0.9458,-1.771,-0.5649,-0.5954,0,0,0
-0.2351,0.3289,0.948,-1.8855,-0.5267,-0.5954,0,0,0
-0.2361,0.3242,0.946,-2.0611,-0.5725,-0.542,0,0,0
-0.2368,0.3232,0.9514,-1.6412,-0.4885,-0.5954,0,0,0
-0.2319,0.3291,0.939,-1.9084,-0.4427,-0.5649,0,0,0
-0.2349,0.3247,0.9531,-1.7939,-0.5954,-0.4656,0,0,0
-0.238,0.323,0.9424,-1.687,-0.5267,-0.6794,0,0,0
-0.2371,0.3254,0.9434,-1.8931,-0.5267,-0.6489,0,0,0
-0.2371,0.3271,0.9502,-2.0992,-0.6641,-0.6107,0,0,0
-0.2324,0.3237,0.9412,-2.1221,-0.7252,-0.5267,0,0,0
-0.2312,0.3235,0.9504,-1.8931,-0.6641,-0.7099,0,0,0
-0.2334,0.3247,0.9456,-1.8626,-0.6565,-0.4427,0,0,0
-0.2297,0.3252,0.9468,-1.4656,-0.3435,-0.5573,0,0,0
-0.2358,0.3262,0.9417,-1.6641,-0.458,-0.5954,0,0,0
-0.2336,0.3254,0.938,-1.8931,-0.3969,-0.7099,0,0,0
-0.2356,0.3223,0.9438,-1.771,-0.5496,-0.6183,0,0,0
-0.2336,0.3276,0.9468,-1.7405,-0.5573,-0.6565,0,0,0
-0.2395,0.3259,0.9451,-1.542,-0.313,-0.6641,0,0,0
-0.2356,0.3259,0.9443,-1.8779,-0.3282,-0.5649,0,0,0
-0.2319,0.3235,0.9407,-1.626,-0.5649,-0.7634,0,0,0
-0.2363,0.324,0.946,-1.9924,-0.5344,-0.5038,0,0,0
-0.239,0.323,0.9465,-1.7863,-0.5725,-0.6107,0,0,0
-0.2385,0.3232,0.9482,-1.5573,-0.4046,-0.5038,0,0,0
-0.2363,0.3247,0.9431,-1.7786,-0.458,-0.542,0,0,0
-0.2317,0.322,0.9487,-1.542,-0.5802,-0.7557,0,0,0
-0.2322,0.323,0.9495,-1.9237,-0.4351,-0.9084,0,0,0
-0.2383,0.324,0.9463,-1.7634,-0.6183,-0.5496,0,0,0
-0.2312,0.3242,0.9404,-1.6565,-0.4046,-0.4733,0,0,0
-0.2351,0.3252,0.948,-1.6565,-0.4656,-0.5038,0,0,0
-0.2334,0.3274,0.9441,-1.7176,-0.3664,-0.5344,0,0,0
-0.2393,0.3298,0.9441,-1.9847,-0.6183,-0.5191,0,0,0
-0.2368,0.3242,0.9395,-1.8321,-0.6565,-0.5344,0,0,0
-0.2324,0.321,0.9492,-1.7176,-0.5725,-0.5115,0,0,0
-0.2351,0.3303,0.9487,-1.7405,-0.3206,-0.626,0,0,0
-0.2397,0.3279,0.9382,-1.8397,-0.313,-0.4122,0,0,0
-0.2358,0.3293,0.9395,-1.8702,-0.3893,-0.5725,0,0,0
-0.2324,0.323,0.946,-1.8855,-0.3206,-0.4962,0,0,0
-0.2317,0.3264,0.9419,-1.7939,-0.5344,-0.5954,0,0,0
-0.2346,0.3276,0.9456,-1.8015,-0.5267,-0.4427,0,0,0
-0.2327,0.3252,0.947,-1.8168,-0.626,-0.6107,0,0,0
-0.2329,0.3201,0.9446,-2.084,-0.3664,-0.5954,0,0,0
-0.2346,0.3245,0.9397,-1.6718,-0.4275,-0.6183,0,0,0
-0.2332,0.3271,0.9534,-1.7023,-0.3588,-0.6183,0,0,0
-0.2368,0.3264,0.9465,-1.7252,-0.374,-0.687,0,0,0
-0.2346,0.3262,0.9485,-1.6565,-0.4198,-0.6641,0,0,0
-0.2351,0.3242,0.9438,-1.9008,-0.4275,-0.4504,0,0,0
-0.2375,0.3223,0.936,-1.7023,-0.313,-0.6718,0,0,0
-0.2319,0.3247,0.9521,-1.7786,-0.2595,-0.6489,0,0,0
-0.2346,0.3281,0.9543,-1.7786,-0.3664,-0.6107,0,0,0
-0.2324,0.324,0.9451,-1.4809,-0.5649,-0.5725,0,0,0
-0.2322,0.3301,0.9417,-1.5115,-0.2672,-0.542,0,0,0
-0.2336,0.3198,0.9475,-1.6794,-0.6031,-0.5573,0,0,0
-0.2341,0.3269,0.9465,-1.5191,-0.1908,-0.3206,0,0,0
-0.2327,0.3223,0.948,-1.8779,-0.2214,-0.687,0,0,0
-0.2319,0.3284,0.9443,-1.6794,-0.4198,-0.5496,0,0,0
-0.238,0.3208,0.9429,-1.771,-0.7481,-0.5496,0,0,0
-0.2314,0.324,0.9417,-1.8092,-0.3206,-0.3282,0,0,0
-0.2363,0.3242,0.9512,-1.8626,-0.4885,-0.6183,0,0,0
-0.2314,0.3269,0.9473,-1.5802,-0.3282,-0.7099,0,0,0
-0.2356,0.3252,0.9473,-1.6947,-0.5878,-0.6947,0,0,0
-0.2354,0.3303,0.9451,-1.9389,-0.4275,-0.7481,0,0,0
-0.2339,0.3228,0.947,-1.855,-0.4504,-0.5878,0,0,0
-0.2334,0.3259,0.9463,-1.5573,-0.4122,-0.5802,0,0,0
-0.2339,0.3269,0.9443,-1.6794,-0.6107,-0.5954,0,0,0
-0.2295,0.3315,0.947,-1.6107,-0.3053,-0.3588,0,0,0
-0.2366,0.3306,0.9519,-1.8473,-0.458,-0.5267,0,0,0
-0.2336,0.3281,0.9424,-1.9008,-0.5115,-0.6412,0,0,0
-0.2349,0.3276,0.9485,-1.7252,-0.4427,-0.7557,0,0,0
-0.2349,0.3232,0.9468,-1.6489,-0.4427,-0.6336,0,0,0
-0.2322,0.325,0.9414,-1.7252,-0.4427,-0.5649,0,0,0
-0.2361,0.3286,0.946,-2.1069,-0.4122,-0.5802,0,0,0
-0.2363,0.3262,0.9497,-1.9771,-0.626,-0.6641,0,0,0
-0.2349,0.3269,0.9473,-1.8702,-0.5573,-0.6107,0,0,0
-0.2334,0.3281,0.9395,-1.6031,-0.2443,-0.7405,0,0,0
-0.2322,0.3269,0.9463,-1.7176,-0.6794,-0.6107,0,0,0
-0.2336,0.3306,0.9451,-1.7099,-0.3588,-0.5267,0,0,0
-0.2329,0.3264,0.9446,-1.7786,-0.5115,-0.7634,0,0,0
-0.2324,0.3232,0.9429,-1.8702,-0.4962,-0.6336,0,0,0
-0.2332,0.3284,0.9482,-1.9313,-0.458,-0.6489,0,0,0
-0.2344,0.3225,0.9424,-1.7557,-0.3817,-0.5725,0,0,0
-0.2351,0.3237,0.9436,-1.5573,-0.771,-0.6489,0,0,0
-0.2334,0.3291,0.9448,-1.8702,-0.374,-0.4809,0,0,0
-0.2344,0.3247,0.95,-1.7557,-0.626,-0.6107,0,0,0
-0.2366,0.3267,0.949,-1.9542,-0.5496,-0.4809,0,0,0
-0.2371,0.3235,0.9443,-1.9695,-0.542,-0.5802,0,0,0
-0.2395,0.3245,0.9507,-1.6641,-0.4656,-0.6183,0,0,0
-0.2358,0.3186,0.9409,-1.7557,-0.4809,-0.4809,0,0,0
-0.2361,0.322,0.9514,-1.5649,-0.4733,-0.6489,0,0,0
-0.2356,0.3257,0.9438,-1.6565,-0.6412,-0.5038,0,0,0
-0.2334,0.3218,0.9421,-1.7099,-0.5496,-0.4122,0,0,0
-0.2427,0.322,0.9395,-1.9237,-0.6641,-0.7328,0,0,0
-0.2319,0.3318,0.9451,-1.8931,-0.4962,-0.5954,0,0,0
-0.2341,0.3269,0.946,-1.855,-0.4733,-0.5191,0,0,0
-0.2368,0.3228,0.9475,-1.7786,-0.6489,-0.6718,0,0,0
-0.2383,0.3223,0.9492,-1.3969,-0.4656,-0.4809,0,0,0
-0.2358,0.3293,0.9399,-1.5954,-0.4198,-0.5954,0,0,0
-0.2375,0.3281,0.9468,-1.8779,-0.5191,-0.6794,0,0,0
-0.2341,0.323,0.9443,-1.4962,-0.7023,-0.4427,0,0,0
-0.2322,0.3254,0.9436,-1.3588,-0.5878,-0.5344,0,0,0
-0.2341,0.3284,0.9478,-1.855,-0.2977,-0.6183,0,0,0
-0.239,0.3313,0.9421,-1.7023,-0.5725,-0.5649,0,0,0
-0.2332,0.3257,0.9543,-1.458,-0.4504,-0.4809,0,0,0
-0.2371,0.3271,0.9541,-1.4275,-0.4504,-0.4504,0,0,0
-0.2334,0.3262,0.9507,-1.2061,-0.5344,-0.8015,0,0,0
-0.2339,0.3262,0.9456,-1.8244,-0.5115,-0.4427,0,0,0
-0.2344,0.3318,0.9495,-1.8397,-0.5191,-0.7481,0,0,0
-0.2285,0.3215,0.9436,-2.3282,-0.313,-0.6947,0,0,0
-0.2312,0.3228,0.946,-1.8702,-0.3053,-0.4809,0,0,0
-0.2346,0.3223,0.9514,-1.6565,-0.2824,-0.6412,0,0,0
-0.2344,0.3293,0.9485,-1.7328,-0.6718,-0.4198,0,0,0
-0.2317,0.324,0.9524,-2.0611,-0.3206,-0.7328,0,0,0
-0.2361,0.3284,0.948,-2.0229,-0.4809,-0.4122,0,0,0
-0.2358,0.3286,0.9409,-2.0229,-0.458,-0.6489,0,0,0
-0.2375,0.3245,0.9497,-1.8931,-0.542,-0.5038,0,0,0
-0.2307,0.3298,0.9441,-1.855,-0.5115,-0.6336,0,0,0
-0.2312,0.322,0.9456,-1.6183,-0.3817,-0.5115,0,0,0
-0.2371,0.3267,0.9504,-1.5038,-0.5344,-0.7634,0,0,0
-0.2356,0.3276,0.9426,-1.9542,-0.1985,-0.7252,0,0,0
-0.2371,0.3225,0.9451,-1.7634,-0.5802,-0.7023,0,0,0
-0.2322,0.3271,0.9443,-1.9542,-0.5191,-0.6794,0,0,0
-0.2322,0.324,0.9392,-1.7023,-0.3282,-0.687,0,0,0
-0.2378,0.3225,0.9487,-1.7939,-0.6412,-0.458,0,0,0
-0.2327,0.3252,0.9453,-1.7405,-0.6183,-0.542,0,0,0
-0.2356,0.3215,0.9424,-1.7939,-0.4427,-0.5878,0,0,0
-0.2361,0.322,0.9424,-1.8015,-0.4122,-0.626,0,0,0
-0.2368,0.3218,0.9343,-1.5115,-0.5038,-0.4962,0,0,0
-0.2378,0.3235,0.9348,-1.8779,-0.4962,-0.6794,0,0,0
-0.2319,0.3271,0.9441,-2.0,-0.7557,-0.6565,0,0,0
-0.2285,0.325,0.9473,-1.771,-0.5878,-0.5573,0,0,0
-0.2341,0.3271,0.9502,-1.7786,-0.2977,-0.4351,0,0,0
-0.2344,0.3281,0.9446,-1.626,-0.3817,-0.4733,0,0,0
-0.2307,0.3235,0.9434,-1.8473,-0.3817,-0.7786,0,0,0
-0.231,0.3264,0.9504,-1.458,-0.2519,-0.771,0,0,0
-0.2329,0.3291,0.9478,-1.8168,-0.4809,-0.626,0,0,0
-0.2363,0.3306,0.9497,-1.9618,-0.626,-0.6565,0,0,0
-0.2358,0.3274,0.9519,-1.5649,-0.1756,-0.3588,0,0,0
-0.2266,0.3311,0.9456,-1.4504,-0.5038,-0.3893,0,0,0
-0.2371,0.3259,0.939,-2.1985,-0.3969,-0.7863,0,0,0
-0.2354,0.3247,0.9512,-1.771,-0.5878,-0.458,0,0,0
-0.2358,0.3269,0.9431,-1.9771,-0.5191,-0.5496,0,0,0
-0.2361,0.3254,0.9485,-1.7176,-0.5496,-0.5191,0,0,0
-0.2329,0.3296,0.9539,-1.7557,-0.2977,-0.4198,0,0,0
-0.23,0.3291,0.9438,-2.145,-0.4351,-0.7863,0,0,0
-0.2334,0.3174,0.9465,-1.5191,-0.3893,-0.5267,0,0,0
-0.2319,0.3296,0.9429,-1.145,-0.2977,-0.5344,0,0,0
-0.2412,0.3303,0.9365,-2.1603,-0.8473,-0.7405,0,0,0
-0.239,0.3223,0.9524,-1.7328,-0.6718,-0.458,0,0,0
-0.2363,0.3228,0.9421,-1.6107,-0.8092,-0.5802,0,0,0
-0.239,0.3267,0.9446,-1.5954,-0.5878,-0.6794,0,0,0
-0.2385,0.3274,0.947,-1.7023,-0.6641,-0.6107,0,0,0
-0.2361,0.3213,0.9438,-1.5115,-0.4885,-0.5344,0,0,0
-0.2336,0.3296,0.9419,-1.626,-0.7405,-0.4427,0,0,0
-0.2339,0.3313,0.9424,-1.6947,-0.7252,-0.4504,0,0,0
-0.2319,0.3259,0.947,-1.8473,-0.6947,-0.5115,0,0,0
-0.2322,0.3232,0.9453,-1.6489,-0.5878,-0.5878,0,0,0
-0.2322,0.3269,0.9446,-1.6641,-0.7176,-0.4046,0,0,0
-0.2329,0.3293,0.9438,-1.7634,-0.6565,-0.4504,0,0,0
-0.2266,0.3279,0.9485,-1.8168,-0.6489,-0.3893,0,0,0
-0.2275,0.3303,0.9507,-1.4809,-0.4504,-0.4427,0,0,0
-0.2295,0.3254,0.9526,-1.5344,-0.8473,-0.7099,0,0,0
-0.2305,0.3303,0.9478,-1.6107,-0.6336,-0.5191,0,0,0
-0.23,0.3293,0.9539,-1.9466,-0.687,-0.6336,0,0,0
-0.2349,0.324,0.9519,-1.7939,-0.4427,-0.5115,0,0,0
-0.2339,0.3228,0.9458,-1.6947,-0.6031,-0.6107,0,0,0
-0.2349,0.3208,0.9475,-1.6794,-0.2901,-0.6336,0,0,0
-0.2334,0.3242,0.9421,-1.626,-0.5649,-0.6183,0,0,0
-0.2371,0.3269,0.9458,-1.458,-0.6412,-0.7405,0,0,0
-0.2356,0.3274,0.9431,-1.6489,-0.5802,-0.5115,0,0,0
-0.2388,0.3252,0.9404,-1.7863,-0.5649,-0.5649,0,0,0
-0.2402,0.3228,0.9451,-1.5115,-0.7328,-0.5878,0,0,0
-0.2344,0.3269,0.9526,-1.5878,-0.4122,-0.5802,0,0,0
-0.238,0.3264,0.9438,-1.5191,-0.5954,-0.5878,0,0,0
-0.238,0.3149,0.9487,-1.313,-0.9237,-0.6565,0,0,0
-0.2383,0.3342,0.9456,-1.2824,-0.4962,-0.7176,0,0,0
-0.2334,0.3291,0.947,-2.0534,-0.5573,-0.4885,0,0,0
-0.2329,0.3274,0.9519,-2.3053,-0.6031,-0.7557,0,0,0
-0.2363,0.3235,0.9521,-2.1603,-0.542,-0.6183,0,0,0
-0.231,0.3171,0.948,-1.6565,-0.313,-0.9313,0,0,0
-0.2349,0.3225,0.9453,-1.4504,-0.0153,-1.0153,0,0,0
-0.241,0.3311,0.9512,-1.229,-0.5954,-0.1298,0,0,0
-0.2395,0.3201,0.9338,-2.6031,-0.4275,-1.374,0,0,0
-0.2302,0.3337,0.9526,-1.5649,-0.6183,-0.4122,0,0,0
-0.2358,0.3188,0.9446,-1.7634,-0.5115,-0.771,0,0,0
-0.2366,0.3203,0.949,-1.1527,-0.5725,-0.3969,0,0,0
-0.2351,0.3364,0.9419,-1.1832,-0.5115,-0.4809,0,0,0
-0.2329,0.3352,0.9426,-2.4885,-0.458,-0.8931,0,0,0
-0.2356,0.3164,0.9521,-2.0153,-0.5878,-0.4351,0,0,0
-0.2292,0.3218,0.9502,-1.313,-0.145,-0.5954,0,0,0
-0.2385,0.3286,0.9438,-1.6336,0.0458,-0.3969,0,0,0
-0.2361,0.3264,0.9517,-1.3206,-0.3664,-0.5649,0,0,0
-0.2295,0.3242,0.946,-2.0458,-0.3206,-0.8779,0,0,0
-0.2341,0.3281,0.949,-2.2519,-0.3511,-0.7863,0,0,0
-0.2371,0.3213,0.9512,-1.542,-0.6107,-0.145,0,0,0
-0.2329,0.3247,0.9438,-1.8321,-0.4809,-0.8855,0,0,0
-0.2371,0.3228,0.9475,-1.8779,-0.6565,-0.4122,0,0,0
-0.2358,0.321,0.9426,-1.5267,-0.2824,-0.6412,0,0,0
-0.2363,0.3328,0.946,-1.4809,-0.4733,-0.6641,0,0,0
-0.2344,0.3289,0.9424,-1.7405,-0.7786,-0.4427,0,0,0
-0.2354,0.3291,0.948,-1.8779,-0.5802,-0.4198,0,0,0
-0.23,0.3318,0.9375,-2.1756,-0.4198,-0.3511,0,0,0
-0.23,0.3298,0.9443,-2.2824,-0.6641,-0.6183,0,0,0
-0.2285,0.323,0.9495,-1.771,-0.4656,-0.4733,0,0,0
-0.2275,0.3213,0.946,-1.2672,-0.5115,-0.4046,0,0,0
-0.2319,0.3267,0.9409,-1.4885,-0.3053,-0.5191,0,0,0
-0.2334,0.3289,0.9382,-1.7786,-0.6641,-0.5496,0,0,0
-0.2305,0.3276,0.9497,-2.0,-0.6947,-0.3359,0,0,0
-0.2351,0.3228,0.9463,-1.9542,-0.855,-0.5191,0,0,0
-0.2375,0.3235,0.9478,-1.7099,-0.5496,-0.5496,0,0,0
-0.2329,0.325,0.949,-1.6489,-0.4504,-0.6794,0,0,0
-0.2349,0.3257,0.9448,-1.687,-0.3435,-0.7252,0,0,0
-0.2363,0.3284,0.95,-1.7099,-0.5191,-0.6794,0,0,0
-0.2356,0.3281,0.9487,-2.0763,-0.4427,-0.4885,0,0,0
-0.2373,0.3254,0.9392,-1.8855,-0.5802,-0.7252,0,0,0
-0.2324,0.3242,0.9463,-1.9008,-0.4275,-0.7405,0,0,0
-0.2334,0.3208,0.9561,-1.8931,-0.687,-0.6489,0,0,0
-0.231,0.3247,0.9519,-1.7786,-0.4427,-0.5115,0,0,0
-0.2373,0.3237,0.9414,-1.1985,-0.313,-0.4351,0,0,0
-0.2334,0.3333,0.9358,-2.5496,-0.6794,-0.5802,0,0,0
-0.2327,0.3218,0.9514,-2.1374,-0.4504,-0.8168,0,0,0
-0.2449,0.324,0.9448,-1.6412,-0.2977,-0.8092,0,0,0
-0.2402,0.3269,0.938,-1.3969,-0.626,-0.2366,0,0,0
-0.2344,0.3335,0.9434,-2.1679,-0.4885,-0.3817,0,0,0
-0.2307,0.3311,0.95,-1.9313,-0.4275,-0.4198,0,0,0
-0.2314,0.3286,0.9468,-2.1221,-0.5649,-0.4809,0,0,0
-0.2234,0.3218,0.9561,-1.542,-0.1145,-0.6718,0,0,0
-0.2317,0.3291,0.9468,-1.2137,-0.1603,-0.7176,0,0,0
-0.2395,0.3311,0.9429,-2.0305,-0.6947,-0.3664,0,0,0
-0.2322,0.325,0.949,-2.0153,-0.6489,-0.542,0,0,0
-0.2361,0.3196,0.9473,-1.7863,-0.626,-0.5267,0,0,0
-0.2302,0.3313,0.949,-1.5267,-0.4427,-0.7328,0,0,0
-0.2339,0.3271,0.9395,-1.6412,-0.2977,-0.7099,0,0,0
-0.2363,0.3223,0.9436,-2.0763,-0.3435,-1.0992,0,0,0
-0.2358,0.3225,0.9495,-1.8244,-0.626,-0.8397,0,0,0
-0.2319,0.3245,0.9387,-1.7939,-0.626,-0.2443,0,0,0
-0.2334,0.3281,0.9485,-1.916,-0.4962,-0.5344,0,0,0
-0.2285,0.325,0.9451,-1.9313,-0.6336,-0.6565,0,0,0
-0.2336,0.3218,0.9517,-1.8397,-0.542,-0.5802,0,0,0
-0.238,0.3235,0.95,-1.7405,-0.3588,-0.6718,0,0,0
-0.2371,0.3245,0.9451,-1.8321,-0.5954,-0.8321,0,0,0
-0.2329,0.3293,0.9399,-1.8244,-0.5954,-0.542,0,0,0
-0.2354,0.3252,0.9456,-1.7786,-0.3817,-0.3435,0,0,0
-0.2368,0.3296,0.9426,-1.6412,-0.3969,-0.626,0,0,0
-0.2332,0.3208,0.9473,-1.7252,-0.2672,-0.2672,0,0,0
-0.2312,0.3325,0.9446,-1.5954,-0.4046,-0.5191,0,0,0
-0.2273,0.3301,0.9482,-1.7099,-0.2748,-0.5115,0,0,0
-0.2302,0.3269,0.9443,-1.6718,-0.3435,-0.8855,0,0,0
-0.2336,0.3223,0.9524,-1.8015,-0.3893,-0.5573,0,0,0
-0.2329,0.3267,0.9397,-1.9847,-0.3435,-0.7481,0,0,0
-0.2349,0.3232,0.9443,-1.916,-0.5725,-0.4962,0,0,0
-0.238,0.3279,0.9441,-1.7786,-0.5649,-0.626,0,0,0
-0.2319,0.3259,0.9368,-1.5954,-0.5878,-0.687,0,0,0
-0.2334,0.3286,0.9475,-1.9542,-0.5496,-0.6183,0,0,0
-0.2327,0.3284,0.9521,-1.7863,-0.4046,-0.8473,0,0,0
-0.2312,0.3267,0.9446,-1.9084,-0.3053,-0.4733,0,0,0
-0.2356,0.3247,0.9492,-1.7099,-0.2824,-0.6641,0,0,0
-0.2344,0.3279,0.9451,-1.7252,-0.5191,-0.7099,0,0,0
-0.2373,0.3188,0.9441,-1.3053,-0.5496,-0.4198,0,0,0
-0.2354,0.3274,0.9402,-1.7099,-0.6565,-0.4733,0,0,0
-0.2354,0.3271,0.9448,-1.9313,-0.5496,-0.6641,0,0,0
-0.2397,0.3259,0.9438,-1.7786,-0.626,-0.4275,0,0,0
-0.2366,0.3279,0.9431,-1.4809,-0.5725,-0.4885,0,0,0
-0.2312,0.3323,0.947,-1.7557,-0.6031,-0.458,0,0,0
-0.2317,0.3262,0.9504,-1.9924,-0.4198,-0.8702,0,0,0
-0.2275,0.322,0.9441,-1.6565,-0.1298,-0.6107,0,0,0
-0.2322,0.3284,0.9458,-1.6641,-0.6336,-0.7786,0,0,0
-0.2346,0.325,0.9443,-1.8321,-0.3664,-0.7252,0,0,0
-0.2324,0.3259,0.9451,-1.9389,-0.6794,-0.5344,0,0,0
-0.2351,0.3225,0.9502,-1.8015,-0.5038,-0.5878,0,0,0
-0.2341,0.3262,0.939,-1.6336,-0.4122,-0.5267,0,0,0
-0.2332,0.3247,0.9436,-1.8244,-0.8015,-0.5191,0,0,0
-0.2344,0.323,0.9495,-1.6412,-0.6565,-0.4656,0,0,0
-0.2517,0.3179,0.9453,-1.2137,-0.855,-0.1069,0,0,0
-0.2278,0.3362,0.9468,-1.4351,-0.3817,-0.2672,0,0,0
-0.2329,0.3303,0.937,-2.1832,-0.5115,-0.6031,0,0,0
-0.2278,0.3303,0.9458,-1.8779,-0.3206,-0.5038,0,0,0
-0.2305,0.3264,0.9409,-1.9313,-0.5725,-0.5954,0,0,0
-0.2334,0.3196,0.9495,-1.855,-0.6183,-0.4427,0,0,0
-0.2361,0.3247,0.9465,-1.7023,-0.1985,-0.6031,0,0,0
-0.238,0.3293,0.9419,-1.5115,-0.3511,-0.687,0,0,0
-0.2378,0.3264,0.946,-1.771,-0.8702,-0.687,0,0,0
-0.2373,0.3245,0.947,-2.0076,-0.8092,-0.5344,0,0,0
-0.2344,0.322,0.9419,-2.1221,-0.4809,-0.4122,0,0,0
-0.2358,0.3306,0.9509,-1.8473,-0.6412,-0.4046,0,0,0
-0.2217,0.3286,0.9414,-2.0229,-0.3359,-0.5954,0,0,0
-0.228,0.3257,0.9514,-1.8321,-0.1298,-0.5649,0,0,0
-0.2261,0.3276,0.9475,-1.6107,-0.0916,-0.687,0,0,0
-0.2322,0.3267,0.9504,-1.3511,-0.542,-0.7405,0,0,0
-0.2388,0.3259,0.9485,-1.5954,-0.771,-0.5344,0,0,0
-0.231,0.3235,0.9473,-2.2901,-0.626,-0.5954,0,0,0
-0.2363,0.3215,0.9434,-2.145,-0.6107,-0.7863,0,0,0
-0.2388,0.3271,0.9424,-1.8092,-0.6336,-0.4656,0,0,0
-0.2378,0.3096,0.9443,-1.8168,-0.6794,-0.6794,0,0,0
-0.2356,0.3384,0.9521,-1.0458,-0.4962,-0.1603,0,0,0
-0.2319,0.3279,0.9363,-2.0305,-0.6183,-0.7557,0,0,0
-0.2346,0.3313,0.9561,-1.6565,-0.6489,-0.5344,0,0,0
-0.2332,0.3242,0.9434,-1.8244,-0.6718,-0.5573,0,0,0
-0.2307,0.3281,0.9475,-1.7405,-0.5191,-0.5725,0,0,0
-0.2297,0.3237,0.9543,-1.4962,-0.3893,-0.4275,0,0,0
-0.2332,0.3296,0.9426,-1.4656,-0.2214,-0.7328,0,0,0
-0.2393,0.3264,0.947,-1.9008,-0.2214,-0.7328,0,0,0
-0.2371,0.3257,0.948,-1.9847,-0.6412,-0.6565,0,0,0
-0.2383,0.3257,0.9453,-1.8473,-0.542,-0.5191,0,0,0
-0.2336,0.3247,0.9382,-1.6718,-0.5267,-0.8244,0,0,0
-0.2349,0.3247,0.9458,-1.626,-0.4962,-0.5191,0,0,0
-0.2332,0.3215,0.9417,-1.8397,-0.2443,-0.6641,0,0,0
-0.2322,0.3279,0.9441,-1.6031,-0.1832,-0.5954,0,0,0
-0.2319,0.3264,0.9458,-1.7939,-0.3588,-0.8244,0,0,0
-0.2339,0.334,0.9387,-1.8321,-0.2137,-0.916,0,0,0
-0.23,0.3213,0.9497,-1.9618,-0.5267,-0.4427,0,0,0
-0.2314,0.3284,0.9448,-1.4427,-0.1756,-0.7786,0,0,0
-0.239,0.3269,0.9368,-1.9237,-0.3817,-0.7481,0,0,0
-0.2363,0.3264,0.9453,-1.8397,-0.3511,-0.6794,0,0,0
-0.2544,0.321,0.9343,-1.8015,-0.6718,-0.3206,0,0,0
-0.2344,0.325,0.9399,-2.0229,-0.3435,-0.4046,0,0,0
-0.2395,0.325,0.9443,-1.4427,-0.6947,-0.3206,0,0,0
-0.2314,0.3301,0.9497,-1.3969,-0.6565,-0.3282,0,0,0
-0.2256,0.3318,0.9443,-1.6641,-0.4504,-0.3435,0,0,0
-0.2236,0.3347,0.9517,-1.4733,-0.3053,-0.4427,0,0,0
-0.23,0.3298,0.9502,-1.7328,-0.2901,-0.5725,0,0,0
-0.2312,0.3293,0.9504,-2.0534,-0.5267,-0.687,0,0,0
-0.2336,0.3225,0.9431,-1.7176,-0.3359,-0.5573,0,0,0
-0.2305,0.3242,0.9468,-1.5878,-0.2901,-0.4885,0,0,0
-0.2341,0.3291,0.9473,-1.6794,-0.4275,-0.4733,0,0,0
-0.2322,0.3296,0.949,-1.8702,-0.4504,-0.6336,0,0,0
-0.2329,0.323,0.9468,-2.0382,-0.5267,-0.6641,0,0,0
-0.2302,0.3206,0.947,-2.0305,-0.3817,-0.6489,0,0,0
-0.2358,0.3242,0.9434,-1.9542,-0.374,-0.4885,0,0,0
-0.2368,0.3247,0.9409,-1.7863,-0.687,-0.5573,0,0,0
-0.2363,0.3254,0.9417,-2.0153,-0.7023,-0.5191,0,0,0
-0.2332,0.325,0.9465,-1.626,-0.7481,-0.2748,0,0,0
-0.2297,0.3206,0.9446,-1.8626,-0.5649,-0.374,0,0,0
-0.2332,0.324,0.9482,-1.8626,-0.6489,-0.7252,0,0,0
-0.2314,0.3225,0.9463,-1.7328,-0.2443,-0.4198,0,0,0
-0.2344,0.3271,0.948,-1.6641,-0.3282,-0.5878,0,0,0
-0.2354,0.3269,0.9453,-1.6718,-0.3435,-0.5573,0,0,0
-0.231,0.3271,0.9448,-2.0076,-0.5038,-0.6031,0,0,0
-0.2322,0.3257,0.9478,-1.771,-0.0687,-0.5038,0,0,0
-0.2354,0.323,0.9529,-1.6565,-0.4656,-0.6489,0,0,0
-0.2305,0.3262,0.95,-1.6183,-0.2977,-0.7328,0,0,0
-0.229,0.3247,0.9487,-1.4198,-0.1756,-0.458,0,0,0
-0.2378,0.3225,0.9436,-1.771,-0.4656,-0.6183,0,0,0
-0.2383,0.3247,0.9412,-1.9237,-0.3282,-0.6718,0,0,0
-0.2346,0.3235,0.9453,-2.0687,-0.6031,-0.7023,0,0,0
-0.2344,0.3259,0.9473,-2.0382,-0.7099,-0.7252,0,0,0
-0.2351,0.3242,0.9399,-1.7099,-0.771,-0.6183,0,0,0
-0.2351,0.3257,0.9429,-1.8092,-0.5878,-0.7328,0,0,0
-0.2341,0.3245,0.9456,-1.7252,-0.6031,-0.4962,0,0,0
-0.2324,0.3237,0.9485,-1.6107,-0.5954,-0.542,0,0,0
-0.2339,0.325,0.9456,-1.6489,-0.3969,-0.4656,0,0,0
-0.2329,0.324,0.9434,-1.8397,-0.458,-0.6183,0,0,0
-0.2349,0.3293,0.9485,-1.8702,-0.542,-0.5878,0,0,0
-0.2312,0.3242,0.9434,-1.8015,-0.313,-0.6565,0,0,0
-0.2322,0.3259,0.9561,-1.771,-0.3817,-0.5344,0,0,0
-0.2334,0.3257,0.9456,-1.7481,-0.3817,-0.4275,0,0,0
-0.2319,0.321,0.9485,-1.7252,-0.4809,-0.6794,0,0,0
-0.2344,0.3237,0.9443,-1.855,-0.2748,-0.7176,0,0,0
-0.229,0.3262,0.9438,-1.8397,-0.626,-0.6641,0,0,0
-0.2351,0.3208,0.9431,-1.7252,-0.4122,-0.6412,0,0,0
-0.2375,0.323,0.946,-1.7939,-0.4122,-0.855,0,0,0
-0.2358,0.3223,0.9521,-1.7557,-0.6641,-0.6107,0,0,0
-0.2383,0.324,0.9429,-1.626,-0.6107,-0.7099,0,0,0
-0.2346,0.3223,0.9456,-1.6565,-0.7939,-0.4122,0,0,0
-0.2351,0.322,0.9448,-1.6489,-0.5649,-0.8015,0,0,0
-0.241,0.3274,0.948,-1.9847,-0.4962,-0.6718,0,0,0
-0.238,0.3311,0.9377,-1.9237,-0.6183,-0.4046,0,0,0
-0.2256,0.3325,0.9446,-2.1603,-0.1756,-0.6107,0,0,0
-0.229,0.3276,0.9614,-1.1908,-0.3588,-0.3588,0,0,0
-0.2332,0.3242,0.9421,-1.4962,0.1985,-0.7481,0,0,0
-0.2336,0.3259,0.9431,-1.6031,-0.4809,-0.4351,0,0,0
-0.2317,0.3274,0.9426,-1.6183,-0.4885,-0.626,0,0,0
-0.2407,0.3284,0.9431,-2.084,-0.6336,-0.6107,0,0,0
-0.2339,0.3208,0.9473,-1.9389,-0.3969,-0.8855,0,0,0
-0.2363,0.3286,0.9429,-1.7634,-0.2901,-0.5954,0,0,0
-0.2385,0.3276,0.9475,-1.5115,-0.3282,-0.7405,0,0,0
-0.2317,0.3259,0.9512,-2.1298,-0.374,-0.5115,0,0,0
-0.2358,0.3254,0.9443,-1.7634,-0.2977,-0.4809,0,0,0
-0.2358,0.3279,0.9456,-1.687,-0.3893,-0.771,0,0,0
-0.239,0.3259,0.9434,-1.9771,-0.4656,-0.6641,0,0,0
-0.2341,0.3264,0.948,-2.0153,-0.8015,-0.5191,0,0,0
-0.2336,0.3208,0.9431,-1.7405,-0.7252,-0.6641,0,0,0
-0.2363,0.3257,0.947,-1.5649,-0.5496,-0.542,0,0,0
-0.2402,0.3254,0.9478,-1.6031,-0.4198,-0.6718,0,0,0
-0.2344,0.323,0.9473,-1.6718,-0.5649,-0.7481,0,0,0
-0.2356,0.3274,0.947,-1.7634,-0.374,-0.5115,0,0,0
-0.2429,0.3193,0.9414,-1.6565,-0.4962,-0.5573,0,0,0
-0.2395,0.3228,0.9456,-1.6489,-0.7328,-0.7176,0,0,0
-0.2383,0.3259,0.9482,-1.6336,-0.7252,-0.5191,0,0,0
-0.2346,0.3257,0.9509,-2.0229,-0.3053,-0.5344,0,0,0
-0.2314,0.3264,0.9421,-1.8015,-0.4198,-0.5267,0,0,0
-0.2339,0.3259,0.9417,-1.855,-0.6412,-0.5878,0,0,0
-0.2341,0.3257,0.9453,-1.4046,-0.3588,-0.687,0,0,0
-0.2344,0.3281,0.9463,-1.8397,-0.4046,-0.7481,0,0,0
-0.2354,0.3252,0.9438,-1.6794,-0.6107,-0.542,0,0,0
-0.2327,0.3337,0.9478,-1.9466,-0.2901,-0.7405,0,0,0
-0.2368,0.3269,0.9485,-1.7176,-0.5954,-0.5267,0,0,0
-0.2339,0.3262,0.9529,-1.626,-0.2366,-0.6412,0,0,0
-0.2297,0.3279,0.9478,-1.9008,-0.4733,-0.5344,0,0,0
-0.2361,0.3286,0.948,-1.4351,-0.3206,-0.3893,0,0,0
-0.2349,0.3276,0.9478,-1.6794,-0.1527,-0.6107,0,0,0
-0.2334,0.3271,0.9512,-1.6489,-0.458,-0.6641,0,0,0
-0.231,0.3262,0.9502,-1.6947,-0.5802,-0.5496,0,0,0
-0.2349,0.325,0.9502,-1.7786,-0.5344,-0.5267,0,0,0
-0.2378,0.3257,0.9424,-1.9542,-0.4656,-0.6183,0,0,0
-0.2344,0.3218,0.9475,-1.5725,-0.5115,-0.8244,0,0,0
-0.2344,0.3262,0.9448,-1.7328,-0.3817,-0.6412,0,0,0
-0.2336,0.324,0.9458,-1.916,-0.4351,-0.5496,0,0,0
-0.2346,0.3228,0.9529,-1.9695,-0.3893,-0.458,0,0,0
-0.2339,0.3279,0.9514,-1.6718,-0.1527,-0.6107,0,0,0
-0.23,0.3235,0.9446,-1.7099,-0.313,-0.8321,0,0,0
-0.2346,0.3242,0.9421,-1.5649,-0.3053,-0.7252,0,0,0
-0.2361,0.3254,0.9478,-1.5573,-0.4809,-0.626,0,0,0
-0.2354,0.3254,0.9524,-1.7786,-0.5191,-0.6336,0,0,0
-0.2354,0.3269,0.9446,-1.8244,-0.5496,-0.4885,0,0,0
-0.2351,0.3247,0.9475,-1.6641,-0.4656,-0.6031,0,0,0
-0.2339,0.3232,0.9492,-1.7328,-0.7176,-0.9313,0,0,0
-0.2341,0.3203,0.947,-1.9771,-0.7557,-0.5344,0,0,0
-0.2361,0.3242,0.9468,-1.7405,-0.5878,-0.458,0,0,0
-0.2371,0.3257,0.9399,-1.6489,-0.5878,-0.6183,0,0,0
-0.2336,0.3235,0.9485,-1.4656,-0.3282,-0.4351,0,0,0
-0.2351,0.325,0.9497,-1.6183,-0.5802,-0.6183,0,0,0
-0.238,0.3264,0.9414,-1.9542,-0.5725,-0.9542,0,0,0
-0.2373,0.3279,0.9468,-1.9618,-0.6336,-0.6183,0,0,0
-0.2366,0.3235,0.9473,-1.8244,-0.4962,-0.5649,0,0,0
-0.2336,0.3228,0.949,-1.5191,-0.542,-0.4122,0,0,0
-0.2339,0.3267,0.946,-1.8931,-0.6183,-0.5802,0,0,0
-0.2341,0.3303,0.9463,-1.6107,-0.4504,-0.8015,0,0,0
-0.2344,0.3228,0.9504,-1.771,-0.3206,-0.7863,0,0,0
-0.2324,0.3284,0.946,-1.6183,-0.2443,-0.6107,0,0,0
-0.2307,0.3254,0.9485,-1.8321,-0.4351,-0.5344,0,0,0
-0.2368,0.3252,0.95,-1.771,-0.4351,-0.4962,0,0,0
-0.2334,0.3247,0.9465,-1.6947,-0.4122,-0.5191,0,0,0
-0.2349,0.3279,0.9497,-1.7023,-0.4656,-0.4809,0,0,0
-0.238,0.324,0.9502,-1.7328,-0.6794,-0.3969,0,0,0
-0.2358,0.3264,0.9492,-2.0153,-0.5344,-0.6412,0,0,0
-0.2295,0.3264,0.95,-1.7557,-0.4885,-0.5496,0,0,0
-0.2334,0.3259,0.9453,-1.6947,-0.5191,-0.5954,0,0,0
-0.2346,0.3276,0.948,-1.5344,-0.5115,-0.6718,0,0,0
-0.2327,0.3274,0.9473,-1.8015,-0.5878,-0.6565,0,0,0
-0.2361,0.3228,0.9468,-1.5267,-0.4046,-0.4656,0,0,0
-0.2341,0.3237,0.9475,-1.542,-0.8244,-0.2595,0,0,0
-0.2361,0.325,0.948,-1.8855,-0.5191,-0.4046,0,0,0
-0.2332,0.3264,0.9492,-1.6718,-0.4656,-0.5725,0,0,0
-0.2334,0.3257,0.9475,-1.6718,-0.4275,-0.4198,0,0,0
-0.2314,0.3291,0.9443,-1.7863,-0.374,-0.6412,0,0,0
-0.2317,0.3257,0.9482,-1.855,-0.5878,-0.5649,0,0,0
-0.2368,0.3257,0.9492,-1.6412,-0.5954,-0.5344,0,0,0
-0.2332,0.3242,0.9529,-1.8092,-0.4046,-0.8015,0,0,0
-0.2366,0.3252,0.9446,-1.8168,-0.3053,-0.5191,0,0,0
-0.231,0.3228,0.9446,-1.7176,-0.8702,-0.5878,0,0,0
-0.2324,0.3237,0.9414,-1.3817,-0.4046,-0.5496,0,0,0
-0.2361,0.3306,0.9473,-1.8092,-0.7939,-0.9084,0,0,0
-0.2366,0.3306,0.9468,-1.7481,-0.3511,-0.5725,0,0,0
-0.2354,0.3262,0.9487,-1.9389,-0.3359,-0.7939,0,0,0
-0.2371,0.3254,0.9485,-1.5725,-0.313,-0.771,0,0,0
-0.2336,0.3232,0.9463,-1.687,-0.4046,-0.5496,0,0,0
-0.2358,0.3264,0.9478,-1.8473,-0.2748,-0.6031,0,0,0
-0.2346,0.3264,0.9429,-1.5725,-0.5573,-0.4885,0,0,0
-0.2327,0.3252,0.95,-1.6031,-0.7634,-0.3969,0,0,0
-0.2366,0.3242,0.9434,-1.6794,-0.3969,-0.4733,0,0,0
-0.2329,0.3308,0.9456,-1.5573,-0.5725,-0.6489,0,0,0
-0.2332,0.3276,0.949,-1.7939,-0.3053,-0.7939,0,0,0
-0.2336,0.3213,0.9519,-1.8015,-0.5191,-0.8244,0,0,0
-0.238,0.325,0.9407,-1.7557,-0.1374,-0.6412,0,0,0
-0.2349,0.3235,0.9426,-1.855,-0.3664,-0.8168,0,0,0
-0.2327,0.3252,0.9456,-1.7252,-0.4656,-0.5802,0,0,0
-0.2385,0.3196,0.9478,-1.8626,-0.3435,-0.6641,0,0,0
-0.2363,0.3274,0.9441,-1.6565,-0.2901,-0.8855,0,0,0
-0.2332,0.3223,0.946,-2.0229,-0.1756,-0.7176,0,0,0
-0.2283,0.3291,0.9531,-1.6183,-0.1145,-0.7557,0,0,0
-0.2278,0.3303,0.9443,-1.4809,0.0305,-0.4885,0,0,0
-0.2349,0.3242,0.9419,-1.8702,-0.3817,-0.7634,0,0,0
-0.2339,0.3274,0.9519,-1.5954,-0.0992,-0.9924,0,0,0
-0.2341,0.3203,0.9429,-1.6031,-0.2443,-0.771,0,0,0
-0.2354,0.3228,0.9431,-1.6947,-0.374,-0.7328,0,0,0
-0.2373,0.3254,0.9441,-1.4885,-0.313,-0.4733,0,0,0
-0.2349,0.324,0.9524,-1.8244,-0.6641,-0.5115,0,0,0
-0.2317,0.3223,0.9473,-1.6794,-0.3206,-0.7863,0,0,0
-0.2339,0.3306,0.949,-1.7023,-0.458,-0.3664,0,0,0
-0.2358,0.321,0.9429,-1.6412,-0.8244,-0.6412,0,0,0
-0.2339,0.3213,0.9509,-1.7099,-0.6947,-0.6641,0,0,0
-0.2307,0.3188,0.9495,-1.626,-0.313,-0.3435,0,0,0
-0.2368,0.3232,0.9478,-1.5038,-0.8702,-0.5954,0,0,0
-0.2354,0.3259,0.9375,-1.7405,-0.6107,-0.4733,0,0,0
-0.2285,0.335,0.9514,-1.3664,-0.7176,-0.3206,0,0,0
-0.2268,0.3264,0.9521,-1.8244,-0.6412,-0.229,0,0,0
-0.2332,0.3262,0.9387,-2.1069,-0.7023,-0.3282,0,0,0
-0.2388,0.3215,0.9485,-2.0458,-0.5573,-0.4351,0,0,0
-0.2317,0.3206,0.9419,-1.916,-0.7786,-0.5115,0,0,0
-0.2346,0.3242,0.9475,-1.9771,-0.4962,-0.5649,0,0,0
-0.2336,0.3293,0.9436,-1.855,-0.3817,-0.5573,0,0,0
-0.2349,0.3235,0.9526,-1.6641,-0.5496,-0.7786,0,0,0
-0.2354,0.3293,0.9438,-1.5725,-0.0687,-0.5802,0,0,0
-0.2363,0.325,0.9448,-1.9008,-0.4275,-0.7557,0,0,0
-0.2397,0.3262,0.9417,-1.7328,-0.6489,-0.7481,0,0,0
-0.2332,0.3262,0.9492,-1.8779,-0.5954,-0.8779,0,0,0
-0.2371,0.3242,0.9441,-1.8702,-0.4275,-0.8855,0,0,0
-0.2332,0.3228,0.9504,-1.8397,-0.5038,-0.5573,0,0,0
-0.2351,0.3262,0.9443,-1.855,-0.4733,-0.5802,0,0,0
-0.2388,0.3293,0.9482,-1.5649,-0.374,-0.7176,0,0,0
-0.2314,0.3262,0.9534,-1.9847,-0.1603,-0.4809,0,0,0
-0.2341,0.3247,0.9421,-1.626,-0.4656,-0.4351,0,0,0
-0.2317,0.3284,0.9446,-1.8779,-0.5115,-0.8015,0,0,0
-0.2366,0.3232,0.9478,-1.6183,-0.3817,-0.4351,0,0,0
-0.2356,0.3267,0.9458,-1.7634,-0.458,-0.5344,0,0,0
-0.2327,0.3254,0.9448,-1.855,-0.5496,-0.6565,0,0,0
-0.2317,0.3274,0.949,-1.7099,-0.4962,-0.7099,0,0,0
-0.2327,0.3269,0.9497,-1.9847,-0.4504,-0.6565,0,0,0
-0.2385,0.3264,0.9478,-1.9008,-0.4733,-0.7328,0,0,0
-0.2327,0.3247,0.9456,-1.7252,-0.6336,-0.4885,0,0,0
-0.2366,0.324,0.9521,-1.8626,-0.458,-0.6031,0,0,0
-0.2354,0.3306,0.9436,-1.5725,-0.5191,-0.4046,0,0,0
-0.2371,0.3254,0.9451,-1.6107,-0.6489,-0.6183,0,0,0
-0.2354,0.3296,0.9482,-1.6641,-0.3206,-0.6336,0,0,0
-0.2349,0.3276,0.947,-1.5649,-0.3817,-0.771,0,0,0
-0.2332,0.3306,0.9417,-1.7023,-0.4656,-0.6565,0,0,0
-0.2363,0.3274,0.9509,-1.771,-0.2977,-0.5573,0,0,0
-0.2366,0.3267,0.9534,-1.8473,-0.6565,-0.4656,0,0,0
-0.2327,0.3215,0.9441,-1.8931,-0.7557,-0.5038,0,0,0
-0.2346,0.3271,0.946,-1.5954,-0.4885,-0.6336,0,0,0
-0.2358,0.3267,0.9412,-1.7405,-0.6489,-0.6794,0,0,0
-0.2358,0.3293,0.9434,-1.6947,-0.8168,-0.4504,0,0,0
-0.2378,0.3259,0.9482,-1.9466,-0.4275,-0.6947,0,0,0
-0.2322,0.3293,0.95,-1.6718,-0.7176,-0.4733,0,0,0
-0.2317,0.3242,0.9475,-1.8473,-0.5038,-0.8244,0,0,0
-0.2356,0.3208,0.9438,-1.6336,-0.4427,-0.626,0,0,0
-0.2346,0.3279,0.9453,-1.6031,-0.3893,-0.8015,0,0,0
-0.2322,0.3269,0.9446,-1.687,-0.5649,-0.7176,0,0,0
-0.2339,0.3279,0.9431,-1.8626,-0.3588,-0.6183,0,0,0
-0.23,0.3284,0.948,-1.9542,-0.4275,-0.5191,0,0,0
-0.2356,0.3257,0.9426,-1.7634,-0.3817,-0.687,0,0,0
-0.2361,0.3267,0.9517,-1.7786,-0.5344,-0.7099,0,0,0
-0.2368,0.325,0.9495,-1.2672,-0.4046,-0.5038,0,0,0
-0.2339,0.3206,0.9521,-1.5878,-0.4504,-0.5496,0,0,0
-0.2388,0.3276,0.9468,-1.4962,-0.6565,-0.5115,0,0,0
-0.2332,0.3293,0.9473,-1.5573,-0.4733,-0.6412,0,0,0
-0.2363,0.334,0.9434,-1.7786,-0.3282,-0.5573,0,0,0
-0.2322,0.3298,0.9421,-1.8702,-0.4427,-0.8015,0,0,0
-0.2346,0.3267,0.9507,-2.1374,-0.5496,-0.5649,0,0,0
-0.2356,0.325,0.9526,-2.0458,-0.4809,-0.5573,0,0,0
-0.2312,0.321,0.9546,-1.6641,-0.5878,-0.4733,0,0,0
-0.2332,0.323,0.9436,-1.5954,-0.458,-0.6336,0,0,0
-0.2371,0.3259,0.9412,-1.4122,-0.6947,-0.7176,0,0,0
-0.2383,0.3279,0.9409,-1.626,-0.3817,-0.5802,0,0,0
-0.2356,0.3215,0.9446,-1.7557,-0.6489,-0.5267,0,0,0
-0.2339,0.3291,0.9441,-1.5802,-0.4733,-0.5954,0,0,0
-0.2346,0.3281,0.9468,-1.8015,-0.626,-0.7405,0,0,0
-0.2339,0.3247,0.9434,-1.8321,-0.5267,-0.7176,0,0,0
-0.2327,0.3254,0.9514,-2.0611,-0.4733,-0.7099,0,0,0
-0.2354,0.3267,0.9507,-1.7863,-0.4885,-0.6718,0,0,0
-0.2349,0.3254,0.9436,-1.3435,-0.687,-0.4275,0,0,0
-0.2346,0.3286,0.9443,-1.7176,-0.5725,-0.4275,0,0,0
-0.2324,0.323,0.9497,-1.9313,-0.6336,-0.4809,0,0,0
-0.2336,0.3242,0.9448,-1.5878,-0.2137,-0.3969,0,0,0
-0.231,0.3264,0.9434,-1.7786,-0.7481,-0.5191,0,0,0
-0.2332,0.3245,0.9529,-1.7099,-0.6794,-0.5344,0,0,0
-0.2322,0.3267,0.9458,-1.4885,-0.4504,-0.4656,0,0,0
-0.2358,0.3306,0.9434,-1.9389,-0.542,-0.7939,0,0,0
-0.2327,0.3242,0.9441,-1.8702,-0.6489,-0.4733,0,0,0
-0.2344,0.3228,0.9458,-1.8168,-0.6183,-0.626,0,0,0
-0.2351,0.3247,0.9414,-1.8779,-0.6412,-0.5267,0,0,0
-0.2332,0.3284,0.9495,-1.6565,-0.7176,-0.5267,0,0,0
-0.23,0.3269,0.95,-1.8321,-0.313,-0.8168,0,0,0
-0.2336,0.3264,0.946,-1.6489,-0.4122,-0.626,0,0,0
-0.2344,0.3276,0.9434,-1.8931,-0.3969,-0.6641,0,0,0
-0.2388,0.3198,0.9507,-1.8626,-0.8168,-0.7405,0,0,0
-0.2302,0.3254,0.9465,-1.626,-0.3588,-0.4656,0,0,0
-0.2324,0.3262,0.9446,-1.2824,-0.2366,-0.5954,0,0,0
-0.2319,0.3301,0.9438,-1.5802,-0.3053,-0.4962,0,0,0
-0.2312,0.3245,0.9463,-1.8931,-0.4275,-0.6183,0,0,0
-0.2366,0.3228,0.9441,-1.9237,-0.6031,-0.5649,0,0,0
-0.2373,0.3215,0.9377,-1.5038,-0.7557,-0.4504,0,0,0
-0.2336,0.3262,0.947,-1.8779,-0.6031,-0.5802,0,0,0
-0.2341,0.3274,0.9514,-1.9924,-0.5038,-0.542,0,0,0
-0.2327,0.3252,0.9509,-1.4885,-0.6031,-0.6107,0,0,0
-0.2346,0.3259,0.95,-1.7557,-0.3664,-0.4809,0,0,0
-0.2346,0.3259,0.9441,-1.6107,-0.0153,-0.855,0,0,0
-0.2375,0.3208,0.9434,-1.7023,-0.2901,-0.5878,0,0,0
-0.2349,0.3235,0.9517,-1.6718,-0.4656,-0.7405,0,0,0
-0.2354,0.3291,0.9431,-1.9847,-0.6336,-0.5802,0,0,0
-0.2351,0.3252,0.9473,-1.7786,-0.5267,-0.5191,0,0,0
-0.2314,0.3247,0.9519,-1.6718,-0.3053,-0.8321,0,0,0
-0.2344,0.3262,0.9441,-1.6412,-0.3893,-0.5115,0,0,0
-0.2317,0.3262,0.9507,-1.8244,-0.3817,-0.6031,0,0,0
-0.2339,0.324,0.9451,-1.6794,-0.4122,-0.6412,0,0,0
-0.2322,0.3276,0.9526,-1.6947,-0.3435,-0.9695,0,0,0
-0.2356,0.3293,0.9448,-1.8015,-0.4962,-0.3511,0,0,0
-0.2322,0.3237,0.9438,-1.8015,-0.8779,-0.2137,0,0,0
-0.2361,0.3254,0.9458,-1.6947,-0.5344,-0.7481,0,0,0
-0.2341,0.3259,0.9412,-1.7328,-0.5649,-0.7023,0,0,0
-0.2305,0.324,0.9519,-2.0,-0.3893,-0.626,0,0,0
-0.2351,0.324,0.946,-1.1603,-0.1756,-0.7557,0,0,0
-0.2375,0.3276,0.9421,-1.5954,-0.145,-0.687,0,0,0
-0.2356,0.3284,0.9451,-1.5878,-0.5344,-0.5267,0,0,0
-0.2375,0.3267,0.9504,-1.7634,-0.4885,-0.6183,0,0,0
-0.2319,0.324,0.9492,-1.7634,-0.6947,-0.5038,0,0,0
-0.2329,0.3247,0.9431,-1.687,-0.6565,-0.6107,0,0,0
-0.231,0.3257,0.9507,-2.0992,-0.3511,-0.5954,0,0,0
-0.2319,0.324,0.9446,-1.6794,-0.4504,-0.4504,0,0,0
-0.2314,0.3254,0.9451,-1.4275,-0.4809,-0.5878,0,0,0
-0.2358,0.3318,0.9431,-1.8473,-0.6183,-0.7786,0,0,0
-0.2329,0.3291,0.9443,-2.1069,-0.542,-0.4198,0,0,0
-0.2356,0.3237,0.9463,-1.855,-0.7099,-0.4504,0,0,0
-0.2322,0.3247,0.9443,-1.6031,-0.4351,-0.3435,0,0,0
-0.2336,0.3252,0.9478,-1.7863,-0.6412,-0.8168,0,0,0
-0.2373,0.3286,0.9441,-1.8244,-0.5802,-0.6107,0,0,0
-0.2349,0.3247,0.9443,-1.6947,-0.4122,-0.5725,0,0,0
-0.2327,0.3296,0.947,-2.0305,-0.5878,-0.6489,0,0,0
-0.2354,0.332,0.9448,-1.7939,-0.2901,-0.8321,0,0,0
-0.2329,0.3228,0.9468,-1.542,-0.3588,-0.3969,0,0,0
-0.2363,0.3245,0.9473,-1.6718,-0.5115,-0.5725,0,0,0
-0.2388,0.325,0.9434,-1.916,-0.6336,-0.5802,0,0,0
-0.2346,0.3237,0.9426,-1.8473,-0.5649,-0.4046,0,0,0
-0.2346,0.325,0.9482,-1.6947,-0.2977,-0.6565,0,0,0
-0.2334,0.3228,0.9463,-1.4275,-0.5038,-0.5191,0,0,0
-0.2339,0.3257,0.9456,-1.5802,-0.5267,-0.7176,0,0,0
-0.2336,0.325,0.9504,-2.0,-0.3893,-0.4733,0,0,0
-0.231,0.3228,0.9475,-1.8092,-0.2748,-0.4122,0,0,0
-0.2356,0.3286,0.9482,-1.6947,-0.4427,-0.4504,0,0,0
-0.2341,0.3296,0.9412,-1.7328,-0.5115,-0.3359,0,0,0
-0.2314,0.3223,0.9495,-1.7786,-0.5038,-0.3817,0,0,0
-0.2332,0.3237,0.9438,-1.9008,-0.4427,-0.4351,0,0,0
-0.2346,0.3264,0.9458,-2.0687,-0.2214,-0.2595,0,0,0
-0.2354,0.3242,0.9497,-1.7405,-0.2519,-0.3511,0,0,0
-0.2336,0.3257,0.9448,-1.6336,0.0229,-0.3969,0,0,0
-0.2319,0.3259,0.9507,-1.6718,0.1069,-0.4427,0,0,0
-0.2351,0.324,0.9431,-1.313,-0.2824,-0.2824,0,0,0
-0.2366,0.3267,0.9392,-1.8244,-0.4122,-0.4809,0,0,0
-0.2324,0.3284,0.949,-2.0229,-0.2366,-0.5496,0,0,0
-0.2266,0.3174,0.9568,-2.2748,-0.0916,-0.5344,0,0,0
-0.2471,0.3,0.9675,0.855,-0.8855,1.0458,0,0,0
-0.2322,0.395,0.9133,-2.2366,0.2061,-0.1832,0,0,0
-0.2429,0.3459,0.9202,-6.1756,-1.4046,-0.6031,0,0,0
-0.2244,0.2942,0.9963,-4.9771,-1.9084,-0.2901,0,0,0
-0.2,0.2974,0.9639,-0.9771,1.0382,-0.3282,0,0,0
-0.2263,0.3225,0.9275,-0.5267,2.1221,-0.8168,0,0,0
-0.248,0.3347,0.9568,-0.9084,0.855,-0.7405,0,0,0
-0.2385,0.3293,0.9512,-1.0458,1.2137,-1.0534,0,0,0
-0.2322,0.3257,0.9368,-1.084,1.542,-1.3664,0,0,0
-0.2358,0.3252,0.9446,-1.5038,1.2061,-0.1985,0,0,0
-0.2461,0.3345,0.9443,-1.3282,0.8244,-0.2901,0,0,0
-0.2415,0.3369,0.9424,-1.8626,0.4275,-0.8473,0,0,0
-0.2385,0.322,0.9475,-2.3893,0.7252,-0.3588,0,0,0
-0.2407,0.3179,0.9465,-1.6794,0.1985,-0.5573,0,0,0
-0.2319,0.3208,0.9487,-1.3588,0.4122,-0.4656,0,0,0
-0.2439,0.324,0.9495,-1.2901,0.0687,-0.3893,0,0,0
-0.2429,0.3269,0.9453,-1.6031,-0.3664,-0.3511,0,0,0
-0.238,0.3257,0.9485,-1.771,-0.626,-0.7405,0,0,0
-0.2366,0.3259,0.9443,-1.8397,-0.6412,0.1069,0,0,0
-0.238,0.3279,0.9431,-2.0,-0.8855,-0.3359,0,0,0
-0.2275,0.3264,0.946,-2.1145,-0.2824,-0.2061,0,0,0
-0.2346,0.3203,0.9529,-1.6947,-0.0687,-0.3206,0,0,0
-0.2339,0.323,0.9482,-1.4962,-0.0458,-0.0611,0,0,0
-0.2371,0.324,0.9429,-1.1985,0.2366,-0.374,0,0,0
-0.2366,0.3279,0.9421,-1.6641,-0.2901,-0.1527,0,0,0
-0.2437,0.3289,0.9436,-1.5344,-0.4733,-0.6183,0,0,0
-0.239,0.3242,0.9397,-1.8855,-0.4885,-0.7252,0,0,0
-0.238,0.324,0.9424,-1.9618,-0.5725,-0.4885,0,0,0
-0.2356,0.3308,0.9419,-2.0076,-0.7023,-0.3817,0,0,0
-0.2285,0.3301,0.9436,-1.771,-0.5496,-0.7939,0,0,0
-0.2329,0.323,0.9475,-2.0,-0.4885,-0.2672,0,0,0
-0.2356,0.3262,0.9482,-1.7252,-0.4656,-0.3282,0,0,0
-0.2351,0.3298,0.9404,-1.6031,-0.5496,-0.6489,0,0,0
-0.2385,0.3225,0.948,-1.7328,-0.2901,-0.0992,0,0,0
-0.2368,0.3232,0.9465,-1.4962,-0.3359,-0.4122,0,0,0
-0.2368,0.3281,0.9407,-1.7405,-0.313,-0.1221,0,0,0
-0.2378,0.3247,0.9375,-1.7786,-0.2214,-0.4504,0,0,0
-0.2346,0.324,0.9414,-1.916,-0.4351,-0.2672,0,0,0
-0.2339,0.3267,0.9482,-1.7405,-0.2748,-0.2824,0,0,0
-0.2434,0.3274,0.9465,-1.5191,-0.3511,-0.3435,0,0,0
-0.24,0.3274,0.9414,-1.6412,-0.2519,-0.4733,0,0,0
-0.2383,0.3269,0.9407,-1.5802,-0.1908,-0.542,0,0,0
-0.2373,0.3235,0.9536,-1.7481,-0.2977,-0.4504,0,0,0
-0.2356,0.3254,0.938,-1.7328,-0.3435,-0.6641,0,0,0
-0.2346,0.3254,0.9446,-2.0458,-0.4809,-0.5267,0,0,0
-0.2341,0.3254,0.9402,-1.8397,-0.3588,-0.4122,0,0,0
-0.2388,0.3308,0.9429,-1.8092,-0.7099,-0.3893,0,0,0
-0.24,0.3269,0.9421,-1.7634,-0.5115,-0.5344,0,0,0
-0.2383,0.3271,0.9453,-1.7634,-0.855,-0.7099,0,0,0
-0.2371,0.3206,0.9502,-1.7634,-0.4656,-0.5802,0,0,0
-0.2395,0.3242,0.9434,-1.6947,-0.7634,-0.5725,0,0,0
-0.2412,0.3284,0.9414,-1.5725,-0.5496,-0.542,0,0,0
-0.2402,0.3257,0.9504,-1.8473,-0.626,-0.687,0,0,0
-0.2388,0.3254,0.9478,-1.9008,-0.7634,-0.8168,0,0,0
-0.2368,0.3264,0.9475,-1.6412,-0.6794,-0.5038,0,0,0
-0.2368,0.3245,0.9375,-1.7481,-0.5038,-0.6107,0,0,0
-0.2339,0.3242,0.9434,-1.5191,-0.855,-0.8626,0,0,0
-0.2361,0.3257,0.9414,-1.5191,-0.6794,-0.6489,0,0,0
-0.239,0.3279,0.9429,-1.4122,-0.8397,-0.5191,0,0,0
-0.2417,0.3303,0.9419,-1.2214,-0.8244,-0.6412,0,0,0
-0.2375,0.3281,0.9377,-1.4198,-0.7634,-0.626,0,0,0
-0.2349,0.3269,0.9509,-1.8397,-0.5954,-0.8168,0,0,0
-0.2358,0.3286,0.9473,-1.5649,-0.6489,-0.458,0,0,0
-0.2361,0.325,0.95,-1.8092,-0.6031,-0.313,0,0,0
-0.238,0.3289,0.9453,-1.542,-0.6565,-0.6107,0,0,0
-0.2385,0.3215,0.949,-1.4809,-0.542,-0.6947,0,0,0
-0.238,0.3271,0.9526,-1.4427,-0.6107,-0.6489,0,0,0
-0.2373,0.3264,0.9448,-1.542,-0.5802,-0.4351,0,0,0
-0.2368,0.3293,0.9487,-1.4504,-0.7252,-0.687,0,0,0
-0.2322,0.3267,0.9421,-1.5344,-0.6183,-0.7023,0,0,0
-0.2368,0.3289,0.9402,-1.6183,-0.5344,-0.5267,0,0,0
-0.2361,0.3201,0.9387,-1.5954,-0.6641,-0.7481,0,0,0
-0.2373,0.3281,0.9431,-1.4046,-0.5267,-0.6565,0,0,0
-0.2371,0.3254,0.9441,-1.4504,-0.5878,-0.8244,0,0,0
-0.2356,0.3279,0.9485,-1.6718,-0.4809,-0.5649,0,0,0
-0.2341,0.3315,0.9438,-1.8244,-0.7023,-0.6947,0,0,0
-0.2356,0.3228,0.9526,-1.7405,-0.3511,-0.8855,0,0,0
-0.2336,0.3228,0.9539,-1.5038,-0.3588,-0.6489,0,0,0
-0.2349,0.323,0.9529,-1.0076,0.0458,-0.5191,0,0,0
-0.2397,0.3279,0.9419,-0.9542,-0.2824,-0.5267,0,0,0
-0.2429,0.3276,0.9426,-1.5267,-0.626,-0.5802,0,0,0
-0.2371,0.3279,0.9412,-1.4427,-0.4962,-0.6336,0,0,0
-0.2368,0.3306,0.9412,-1.9084,-0.6565,-0.5649,0,0,0
-0.2344,0.3274,0.946,-1.8397,-0.4885,-0.626,0,0,0
-0.2354,0.323,0.949,-1.4733,-0.4733,-0.6107,0,0,0
-0.239,0.3259,0.9373,-1.5725,-0.4122,-0.5344,0,0,0
-0.2329,0.3254,0.9424,-1.374,-0.6794,-0.7557,0,0,0
-0.2407,0.3323,0.9426,-1.5725,-0.7252,-0.5649,0,0,0
-0.2339,0.3228,0.9521,-1.8168,-0.5191,-0.3969,0,0,0
-0.231,0.3267,0.9475,-1.6031,-0.313,-0.687,0,0,0
-0.2332,0.3254,0.938,-1.3359,-0.1069,-0.5573,0,0,0
-0.2336,0.3276,0.9507,-1.2595,-0.2519,-0.5649,0,0,0
-0.2339,0.3284,0.9446,-1.2137,0.1756,-0.6107,0,0,0
-0.2397,0.332,0.9509,-1.3206,-0.2824,-0.6794,0,0,0
-0.2358,0.3276,0.9424,-1.0458,-0.0992,-0.626,0,0,0
-0.2351,0.3259,0.9402,-1.1069,-0.0534,-0.3969,0,0,0
-0.2432,0.3303,0.9424,-1.4733,-0.0763,-0.5649,0,0,0
-0.2312,0.3293,0.9392,-1.3817,-0.1603,-0.9084,0,0,0
-0.2329,0.3147,0.9607,-0.7481,0.0305,-0.7863,0,0,0
-0.2197,0.3298,0.957,0.5115,1.374,0.0687,0,0,0
-0.2566,0.3315,0.925,-0.7634,0.3282,-0.5802,0,0,0
-0.2441,0.3389,0.937,-1.7328,-0.374,-0.7786,0,0,0
-0.24,0.3318,0.9355,-1.5573,-1.2366,-0.3893,0,0,0
-0.2366,0.3164,0.9529,-1.3282,-1.0611,-0.313,0,0,0
-0.2322,0.3337,0.9468,-1.5496,-0.771,-0.145,0,0,0
-0.2424,0.3391,0.9482,-2.3359,-1.3969,-0.542,0,0,0
-0.2317,0.3306,0.9495,-3.0687,-1.0916,-0.916,0,0,0
-0.2329,0.3215,0.9509,-2.8931,-0.7481,-0.7023,0,0,0
-0.2341,0.3174,0.9426,-2.0305,-0.7176,-0.9084,0,0,0
-0.2395,0.3315,0.9402,-1.855,-0.5191,-0.5115,0,0,0
-0.2419,0.3372,0.9448,-1.6107,-0.7786,-0.7481,0,0,0
-0.2749,0.3311,0.9177,-2.5954,-1.5267,-0.2519,0,0,0
-0.2573,0.3333,0.9204,-4.7252,-4.1603,-0.0611,0,0,0
-0.2173,0.3018,0.9524,-3.8626,-4.1832,-0.4198,0,0,0
-0.2251,0.3098,0.9553,-2.1985,-3.8092,1.2443,0,0,0
-0.2383,0.3232,0.9412,-1.3206,-2.7176,0.7939,0,0,0
-0.2751,0.4189,0.9067,-5.0687,-4.0229,4.1298,0,0,0
-0.2432,0.3972,0.9453,-14.5802,-3.1221,-0.9237,0,0,0
-0.2439,0.3462,0.9475,-17.3664,-4.313,3.3053,0,0,0
-0.2556,0.3318,0.9473,-17.8473,-7.0916,3.4809,0,0,0
-0.249,0.3228,0.9429,-19.9771,-8.2901,4.1603,0,0,0
-0.2488,0.2961,0.936,-19.3435,-10.5038,3.3969,0,0,0
-0.2727,0.3186,0.9194,-19.4351,-14.2137,5.2137,0,0,0
-0.2615,0.2791,0.9421,-19.1908,-19.2977,4.9389,0,0,0
-0.2102,0.2891,0.9851,-19.5267,-20.5344,5.8168,0,0,0
-0.186,0.2419,0.969,-14.5802,-18.1527,3.5344,0,0,0
-0.1484,0.2209,1.0476,-7.542,-15.1603,2.9924,0,0,0
-0.1318,0.2275,0.988,0.1145,-8.9389,1.8321,0,0,0
-0.1243,0.2886,0.9924,3.374,-3.3969,0.4656,0,0,0
-0.1714,0.3179,1.0132,5.2061,0.5573,-2.8473,0,0,0
-0.1995,0.3335,0.9521,4.5115,2.4351,0.4351,0,0,0
-0.2043,0.3586,0.9277,1.5725,1.5725,-1.8015,0,0,0
-0.2336,0.3291,0.928,-0.8473,0.9924,-0.6794,0,0,0
-0.2234,0.2412,0.9041,0.458,-1.374,-0.9008,0,0,0
-0.2068,0.3328,0.9766,-1.7328,-3.9618,0.2595,0,0,0
-0.2097,0.314,0.9771,-1.5954,-5.5115,0.5115,0,0,0
-0.196,0.3384,0.95,-3.916,-4.6565,0.7863,0,0,0
-0.1877,0.333,0.9595,-6.4427,-4.1756,0.8092,0,0,0
-0.1943,0.3062,0.969,-6.4504,-3.2519,0.2214,0,0,0
-0.2097,0.2468,0.9792,-4.8168,-3.2748,-2.5038,0,0,0
-0.1948,0.3215,0.9956,-0.0153,-3.542,1.8321,0,0,0
-0.2107,0.3618,0.9495,-3.1374,-4.7481,0.855,0,0,0
-0.219,0.366,0.9243,-8.9924,-4.7176,1.5496,0,0,0
-0.2014,0.3098,0.9619,-12.6565,-5.3664,1.7634,0,0,0
-0.1697,0.2524,0.9763,-9.374,-3.7481,0.5649,0,0,0
-0.1794,0.2605,0.9551,-5.2443,-2.0153,0.8015,0,0,0
-0.175,0.3098,0.9641,-3.9542,0.1756,0.8779,0,0,0
-0.1724,0.3359,0.9807,-6.0,1.3282,-0.2824,0,0,0
-0.1831,0.2832,0.9807,-4.3969,3.313,-1.7099,0,0,0
-0.2017,0.2937,0.9749,-3.2595,2.7023,-0.855,0,0,0
-0.1829,0.2891,0.958,-2.5573,2.9695,-2.229,0,0,0
-0.2012,0.2603,0.95,-0.4427,3.1221,-2.1756,0,0,0
-0.2307,0.2815,0.9658,0.7099,2.1527,-1.5649,0,0,0
-0.2087,0.3135,0.9573,0.3206,0.8321,-0.9847,0,0,0
-0.2024,0.2842,0.9658,0.7099,1.0763,-2.0611,0,0,0
-0.1924,0.2952,0.9717,-1.9695,1.0229,-1.313,0,0,0
-0.2046,0.322,0.9675,-1.7786,1.2901,-0.4656,0,0,0
-0.1787,0.2546,0.9907,-0.9847,1.1832,-3.6565,0,0,0
-0.1785,0.2473,0.9963,3.6641,2.8702,-2.2901,0,0,0
-0.2056,0.2603,0.9539,8.4656,3.8244,-1.9389,0,0,0
-0.2444,0.2976,0.9175,8.7786,2.7557,-2.1756,0,0,0
-0.209,0.3792,0.9648,4.374,2.5344,-1.0687,0,0,0
-0.2134,0.3418,0.9639,1.0687,2.3893,-1.8168,0,0,0
-0.2336,0.3047,0.9465,-0.2137,1.1603,-1.374,0,0,0
-0.2126,0.2896,0.9399,-1.0687,0.1527,-0.6489,0,0,0
-0.2139,0.3022,0.948,-0.8855,-0.313,-0.9313,0,0,0
-0.2024,0.3118,0.9614,0.6031,0.2366,-0.542,0,0,0
-0.2078,0.3247,0.9492,-0.2977,2.0382,-1.3511,0,0,0
-0.2527,0.3528,0.9385,-1.626,3.0153,-2.0687,0,0,0
-0.21,0.262,0.958,-1.7481,3.9237,-3.5878,0,0,0
-0.1797,0.2109,0.9817,3.3053,6.2366,-4.1603,0,0,0
-0.1921,0.2771,0.9617,7.1985,7.2748,-2.7557,0,0,0
-0.175,0.2036,0.9487,12.0534,10.1603,-7.1527,0,0,0
-0.2048,0.3286,0.9563,11.3282,11.626,-2.5725,0,0,0
-0.239,0.3906,0.9448,8.7557,10.542,-3.6107,0,0,0
-0.2683,0.3513,0.9421,5.4656,8.9237,-4.5649,0,0,0
-0.2009,0.3201,0.9771,4.3588,8.9008,-4.2977,0,0,0
-0.1914,0.2625,0.9695,8.3053,9.6336,-6.6183,0,0,0
-0.2073,0.2507,0.9685,14.6489,12.4656,-3.2595,0,0,0
-0.2781,0.2957,0.9268,17.9542,13.8702,-3.5573,0,0,0
-0.2505,0.3804,0.9604,16.0687,-7.9466,8.8626,0,0,0
-0.1296,0.3904,0.9592,11.626,-0.5115,1.0458,0,0,0
-0.1736,0.3269,0.9419,12.1527,7.0458,-3.8855,0,0,0
-0.2502,0.2944,0.9453,13.0534,7.5573,-2.9313,0,0,0
-0.2161,0.3411,0.9338,12.0382,2.8168,-0.9847,0,0,0
-0.2231,0.3936,0.981,9.8397,3.2977,-1.0534,0,0,0
-0.2561,0.3992,0.9702,8.1374,2.5725,-0.2824,0,0,0
-0.2104,0.4287,0.9497,5.6336,1.2443,-1.0076,0,0,0
-0.2585,0.3496,0.9807,3.4275,0.2214,-2.7481,0,0,0
-0.3027,0.3027,0.908,4.5344,-3.7328,-0.5725,0,0,0
-0.0498,0.3181,0.9028,2.6031,5.5267,-4.9542,0,0,0
-0.1572,0.2246,0.9241,6.1908,13.3893,-8.2824,0,0,0
-0.2295,0.3269,0.9834,12.0153,14.9618,-6.6565,0,0,0
-0.3103,0.3735,0.9233,14.9771,9.4046,-2.6718,0,0,0
-0.2859,0.4121,0.9102,4.7786,5.3282,-1.1527,0,0,0
-0.197,0.3516,0.9099,5.5649,5.8779,-4.5878,0,0,0
-0.2627,0.4023,0.9495,2.8397,6.4275,-2.2214,0,0,0
-0.2896,0.4111,0.9492,0.6412,2.229,-0.2137,0,0,0
-0.2507,0.321,0.9048,-0.229,0.0611,-1.8015,0,0,0
-0.2373,0.2935,0.9458,3.1908,-0.9466,0.2748,0,0,0
-0.2434,0.323,0.9641,9.7786,0.145,1.0992,0,0,0
-0.2886,0.4656,0.9297,4.374,1.5573,4.6718,0,0,0
-0.2363,0.3074,0.8684,4.2901,-2.5344,0.5496,0,0,0
-0.2305,0.3542,0.9441,4.6641,-0.7405,2.4275,0,0,0
-0.231,0.4199,0.9749,5.0305,0.084,2.7863,0,0,0
-0.2568,0.3933,0.9443,3.0229,-0.3359,-1.542,0,0,0
-0.2329,0.3193,0.9622,5.9084,0.374,-2.2214,0,0,0
-0.2422,0.3345,0.864,3.2595,3.9618,-1.313,0,0,0
-0.2639,0.3247,0.9221,7.4198,2.2443,-0.9237,0,0,0
-0.2612,0.4072,0.9155,1.687,4.3206,-1.4427,0,0,0
-0.2791,0.3591,0.9043,1.9771,1.2901,-1.3817,0,0,0
-0.2751,0.3403,0.9375,2.5878,0.3588,-1.6107,0,0,0
-0.22,0.3882,0.9592,5.2824,3.1221,-0.7252,0,0,0
-0.2981,0.3984,0.8813,1.2366,2.5267,0.1221,0,0,0
-0.2292,0.3926,0.8987,-1.9466,1.4198,-2.4962,0,0,0
-0.2542,0.3845,0.9517,-1.9847,1.6947,-2.0687,0,0,0
-0.2434,0.3538,0.9458,-0.9389,2.229,-2.1908,0,0,0
-0.272,0.3169,0.9458,1.771,1.4733,-2.0916,0,0,0
-0.28,0.2957,0.8901,3.8092,-0.3817,0.1679,0,0,0
-0.2495,0.3499,0.9724,10.5344,-0.7099,-0.4122,0,0,0
-0.3069,0.3447,0.9392,13.4733,-2.8473,1.3053,0,0,0
-0.2053,0.4309,0.9099,11.6336,-1.4962,1.4122,0,0,0
-0.2405,0.4192,0.8796,6.3893,-0.916,-0.458,0,0,0
-0.3328,0.4072,0.8979,3.5191,-1.1298,-1.9008,0,0,0
-0.2141,0.386,0.9568,0.542,-0.7099,-2.7557,0,0,0
-0.262,0.3293,0.9341,3.4733,-2.8931,-2.6107,0,0,0
-0.2205,0.4944,0.8979,1.313,0.6641,-1.0916,0,0,0
-0.2234,0.5103,0.9231,-7.0611,3.7863,-3.8626,0,0,0
-0.2788,0.4043,0.8618,-13.916,2.9389,-8.7252,0,0,0
-0.2656,0.3191,0.8904,-12.6031,1.3893,-8.1374,0,0,0
-0.2695,0.2957,0.9414,-7.1069,1.3817,-5.5267,0,0,0
-0.251,0.2864,0.9316,-0.8702,0.916,-4.0229,0,0,0
-0.2485,0.3523,0.9204,1.5496,0.9008,-2.8473,0,0,0
-0.2485,0.3652,0.9192,2.4885,3.084,-3.458,0,0,0
-0.2593,0.3638,0.928,2.1908,3.0534,-3.374,0,0,0
-0.2732,0.3701,0.9092,1.7481,2.0076,-1.9313,0,0,0
-0.2041,0.3491,0.9392,1.5725,3.8092,-4.4351,0,0,0
-0.2468,0.3765,0.9331,3.1985,3.5878,-3.6565,0,0,0
-0.2173,0.394,0.9324,3.5496,4.8015,-4.8855,0,0,0
-0.2991,0.3909,0.8665,4.2443,-2.3588,-5.8244,0,0,0
-0.2666,0.365,0.8552,6.0458,-8.1832,-7.1679,0,0,0
-0.4404,0.3865,0.8188,3.3817,-20.8244,0.4275,0,0,0
-0.083,0.3835,1.0156,1.2748,-6.0305,-3.7099,0,0,0
-0.2974,0.3418,0.9197,0.458,3.0763,0.542,0,0,0
-0.2927,0.3743,0.9204,2.6489,1.3588,0.0153,0,0,0
-0.2502,0.3257,0.9148,4.0534,0.5573,-1.2214,0,0,0
-0.2715,0.3787,0.9116,6.2519,2.6718,0.3817,0,0,0
-0.2651,0.4365,0.9177,5.2137,1.6641,2.1985,0,0,0
-0.2131,0.3513,0.9202,4.2901,-0.2977,-2.0763,0,0,0
-0.2451,0.3572,0.9417,7.5496,3.7023,-1.7939,0,0,0
-0.2859,0.3794,0.917,8.2824,2.458,0.0458,0,0,0
-0.2715,0.4028,0.9048,8.2977,0.9771,0.542,0,0,0
-0.3044,0.4207,0.8672,4.6412,-2.1603,2.4198,0,0,0
-0.2131,0.4661,0.9058,-1.3817,-1.0992,0.6794,0,0,0
-0.26,0.4153,0.9368,-2.855,-0.2137,-0.8931,0,0,0
-0.2395,0.355,0.9717,0.9084,0.4809,-2.4122,0,0,0
-0.2793,0.3525,0.9404,6.626,-0.3969,0.0153,0,0,0
-0.2747,0.4592,0.8943,7.2443,1.0458,3.4733,0,0,0
-0.25,0.49,0.8586,-1.0305,-0.6947,-0.1985,0,0,0
-0.259,0.4541,0.865,-9.6794,0.0305,-2.0611,0,0,0
-0.2559,0.3955,0.9355,-9.6107,-0.4122,-2.9008,0,0,0
-0.249,0.355,0.9666,-6.0916,0.0916,-2.3969,0,0,0
-0.2346,0.3357,0.9399,0.2901,1.3282,-1.9237,0,0,0
-0.2478,0.4287,0.9072,0.7557,4.3053,-3.9618,0,0,0
-0.3088,0.4092,0.8801,-4.2901,3.9771,-4.2519,0,0,0
-0.2351,0.4058,0.9009,-5.7481,2.5344,-4.5496,0,0,0
-0.2629,0.3857,0.9453,-4.9389,2.458,-4.5344,0,0,0
-0.1733,0.2668,0.9614,-1.7634,2.916,-3.5573,0,0,0
-0.2993,0.4041,0.9165,-0.8702,0.3817,-2.626,0,0,0
-0.3398,0.4031,0.873,-1.1527,-2.9466,0.6489,0,0,0
-0.2241,0.4111,0.9128,-4.626,-3.7939,0.2214,0,0,0
-0.2451,0.3777,0.9302,-3.9084,-0.8779,-1.6412,0,0,0
-0.323,0.3501,0.9084,1.313,4.4962,-2.6947,0,0,0
-0.2839,0.3896,0.9004,1.3282,0.7176,0.7023,0,0,0
-0.2383,0.4031,0.8945,-0.2366,-1.2901,0.8626,0,0,0
-0.3049,0.3752,0.8906,1.3282,2.5038,-0.1756,0,0,0
-0.2615,0.3992,0.8953,-0.7634,-2.7939,2.7252,0,0,0
-0.2441,0.3992,0.9041,-1.3969,-2.8626,2.1374,0,0,0
-0.2405,0.386,0.9194,-1.8168,-4.7176,4.5191,0,0,0
-0.1792,0.3652,0.9387,0.3817,-1.2748,1.1603,0,0,0
-0.269,0.3667,0.9348,3.7481,0.8244,1.2595,0,0,0
-0.2786,0.3889,0.915,5.6794,-1.2748,1.9313,0,0,0
-0.2695,0.4065,0.9224,7.2748,-1.6565,1.9924,0,0,0
-0.2786,0.4546,0.885,4.2824,-2.3206,3.229,0,0,0
-0.2922,0.4521,0.8818,-1.0916,-6.5267,2.626,0,0,0
-0.2839,0.4028,0.8999,-3.0763,-9.0534,4.8855,0,0,0
-0.2998,0.3057,0.8606,-4.5725,-17.3588,9.4809,0,0,0
-0.1265,0.3975,0.9429,-2.4809,-12.0382,9.9389,0,0,0
-0.2075,0.4739,1.0005,-0.9847,-1.1069,3.9313,0,0,0
-0.1948,0.4329,0.9502,-0.8626,1.5344,-1.8931,0,0,0
-0.2341,0.4189,0.906,-1.6183,4.2824,-3.7557,0,0,0
-0.2805,0.4182,0.8918,-3.6794,3.6489,-3.4122,0,0,0
-0.2412,0.4126,0.9128,-5.5954,3.0916,-4.6336,0,0,0
-0.26,0.3745,0.9246,-4.7481,3.1298,-4.6641,0,0,0
-0.2498,0.3684,0.9124,-2.5954,2.8473,-3.4504,0,0,0
-0.3032,0.3865,0.9062,-1.7099,1.2366,-2.2748,0,0,0
-0.1875,0.4138,0.926,-2.3359,2.7023,-3.8397,0,0,0
-0.2175,0.4124,0.9441,-2.2595,6.9618,-7.1908,0,0,0
-0.2471,0.3682,0.9387,-0.2366,7.5725,-7.3359,0,0,0
-0.282,0.3704,0.9307,3.2748,7.3664,-7.0992,0,0,0
-0.4688,0.2839,0.791,2.8779,-6.1527,2.0992,0,0,0
-0.2319,0.3909,0.9053,7.0153,1.3282,2.0229,0,0,0
-0.2622,0.4673,0.9106,4.7176,-1.1679,-0.4962,0,0,0
-0.1758,0.3611,0.8862,2.5344,6.5878,-6.9084,0,0,0
-0.2451,0.3955,0.9355,10.0916,8.5954,-2.0305,0,0,0
-0.2917,0.4265,0.8853,10.1679,4.3817,-2.8473,0,0,0
-0.3301,0.4014,0.8569,8.8702,4.2366,-1.145,0,0,0
-0.2605,0.437,0.8723,4.771,2.8473,-0.313,0,0,0
-0.2922,0.4465,0.8682,2.1298,1.1298,-0.6641,0,0,0
-0.2395,0.4236,0.9321,-0.0382,0.7099,-0.9924,0,0,0
-0.3103,0.3647,0.9189,2.7176,0.7252,-1.0153,0,0,0
-0.2856,0.3696,0.8811,5.3435,-3.3359,3.4504,0,0,0
-0.272,0.436,0.8972,4.9771,-3.5725,4.0687,0,0,0
-0.2805,0.4246,0.8777,3.0916,-3.0611,3.4275,0,0,0
-0.2249,0.4424,0.8933,0.0305,-1.6718,2.4504,0,0,0
-0.27,0.4697,0.8955,-2.145,1.0916,0.084,0,0,0
-0.2371,0.4312,0.9075,-3.9542,2.1679,-2.5954,0,0,0
-0.2922,0.4102,0.9155,-4.1603,1.3893,-2.0916,0,0,0
-0.2871,0.386,0.9004,-2.2443,-0.5115,-0.687,0,0,0
-0.2319,0.4365,0.9148,-2.3053,1.8092,-1.8702,0,0,0
-0.2798,0.4216,0.8928,-2.0382,3.4046,-4.0992,0,0,0
-0.2898,0.3979,0.887,-2.5573,0.6641,-1.0687,0,0,0
-0.2351,0.4202,0.9109,-2.1145,1.6565,-2.229,0,0,0
-0.2961,0.4124,0.8828,-3.8626,0.4885,-2.3817,0,0,0
-0.2725,0.3789,0.8892,-1.9084,-1.0382,-0.3435,0,0,0
-0.2419,0.4131,0.9097,-0.7176,-0.7405,-0.855,0,0,0
-0.2639,0.4377,0.8977,-1.8855,0.3893,-1.8397,0,0,0
-0.158,0.4231,0.9241,-2.8779,2.7634,-4.084,0,0,0
-0.2527,0.4221,0.9204,-2.7786,6.9542,-6.4809,0,0,0
-0.2158,0.2952,0.9092,2.3282,-6.1679,-0.7405,0,0,0
-0.3125,0.3857,0.9683,10.9924,6.2519,0.7634,0,0,0
-0.4458,0.4978,0.908,12.7023,-4.1145,0.6412,0,0,0
-0.3235,0.4395,0.8162,9.5725,2.8321,-1.7023,0,0,0
-0.3308,0.5,0.8508,1.6489,-1.5954,-1.1221,0,0,0
-0.2932,0.4509,0.8689,-3.5725,0.8321,-2.6107,0,0,0
-0.2317,0.3789,0.9248,-1.6183,-3.0382,-0.374,0,0,0
-0.2859,0.3984,0.9028,-2.1221,2.4046,-1.5038,0,0,0
-0.2803,0.3992,0.8958,-1.8473,1.2901,-0.2366,0,0,0
-0.3101,0.406,0.8687,-1.4275,-0.2672,1.916,0,0,0
-0.2664,0.427,0.864,-2.9008,-2.374,3.7481,0,0,0
-0.2559,0.4648,0.9355,-4.2214,-2.7786,1.9313,0,0,0
-0.2776,0.4446,0.887,-7.0534,-1.5954,2.5267,0,0,0
-0.3167,0.4238,0.8501,-9.9695,-6.0534,4.0534,0,0,0
-0.3032,0.3555,0.9138,-7.8015,-9.7481,6.3053,0,0,0
-0.1819,0.3174,0.9551,-2.1298,-7.4198,6.7557,0,0,0
-0.1997,0.4084,0.9802,5.3893,-0.4198,5.2137,0,0,0
-0.2603,0.4631,0.9006,5.0611,2.4962,1.2748,0,0,0
-0.2944,0.4626,0.8687,1.9924,3.1756,-0.7634,0,0,0
-0.2029,0.46,0.8657,-3.7328,6.7405,-3.7176,0,0,0
-0.3337,0.4695,0.9038,-6.0458,6.1298,-4.9237,0,0,0
-0.3218,0.3833,0.8906,-5.916,0.6412,-2.1374,0,0,0
-0.2849,0.3914,0.9021,-3.8473,-1.8626,0.7863,0,0,0
-0.2446,0.4468,0.9109,-3.8397,0.9618,-1.5954,0,0,0
-0.249,0.4246,0.8994,-5.5115,1.8321,-3.2901,0,0,0
-0.2356,0.4111,0.9055,-5.5725,5.7557,-5.6107,0,0,0
-0.2495,0.4656,0.9116,-6.9389,6.7328,-6.3969,0,0,0
-0.2664,0.4016,0.8933,-8.3893,5.8015,-8.1603,0,0,0
-0.2703,0.4097,0.9033,-9.0458,5.5878,-6.7939,0,0,0
-0.2395,0.406,0.8867,-9.5725,5.0229,-6.5878,0,0,0
-0.3271,0.4497,0.8645,-14.0534,2.3588,-5.6718,0,0,0
-0.2244,0.3579,0.8821,-14.1527,1.8855,-7.313,0,0,0
-0.3911,0.4805,0.8958,-9.9466,-12.7252,-3.0,0,0,0
-0.1763,0.3179,0.9573,-5.5725,-2.8397,0.0382,0,0,0
-0.3154,0.4011,0.9312,-1.2824,-2.7481,-0.5725,0,0,0
-0.2883,0.4241,0.8623,-3.8397,-2.855,0.0611,0,0,0
-0.3015,0.4233,0.8606,-8.3206,-3.9618,0.145,0,0,0
-0.3062,0.4063,0.8752,-11.1603,-5.5802,0.8931,0,0,0
-0.2722,0.406,0.9043,-12.4275,-4.8397,0.9695,0,0,0
-0.3215,0.3823,0.8914,-12.9008,-5.7939,1.4733,0,0,0
-0.3035,0.3689,0.8894,-12.5344,-8.458,3.0534,0,0,0
-0.2693,0.3875,0.9119,-11.0305,-5.0229,3.1908,0,0,0
-0.2849,0.3828,0.8867,-11.3206,-10.4733,5.2061,0,0,0
-0.2676,0.3904,0.8987,-10.7099,-10.9542,4.8855,0,0,0
-0.2458,0.4119,0.9685,-8.9771,-8.3053,2.4962,0,0,0
-0.2849,0.3557,0.9167,-8.8702,-7.6412,2.6336,0,0,0
-0.2959,0.3533,0.9172,-7.4046,-10.6718,4.626,0,0,0
-0.2495,0.3662,0.9026,-5.8015,-11.4504,5.3282,0,0,0
-0.2292,0.377,0.926,-4.7176,-8.8626,5.313,0,0,0
-0.2563,0.3806,0.9368,-3.9084,-8.4809,4.2748,0,0,0
-0.2888,0.3779,0.8938,-3.2137,-10.4809,7.458,0,0,0
-0.2317,0.4016,0.9402,-3.4809,-12.2748,6.6718,0,0,0
-0.2622,0.3843,0.9255,-2.5725,-11.7939,5.9237,0,0,0
-0.2925,0.3767,0.9004,-2.5267,-13.1832,8.6641,0,0,0
-0.2507,0.3826,0.9143,-2.771,-14.0611,9.6718,0,0,0
-0.2998,0.405,0.8894,-4.3359,-20.2748,13.1908,0,0,0
-0.1958,0.4026,0.9814,-1.4733,-11.6641,5.8779,0,0,0
-0.2224,0.4094,0.9465,-2.3664,-6.5038,4.9237,0,0,0
-0.217,0.4141,0.9094,-3.0076,-9.1603,4.1298,0,0,0
-0.1768,0.4011,0.9536,-3.4885,-6.9771,3.0,0,0,0
-0.2107,0.364,0.937,-1.2137,-2.1298,0.5649,0,0,0
-0.2271,0.3975,0.918,-0.7481,-2.0,1.6183,0,0,0
-0.2219,0.4351,0.9412,-2.4504,-1.5954,-1.1603,0,0,0
-0.2378,0.3965,0.9341,-2.7176,-3.1069,-0.1221,0,0,0
-0.292,0.4009,0.8564,-3.145,-1.7328,1.7023,0,0,0
-0.2393,0.405,0.9214,-6.145,-5.8779,0.2672,0,0,0
-0.1985,0.3506,0.9153,-5.2443,-1.6947,-1.0611,0,0,0
-0.2222,0.364,0.9641,-1.9389,0.6031,-0.4504,0,0,0
-0.2158,0.3564,0.9016,-0.0076,0.1221,-0.4351,0,0,0
-0.2253,0.4414,0.9121,-2.0687,-1.2137,-0.5344,0,0,0
-0.2185,0.3794,0.9304,-2.1221,0.0076,-1.6336,0,0,0
-0.2063,0.3706,0.9517,-0.8092,1.5649,-1.7405,0,0,0
-0.241,0.4058,0.9014,-0.7328,1.2748,-1.4122,0,0,0
-0.2234,0.4116,0.9385,-3.3664,1.9847,-2.3664,0,0,0
-0.325,0.491,0.9065,-6.9924,-0.1756,-0.1145,0,0,0
-0.2014,0.3506,0.9153,-9.084,-2.5344,-1.1679,0,0,0
-0.269,0.4053,0.9077,-9.0458,-6.3511,0.6718,0,0,0
-0.1943,0.3633,0.9497,-9.1832,-5.4504,0.0153,0,0,0
-0.3149,0.3552,0.8943,-7.3588,-7.0076,1.458,0,0,0
-0.2852,0.4331,0.873,-10.6336,-13.1603,4.229,0,0,0
-0.2622,0.4131,0.9075,-13.6412,-12.3893,3.0611,0,0,0
-0.179,0.3538,0.9255,-12.9313,-14.0763,2.2672,0,0,0
-0.2642,0.4021,0.9202,-13.374,-15.1527,4.9695,0,0,0
-0.1597,0.3259,0.957,-13.0,-8.9618,1.5191,0,0,0
-0.2031,0.3477,0.9453,-10.6412,-9.1756,1.8931,0,0,0
-0.2673,0.3806,0.9236,-8.8168,-11.3206,5.4504,0,0,0
-0.22,0.3833,0.927,-10.0076,-11.6947,2.6489,0,0,0
-0.2781,0.4016,0.9089,-12.3664,-14.4198,6.9237,0,0,0
-0.1558,0.3848,0.9751,-13.6412,-13.4046,3.855,0,0,0
-0.2092,0.3545,0.9131,-13.1832,-10.9313,3.7557,0,0,0
-0.1726,0.3506,0.9373,-12.5115,-11.7328,2.374,0,0,0
-0.1936,0.3291,0.9465,-9.8931,-7.9313,2.4885,0,0,0
-0.1541,0.355,0.9912,-7.8779,-5.8244,1.5802,0,0,0
-0.2131,0.3652,0.8953,-8.3435,-6.0534,2.7252,0,0,0
-0.1716,0.3582,0.9971,-10.1069,-9.5573,-0.7023,0,0,0
-0.207,0.333,0.9607,-8.4122,-5.0076,0.6794,0,0,0
-0.1428,0.3003,0.9636,-4.1679,-0.771,-1.8626,0,0,0
-0.1926,0.3408,0.9414,-0.8321,1.0534,-1.2061,0,0,0
-0.2681,0.354,0.9424,-1.4122,-1.1374,-0.4427,0,0,0
-0.1748,0.3459,0.9436,-1.5878,6.3282,-4.4351,0,0,0
-0.3245,0.3354,0.9387,1.855,4.9618,-2.4198,0,0,0
-0.1187,0.2761,0.998,7.374,6.1756,-6.4962,0,0,0
-0.209,0.3308,0.9443,12.1603,9.4733,-3.4427,0,0,0
-0.1455,0.3926,0.9805,10.4962,10.1985,-7.2061,0,0,0
-0.291,0.3418,0.9131,11.2366,11.2672,-4.9847,0,0,0
-0.1736,0.3875,0.9753,9.916,7.1832,-6.1832,0,0,0
-0.2339,0.3464,0.9253,11.2977,6.3359,-5.084,0,0,0
-0.2092,0.3718,0.9238,10.4962,6.1145,-3.9084,0,0,0
-0.2312,0.3967,0.9067,8.8779,3.4427,-2.1832,0,0,0
-0.2153,0.3982,0.9128,5.5496,1.3053,-2.5878,0,0,0
-0.2051,0.3687,0.9626,6.1298,4.9084,-4.0,0,0,0
-0.2585,0.3274,0.9382,9.0992,2.8244,-2.687,0,0,0
-0.2319,0.3181,0.9197,11.8244,10.0763,-0.4962,0,0,0
