ax,ay,az,gx,gy,gz,left_click,right_click
0.1145,0.2759,0.9736,-2.6183,1.084,-1.229,0,0,0
0.1167,0.2678,0.9707,-2.3053,0.2061,-1.2977,0,0,0
0.1177,0.2698,0.9644,-1.5878,-0.7557,-0.3053,0,0,0
0.1133,0.2715,0.9531,-1.0305,-2.4046,-0.1527,0,0,0
0.1172,0.2805,0.9788,-0.1527,-2.6336,-0.0763,0,0,0
0.126,0.2866,0.9802,-0.5344,-1.8092,0.0458,0,0,0
0.1196,0.2837,0.9819,-0.3359,-1.3359,-0.1145,0,0,0
0.123,0.2947,0.991,-0.4504,-1.2214,-0.5496,0,0,0
0.1177,0.2979,0.9854,-0.9237,-0.0916,-0.9389,0,0,0
0.1138,0.292,0.9929,-1.7786,0.1069,-1.4962,0,0,0
0.1123,0.2874,0.9749,-2.7176,-1.0382,-1.3359,0,0,0
0.1147,0.2813,0.9812,-2.8244,-1.6489,-0.7023,0,0,0
0.1211,0.2813,0.9893,-2.6489,-1.5878,-0.626,0,0,0
0.1265,0.2876,0.9978,-1.458,-0.8931,-0.1908,0,0,0
0.1279,0.2852,0.9998,-0.6336,0.3511,-0.9466,0,0,0
0.1211,0.2866,0.9895,-0.5496,0.9695,-1.0076,0,0,0
0.115,0.2935,0.9824,-1.4885,0.7863,-0.9542,0,0,0
0.1125,0.2771,0.9722,-1.5573,-0.7099,-0.687,0,0,0
0.1143,0.2869,0.9761,-0.5115,-1.8702,-0.7786,0,0,0
0.1216,0.2937,0.9851,-0.1679,-1.7176,-1.1221,0,0,0
0.1223,0.2756,0.9854,0.3664,-1.6412,-0.4809,0,0,0
0.1309,0.2864,0.9917,0.6641,-1.0,-0.0458,0,0,0
0.1284,0.2896,0.9805,-1.0916,-0.4656,-0.3817,0,0,0
0.1228,0.283,0.9854,-1.2061,-0.5649,-0.2366,0,0,0
0.1116,0.2803,0.9893,-0.9466,-1.4198,0.3206,0,0,0
0.1155,0.283,0.9756,-0.6183,-2.0916,0.8779,0,0,0
0.1189,0.2896,0.9863,-0.1832,-3.1145,1.4733,0,0,0
0.1128,0.2893,0.988,0.542,-4.3588,1.916,0,0,0
0.1118,0.2979,0.9888,0.6031,-5.6412,1.7939,0,0,0
0.1143,0.2976,0.9797,-0.3053,-6.7481,2.0916,0,0,0
0.1187,0.2981,0.9912,-1.0763,-9.0916,2.9618,0,0,0
0.1243,0.2932,0.9871,-2.3664,-9.8092,3.4809,0,0,0
0.1206,0.283,0.9832,-2.855,-11.3359,4.9695,0,0,0
0.1265,0.2817,0.9854,-3.145,-12.2901,5.7099,0,0,0
0.125,0.2864,0.9773,-1.3588,-13.6031,6.9771,0,0,0
0.1934,0.3145,1.0071,-0.4275,-8.2748,3.2748,0,0,0
0.1892,0.3335,1.0464,1.4504,-2.2214,0.3359,0,0,0
0.1628,0.3286,1.0588,6.5267,4.6412,-8.1908,0,0,0
0.1504,0.3835,1.0552,11.3511,10.145,-17.5878,0,0,0
0.1494,0.4163,1.0491,13.8779,13.5038,-29.7099,0,0,0
0.1292,0.3992,1.0583,15.313,15.8397,-38.2519,0,0,0
0.1602,0.3613,1.0449,16.7939,18.9008,-45.3053,0,0,0
0.1401,0.3357,0.968,18.9695,21.6718,-52.1145,0,0,0
0.1177,0.2825,1.0071,26.3435,23.5573,-56.2519,0,0,0
0.1069,0.3589,0.9766,33.2595,22.8626,-61.5496,0,0,0
0.0874,0.3474,0.929,36.4198,25.3435,-66.6031,0,0,0
0.0798,0.3582,0.9407,38.3053,24.1756,-72.6336,0,0,0
0.0342,0.3496,0.9346,40.6336,20.542,-77.2061,0,0,0
0.1045,0.4009,0.9355,41.2214,19.1908,-79.0305,0,0,0
0.0044,0.4065,0.9614,41.8244,13.4656,-76.0916,0,0,0
0.0063,0.4153,0.9287,35.687,8.6183,-70.8168,0,0,0
0.0605,0.3928,0.9246,23.4122,6.7099,-63.4198,0,0,0
-0.0039,0.3982,0.9189,15.5267,0.4656,-52.3359,0,0,0
0.0217,0.3274,0.9207,12.0992,-3.5649,-47.7863,0,0,0
0.0049,0.3687,0.9153,12.9466,-7.2137,-46.6641,0,0,0
0.0767,0.4307,0.9739,15.4809,-6.0076,-50.4962,0,0,0
0.074,0.4736,0.9854,17.0382,-1.145,-58.8092,0,0,0
0.0227,0.4976,0.9868,19.3969,-1.542,-67.687,0,0,0
0.0469,0.4658,0.9934,19.3664,-3.9771,-71.8168,0,0,0
0.0481,0.4155,0.998,11.0229,3.1679,-68.7863,0,0,0
0.0725,0.3706,0.9707,-0.5038,13.9695,-57.626,0,0,0
0.0413,0.2783,0.949,-7.7252,18.916,-43.4656,0,0,0
0.0623,0.2283,0.9534,-8.855,21.1069,-32.2061,0,0,0
-0.0056,0.2766,0.916,-8.6641,22.6794,-24.9695,0,0,0
0.0605,0.2983,0.9172,-8.4733,24.2901,-19.8321,0,0,0
0.0068,0.2952,0.9534,-9.2595,24.9389,-13.8779,0,0,0
0.0181,0.3303,0.968,-10.916,29.0916,-6.2901,0,0,0
-0.042,0.3093,0.9336,-13.2214,31.2061,5.2443,0,0,0
-0.1025,0.3484,0.8828,-18.0229,26.8092,15.5191,0,0,0
-0.0068,0.3286,0.9097,-15.7099,23.1298,17.4198,0,0,0
-0.0498,0.332,0.9075,-13.0,18.5114,15.8397,0,0,0
-0.0376,0.3303,0.9519,-11.2824,16.8931,15.7023,0,0,0
-0.0481,0.3374,0.9695,-11.2748,16.4885,18.9695,0,0,0
0.0188,0.3564,1.0229,-9.9542,19.6641,21.7557,0,0,0
-0.0291,0.3699,1.0032,-9.5725,26.2977,23.1069,0,0,0
-0.0444,0.3665,0.9893,-10.687,30.5878,22.5038,0,0,0
-0.0876,0.3369,0.9509,-12.9237,27.9313,23.4122,0,0,0
-0.1143,0.3521,0.906,-18.916,25.1756,26.6183,0,0,0
-0.0886,0.3396,0.8945,-24.313,17.4427,32.374,0,0,0
-0.0542,0.3071,0.9133,-27.5114,13.9618,37.458,0,0,0
-0.0364,0.2976,0.9802,-30.4504,13.8397,43.6947,0,0,0
0.0762,0.3311,1.031,-30.7557,26.9237,45.7634,0,0,0
-0.1074,0.3362,0.9705,-27.4809,24.4809,45.8168,0,0,0
-0.0313,0.3689,0.9834,-27.458,30.1221,43.2977,0,0,0
-0.0613,0.322,1.0527,-30.2443,33.916,43.1679,0,0,0
0.0276,0.3452,1.0933,-38.4046,48.4733,52.4046,0,0,0
-0.0149,0.2983,1.0464,-46.8931,59.8855,63.6412,0,0,0
-0.0352,0.2859,1.0,-52.8855,66.3053,71.1679,0,0,0
-0.1262,0.2598,0.9321,-51.6641,66.8092,71.2519,0,0,0
-0.1306,0.2827,0.9209,-42.626,55.6107,62.8244,0,0,0
-0.1926,0.2996,0.8928,-27.084,45.2748,48.7939,0,0,0
-0.2083,0.3337,0.9062,-14.5496,34.9084,37.687,0,0,0
-0.137,0.3457,0.9768,-8.6947,29.9084,33.7786,0,0,0
0.0605,0.3574,1.1482,-12.0687,41.0916,37.4733,0,0,0
-0.0198,0.3164,1.1016,-16.7481,61.1985,41.9695,0,0,0
-0.1948,0.3291,1.0002,-20.0153,67.4886,40.771,0,0,0
-0.2668,0.3408,0.8923,-24.5267,62.3969,35.9008,0,0,0
-0.1711,0.3989,0.8608,-30.3053,46.626,28.6489,0,0,0
-0.2759,0.3074,0.8242,-28.7328,35.8321,19.8321,0,0,0
-0.2627,0.2764,0.8628,-19.0458,19.2748,15.8015,0,0,0
-0.1841,0.2742,0.915,-9.4962,10.4351,13.8779,0,0,0
-0.1594,0.2781,0.9424,-2.5725,9.313,13.7328,0,0,0
-0.1738,0.2986,0.9556,-3.0305,9.313,14.7939,0,0,0
-0.1919,0.3042,0.9631,-7.9313,8.5954,18.6031,0,0,0
-0.1982,0.3066,0.9475,-12.5802,6.1679,20.5496,0,0,0
-0.1946,0.3076,0.9487,-13.3359,3.542,18.9924,0,0,0
-0.1912,0.3037,0.926,-11.3053,-0.6794,15.4198,0,0,0
-0.1946,0.3079,0.9304,-8.3893,-5.8473,10.5496,0,0,0
-0.168,0.3003,0.925,-7.1298,-8.8702,7.5878,0,0,0
-0.1748,0.2986,0.9502,-7.458,-10.5267,6.1527,0,0,0
-0.1863,0.2998,0.938,-6.3893,-13.6107,5.0,0,0,0
-0.1787,0.2844,0.95,-6.3893,-16.4427,5.0,0,0,0
-0.1489,0.2781,0.9661,-6.8092,-17.4809,5.6107,0,0,0
-0.1328,0.2764,0.9805,-7.1374,-15.5267,5.6336,0,0,0
-0.1255,0.2617,0.9939,-7.2061,-13.084,7.229,0,0,0
-0.1306,0.2715,0.9895,-7.7863,-9.5649,9.5573,0,0,0
-0.1431,0.2791,0.9785,-10.5954,-8.8779,11.4427,0,0,0
-0.1511,0.2937,0.9702,-13.0229,-9.9313,11.9389,0,0,0
-0.1614,0.3027,0.9597,-16.1603,-12.9542,11.0534,0,0,0
-0.1526,0.2878,0.949,-19.4122,-16.8244,11.542,0,0,0
-0.1443,0.2561,0.9431,-23.3435,-19.2977,14.8855,0,0,0
-0.136,0.2356,0.9463,-25.7939,-21.3435,20.8397,0,0,0
-0.1184,0.2273,0.9663,-26.7176,-22.771,24.4275,0,0,0
-0.1243,0.2246,0.9844,-29.6107,-24.1756,27.2901,0,0,0
-0.1035,0.2021,0.9946,-29.5649,-25.0687,31.0229,0,0,0
-0.0837,0.2175,1.0217,-27.7557,-23.0458,31.1832,0,0,0
-0.0833,0.2344,1.0271,-26.4198,-19.9924,30.5191,0,0,0
-0.073,0.2512,1.0032,-27.5802,-16.7863,29.1374,0,0,0
-0.0706,0.1934,1.0291,-22.6489,-14.0076,29.313,0,0,0
-0.0627,0.1887,1.0364,-17.3588,-9.9695,30.4351,0,0,0
-0.0647,0.2087,1.0767,-16.7786,-5.5878,31.3511,0,0,0
-0.0742,0.2493,1.043,-19.4885,-2.7939,29.7023,0,0,0
-0.0762,0.2322,1.0359,-20.0229,-1.6336,27.6947,0,0,0
-0.0913,0.2014,1.0186,-18.3664,-1.5802,27.7176,0,0,0
-0.0994,0.22,0.9971,-18.8855,-3.7939,26.4885,0,0,0
-0.0891,0.1799,1.0037,-17.1679,-4.7939,25.7023,0,0,0
-0.083,0.1575,1.0093,-8.5191,-3.7939,26.229,0,0,0
-0.0652,0.1677,1.0361,-2.5802,-1.7405,28.1069,0,0,0
-0.0676,0.2122,1.04,1.4733,1.2748,26.2366,0,0,0
-0.073,0.2502,1.0405,1.8473,3.2748,21.9008,0,0,0
-0.071,0.2651,1.043,-0.1374,6.2977,19.5725,0,0,0
-0.0752,0.2422,1.032,-1.1832,9.1221,16.9618,0,0,0
-0.083,0.2468,1.0366,-1.0458,10.7176,15.3664,0,0,0
-0.0813,0.259,1.0132,-1.7176,11.3511,14.6489,0,0,0
-0.083,0.2544,1.0107,-3.2519,11.6947,14.0687,0,0,0
-0.094,0.2185,0.9873,-4.7328,10.5191,14.6947,0,0,0
-0.0991,0.2019,1.0,-2.8168,9.4427,15.4122,0,0,0
-0.0894,0.2275,0.9968,-0.9008,9.084,14.1756,0,0,0
-0.0974,0.2244,0.9827,1.5191,8.9237,10.5878,0,0,0
-0.103,0.2415,0.9883,1.5954,6.0153,9.1298,0,0,0
-0.0852,0.2378,0.9963,2.7481,6.6336,7.6794,0,0,0
-0.093,0.2056,0.9951,3.626,6.0687,7.8473,0,0,0
-0.0945,0.1763,0.9905,9.5878,6.1221,9.9695,0,0,0
-0.0869,0.2007,0.9822,14.2519,4.7252,11.9847,0,0,0
-0.0391,0.2737,0.9883,16.0458,8.5344,8.6565,0,0,0
-0.0618,0.2393,1.0144,15.4885,9.4122,6.6336,0,0,0
-0.1145,0.3115,0.9443,9.2672,7.7252,3.4427,1,0,0
-0.103,0.2556,0.9565,5.3206,6.9237,1.1908,1,0,0
-0.0837,0.25,0.9954,4.1145,5.5954,1.4962,1,0,0
-0.0813,0.23,0.9839,3.3817,3.9771,2.0763,1,0,0
-0.1052,0.2422,0.9695,3.0229,3.7481,1.2519,1,0,0
-0.0957,0.2473,0.978,2.5649,3.2366,1.4809,1,0,0
-0.0901,0.2549,0.9868,2.5038,3.3664,1.3588,1,0,0
-0.0928,0.2671,0.9746,1.9237,3.8626,1.1603,1,0,0
-0.0942,0.2878,0.9797,-0.3893,3.5802,-0.1908,1,0,0
-0.0916,0.2957,0.967,-4.8321,2.5496,-1.3435,1,0,0
-0.0933,0.2961,0.9661,-9.5878,2.0076,-2.3435,1,0,0
-0.0933,0.272,0.9553,-12.1298,0.3817,-3.3282,1,0,0
-0.1016,0.2683,0.9653,-11.9008,-0.1527,-4.8702,1,0,0
-0.0991,0.2632,0.9692,-11.5038,0.0611,-6.916,1,0,0
-0.0977,0.2944,0.9402,-11.855,0.7557,-12.1985,1,0,0
-0.1191,0.2305,0.926,-11.1908,-3.4733,-12.9008,1,0,0
-0.1111,0.251,0.9619,-11.5954,-6.855,-12.855,1,0,0
-0.1018,0.2371,0.9604,-10.0076,-8.7557,-13.8015,1,0,0
-0.0901,0.2026,0.9731,-4.6641,-10.2748,-12.4122,1,0,0
-0.094,0.1917,0.9856,0.4427,-11.5344,-9.0,1,0,0
-0.0894,0.2195,0.9902,5.7405,-12.3206,-7.4046,1,0,0
-0.0784,0.2461,1.0056,10.9695,-11.7176,-8.4046,1,0,0
-0.0752,0.2834,0.9949,12.0611,-10.6565,-11.5496,0,0,0
-0.0784,0.269,0.9714,9.9008,-10.4046,-13.7786,0,0,0
-0.0852,0.283,0.9873,7.916,-10.8321,-15.6794,0,0,0
-0.082,0.2861,0.9807,6.9847,-12.313,-18.8931,0,0,0
-0.0798,0.2739,0.9775,9.6031,-12.9695,-22.7099,0,0,0
-0.0757,0.2617,0.9893,12.8626,-12.9084,-26.5038,0,0,0
-0.0327,0.2778,1.0237,16.3664,-20.916,-28.0534,0,0,0
-0.033,0.2114,1.0408,23.8092,-14.3206,-33.0458,0,0,0
-0.0134,0.2356,1.0623,32.8702,-5.6336,-35.0458,0,0,0
-0.0833,0.2524,1.0166,37.1756,-1.1832,-32.4046,0,0,0
-0.0557,0.3208,1.0308,34.687,2.313,-32.7786,0,0,0
-0.0593,0.3198,1.0496,30.1985,5.7939,-33.8244,0,0,0
-0.0676,0.3208,1.0486,26.8626,9.771,-34.0534,0,0,0
-0.0938,0.3274,1.0339,20.458,12.6107,-32.7023,0,0,0
-0.0938,0.311,1.0244,12.8244,14.5573,-32.2061,0,0,0
-0.1045,0.2734,0.9985,8.7634,15.4656,-29.9389,0,0,0
-0.1021,0.2461,1.019,6.8015,16.3893,-26.4962,0,0,0
-0.083,0.241,1.0466,4.855,20.6641,-21.8321,0,0,0
-0.1096,0.2397,1.0356,4.7481,23.2824,-18.3817,0,0,0
-0.1113,0.2466,1.0403,4.2519,25.0305,-15.0305,0,0,0
-0.1335,0.2664,1.0083,1.6336,26.1679,-13.7863,0,0,0
-0.1523,0.2664,0.9878,-1.1069,24.4046,-12.8168,0,0,0
-0.1514,0.2429,0.9902,-3.4427,21.5496,-10.0687,0,0,0
-0.1501,0.2366,0.9985,-4.458,19.771,-6.8931,0,0,0
-0.2976,0.156,1.021,-2.2519,35.7405,-9.7023,0,0,0
-0.2285,0.2605,0.9971,-1.0305,26.5267,-7.313,0,0,0
-0.2029,0.252,0.9849,-1.9084,25.7863,-6.4198,0,0,0
-0.2422,0.2444,0.9519,-2.5115,21.5344,-7.4504,0,0,0
-0.1841,0.2471,0.9849,-3.4809,20.4962,-5.1527,0,0,0
-0.1729,0.2383,0.9851,-4.8855,20.7099,-2.0382,0,0,0
-0.1609,0.2461,1.01,-5.6107,23.5191,0.4733,0,0,0
-0.1558,0.2515,1.0134,-3.5725,27.9695,-0.8931,0,0,0
-0.1472,0.248,1.0032,-0.5802,30.7863,-4.2519,0,0,0
-0.3916,0.1892,0.9351,2.2366,41.4351,-8.0153,0,0,0
-0.1575,0.2866,0.9763,-0.2595,35.7023,-5.9771,0,0,0
-0.2959,0.2637,0.9382,-0.9237,32.1603,-4.8015,0,0,0
-0.2441,0.2969,0.9368,0.2519,29.6489,-5.7481,0,0,0
-0.1958,0.2007,1.0574,3.0229,31.6336,-11.6794,0,0,0
0.1255,0.3606,1.0945,-1.3053,37.2061,-7.6336,0,0,0
-0.3428,0.2859,0.8889,-4.2748,32.1603,-7.5878,0,0,0
-0.3125,0.2078,0.8982,-2.4809,25.3206,-3.5878,0,0,0
-0.2271,0.2502,0.9409,0.2366,24.2748,-0.8931,0,0,0
-0.2502,0.2551,0.95,2.5344,24.6489,0.9771,0,0,0
-0.2556,0.2896,0.9382,2.4275,24.4351,1.0153,0,0,0
-0.2644,0.3083,0.9272,-0.0916,23.1908,-0.7786,0,0,0
-0.261,0.3113,0.9102,-3.3588,21.2748,-3.3817,0,0,0
-0.2581,0.2908,0.9263,-4.9237,20.6489,-4.771,0,0,0
-0.2639,0.27,0.9592,-5.5267,20.0229,-3.8168,0,0,0
-0.2588,0.26,1.0044,-3.9847,22.6794,-1.6489,0,0,0
-0.2161,0.2998,1.0083,-2.6183,27.3893,-0.8397,0,0,0
-0.4612,0.1992,0.9285,-1.6183,38.5954,-5.4122,0,0,0
-0.397,0.2322,0.8862,-0.229,31.542,-5.7252,0,0,0
-0.3496,0.2554,0.865,1.4656,17.9389,-3.0305,0,0,0
-0.3167,0.2219,0.8845,4.4733,15.6031,-2.7939,0,0,0
-0.3269,0.2302,0.8628,7.1145,9.5573,0.771,0,0,0
-0.302,0.249,0.8298,5.9542,5.5954,5.6718,0,0,0
-0.2712,0.2114,0.8311,10.4656,3.3282,3.0305,0,0,0
-0.3274,0.3196,0.9084,2.8702,4.4504,1.3664,0,0,0
-0.2976,0.2947,0.9043,2.9771,1.1985,1.4122,1,0,0
-0.3022,0.2849,0.9309,3.8244,0.0916,0.7481,1,0,0
-0.2981,0.3054,0.9297,3.8397,0.5115,0.687,1,0,0
-0.2866,0.3098,0.9248,2.7023,0.7176,0.1145,1,0,0
-0.2886,0.3223,0.9268,-1.6336,1.374,-0.0153,1,0,0
-0.3003,0.3171,0.9243,-6.0992,0.6336,-1.2137,1,0,0
-0.3088,0.3223,0.9368,-9.0305,0.9237,-2.7176,1,0,0
-0.3083,0.3147,0.9421,-11.1603,0.2443,-3.6183,1,0,0
-0.2925,0.2896,0.9436,-10.6641,0.3359,-3.9618,1,0,0
-0.2922,0.2991,0.9521,-10.3435,1.8244,-5.0763,1,0,0
-0.2935,0.2898,0.9387,-9.3893,3.9237,-7.916,1,0,0
-0.3022,0.2642,0.917,-6.4427,3.5878,-8.8702,1,0,0
-0.3081,0.2717,0.9292,-8.4733,1.5649,-5.8321,1,0,0
-0.303,0.272,0.9434,-10.3817,1.6947,-2.0687,1,0,0
-0.3152,0.2332,0.9348,-7.542,0.3511,0.7252,1,0,0
-0.3198,0.2432,0.9343,-2.7023,-0.9924,2.4809,1,0,0
-0.3198,0.2634,0.9329,1.2672,-2.3511,3.1603,1,0,0
-0.3171,0.2788,0.9392,2.9313,-3.1298,2.5725,1,0,0
-0.3042,0.2983,0.9509,2.771,-2.2443,1.9924,1,0,0
-0.3071,0.3096,0.9426,0.8702,-2.4656,1.7481,0,0,0
-0.3069,0.2981,0.9392,-1.9389,-2.6641,0.9924,0,0,0
-0.3083,0.2935,0.9395,-3.5344,-3.3664,0.6565,0,0,0
-0.3027,0.2751,0.9436,-3.3435,-3.5649,0.145,0,0,0
-0.3027,0.2734,0.9431,-1.6565,-3.2977,0.3435,0,0,0
-0.3093,0.2712,0.9502,0.4046,-2.8931,0.6107,0,0,0
-0.2971,0.2776,0.9387,1.4275,-2.8168,0.4198,0,0,0
-0.2893,0.2795,0.9365,1.6565,-1.7634,0.2214,0,0,0
-0.302,0.2881,0.948,0.9313,-1.0458,-0.626,0,0,0
-0.3025,0.2998,0.9382,-0.6489,-1.229,-1.2214,0,0,0
-0.3035,0.2976,0.9263,-3.4427,-1.8473,-1.6565,0,0,0
-0.2927,0.2749,0.9265,-5.0687,-2.458,-1.9389,0,0,0
-0.293,0.2605,0.9216,-6.3511,-2.5725,-0.3588,0,0,0
-0.2957,0.2595,0.9299,-6.2137,-2.626,1.7863,0,0,0
-0.2983,0.2632,0.9487,-5.9542,-2.7481,3.1145,0,0,0
-0.291,0.2654,0.9529,-5.1298,-2.2366,4.0763,0,0,0
-0.2834,0.262,0.9558,-4.626,-0.3664,5.1908,0,0,0
-0.2991,0.29,0.9375,-5.9466,-0.5191,4.9466,0,0,0
-0.2983,0.2964,0.9487,-9.3969,0.3282,4.1145,0,0,0
-0.3079,0.3149,0.9448,-14.2977,0.2595,2.9542,0,0,0
-0.3198,0.3074,0.9475,-18.8397,-0.7481,2.2672,0,0,0
-0.3296,0.2754,0.9304,-19.6565,-4.4504,1.8397,0,0,0
-0.3323,0.2622,0.9309,-21.0076,-8.5878,3.7176,0,0,0
-0.3203,0.2617,0.9226,-23.6031,-12.4198,5.6489,0,0,0
-0.3132,0.2217,0.8972,-25.8702,-15.2519,10.9618,0,0,0
-0.3013,0.1768,0.9021,-26.1069,-18.2672,17.8626,0,0,0
-0.219,0.2358,0.9556,-27.626,-18.145,21.9618,0,0,0
-0.3228,0.2305,0.9341,-29.9618,-19.8015,23.5954,0,0,0
-0.2605,0.2053,0.9548,-32.0,-23.1756,25.6947,0,0,0
-0.2739,0.2166,0.9517,-33.1527,-24.2443,26.4809,0,0,0
-0.2937,0.209,0.9541,-33.7176,-26.1374,26.687,0,0,0
-0.2742,0.1912,0.9412,-34.1069,-28.1221,27.3435,0,0,0
-0.2673,0.1843,0.8965,-36.0458,-32.3511,28.5649,0,0,0
-0.2554,0.1924,0.917,-36.6565,-37.8779,30.4427,0,0,0
-0.2273,0.1597,0.9062,-33.5802,-41.4427,32.4962,0,0,0
-0.2004,0.1538,0.9519,-25.7252,-38.1145,31.6947,0,0,0
-0.1877,0.197,0.9609,-18.8092,-36.5573,28.9237,0,0,0
-0.2278,0.2358,0.9346,-17.1069,-42.3435,26.7634,0,0,0
-0.137,0.25,0.988,-18.7939,-34.9542,23.0153,0,0,0
-0.1406,0.2532,1.0261,-15.9084,-31.3053,20.3282,0,0,0
-0.1868,0.23,0.9792,-14.2061,-32.3435,18.9389,0,0,0
-0.2092,0.2356,0.9963,-13.7939,-31.7863,17.9313,0,0,0
-0.157,0.2349,1.0046,-12.3817,-28.7939,15.5344,0,0,0
-0.1238,0.2566,0.9993,-13.0076,-24.1374,12.0763,0,0,0
-0.1208,0.2515,1.012,-13.2824,-18.6718,7.8855,0,0,0
-0.1245,0.2407,1.0215,-13.8779,-12.0992,4.3435,0,0,0
-0.1567,0.2195,1.0225,-13.9084,-9.0458,3.4198,0,0,0
-0.1619,0.2217,1.0173,-12.2672,-8.145,2.2443,0,0,0
-0.1541,0.2112,1.0173,-10.1832,-7.1679,-0.2214,0,0,0
-0.1599,0.1877,0.9934,-6.229,-6.8855,-2.1756,0,0,0
-0.1548,0.1741,0.9827,-1.7252,-7.855,-2.7939,0,0,0
-0.1526,0.1758,0.9766,2.0992,-8.8779,-3.855,0,0,0
-0.228,0.1628,0.9543,4.0,-13.7939,-3.5267,0,0,0
-0.135,0.2034,0.9993,2.2519,-11.7023,-3.9389,0,0,0
-0.1516,0.1865,1.0063,3.8779,-11.1985,-5.1832,0,0,0
-0.1292,0.2095,1.0347,4.2901,-10.7939,-7.4656,0,0,0
-0.134,0.2236,1.0447,2.0992,-7.1832,-9.855,0,0,0
-0.1475,0.2134,1.0469,1.8168,-5.9084,-9.5115,0,0,0
-0.155,0.21,1.0308,4.1374,-5.0153,-11.9695,0,0,0
-0.1665,0.2217,1.0046,7.3588,-8.0611,-13.9389,0,0,0
-0.1401,0.2173,1.0134,9.2214,-6.855,-16.9008,0,0,0
-0.1155,0.2212,1.0325,12.2672,-5.8168,-20.7405,0,0,0
-0.1077,0.217,1.0474,16.145,-0.1298,-25.145,0,0,0
-0.1365,0.1948,1.0388,19.145,2.4809,-26.313,0,0,0
-0.1519,0.1873,1.0298,21.3969,4.4656,-23.4962,0,0,0
-0.1667,0.1948,1.0225,20.5267,4.9389,-18.687,0,0,0
-0.1721,0.2231,0.989,18.2519,3.3359,-15.0916,0,0,0
-0.1589,0.2373,0.9829,14.8473,1.0458,-14.8397,0,0,0
-0.1746,0.261,0.9858,11.3053,-1.2443,-16.458,0,0,0
-0.1868,0.2844,0.9766,6.7863,-4.458,-18.6947,0,0,0
-0.208,0.2898,0.9404,1.5267,-17.4351,-18.8321,0,0,0
-0.1973,0.2314,0.9429,-0.4198,-18.2519,-20.8015,0,0,0
-0.1387,0.2234,0.9873,-0.2366,-20.5344,-20.8397,0,0,0
-0.1558,0.2173,0.9678,0.7786,-21.7634,-18.4656,0,0,0
-0.1384,0.1907,0.9849,2.6947,-22.8931,-14.6947,0,0,0
-0.1145,0.1814,0.998,5.0153,-22.9618,-10.9466,0,0,0
-0.0876,0.2029,1.0127,5.2366,-20.3969,-8.6031,0,0,0
-0.0977,0.198,1.0171,4.0763,-16.6183,-5.9313,0,0,0
-0.0845,0.2058,1.0312,2.8779,-11.8626,-3.9924,0,0,0
-0.0933,0.2209,1.0403,4.084,-6.6107,-5.0382,0,0,0
-0.1172,0.2305,1.0234,6.3206,-3.084,-6.9389,0,0,0
-0.1104,0.2378,1.0266,6.9618,-0.5725,-8.8473,0,0,0
-0.0972,0.2295,1.0413,8.5573,4.8168,-12.8244,0,0,0
-0.1096,0.2358,1.0471,10.0992,9.6107,-16.2366,0,0,0
-0.113,0.2283,1.0576,14.3206,14.2595,-19.1603,0,0,0
-0.1238,0.2615,1.0364,15.9389,18.4427,-22.3359,0,0,0
-0.1313,0.2573,1.0178,15.3435,21.6489,-24.7023,0,0,0
-0.1511,0.2605,1.0083,13.4275,23.855,-27.1527,0,0,0
-0.1685,0.2625,0.9985,10.7557,23.0076,-27.4275,0,0,0
-0.1646,0.2554,0.9897,8.2901,22.0305,-27.1985,0,0,0
-0.1609,0.2285,0.9971,9.2672,21.7328,-27.1908,0,0,0
-0.0874,0.2444,1.052,13.6947,24.3359,-28.7939,0,0,0
-0.3716,0.1409,0.9546,17.8702,36.0763,-26.1985,0,0,0
-0.2068,0.2239,0.9792,18.8244,27.0076,-18.3206,0,0,0
-0.2012,0.2681,0.9778,14.8015,26.4656,-13.8092,0,0,0
-0.2187,0.2732,0.9468,11.313,21.5802,-15.1069,0,0,0
-0.2493,0.2473,0.9148,9.0611,14.374,-12.4656,0,0,0
-0.2393,0.2222,0.9006,6.7863,6.1374,-8.5954,0,0,0
-0.2239,0.2339,0.9124,4.7023,0.2901,-5.5649,0,0,0
-0.2112,0.2576,0.9365,0.9695,-3.0687,-2.4275,0,0,0
-0.218,0.2681,0.9509,-1.7557,-5.542,-0.3359,0,0,0
-0.218,0.2708,0.9658,-3.8015,-7.5496,-0.313,0,0,0
-0.1985,0.2715,0.9653,-4.1756,-8.1603,-0.2748,0,0,0
-0.1831,0.2729,0.9712,-4.3511,-7.3053,-0.7939,0,0,0
-0.1855,0.2722,0.9822,-3.9084,-5.6183,-1.9847,0,0,0
-0.1826,0.2595,0.9817,-3.2366,-3.8168,-2.374,0,0,0
-0.1875,0.2456,0.9785,-2.8626,-2.4962,-1.8321,0,0,0
-0.1882,0.2585,0.9768,-2.9847,-2.0,-0.0687,0,0,0
-0.1873,0.2629,0.968,-3.8321,-1.4656,0.0534,0,0,0
-0.1943,0.2571,0.9773,-2.9237,-1.8779,-0.6412,0,0,0
-0.1953,0.259,0.9749,-2.5802,-1.7939,-0.8931,0,0,0
-0.2,0.2595,0.9719,-3.0076,-2.1221,-1.1069,0,0,0
-0.1943,0.252,0.9788,-2.8779,-2.855,-1.1145,0,0,0
-0.189,0.2424,0.9768,-1.8702,-1.9771,-0.5038,0,0,0
-0.1721,0.2363,0.9805,1.1374,-1.1069,1.0611,0,0,0
-0.1765,0.2532,0.9817,2.7939,2.1985,1.0534,0,0,0
-0.1887,0.2681,0.9746,2.5344,2.8015,0.5954,0,0,0
-0.1997,0.2661,0.9734,1.3969,1.7863,-0.4427,0,0,0
-0.1968,0.2654,0.9578,-0.8855,0.4962,-0.5038,0,0,0
-0.1892,0.2559,0.9573,-2.2061,-0.6031,-0.2595,0,0,0
-0.1946,0.2529,0.9597,-2.6641,-1.2443,-0.084,0,0,0
-0.1912,0.2473,0.9658,-1.8779,-2.3588,0.4275,0,0,0
-0.1782,0.2549,0.9944,-1.6336,-0.9618,0.2824,0,0,0
-0.1865,0.271,0.9856,-2.0229,0.8168,0.0382,0,0,0
-0.1904,0.2678,0.9827,-2.3511,0.916,-0.6336,0,0,0
-0.197,0.2493,0.9678,-1.3664,0.8855,-1.084,0,0,0
-0.2004,0.2556,0.9663,-0.7481,0.5038,-0.8092,0,0,0
-0.1968,0.26,0.9624,-0.3206,-0.2443,-0.9771,0,0,0
-0.1917,0.2673,0.959,-0.6412,-0.8779,-0.8702,0,0,0
-0.1953,0.2727,0.9626,-1.8244,-1.2443,-0.9618,0,0,0
-0.1809,0.262,0.9749,-1.916,-0.5344,-0.6947,0,0,0
-0.1821,0.2632,0.9829,-2.5649,1.0992,-0.5725,0,0,0
-0.1978,0.2561,0.97,-1.8626,0.9084,-0.6641,0,0,0
-0.2046,0.2561,0.9622,-1.2901,0.0687,-0.3435,0,0,0
-0.2085,0.2549,0.9536,-0.4198,-1.5191,0.3435,0,0,0
-0.1941,0.2615,0.9709,0.3359,-2.0458,0.6107,0,0,0
-0.1865,0.2646,0.9722,1.1985,-2.0458,0.6031,0,0,0
-0.179,0.2856,0.9856,0.7863,0.1985,-0.458,0,0,0
-0.197,0.3035,0.9675,-1.2977,1.6107,-2.0992,0,0,0
-0.2053,0.2878,0.96,-3.771,0.3588,-3.1832,0,0,0
-0.2056,0.2703,0.9604,-5.7099,-1.458,-3.5038,0,0,0
-0.1875,0.2417,0.9771,-5.9389,-1.9389,-2.1679,0,0,0
-0.1821,0.2373,0.9834,-4.9847,-0.4809,-1.5649,0,0,0
-0.188,0.2349,0.9695,-2.6947,0.1069,-0.7176,0,0,0
-0.2,0.2434,0.9617,-0.3893,-0.855,-0.313,0,0,0
-0.1995,0.2605,0.9507,0.1756,-2.4046,-0.3588,0,0,0
-0.1904,0.2654,0.96,-0.8931,-3.0229,-0.1527,0,0,0
-0.1914,0.2761,0.9761,-2.4198,-2.3206,-0.8473,0,0,0
-0.1914,0.2734,0.9746,-3.2748,-2.0229,-1.1908,0,0,0
-0.1875,0.2783,0.9673,-4.9466,-1.6336,-1.7634,0,0,0
-0.2009,0.2644,0.968,-6.2672,-1.458,-2.3435,0,0,0
-0.2021,0.2346,0.9646,-4.374,-2.8168,-1.7634,0,0,0
-0.1909,0.2297,0.9812,-1.6641,-2.1908,-0.7481,0,0,0
-0.1899,0.2546,0.9807,-0.0992,-1.2443,0.1374,0,0,0
-0.1956,0.262,0.9739,1.1145,-1.4275,-0.6412,0,0,0
-0.1931,0.2673,0.9753,0.9237,-0.9237,-1.3969,0,0,0
-0.1982,0.2695,0.9731,-0.1756,-0.8626,-1.3206,0,0,0
-0.2034,0.2783,0.9619,-1.8244,-1.7557,-1.2748,0,0,0
-0.2029,0.2793,0.9646,-3.9542,-3.5878,-2.0611,0,0,0
-0.1934,0.2688,0.9734,-5.4351,-4.3664,-1.8397,0,0,0
-0.1863,0.2595,0.9866,-5.8015,-3.687,-2.8626,0,0,0
-0.1833,0.2554,0.9905,-4.6031,-2.4885,-2.8855,0,0,0
-0.1855,0.2578,0.9939,-4.6107,0.0687,-3.2061,0,0,0
-0.2012,0.2344,0.9734,-2.3053,-0.5115,-2.3893,0,0,0
-0.2026,0.2476,0.9692,-0.4275,-1.6794,-1.5496,0,0,0
-0.1982,0.2595,0.9797,-0.8015,-3.1679,-1.4656,0,0,0
-0.188,0.2561,0.9856,-1.1298,-3.8702,-1.1145,0,0,0
-0.1904,0.2593,0.9885,-1.313,-3.7328,-1.5725,0,0,0
-0.1968,0.2708,0.9868,-1.9084,-3.4733,-1.8244,0,0,0
-0.1902,0.2651,0.9854,-3.8168,-3.771,-1.9237,0,0,0
-0.188,0.2573,0.9976,-4.6565,-3.1527,-1.5267,0,0,0
-0.1787,0.252,1.001,-4.5038,-2.4046,-2.0,0,0,0
-0.1868,0.2439,0.9902,-2.0763,-1.3053,-2.3053,0,0,0
-0.1931,0.248,0.9788,-0.0305,-1.3817,-2.3282,0,0,0
-0.198,0.2632,0.9817,0.374,-1.2137,-2.4351,0,0,0
-0.2,0.2773,0.9819,0.6641,-2.4504,-2.6947,0,0,0
-0.1995,0.2808,0.9756,-0.7099,-3.542,-3.5954,0,0,0
-0.2012,0.2866,0.9819,-2.7634,-4.7099,-4.2748,0,0,0
-0.2073,0.2878,0.9736,-5.4122,-6.2443,-5.0,0,0,0
-0.2053,0.2698,0.9724,-6.2061,-7.8321,-5.5725,0,0,0
-0.2114,0.2668,0.9753,-6.2137,-9.687,-6.1832,0,0,0
-0.2139,0.2712,0.9746,-5.4198,-12.8931,-7.2901,0,0,0
-0.1458,0.3389,0.9192,-5.0382,-31.7176,-6.7634,0,0,0
-0.2544,0.2517,0.9351,-6.458,-30.9008,-7.6641,0,0,0
-0.2266,0.283,0.9177,-7.771,-40.9466,-9.4962,0,0,0
-0.1709,0.2632,0.8987,-9.4656,-47.8092,-10.0382,0,0,0
-0.1682,0.2407,0.9136,-9.7863,-51.9847,-11.542,0,0,0
-0.1448,0.241,0.9546,-9.6641,-53.5725,-11.626,0,0,0
-0.1079,0.249,1.0063,-9.6718,-51.9771,-11.6794,0,0,0
-0.0769,0.2458,1.0532,-10.4962,-46.5573,-9.7634,0,0,0
-0.0737,0.2773,1.0896,-11.1679,-37.4122,-8.5115,0,0,0
-0.0676,0.2734,1.0996,-10.6641,-25.4275,-10.5191,0,0,0
-0.092,0.2539,1.0833,-7.855,-20.1298,-13.458,0,0,0
-0.0911,0.2529,1.0686,-3.7634,-16.9008,-18.0763,0,0,0
-0.1099,0.2832,1.0356,-1.4962,-15.8702,-22.5802,0,0,0
-0.1292,0.2878,1.0061,0.313,-19.2519,-27.5267,0,0,0
-0.1182,0.262,0.9683,1.2824,-23.9313,-31.2137,0,0,0
-0.1497,0.2471,0.9092,0.7405,-30.2901,-32.5038,0,0,0
-0.1545,0.2205,0.8992,2.8168,-40.5191,-32.7939,0,0,0
-0.1296,0.2078,0.9082,7.2977,-49.1298,-32.2824,0,0,0
-0.0769,0.2175,0.9456,14.1069,-55.8168,-32.3664,0,0,0
-0.0559,0.2258,0.9727,19.771,-56.1374,-35.0611,0,0,0
-0.0452,0.2471,0.9873,19.1985,-53.2748,-34.6718,0,0,0
-0.0059,0.2476,1.0249,14.3282,-48.7328,-31.9618,0,0,0
0.002,0.2781,1.0559,9.9847,-39.9389,-29.0458,0,0,0
0.0249,0.2637,1.0828,10.5573,-32.2443,-30.9313,0,0,0
-0.0071,0.2729,1.0652,10.9237,-23.6336,-31.2672,0,0,0
-0.0173,0.2502,1.0388,11.3435,-19.6565,-30.374,0,0,0
-0.0129,0.2527,1.0327,13.0305,-16.0305,-27.374,0,0,0
-0.0173,0.2554,1.019,16.2443,-13.3817,-25.4122,0,0,0
-0.0112,0.2708,1.0022,19.6565,-10.7252,-26.229,0,0,0
-0.0208,0.2725,0.9873,20.6031,-10.7328,-27.626,0,0,0
-0.0293,0.2871,0.9785,17.3282,-10.3511,-26.313,0,0,0
-0.0195,0.2852,0.9954,13.6336,-10.6183,-25.4122,0,0,0
-0.0183,0.3118,1.0034,12.5344,-9.8168,-25.7863,0,0,0
-0.021,0.3071,1.0088,15.5267,-9.771,-33.7481,0,0,0
-0.0071,0.3005,1.0081,18.458,-7.4962,-38.4885,0,0,0
-0.0205,0.2744,0.9958,17.7939,-6.0611,-37.5649,0,0,0
-0.0059,0.2275,0.9973,17.4198,-3.5038,-30.4351,0,0,0
-0.0078,0.2385,0.9893,17.5344,-0.5191,-22.1756,0,0,0
0.001,0.2683,0.9941,15.5954,1.8244,-18.8168,0,0,0
-0.0142,0.2942,0.9902,11.2824,4.5649,-17.6336,0,0,0
-0.03,0.3169,0.9956,5.8397,4.5802,-17.1908,0,0,0
-0.0295,0.3423,0.9922,1.7252,4.9771,-17.5649,0,0,0
0.0034,0.3367,1.0103,-0.3511,6.9771,-20.1298,0,0,0
-0.0203,0.311,1.0232,-1.9084,11.5191,-21.6412,0,0,0
-0.0259,0.2864,1.0215,-3.229,15.8244,-18.2366,0,0,0
-0.0408,0.2939,1.0034,-3.6718,18.3817,-15.9237,0,0,0
-0.0608,0.3162,0.9839,-4.8931,18.6031,-14.8855,0,0,0
-0.0576,0.325,0.998,-4.6565,17.0076,-19.2061,0,0,0
-0.0552,0.3228,0.9968,-3.2443,18.3588,-23.4046,0,0,0
-0.061,0.304,0.9829,-4.3359,18.9389,-23.7939,0,0,0
-0.0688,0.2795,0.9778,-4.0992,18.8473,-21.8779,0,0,0
-0.0715,0.2695,0.9739,-2.9771,19.7328,-20.2214,0,0,0
-0.0881,0.29,0.9687,-1.4809,19.1603,-18.5038,0,0,0
-0.0859,0.2896,0.9612,-0.8244,17.4275,-19.0,0,0,0
-0.1074,0.3149,0.9502,-1.7481,14.7099,-18.9847,0,0,0
-0.1147,0.3047,0.9448,-3.8015,11.4046,-18.7328,0,0,0
-0.1006,0.3025,0.9529,-5.626,9.5649,-17.7328,0,0,0
-0.0876,0.269,0.9773,-5.2748,10.4122,-17.8168,0,0,0
-0.0864,0.291,0.9846,-3.4885,11.9084,-17.145,0,0,0
-0.0835,0.2878,0.9805,-3.3053,15.0153,-18.5191,0,0,0
-0.1143,0.2673,0.9604,-3.5802,15.0382,-16.4809,0,0,0
-0.1238,0.2681,0.9448,-4.0,13.2061,-13.9084,0,0,0
-0.1165,0.252,0.9507,-2.542,11.4122,-12.8168,0,0,0
-0.1174,0.2776,0.9468,-3.1527,9.6489,-10.6565,0,0,0
-0.1321,0.2576,0.9475,-3.9008,7.2519,-8.6641,0,0,0
-0.1375,0.2764,0.9521,-4.5802,4.0763,-6.9771,0,0,0
-0.1211,0.262,0.9539,-4.5878,3.2061,-6.0611,0,0,0
-0.1277,0.2744,0.9668,-4.855,2.9695,-5.0611,0,0,0
-0.1252,0.2646,0.9734,-4.6412,2.2061,-5.626,0,0,0
-0.1406,0.2664,0.9565,-5.7023,1.0076,-4.1679,0,0,0
-0.1362,0.2603,0.9519,-5.9008,-0.7863,-2.9924,0,0,0
-0.1394,0.2783,0.9712,-5.5954,-1.9389,-2.4427,0,0,0
-0.1311,0.2725,0.9773,-5.145,-2.3893,-3.0611,0,0,0
-0.1387,0.2925,0.9792,-6.0305,-2.7252,-2.9313,0,0,0
-0.1287,0.2825,0.9905,-7.5038,-3.4275,-4.3206,0,0,0
-0.1106,0.271,0.9983,-11.084,-1.6107,-3.5267,0,0,0
-0.1064,0.2461,1.0117,-14.5802,1.6183,-2.6947,0,0,0
-0.1023,0.2141,1.0344,-16.2366,4.7405,1.0534,0,0,0
-0.0989,0.2021,1.0447,-17.8092,9.374,7.4733,0,0,0
-0.0117,0.1812,1.1648,-23.3206,19.145,16.4275,0,0,0
-0.0325,0.229,1.1589,-34.6336,41.2214,31.8779,0,0,0
-0.0725,0.2092,1.062,-53.5954,56.4046,51.8473,0,0,0
-0.1501,0.1587,0.9478,-71.2595,60.0,73.0305,0,0,0
-0.1782,0.1387,0.9016,-81.5115,51.1908,87.1298,0,0,0
-0.2048,0.2322,0.8958,-79.2824,34.7252,84.1069,0,0,0
-0.1577,0.2151,0.9719,-58.8168,22.5038,56.9466,0,0,0
-0.166,0.3213,1.0046,-42.7634,18.4809,31.7786,0,0,0
-0.1587,0.2964,1.01,-37.5573,18.7023,18.1832,0,0,0
-0.1299,0.2451,1.04,-33.9237,22.6794,15.5802,0,0,0
-0.1589,0.1924,1.0176,-32.1603,28.2443,21.2443,0,0,0
-0.1787,0.1436,0.9663,-31.0,31.0382,25.6489,0,0,0
-0.2117,0.1321,0.9202,-30.8168,28.4504,28.0229,0,0,0
-0.2366,0.1572,0.8989,-32.1374,21.1603,30.2443,0,0,0
-0.241,0.1494,0.9053,-27.542,11.6412,25.1145,0,0,0
-0.2271,0.1907,0.9504,-22.0458,3.9389,20.542,0,0,0
-0.2065,0.2112,0.9797,-17.0611,-0.2443,18.0305,0,0,0
-0.1978,0.1982,0.9844,-12.1603,-0.8321,15.1145,0,0,0
-0.2039,0.2002,0.9939,-5.6336,-0.8015,14.0611,0,0,0
-0.2161,0.1948,0.9812,-4.2824,-2.4351,13.2519,0,0,0
-0.2136,0.2136,0.9561,-6.2519,-5.2672,13.3435,0,0,0
-0.1946,0.2058,0.9526,-10.3435,-8.2901,13.1221,0,0,0
-0.1729,0.1624,0.9883,-12.1298,-8.229,11.1221,0,0,0
-0.1707,0.1792,1.0044,-13.5496,-6.8779,11.9771,0,0,0
-0.1592,0.1646,1.0024,-13.4733,-6.855,13.2977,0,0,0
-0.1624,0.1611,0.9976,-10.9618,-5.6794,13.9237,0,0,0
-0.1716,0.1572,0.9902,-8.8931,-7.2137,14.1603,0,0,0
-0.1829,0.1458,0.9873,-6.6031,-7.6107,14.1985,0,0,0
-0.1716,0.1489,0.9971,-4.0763,-10.0763,13.5725,0,0,0
-0.1599,0.1655,1.0208,-2.4656,-9.6183,15.3206,0,0,0
-0.1599,0.1687,1.0181,-3.3053,-8.6412,17.4504,0,0,0
-0.1365,0.1863,1.0173,-6.2214,-6.4351,17.7176,0,0,0
-0.1401,0.1836,1.0005,-7.3511,-4.2214,15.2595,0,0,0
-0.1423,0.1726,1.0146,-7.229,-1.5725,11.6489,0,0,0
-0.1458,0.1768,1.0127,-4.5038,-0.3969,7.3206,0,0,0
-0.1714,0.1707,0.9956,0.3817,-0.2137,2.4275,0,0,0
-0.1758,0.1963,0.9983,2.0153,-1.7405,-1.4198,0,0,0
-0.1685,0.1963,0.998,2.145,-2.5344,-2.8168,0,0,0
-0.1655,0.187,0.9961,1.1145,-3.2443,-3.8931,0,0,0
-0.082,0.0215,1.2717,4.4656,7.8168,-9.313,0,0,0
-0.1394,0.2097,0.9932,-0.6718,-7.4275,-7.2595,0,0,0
-0.2251,0.1772,0.99,-0.542,-7.3053,-10.4275,0,0,0
-0.1626,0.167,1.0078,4.3511,-6.7786,-13.5725,0,0,0
-0.1672,0.1863,1.0134,8.6183,-5.4122,-16.7557,0,0,0
-0.155,0.177,1.0168,10.145,-2.687,-17.4656,0,0,0
-0.1416,0.1794,1.0237,11.229,-0.0382,-15.8473,0,0,0
-0.1406,0.1726,1.0352,10.916,3.1985,-15.9008,0,0,0
-0.3169,0.1589,0.938,8.626,5.771,-15.8931,0,0,0
-0.1709,0.1821,1.0054,8.9466,5.3969,-12.4504,0,0,0
-0.1838,0.1738,0.9912,7.3893,2.855,-11.855,0,0,0
-0.186,0.1641,0.9844,7.4046,-0.7557,-12.9008,0,0,0
-0.1865,0.1794,0.9788,6.9237,-4.5954,-14.0687,0,0,0
-0.2324,0.1189,0.9624,5.2137,-10.4885,-16.1298,0,0,0
-0.1504,0.1863,1.0037,5.2595,-8.6412,-11.084,0,0,0
-0.1472,0.1499,0.9961,2.3588,-7.5267,-7.2214,0,0,0
-0.1404,0.1353,1.0042,3.8931,-2.4046,-3.4885,0,0,0
-0.1443,0.1445,1.0095,5.3053,0.9389,-1.8702,0,0,0
-0.177,0.1411,0.9912,5.3359,2.8244,0.8015,0,0,0
-0.1802,0.1621,0.991,5.9618,0.458,2.9084,0,0,0
-0.1689,0.1765,0.9863,6.9008,-0.542,2.9084,0,0,0
-0.1643,0.1802,0.9875,6.1221,-2.0916,0.8015,0,0,0
-0.157,0.1758,1.0073,6.2061,-0.5115,0.2214,0,0,0
-0.179,0.1687,0.9868,6.0153,-0.7634,1.6412,0,0,0
-0.1719,0.1743,1.0071,5.1756,-1.2824,3.4885,0,0,0
-0.1565,0.1931,1.0059,2.6336,0.542,4.8015,0,0,0
-0.1497,0.1909,1.0078,0.1145,2.8473,4.145,0,0,0
-0.1707,0.1978,0.9951,-1.9008,3.4122,3.2061,0,0,0
-0.1851,0.1824,0.9834,-3.8244,-1.5115,3.0687,0,0,0
-0.1804,0.1609,0.9751,-4.8244,-4.7023,4.5496,0,0,0
-0.1658,0.1621,0.9795,-6.0458,-8.4351,6.1679,0,0,0
-0.1689,0.1394,0.9878,-5.3817,-10.5573,8.3206,0,0,0
-0.147,0.1392,1.0549,-4.6718,-9.3282,11.1985,0,0,0
-0.1221,0.1543,1.0391,-5.1298,-4.145,13.8092,0,0,0
-0.1506,0.1624,1.0071,-6.4809,-3.2748,14.9237,0,0,0
-0.1682,0.2041,0.9966,-10.0305,-5.229,16.4427,0,0,0
-0.1628,0.1936,0.9968,-13.8244,-8.7252,17.3435,0,0,0
-0.1609,0.1912,0.9971,-17.626,-10.5954,18.4275,0,0,0
-0.1316,0.1389,1.0295,-18.0687,-8.0382,22.2748,0,0,0
-0.1125,0.1401,1.0244,-16.1985,-4.9847,26.6641,0,0,0
-0.2166,0.1501,0.9517,-16.2443,-13.9847,22.5191,0,0,0
-0.1882,0.2019,0.9788,-17.4427,-19.9618,19.145,0,0,0
-0.1348,0.1812,1.0066,-13.626,-19.7023,15.6718,0,0,0
-0.106,0.1594,1.0283,-7.0076,-15.0,13.145,0,0,0
-0.0845,0.1321,1.0498,-2.7481,-7.1221,14.8244,0,0,0
-0.0947,0.1379,1.0576,2.3664,0.1069,20.3282,0,0,0
-0.093,0.1521,1.0671,4.2366,3.458,27.4962,0,0,0
-0.1055,0.2253,1.0144,4.3817,4.4427,31.4504,0,0,0
-0.1375,0.2515,1.01,1.7252,4.6412,24.7634,0,0,0
-0.1245,0.2927,0.9866,-3.084,1.0458,12.8092,0,0,0
-0.1482,0.2705,0.9695,-7.9771,-2.458,4.3969,0,0,0
-0.1814,0.2275,0.967,-8.6107,-6.8168,1.6336,0,0,0
-0.1714,0.2202,0.946,-6.626,-9.1374,-1.4504,0,0,0
-0.1846,0.1536,0.9719,-4.2443,-12.8473,3.7405,0,0,0
-0.1758,0.179,0.9373,-3.4122,-14.8015,9.855,0,0,0
-0.123,0.1772,0.9482,-3.0153,-16.2061,7.6489,1,0,0
-0.1545,0.2041,0.9761,-4.4275,-17.5954,5.5878,1,0,0
-0.0896,0.1382,0.9893,-8.8779,-15.7481,8.9771,1,0,0
-0.0933,0.1021,1.0168,-3.9847,-7.8168,12.084,1,0,0
-0.1047,0.1316,1.0305,7.6183,-5.4122,14.7786,1,0,0
-0.0273,0.1707,1.075,13.542,0.1908,9.5725,1,0,0
-0.0271,0.1482,1.0261,14.8779,1.9924,7.9008,1,0,0
-0.054,0.1819,1.0403,15.5115,7.3664,7.4275,1,0,0
-0.0869,0.2563,1.043,8.5038,11.1679,4.6412,1,0,0
-0.1096,0.1887,1.0242,0.0611,7.3359,1.8855,1,0,0
-0.1624,0.2637,0.9543,-7.8473,-1.3053,2.771,1,0,0
-0.1646,0.252,0.9209,-14.8931,-12.0916,-1.1221,0,0,0
-0.1292,0.1179,0.9575,-13.4962,-19.6641,-1.3817,0,0,0
-0.1377,0.0979,0.9719,-6.4656,-24.0992,1.542,0,0,0
-0.1055,0.1462,0.9783,-2.4656,-27.2443,2.313,0,0,0
-0.0605,0.1572,1.0098,-0.8244,-23.7176,2.4885,0,0,0
-0.1133,0.1711,0.9324,2.3282,-15.0763,-0.5802,0,0,0
-0.0735,0.1667,1.0486,4.5802,-10.0229,1.687,0,0,0
-0.0618,0.1638,1.0374,5.4122,-5.2366,1.3893,0,0,0
-0.0808,0.1804,1.0403,4.7786,-2.3435,4.3359,0,0,0
-0.0278,0.2239,1.0481,-0.9313,3.8931,4.5725,0,0,0
-0.0779,0.2212,1.0444,-3.1832,9.0687,1.4198,0,0,0
-0.0842,0.1963,1.0359,-4.7252,9.0992,-1.374,0,0,0
-0.0828,0.1721,1.0164,-0.4504,10.7099,-4.0534,0,0,0
-0.1113,0.1746,0.9985,3.7328,7.6031,-8.3893,0,0,0
-0.0903,0.1763,1.0085,6.9237,4.9618,-9.3511,0,0,0
-0.0847,0.1453,0.9985,11.3893,4.1145,-9.2519,0,0,0
-0.0408,0.2178,1.0723,11.8473,8.5878,-20.0153,0,0,0
-0.0657,0.2505,1.0007,14.5573,4.4504,-19.7099,0,0,0
-0.1128,0.231,0.9678,15.2824,0.0,-24.0305,0,0,0
-0.125,0.2378,0.9368,9.7939,-2.7786,-25.2672,0,0,0
-0.1284,0.1938,0.9802,7.8626,-3.8321,-23.1298,0,0,0
-0.1147,0.1575,0.9919,7.6107,-5.9542,-19.9008,0,0,0
-0.1694,0.3611,0.9507,2.1908,-2.5038,-14.4962,0,0,0
-0.0667,0.2244,1.053,-1.2214,3.458,-9.7939,1,0,0
-0.0798,0.2356,1.0354,-6.8092,7.7328,-8.7557,1,0,0
-0.1179,0.2402,1.0205,-8.1527,7.1221,-7.4885,1,0,0
-0.1255,0.2725,1.0005,-16.0153,4.1145,-11.1985,1,0,0
-0.1489,0.1924,0.978,-15.9618,-0.5115,-13.0229,1,0,0
-0.1287,0.1692,0.9727,-14.7176,-6.374,-11.3053,1,0,0
-0.1282,0.1626,0.9578,-15.229,-5.8321,-8.8015,1,0,0
-0.1038,0.1711,0.9932,-14.4427,-5.3817,-6.6641,1,0,0
-0.075,0.1638,1.0132,-14.2595,-1.7328,-4.5496,1,0,0
-0.0659,0.1902,1.0449,-16.6641,4.0305,-4.6641,1,0,0
-0.0801,0.1575,1.0134,-16.0763,5.8168,-4.0,1,0,0
-0.0928,0.1323,0.9966,-12.4504,6.9542,-0.8321,1,0,0
-0.1313,0.1228,0.9712,-7.9466,4.4885,1.2061,1,0,0
-0.1409,0.1155,0.9661,-3.5573,0.1908,2.084,1,0,0
-0.1206,0.1218,0.9863,0.458,-3.1145,3.6565,1,0,0
-0.1025,0.1282,0.9822,3.3359,-1.8931,5.8321,1,0,0
-0.0918,0.178,1.0156,0.084,-1.5038,6.7405,1,0,0
-0.061,0.1609,1.0383,0.0382,3.4198,6.3817,1,0,0
-0.0557,0.178,1.0481,1.8397,10.2977,5.3893,1,0,0
-0.0649,0.179,1.0554,0.8702,17.3969,4.4351,1,0,0
-0.1025,0.2122,1.0598,-3.2901,20.7939,2.9389,1,0,0
-0.1187,0.1733,1.0398,-5.9313,20.9008,0.3664,1,0,0
-0.1221,0.1846,1.0547,-6.8397,21.4733,-1.9847,1,0,0
-0.1553,0.1257,0.9829,-2.7786,17.5649,-0.2824,1,0,0
-0.1853,0.1511,0.9602,1.5344,11.084,0.4733,1,0,0
-0.179,0.1997,0.96,-1.374,3.5649,2.7099,1,0,0
-0.1575,0.189,0.9875,-3.9466,0.4275,1.5573,1,0,0
-0.1367,0.1436,1.0115,-1.9847,-0.313,2.4046,1,0,0
-0.1101,0.1499,1.0312,4.7863,1.687,4.084,0,0,0
-0.0952,0.2014,1.0554,7.2595,7.0916,3.9084,0,0,0
-0.1172,0.2295,1.0408,5.9389,12.0611,0.145,0,0,0
-0.1602,0.2207,0.9963,3.916,9.9466,-1.2214,0,0,0
-0.1768,0.2168,0.9976,-0.3588,4.8321,-2.8473,0,0,0
-0.1941,0.2305,0.97,-5.8702,-3.2137,-3.145,0,0,0
-0.1731,0.1904,0.9802,-7.9924,-10.8473,-3.0992,0,0,0
-0.1201,0.1719,1.0063,-7.9084,-11.1908,-2.3435,0,0,0
-0.0908,0.1641,1.0308,-6.626,-6.9008,-2.1985,0,0,0
-0.0933,0.1763,1.0464,-5.3435,-0.8092,-3.2137,0,0,0
-0.1196,0.1626,1.0288,-3.2443,3.0229,-2.3588,0,0,0
-0.1287,0.1594,1.0164,-0.3053,3.0611,0.0229,0,0,0
-0.1387,0.1768,0.9814,0.626,0.0534,0.8931,0,0,0
-0.1294,0.189,0.9858,-1.0458,-1.2672,1.0458,0,0,0
-0.1343,0.1785,0.9785,-2.4809,-1.8397,1.0458,0,0,0
-0.1294,0.1753,0.9905,-3.4198,-3.1145,2.3969,0,0,0
-0.1309,0.1802,0.9863,-4.3435,-4.1756,3.3817,0,0,0
-0.1326,0.1765,0.9905,-4.6336,-5.1527,3.8702,0,0,0
-0.1228,0.1804,0.9868,-4.458,-5.2824,3.8015,0,0,0
-0.1272,0.1897,0.9875,-3.8397,-4.4275,3.2672,0,0,0
-0.1353,0.187,0.9905,-3.8473,-3.9618,2.0,0,0,0
-0.1482,0.2217,0.9639,-6.3511,-5.2672,0.5954,0,0,0
-0.1377,0.1885,0.9687,-9.9695,-8.4046,0.2748,0,0,0
-0.1187,0.1465,0.9749,-7.6565,-7.8092,0.4962,0,0,0
-0.1201,0.1484,0.9917,-4.0687,-6.6183,0.6183,0,0,0
-0.1155,0.1541,0.9963,-0.5878,-4.8931,-1.313,0,0,0
-0.1282,0.1672,0.9788,1.4275,-5.2824,-1.9008,0,0,0
-0.1384,0.1804,0.9531,1.1985,-7.3435,-2.0,0,0,0
-0.1355,0.1541,0.9946,-0.2824,-9.3435,-1.6947,0,0,0
-0.1113,0.144,0.989,0.9542,-9.0305,0.6565,0,0,0
-0.1047,0.1428,0.9978,3.3664,-8.7023,1.7176,0,0,0
-0.1104,0.1804,1.0134,3.2748,-6.9924,1.5802,0,0,0
-0.093,0.1914,1.0283,1.8092,-4.2366,0.9618,0,0,0
-0.0969,0.188,1.0425,1.3969,-1.1527,-0.145,0,0,0
-0.1101,0.1589,1.0183,2.0153,-0.5344,0.1069,0,0,0
-0.1292,0.1562,0.9995,3.4122,-2.7786,1.084,0,0,0
-0.1172,0.1775,1.0112,4.2519,-3.7786,1.4046,0,0,0
-0.0986,0.188,1.0327,4.6336,-1.0382,0.916,0,0,0
-0.0974,0.178,1.0442,5.9542,2.8473,-0.6641,0,0,0
-0.1143,0.1921,1.0554,6.4198,5.7176,-1.2519,0,0,0
-0.1238,0.2168,1.0288,5.6183,6.0763,-1.9542,0,0,0
-0.1179,0.2073,1.0078,3.6794,5.6336,-2.9618,0,0,0
-0.1118,0.1636,1.0012,4.1985,6.3359,-2.9237,0,0,0
-0.1418,0.1445,0.9827,7.7176,3.4122,4.2214,0,0,0
-0.144,0.1643,0.9949,9.1603,-0.0305,8.9084,0,0,0
-0.127,0.2048,1.0066,8.4733,-0.5115,10.0229,0,0,0
-0.1147,0.2192,0.9937,5.4656,-1.5496,10.8092,0,0,0
-0.1282,0.2036,0.9807,3.8015,-4.7328,10.542,0,0,0
0.842,0.6392,1.2329,-3.6107,20.2443,11.3893,0,0,0
-0.146,0.2388,0.9734,3.0611,0.6489,5.9237,0,0,0
-0.1226,0.2056,1.0667,9.7557,-6.3511,1.8702,0,0,0
-0.1721,0.209,0.9272,10.5649,1.1374,-2.2137,0,0,0
-0.1794,0.2544,0.9827,2.1603,-10.4427,-1.0305,0,0,0
-0.1257,0.1885,0.9792,-0.3588,-14.5725,-1.4427,0,0,0
-0.0999,0.2004,0.9773,-2.458,-14.7099,-0.1756,0,0,0
-0.1133,0.1658,1.0129,-0.4885,-12.771,3.1832,0,0,0
-0.1152,0.2053,0.99,-1.7863,-15.145,3.9313,0,0,0
-0.0964,0.2227,0.9966,-2.9771,-15.2824,1.0,0,0,0
-0.0835,0.2332,0.9895,-5.1221,-15.2977,-1.458,0,0,0
-0.0898,0.1931,1.0264,-6.1832,-11.5267,-1.9237,0,0,0
-0.0837,0.1785,1.0032,-2.3664,-10.5038,-0.8168,0,0,0
-0.095,0.2039,1.0042,-1.1832,-9.3817,-1.2061,0,0,0
-0.1025,0.2292,0.9966,-2.9389,-10.0916,-0.8473,0,0,0
-0.0984,0.2026,0.9978,-4.2214,-12.5267,1.0763,0,0,0
-0.0818,0.178,1.0005,-3.4122,-13.1908,2.5573,0,0,0
-0.0598,0.1926,1.0166,-1.6718,-10.374,2.9695,0,0,0
-0.0491,0.2087,1.0234,-0.8397,-5.1832,1.7328,0,0,0
-0.072,0.2056,1.0132,-0.3511,-1.855,0.6412,0,0,0
-0.0847,0.2153,1.0027,0.145,-2.1221,0.4733,0,0,0
-0.0803,0.2056,1.0015,0.3664,-2.6641,-0.4733,0,0,0
-0.0957,0.2212,0.99,0.5954,-3.3359,-1.1908,0,0,0
-0.1023,0.2319,0.9902,-0.916,-6.0305,-1.9084,0,0,0
-0.095,0.2231,1.0022,-2.5878,-7.5115,-2.1985,0,0,0
-0.0808,0.2261,1.0159,-3.6031,-7.6336,-1.6565,0,0,0
-0.0642,0.2183,1.032,-4.0153,-4.8931,-1.7863,0,0,0
-0.0693,0.2131,1.022,-3.458,-2.0534,-2.0076,0,0,0
-0.0972,0.207,0.9963,-3.6412,-3.9847,-1.5725,0,0,0
-0.0979,0.2061,0.9934,-3.6565,-7.5802,-2.2595,0,0,0
-0.0752,0.2007,1.0071,-3.2519,-8.9084,-1.7099,0,0,0
-0.0618,0.2,1.0139,-3.4198,-8.0382,-1.3817,0,0,0
-0.0642,0.196,1.0234,-3.4427,-5.916,-1.6641,0,0,0
-0.0635,0.2004,1.021,-3.3511,-3.9695,-1.7786,0,0,0
-0.0803,0.2019,1.0093,-4.0229,-5.145,-2.5802,0,0,0
-0.0789,0.2034,1.0063,-4.1069,-6.5573,-2.1298,0,0,0
-0.0647,0.2014,1.0076,-3.7863,-6.2672,-2.7252,0,0,0
-0.0576,0.1956,1.0339,-1.5267,-4.7557,-2.9237,0,0,0
-0.0662,0.1995,1.0247,-1.1374,-3.4809,-3.3588,0,0,0
-0.0725,0.1895,1.0222,-1.2672,-3.2672,-2.2519,0,0,0
-0.0515,0.1855,0.9951,-2.542,-5.9466,-0.6565,0,0,0
-0.0886,0.1797,0.9905,0.0534,-8.8779,-0.9313,0,0,0
-0.0513,0.175,1.0088,2.9618,-7.2137,-0.8931,0,0,0
-0.0518,0.1887,1.012,4.0611,-4.9847,-0.916,0,0,0
-0.0295,0.1987,1.0203,3.5344,-1.4656,-1.3969,0,0,0
-0.0483,0.2095,1.009,2.6641,1.8855,-2.2901,0,0,0
-0.0566,0.1975,1.0168,2.771,2.2443,-1.2748,0,0,0
-0.0642,0.2214,0.998,2.0687,1.3969,-1.4962,0,0,0
-0.0674,0.2065,0.9841,2.2977,0.7634,-2.3817,0,0,0
-0.0676,0.2029,0.9897,2.8626,0.1069,-2.6107,0,0,0
-0.071,0.1838,1.0012,3.8321,-1.3511,-1.9847,0,0,0
-0.071,0.1926,1.0054,4.4809,-2.1679,-1.855,0,0,0
-0.072,0.2131,0.9963,2.9771,-2.3359,-1.7176,0,0,0
-0.063,0.2034,1.0078,2.7023,-1.9618,-1.1603,0,0,0
-0.0583,0.2068,1.0137,3.2977,-0.7863,-1.7939,0,0,0
-0.0464,0.2156,1.0205,3.9695,2.0458,-1.9084,0,0,0
-0.0576,0.2195,1.0225,4.0763,4.5344,-2.5496,0,0,0
-0.0649,0.2334,1.0186,3.5954,5.3969,-3.458,0,0,0
-0.0696,0.2253,0.989,1.5344,3.4351,-3.4962,0,0,0
-0.0845,0.2178,0.9807,-0.229,0.1374,-3.542,0,0,0
-0.073,0.2126,0.9841,-1.0916,-2.7099,-2.4962,0,0,0
-0.0652,0.2053,1.0015,-1.6641,-2.9008,-1.374,0,0,0
-0.0596,0.1992,1.0115,-1.084,-2.3053,-1.1908,0,0,0
-0.0659,0.2073,1.0012,-0.4275,-1.9924,-0.6412,0,0,0
-0.0649,0.2124,0.9932,-0.458,-2.3664,-0.8473,0,0,0
-0.0559,0.231,1.0083,-1.2061,-1.8473,-2.0153,0,0,0
-0.0525,0.2175,1.0156,-1.0916,0.6718,-2.6107,0,0,0
-0.0671,0.2217,1.0217,0.5038,2.4046,-2.6336,0,0,0
-0.0725,0.2473,0.9976,-0.4351,2.2901,-3.1908,0,0,0
-0.0837,0.2388,0.9934,-2.9237,0.3511,-3.6107,0,0,0
-0.0774,0.2258,1.0032,-5.1603,-1.3664,-3.4962,0,0,0
-0.0781,0.2146,0.99,-5.8779,-3.1374,-2.9008,0,0,0
-0.0701,0.21,1.0032,-5.5267,-3.7939,-3.0916,0,0,0
-0.0745,0.2014,0.9924,-4.4275,-5.4122,-2.6336,0,0,0
-0.0632,0.1995,0.9961,-2.7328,-5.8092,-2.4733,0,0,0
-0.0505,0.2141,1.0059,-2.313,-4.3588,-3.2901,0,0,0
-0.0452,0.2058,1.0115,-2.771,-3.3282,-3.0534,0,0,0
-0.0544,0.2021,1.0081,-2.916,-2.0153,-2.5191,0,0,0
-0.0588,0.1987,1.0063,-2.3435,-2.0229,-1.626,0,0,0
-0.0574,0.2065,1.0166,-2.2214,-1.4885,-1.9313,0,0,0
-0.0574,0.207,1.0103,-2.4046,-1.3511,-1.5344,0,0,0
-0.0562,0.2056,1.0042,-2.6794,-0.7328,-1.4885,0,0,0
-0.0535,0.2107,1.0002,-3.5267,-0.7252,-1.2748,0,0,0
-0.0466,0.2075,1.0186,-3.2366,1.2061,-1.9847,0,0,0
-0.0481,0.2151,1.0254,-3.9542,2.5267,-1.8931,0,0,0
-0.0564,0.2041,1.0146,-2.8779,3.0305,-1.4198,0,0,0
-0.0642,0.2012,1.0161,-1.3511,2.7786,-0.2748,0,0,0
-0.0596,0.2214,1.0034,-1.6336,2.8092,-0.2748,0,0,0
-0.0605,0.217,1.0107,-1.9618,2.6336,-0.2595,0,0,0
-0.053,0.2141,1.0256,-1.9313,4.6183,-0.8321,0,0,0
-0.051,0.2183,1.0222,-1.5878,6.5115,-0.6641,0,0,0
-0.0535,0.2192,1.0164,-2.6718,8.1527,-0.9237,0,0,0
-0.0635,0.2219,1.0115,-4.1985,8.7252,-1.5115,0,0,0
-0.0786,0.2063,0.9941,-3.4275,8.2901,-1.6641,0,0,0
-0.0906,0.2056,0.9863,-1.7405,5.1756,-0.9237,0,0,0
-0.0759,0.2122,1.0037,-0.3588,4.3588,-0.4046,0,0,0
-0.0625,0.2109,1.0203,-0.313,5.7786,0.2366,0,0,0
-0.0603,0.2051,1.0273,-1.1145,8.1145,1.5802,0,0,0
-0.0723,0.2168,1.0271,-2.8779,9.3969,3.3969,0,0,0
-0.0789,0.2244,1.0083,-5.2214,9.1985,3.9008,0,0,0
-0.093,0.2214,1.0127,-8.5573,7.6336,4.6947,0,0,0
-0.0945,0.2041,0.9895,-10.1756,5.0534,6.2519,0,0,0
-0.0916,0.1953,0.9944,-9.9695,3.3817,7.1145,0,0,0
-0.0796,0.1904,1.0042,-10.1374,3.6794,7.8015,0,0,0
-0.0818,0.2007,1.0017,-12.2061,4.8779,8.4046,0,0,0
-0.3997,0.137,0.9189,-16.0611,9.4427,10.9237,0,0,0
-0.0732,0.2014,1.0029,-15.771,9.4656,11.1679,0,0,0
-0.1277,0.1606,0.9922,-16.2977,5.6107,13.4198,0,0,0
-0.0603,0.1963,1.0359,-19.5496,6.084,17.1679,0,0,0
-0.0918,0.1643,1.0425,-21.542,6.6336,19.2061,0,0,0
-0.0908,0.1704,1.0193,-20.5954,6.4122,17.8931,0,0,0
-0.1023,0.1763,1.0022,-19.0,5.6565,15.4427,0,0,0
-0.0869,0.1904,1.0139,-18.8092,5.8015,13.4733,0,0,0
-0.2234,0.1223,0.9651,-19.771,15.5725,14.1221,0,0,0
-0.1113,0.1292,1.0081,-14.6412,11.4046,15.8855,0,0,0
-0.1287,0.1687,1.0127,-12.2137,12.084,14.9695,0,0,0
-0.1067,0.1924,1.0005,-13.7328,8.5954,14.0305,0,0,0
-0.1157,0.1704,0.9905,-17.0534,7.374,14.2901,0,0,0
-0.1165,0.1692,0.9968,-16.7328,4.5954,13.084,0,0,0
-0.1191,0.1628,1.0005,-14.687,2.5344,11.5878,0,0,0
-0.1108,0.1746,0.9949,-11.7099,0.6183,9.3282,0,0,0
-0.0898,0.1628,1.0103,-7.2977,1.0305,7.5191,0,0,0
-0.0903,0.1716,1.0239,-4.1145,3.4656,5.687,0,0,0
-0.0872,0.1765,1.0242,-3.3817,4.2748,4.2137,0,0,0
-0.1975,0.1189,1.0049,-1.1832,6.4656,2.9847,0,0,0
-0.1082,0.1858,0.9922,0.2672,3.0916,2.2443,0,0,0
-0.0986,0.1836,0.9934,0.6947,1.4275,1.0153,0,0,0
-0.1082,0.1619,1.0044,1.9847,0.4504,-0.1527,0,0,0
-0.0989,0.1726,1.0105,3.5115,1.1603,-0.8779,0,0,0
-0.0886,0.1733,1.0229,3.5115,2.7939,-1.1145,0,0,0
-0.094,0.1882,1.0232,1.0763,4.3435,-0.5344,0,0,0
-0.0999,0.1758,1.0286,-2.4122,4.0687,-0.0687,0,0,0
-0.0913,0.1626,1.0193,-4.6107,4.9542,1.5573,0,0,0
-0.1099,0.1582,1.0039,-4.916,4.626,2.4885,0,0,0
-0.1118,0.1729,0.9866,-5.3435,1.5725,2.5725,0,0,0
-0.1145,0.1533,0.9805,-4.1679,0.0687,1.313,0,0,0
-0.104,0.1499,0.9814,-1.626,-1.9618,1.3206,0,0,0
-0.0913,0.1433,1.0103,1.1832,-0.6565,1.7252,0,0,0
-0.0842,0.1638,1.0073,2.145,1.626,1.5725,0,0,0
-0.0942,0.179,1.0066,1.6107,2.9389,1.0153,0,0,0
-0.0945,0.1763,1.0012,0.8168,3.8015,0.1298,0,0,0
-0.1086,0.1921,1.0024,-0.3817,3.5267,-0.9771,0,0,0
-0.1108,0.1782,1.0002,-1.4656,3.1679,-1.2137,0,0,0
-0.1221,0.1689,0.9873,-0.3588,2.0076,-1.6031,0,0,0
-0.126,0.1748,0.9797,0.8702,-0.6336,-2.4351,0,0,0
-0.1016,0.1653,0.9949,1.8168,-0.8626,-2.458,0,0,0
-0.0935,0.1689,1.0024,2.2366,1.0,-2.084,0,0,0
-0.1182,0.1794,0.9956,2.8473,0.5191,-3.0687,0,0,0
-0.1135,0.1763,0.9917,3.2748,-1.0687,-3.6183,0,0,0
-0.0957,0.1873,1.0142,2.3053,-0.0458,-3.9237,0,0,0
-0.1045,0.177,1.0137,2.0153,0.9924,-5.5496,0,0,0
-0.1143,0.1697,1.0044,3.1221,-1.1221,-6.6031,0,0,0
-0.1199,0.167,1.0166,6.2137,-2.5954,-7.6565,0,0,0
-0.1055,0.177,1.0208,8.7939,-2.0992,-9.916,0,0,0
-0.1057,0.1733,1.0312,15.458,-1.3359,-14.8779,0,0,0
-0.1108,0.2031,1.0305,20.7786,0.3282,-19.1298,0,0,0
-0.1221,0.2117,1.0171,23.626,0.6794,-22.6412,0,0,0
-0.1243,0.2219,1.01,23.7023,0.0229,-25.1221,0,0,0
-0.1282,0.2166,1.001,25.5496,-1.0534,-29.4504,0,0,0
-0.1372,0.2234,1.0093,31.6794,-3.1756,-38.4962,0,0,0
-0.135,0.2383,1.0007,41.6031,-4.7405,-48.1145,0,0,0
-0.1348,0.2898,0.9856,46.5878,-5.6641,-56.542,0,0,0
-0.1284,0.2642,1.0037,45.7863,-6.0229,-60.5496,0,0,0
-0.1289,0.2659,0.9966,44.2519,-6.3053,-62.4809,0,0,0
-0.1458,0.2478,0.9714,42.7786,-8.0076,-62.5954,0,0,0
-0.134,0.241,0.9707,38.1756,-11.3893,-58.5954,0,0,0
-0.0876,0.2458,1.0271,28.7176,-9.0382,-49.0153,0,0,0
-0.1077,0.2075,1.0156,25.229,-7.0458,-44.0611,0,0,0
-0.1155,0.24,0.9993,27.3206,-7.9389,-42.8702,0,0,0
-0.1328,0.2693,0.9858,29.5954,-8.2824,-46.7328,0,0,0
-0.1338,0.2813,0.9683,26.9771,-9.9237,-45.6718,0,0,0
-0.1145,0.1379,0.9678,24.0763,-19.542,-42.7176,0,0,0
-0.1414,0.217,1.0005,21.7786,-17.9237,-36.771,0,0,0
-0.0479,0.2585,1.051,23.5725,-5.8015,-38.9542,0,0,0
-0.136,0.2957,0.991,18.4656,0.9466,-37.916,0,0,0
-0.1143,0.2983,0.9758,9.9008,0.4809,-33.8779,0,0,0
-0.1074,0.2505,0.9927,3.6412,2.7099,-26.5344,0,0,0
-0.1179,0.2268,0.9893,2.6107,3.4198,-21.5573,0,0,0
-0.1179,0.2539,0.9749,3.9771,3.3206,-20.4656,0,0,0
-0.1233,0.2668,0.9709,3.916,4.5573,-19.3053,0,0,0
-0.1343,0.2556,0.9597,4.4733,5.2595,-19.1298,0,0,0
-0.1321,0.2451,0.9792,5.6641,5.313,-17.5725,0,0,0
-0.1362,0.2605,0.9775,6.1298,6.5649,-15.8931,0,0,0
-0.1453,0.2881,0.9678,2.4504,6.5191,-12.6947,0,0,0
-0.1631,0.2859,0.9531,-1.5115,4.7786,-11.0153,0,0,0
-0.1606,0.2703,0.9458,-3.8244,2.0229,-9.084,0,0,0
-0.1655,0.2573,0.939,-6.8855,-0.9313,-4.9847,0,0,0
-0.1553,0.2378,0.9502,-6.8779,-4.3282,-2.3206,0,0,0
-0.1255,0.2407,0.9944,-5.1069,-3.3053,-1.7023,0,0,0
-0.1233,0.2556,0.9929,-2.5573,0.1145,-1.4733,0,0,0
-0.1333,0.2788,0.9851,-0.9389,1.2137,-3.2443,0,0,0
-0.1431,0.2903,0.9893,-1.4198,1.6794,-5.6794,0,0,0
-0.1516,0.2771,0.9736,-3.5573,1.1298,-6.2214,0,0,0
-0.1404,0.2607,0.9822,-4.2443,2.4351,-4.9542,0,0,0
-0.1338,0.251,0.9976,-5.0687,3.6718,-3.3053,0,0,0
-0.1194,0.2681,1.0122,-5.0,6.8931,-3.5954,0,0,0
-0.1284,0.2805,1.0083,-4.9924,11.6489,-4.626,0,0,0
-0.1433,0.2688,1.0039,-2.8168,14.2366,-7.1756,0,0,0
-0.1514,0.272,1.0056,0.2824,16.1832,-8.5878,0,0,0
-0.1382,0.2915,1.0173,0.6718,20.2214,-9.6794,0,0,0
-0.1431,0.291,1.0312,0.5038,24.5114,-11.4122,0,0,0
-0.1421,0.3081,1.0322,1.4885,28.8244,-17.2595,0,0,0
-0.1682,0.3191,1.0073,0.0687,31.0687,-20.771,0,0,0
-0.1919,0.2893,0.9724,-3.0534,29.1908,-21.2214,0,0,0
-0.2024,0.2554,0.9668,-4.3053,27.084,-19.2061,0,0,0
-0.1841,0.2583,0.9812,-1.8321,25.5725,-19.9313,0,0,0
-0.1831,0.3113,1.0012,-2.2519,27.8473,-21.229,0,0,0
-0.4253,0.1697,0.9597,-5.4427,40.3664,-26.0763,0,0,0
-0.0601,0.2734,1.0132,-6.0458,41.2595,-21.3664,0,0,0
-0.209,0.2927,0.9443,-1.374,34.3588,-20.0611,0,0,0
-0.2163,0.261,0.9517,0.6183,31.5573,-17.229,0,0,0
-0.2656,0.261,0.9629,1.2061,30.3053,-17.7634,0,0,0
-0.2246,0.332,0.9937,3.771,30.855,-23.7939,0,0,0
-0.2187,0.3638,1.0107,1.5344,38.5115,-29.0687,0,0,0
-0.5352,0.2239,0.9495,-6.1527,46.1756,-32.6794,0,0,0
-0.2827,0.2449,0.9697,-7.9924,39.374,-32.3664,0,0,0
-0.2737,0.2505,0.9084,-7.8931,37.4275,-30.8397,0,0,0
-0.3228,0.2688,0.9119,-7.8473,29.5267,-27.9389,0,0,0
-0.3218,0.2285,0.9119,-5.084,29.7328,-28.7786,0,0,0
-0.3367,0.2488,0.8904,-4.6794,23.2977,-27.145,0,0,0
-0.4692,0.1877,0.8772,-11.7634,23.0382,-22.6412,0,0,0
-0.335,0.1758,0.908,-5.542,12.771,-23.313,0,0,0
-0.3342,0.1863,0.9277,-1.0229,10.2214,-19.6412,0,0,0
-0.303,0.2458,0.9546,-2.2519,10.1756,-17.4733,0,0,0
-0.3044,0.2278,0.9692,-3.0229,11.2137,-15.0305,0,0,0
-0.3083,0.2285,0.9541,-3.6947,11.4962,-11.9618,0,0,0
-0.3257,0.2253,0.9353,-3.3511,10.8931,-10.3893,0,0,0
-0.3113,0.2192,0.9568,2.0305,10.6794,-14.687,0,0,0
-0.3281,0.2666,0.9404,5.4351,11.1221,-18.8321,0,0,0
-0.3479,0.2649,0.9233,4.9771,9.145,-21.229,0,0,0
-0.3037,0.2961,0.9348,3.542,6.8092,-18.2061,0,0,0
-0.4199,0.2456,0.9041,-0.1908,7.8092,-22.0153,0,0,0
-0.312,0.2585,0.9448,-0.7099,6.3435,-21.3893,0,0,0
-0.3103,0.2798,0.9221,-2.0076,6.8397,-22.1527,0,0,0
-0.3611,0.2393,0.9124,-3.7557,4.8092,-23.2672,0,0,0
-0.3533,0.2104,0.9094,-2.8015,1.8702,-24.2748,0,0,0
-0.3484,0.2197,0.9209,2.9542,0.3282,-26.5344,0,0,0
-0.3662,0.2439,0.9102,6.687,-0.9237,-28.374,0,0,0
-0.3789,0.239,0.9006,9.145,-4.084,-29.5725,0,0,0
-0.3945,0.2388,0.8721,11.4809,-8.0,-30.2901,0,0,0
-0.4128,0.2432,0.8467,13.3053,-16.3511,-31.2366,0,0,0
-0.3945,0.2317,0.855,16.0229,-25.2672,-32.9237,0,0,0
-0.3613,0.2368,0.894,19.5725,-30.2901,-37.5725,0,0,0
-0.3416,0.2715,0.9202,19.8397,-31.3588,-39.2977,0,0,0
-0.3423,0.2588,0.9316,20.1527,-31.3893,-40.4656,0,0,0
-0.3438,0.2466,0.9248,20.8473,-32.1374,-39.4504,0,0,0
-0.3386,0.231,0.9282,20.2214,-34.7405,-37.2519,0,0,0
-0.2827,0.2332,0.9727,16.8473,-35.0,-33.6489,0,0,0
-0.2463,0.2378,1.0144,14.5649,-26.9847,-32.3588,0,0,0
-0.249,0.2278,1.0298,14.0611,-16.687,-31.3206,0,0,0
-0.2686,0.2344,1.0234,13.7176,-10.6718,-27.8626,0,0,0
-0.2783,0.2419,0.9919,15.374,-5.6183,-29.2901,0,0,0
0.3853,0.1799,1.2205,17.0458,7.9924,-37.6107,0,0,0
-0.3064,0.2288,0.9604,12.771,-12.4046,-34.0305,0,0,0
-0.2502,0.2146,0.9736,11.1221,-10.1374,-34.9924,0,0,0
-0.2849,0.1816,0.979,12.4427,-7.8397,-31.1679,0,0,0
-0.281,0.2358,0.9944,10.0534,-3.9237,-26.0611,0,0,0
-0.2798,0.2495,0.9988,6.6412,0.8702,-24.9695,0,0,0
-0.2888,0.2737,0.9905,3.9542,5.5802,-26.0534,0,0,0
-0.3052,0.2466,0.9678,3.6718,8.2901,-27.0458,0,0,0
-0.322,0.2236,0.9434,5.4809,7.7405,-26.6947,0,0,0
-0.3308,0.2161,0.9255,7.9389,6.3817,-25.9313,0,0,0
-0.3298,0.2444,0.9248,10.1985,5.2366,-26.6947,0,0,0
-0.3479,0.2761,0.9199,9.8092,3.7481,-28.6031,0,0,0
-0.3318,0.3132,0.9368,5.5954,2.7023,-31.3053,0,0,0
-0.3323,0.2988,0.949,3.3282,4.7252,-35.229,0,0,0
-0.3586,0.2769,0.9409,2.1603,4.9695,-35.9084,0,0,0
-0.3394,0.2314,0.9321,1.5954,5.2672,-33.5267,0,0,0
-0.3379,0.1897,0.9209,3.7786,5.3969,-30.3206,0,0,0
-0.3484,0.1938,0.9089,6.0382,4.5267,-27.2443,0,0,0
-0.3477,0.2053,0.907,7.6107,3.5649,-23.4427,0,0,0
-0.3313,0.231,0.925,6.8855,3.9618,-20.8092,0,0,0
-0.3147,0.2661,0.947,5.7405,5.0305,-21.7023,0,0,0
-0.312,0.2935,0.9543,3.4656,8.2977,-25.0076,0,0,0
-0.3779,0.4619,0.9102,-7.9847,13.8244,-30.7328,0,0,0
-0.3904,0.1406,0.9573,2.3435,18.0687,-35.4351,0,0,0
-0.373,0.166,0.9209,9.5038,17.0916,-27.9237,0,0,0
-0.3892,0.1909,0.9014,10.0153,17.626,-26.374,0,0,0
-0.3628,0.2612,0.9167,10.4275,15.3893,-27.7863,0,0,0
-0.3469,0.2983,0.9099,4.7023,15.8015,-30.2824,0,0,0
-0.542,0.092,0.9072,-2.9695,13.5878,-29.3359,0,0,0
-0.3779,0.2468,0.9209,-2.9695,17.5649,-33.2748,0,0,0
-0.3987,0.1643,0.8938,4.3817,18.1527,-31.6031,0,0,0
-0.3936,0.1716,0.9075,10.5115,18.145,-29.8702,0,0,0
-0.3442,0.2073,0.9285,11.6336,12.855,-18.8626,0,0,0
-0.3982,0.1445,0.9348,16.9237,15.0611,-16.3206,0,0,0
-0.3816,0.2373,0.9094,19.313,16.6107,-13.6489,0,0,0
-0.394,0.2322,0.9238,18.5725,19.5114,-13.5496,0,0,0
-0.3909,0.2515,0.936,18.3053,22.2901,-12.7939,0,0,0
-0.3923,0.238,0.9495,18.8397,28.4198,-12.6947,0,0,0
-0.4077,0.2114,0.9329,21.6107,30.9389,-11.0229,0,0,0
-0.4272,0.2256,0.8926,26.374,30.6336,-9.3359,0,0,0
-0.4397,0.2725,0.8638,21.0153,27.7252,-8.8779,0,0,0
-0.4375,0.272,0.877,13.7786,24.3969,-9.4733,0,0,0
-0.4475,0.2585,0.8738,10.7405,22.3817,-9.4962,0,0,0
-0.4768,0.2969,0.853,6.5649,17.1985,-10.1908,0,0,0
-0.458,0.3018,0.8691,1.8855,15.2214,-12.1527,0,0,0
-0.4741,0.2734,0.8958,-0.5725,13.2595,-13.855,0,0,0
-0.4641,0.249,0.9106,-1.1221,13.4656,-13.0687,0,0,0
-0.4695,0.2388,0.8816,-0.5725,11.0992,-11.9924,0,0,0
-0.4746,0.2446,0.8633,0.6031,7.3435,-12.4122,0,0,0
-0.4961,0.2258,0.8296,0.771,1.1985,-12.2214,0,0,0
-0.4778,0.1963,0.8242,1.0382,-3.6336,-8.916,0,0,0
-0.4683,0.2158,0.855,2.0305,-5.542,-6.4046,0,0,0
-0.4355,0.3232,0.8611,4.374,-8.4427,-13.1756,0,0,0
-0.4846,0.2827,0.8635,3.313,-6.3282,-6.6336,0,0,0
-0.4241,0.259,0.8962,-1.0305,-2.771,-6.0153,0,0,0
-0.4456,0.2214,0.9177,-0.3664,1.2061,-3.7481,0,0,0
-0.4497,0.2271,0.8857,0.4656,1.7863,-1.8092,0,0,0
-0.4543,0.2212,0.8579,2.6412,1.6489,-1.3817,0,0,0
-0.4766,0.2439,0.8545,2.6718,-0.4046,-1.1069,0,0,0
-0.4597,0.248,0.8711,1.8244,-3.1145,-0.9847,0,0,0
-0.4756,0.2822,0.8657,-0.3817,-4.4809,-2.0153,0,0,0
-0.4714,0.2808,0.8687,-4.7634,-6.6794,-2.916,0,0,0
-0.4585,0.2556,0.8762,-10.458,-7.2824,-1.8168,0,0,0
-0.4333,0.2163,0.8928,-14.5878,-5.542,1.7481,0,0,0
-0.4353,0.1804,0.8926,-16.9771,-3.4733,7.0763,0,0,0
-0.428,0.1052,0.8628,-20.916,-1.4733,16.687,0,0,0
-0.2363,0.0828,0.8484,-28.2977,1.2595,39.7634,0,0,0
-0.2969,0.1484,0.8301,-46.2672,11.9924,66.374,0,0,0
-0.5088,-0.0291,0.9023,-50.2519,2.771,91.6107,0,0,0
-0.3228,0.2146,0.9907,-27.8397,-13.6412,80.1374,0,0,0
-0.3638,0.52,0.9868,-33.5191,-8.6641,66.6565,0,0,0
-0.4128,0.3774,1.0012,-54.5725,-1.9389,61.1374,0,0,0
-0.4236,0.188,0.9619,-68.4657,8.313,74.0916,0,0,0
-0.4055,0.0662,0.9207,-80.458,15.6718,98.9084,0,0,0
-0.4031,0.095,0.8713,-95.3664,18.7023,127.0916,0,0,0
-0.3706,-0.0017,0.8193,-103.6641,13.6641,155.7939,0,0,0
-0.3655,0.0115,0.7878,-106.8702,9.855,177.4427,0,0,0
-0.251,-0.0713,0.833,-97.9847,9.5191,191.2443,0,0,0
-0.3665,0.0676,1.0,-69.4733,10.0305,186.8855,0,0,0
-0.4385,0.4453,0.9573,-51.1069,13.4656,169.8397,0,0,0
-0.3242,0.4771,0.9575,-57.374,11.2519,147.4198,0,0,0
-0.3953,0.4529,0.9043,-74.0153,10.9847,134.771,0,0,0
-0.3669,0.3352,0.8635,-85.3817,6.2061,129.3511,0,0,0
-0.6104,0.2419,0.8359,-89.0992,-5.9466,120.4046,0,0,0
-0.3525,0.2776,0.8845,-93.2366,-14.0916,114.9618,0,0,0
-0.3455,0.313,0.9468,-102.6336,-12.6641,111.8092,0,0,0
-0.3472,0.2224,0.9531,-108.9313,-5.5344,104.229,0,0,0
-0.3435,0.1804,0.9641,-103.6794,-3.6031,96.9466,0,0,0
-0.3655,0.1072,0.9683,-85.4351,-3.8626,85.4428,0,0,0
-0.3821,0.1226,1.0005,-67.0305,-5.3206,74.2214,0,0,0
-0.3667,0.2112,1.042,-54.8015,-4.5878,70.0916,0,0,0
-0.332,0.145,1.0544,-45.0305,-1.0611,61.2901,0,0,0
-0.3052,0.1877,1.043,-34.7023,5.7023,52.771,0,0,0
-0.3284,0.2002,1.0083,-25.5802,13.3664,44.6565,0,0,0
-0.3843,0.2339,0.9661,-21.0687,12.855,35.4046,0,0,0
-0.3899,0.2397,0.9409,-21.2443,10.3969,27.6794,0,0,0
-0.3835,0.2085,0.9429,-20.7328,7.3588,21.2366,0,0,0
-0.366,0.2178,0.9697,-19.5649,7.2672,18.0305,0,0,0
-0.3701,0.209,0.9814,-20.2366,7.8015,15.9466,0,0,0
-0.3767,0.2007,0.9766,-19.8702,7.3817,13.8702,0,0,0
-0.3833,0.1758,0.9656,-15.9771,5.2977,10.6947,0,0,0
-0.3721,0.1675,0.9692,-10.374,3.6107,5.5954,0,0,0
-0.3787,0.1582,0.96,-4.7939,1.4198,2.6947,0,0,0
-0.3438,0.1453,1.0015,-2.1679,1.5115,3.687,0,0,0
-0.3186,0.146,1.0151,0.4885,5.9466,4.8244,0,0,0
-0.3267,0.1707,1.0081,2.3893,10.5878,4.9389,0,0,0
-0.1921,0.2368,1.0273,3.7939,8.374,4.1374,0,0,0
-0.4626,0.1948,0.969,3.229,19.6565,-3.9237,0,0,0
-0.4478,0.1821,0.9475,1.7405,16.3053,-8.1374,0,0,0
-0.2927,0.135,1.0063,6.8931,15.1527,-11.687,0,0,0
-0.3464,0.1628,0.9944,12.7176,22.1985,-13.9084,0,0,0
-0.3718,0.1838,0.9529,11.4275,23.2214,-14.9847,0,0,0
0.0237,0.2932,1.0752,4.458,38.7252,-20.0305,0,0,0
-0.374,0.1589,0.9377,4.0534,24.0992,-11.8702,0,0,0
-0.2922,0.1504,0.9575,-0.1832,28.6336,-8.5802,0,0,0
-0.3503,0.094,0.979,6.0382,31.9084,-11.8473,0,0,0
-0.313,0.1257,1.0198,14.4351,45.0534,-17.0382,0,0,0
-0.3076,0.218,0.9827,12.3817,54.0,-18.0229,0,0,0
-0.4709,0.1621,0.9197,4.1756,50.9618,-14.313,0,0,0
-0.4219,0.1892,0.8889,-3.7634,45.3435,-10.0,0,0,0
-0.4553,0.146,0.8855,-5.8244,44.3282,-8.4504,0,0,0
-0.4282,0.1663,0.8694,-4.3282,43.1985,-10.0763,0,0,0
-0.4717,0.1843,0.8435,-4.084,36.6947,-10.8473,0,0,0
-0.4841,0.1108,0.8408,-3.9237,32.0992,-10.0,0,0,0
-0.4985,0.116,0.8301,-2.4885,25.1756,-7.3664,0,0,0
-0.4885,0.1426,0.832,-2.5344,20.229,-5.0076,0,0,0
-0.4995,0.147,0.8242,-5.6489,14.6489,-2.9771,0,0,0
-0.5142,0.1331,0.8113,-5.374,8.4656,-2.1908,0,0,0
-0.4944,0.127,0.8052,-3.7557,2.916,-2.5191,0,0,0
-0.501,0.1128,0.8357,0.0763,-1.8397,-3.4427,0,0,0
-0.4485,0.1279,0.8772,1.9084,-2.687,-1.5573,0,0,0
-0.4463,0.1211,0.9036,4.1221,0.7176,-0.4885,0,0,0
-0.4663,0.1467,0.9001,5.8397,2.916,-0.6183,0,0,0
-0.4841,0.1614,0.8965,4.8015,2.8092,-2.3206,0,0,0
-0.4727,0.1667,0.8926,3.3817,3.0153,-3.4046,0,0,0
-0.4949,0.1697,0.8877,1.1908,1.4198,-6.0,0,0,0
-0.4971,0.1541,0.8809,-1.1069,-1.2977,-6.7634,0,0,0
-0.4863,0.1353,0.8879,-2.4046,-2.3282,-5.626,0,0,0
-0.4744,0.1042,0.8877,-1.7328,-2.9008,-3.5954,0,0,0
-0.4646,0.1094,0.8955,0.4122,-1.542,-2.2824,0,0,0
-0.4905,0.1306,0.8777,1.7634,-2.3206,-2.2443,0,0,0
-0.5051,0.1326,0.8755,2.1679,-5.6794,-3.229,0,0,0
-0.4985,0.1323,0.8774,2.9313,-8.8015,-3.5496,0,0,0
-0.4768,0.1072,0.8992,11.0382,-10.6412,-7.7023,0,0,0
-0.4731,0.1802,0.8762,19.2137,-9.8702,-14.7634,0,0,0
-0.5039,0.1953,0.863,21.2214,-12.9389,-20.5725,0,0,0
-0.5349,0.1936,0.8518,22.4198,-19.5344,-27.0763,0,0,0
-0.4932,0.1941,0.873,27.2061,-24.9924,-35.3359,0,0,0
-0.5637,0.1829,0.8206,37.4885,-21.1298,-47.7252,0,0,0
-0.5605,0.2056,0.8162,37.3206,-30.3359,-50.2137,0,0,0
-0.5037,0.1565,0.7891,34.4885,-37.5878,-53.1298,0,0,0
-0.4304,0.1917,0.8569,32.5191,-49.5191,-46.7634,0,0,0
-0.4238,0.1299,0.9202,23.0534,-45.8397,-32.6412,0,0,0
-0.3745,0.095,0.9565,21.5267,-36.7176,-23.5191,0,0,0
-0.312,0.1277,0.9858,26.374,-25.855,-20.0305,0,0,0
-0.3835,0.1982,0.9431,30.1603,-16.374,-22.5954,0,0,0
-0.4551,0.2319,0.9053,27.1298,-17.145,-27.8092,0,0,0
-0.4546,0.2524,0.8586,29.771,-33.8702,-31.6641,0,0,0
-0.532,0.1687,0.8103,31.8473,-44.6641,-31.2672,0,0,0
-0.4377,0.2036,0.8433,26.7939,-49.1985,-26.8779,0,0,0
-0.3462,0.1846,0.9099,18.313,-45.3435,-23.4275,0,0,0
-0.2813,0.2004,0.9714,9.6107,-39.4122,-17.2519,0,0,0
-0.2705,0.1719,1.0002,4.3664,-26.9924,-13.2977,0,0,0
-0.3501,0.1699,0.9858,4.084,-18.9847,-13.855,0,0,0
-0.4565,0.1648,0.9448,5.9618,-18.9771,-17.0229,0,0,0
-0.429,0.1956,0.9128,7.7099,-24.4046,-20.1908,0,0,0
-0.4475,0.1946,0.8704,8.4504,-32.0076,-20.5573,0,0,0
-0.4868,0.1626,0.8357,9.7252,-44.9237,-18.458,0,0,0
-0.4685,0.1797,0.8276,8.9771,-58.2443,-15.6107,0,0,0
-0.4033,0.1746,0.8347,7.3588,-69.0229,-14.2214,0,0,0
-0.3169,0.179,0.8845,5.6031,-70.9847,-14.7176,0,0,0
-0.3115,0.1907,0.9312,1.2519,-69.1756,-16.0534,0,0,0
-0.2866,0.1919,0.9824,-4.7405,-67.2443,-14.8321,0,0,0
-0.303,0.1628,0.9934,-7.6183,-63.1832,-12.9084,0,0,0
-0.2732,0.1729,1.0281,-7.9542,-60.084,-11.9313,0,0,0
-0.2354,0.1904,1.0369,-10.0992,-50.8397,-13.7405,0,0,0
-0.2561,0.1995,1.0425,-12.1145,-46.5649,-14.2977,0,0,0
-0.2524,0.1763,1.0176,-13.7405,-42.2824,-14.0763,0,0,0
-0.2522,0.1602,1.0049,-13.374,-39.7176,-14.5038,0,0,0
-0.2444,0.1711,1.0034,-12.0534,-38.1679,-15.5496,0,0,0
-0.2288,0.1602,1.009,-12.1756,-35.8702,-15.8397,0,0,0
-0.2214,0.1531,1.0295,-14.6107,-30.9237,-15.0916,0,0,0
-0.2229,0.1294,1.0315,-14.9847,-27.3893,-13.0458,0,0,0
-0.2002,0.1006,1.0369,-10.5954,-22.1985,-12.3282,0,0,0
-0.1934,0.1086,1.0378,-3.6718,-15.9542,-11.8244,0,0,0
-0.1829,0.0964,1.0454,1.4122,-9.6031,-10.1527,0,0,0
-0.1912,0.1028,1.0278,4.6183,-3.4962,-6.6412,0,0,0
-0.1973,0.1206,1.0149,6.8397,1.0305,-4.2366,0,0,0
-0.2158,0.1362,1.0056,8.1756,5.8931,-2.7557,0,0,0
-0.24,0.1543,1.0017,8.1756,5.8168,-2.5038,0,0,0
-0.2378,0.1714,1.001,8.3511,6.3435,-2.7176,0,0,0
-0.2395,0.1914,0.9944,5.2595,6.9771,-2.3359,0,0,0
-0.2483,0.1875,0.9834,1.7405,6.0687,-1.6794,0,0,0
-0.2598,0.1851,0.9736,-1.0076,4.7863,-0.9771,0,0,0
-0.2607,0.1802,0.95,-3.771,3.0076,-0.2519,0,0,0
-0.2446,0.1819,0.9575,-7.7481,1.6336,1.3053,0,0,0
-0.1948,0.1855,1.0208,-11.8855,4.5878,3.6718,0,0,0
-0.1924,0.1733,1.041,-14.7405,12.6718,4.229,0,0,0
-0.1997,0.1729,1.0439,-15.9084,19.5802,5.8397,0,0,0
-0.2444,0.1626,1.0103,-13.313,24.4504,4.5725,0,0,0
-0.2976,0.1592,0.9561,-7.4656,22.0611,1.229,0,0,0
-0.3267,0.1624,0.9387,-2.3588,16.0534,-1.5267,0,0,0
-0.2771,0.187,0.9419,-1.4733,9.8321,-2.4733,0,0,0
-0.3005,0.1604,0.9348,-2.2748,5.2214,-1.458,0,0,0
-0.291,0.1624,0.9348,-2.916,1.3282,-1.8092,0,0,0
-0.2693,0.1643,0.9507,-4.4046,-1.771,-1.6412,0,0,0
-0.2634,0.1501,0.9617,-3.9771,-2.6718,-1.626,0,0,0
-0.2695,0.1592,0.981,-2.3511,-2.7863,-1.0153,0,0,0
-0.2517,0.1724,0.9944,-2.2824,-1.8244,-1.4962,0,0,0
-0.2512,0.1633,0.9937,-2.5802,0.2443,-2.2137,0,0,0
-0.2671,0.147,0.9893,0.0992,0.9084,-1.7634,0,0,0
-0.2715,0.1443,0.9766,2.6565,0.0611,-1.1985,0,0,0
-0.2771,0.1577,0.9614,3.0,-1.542,-0.5573,0,0,0
-0.2773,0.1633,0.9534,1.771,-4.2672,-0.2366,0,0,0
-0.2686,0.1631,0.9702,1.2977,-6.0076,-1.1985,0,0,0
-0.2515,0.1614,0.9905,2.1756,-4.8779,-2.6336,0,0,0
-0.2527,0.1711,1.0027,3.3511,-2.0076,-3.687,0,0,0
-0.2534,0.176,1.0068,1.9771,-0.1756,-3.5802,0,0,0
-0.2585,0.176,0.9949,-0.2977,1.4656,-2.9389,0,0,0
-0.2668,0.1721,0.9836,-1.7863,1.5038,-3.313,0,0,0
-0.2737,0.1641,0.969,-2.771,0.1985,-3.5878,0,0,0
-0.2654,0.1536,0.9678,-3.7557,-0.7252,-2.9847,0,0,0
-0.2727,0.1382,0.9526,-2.8626,-2.4885,-3.0687,0,0,0
-0.2561,0.1362,0.9597,-2.9695,-3.9008,-1.7557,0,0,0
-0.2517,0.1279,0.9585,-2.6412,-3.9618,-0.1221,0,0,0
-0.2603,0.1206,0.9507,-1.4656,-5.0305,1.0916,0,0,0
-0.2532,0.1204,0.9719,2.4962,-5.7099,1.0916,0,0,0
-0.238,0.1589,0.9988,4.6794,-2.9847,0.6794,0,0,0
-0.2483,0.1814,0.9949,3.4198,0.0687,0.0916,0,0,0
-0.2659,0.1873,0.988,0.8702,0.084,-1.8855,0,0,0
-0.2705,0.1772,0.9861,-0.626,-0.3511,-3.5267,0,0,0
-0.2722,0.1658,0.9814,-2.229,-1.4198,-3.8321,0,0,0
-0.2722,0.1514,0.979,-2.6183,-2.458,-3.0153,0,0,0
-0.2666,0.1353,0.9746,-1.6718,-3.7557,-1.9771,0,0,0
-0.2498,0.1504,0.9934,-1.9542,-3.4351,-1.5344,0,0,0
-0.2493,0.1475,0.9927,-2.3969,-2.2748,-0.8779,0,0,0
-0.2534,0.1455,0.9807,-2.6031,-2.6412,-0.2595,0,0,0
-0.2517,0.1348,0.9983,-0.9084,-2.3282,-0.0992,0,0,0
-0.2498,0.1494,0.9944,0.4962,-0.5191,-0.1145,0,0,0
-0.2593,0.157,0.9871,0.2824,0.084,0.2595,0,0,0
-0.2693,0.1555,0.9668,-0.0687,-0.9313,0.855,0,0,0
-0.2751,0.1614,0.9719,-0.6718,-3.1603,0.8321,0,0,0
-0.2534,0.1611,0.9824,-0.8321,-3.8244,1.0305,0,0,0
-0.2397,0.1406,0.9951,0.7557,-2.2824,0.8779,0,0,0
-0.2544,0.1438,0.9871,2.084,-0.7863,2.2595,0,0,0
-0.27,0.1597,0.9678,2.6031,-1.3282,2.6412,0,0,0
-0.2764,0.1743,0.9739,1.7481,-3.0687,3.0534,0,0,0
-0.2622,0.1787,0.9875,0.6641,-4.5954,2.3511,0,0,0
-0.2546,0.1855,1.0024,0.3435,-3.6641,0.229,0,0,0
-0.2512,0.2012,0.9971,-1.542,-2.2672,-0.6947,0,0,0
-0.2595,0.1912,0.9858,-4.2137,-2.0153,-1.1221,0,0,0
-0.2568,0.1746,0.9807,-5.7176,-2.4733,-1.4504,0,0,0
-0.2446,0.1519,0.9778,-3.0305,-1.916,-2.2137,0,0,0
-0.2334,0.1643,0.9919,-2.2595,-0.229,-2.4427,0,0,0
-0.2427,0.1726,0.9858,-2.2595,1.7634,-3.1069,0,0,0
-0.2539,0.1638,0.9707,-2.8779,1.2366,-3.2977,0,0,0
-0.2668,0.1523,0.9604,-3.4046,-0.5115,-2.145,0,0,0
-0.2576,0.1479,0.9661,-3.7863,-2.7328,-0.9618,0,0,0
-0.2466,0.1377,0.9719,-2.7252,-3.5649,-0.4656,0,0,0
-0.2405,0.145,0.9756,-1.5267,-3.374,0.9008,0,0,0
-0.2258,0.1558,0.9883,-2.3053,-2.1069,1.1756,0,0,0
-0.2329,0.1633,0.9956,-3.1985,0.0611,0.7023,0,0,0
-0.2471,0.146,0.9858,-1.8779,0.4504,0.6718,0,0,0
-0.2534,0.1506,0.968,-1.1756,-0.4198,1.1679,0,0,0
-0.2544,0.1516,0.9656,-0.7405,-1.4427,2.0382,0,0,0
-0.2495,0.1506,0.9651,-0.1603,-2.0458,2.3435,0,0,0
-0.2441,0.1521,0.9724,0.458,-2.542,2.0076,0,0,0
-0.239,0.1565,0.9678,0.771,-2.5649,2.4122,0,0,0
-0.2354,0.1409,0.9673,1.6031,-2.458,2.229,0,0,0
-0.2432,0.1416,0.9697,2.8702,-1.5038,1.9618,0,0,0
-0.2507,0.1477,0.968,2.3893,-2.2595,2.6183,0,0,0
-0.238,0.1367,0.9797,2.2137,-2.8015,3.4122,0,0,0
-0.2393,0.1316,0.9839,3.5802,-2.4656,3.6565,0,0,0
-0.2483,0.137,0.9775,4.4046,-2.5115,4.4809,0,0,0
-0.2588,0.1443,0.9734,3.313,-3.8168,5.2366,0,0,0
-0.2634,0.1643,0.9719,1.6489,-5.3206,5.5649,0,0,0
-0.2593,0.1562,0.9807,0.8168,-5.3053,4.4809,0,0,0
-0.2607,0.1658,0.9756,1.2137,-4.5878,2.7405,0,0,0
-0.2688,0.2263,0.9573,-0.7863,-12.2061,3.1145,0,0,0
-0.2825,0.178,0.9585,-2.3664,-7.8855,1.0763,0,0,0
-0.2537,0.1709,0.9565,-3.6794,-8.7939,1.0611,0,0,0
-0.2192,0.1497,0.9602,-4.8626,-8.0687,1.1679,0,0,0
-0.2449,0.1423,0.9431,-4.0534,-9.1298,2.0076,0,0,0
-0.2415,0.158,0.9478,-3.4504,-7.855,2.9924,0,0,0
-0.2463,0.1704,0.9619,-4.0534,-7.9084,3.6336,0,0,0
-0.2241,0.199,0.9785,-3.7481,-7.9008,3.8626,0,0,0
-0.2498,0.2273,0.9702,-3.6336,-7.7863,4.0076,0,0,0
-0.2551,0.2249,0.9678,-4.3282,-7.4427,3.4733,0,0,0
-0.2424,0.2168,0.9783,-5.3817,-4.0534,3.1374,0,0,0
-0.2336,0.208,0.96,-4.5725,-0.2595,2.6489,0,0,0
-0.2739,0.2131,0.9238,-4.6412,0.4656,3.542,0,0,0
-0.302,0.2275,0.8906,-4.3282,-0.8779,3.8931,0,0,0
-0.3242,0.2207,0.886,-3.8779,-4.2748,4.1221,0,0,0
-0.3269,0.2134,0.8784,-0.4046,-7.2977,4.2214,0,0,0
-0.3203,0.2078,0.9001,2.1908,-8.3969,4.0611,0,0,0
-0.3267,0.2075,0.9058,5.0687,-9.7939,3.8244,0,0,0
-0.3125,0.2183,0.9277,7.145,-10.9618,2.8321,0,0,0
-0.2881,0.2312,0.9353,6.0,-11.2137,1.3588,0,0,0
-0.2673,0.229,0.9395,3.5802,-11.5878,-0.8397,0,0,0
-0.2478,0.2083,0.9502,0.3893,-13.0153,-2.0534,0,0,0
-0.2246,0.1619,0.9773,0.6412,-13.8702,-3.4122,0,0,0
-0.1963,0.1421,0.9905,3.3435,-12.6641,-2.9389,0,0,0
-0.1753,0.1721,1.0024,4.9542,-12.8321,-1.4427,0,0,0
-0.1453,0.2041,1.0071,4.0611,-13.4351,-1.3282,0,0,0
-0.1257,0.2578,1.0142,0.4275,-13.7557,-3.1756,0,0,0
-0.0906,0.2744,1.0212,-7.0458,-13.8855,-5.8168,0,0,0
-0.0586,0.2725,1.0264,-15.0305,-9.6183,-9.1603,0,0,0
-0.0798,0.2468,1.0095,-20.4046,-4.9542,-11.8321,0,0,0
-0.0981,0.1836,0.9824,-22.1374,-2.2901,-11.1145,0,0,0
-0.1313,0.1443,0.9346,-18.2595,-1.6794,-6.9313,0,0,0
-0.1536,0.1184,0.9109,-10.0611,-2.8702,-1.6718,0,0,0
-0.1814,0.1543,0.925,-0.229,-5.2214,3.916,0,0,0
-0.1965,0.2075,0.9304,5.3282,-8.1756,6.8244,0,0,0
-0.1943,0.248,0.9426,4.5038,-9.2137,5.9771,0,0,0
-0.208,0.2288,0.9355,1.5725,-9.7863,4.3817,0,0,0
-0.2351,0.1875,0.938,-0.4427,-9.0992,4.3359,0,0,0
-0.3066,0.1775,0.9412,2.0916,-10.0611,6.6107,0,0,0
-0.3289,0.168,0.9795,9.0382,-13.1756,10.7252,0,0,0
-0.313,0.2068,1.0081,17.3053,-14.7252,11.4351,0,0,0
-0.2754,0.2324,1.0132,22.2214,-13.7405,8.2443,0,0,0
-0.3638,0.2507,1.0078,21.8092,-3.8931,2.8931,0,0,0
-0.3015,0.1951,0.9961,21.1374,-8.0153,5.5496,0,0,0
-0.3098,0.1724,1.0073,18.1527,-10.6412,6.8321,0,0,0
-0.3247,0.1782,1.0046,19.8397,-12.8855,8.4885,0,0,0
-0.259,0.199,1.0081,21.5344,-14.9924,8.4733,0,0,0
-0.2297,0.1621,1.0278,19.855,-15.0305,8.4046,0,0,0
-0.2109,0.1377,1.0461,16.1527,-12.0,7.7557,0,0,0
-0.1909,0.0798,1.0581,14.4046,-11.2977,9.1221,0,0,0
-0.0703,-0.0349,1.1348,22.0153,-3.7405,12.3817,0,0,0
-0.1372,-0.0662,1.1433,40.2824,2.8015,20.1374,0,0,0
-0.1792,0.0737,1.0903,49.1374,2.8092,29.9695,0,0,0
-0.1045,0.2046,1.1113,46.0,7.5802,29.6565,0,0,0
-0.1479,0.2729,1.0654,33.8168,10.0458,25.855,0,0,0
-0.1567,0.2893,1.054,19.5649,9.5649,23.0763,0,0,0
-0.1963,0.3088,1.043,8.8626,7.145,19.6412,0,0,0
-0.1992,0.2954,1.0337,0.0916,4.5802,15.6183,0,0,0
-0.1619,0.1992,1.0659,-1.1603,4.6489,14.1221,0,0,0
-0.0034,0.1416,1.0837,6.6718,4.5115,15.0153,0,0,0
-0.314,0.1479,0.9976,14.0992,14.0,18.0458,0,0,0
-0.1443,0.2334,0.9692,11.5038,13.1221,19.374,0,0,0
-0.2158,0.2151,0.9473,9.1298,9.1603,16.1679,0,0,0
-0.219,0.1775,0.9377,10.3435,8.3282,13.0076,0,0,0
-0.231,0.1746,0.9224,11.5496,5.1985,13.2366,0,0,0
-0.2187,0.1787,0.9417,8.7176,2.687,17.5114,0,0,0
-0.1843,0.1851,0.9543,4.0687,2.4046,21.1908,0,0,0
-0.1533,0.2227,0.9365,3.0076,11.4351,19.855,0,0,0
-0.0972,0.1467,1.0186,7.3282,15.7786,22.8931,0,0,0
-0.1843,0.1404,0.9768,12.2214,17.3511,23.5725,0,0,0
-0.2837,0.2925,0.9331,10.0687,13.2137,28.229,0,0,0
-0.2107,0.3196,0.9421,1.8015,6.2519,26.9771,0,0,0
-0.1838,0.3501,0.97,-4.5802,1.7634,24.084,0,0,0
-0.166,0.3918,0.9702,-12.145,-1.7863,20.3511,0,0,0
-0.1221,0.4009,0.9626,-23.9084,-4.8702,16.4962,0,0,0
-0.0676,0.3345,0.9541,-35.3969,-5.7481,13.9389,0,0,0
-0.0308,0.3635,0.8418,-37.0992,2.2977,10.6183,0,0,0
-0.105,0.2114,0.9307,-31.0992,0.8168,17.0076,0,0,0
-0.0854,0.2192,0.9412,-19.5267,1.6412,21.5191,0,0,0
-0.0625,0.2673,0.9604,-5.7176,0.6718,27.2137,0,0,0
-0.0962,0.3281,0.9451,2.2443,1.0687,26.1756,0,0,0
-0.1257,0.3804,0.9175,1.0305,-0.4656,24.0153,0,0,0
-0.1621,0.4055,0.9011,-6.8626,-5.1832,22.771,0,0,0
-0.1609,0.386,0.9011,-14.1069,-10.2366,21.9771,0,0,0
-0.0972,0.3835,0.9297,-13.0916,-7.5038,20.2214,0,0,0
-0.114,0.3174,0.9312,-6.6794,-7.5344,18.5802,0,0,0
-0.0925,0.2776,0.9675,1.0687,-10.1221,14.9924,0,0,0
-0.1345,0.2837,0.9604,8.4275,-12.3282,14.1221,0,0,0
-0.0972,0.2842,0.9712,12.2519,-15.542,14.2595,0,0,0
-0.1152,0.3384,0.9919,13.2366,-16.1069,14.2824,0,0,0
-0.1211,0.3228,0.968,8.7557,-15.9542,12.687,0,0,0
-0.1204,0.3618,0.979,3.229,-20.3359,9.5573,0,0,0
-0.0564,0.313,1.0332,2.7481,-20.8168,4.9695,0,0,0
-0.1165,0.3289,1.0664,6.3969,-16.1603,1.9924,0,0,0
-0.0554,0.3384,1.0503,8.3588,-14.8626,1.7481,0,0,0
-0.0857,0.3853,1.0383,3.771,-13.6336,-1.374,0,0,0
-0.0857,0.3806,1.0354,-1.8168,-15.0534,-3.7481,0,0,0
-0.02,0.3113,1.053,-4.1756,-13.7481,-8.2824,0,0,0
-0.0195,0.2712,1.0312,-2.9237,-9.8321,-9.458,0,0,0
-0.033,0.2207,1.0444,3.6336,-7.9313,-8.5267,0,0,0
-0.0654,0.3318,1.0417,9.7328,-6.0534,-6.6107,0,0,0
-0.0901,0.3889,1.0225,6.1908,-8.5496,-8.9542,0,0,0
-0.0825,0.4453,1.0095,-4.9466,-9.3817,-15.5115,0,0,0
-0.075,0.3582,0.998,-16.2366,-8.8092,-18.4122,0,0,0
-0.0764,0.2444,0.9983,-17.0382,-7.8168,-16.2595,0,0,0
-0.0693,0.2061,0.9995,-9.0534,-5.8397,-10.9466,0,0,0
-0.0789,0.259,1.0022,0.5649,-1.8855,-9.6183,0,0,0
-0.1023,0.3296,0.9983,5.6412,-0.9618,-10.4046,0,0,0
-0.073,0.3376,0.9814,2.5038,0.2672,-13.7252,0,0,0
-0.064,0.2971,0.9524,-1.626,1.3282,-17.3206,0,0,0
-0.0803,0.2021,0.9407,-1.8931,-1.7481,-16.7405,0,0,0
-0.1169,0.1877,0.9417,0.2595,-6.1832,-11.4046,0,0,0
-0.4109,0.1902,0.9277,2.3893,-10.3053,-5.4656,0,0,0
-0.0132,0.3005,1.0012,6.0382,-14.1832,-4.5725,0,0,0
-0.0447,0.3433,1.0427,8.916,-19.3969,-6.8397,0,0,0
0.0496,0.405,1.0635,9.7786,-15.3359,-13.5115,0,0,0
0.0208,0.4585,1.0552,5.855,-12.0229,-18.145,0,0,0
0.0498,0.4563,1.0295,-4.2366,-5.2977,-21.3435,0,0,0
-0.0134,0.3701,0.9934,-9.9847,1.6183,-27.6336,0,0,0
-0.1321,0.325,0.9333,-11.9924,1.1756,-30.8015,0,0,0
-0.1887,0.2546,0.9185,-6.3206,-5.7099,-32.145,0,0,0
-0.175,0.2251,0.9492,1.8931,-17.9008,-30.145,0,0,0
-0.1133,0.2151,1.0068,5.2214,-28.5191,-30.5267,0,0,0
-0.063,0.2336,1.0454,5.5496,-29.9466,-32.9313,0,0,0
-0.0952,0.2437,1.0571,2.2977,-28.6412,-34.5573,0,0,0
-0.1831,0.2959,1.0479,-4.8626,-27.1756,-35.5344,0,0,0
-0.0681,0.2727,1.1006,-10.6794,-25.5878,-39.5725,0,0,0
-0.0659,0.1836,1.1155,-8.6336,-22.6489,-42.6336,0,0,0
-0.0244,0.1265,1.1069,3.9389,-15.7863,-42.1221,0,0,0
-0.0308,0.1399,1.0864,11.229,-12.3588,-37.542,0,0,0
-0.0593,0.2197,1.0198,7.6336,-9.7099,-33.9237,0,0,0
-0.1375,0.2847,0.9771,-2.2595,-14.1908,-29.1069,0,0,0
-0.1553,0.3286,0.9666,-12.4809,-22.5725,-26.1374,0,0,0
-0.146,0.3625,0.958,-19.3206,-30.0534,-31.4656,0,0,0
-0.2368,0.0576,0.9937,-24.3511,-46.8473,-33.1145,0,0,0
-0.094,0.1924,1.0715,-5.9924,-32.8397,-48.6489,0,0,0
0.0085,0.054,1.1147,22.8168,-22.8931,-43.5878,0,0,0
-0.0037,0.0938,1.1096,38.084,-16.0687,-31.2519,0,0,0
-0.0623,0.2498,1.063,33.458,-12.2443,-25.1985,0,0,0
-0.0405,0.2712,1.0425,17.0229,-9.6107,-22.1298,0,0,0
-0.0093,0.2939,1.0046,5.4046,-8.9389,-21.6412,0,0,0
-0.0759,0.2017,0.9783,5.6107,-15.8015,-21.5344,0,0,0
-0.0483,0.2185,0.9836,14.5038,-22.6336,-19.4962,0,0,0
-0.0427,0.2947,1.0007,20.6031,-29.7939,-17.0687,0,0,0
-0.0537,0.3289,1.0481,19.8855,-35.7786,-16.1374,0,0,0
0.0334,0.3513,1.0969,16.4427,-37.1374,-18.8931,0,0,0
0.0645,0.2979,1.1296,19.6412,-31.1832,-21.771,0,0,0
0.1338,0.3513,1.1331,21.6489,-23.2137,-23.7405,0,0,0
0.0867,0.3679,1.0977,18.1908,-18.7939,-25.7176,0,0,0
0.0803,0.3892,1.0503,12.0763,-17.2824,-24.3893,0,0,0
0.062,0.3623,1.0291,9.5038,-17.8473,-22.1603,0,0,0
0.0483,0.3315,1.0044,14.1221,-17.9466,-23.8473,0,0,0
0.0574,0.3167,0.9888,20.1679,-19.6031,-24.3664,0,0,0
0.0618,0.3381,0.9785,23.9084,-17.4351,-24.8092,0,0,0
0.0144,0.3284,0.9614,24.0534,-15.9771,-22.2595,0,0,0
-0.0068,0.3708,0.957,23.9313,-14.2519,-18.9847,0,0,0
-0.0298,0.4094,0.9517,22.9389,-9.7176,-16.916,0,0,0
-0.0559,0.4263,0.9373,23.2672,-6.2443,-18.7786,0,0,0
-0.1067,0.4575,0.9011,22.6947,-7.0611,-21.374,0,0,0
-0.0967,0.449,0.8955,20.1603,-8.5878,-25.5038,0,0,0
-0.1428,0.4021,0.8745,20.2595,-10.4656,-27.6565,0,0,0
-0.1389,0.3696,0.863,18.9924,-13.5115,-27.0534,0,0,0
-0.1238,0.3608,0.8325,16.5954,-13.1756,-24.9924,0,0,0
-0.1348,0.323,0.8159,17.2824,-13.8015,-22.1069,0,0,0
-0.1467,0.2988,0.8022,18.6794,-15.4275,-19.5649,0,0,0
-0.1528,0.2959,0.802,20.4351,-17.2824,-15.5038,0,0,0
-0.1538,0.3042,0.8071,21.9695,-18.6107,-12.4809,0,0,0
-0.1624,0.3198,0.8169,25.542,-18.9466,-10.0992,0,0,0
-0.1467,0.3333,0.8521,28.1908,-19.229,-8.9542,0,0,0
-0.1279,0.3616,0.8826,28.1603,-18.0534,-9.2137,0,0,0
-0.085,0.4202,0.8936,23.084,-15.7099,-11.5878,0,0,0
-0.0562,0.4514,0.8838,13.0382,-15.145,-15.1069,0,0,0
-0.0554,0.4299,0.8701,2.8626,-16.5573,-17.7252,0,0,0
-0.0464,0.3418,0.8677,-2.5115,-21.0382,-17.3359,0,0,0
-0.0164,0.2419,0.9185,2.6718,-23.771,-13.3053,0,0,0
-0.009,0.2444,0.9666,12.5573,-21.9389,-7.0992,0,0,0
0.0044,0.3003,0.9849,16.687,-16.6565,-0.542,0,0,0
0.0149,0.335,0.998,16.313,-8.3435,1.4809,0,0,0
-0.0188,0.3767,0.9687,15.5878,-0.8473,2.7405,0,0,0
-0.0654,0.4124,0.9446,12.9389,1.4122,5.0458,0,0,0
-0.0933,0.4172,0.9329,9.2061,0.2443,6.3435,0,0,0
-0.0999,0.4268,0.9443,6.6718,-2.0763,8.5573,0,0,0
-0.0671,0.4167,0.9863,5.1298,-1.0992,10.4198,0,0,0
-0.0481,0.4333,1.021,1.7176,3.2137,10.7634,0,0,0
-0.0288,0.4375,1.0164,-4.4885,8.5038,11.374,0,0,0
-0.0283,0.4348,1.0061,-13.0611,13.6794,12.5344,0,0,0
-0.0166,0.4065,0.9968,-21.7786,18.0916,15.4427,0,0,0
-0.0029,0.3689,0.9834,-27.3969,22.8779,21.5496,0,0,0
0.0,0.3369,0.9534,-30.3511,26.6412,29.4351,0,0,0
0.0024,0.3472,0.9131,-34.542,29.4275,41.1679,0,0,0
-0.0156,0.2737,0.8879,-38.0153,27.3359,56.1069,0,0,0
0.0269,0.2612,0.9224,-39.0992,24.5267,66.1603,0,0,0
0.0679,0.2971,0.9729,-39.7176,28.2901,71.1832,0,0,0
-0.0388,0.1501,0.8821,-44.2901,51.8931,73.542,0,0,0
0.0342,0.3545,0.936,-44.1374,42.084,70.9847,0,0,0
0.0017,0.3733,0.9351,-34.0611,39.771,60.1832,0,0,0
-0.0522,0.3862,0.8894,-24.0763,36.145,47.4809,0,0,0
-0.0449,0.4192,0.8784,-22.1679,27.7328,40.9618,0,0,0
-0.0464,0.3953,0.8982,-24.4962,21.8244,41.542,0,0,0
-0.0315,0.3682,0.9436,-23.8855,17.1221,43.0763,0,0,0
-0.0005,0.3992,0.9695,-28.0382,17.1527,47.4962,0,0,0
0.0837,0.4377,0.9854,-36.1221,19.7557,53.0305,0,0,0
-0.0549,0.3809,1.0012,-39.1145,23.9542,44.3588,0,0,0
0.0332,0.4382,1.0056,-33.8855,19.4733,32.0153,0,0,0
-0.0308,0.3965,0.9536,-31.7099,16.771,23.4809,0,0,0
-0.0164,0.3726,0.9402,-31.6412,14.8473,21.9924,0,0,0
-0.0386,0.2749,0.9656,-25.3511,10.229,24.6489,0,0,0
-0.0437,0.2539,0.9795,-14.0687,7.7863,27.7863,0,0,0
-0.043,0.3123,0.981,-8.9847,7.687,29.8321,0,0,0
-0.0576,0.3425,0.9727,-11.4122,7.1145,30.0611,0,0,0
-0.0557,0.3518,0.9636,-17.4198,6.3969,29.626,0,0,0
-0.0471,0.3347,0.9729,-22.7863,5.8702,28.7328,0,0,0
-0.0466,0.3201,0.9712,-23.1679,5.771,25.771,0,0,0
-0.0562,0.3164,0.9736,-20.542,4.9695,24.5344,0,0,0
-0.0569,0.3254,0.979,-16.0153,2.7939,22.9924,0,0,0
-0.0586,0.3223,0.9646,-9.5954,0.7481,21.0229,0,0,0
-0.0496,0.3306,0.9568,-2.687,-2.4504,17.3969,0,0,0
-0.0369,0.3552,0.9568,3.9542,-5.4656,11.9771,0,0,0
-0.0259,0.3916,0.9514,8.0687,-9.6412,6.9771,0,0,0
0.0076,0.4265,0.98,8.2672,-11.2748,3.4198,0,0,0
0.0261,0.4304,1.009,6.7939,-10.0305,0.2443,0,0,0
0.0229,0.4465,1.0256,4.2443,-7.2137,-2.5954,0,0,0
-0.083,0.3611,0.998,1.5802,0.542,-9.4962,0,0,0
0.0596,0.3857,0.9934,1.9542,-6.3664,-10.8931,0,0,0
0.0239,0.3948,0.9727,-0.4046,-11.0076,-11.7328,0,0,0
-0.0166,0.3555,0.9944,-5.8931,-8.5725,-9.542,0,0,0
0.0488,0.3452,1.0588,-16.313,-4.4885,-3.8779,0,0,0
0.0125,0.2979,1.0759,-21.145,4.0076,-2.2366,0,0,0
0.0322,0.2715,1.1052,-22.374,12.1374,0.4733,0,0,0
0.0203,0.271,1.0977,-22.2748,21.7557,1.855,0,0,0
-0.0146,0.2266,1.0903,-19.0382,28.9695,2.8397,0,0,0
-0.0486,0.2454,1.0417,-13.2977,32.2061,3.9084,0,0,0
-0.0896,0.292,1.0146,-11.0611,32.3664,4.6641,0,0,0
-0.1418,0.3311,0.9785,-13.3588,28.4351,3.3969,0,0,0
-0.1509,0.3188,0.9829,-14.6031,22.5802,-0.5878,0,0,0
-0.1262,0.2871,1.0134,-12.9924,19.374,-6.3435,0,0,0
-0.106,0.2607,1.0149,-9.0687,17.6107,-8.7786,0,0,0
-0.0996,0.2363,0.9985,-6.5573,16.626,-7.4351,0,0,0
-0.1111,0.2622,0.9673,-0.3969,10.1985,-7.8473,0,0,0
-0.1169,0.2886,0.9648,-1.7863,4.1145,-9.7328,0,0,0
-0.1113,0.2825,0.9749,-1.084,-3.1908,-12.8626,0,0,0
-0.0969,0.26,0.9895,2.3893,-9.5954,-14.2443,0,0,0
-0.0803,0.2561,1.0093,7.7786,-14.3359,-15.0992,0,0,0
-0.064,0.2732,1.0234,13.5649,-18.2977,-16.5725,0,0,0
-0.0371,0.2815,1.0295,17.771,-20.4046,-19.5725,0,0,0
-0.042,0.3071,1.0317,16.771,-21.374,-21.9389,0,0,0
-0.0334,0.3481,1.0212,9.8168,-21.9313,-22.6489,0,0,0
-0.0239,0.251,0.9949,3.5878,-18.5191,-21.1145,0,0,0
-0.0366,0.2634,0.9966,0.2748,-22.9771,-17.9084,0,0,0
-0.0027,0.2415,0.998,1.8244,-21.0458,-16.9237,0,0,0
-0.0024,0.2278,0.9753,4.771,-18.5954,-14.0611,0,0,0
-0.0249,0.2461,0.9534,6.6641,-14.916,-10.8397,0,0,0
-0.0325,0.2571,0.9348,4.0,-12.6107,-7.1527,0,0,0
-0.0632,0.2319,0.9309,2.0382,-12.0305,-5.2748,0,0,0
0.0181,0.2209,0.9695,5.7634,-11.4122,-5.4885,0,0,0
0.0132,0.2622,0.9636,6.8397,-7.8626,-6.3588,0,0,0
-0.0132,0.2871,0.9517,3.1679,-4.8015,-5.8779,0,0,0
-0.0161,0.2988,0.9326,-4.3053,-3.2137,-3.4046,0,0,0
-0.0369,0.2822,0.9097,-12.8626,-2.9695,0.1145,0,0,0
-0.0356,0.228,0.9072,-17.2443,-6.8321,3.7481,0,0,0
0.0559,0.2002,0.9309,-14.0305,-9.9618,5.626,0,0,0
0.0649,0.2253,0.9463,-11.8244,-7.9542,6.9008,0,0,0
0.0454,0.2432,0.926,-11.626,-7.3053,5.2519,0,0,0
0.0239,0.1992,0.926,-14.0229,-8.1298,5.6947,0,0,0
0.0054,0.2332,0.9075,-17.8626,-12.1298,7.1832,0,0,0
0.0037,0.219,0.9236,-19.7939,-17.6107,5.9466,0,0,0
0.0203,0.2021,0.9448,-20.4885,-20.0,5.8092,0,0,0
0.0557,0.21,0.9656,-21.7252,-21.2214,4.9008,0,0,0
0.0752,0.2363,0.9983,-25.4046,-19.4656,4.3282,0,0,0
0.0642,0.23,1.0144,-29.1145,-14.7176,3.2748,0,0,0
0.0498,0.2187,1.0056,-29.9313,-12.1985,3.229,0,0,0
0.0271,0.2131,1.0076,-28.8702,-12.2672,4.2977,0,0,0
0.0818,0.2261,1.0388,-25.4962,-12.6718,5.4275,0,0,0
0.0488,0.2175,1.0479,-24.0992,-10.2214,7.0153,0,0,0
0.0562,0.2395,1.0547,-24.4962,-7.0153,9.771,0,0,0
0.0784,0.2393,1.0706,-22.3588,-3.9313,10.0458,0,0,0
0.052,0.2607,1.0764,-18.4122,-0.0305,9.6565,0,0,0
0.0139,0.2688,1.0798,-15.771,0.4122,9.0916,0,0,0
-0.0107,0.2766,1.0767,-14.0687,1.4427,8.0992,0,0,0
0.0833,0.3086,1.1152,-12.3282,2.5267,4.3893,0,0,0
0.0237,0.2783,1.1086,-10.9466,10.1527,1.6489,0,0,0
0.0144,0.2842,1.0732,-12.8168,13.1985,-0.1679,0,0,0
0.0022,0.2935,1.0608,-18.7252,14.3588,-1.2366,0,0,0
0.0005,0.2805,1.0615,-24.9084,15.4351,-4.4733,0,0,0
-0.0215,0.2388,1.0276,-27.6336,16.2901,-7.7863,0,0,0
-0.0291,0.2041,1.0183,-29.5191,14.4351,-9.0229,0,0,0
-0.0051,0.1689,1.019,-27.9237,14.3511,-8.2977,0,0,0
0.0,0.1665,1.0,-26.2443,15.0534,-7.0992,0,0,0
0.0186,0.1782,0.9741,-25.8855,14.458,-5.084,0,0,0
0.0237,0.1953,0.9717,-25.5114,13.0382,-5.3359,0,0,0
-0.009,0.1917,0.9763,-23.0382,10.1603,-5.9618,0,0,0
-0.0261,0.1926,0.9792,-19.1374,5.7939,-7.1527,0,0,0
-0.0313,0.165,1.0132,-15.0611,3.2443,-7.5115,0,0,0
-0.0488,0.1851,1.0298,-13.5802,2.7939,-5.5954,0,0,0
-0.0427,0.2024,1.0352,-14.1374,4.0,-3.8244,0,0,0
-0.0051,0.2107,1.0386,-14.8626,8.8397,-2.5802,0,0,0
-0.0188,0.2114,1.0251,-13.5344,12.1908,-0.4275,0,0,0
-0.0361,0.2078,1.0156,-11.7252,12.4962,2.1374,0,0,0
-0.0527,0.2278,1.01,-10.8244,11.313,3.0,0,0,0
-0.0476,0.208,1.0012,-10.4885,9.5191,1.7023,0,0,0
-0.0498,0.1826,1.0007,-9.5573,7.5573,0.2443,0,0,0
-0.0383,0.168,1.0112,-9.5954,6.4656,1.7176,0,0,0
0.011,0.1428,1.0166,-5.9313,7.0382,2.916,0,0,0
0.0171,0.1323,1.0249,0.7405,8.9771,4.5344,0,0,0
-0.0085,0.1658,1.0007,5.3206,7.9695,7.0229,0,0,0
-0.0195,0.1826,1.0107,7.4046,6.0458,7.2137,0,0,0
-0.0493,0.2017,1.0044,7.2214,3.9313,5.9542,0,0,0
-0.0759,0.2017,1.0095,6.9771,1.1985,4.0534,0,0,0
-0.0854,0.2295,1.0261,4.2061,-0.2214,2.2443,0,0,0
-0.0605,0.2336,1.0415,2.771,0.084,-0.0763,0,0,0
-0.0405,0.2173,1.0483,3.5649,2.8702,-3.4656,0,0,0
-0.0508,0.2131,1.05,6.4962,5.2977,-5.5954,0,0,0
-0.0535,0.1868,1.0398,8.3053,7.1221,-6.7634,0,0,0
-0.0466,0.1506,1.0371,10.6107,8.3053,-8.0534,0,0,0
-0.0437,0.1362,1.0251,11.1832,9.6107,-8.4809,0,0,0
-0.0422,0.1228,1.0203,8.8931,11.1756,-7.2977,0,0,0
-0.0469,0.1204,0.9836,6.8321,10.1374,-5.0153,0,0,0
-0.0391,0.1135,0.9817,5.5878,9.4427,-4.3206,0,0,0
-0.0496,0.0938,0.9841,7.6947,8.5802,-3.4962,0,0,0
-0.0557,0.1047,0.9866,9.9008,6.4504,-2.6107,0,0,0
-0.0432,0.104,0.9971,11.3435,4.9466,-2.7176,0,0,0
-0.0439,0.1213,1.0054,11.9313,4.7252,-3.7176,0,0,0
-0.041,0.1543,1.0105,9.4962,5.5115,-4.8931,0,0,0
-0.063,0.1653,1.0002,5.4504,5.8702,-4.8931,0,0,0
-0.0759,0.156,0.9846,2.3817,5.0992,-5.771,0,0,0
-0.0835,0.1343,0.9849,0.2519,2.2595,-6.0305,0,0,0
-0.0676,0.115,0.9963,-0.2519,0.6565,-4.9313,0,0,0
-0.0559,0.1194,1.0098,0.1374,0.626,-3.2748,0,0,0
-0.0518,0.1387,1.019,1.0,1.3969,-2.6031,0,0,0
-0.0435,0.1616,1.0217,1.7023,2.2214,-2.458,0,0,0
-0.0422,0.1589,1.0237,1.5038,2.6641,-2.5649,0,0,0
-0.0364,0.1506,1.0398,2.9542,4.9313,-2.4427,0,0,0
-0.0496,0.1455,1.0208,3.4351,6.7252,-1.3053,0,0,0
-0.0491,0.1145,1.0112,3.8015,8.3053,0.8931,0,0,0
-0.0613,0.1204,1.0042,6.2595,9.3969,3.4351,0,0,0
-0.0659,0.1489,0.9861,8.0,8.6641,5.8855,0,0,0
-0.0789,0.1787,0.9727,9.1679,5.9466,7.1908,0,0,0
-0.0828,0.2144,0.9785,8.145,3.6031,6.6489,0,0,0
-0.0793,0.2297,0.9836,4.5115,0.3206,5.8244,0,0,0
-0.0554,0.21,1.0083,1.3053,-0.3206,5.1908,0,0,0
-0.0608,0.2251,1.0078,-0.2595,0.2443,5.2672,0,0,0
-0.0674,0.2292,1.0127,-1.4809,0.7252,5.2901,0,0,0
-0.0845,0.2295,1.0093,0.5496,-0.1756,4.5191,0,0,0
-0.0786,0.24,1.0122,1.2595,-0.1069,3.7176,0,0,0
-0.0891,0.2239,1.012,2.5954,0.0992,2.7252,0,0,0
-0.0979,0.2297,1.0115,1.8321,-0.6794,2.7099,0,0,0
-0.0916,0.2273,1.011,0.6183,-1.0076,3.3664,0,0,0
-0.0974,0.2146,1.0054,1.1679,-0.3969,3.6031,0,0,0
-0.1106,0.2073,0.9993,3.4198,-0.4504,4.0382,0,0,0
-0.1086,0.2017,1.0015,6.855,-0.2214,4.084,0,0,0
-0.1038,0.2078,1.0234,10.3282,0.2824,4.3359,0,0,0
-0.0923,0.2292,1.0356,10.916,2.0382,3.9542,0,0,0
-0.0925,0.2571,1.0276,7.7099,3.3511,4.1832,0,0,0
-0.1074,0.2805,1.0129,4.0076,2.7557,3.916,0,0,0
-0.0991,0.2832,1.0151,0.9008,1.6183,2.4351,0,0,0
-0.1008,0.2866,1.0166,-0.7634,0.8397,-0.1603,0,0,0
-0.0911,0.2759,1.0247,-2.3969,-0.7252,-1.4198,0,0,0
-0.0747,0.2788,1.0225,-3.7099,-1.1298,-3.1069,0,0,0
-0.0569,0.2632,1.0327,-3.9542,1.0076,-4.1756,0,0,0
-0.0505,0.2534,1.0295,-3.7481,3.4504,-5.0916,0,0,0
-0.0535,0.2305,1.0286,-2.1679,6.3359,-4.8397,0,0,0
-0.0535,0.2351,1.0056,-1.145,8.229,-4.1298,0,0,0
-0.0508,0.229,0.9956,0.1832,9.4198,-3.3359,0,0,0
-0.0559,0.228,0.9658,1.458,10.313,-2.9389,0,0,0
-0.0825,0.2224,0.9446,2.9008,9.0076,-1.626,0,0,0
-0.0906,0.238,0.9353,3.2595,6.4427,-1.084,0,0,0
-0.093,0.2444,0.9409,3.313,4.0,-1.1374,0,0,0
-0.0908,0.2534,0.9443,2.3359,1.9084,-1.9771,0,0,0
-0.0891,0.2681,0.9329,-1.0382,-0.4427,-3.4046,0,0,0
-0.0894,0.252,0.9419,-4.5649,-2.2061,-4.7252,0,0,0
-0.0747,0.2136,0.9622,-6.3282,-4.6718,-4.4962,0,0,0
-0.0586,0.189,0.9844,-2.9313,-5.4351,-3.0763,0,0,0
-0.0579,0.2124,1.0024,0.3053,-4.916,-2.2137,0,0,0
-0.0549,0.2283,1.0122,2.0458,-4.5802,-2.2519,0,0,0
-0.0481,0.2349,1.0183,2.0305,-4.687,-2.1527,0,0,0
-0.0459,0.2207,1.0205,0.2977,-3.5725,-2.4198,0,0,0
-0.0518,0.1873,1.019,1.0229,-2.4198,-2.2595,0,0,0
-0.0564,0.1746,1.0012,4.3893,-1.3359,-0.7252,0,0,0
-0.051,0.1865,1.0054,7.1298,0.3969,0.4733,0,0,0
-0.0664,0.1956,0.9971,7.5649,1.1145,1.3282,0,0,0
-0.0728,0.228,0.9741,4.9618,1.2824,1.3817,0,0,0
-0.0796,0.2329,0.9675,1.8855,0.2214,0.6641,0,0,0
-0.1077,0.2239,0.9683,-1.7023,-1.687,0.0992,0,0,0
-0.1062,0.2271,0.9771,-4.3206,-3.6565,-1.1756,0,0,0
-0.1123,0.2078,0.9746,-5.771,-4.6718,-1.7634,0,0,0
-0.1052,0.2036,0.9851,-5.4733,-5.5267,-2.0458,0,0,0
-0.0989,0.1624,1.0051,-0.3511,-5.2061,-2.1069,0,0,0
-0.0845,0.1716,1.0161,4.1603,-3.7252,-1.6336,0,0,0
-0.0796,0.21,1.0198,5.5115,-2.1756,-2.145,0,0,0
-0.0745,0.2087,1.01,2.9466,-2.0534,-2.5725,0,0,0
-0.0806,0.2334,1.0022,-1.0229,-2.5115,-2.8626,0,0,0
-0.063,0.2002,1.0125,-2.7023,-4.3435,-2.5344,0,0,0
-0.0564,0.1899,1.0356,0.6107,-4.9847,-1.2214,0,0,0
-0.0569,0.217,1.0571,3.6718,-3.6183,-0.9618,0,0,0
-0.0471,0.2563,1.0796,5.1069,-1.542,-1.4504,0,0,0
-0.0325,0.2788,1.0786,3.3817,1.6107,-2.9924,0,0,0
-0.0298,0.2593,1.0691,2.1374,5.4122,-4.3359,0,0,0
-0.0339,0.2368,1.0396,3.2748,7.4046,-3.3053,0,0,0
-0.0547,0.2361,1.0171,6.626,8.855,-1.2977,0,0,0
-0.073,0.2566,0.9963,8.771,8.4122,0.8473,0,0,0
-0.0947,0.2664,0.9722,8.0229,6.9618,1.0763,0,0,0
-0.0911,0.2607,0.9639,7.8626,5.4351,0.5344,0,0,0
-0.0801,0.2444,0.9658,9.2824,4.0153,-0.0229,0,0,0
-0.061,0.228,0.9648,11.8779,4.0,-0.0763,0,0,0
-0.0669,0.2502,0.9609,14.5115,3.3969,0.5878,0,0,0
-0.085,0.2859,0.9475,15.2824,2.7786,0.1603,0,0,0
-0.1108,0.3245,0.9434,13.4198,-0.1832,-1.2519,0,0,0
-0.1118,0.3152,0.946,9.3664,-3.7099,-4.7786,0,0,0
-0.1191,0.2964,0.9619,5.771,-7.6336,-6.2137,0,0,0
-0.0981,0.2864,0.9814,0.7023,-9.8702,-6.5267,0,0,0
-0.0796,0.2659,0.9946,-2.1908,-9.8473,-6.8626,0,0,0
-0.0676,0.2556,1.0239,-1.542,-9.7099,-5.5496,0,0,0
-0.0781,0.2458,1.0129,0.9924,-4.9389,-6.374,0,0,0
-0.0715,0.2678,1.0159,3.8626,-3.855,-5.229,0,0,0
-0.0811,0.2759,1.0144,4.5649,-3.2214,-5.7328,0,0,0
-0.0918,0.2817,1.0066,3.7939,-3.4351,-5.5115,0,0,0
-0.085,0.261,1.0,2.7634,-4.0076,-5.8092,0,0,0
-0.0728,0.2271,1.009,4.4656,-2.626,-4.8779,0,0,0
-0.0747,0.2363,1.0005,6.4656,-1.0611,-4.3588,0,0,0
-0.0728,0.22,0.999,8.2214,0.2977,-3.1603,0,0,0
-0.0813,0.2261,0.9949,9.6412,2.3817,-2.1145,0,0,0
-0.0984,0.2537,0.9722,9.1908,1.8092,-0.7481,0,0,0
-0.1028,0.2754,0.9661,7.3817,0.7328,-0.8168,0,0,0
-0.1108,0.2878,0.9641,5.3817,-1.3588,-1.5573,0,0,0
-0.1177,0.2952,0.9561,2.7099,-3.3588,-2.7557,0,0,0
-0.1152,0.3,0.9568,-1.1298,-6.0763,-4.7099,0,0,0
-0.0969,0.2739,0.9663,-3.1679,-8.0305,-5.542,0,0,0
-0.0667,0.2224,1.0061,-1.0992,-5.8855,-5.7786,0,0,0
-0.0706,0.2256,1.0078,2.3053,-4.1069,-5.5802,0,0,0
-0.0828,0.2544,0.9817,2.4733,-2.2595,-4.855,0,0,0
-0.0779,0.2598,0.9836,0.4198,-2.4046,-4.5725,0,0,0
-0.0703,0.2578,0.9761,-1.3511,-3.7176,-5.1985,0,0,0
-0.0586,0.2437,0.9763,-1.3588,-5.5191,-5.5725,0,0,0
-0.0503,0.2327,0.9829,-1.6794,-5.6336,-5.4962,0,0,0
-0.043,0.2205,0.9907,-0.4275,-5.4427,-3.8244,0,0,0
-0.0317,0.2302,1.0,0.1679,-4.1603,-2.5649,0,0,0
-0.0591,0.2512,0.9968,0.084,-3.916,-1.1374,0,0,0
-0.0457,0.2432,0.9963,-0.8855,-3.4198,-0.4733,0,0,0
-0.0403,0.2549,1.0071,-0.1985,-1.6107,0.3282,0,0,0
-0.0452,0.2593,1.0032,1.0916,-0.4809,1.6031,0,0,0
-0.0466,0.2688,0.9951,1.7176,-0.1756,2.229,0,0,0
-0.0549,0.2825,0.9961,2.6947,-0.2824,2.4733,0,0,0
-0.0645,0.2966,0.9924,2.0229,-0.9847,2.1756,0,0,0
-0.0649,0.2979,0.9819,0.7023,-1.7176,1.8168,0,0,0
-0.0676,0.2998,0.9919,-0.855,-2.1985,1.374,0,0,0
-0.071,0.293,0.9919,-1.4427,-2.5115,1.5115,0,0,0
-0.0781,0.3115,0.9883,-1.855,-2.4122,1.6031,0,0,0
-0.0779,0.3262,0.9856,-2.9542,-2.4809,0.916,0,0,0
-0.0803,0.3264,0.9956,-4.0153,-2.687,-1.2824,0,0,0
-0.0737,0.3191,0.9966,-4.145,-2.8779,-2.084,0,0,0
-0.0725,0.3125,1.0024,-4.4046,-2.771,-2.4809,0,0,0
-0.0713,0.313,1.0063,-5.6718,-3.0305,-2.6412,0,0,0
-0.0713,0.2944,1.0154,-5.4656,-2.5038,-2.6336,0,0,0
-0.0745,0.2957,1.0056,-5.0687,-2.3511,-2.0458,0,0,0
-0.075,0.2947,1.0195,-4.6031,-1.229,-1.5954,0,0,0
-0.0671,0.2996,1.0203,-3.2748,-0.1069,-2.1145,0,0,0
-0.0674,0.3137,1.0161,-3.0992,0.8397,-1.8779,0,0,0
-0.074,0.3154,1.0098,-4.4656,1.0992,-2.3893,0,0,0
-0.0779,0.3062,1.0056,-5.1527,1.5344,-3.3664,0,0,0
-0.074,0.2759,1.0078,-4.6718,1.6336,-3.6565,0,0,0
-0.0752,0.262,1.0115,-1.3435,3.2443,-2.9771,0,0,0
-0.0681,0.2632,1.0178,1.7252,5.8015,-2.2595,0,0,0
-0.0674,0.2664,0.9939,2.9618,8.5954,-2.2824,0,0,0
-0.0779,0.2891,0.9624,2.6031,9.1679,-2.4427,0,0,0
-0.0835,0.2847,0.9424,0.084,7.7328,-3.313,0,0,0
-0.0967,0.2756,0.9221,-2.6718,4.1221,-3.5191,0,0,0
-0.0898,0.2627,0.9277,-5.1756,-0.8092,-3.4275,0,0,0
-0.075,0.2354,0.9556,-5.145,-4.0153,-3.1679,0,0,0
-0.0635,0.2393,0.981,-2.7405,-4.687,-3.1069,0,0,0
-0.0469,0.2458,1.0007,-1.0916,-3.4809,-3.5344,0,0,0
-0.041,0.2585,0.999,-1.2824,-1.5725,-3.4885,0,0,0
-0.0386,0.2593,1.0034,-2.9771,-0.5191,-3.6031,0,0,0
-0.0708,0.2439,0.9753,-3.6336,-0.7328,-3.1603,0,0,0
-0.0381,0.2349,0.9951,-3.4885,-0.6336,-2.0153,0,0,0
-0.0349,0.2327,0.9951,-2.9237,-1.1069,-0.7252,0,0,0
-0.0344,0.2166,0.989,-2.1985,-0.3282,0.2901,0,0,0
-0.0518,0.2051,0.9834,-1.2672,0.2595,0.4885,0,0,0
-0.0603,0.2019,0.9817,0.1527,1.6641,1.8168,0,0,0
-0.0581,0.2058,0.9626,1.6565,1.7252,3.7557,0,0,0
-0.0879,0.2161,0.949,3.0687,1.5115,5.4046,0,0,0
-0.1084,0.2422,0.9399,3.3664,-0.7176,6.9771,0,0,0
-0.0847,0.2791,0.9661,4.5038,-0.1832,5.0611,0,0,0
-0.085,0.2771,0.9678,5.9389,-1.1679,4.5038,0,0,0
-0.0916,0.2969,0.97,5.3588,-2.9466,2.8931,0,0,0
-0.0964,0.3167,0.9846,1.1374,-6.4885,1.9389,0,0,0
-0.0715,0.2896,0.9961,-3.5115,-8.4809,2.1527,0,0,0
-0.0657,0.2554,1.0029,-4.3206,-10.2366,2.8473,0,0,0
-0.0396,0.2375,1.0361,-0.6947,-10.542,4.6336,0,0,0
-0.0188,0.2686,1.0605,3.4351,-7.0763,5.0611,0,0,0
-0.0273,0.3132,1.0649,5.4275,-2.7786,5.3282,0,0,0
-0.0386,0.3215,1.0596,5.7099,-0.6489,4.4198,0,0,0
-0.0459,0.3188,1.042,4.2366,0.4427,3.4733,0,0,0
-0.0537,0.3162,1.02,3.3206,0.6718,3.5191,0,0,0
-0.0686,0.3108,1.0027,0.3588,-0.4427,3.7863,0,0,0
-0.0793,0.3245,0.9949,-3.3359,-1.8473,3.5115,0,0,0
-0.0879,0.3179,0.9941,-7.916,-3.9924,3.626,0,0,0
-0.0862,0.2913,1.0002,-9.5954,-6.1527,3.5725,0,0,0
-0.0703,0.2722,1.0146,-8.0382,-6.0611,3.3664,0,0,0
-0.0801,0.2788,1.0144,-4.9084,-5.3817,4.0611,0,0,0
-0.0513,0.2649,1.0122,-4.9542,-6.4275,7.542,0,0,0
-0.0874,0.2654,1.0549,-2.3588,-6.7557,9.4275,0,0,0
-0.0554,0.29,1.0659,-3.0763,-3.0611,11.9847,0,0,0
-0.0569,0.2998,1.0657,-5.5725,0.4275,13.8626,0,0,0
-0.0593,0.2874,1.0503,-8.3664,0.2748,14.9237,0,0,0
-0.0549,0.2661,1.0547,-7.9771,-0.9924,14.5496,0,0,0
-0.0476,0.269,1.0671,-4.8321,-1.3435,14.687,0,0,0
-0.0627,0.2771,1.0576,-3.6107,-0.9313,16.2824,0,0,0
-0.0591,0.2844,1.072,-3.4275,-0.4427,19.2061,0,0,0
-0.0427,0.2849,1.0789,-4.3206,0.4885,21.0382,0,0,0
-0.0239,0.2944,1.0811,-5.5878,2.4427,21.7786,0,0,0
-0.0066,0.2725,1.0825,-7.6565,6.8321,22.6947,0,0,0
-0.021,0.2874,1.0454,-9.229,6.4809,25.4198,0,0,0
0.0081,0.248,1.0686,-7.1298,9.8397,27.1527,0,0,0
-0.0002,0.2573,1.064,-0.145,13.3511,28.6641,0,0,0
-0.0071,0.3169,1.0701,3.2901,17.2901,32.6107,0,0,0
0.0088,0.3376,1.0708,1.7176,21.4198,31.7023,0,0,0
0.0251,0.3501,1.0779,-0.0382,26.2137,28.1145,0,0,0
0.0256,0.3428,1.0667,-3.6718,32.2519,25.1527,0,0,0
-0.0002,0.3215,1.0396,-4.2748,33.1603,22.0611,0,0,0
0.0012,0.3062,1.0334,-4.4809,34.8168,22.1985,0,0,0
-0.001,0.2913,1.0273,-4.3511,37.1298,24.1374,0,0,0
0.0098,0.2957,1.0215,-5.1985,38.229,26.6794,0,0,0
0.0105,0.291,1.0056,-10.0382,42.2061,28.8779,0,0,0
-0.0313,0.3015,0.9751,-16.5038,40.5802,31.771,0,0,0
-0.0403,0.2729,1.0115,-20.542,39.0305,37.5725,0,0,0
-0.0649,0.282,0.9937,-22.7557,36.5954,43.9542,0,0,0
-0.0261,0.2803,1.0396,-24.2901,39.9237,50.5878,0,0,0
-0.0286,0.3,0.999,-25.5038,46.1145,52.9008,0,0,0
-0.0081,0.2939,1.0386,-26.771,58.0076,54.3969,0,0,0
-0.0977,0.3145,0.9197,-31.9847,49.4733,52.4122,0,0,0
-0.0652,0.3748,0.9675,-46.542,38.9237,53.855,0,0,0
0.2266,0.3245,1.207,-59.6412,51.0687,61.8473,0,0,0
-0.209,0.2544,0.9658,-64.1832,30.6412,74.7634,0,0,0
-0.0583,0.2942,0.9126,-72.771,16.1069,76.2748,0,0,0
-0.0806,0.1794,1.0381,-69.7939,13.4275,72.0534,0,0,0
0.0029,0.1152,1.1191,-52.5267,18.229,63.0229,0,0,0
-0.0042,0.1768,1.1282,-40.1908,25.0534,56.6031,0,0,0
-0.0408,0.2354,1.1206,-41.9084,35.687,58.0992,0,0,0
-0.0835,0.2026,1.073,-41.4962,40.2595,56.6107,0,0,0
-0.0376,0.1584,1.083,-35.9695,43.8931,55.2748,0,0,0
-0.0603,0.1501,1.0266,-29.4351,44.9542,53.9542,0,0,0
-0.0779,0.1116,1.0271,-24.7863,42.4656,53.4656,0,0,0
-0.0879,0.1416,1.03,-23.5802,40.9008,58.9618,0,0,0
-0.0896,0.1714,1.03,-26.9008,41.6107,66.6031,0,0,0
-0.0752,0.178,1.0449,-29.2061,43.2595,70.6718,0,0,0
-0.0935,0.1821,1.0471,-27.9008,44.6183,69.4351,0,0,0
-0.1006,0.1982,1.0229,-26.3511,43.4656,65.9466,0,0,0
-0.1062,0.1919,0.9714,-26.5725,41.4351,61.2519,0,0,0
-0.1389,0.2119,0.9429,-28.0763,35.687,56.9466,0,0,0
-0.1646,0.1716,0.9277,-28.5725,26.8397,57.0229,0,0,0
-0.1304,0.1008,0.9758,-21.3053,19.626,61.0305,0,0,0
-0.1038,0.134,0.9895,-15.6565,18.2901,62.855,0,0,0
-0.0803,0.1584,0.988,-13.855,17.7557,63.084,0,0,0
-0.0737,0.1682,0.9758,-16.9618,19.2443,60.9084,0,0,0
-0.1018,0.1606,0.9709,-21.6565,20.2214,59.8397,0,0,0
-0.1301,0.1643,0.9551,-24.2443,19.1756,60.7023,0,0,0
-0.1189,0.0664,0.9629,-18.2595,13.1527,57.4122,0,0,0
-0.1016,0.1758,0.9824,-16.4351,18.5802,57.9008,0,0,0
-0.1311,0.2253,0.9543,-18.2977,20.1756,53.6412,0,0,0
-0.1306,0.2332,0.908,-24.542,28.3359,44.9389,0,0,0
-0.1924,0.1897,0.8877,-31.4122,20.7481,44.2519,0,0,0
-0.1309,0.1511,0.9219,-36.6489,20.1603,46.9466,0,0,0
-0.1111,0.1216,0.9443,-33.8855,24.2519,48.1832,0,0,0
-0.1687,0.1321,0.9375,-26.855,26.8168,47.6718,0,0,0
-0.188,0.1326,0.9419,-19.8244,26.1145,46.0534,0,0,0
-0.1721,0.1494,0.9275,-15.2519,25.4351,43.5038,0,0,0
-0.177,0.165,0.9065,-15.1603,25.8702,39.145,0,0,0
-0.2197,0.1831,0.9104,-17.8092,23.8092,36.2366,0,0,0
-0.4424,0.053,0.842,-18.2824,10.771,35.542,0,0,0
-0.1941,0.1204,0.9446,-19.0382,15.0153,37.0458,0,0,0
-0.1619,0.1821,0.9849,-16.9389,18.0916,35.5344,0,0,0
-0.1948,0.1726,0.9683,-15.2672,24.1603,31.8702,0,0,0
-0.2178,0.1682,0.9561,-14.6794,27.3511,25.2366,0,0,0
-0.2539,0.1787,0.9404,-15.8702,27.2977,20.145,0,0,0
-0.3938,0.0828,0.897,-16.1374,23.0534,17.5267,0,0,0
-0.2473,0.1685,0.925,-15.2443,19.0458,16.4046,0,0,0
-0.2666,0.1768,0.9189,-16.0687,15.9466,16.229,0,0,0
-0.2849,0.1709,0.9048,-19.7328,15.8779,16.2748,0,0,0
-0.2808,0.1509,0.9121,-20.8855,17.0992,15.9084,0,0,0
-0.2893,0.1741,0.9219,-19.7252,21.3969,11.9389,0,0,0
-0.332,0.2097,0.9187,-19.145,26.1527,6.229,0,0,0
-0.4009,0.2063,0.8799,-20.6031,26.0687,1.8244,0,0,0
-0.4429,0.1528,0.8865,-18.0611,21.9313,0.855,0,0,0
-0.6184,0.0342,0.8506,-9.6794,11.4427,-1.2137,0,0,0
-0.4971,0.1433,0.9143,-6.8092,9.6336,-3.5496,0,0,0
-0.5039,0.1985,0.9304,-8.8092,5.9084,-6.5344,0,0,0
-0.5083,0.2146,0.9539,-16.0992,6.5038,-10.4351,0,0,0
-0.5146,0.1753,0.9429,-25.2366,8.3664,-12.855,0,0,0
-0.5366,0.1335,0.9424,-31.5038,11.0611,-12.626,0,0,0
-0.5867,0.0801,0.9067,-32.7939,10.9618,-12.5496,0,0,0
-0.5864,0.0471,0.8762,-26.4275,7.3359,-12.2366,0,0,0
-0.5984,-0.0071,0.8462,-16.3511,3.313,-11.6412,0,0,0
-0.5693,0.0283,0.8535,-6.6336,0.771,-9.7252,0,0,0
-0.5837,0.0542,0.8357,-0.3206,-3.1603,-8.9008,0,0,0
-0.5408,0.072,0.8467,-0.2977,-5.6183,-9.4504,0,0,0
-0.5483,0.0491,0.8599,-0.4733,-8.1069,-11.6183,0,0,0
-0.5325,0.0576,0.8799,0.3817,-11.2672,-13.542,0,0,0
-0.5073,0.0542,0.9363,0.5649,-12.7786,-14.5267,0,0,0
-0.4756,0.0271,0.9795,4.7176,-11.0992,-15.4275,0,0,0
-0.5137,0.0413,1.0005,11.8168,-7.6794,-14.9924,0,0,0
-0.4812,0.071,0.9958,14.7786,-4.229,-15.374,0,0,0
-0.4922,0.0781,0.9912,14.6336,-1.2672,-15.9771,0,0,0
-0.4954,0.0989,0.9883,12.3969,0.0611,-15.1603,0,0,0
-0.5007,0.1155,0.9729,9.0305,1.3664,-14.2748,0,0,0
-0.5056,0.1279,0.9631,7.2366,1.2366,-14.7252,0,0,0
-0.4871,0.1418,0.9871,10.0,-0.3435,-17.2366,0,0,0
-0.4287,0.1709,1.0076,13.8244,8.8855,-22.5191,0,0,0
-0.4419,0.1807,0.9766,17.2214,11.8015,-27.9008,0,0,0
-0.4763,0.1648,0.9468,15.313,11.9084,-32.3893,0,0,0
-0.4482,0.1479,0.9353,10.7939,6.084,-33.626,0,0,0
-0.4819,0.1309,0.9448,4.0458,-3.4046,-30.1298,0,0,0
-0.4758,0.0544,1.002,-1.4885,-10.916,-24.9389,0,0,0
-0.459,-0.0078,1.0437,4.2214,-19.7176,-18.0992,0,0,0
-0.3916,0.0249,1.1169,9.229,-25.2977,-11.1832,0,0,0
-0.3015,0.0959,1.1394,9.0382,-26.3588,-7.2366,0,0,0
-0.4297,0.0569,1.1401,4.1985,-17.4504,-7.2901,0,0,0
-0.2412,0.125,1.1902,4.6641,-21.0534,-8.8015,0,0,0
-0.2544,0.0952,1.1792,4.313,-21.2672,-10.229,0,0,0
-0.2185,0.1296,1.1792,4.8321,-23.9313,-11.9237,0,0,0
-0.2178,0.0857,1.1458,3.4351,-27.1908,-11.7863,0,0,0
-0.2571,0.0513,1.1299,4.1527,-28.1908,-9.4427,0,0,0
-0.2869,0.0706,1.1106,5.6641,-33.374,-6.2901,0,0,0
-0.2729,0.1096,1.1187,6.3359,-36.6641,-3.9924,0,0,0
-0.2615,0.1233,1.1265,6.7099,-37.4198,-2.3206,0,0,0
-0.2607,0.127,1.1614,8.6718,-35.2672,-1.4504,0,0,0
-0.2646,0.1003,1.1628,14.3053,-31.9695,0.229,0,0,0
-0.2666,0.1223,1.1672,20.2977,-29.084,0.4733,0,0,0
-0.2424,0.1855,1.1494,21.3206,-26.5802,-0.3359,0,0,0
-0.4856,0.2014,1.0728,16.5344,-23.2595,-4.1679,0,0,0
-0.2263,0.1704,1.1377,12.9695,-25.0611,-5.687,0,0,0
-0.2988,0.1511,1.1306,8.4427,-27.1603,-5.9237,0,0,0
-0.2322,0.1226,1.1694,8.145,-26.5038,-3.2137,0,0,0
-0.2288,0.1028,1.1792,8.4733,-24.4733,-2.5649,0,0,0
-0.2024,0.0925,1.1963,10.458,-18.6641,-5.0076,0,0,0
-0.2502,0.1345,1.1738,7.5038,-19.1298,-4.5115,0,0,0
-0.272,0.1611,1.1643,1.6107,-20.2595,-3.3588,0,0,0
-0.2229,0.1709,1.2131,0.6107,-18.0382,-5.626,0,0,0
-0.2241,0.1831,1.2437,2.3817,-11.6412,-11.1374,0,0,0
-0.2217,0.187,1.2417,4.1527,-6.9008,-16.855,0,0,0
-0.2205,0.1641,1.2158,4.2977,-2.9695,-22.1527,0,0,0
-0.2317,0.1589,1.1816,1.8092,-1.8702,-26.5954,0,0,0
-0.2551,0.1465,1.1689,-3.0458,-4.229,-27.8397,0,0,0
-0.261,0.095,1.1782,-2.9924,-6.3969,-27.3359,0,0,0
-0.2175,0.0696,1.2124,3.6336,-6.0382,-26.3893,0,0,0
-0.1809,0.082,1.2241,12.6947,-2.1679,-27.2748,0,0,0
-0.175,0.1323,1.1899,17.0382,2.7939,-28.1679,0,0,0
-0.1885,0.1721,1.1221,15.6183,3.9313,-29.5191,0,0,0
-0.1987,0.2239,1.0806,7.4351,2.5267,-32.4275,0,0,0
-0.2263,0.2524,1.0535,-4.9924,-1.687,-34.855,0,0,0
-0.2319,0.2126,1.0408,-14.7176,-7.1908,-37.313,0,0,0
-0.2163,0.1423,1.0444,-14.3053,-10.2443,-39.6489,0,0,0
-0.2002,0.1013,1.0291,-10.1832,-11.458,-40.5344,0,0,0
-0.1912,0.0911,0.9956,-5.3359,-12.0153,-40.8702,0,0,0
-0.1724,0.0896,0.9553,-4.916,-12.9695,-41.6947,0,0,0
-0.1541,0.0681,0.9277,-6.1145,-12.9389,-41.7557,0,0,0
-0.175,0.0461,0.9146,-6.3511,-16.6947,-41.3588,0,0,0
-0.1672,0.0103,0.9294,-1.7786,-21.8015,-39.4046,0,0,0
-0.1296,0.002,0.9504,4.1756,-25.2824,-37.9771,0,0,0
-0.0879,0.0134,0.9482,7.771,-25.5954,-36.9237,0,0,0
-0.0593,0.0251,0.9202,7.6183,-23.0458,-36.916,0,0,0
-0.0576,0.009,0.875,4.2366,-21.9924,-38.2366,0,0,0
-0.0869,-0.0146,0.8445,3.9313,-22.7023,-36.5573,0,0,0
-0.1306,-0.0125,0.8071,8.9084,-26.1603,-32.3588,0,0,0
-0.0542,0.084,0.886,16.7405,-42.3588,-25.3511,0,0,0
-0.1782,0.0635,0.7808,28.1603,-38.8015,-30.3359,0,0,0
-0.1257,0.0371,0.8457,33.9313,-42.4656,-33.1756,0,0,0
-0.0957,0.1111,0.8496,33.2901,-37.4122,-37.1908,0,0,0
-0.0842,0.0979,0.8435,28.4275,-34.3511,-39.4198,0,0,0
-0.0791,0.0569,0.8354,22.5878,-29.8702,-40.9084,0,0,0
-0.092,0.009,0.8184,16.5954,-29.9237,-39.2366,0,0,0
-0.1101,0.0151,0.8403,11.6947,-32.4504,-36.2061,0,0,0
-0.1394,-0.0222,0.8547,7.2824,-36.0916,-30.313,0,0,0
-0.0925,-0.0505,0.875,6.4656,-38.7939,-24.5496,0,0,0
-0.0923,-0.061,0.8911,8.9847,-41.8168,-19.4809,0,0,0
-0.114,-0.0547,0.9124,13.9695,-49.0382,-11.7176,0,0,0
-0.1106,-0.0889,0.9604,26.2748,-60.7328,-3.9695,0,0,0
-0.0505,-0.0667,1.022,47.313,-72.0305,2.0153,0,0,0
0.0674,0.0542,1.0864,62.2748,-71.8702,6.0611,0,0,0
0.1284,0.1677,1.1289,63.3664,-62.771,6.1908,0,0,0
0.095,0.2498,1.0967,53.9237,-52.4198,4.8397,0,0,0
0.0483,0.302,1.0632,43.4046,-44.7099,0.3053,0,0,0
0.0398,0.3081,1.033,33.8855,-41.6641,-7.0,0,0,0
0.0337,0.3196,1.0024,27.4504,-43.0229,-15.1832,0,0,0
0.0195,0.2876,0.9592,23.4351,-49.3588,-22.5802,0,0,0
0.0146,0.2708,0.929,23.0611,-61.084,-28.5344,0,0,0
0.0217,0.2788,0.896,20.6794,-76.4198,-33.9389,0,0,0
0.0281,0.2581,0.8313,17.313,-98.3053,-38.1832,0,0,0
0.1094,0.2898,0.8882,14.6947,-117.5649,-36.5115,0,0,0
0.1865,0.3406,0.9648,6.9542,-122.5802,-37.5954,0,0,0
0.2073,0.3447,1.0056,1.313,-119.9084,-42.9008,0,0,0
0.2385,0.3464,1.041,-3.0611,-110.7099,-52.1603,0,0,0
0.2683,0.2827,1.0413,-4.1221,-95.6336,-60.7176,0,0,0
0.2439,0.2466,0.9626,-4.084,-80.458,-65.5267,0,0,0
0.1655,0.2192,0.8972,-3.4809,-73.1145,-64.4504,0,0,0
0.1606,0.2437,0.8623,-2.7939,-71.2519,-62.0305,0,0,0
0.1514,0.2781,0.8501,-6.5573,-66.5802,-55.1908,0,0,0
0.1702,0.3457,0.8555,-16.3588,-59.7023,-51.8168,0,0,0
0.1755,0.3721,0.865,-29.3435,-51.2061,-53.5878,0,0,0
0.1729,0.3635,0.8918,-34.7328,-43.8015,-58.7786,0,0,0
0.1672,0.3772,0.9106,-33.0458,-35.7557,-62.4351,0,0,0
0.1641,0.3926,0.8899,-26.1374,-31.2519,-69.5267,0,0,0
0.1365,0.426,0.8511,-17.7252,-23.9847,-80.0076,0,0,0
0.1074,0.4333,0.8057,-10.6718,-21.5725,-89.0458,0,0,0
0.1162,0.439,0.7517,-4.5115,-21.7099,-96.8321,0,0,0
0.1055,0.4028,0.6897,-2.5725,-24.9847,-102.1908,0,0,0
0.1267,0.3687,0.6614,-3.9313,-32.1527,-106.0305,0,0,0
0.1375,0.3096,0.6614,-5.4427,-43.6565,-107.4886,0,0,0
0.2275,0.2786,0.7859,-10.6031,-48.8702,-104.7939,0,0,0
0.2422,0.2463,0.8613,-17.313,-46.3282,-97.7023,0,0,0
0.2722,0.2239,0.926,-22.9466,-40.9466,-91.916,0,0,0
0.2654,0.2219,0.957,-25.4733,-35.0305,-90.0916,0,0,0
0.2505,0.1956,0.9653,-28.5649,-28.2977,-88.0,0,0,0
0.2371,0.1646,0.9583,-28.8626,-23.2672,-83.7863,0,0,0
0.2224,0.177,0.9558,-29.2901,-19.6183,-78.7939,0,0,0
0.2292,0.1924,0.9714,-30.0382,-14.5802,-72.9237,0,0,0
0.2444,0.2439,1.0027,-32.0687,-3.7634,-71.6183,0,0,0
0.2075,0.2485,0.9917,-34.0153,10.1221,-75.6794,0,0,0
0.1665,0.2175,0.9636,-32.3664,22.8015,-80.1832,0,0,0
0.1536,0.1409,0.9541,-27.4809,33.2214,-81.6412,0,0,0
0.1355,0.1038,0.9226,-21.2214,42.3435,-78.8168,0,0,0
0.1047,0.1252,0.8738,-15.2443,48.1527,-72.5267,0,0,0
0.075,0.1848,0.8232,-12.0763,47.229,-68.3435,0,0,0
0.041,0.2336,0.7991,-12.2214,39.8779,-69.3817,0,0,0
0.0249,0.2244,0.8054,-14.313,31.2748,-72.8168,0,0,0
0.0125,0.168,0.8516,-13.1374,21.4427,-73.5649,0,0,0
0.0208,0.1235,0.8894,-7.458,15.7252,-68.9542,0,0,0
0.0222,0.1177,0.9158,-1.8168,11.6718,-61.3893,0,0,0
0.0032,0.1472,0.9436,-0.6489,9.0076,-53.9237,0,0,0
-0.0154,0.1562,0.9497,-3.3206,5.1603,-47.2061,0,0,0
-0.0237,0.1836,0.9517,-7.3359,-0.4962,-42.8244,0,0,0
-0.009,0.2078,0.9687,-12.8321,-3.7557,-42.8321,0,0,0
0.0103,0.1929,1.002,-14.8092,-5.0534,-44.8855,0,0,0
0.0408,0.1582,1.0354,-13.9771,-0.5038,-43.9389,0,0,0
0.0427,0.1218,1.0549,-8.687,5.9084,-40.4504,0,0,0
0.0334,0.1372,1.053,-4.2366,12.4656,-38.0076,0,0,0
0.0129,0.1716,1.0161,-3.3969,15.3969,-36.458,0,0,0
-0.002,0.1985,0.9805,-6.374,14.7176,-37.145,0,0,0
0.0127,0.1709,0.9785,-11.0,14.1145,-38.9618,0,0,0
0.0115,0.1504,0.9749,-14.7023,14.7481,-38.5115,0,0,0
0.0107,0.1257,0.9631,-14.626,16.2595,-35.4885,0,0,0
0.0081,0.1404,0.959,-13.6794,15.5115,-31.229,0,0,0
0.0054,0.1521,0.938,-12.2748,13.7023,-28.6412,0,0,0
-0.0034,0.1685,0.9417,-11.313,8.687,-26.7405,0,0,0
0.0261,0.2275,0.9397,-12.8931,3.7786,-25.2214,0,0,0
0.0342,0.2173,0.9561,-15.3359,0.8244,-24.9084,0,0,0
0.0493,0.2454,0.9634,-17.8321,-2.0763,-24.6794,0,0,0
0.062,0.2222,0.9773,-17.2061,-1.8779,-26.0992,0,0,0
0.0728,0.2195,0.9937,-15.313,-0.8702,-26.1908,0,0,0
0.0901,0.2212,0.9927,-12.9008,-0.4275,-25.5573,0,0,0
0.1106,0.2109,0.999,-8.4504,-1.7405,-25.2214,0,0,0
0.1257,0.219,1.0083,-5.5649,-2.0916,-24.5954,0,0,0
0.144,0.2034,1.0164,-3.4275,-3.4046,-23.6412,0,0,0
0.1528,0.2095,1.0251,-0.4427,-4.7252,-23.5954,0,0,0
0.1482,0.2053,1.0261,0.8168,-5.6183,-22.6107,0,0,0
0.1414,0.2083,1.0291,-1.145,-7.0458,-20.7557,0,0,0
0.1582,0.1897,1.0425,-3.2977,-7.5573,-18.7252,0,0,0
0.1465,0.2026,1.0588,-6.4962,-6.1603,-17.0534,0,0,0
0.1438,0.1936,1.0625,-10.3053,-4.1069,-15.6718,0,0,0
0.1311,0.1753,1.0664,-11.4656,-2.0916,-16.458,0,0,0
0.1138,0.1545,1.0686,-13.3282,0.0229,-16.6947,0,0,0
0.1082,0.1003,1.0728,-12.6947,1.6794,-14.4504,0,0,0
0.0994,0.0593,1.0769,-11.374,3.3206,-10.1374,0,0,0
0.094,0.062,1.0842,-9.6489,5.6947,-3.6641,0,0,0
0.0854,0.0667,1.0776,-8.3359,7.3817,2.7328,0,0,0
0.0745,0.1096,1.071,-8.1145,8.855,7.4046,0,0,0
0.0642,0.1416,1.0686,-9.0305,11.1374,10.6641,0,0,0
0.0645,0.1409,1.0657,-9.5725,14.4427,11.6183,0,0,0
0.0649,0.1453,1.0496,-8.9237,18.7863,12.855,0,0,0
0.0491,0.1367,1.0457,-7.8931,22.4198,16.771,0,0,0
0.0476,0.1296,1.0479,-7.9924,24.4427,23.6718,0,0,0
0.032,0.1606,1.0322,-9.9542,26.0611,32.4656,0,0,0
0.0037,0.1792,1.0007,-13.6412,24.3893,39.2366,0,0,0
-0.0078,0.1907,0.9866,-18.1145,22.2977,43.5038,0,0,0
-0.0022,0.1819,0.9878,-21.9389,21.0916,45.2901,0,0,0
0.0264,0.2012,1.0195,-23.6412,22.2443,49.2061,0,0,0
0.0337,0.2053,0.9795,-24.2061,26.8779,51.6412,0,0,0
0.0049,0.2131,0.967,-24.6489,28.5802,52.0305,0,0,0
-0.03,0.2166,0.9326,-23.5038,24.084,49.9618,0,0,0
-0.0496,0.1426,0.97,-22.7557,18.7176,48.2443,0,0,0
-0.0413,0.1401,0.979,-19.3282,15.0458,48.0916,0,0,0
-0.0469,0.146,0.9885,-17.6718,12.626,47.3053,0,0,0
-0.0493,0.1572,1.0024,-14.7099,11.5344,45.2519,0,0,0
-0.0669,0.1631,0.9966,-11.2137,10.0,41.7252,0,0,0
-0.0674,0.1721,1.0073,-8.6794,8.2214,37.5267,0,0,0
-0.0525,0.1902,1.0291,-4.6718,10.1832,34.7557,0,0,0
-0.052,0.1755,1.0388,-1.5725,13.0229,30.7863,0,0,0
-0.0349,0.2053,1.0398,-0.7252,17.6794,24.3817,0,0,0
-0.0586,0.2119,1.0356,-2.9084,19.5114,16.855,0,0,0
-0.0742,0.1753,1.0188,-6.5802,18.7481,8.4275,0,0,0
-0.1001,0.1404,0.9836,-7.6183,16.7481,2.3817,0,0,0
-0.1069,0.1057,0.9719,-4.9466,11.7023,-1.6641,0,0,0
-0.1113,0.0576,0.9827,-0.6336,7.2214,-4.771,0,0,0
-0.1162,0.0684,0.9951,2.7863,4.3588,-5.1298,0,0,0
-0.1208,0.0898,1.0059,1.9466,1.8015,-6.0458,0,0,0
-0.115,0.0435,1.0239,0.374,-1.2672,-5.9771,0,0,0
-0.1252,0.0112,1.0435,1.9466,-3.6107,-5.8702,0,0,0
-0.1431,0.0034,1.0532,4.7481,-5.687,-7.0305,0,0,0
-0.1465,0.0059,1.0742,7.4656,-7.6947,-8.6336,0,0,0
-0.1428,0.0139,1.083,6.9771,-7.9924,-8.0229,0,0,0
-0.1443,0.021,1.0984,2.5344,-8.0076,-6.8626,0,0,0
-0.1511,0.0039,1.1201,-3.0,-7.0229,-6.7939,0,0,0
-0.1533,-0.0083,1.1477,-5.5191,-5.2595,-7.2977,0,0,0
-0.1521,-0.064,1.1638,-6.5038,-2.8168,-6.7328,0,0,0
-0.1462,-0.0923,1.1787,-4.3664,1.8626,-6.2748,0,0,0
-0.1555,-0.0938,1.1787,-3.687,6.0076,-3.6489,0,0,0
-0.1528,-0.0715,1.1719,-7.0916,10.5038,-2.8626,0,0,0
-0.1646,-0.0776,1.1599,-11.5267,13.3893,-1.771,0,0,0
-0.1638,-0.1028,1.1548,-14.7863,16.0305,-0.6947,0,0,0
-0.1658,-0.1533,1.1387,-13.2748,17.4198,0.3282,0,0,0
-0.1711,-0.1472,1.1194,-10.7023,19.1527,2.2061,0,0,0
-0.1838,-0.1523,1.0942,-10.4122,18.7634,5.2748,0,0,0
-0.1807,-0.1284,1.0937,-12.1374,18.0611,8.5344,0,0,0
-0.1733,-0.1221,1.0923,-17.0458,19.458,11.313,0,0,0
-0.1731,-0.1433,1.0935,-19.6412,22.374,13.8855,0,0,0
-0.178,-0.1621,1.0837,-18.4962,25.4198,15.7023,0,0,0
-0.1877,-0.1506,1.0603,-16.6107,28.2366,17.8244,0,0,0
-0.2021,-0.135,1.0303,-17.5038,29.6565,20.7481,0,0,0
-0.2183,-0.1272,1.0063,-19.2901,28.5725,23.6565,0,0,0
-0.2141,-0.123,0.9927,-20.5114,26.3817,26.0076,0,0,0
-0.2168,-0.1465,0.9978,-20.5114,24.6412,28.6794,0,0,0
-0.2205,-0.1201,0.988,-19.542,24.1756,31.2748,0,0,0
-0.2249,-0.0959,0.9792,-20.4275,23.3817,32.8855,0,0,0
-0.2097,-0.1108,0.9941,-22.2824,23.0153,34.687,0,0,0
-0.2021,-0.0918,0.9878,-25.2214,24.4733,36.5115,0,0,0
-0.2004,-0.0935,0.9714,-28.6565,24.458,38.084,0,0,0
-0.2083,-0.1008,0.9585,-30.5114,22.8779,40.0153,0,0,0
-0.2114,-0.1123,0.9575,-31.1832,20.771,41.8473,0,0,0
-0.1985,-0.1133,0.9717,-30.3511,19.2901,42.5725,0,0,0
-0.1951,-0.1038,0.9702,-30.2443,17.8321,42.7481,0,0,0
-0.1904,-0.1138,0.9746,-30.9542,16.8473,43.1221,0,0,0
-0.1973,-0.1194,0.98,-32.1374,15.1298,43.9466,0,0,0
-0.1846,-0.1731,0.9897,-30.8321,12.9542,45.7252,0,0,0
-0.1694,-0.2041,1.0134,-25.084,12.7099,49.2977,0,0,0
-0.1599,-0.1819,1.0159,-20.8702,13.7328,52.6641,0,0,0
-0.1721,-0.1626,1.0146,-19.229,13.8244,55.3053,0,0,0
-0.1594,-0.1404,1.0168,-20.4962,12.4809,56.0076,0,0,0
-0.1516,-0.1318,1.0081,-21.2824,10.458,57.0916,0,0,0
-0.1497,-0.1707,1.0247,-18.2443,7.5649,59.8779,0,0,0
-0.1326,-0.1423,1.0435,-13.7099,6.4962,63.8321,0,0,0
-0.1091,-0.1174,1.0603,-11.3435,7.687,65.5496,0,0,0
-0.1021,-0.0925,1.0757,-8.9618,10.1985,66.0611,0,0,0
-0.0847,-0.0571,1.0842,-8.2977,12.8702,66.0992,0,0,0
-0.083,-0.0398,1.0754,-9.6794,14.9695,65.1985,0,0,0
-0.0955,-0.0308,1.0447,-11.6947,15.5496,64.1985,0,0,0
-0.0986,-0.0308,1.0405,-14.9237,13.8702,63.0534,0,0,0
-0.085,-0.0889,1.0405,-14.7405,12.0382,63.916,0,0,0
-0.072,-0.0886,1.0659,-9.2977,12.9771,65.3283,0,0,0
-0.0857,-0.0518,1.0496,-5.0382,14.1298,66.0305,0,0,0
-0.105,-0.0271,1.0308,-3.2519,13.0,65.374,0,0,0
-0.1077,0.0024,1.0242,-3.6183,11.7939,63.771,0,0,0
-0.1013,0.0002,1.0291,-5.4962,10.1145,62.9618,0,0,0
-0.0859,-0.0212,1.0535,-4.0458,11.4733,63.1603,0,0,0
-0.0876,0.0051,1.0459,-3.0305,13.4198,64.1527,0,0,0
-0.0869,0.0281,1.0449,-3.0687,13.5802,64.1145,0,0,0
-0.1001,0.041,1.0334,-5.2366,13.6031,62.7099,0,0,0
-0.1143,0.0603,1.0188,-6.8855,11.7557,62.7252,0,0,0
-0.104,0.074,1.0254,-8.9313,11.626,62.2137,0,0,0
-0.1047,0.0801,1.0242,-9.6031,11.9313,61.3206,0,0,0
-0.1008,0.04,1.0178,-6.7557,10.8626,60.2977,0,0,0
-0.0916,0.0579,1.0161,-1.7786,11.2214,59.4351,0,0,0
-0.103,0.0828,1.0071,1.3053,11.3664,58.7557,0,0,0
-0.1084,0.114,0.9858,1.0458,10.2443,57.9542,0,0,0
-0.1118,0.1421,0.9768,-1.855,9.0382,56.0916,0,0,0
-0.1128,0.1404,0.9678,-6.2748,7.4046,54.1679,0,0,0
-0.1033,0.116,0.9844,-8.0,6.5802,53.4656,0,0,0
-0.0916,0.0925,1.0,-6.3511,8.1527,53.1679,0,0,0
-0.0889,0.1018,1.0095,-3.1145,11.458,53.0916,0,0,0
-0.1057,0.1296,1.0085,-1.9084,14.3206,53.0305,0,0,0
-0.1118,0.1694,0.9902,-4.8168,16.2672,50.6565,0,0,0
-0.1179,0.1829,0.9763,-11.1145,15.9389,47.3359,0,0,0
-0.1208,0.1477,0.9604,-15.542,14.8931,44.2061,0,0,0
-0.1082,0.116,0.9648,-17.8092,13.916,42.4962,0,0,0
-0.0935,0.0718,0.9675,-17.7405,13.1908,41.9695,0,0,0
-0.0857,0.0608,0.9673,-15.6336,13.855,42.1832,0,0,0
-0.0859,0.0615,0.9592,-14.5115,14.916,43.1069,0,0,0
-0.1021,0.0842,0.9482,-16.0611,14.2519,42.4046,0,0,0
-0.1248,0.1038,0.926,-20.4275,11.0687,41.313,0,0,0
-0.1313,0.0835,0.9326,-24.4427,6.5573,39.5802,0,0,0
-0.1174,0.0662,0.9392,-24.7405,3.8779,38.7328,0,0,0
-0.1223,0.0439,0.9453,-22.1374,1.5344,39.0229,0,0,0
-0.124,0.0398,0.95,-17.4885,-1.8931,40.0611,0,0,0
-0.1353,0.0503,0.97,-13.0763,-4.2901,41.6947,0,0,0
-0.1343,0.0664,0.9995,-8.2595,-6.6107,41.374,0,0,0
-0.124,0.1121,1.0095,0.4885,-6.6031,33.8397,0,0,0
-0.1162,0.1555,1.0334,6.4656,-2.229,27.8015,0,0,0
-0.1321,0.1526,1.0088,9.7176,0.1603,24.9771,0,0,0
-0.1516,0.166,0.999,10.2061,-1.3588,26.3511,0,0,0
-0.1506,0.2009,1.0251,8.4962,-3.9313,30.5191,0,0,0
-0.1426,0.2036,1.0349,6.4351,-4.2977,32.4046,0,0,0
-0.1318,0.2073,1.0508,6.0916,-2.1145,33.5038,0,0,0
-0.1277,0.2004,1.0625,7.1145,0.771,34.1221,0,0,0
-0.126,0.2273,1.0439,7.2901,3.9313,33.6489,0,0,0
-0.1306,0.2588,1.0115,5.1527,5.5649,32.9466,0,0,0
-0.1379,0.2666,1.0078,1.1756,4.2061,30.8626,0,0,0
-0.126,0.252,1.0112,-4.1069,2.1527,28.542,0,0,0
-0.1191,0.2207,1.0146,-5.5496,1.5954,27.6489,0,0,0
-0.104,0.1887,1.0295,-4.1221,2.4198,26.6336,0,0,0
-0.095,0.1851,1.0273,-1.9389,3.3664,23.9847,0,0,0
-0.0793,0.186,1.0281,1.6565,4.1298,19.1756,0,0,0
-0.0786,0.1997,1.03,4.0458,5.4122,13.8855,0,0,0
-0.0898,0.1831,1.0239,5.2824,5.5038,10.9008,0,0,0
-0.0518,0.2134,1.0232,6.6031,5.1603,9.1374,0,0,0
-0.1106,0.1929,1.0176,5.229,5.145,7.855,0,0,0
-0.1228,0.1733,1.0259,3.8473,2.4351,7.8244,0,0,0
-0.1431,0.187,1.0269,1.3588,-1.1908,8.8626,0,0,0
-0.1497,0.1846,1.0437,-0.4885,-2.7099,9.4122,0,0,0
-0.1499,0.1741,1.0706,-0.1985,-2.9771,9.771,0,0,0
-0.1404,0.1824,1.0845,0.0229,0.7176,11.8779,0,0,0
-0.1353,0.1948,1.0837,0.229,5.8397,12.7099,0,0,0
-0.134,0.2312,1.0745,-2.1679,12.3053,10.1908,0,0,0
-0.1587,0.2397,1.053,-5.5344,16.2519,6.9924,0,0,0
-0.1655,0.2297,1.0237,-8.5802,17.6107,4.1069,0,0,0
-0.1702,0.2217,0.9937,-10.8092,17.3969,-0.0916,0,0,0
-0.165,0.1582,0.9702,-9.8015,15.1374,-3.9695,0,0,0
-0.1628,0.1138,0.9773,-4.0763,12.4656,-7.1603,0,0,0
-0.1758,0.1118,0.9685,0.8321,10.0382,-8.2519,0,0,0
-0.1848,0.1292,0.9551,2.2519,7.0305,-9.6947,0,0,0
-0.1926,0.1296,0.9448,1.8015,2.3435,-12.542,0,0,0
-0.1968,0.1135,0.9517,-0.9542,-2.6183,-14.0534,0,0,0
-0.1958,0.0486,0.9753,0.8015,-7.626,-13.5802,0,0,0
-0.1777,0.0344,0.99,6.626,-10.2214,-14.0534,0,0,0
-0.1768,0.0322,1.0088,14.4275,-11.2137,-15.5649,0,0,0
-0.1873,0.072,1.0012,17.4122,-12.9771,-17.855,0,0,0
-0.1941,0.0742,1.0044,17.3053,-13.4962,-18.0,0,0,0
-0.1958,0.0747,1.0085,14.7023,-13.7939,-17.855,0,0,0
-0.2065,0.0762,1.0247,11.3588,-13.3817,-16.1298,0,0,0
-0.2217,0.0737,1.0115,8.0534,-12.313,-13.7176,0,0,0
-0.2129,0.0884,1.0139,7.4733,-12.2061,-17.0992,0,0,0
-0.2236,0.0916,1.0188,8.6183,-9.0229,-22.4962,0,0,0
-0.2493,0.0671,0.9976,9.3511,-9.2519,-25.0153,0,0,0
-0.2588,0.0503,0.9695,9.1985,-13.2977,-24.4885,0,0,0
-0.2434,0.0439,0.9587,7.1985,-16.7939,-22.9313,0,0,0
-0.2461,0.021,0.9519,6.0076,-21.6794,-20.2672,0,0,0
-0.1975,0.0464,0.9854,3.1298,-22.3893,-17.6031,0,0,0
-0.1951,0.0269,1.0005,2.687,-23.0458,-18.8626,0,0,0
-0.1824,0.0449,1.0198,4.0992,-22.9084,-19.7786,0,0,0
-0.1941,0.0103,1.0066,6.5802,-23.9618,-20.6489,0,0,0
-0.1829,0.0266,1.0078,8.0611,-24.8092,-18.8168,0,0,0
-0.1812,0.01,1.0173,10.8244,-25.1527,-17.1985,0,0,0
-0.1765,0.0127,1.0139,14.0992,-25.6031,-13.8321,0,0,0
-0.1475,-0.0151,1.0369,15.7023,-24.5191,-7.5802,0,0,0
-0.1255,0.0156,1.051,13.7328,-18.9924,-0.229,0,0,0
-0.1208,0.0217,1.063,9.8626,-11.1069,5.2214,0,0,0
-0.1223,0.0427,1.0754,5.3511,-3.5496,9.5802,0,0,0
-0.1206,0.0466,1.0686,-0.0458,4.4427,14.2214,0,0,0
-0.1438,0.0464,1.0476,-4.9237,9.8397,18.2977,0,0,0
-0.1763,0.0571,1.0134,-7.3359,10.4733,20.458,0,0,0
-0.1853,0.0701,0.9973,-7.626,8.6794,22.5344,0,0,0
-0.1899,0.0645,0.9915,-6.1832,6.8779,25.1832,0,0,0
-0.1787,0.0588,1.002,-4.9008,6.3664,28.084,0,0,0
-0.1685,0.0742,1.0269,-5.5954,8.9924,30.8015,0,0,0
-0.1624,0.0815,1.0291,-7.5878,12.145,32.3893,0,0,0
-0.1694,0.092,1.0127,-11.0458,13.9542,34.1145,0,0,0
-0.1855,0.1084,0.9895,-15.4046,14.1298,36.0,0,0,0
-0.1812,0.0791,0.9761,-18.8473,12.8855,40.0153,0,0,0
-0.1638,0.0908,0.988,-21.2824,12.084,43.9542,0,0,0
-0.1604,0.0952,1.0002,-20.542,11.1679,43.0611,0,0,0
-0.147,0.1289,1.0259,-17.3282,13.3282,41.2061,0,0,0
-0.1553,0.1631,1.0273,-15.2061,16.313,35.5802,0,0,0
-0.1667,0.1838,1.0244,-14.2443,18.145,30.8626,0,0,0
-0.1748,0.166,1.0044,-13.1603,19.9237,28.1756,0,0,0
-0.1836,0.1567,0.9929,-11.374,20.8855,27.6031,0,0,0
-0.1895,0.1479,0.9727,-10.6565,20.1527,26.3511,0,0,0
-0.2048,0.1431,0.9458,-10.3817,17.9924,26.3282,0,0,0
-0.2014,0.1487,0.939,-13.3435,13.7405,27.0229,0,0,0
-0.1897,0.1589,0.9504,-14.4962,9.084,23.9618,0,0,0
-0.1953,0.1487,0.957,-11.5038,6.4427,16.1069,0,0,0
-0.2068,0.1455,0.9333,-7.4275,3.4885,10.6107,0,0,0
-0.2273,0.1331,0.9326,-4.5573,-0.6565,8.5649,0,0,0
-0.1968,0.1279,0.9548,-2.4198,-3.3053,10.2672,0,0,0
-0.1802,0.1191,0.9771,-1.6031,-1.542,12.0458,0,0,0
-0.1965,0.1389,0.9917,-2.8397,0.8168,12.1985,0,0,0
-0.2231,0.1396,0.9709,-4.9389,0.0992,11.4656,0,0,0
-0.2222,0.1279,0.9707,-7.4656,-2.9313,12.2061,0,0,0
-0.2031,0.1003,0.999,-9.3664,-3.0992,14.2519,0,0,0
-0.2095,0.0967,0.9939,-9.5496,-2.7557,16.2519,0,0,0
-0.2065,0.0945,0.998,-9.2061,-2.8931,16.7634,0,0,0
-0.2026,0.105,1.0139,-9.8702,-3.1221,15.6412,0,0,0
-0.2056,0.095,1.0154,-11.8702,-4.1374,15.4809,0,0,0
-0.1826,0.0854,1.0339,-14.542,-3.4198,16.2977,0,0,0
-0.1819,0.0681,1.0542,-14.8702,-1.5725,14.0229,0,0,0
-0.1848,0.0576,1.041,-10.626,-0.229,12.1298,0,0,0
-0.1848,0.0654,1.0405,-6.1679,0.5038,9.8015,0,0,0
-0.1885,0.0798,1.0447,-4.6947,1.6947,8.855,0,0,0
-0.1938,0.074,1.0361,-5.7481,2.5725,9.626,0,0,0
-0.1931,0.0698,1.0347,-8.8321,3.6718,11.4962,0,0,0
-0.199,0.0627,1.0254,-11.4733,3.9313,12.374,0,0,0
-0.1846,0.0295,1.0312,-10.6489,5.4046,13.542,0,0,0
-0.1882,0.0298,1.0291,-9.8397,6.3588,15.4962,0,0,0
-0.2063,0.05,1.011,-10.5649,6.0153,17.7252,0,0,0
-0.2214,0.0576,1.0112,-12.7405,3.8779,19.5191,0,0,0
-0.2068,0.0474,1.0178,-14.2672,2.7939,21.5725,0,0,0
-0.1765,0.0212,1.0505,-13.542,5.1069,25.8473,0,0,0
-0.1702,0.0259,1.0671,-13.0076,10.4656,29.313,0,0,0
-0.1953,0.0352,1.0422,-13.4046,13.8855,31.4504,0,0,0
-0.2068,0.0559,1.0134,-14.0687,13.7252,32.8015,0,0,0
-0.22,0.0564,0.9863,-14.3435,11.4656,32.916,0,0,0
-0.2229,0.0469,0.9934,-13.9313,8.1603,33.1985,0,0,0
-0.2083,0.0408,1.0083,-12.8702,6.5954,35.5954,0,0,0
-0.1814,0.0317,1.0291,-13.7023,7.4427,43.3817,0,0,0
-0.1848,0.0129,1.0232,-17.2061,10.1908,52.8244,0,0,0
-0.2107,0.0276,0.9863,-19.8321,9.1298,57.2061,0,0,0
-0.2251,0.0706,0.9788,-21.9542,4.7863,55.7481,0,0,0
-0.196,0.0847,0.9988,-23.2137,3.6718,50.2901,0,0,0
-0.1946,0.0693,1.0051,-20.0229,5.0229,44.4427,0,0,0
-0.1951,0.0618,1.0115,-13.3969,6.9008,39.6107,0,0,0
-0.2012,0.0642,1.0042,-7.6718,10.3206,37.3206,0,0,0
-0.2043,0.104,1.0164,-3.8626,12.313,34.7099,0,0,0
-0.2434,0.1362,0.9771,-3.3206,12.3893,30.916,0,0,0
-0.2314,0.1458,0.9863,-6.7023,9.3817,27.1069,0,0,0
-0.2275,0.1309,0.9817,-9.8779,9.0992,25.0305,0,0,0
-0.2434,0.1162,0.978,-9.8779,7.9389,22.084,0,0,0
-0.2231,0.0959,0.9812,-9.0611,7.2366,19.855,0,0,0
-0.229,0.0796,0.9814,-6.9924,6.8702,18.9008,0,0,0
-0.229,0.0781,0.9937,-5.3435,7.1298,17.313,0,0,0
-0.2297,0.0842,0.9844,-3.8092,5.6489,17.1145,0,0,0
-0.2417,0.0964,0.9832,-3.7786,4.4962,16.5267,0,0,0
-0.2366,0.1135,0.9802,-5.6718,3.2137,16.4962,0,0,0
-0.2385,0.1067,0.9714,-6.7099,1.0,15.1069,0,0,0
-0.2427,0.1072,0.9709,-6.6107,-1.2824,11.8168,0,0,0
-0.2283,0.0808,1.0066,-4.5725,-1.4962,9.0153,0,0,0
-0.2119,0.0703,1.0259,0.0687,1.1679,7.2672,0,0,0
-0.2261,0.0847,1.0293,3.8626,2.4809,6.3206,0,0,0
-0.238,0.1179,1.0117,3.4962,1.8015,5.7557,0,0,0
-0.2327,0.1094,1.009,0.3664,0.7863,5.6794,0,0,0
-0.2393,0.1091,1.0061,-2.5954,0.1221,6.0916,0,0,0
-0.229,0.0999,1.0095,-4.3511,0.084,5.9618,0,0,0
-0.2241,0.0886,1.0132,-5.0763,0.6107,5.6565,0,0,0
-0.2349,0.0864,1.0034,-3.8168,1.2366,4.7939,0,0,0
-0.2341,0.084,1.0115,-2.2214,0.4962,3.5267,0,0,0
-0.2275,0.0789,0.9985,0.5344,0.1298,2.6641,0,0,0
-0.2354,0.0894,0.9917,1.9084,-1.1069,1.4962,0,0,0
-0.2295,0.0891,1.002,1.2595,-2.0916,1.7099,0,0,0
-0.208,0.0764,1.02,0.145,-0.4122,3.1908,0,0,0
-0.2156,0.0874,1.0105,-2.9466,0.9847,4.7023,0,0,0
-0.2285,0.0869,0.989,-6.4656,0.6489,5.1603,0,0,0
-0.2307,0.0757,0.9817,-9.0153,-0.9771,4.8092,0,0,0
-0.2351,0.0686,0.9675,-9.2443,-2.8015,4.1679,0,0,0
-0.2322,0.0527,0.9585,-7.0153,-4.9008,3.4122,0,0,0
-0.2346,0.0396,0.9602,-3.0458,-7.5191,2.8702,0,0,0
-0.24,0.0386,0.9595,2.2214,-9.8855,1.4198,0,0,0
-0.2427,0.0532,0.9495,6.3053,-12.6565,-0.0076,0,0,0
-0.3784,0.0718,0.8992,7.6641,-23.1985,1.0076,0,0,0
-0.2524,0.0845,0.926,6.7786,-25.8626,-2.1527,0,0,0
-0.2781,0.0549,0.9043,8.7939,-36.0687,-3.8702,0,0,0
-0.2888,0.0381,0.8901,15.1985,-49.2901,-6.3664,0,0,0
-0.2534,0.0642,0.9072,22.5725,-62.5038,-7.6336,0,0,0
-0.2327,0.0557,0.9021,28.1985,-72.313,-9.3435,0,0,0
-0.1575,0.1062,0.9385,29.9313,-76.7863,-9.4122,0,0,0
-0.0864,0.1143,0.9885,25.5038,-72.9237,-9.4198,0,0,0
-0.115,0.0989,1.0029,19.8702,-67.7023,-7.6336,0,0,0
-0.1204,0.1028,1.0342,16.3206,-65.0763,-6.1908,0,0,0
-0.0813,0.1428,1.0298,14.2748,-61.5496,-4.9695,0,0,0
-0.0767,0.1167,1.0557,12.9771,-57.3511,-1.1603,0,0,0
-0.0715,0.123,1.0593,12.5344,-50.6412,1.7634,0,0,0
-0.0696,0.155,1.052,11.1145,-46.0,2.4198,0,0,0
-0.0791,0.1804,1.0232,8.0076,-43.7939,1.9084,0,0,0
-0.0903,0.1294,0.9944,5.7939,-43.7634,0.8015,0,0,0
-0.0505,0.1646,0.9937,3.9237,-43.3206,-0.8168,0,0,0
-0.0554,0.1294,0.999,1.7786,-44.0534,-2.3282,0,0,0
-0.0173,0.1226,1.0503,3.4962,-40.916,-0.229,0,0,0
-0.012,0.1394,1.0852,5.8779,-34.7405,2.6336,0,0,0
0.001,0.1807,1.0842,3.8473,-27.1832,3.5725,0,0,0
0.0071,0.2148,1.0964,0.145,-19.7786,0.6794,0,0,0
0.0139,0.1895,1.1147,-1.5573,-10.4809,-3.7786,0,0,0
0.0022,0.1614,1.1233,0.5038,-1.5038,-5.542,0,0,0
-0.0051,0.1873,1.0999,2.0076,6.4046,-6.2595,0,0,0
-0.0361,0.2178,1.0659,0.4733,8.7328,-8.2595,0,0,0
-0.0449,0.2261,1.0374,-2.9313,8.4504,-10.6565,0,0,0
-0.0435,0.1943,1.0322,-5.9008,6.4351,-12.4656,0,0,0
-0.0369,0.1545,1.0366,-4.084,4.5496,-14.6107,0,0,0
-0.0264,0.1384,1.05,1.5267,5.1374,-16.2977,0,0,0
-0.0122,0.1499,1.0598,7.1832,7.5649,-20.1679,0,0,0
-0.0149,0.1929,1.0752,11.3817,10.4122,-26.6336,0,0,0
-0.0166,0.2244,1.0935,15.9542,13.9237,-38.4809,0,0,0
-0.0347,0.2356,1.0723,18.0305,18.8321,-45.6641,0,0,0
-0.0334,0.2078,1.0469,19.0458,21.6718,-51.0076,0,0,0
-0.0535,0.198,1.0483,21.1756,23.4733,-52.7023,0,0,0
-0.053,0.2031,1.0396,20.7634,24.8779,-53.0458,0,0,0
-0.0603,0.1956,1.0354,21.7863,26.3511,-58.2977,0,0,0
-0.0793,0.1992,1.0225,20.313,27.7176,-60.0611,0,0,0
-0.0879,0.1531,1.0051,18.8397,25.7863,-56.5649,0,0,0
-0.1106,0.134,1.0007,15.2901,24.5878,-49.2443,0,0,0
-0.0835,0.165,1.0208,13.5649,23.0229,-45.6641,0,0,0
-0.083,0.1536,1.0415,13.4351,26.6947,-45.9466,0,0,0
-0.106,0.1472,1.0183,11.3359,27.7481,-43.9771,0,0,0
-0.1338,0.1299,1.0032,8.8321,26.8473,-39.8779,0,0,0
-0.1162,0.125,1.0056,5.9542,26.4275,-33.5267,0,0,0
-0.1213,0.1267,1.0203,4.4809,27.7481,-29.0458,0,0,0
-0.1348,0.1321,1.0244,4.8779,27.1679,-27.5802,0,0,0
-0.168,0.1423,1.0051,4.8092,25.9618,-25.1985,0,0,0
-0.1753,0.1323,0.9807,4.5573,22.9084,-22.2214,0,0,0
-0.1826,0.1445,0.9648,2.7481,18.229,-19.9008,0,0,0
-0.1858,0.136,0.9622,3.3359,13.4809,-19.1985,0,0,0
-0.1614,0.1091,0.999,4.2519,11.9466,-16.0763,0,0,0
-0.1296,0.1245,1.0513,3.4809,17.0153,-11.1527,0,0,0
-0.1401,0.1492,1.0459,-0.1985,22.9847,-7.2672,0,0,0
-0.1665,0.1562,1.0276,-5.4122,25.3435,-6.374,0,0,0
-0.178,0.1479,1.0022,-9.7863,25.0076,-5.5649,0,0,0
-0.1973,0.1267,0.9878,-11.9008,22.9389,-3.4351,0,0,0
-0.1958,0.0952,0.98,-10.3817,21.5191,1.5802,0,0,0
-0.1929,0.1072,0.9785,-9.7023,20.7786,7.3664,0,0,0
-0.1816,0.1228,0.9932,-11.8473,22.1756,11.1756,0,0,0
-0.1755,0.1511,1.0051,-16.6794,23.9389,14.4122,0,0,0
-0.1931,0.123,1.0027,-22.6107,26.5191,17.8092,0,0,0
-0.2024,0.1184,1.0046,-28.6107,28.4351,24.9008,0,0,0
-0.2126,0.0889,0.9761,-33.1832,28.8168,32.4122,0,0,0
-0.2222,0.0903,0.9756,-35.5115,27.1145,39.9237,0,0,0
-0.2083,0.0974,0.9856,-38.7863,25.687,47.4733,0,0,0
-0.1934,0.0916,0.9988,-44.916,27.313,54.8397,0,0,0
-0.2109,0.1174,0.9863,-52.2137,29.1221,59.7939,0,0,0
-0.2966,0.0715,0.9526,-56.4351,25.2748,61.6031,0,0,0
-0.25,0.0925,0.9497,-53.5954,22.0687,58.7328,0,0,0
-0.2559,0.0847,0.9504,-45.2901,18.0763,53.0916,0,0,0
-0.2253,0.0715,0.9736,-35.5191,14.9695,48.2748,0,0,0
-0.2378,0.1028,1.0039,-27.3817,16.9008,46.8855,0,0,0
-0.2429,0.1255,1.0015,-25.5878,18.3893,48.0916,0,0,0
-0.2483,0.1577,1.0039,-28.5802,20.0992,47.0305,0,0,0
-0.3025,0.1428,0.9768,-31.6718,20.3893,40.7634,0,0,0
-0.2231,0.1628,0.9895,-30.8702,19.8321,31.8015,0,0,0
-0.3069,0.1265,0.9604,-26.2214,18.687,23.4733,0,0,0
-0.2676,0.1282,0.9592,-18.916,13.7863,17.8626,0,0,0
-0.2708,0.1096,0.9714,-15.6107,12.1298,15.1985,0,0,0
-0.2769,0.094,0.978,-12.8855,9.687,16.7328,0,0,0
-0.2739,0.1003,0.9878,-12.5649,7.4427,19.2977,0,0,0
-0.2673,0.1123,0.9863,-14.4733,7.1985,19.9389,0,0,0
-0.2722,0.1135,0.9819,-15.9542,6.8321,17.7634,0,0,0
-0.2761,0.1174,0.9741,-17.1756,5.5878,14.4962,0,0,0
-0.2742,0.1187,0.9675,-16.0992,4.3969,10.6489,0,0,0
-0.2839,0.1013,0.9531,-11.8397,2.2672,6.8397,0,0,0
-0.2917,0.0862,0.9531,-4.7099,-1.9771,3.1985,0,0,0
-0.2859,0.0818,0.9644,1.7939,-4.8244,0.5344,0,0,0
-0.2659,0.0891,0.9902,5.3664,-5.0763,-0.2214,0,0,0
-0.2668,0.1113,0.9993,5.8473,-3.6718,-0.3817,0,0,0
-0.2649,0.1196,1.0024,3.5344,-2.5344,-0.0458,0,0,0
-0.262,0.1121,1.0007,1.0382,-2.3282,0.2824,0,0,0
-0.2588,0.1008,0.999,-0.6947,-1.7405,0.8168,0,0,0
-0.2524,0.0781,1.0088,-1.0916,-0.9466,2.0229,0,0,0
-0.248,0.0735,1.0042,-1.1603,0.8779,1.5115,0,0,0
-0.2549,0.0637,1.0012,-1.8855,2.1756,1.9847,0,0,0
-0.2666,0.0525,1.0063,-3.0992,2.5267,3.4427,0,0,0
-0.2627,0.0623,0.9976,-6.1679,2.687,6.0534,0,0,0
-0.2578,0.0842,1.0083,-12.3435,3.1221,10.4809,0,0,0
-0.2568,0.0823,1.0134,-20.2061,4.5267,13.1679,0,0,0
-0.2725,0.051,1.0034,-24.2366,3.9542,14.1679,0,0,0
-0.2646,0.0315,1.002,-24.1221,4.2214,14.145,0,0,0
-0.2646,0.0117,1.0005,-21.1221,5.0992,15.2137,0,0,0
-0.2683,0.0032,1.0095,-17.7252,5.4046,17.4656,0,0,0
-0.2712,0.0298,0.999,-17.9618,5.3588,21.5496,0,0,0
-0.269,0.0232,0.999,-16.8397,5.3893,23.1527,0,0,0
-0.2749,0.0476,0.9915,-14.9924,4.7176,20.1679,0,0,0
-0.2822,0.0544,0.9895,-12.7481,3.3359,16.3053,0,0,0
-0.2993,0.0525,0.9949,-5.2672,0.1069,9.1527,0,0,0
-0.2693,0.0496,1.0227,9.6947,-0.7557,-4.1832,0,0,0
-0.2681,0.0876,1.0146,20.6412,2.5802,-11.7863,0,0,0
-0.3035,0.1069,0.9727,24.9466,1.6489,-15.3969,0,0,0
-0.333,0.1055,0.9463,25.9771,-4.5954,-18.7176,0,0,0
-0.3169,0.1003,0.947,26.5496,-10.9237,-21.4504,0,0,0
-0.2898,0.0862,0.9365,30.2061,-14.7328,-24.9924,0,0,0
-0.4236,0.0781,0.9077,32.7939,-15.4198,-29.7176,0,0,0
-0.2146,0.1147,0.9133,39.1756,-28.7634,-32.7786,0,0,0
-0.282,0.1055,0.9294,49.8092,-34.5954,-43.1527,0,0,0
-0.2373,0.1152,0.937,61.7939,-33.2977,-53.7481,0,0,0
-0.2449,0.177,0.9368,67.9466,-32.7634,-59.3359,0,0,0
-0.2673,0.1753,0.9622,68.7099,-35.9771,-59.7939,0,0,0
-0.2249,0.1985,0.9875,65.8855,-35.8473,-62.0916,0,0,0
-0.1943,0.2124,1.0483,61.2977,-31.7939,-62.4962,0,0,0
-0.1655,0.1985,1.0688,59.2366,-22.4275,-66.1298,0,0,0
-0.1978,0.1614,1.0276,59.3359,-16.5649,-65.2519,0,0,0
-0.2471,0.1353,0.9802,57.4504,-17.374,-59.5725,0,0,0
-0.2324,0.1814,0.947,54.8397,-24.1145,-53.6412,0,0,0
-0.1836,0.1934,0.9844,47.855,-24.5573,-50.2214,0,0,0
-0.1589,0.2102,1.0234,39.0458,-20.229,-48.2061,0,0,0
-0.1533,0.2085,1.04,29.1527,-12.5573,-41.771,0,0,0
-0.1689,0.1992,1.0298,17.3206,-6.687,-33.7863,0,0,0
-0.1848,0.1826,1.0222,9.4198,-2.8855,-30.1527,0,0,0
-0.2019,0.1655,1.0034,8.9084,-0.5954,-28.7863,0,0,0
-0.1951,0.1218,1.0002,9.3511,0.3282,-23.1908,0,0,0
-0.1746,0.1448,1.0105,8.2672,5.0687,-11.5802,0,0,0
-0.1877,0.1885,0.9963,2.3664,8.5191,-3.2595,0,0,0
-0.2083,0.2102,0.9697,-5.1145,9.6412,-0.916,0,0,0
-0.2251,0.1697,0.9636,-10.6565,7.855,-0.084,0,0,0
-0.2368,0.1355,0.957,-13.084,4.2595,4.0305,0,0,0
-0.2273,0.1099,0.9578,-13.4198,1.1756,11.4351,0,0,0
-0.23,0.1418,0.957,-14.1832,-1.4656,17.0229,0,0,0
-0.2336,0.1726,0.9636,-15.5115,-4.3664,17.8244,0,0,0
-0.2366,0.1907,0.9558,-18.2366,-6.6412,17.4733,0,0,0
-0.239,0.1765,0.9678,-21.855,-9.0229,18.0916,0,0,0
-0.217,0.1245,0.999,-23.3817,-8.8321,22.687,0,0,0
-0.1926,0.124,1.0266,-24.6031,-5.3206,31.084,0,0,0
-0.1978,0.1145,1.0249,-27.9924,-1.2366,41.6031,0,0,0
-0.2244,0.1345,0.9802,-34.542,-0.7328,51.2443,0,0,0
-0.2395,0.127,0.9653,-43.6031,-5.7786,59.2824,0,0,0
-0.2336,0.137,0.9634,-54.145,-11.6183,70.0687,0,0,0
-0.1768,0.0659,1.0022,-63.6565,-15.5115,85.916,0,0,0
-0.1526,0.0095,1.0127,-66.8702,-13.1985,97.626,0,0,0
-0.1235,0.0479,1.0481,-66.5496,-8.8473,100.374,0,0,0
-0.1208,0.1106,1.0923,-66.6794,-0.1145,95.4657,0,0,0
-0.094,0.1155,1.1377,-67.1985,10.8321,90.4504,0,0,0
-0.1309,0.1572,1.126,-65.9389,22.8397,85.4657,0,0,0
-0.1526,0.1672,1.0898,-60.7405,29.1603,73.5802,0,0,0
-0.1597,0.1687,1.0852,-50.5878,34.4046,58.6336,0,0,0
-0.1702,0.1565,1.0764,-37.916,40.6412,43.3435,0,0,0
-0.208,0.1558,1.0398,-23.7863,44.6565,29.8779,0,0,0
-0.2588,0.1362,0.989,-11.916,42.4885,21.2443,0,0,0
-0.2705,0.1003,0.9714,-7.9847,36.4733,21.2672,0,0,0
-0.2739,0.1228,0.9565,-9.8168,30.9771,25.1069,0,0,0
-0.2742,0.1089,0.9536,-13.771,25.8779,25.9542,0,0,0
-0.2449,0.1133,0.9509,-17.1069,23.2519,26.6565,0,0,0
-0.2712,0.1221,0.9568,-17.2366,19.7252,25.3359,0,0,0
-0.2678,0.1099,0.9561,-15.8397,16.6565,24.1527,0,0,0
-0.2859,0.1067,0.9373,-14.8931,14.9008,23.3206,0,0,0
-0.282,0.1338,0.9336,-13.8702,9.7099,20.1527,0,0,0
-0.3071,0.1245,0.947,-11.8244,7.8015,16.0611,0,0,0
-0.2866,0.1138,0.97,-8.4504,3.5115,13.7252,0,0,0
-0.2502,0.095,0.9961,-4.687,3.8244,10.7557,0,0,0
-0.25,0.1033,1.0066,-0.2061,6.145,9.6031,0,0,0
-0.2603,0.114,0.9846,2.4427,8.2595,7.5038,0,0,0
-0.2603,0.1084,1.0005,1.7405,9.3893,4.9313,0,0,0
-0.1594,0.1245,1.019,1.0916,13.1603,3.2977,0,0,0
-0.283,0.0867,1.0034,2.5954,15.1221,1.8397,0,0,0
-0.2517,0.0847,0.999,4.3206,16.7939,1.0076,0,0,0
-0.2783,0.0891,0.9866,5.8779,15.6794,0.374,0,0,0
-0.2864,0.1033,0.9592,5.9389,14.0458,-0.6718,0,0,0
-0.2949,0.0708,0.9529,7.5115,10.6336,-0.7786,0,0,0
-0.1367,0.0256,1.0288,7.3664,11.9389,1.5649,0,0,0
-0.4465,0.0281,0.9609,3.0458,11.7328,2.9389,0,0,0
-0.2969,0.0681,0.9475,4.1985,5.7863,5.2748,0,0,0
-0.2888,0.063,0.9773,5.2672,4.7252,6.3053,0,0,0
-0.3025,0.0491,0.9539,9.5649,3.1069,7.8168,0,0,0
-0.3079,0.0776,0.9714,11.8855,1.3588,8.2519,0,0,0
-0.2957,0.0566,0.96,15.626,0.9695,10.3359,0,0,0
-0.2754,0.0981,0.9734,19.8168,1.5115,10.9924,0,0,0
-0.2686,0.1274,0.9285,17.4733,1.687,10.8092,0,0,0
-0.238,0.1328,1.0566,20.6336,7.6183,2.4122,0,0,0
-0.3267,0.2178,0.9524,9.458,7.5344,0.2672,0,0,0
-0.3196,0.1377,0.9595,5.7863,2.855,2.9466,0,0,0
-0.2832,0.1272,0.9871,4.8702,1.8931,3.3893,1,0,0
-0.2817,0.1453,0.9861,3.6641,4.313,3.6107,1,0,0
-0.2898,0.1406,0.978,1.4885,5.1908,2.9695,1,0,0
-0.2893,0.1704,0.9744,-0.7481,4.9771,2.5878,1,0,0
-0.3005,0.1855,0.9683,-6.229,4.8168,-0.1374,1,0,0
-0.2966,0.1777,0.9717,-12.0763,4.2366,-2.374,1,0,0
-0.2954,0.1506,0.9795,-16.4809,4.6641,-3.7099,1,0,0
-0.2883,0.1108,0.9863,-15.9237,5.1832,-3.1527,1,0,0
-0.2817,0.115,1.0024,-12.6031,8.2443,-4.9695,1,0,0
-0.3093,0.0781,0.9419,-4.2137,7.1679,-6.916,1,0,0
-0.3018,0.1616,0.958,-0.9389,6.229,-10.6336,1,0,0
0.0342,0.2,1.0149,0.7405,11.0992,-15.2672,1,0,0
-0.4614,0.1406,0.9177,0.5802,-1.6718,-12.1374,1,0,0
-0.2825,0.1299,0.9514,-2.3435,-4.3282,-9.8473,1,0,0
-0.2849,0.0906,0.9531,0.5878,-4.1603,-7.3817,1,0,0
-0.3147,0.1252,0.959,2.9618,-5.8244,-5.3435,1,0,0
-0.302,0.1348,0.969,3.6107,-6.9466,-5.4656,1,0,0
-0.2881,0.1543,0.9712,3.9008,-7.5573,-6.0916,0,0,0
-0.2803,0.1572,0.9739,3.0229,-6.4351,-6.5115,0,0,0
-0.2793,0.1523,0.9783,3.3588,-6.1069,-8.0,0,0,0
-0.2803,0.1724,0.9749,1.6565,-3.8779,-10.5802,0,0,0
-0.3025,0.1609,0.9617,1.0,-3.4351,-12.6489,0,0,0
-0.2783,0.1799,0.9653,-0.3435,-9.4046,-13.9924,0,0,0
-0.2971,0.1428,0.9653,-0.1527,-8.7328,-15.8702,0,0,0
-0.2781,0.1362,0.9792,3.3359,-8.8092,-17.9008,0,0,0
-0.2813,0.1523,0.9739,6.3893,-7.8397,-20.7634,0,0,0
-0.2805,0.1602,0.9702,8.2137,-7.7023,-23.1832,0,0,0
-0.2996,0.1621,0.9578,9.313,-9.2366,-25.1374,0,0,0
-0.2878,0.1616,0.9653,9.7328,-11.1527,-27.5725,0,0,0
-0.282,0.1389,0.9792,10.855,-10.7328,-30.1145,0,0,0
-0.2576,0.095,0.9871,15.7557,-8.7328,-33.1832,0,0,0
-0.2715,0.0969,0.9895,19.7099,-5.0229,-33.0229,0,0,0
-0.2754,0.0957,0.9927,20.9313,-4.0458,-30.9542,0,0,0
-0.2734,0.1162,0.9966,17.3206,-2.4046,-26.6031,0,0,0
-0.2754,0.093,0.9922,10.7328,-1.2748,-18.9771,0,0,0
-0.2698,0.0781,1.001,5.8855,-0.9313,-12.1527,0,0,0
-0.2715,0.1086,0.9973,-0.6794,0.2824,-8.542,0,0,0
-0.283,0.0486,0.991,-4.7786,0.2443,-5.6183,0,0,0
-0.2947,0.0327,0.9692,-4.4198,-1.4275,-0.2366,0,0,0
-0.2935,0.043,0.9719,-2.7634,-3.229,3.542,0,0,0
-0.2837,0.0811,0.9832,-3.626,-3.1832,6.9847,0,0,0
-0.2949,0.0955,0.9946,-6.1527,-2.5267,9.7634,0,0,0
-0.2949,0.1025,0.999,-9.2519,-2.8092,10.3893,0,0,0
-0.2842,0.1067,1.0059,-13.1985,-0.7634,11.0687,0,0,0
-0.2778,0.0999,1.0066,-15.0458,0.7252,11.0,0,0,0
-0.2734,0.095,1.0312,-16.8779,4.5344,11.9924,0,0,0
-0.2666,0.0845,1.0498,-18.2214,9.1603,13.771,0,0,0
-0.2737,0.0688,1.0471,-18.2214,15.0763,15.2901,0,0,0
-0.3071,0.0854,1.0166,-17.8168,18.1756,16.6183,0,0,0
-0.3186,0.0803,0.9897,-18.8931,16.7099,16.3817,0,0,0
-0.3196,0.0608,0.9844,-17.3969,15.6565,17.8397,0,0,0
-0.3093,0.0664,0.9971,-13.9847,16.6107,17.145,0,0,0
-0.3169,0.0845,0.9836,-11.7939,16.4504,17.2748,0,0,0
-0.3257,0.1062,0.9646,-11.4885,15.2748,17.6107,0,0,0
-0.3308,0.1069,0.9543,-13.2366,13.0611,16.4046,0,0,0
-0.3445,0.0989,0.9438,-14.2672,10.4885,15.5573,0,0,0
-0.3262,0.1111,0.9539,-15.2366,8.6794,15.7634,0,0,0
-0.3384,0.1313,0.9463,-18.2824,8.145,16.4504,0,0,0
-0.3364,0.1138,0.946,-20.6641,3.6641,17.5267,0,0,0
-0.3225,0.1111,0.9463,-21.0,1.5573,18.3588,0,0,0
-0.3242,0.1035,0.9534,-19.9771,1.2519,14.9771,0,0,0
-0.2476,0.1355,0.9744,-16.855,2.374,14.0763,0,0,0
-0.3125,0.0698,0.9414,-14.5649,-0.1832,15.8015,0,0,0
-0.3208,0.0781,0.9519,-13.8321,-1.9084,18.0687,0,0,0
-0.3242,0.0886,0.9517,-12.0534,-4.084,19.0916,0,0,0
-0.3247,0.0962,0.9448,-10.7863,-6.5344,20.229,0,0,0
-0.3123,0.1106,0.9373,-9.9389,-9.0687,18.8244,0,0,0
-0.3125,0.1077,0.9409,-7.9695,-10.084,15.6794,0,0,0
-0.3247,0.062,0.9412,-3.084,-12.0534,14.5954,0,0,0
-0.2371,0.1304,0.968,2.3664,-18.7252,18.1298,0,0,0
-0.2764,0.116,0.9832,5.7176,-14.5878,14.3435,0,0,0
-0.26,0.1604,0.9893,8.2672,-10.4351,10.7481,0,0,0
-0.2368,0.0984,0.9827,13.5649,-3.6412,2.9313,0,0,0
-0.2517,0.2375,0.9946,3.3511,0.2672,-0.5649,0,0,0
-0.2786,0.1396,0.9917,-0.6947,1.9389,-0.7328,1,0,0
-0.2703,0.1409,0.9807,-2.3969,2.7023,-1.8855,1,0,0
-0.2813,0.1252,0.9783,-3.5802,3.9924,-3.1832,1,0,0
-0.2815,0.1323,0.9897,-3.8321,3.5573,-4.2901,1,0,0
-0.272,0.1641,0.9839,-7.9618,5.145,-5.6565,1,0,0
-0.2949,0.1541,0.9839,-15.5573,8.084,-5.855,1,0,0
-0.3037,0.1213,0.9822,-21.4351,6.313,-4.5573,1,0,0
-0.2607,0.0879,0.9998,-21.2595,8.5954,-6.8473,1,0,0
-0.3008,-0.001,0.9512,-13.0534,13.8168,-10.9237,1,0,0
-0.3411,0.0259,0.9534,-4.2443,7.0382,-4.6107,1,0,0
-0.3345,0.126,0.9534,-5.5191,1.9695,-7.1298,1,0,0
-0.3164,0.0786,0.9463,-5.8626,-0.9466,-10.0763,1,0,0
-0.3298,0.0552,0.9758,-3.5802,-4.0534,-6.8779,1,0,0
-0.3159,0.0483,0.9941,-1.1603,-4.5038,-3.2977,1,0,0
-0.3057,0.0608,1.002,0.2977,-3.4275,-1.4504,0,0,0
-0.3074,0.0762,0.9832,0.229,-2.1298,-0.6565,0,0,0
-0.3191,0.0813,0.9763,-0.4427,-2.1145,-1.1985,0,0,0
-0.3201,0.0798,0.9695,0.2519,-3.1527,-2.4504,0,0,0
-0.3135,0.0764,0.9624,3.3053,-4.374,-3.7786,0,0,0
-0.3042,0.0977,0.9751,4.2977,-3.9771,-4.8779,0,0,0
-0.3188,0.1035,0.9663,3.687,-4.4427,-5.771,0,0,0
-0.3035,0.1143,0.9792,2.4275,-5.1527,-6.8855,0,0,0
-0.303,0.0762,0.9778,3.0305,-5.1756,-8.0687,0,0,0
-0.3042,0.0876,0.9873,5.542,-5.2824,-7.9542,0,0,0
-0.2966,0.0996,0.9875,5.5191,-4.8473,-8.0229,0,0,0
-0.2993,0.0994,0.9812,5.5802,-4.2595,-8.6641,0,0,0
-0.2966,0.0991,0.9844,6.2977,-3.5115,-11.0534,0,0,0
-0.3,0.1016,0.9807,7.8779,-2.7557,-13.6565,0,0,0
-0.29,0.0842,0.9958,10.145,-1.5267,-15.0992,0,0,0
-0.291,0.0811,1.0024,13.7176,-0.4809,-14.0992,0,0,0
-0.2852,0.0999,1.0095,17.0763,0.8626,-16.0763,0,0,0
-0.2769,0.1123,1.0117,20.6794,3.9542,-19.2137,0,0,0
-0.2837,0.1331,0.9983,20.9466,6.3817,-20.6183,0,0,0
-0.2939,0.134,0.9956,18.2366,7.9313,-21.4046,0,0,0
-0.3115,0.1287,0.9766,16.0992,6.7557,-22.5038,0,0,0
-0.3223,0.1306,0.9722,15.771,4.5649,-24.1679,0,0,0
-0.3066,0.1187,0.9822,17.9466,3.6947,-27.9237,0,0,0
-0.3059,0.1201,0.9836,19.8702,4.7481,-29.313,0,0,0
-0.3083,0.1096,0.9841,20.229,4.8244,-27.5573,0,0,0
-0.3059,0.1304,0.9971,24.2214,3.1527,-31.3588,0,0,0
-0.2852,0.1321,1.0085,29.5649,7.1069,-37.0,0,0,0
-0.2854,0.1321,1.019,34.4885,10.6412,-41.2824,0,0,0
-0.2932,0.145,1.0198,38.8931,13.5802,-42.5573,0,0,0
-0.3025,0.1499,0.9954,40.9313,16.5344,-45.9924,0,0,0
-0.3274,0.1509,0.9722,42.6641,17.0229,-48.9084,0,0,0
-0.3342,0.125,0.9534,39.8626,15.5878,-48.0534,0,0,0
-0.3413,0.1536,0.9551,36.5267,13.2901,-45.5573,0,0,0
-0.3445,0.1538,0.9316,33.3893,11.0,-42.9771,0,0,0
-0.3521,0.1604,0.9241,30.9924,7.8779,-42.9542,0,0,0
-0.3767,0.1333,0.9126,32.4198,3.6107,-46.0458,0,0,0
-0.3369,0.1831,0.915,33.5573,2.2901,-46.8779,0,0,0
-0.3564,0.1387,0.8987,33.9008,-0.6794,-43.8473,0,0,0
-0.3672,0.1633,0.8831,32.145,-4.0382,-39.3359,0,0,0
-0.3687,0.209,0.8984,28.374,-8.8626,-41.0076,0,0,0
-0.3291,0.2009,0.958,23.2824,-9.5115,-42.7023,0,0,0
-0.3369,0.188,0.9465,16.9084,-9.4504,-38.1527,0,0,0
-0.3232,0.1392,0.9653,9.2901,-7.0382,-29.5954,0,0,0
-0.3267,0.1165,0.9551,6.8473,-5.687,-19.7328,0,0,0
-0.3218,0.1108,0.9456,5.8321,-4.2519,-15.4427,0,0,0
-0.3423,0.1453,0.9387,4.5496,-4.3664,-13.4962,0,0,0
-0.3279,0.1494,0.925,0.626,-5.7939,-12.4656,0,0,0
-0.3408,0.155,0.9131,-1.6336,-8.2214,-11.8473,0,0,0
-0.3459,0.1541,0.9255,-2.2595,-11.2137,-10.4733,0,0,0
-0.3303,0.1443,0.929,-2.771,-12.8321,-10.4198,0,0,0
-0.3179,0.1328,0.9424,-3.313,-12.229,-7.8092,0,0,0
-0.3193,0.136,0.9385,-4.9695,-10.8626,-3.8244,0,0,0
-0.1477,0.1313,0.9883,-11.2595,-14.2214,0.5267,0,0,0
-0.334,0.137,0.9331,-13.0,-12.9695,0.0229,0,0,0
-0.2874,0.1238,0.9492,-10.4885,-10.8779,1.1908,0,0,0
-0.3181,0.1304,0.9338,-7.3435,-9.9847,2.4427,0,0,0
-0.3052,0.168,0.9214,-4.8092,-10.2824,1.8626,0,0,0
-0.3618,0.1917,0.8945,-6.6947,-11.8244,-0.1832,0,0,0
-0.313,0.2012,0.8831,-11.0611,-17.0076,-0.8702,0,0,0
-0.3481,0.1917,0.8706,-16.2977,-22.0305,-1.0763,0,0,0
-0.343,0.187,0.8638,-21.3511,-25.5649,-1.1374,0,0,0
-0.3445,0.1763,0.8601,-24.9466,-32.542,0.5573,0,0,0
-0.312,0.1689,0.8721,-27.626,-36.2214,1.8244,0,0,0
-0.2925,0.1565,0.8867,-29.7481,-39.8473,2.2824,0,0,0
-0.2747,0.1477,0.9031,-30.2901,-42.2595,2.1298,0,0,0
-0.2554,0.1238,0.9302,-29.458,-42.8855,1.0076,0,0,0
-0.248,0.0916,0.9568,-25.9237,-42.1985,1.5115,0,0,0
-0.2253,0.0964,0.96,-22.458,-37.8397,1.6489,0,0,0
-0.2358,0.0906,0.9661,-19.6336,-35.542,1.2443,0,0,0
-0.2209,0.1094,0.9731,-18.7863,-33.2824,0.3817,0,0,0
-0.217,0.1394,0.9927,-19.1527,-30.2977,-3.229,0,0,0
-0.2061,0.0908,1.0278,-17.4275,-25.8397,-5.2901,0,0,0
-0.2014,0.072,1.0417,-14.0534,-19.6718,-5.3511,0,0,0
-0.2158,0.0786,1.0222,-10.7405,-14.7099,-5.9313,0,0,0
-0.2439,0.0894,0.9993,-10.1145,-12.8626,-7.1145,0,0,0
-0.2576,0.0789,0.9893,-10.1908,-14.2672,-7.626,0,0,0
-0.2551,0.0754,0.9961,-11.1527,-15.5725,-7.4809,0,0,0
-0.2637,0.0798,0.9927,-13.2214,-17.5038,-7.1679,0,0,0
-0.2529,0.0608,1.0071,-14.1756,-19.5878,-7.0076,0,0,0
-0.2366,0.0193,1.0427,-12.3969,-19.5878,-5.084,0,0,0
-0.2231,0.0208,1.0625,-7.2366,-17.4809,-3.4656,0,0,0
-0.2241,0.05,1.0779,-2.9695,-13.6718,-3.0153,0,0,0
-0.2283,0.0776,1.0627,-2.8168,-11.2443,-2.9771,0,0,0
-0.2288,0.0791,1.0696,-5.855,-9.4351,-2.6412,0,0,0
-0.219,0.051,1.071,-8.1221,-6.4198,-2.4733,0,0,0
-0.2231,0.0459,1.0669,-8.5649,-4.2824,-1.8397,0,0,0
-0.2319,0.0396,1.0515,-8.1145,-3.8931,-1.0763,0,0,0
-0.2307,0.05,1.04,-7.4275,-4.7481,-0.6336,0,0,0
-0.2344,0.0417,1.0303,-6.855,-5.3664,0.0763,0,0,0
-0.2212,0.0334,1.0366,-6.2214,-6.2824,0.6718,0,0,0
-0.2139,0.0364,1.0454,-3.9924,-5.0153,0.6794,0,0,0
-0.2141,0.0559,1.043,-2.626,-3.0,0.4198,0,0,0
-0.2234,0.0667,1.0278,-3.0229,-2.2672,1.4427,0,0,0
-0.2187,0.0674,1.0195,-4.2214,-2.5802,1.7252,0,0,0
-0.2163,0.0674,1.0269,-4.6489,-2.6489,1.4962,0,0,0
-0.2134,0.0637,1.0286,-3.9847,-2.2748,2.0458,0,0,0
-0.2075,0.0645,1.0256,-2.7939,-2.1145,2.7863,0,0,0
-0.2031,0.0967,1.0254,-3.0611,-2.084,2.3817,0,0,0
-0.2024,0.1057,1.0164,-4.3359,-2.6947,0.9542,0,0,0
-0.2043,0.093,1.0127,-5.7099,-2.2748,0.3969,0,0,0
-0.2078,0.0818,1.0159,-5.3588,-1.8244,0.8168,0,0,0
-0.2114,0.0906,1.0046,-4.7252,-1.5649,0.9847,0,0,0
-0.2095,0.0825,1.0022,-3.542,-2.3282,0.2748,0,0,0
-0.2036,0.0933,1.0037,-2.5191,-2.2901,-0.6031,0,0,0
-0.2073,0.0962,0.9934,-2.2137,-3.1298,-0.5649,0,0,0
-0.1997,0.0999,0.9939,-2.8931,-4.2672,-0.9924,0,0,0
-0.1853,0.0879,1.0071,-3.5954,-3.9542,-1.3817,0,0,0
-0.1855,0.0742,1.0129,-1.7863,-3.6031,-2.2214,0,0,0
-0.1877,0.0774,1.0063,0.3664,-2.1527,-2.1069,0,0,0
-0.1858,0.0959,1.0068,1.542,-2.2672,-1.4198,0,0,0
-0.1819,0.1123,1.009,0.8855,-2.1069,-1.7634,0,0,0
-0.1772,0.1191,1.0125,0.2366,-1.313,-3.1298,0,0,0
-0.175,0.0959,1.0173,-0.0382,0.3893,-4.9924,0,0,0
-0.1738,0.0845,1.0225,1.7023,1.5878,-5.9008,0,0,0
-0.1614,0.0681,1.0237,7.6336,3.0916,-8.4351,0,0,0
-0.1626,0.0837,1.0254,14.0458,5.4275,-10.8779,0,0,0
-0.179,0.1194,1.0024,16.0229,6.7939,-11.1145,0,0,0
-0.1797,0.1338,0.9919,12.9313,5.5115,-9.9695,0,0,0
-0.1797,0.1404,0.9819,7.4656,4.7176,-9.8092,0,0,0
-0.1726,0.1089,0.9954,4.4122,3.5038,-10.4198,0,0,0
-0.1497,0.0913,1.0217,8.0382,3.6718,-15.771,0,0,0
-0.1433,0.0618,1.0349,14.7481,6.2977,-18.5114,0,0,0
-0.1533,0.0691,1.0244,21.3664,8.084,-17.9924,0,0,0
-0.1687,0.1116,0.998,22.2672,7.9618,-15.8855,0,0,0
-0.1562,0.1765,0.9897,18.6489,4.9466,-13.8855,0,0,0
-0.1831,0.1736,0.988,12.0076,2.6947,-14.5878,0,0,0
-0.1562,0.1409,1.0012,7.9237,0.9084,-15.8397,0,0,0
-0.1597,0.113,0.9971,8.2061,1.0687,-16.458,0,0,0
-0.1545,0.0942,0.998,9.2824,0.6412,-15.5573,0,0,0
-0.1526,0.1079,0.9939,11.3053,0.3359,-15.1832,0,0,0
-0.1582,0.144,0.9805,10.1832,0.4122,-16.229,0,0,0
-0.1672,0.1716,0.9592,6.4962,-1.6489,-17.0229,0,0,0
-0.1501,0.1543,0.9604,2.0534,-3.5573,-18.3664,0,0,0
-0.1353,0.1162,0.9641,2.9847,-3.771,-19.0916,0,0,0
-0.134,0.1311,0.9624,5.9618,-3.2672,-19.4504,0,0,0
-0.1313,0.1738,0.9497,5.4122,-4.7252,-21.1756,0,0,0
-0.1267,0.2029,0.9272,0.5344,-6.8702,-23.0763,0,0,0
-0.1138,0.1968,0.9424,-4.8626,-8.7786,-25.0611,0,0,0
-0.0969,0.156,0.9526,-5.6565,-8.9618,-27.3359,0,0,0
-0.0828,0.1443,0.9634,-2.8626,-8.1603,-28.4351,0,0,0
-0.0637,0.1602,0.9653,-0.3282,-7.5649,-29.7863,0,0,0
-0.0496,0.2017,0.9805,-1.374,-6.0458,-33.4275,0,0,0
-0.0515,0.2078,0.9729,-5.542,-6.3664,-37.6718,0,0,0
-0.0405,0.2034,0.9736,-10.3053,-4.855,-40.9618,0,0,0
-0.0313,0.1582,0.9766,-12.5191,-4.0763,-43.3359,0,0,0
-0.0498,0.1316,0.9634,-10.5496,-2.7099,-45.0534,0,0,0
-0.0496,0.1208,0.9653,-7.0992,-3.8473,-46.3969,0,0,0
-0.0542,0.1458,0.9668,-4.7252,-5.5191,-48.0916,0,0,0
0.0305,0.1797,0.9827,-6.1374,-5.3359,-52.2519,0,0,0
-0.0962,0.1609,0.9622,-9.1679,-8.1374,-54.7557,0,0,0
0.0115,0.186,0.9841,-12.5802,-8.1603,-58.0076,0,0,0
0.0146,0.126,0.9985,-14.1985,-6.9924,-61.4046,0,0,0
0.0107,0.1138,0.991,-9.4351,-4.7939,-64.6947,0,0,0
0.0066,0.1536,0.9717,-8.0458,-1.8397,-69.8702,0,0,0
-0.0476,0.1665,0.939,-11.4504,-3.4427,-74.6565,0,0,0
-0.0498,0.1362,0.9377,-15.6794,-7.9008,-77.8168,0,0,0
-0.0366,0.1135,0.9639,-17.0611,-11.6947,-79.0534,0,0,0
-0.0234,0.0715,0.9768,-14.8473,-13.7099,-80.7405,0,0,0
0.0151,0.0657,0.9988,-8.8168,-14.542,-81.1679,0,0,0
-0.0684,0.1001,1.0015,-6.1145,-11.2672,-83.6031,0,0,0
0.0139,0.1506,1.0085,-8.5954,-11.5496,-87.4122,0,0,0
-0.0674,0.1592,0.99,-15.5191,-14.687,-91.8779,0,0,0
-0.0454,0.1345,1.0046,-21.5649,-16.1985,-95.7252,0,0,0
-0.0671,0.0591,1.0122,-22.4656,-17.8321,-98.397,0,0,0
-0.0859,-0.0171,1.0369,-18.3969,-19.4733,-98.8321,0,0,0
-0.0725,-0.0417,1.0669,-9.6489,-19.8931,-97.7557,0,0,0
-0.0908,0.0032,1.0791,-5.3588,-20.4656,-98.0153,0,0,0
-0.0945,0.0437,1.0928,-7.9695,-23.3282,-98.2672,0,0,0
-0.0771,0.0322,1.1284,-13.1832,-23.542,-99.5191,0,0,0
-0.0752,0.0012,1.147,-16.0534,-21.8931,-99.6183,0,0,0
-0.0754,-0.0325,1.1782,-12.7252,-19.7939,-99.5496,0,0,0
-0.073,-0.0154,1.1792,-9.1679,-17.4962,-101.4122,0,0,0
-0.0737,-0.0298,1.189,-6.2519,-15.5725,-102.5725,0,0,0
-0.0627,-0.0122,1.2014,-6.0229,-12.3893,-103.397,0,0,0
-0.0566,-0.0029,1.2048,-7.7939,-8.8015,-103.687,0,0,0
-0.0471,-0.012,1.2014,-10.8931,-3.3435,-104.9466,0,0,0
-0.0637,-0.0361,1.1892,-13.2977,1.5725,-106.4275,0,0,0
-0.0862,-0.0691,1.1431,-14.4733,5.0458,-105.7328,0,0,0
-0.1018,-0.1082,1.1191,-11.2366,7.084,-103.9924,0,0,0
-0.1055,-0.1152,1.0945,-6.9008,8.4656,-101.7405,0,0,0
-0.1389,-0.1174,1.0642,-3.1221,8.9924,-99.9695,0,0,0
-0.1567,-0.0823,1.0542,-2.374,7.5802,-96.7023,0,0,0
-0.1667,-0.0713,1.0525,-3.3435,5.5115,-92.8931,0,0,0
-0.2202,-0.0645,1.0571,-3.5115,2.2595,-90.4733,0,0,0
-0.1104,-0.0322,1.0896,-3.2366,2.1298,-89.1374,0,0,0
-0.1316,-0.0476,1.1013,-1.6489,4.0,-89.626,0,0,0
-0.0942,-0.0532,1.1262,2.4046,7.5649,-92.7634,0,0,0
-0.0718,-0.0251,1.1208,4.3893,14.0992,-96.2977,0,0,0
-0.0781,-0.0222,1.1011,2.1679,18.4504,-98.8321,0,0,0
-0.0808,-0.0325,1.0769,-2.1679,20.855,-98.3511,0,0,0
-0.0723,-0.0657,1.0579,-5.9237,22.1985,-95.4046,0,0,0
-0.0667,-0.0815,1.0474,-6.2901,23.1069,-92.3664,0,0,0
-0.0613,-0.0999,1.0344,-2.7786,24.0076,-90.4733,0,0,0
-0.0591,-0.0784,1.0051,0.9008,23.3053,-89.5496,0,0,0
-0.0588,-0.0593,0.9673,2.5496,20.4427,-87.7863,0,0,0
-0.0581,-0.0464,0.9802,3.8626,16.4198,-85.2901,0,0,0
-0.0378,-0.0396,0.9934,6.4046,15.2595,-84.0458,0,0,0
-0.0313,0.0078,0.9939,9.6336,15.1603,-85.0382,0,0,0
-0.0459,0.0208,0.9941,10.855,15.4198,-87.6947,0,0,0
-0.0542,0.0188,0.9802,10.0153,14.0458,-89.8931,0,0,0
-0.0566,0.0037,0.9858,9.4046,12.8931,-90.9695,0,0,0
-0.0552,-0.0039,0.9973,7.5649,12.0916,-90.5725,0,0,0
-0.0471,0.0063,1.0073,4.8855,12.5115,-90.3588,0,0,0
-0.0581,0.0017,1.0,0.9008,12.3893,-91.4275,0,0,0
-0.0581,-0.0403,0.9924,-0.5191,11.2519,-91.8473,0,0,0
-0.0598,-0.0996,1.0081,3.7786,10.4427,-91.7481,0,0,0
-0.0583,-0.1404,1.0164,11.3282,10.1908,-89.7634,0,0,0
-0.2163,-0.0823,0.9912,20.9084,13.2519,-88.7863,0,0,0
-0.073,-0.0483,1.0166,20.2977,9.8321,-84.1832,0,0,0
-0.0923,-0.0254,1.0056,12.4351,9.5344,-84.4504,0,0,0
-0.1055,-0.0574,1.0054,6.916,9.5649,-84.8626,0,0,0
-0.1116,-0.0798,1.0127,4.7176,10.1985,-82.6489,0,0,0
-0.1306,-0.1245,0.9976,3.5344,11.4351,-80.9924,0,0,0
-0.1272,-0.1489,0.9937,6.8702,11.3206,-78.5038,0,0,0
-0.1479,-0.1316,0.9839,8.6107,11.6031,-76.313,0,0,0
-0.1575,-0.1089,0.9736,7.145,10.8626,-73.855,0,0,0
-0.1528,-0.1001,0.9761,4.6641,10.4809,-72.6947,0,0,0
-0.1672,-0.1091,0.989,2.2519,11.4733,-72.1527,0,0,0
-0.1826,-0.1301,0.9856,0.3053,12.6947,-71.4351,0,0,0
-0.2112,-0.178,0.9841,-0.2061,12.6412,-69.0382,0,0,0
-0.2017,-0.1953,0.9783,0.687,11.9847,-64.8092,0,0,0
-0.2129,-0.2209,0.9773,1.1832,11.0534,-60.8244,0,0,0
-0.2256,-0.217,0.9744,1.8244,10.3817,-57.5344,0,0,0
-0.2271,-0.2053,0.97,1.084,9.1374,-56.2366,0,0,0
-0.2275,-0.2251,0.9651,-0.0229,6.4656,-56.2519,0,0,0
-0.2246,-0.2273,0.9614,-3.0382,3.0916,-56.3969,0,0,0
-0.2063,-0.27,0.98,-7.3053,-0.8321,-55.1069,0,0,0
-0.1897,-0.3364,1.0164,-8.5725,-4.2824,-53.0305,0,0,0
-0.1807,-0.4246,1.0576,-4.0076,-5.4885,-49.3435,0,0,0
-0.1775,-0.4407,1.095,2.5344,-4.3969,-43.4351,0,0,0
-0.1804,-0.4055,1.1021,8.0229,-3.5191,-36.6794,0,0,0
-0.1821,-0.3845,1.1074,9.9084,-0.9695,-31.2214,0,0,0
-0.178,-0.3289,1.1013,11.0687,2.3359,-28.5267,0,0,0
-0.1755,-0.2764,1.083,11.6565,5.9466,-27.0534,0,0,0
-0.1914,-0.2341,1.0583,12.7405,8.7786,-27.2443,0,0,0
-0.1841,-0.1819,1.0261,13.2214,9.6489,-30.0153,0,0,0
-0.1929,-0.1443,1.0071,12.8168,10.7786,-35.5725,0,0,0
-0.1885,-0.134,0.9844,9.9771,10.0153,-41.9618,0,0,0
-0.1855,-0.135,0.9773,5.4885,6.6107,-47.374,0,0,0
-0.1587,-0.1558,0.9858,0.5496,4.1069,-52.3206,0,0,0
-0.1538,-0.1936,1.0032,-2.4656,2.626,-55.916,0,0,0
-0.1411,-0.239,1.0156,-2.8626,1.6565,-58.1145,0,0,0
-0.1353,-0.2529,1.0151,-1.3206,1.5038,-58.3893,0,0,0
-0.134,-0.2463,1.0083,-0.771,1.8473,-58.4809,0,0,0
-0.145,-0.2498,0.9995,-0.0153,2.5649,-58.7328,0,0,0
-0.1477,-0.2585,0.9902,1.3664,2.9084,-59.4122,0,0,0
-0.1655,-0.2563,0.9707,2.9542,3.6412,-59.4046,0,0,0
-0.1812,-0.2576,0.9553,4.2519,3.0382,-58.4962,0,0,0
-0.186,-0.2644,0.9512,5.1679,1.2443,-57.1832,0,0,0
-0.1733,-0.2666,0.9648,5.8015,0.7939,-54.6641,0,0,0
-0.1445,-0.2524,0.9724,7.5573,1.9924,-52.9542,0,0,0
-0.1663,-0.2344,0.9709,8.626,3.4885,-53.2901,0,0,0
-0.1785,-0.2209,0.9617,7.8321,3.6794,-54.4046,0,0,0
-0.1538,-0.2058,0.9731,6.3359,4.0153,-54.687,0,0,0
-0.1653,-0.2126,0.9739,4.8779,6.0763,-55.5725,0,0,0
-0.1675,-0.2048,0.9751,4.2443,7.2595,-56.7023,0,0,0
-0.1621,-0.2058,0.9751,4.229,8.458,-58.2443,0,0,0
-0.1619,-0.2095,0.9617,4.9924,9.5802,-60.1603,0,0,0
-0.1587,-0.21,0.9646,5.1221,10.6565,-61.2137,0,0,0
-0.1604,-0.2112,0.9521,3.7863,11.2672,-62.374,0,0,0
-0.1533,-0.2219,0.9355,2.5191,10.626,-63.2519,0,0,0
-0.1526,-0.2297,0.9343,0.2443,9.7405,-62.9313,0,0,0
-0.1641,-0.2437,0.9238,-1.3588,8.5496,-62.1908,0,0,0
-0.1677,-0.2642,0.9185,-1.458,6.6489,-61.458,0,0,0
-0.1606,-0.2761,0.9229,1.1221,5.3282,-60.374,0,0,0
-0.1597,-0.2651,0.9382,3.4809,5.6947,-59.7176,0,0,0
-0.176,-0.2439,0.9241,4.7634,6.0611,-58.8855,0,0,0
-0.1943,-0.2319,0.9099,3.3969,4.4275,-58.5878,0,0,0
-0.1897,-0.2002,0.9246,1.8855,1.7023,-57.6947,0,0,0
-0.2295,-0.231,0.9297,-0.3969,0.7634,-57.3817,0,0,0
-0.23,-0.2644,0.9407,0.3893,-0.7634,-56.1374,0,0,0
-0.2312,-0.2856,0.9529,4.3893,-1.3282,-54.7176,0,0,0
-0.2478,-0.2661,0.9685,9.229,-0.5954,-52.1679,0,0,0
-0.28,-0.2314,0.967,11.084,-0.7099,-50.6489,0,0,0
-0.2983,-0.2234,0.9836,10.4275,-2.374,-48.6641,0,0,0
-0.3032,-0.2087,1.0044,8.7252,-3.1145,-47.5649,0,0,0
-0.3047,-0.2341,1.0232,8.3053,-2.2901,-46.687,0,0,0
-0.3069,-0.2354,1.0386,9.0153,-0.8092,-44.6183,0,0,0
-0.3208,-0.2324,1.041,9.2824,0.458,-42.5649,0,0,0
-0.3184,-0.2471,1.0598,10.4885,0.5725,-41.0,0,0,0
-0.303,-0.2649,1.073,14.8779,1.4504,-38.1069,0,0,0
-0.2937,-0.2388,1.0896,19.229,3.1069,-34.8855,0,0,0
-0.2981,-0.1934,1.0908,20.3206,4.4046,-33.6718,0,0,0
-0.2859,-0.1753,1.093,19.2901,4.9771,-32.6412,0,0,0
-0.2737,-0.1741,1.0913,17.3817,5.771,-32.0763,0,0,0
-0.259,-0.1699,1.1025,17.0076,7.4885,-32.7863,0,0,0
-0.2649,-0.1711,1.1038,17.4733,8.458,-32.3053,0,0,0
-0.2573,-0.1636,1.0957,17.6031,8.8702,-30.5725,0,0,0
-0.2566,-0.1707,1.1062,19.3969,8.855,-29.4809,0,0,0
-0.2515,-0.1416,1.1111,20.7634,9.2977,-29.374,0,0,0
-0.2422,-0.1362,1.1174,22.0153,11.7099,-30.4122,0,0,0
-0.231,-0.0901,1.095,21.5191,14.3053,-34.313,0,0,0
-0.2134,-0.0759,1.0618,17.4351,14.3206,-39.7481,0,0,0
-0.2024,-0.1189,1.0417,12.1069,10.1832,-42.6412,0,0,0
-0.1812,-0.1787,1.0422,10.229,3.7405,-42.6947,0,0,0
-0.1809,-0.217,1.0522,12.0763,-1.6947,-40.0076,0,0,0
-0.1021,-0.2236,1.0779,15.458,-5.8626,-38.5267,0,0,0
-0.1184,-0.2163,1.0937,15.458,-8.2901,-36.687,0,0,0
-0.1094,-0.1985,1.1111,13.313,-8.4351,-34.9466,0,0,0
-0.1074,-0.2056,1.1326,9.5573,-8.0305,-33.2901,0,0,0
-0.0786,-0.228,1.1609,7.8779,-4.2214,-30.3359,0,0,0
-0.1028,-0.2419,1.178,10.2443,2.0229,-25.6794,0,0,0
-0.0466,-0.2432,1.1804,15.229,11.9542,-22.7023,0,0,0
-0.042,-0.1672,1.1372,18.6031,23.1374,-21.6641,0,0,0
-0.0437,-0.0923,1.0691,16.9237,32.8931,-22.3282,0,0,0
-0.062,-0.0564,0.9932,10.4656,37.6718,-25.2748,0,0,0
-0.0823,-0.0356,0.9175,2.3206,38.8015,-28.3588,0,0,0
-0.0708,-0.0681,0.8667,-3.0534,35.4962,-31.0458,0,0,0
-0.0686,-0.0986,0.8479,-4.0305,31.0153,-33.2595,0,0,0
-0.062,-0.1331,0.8477,-2.5573,27.4275,-34.3588,0,0,0
-0.0825,-0.145,0.8535,-1.4656,22.6107,-35.4504,0,0,0
-0.0806,-0.158,0.8748,-2.6489,18.0611,-35.458,0,0,0
-0.0737,-0.1528,0.895,-7.4504,15.7252,-35.2748,0,0,0
-0.0811,-0.1741,0.8979,-12.0229,15.2595,-34.9847,0,0,0
-0.1284,-0.1904,0.8835,-14.9008,12.3588,-32.0382,0,0,0
-0.1208,-0.2153,0.8813,-16.2901,13.1603,-29.2061,0,0,0
-0.1516,-0.241,0.8843,-14.5802,10.9237,-24.7099,0,0,0
-0.1926,-0.2688,0.8711,-10.0687,8.7023,-20.1527,0,0,0
-0.2227,-0.2703,0.8723,-4.7557,5.8015,-14.9618,0,0,0
-0.2422,-0.2544,0.8706,-1.7099,2.6031,-8.3817,0,0,0
-0.2507,-0.23,0.8843,-0.4504,-0.0229,-2.2824,0,0,0
-0.2524,-0.1895,0.8992,-1.2824,-1.0611,2.1832,0,0,0
-0.2393,-0.1685,0.9141,-2.3893,-1.5038,5.1908,0,0,0
-0.2478,-0.1714,0.9233,-2.3817,-1.0458,6.9313,0,0,0
-0.2385,-0.1545,0.927,-1.8244,-0.4656,8.1985,0,0,0
-0.2646,-0.1482,0.926,-1.8168,1.4656,9.0458,0,0,0
-0.2671,-0.156,0.9316,-2.6412,1.6718,10.2595,0,0,0
-0.2734,-0.1602,0.9329,-4.4198,0.5191,11.4809,0,0,0
-0.2856,-0.1531,0.9326,-8.9389,-0.2748,12.5725,0,0,0
-0.2739,-0.1929,0.9417,-12.7634,-1.0687,14.0992,0,0,0
-0.2671,-0.2283,0.9604,-13.1603,-1.0076,17.9008,0,0,0
-0.2598,-0.2563,0.9692,-10.3511,-0.7557,22.0916,0,0,0
-0.2698,-0.2488,0.9727,-7.3359,-0.1985,25.2824,0,0,0
-0.2893,-0.2305,0.9631,-7.1679,0.4275,28.7176,0,0,0
-0.3064,-0.2332,0.9602,-8.2214,-0.6565,31.5649,0,0,0
-0.2932,-0.2458,0.9805,-8.5802,-1.0458,34.8321,0,0,0
-0.2925,-0.2695,0.99,-7.8397,-0.9313,38.8092,0,0,0
-0.2947,-0.2678,1.0002,-7.1298,-1.7939,43.8473,0,0,0
-0.2903,-0.2546,1.0068,-6.084,-2.2214,48.1145,0,0,0
-0.2793,-0.2312,1.0146,-5.8092,-1.5649,51.8015,0,0,0
-0.2837,-0.2156,1.0071,-6.7252,-1.2672,54.4809,0,0,0
-0.2773,-0.1924,1.0132,-8.9084,-1.0305,55.5038,0,0,0
-0.2722,-0.2024,0.9985,-12.2595,-0.3359,56.9466,0,0,0
-0.2861,-0.2251,0.9822,-13.7786,-0.771,59.2977,0,0,0
-0.2773,-0.2454,0.9644,-14.7023,-1.5878,62.0763,0,0,0
-0.2773,-0.2671,0.9519,-14.313,-3.4198,65.3511,0,0,0
-0.262,-0.2922,0.9575,-12.8473,-6.229,69.5191,0,0,0
-0.2417,-0.2979,0.9773,-12.4885,-7.7557,72.9847,0,0,0
-0.2375,-0.2817,0.9758,-14.3206,-8.6641,75.7634,0,0,0
-0.2351,-0.2861,0.9724,-16.9771,-11.1221,78.0153,0,0,0
-0.2214,-0.2981,0.9646,-19.5954,-14.0992,80.4122,0,0,0
-0.1992,-0.3223,0.9746,-20.9542,-17.1985,82.687,0,0,0
-0.1726,-0.355,1.0054,-19.8626,-20.4046,85.145,0,0,0
-0.1577,-0.3594,1.02,-19.0687,-22.3664,89.145,0,0,0
-0.1545,-0.3594,1.022,-18.7634,-25.084,93.1069,0,0,0
-0.1201,-0.3459,1.0405,-19.6794,-26.9389,96.2824,0,0,0
-0.104,-0.3535,1.0488,-19.6183,-28.084,99.3435,0,0,0
-0.0796,-0.3354,1.0542,-17.9695,-26.5878,102.1985,0,0,0
-0.0835,-0.3237,1.0449,-15.9084,-24.374,104.8626,0,0,0
-0.0859,-0.2922,1.0173,-13.9542,-23.5954,106.6641,0,0,0
-0.0947,-0.2703,0.9937,-13.6947,-23.1145,108.3053,0,0,0
-0.0952,-0.2527,0.9636,-13.4046,-23.4122,110.3206,0,0,0
-0.0999,-0.2468,0.9573,-12.6641,-24.6489,111.1832,0,0,0
-0.0784,-0.2446,0.9519,-11.9618,-26.771,110.5115,0,0,0
-0.0579,-0.2539,0.9692,-10.5802,-27.0916,109.771,0,0,0
-0.0354,-0.2563,0.9851,-9.2519,-25.6947,108.7176,0,0,0
-0.0344,-0.2666,0.9915,-9.4046,-23.916,107.7328,0,0,0
-0.0281,-0.2798,1.0,-9.7863,-21.916,106.7023,0,0,0
-0.0342,-0.2915,1.0107,-10.1985,-21.0687,106.3283,0,0,0
-0.0259,-0.3062,1.0137,-10.0458,-21.6489,105.9847,0,0,0
-0.0249,-0.3225,1.01,-8.5802,-21.7481,106.1221,0,0,0
-0.0198,-0.3394,1.0273,-6.4046,-22.1985,106.1908,0,0,0
-0.011,-0.3435,1.0513,-4.8244,-21.4198,106.5038,0,0,0
-0.0115,-0.3298,1.0642,-5.5649,-19.6947,107.5573,0,0,0
-0.0073,-0.3201,1.0713,-7.0076,-18.1756,107.6107,0,0,0
-0.0085,-0.3054,1.0713,-9.1145,-16.6718,106.8092,0,0,0
-0.0029,-0.3171,1.0706,-9.1679,-14.4351,106.0992,0,0,0
-0.0125,-0.3132,1.0674,-8.7328,-12.0076,106.3359,0,0,0
-0.0171,-0.3047,1.062,-7.7634,-11.3969,106.6718,0,0,0
-0.032,-0.2908,1.0493,-7.4122,-10.1985,106.7099,0,0,0
-0.0413,-0.2722,1.0432,-8.2901,-8.687,106.1603,0,0,0
-0.043,-0.2727,1.0281,-8.3053,-8.145,106.1832,0,0,0
-0.053,-0.2627,1.0146,-7.5573,-7.6565,106.0229,0,0,0
-0.0474,-0.26,0.9998,-6.7863,-7.6336,106.5649,0,0,0
-0.0461,-0.2561,0.9976,-3.7939,-7.5191,106.7023,0,0,0
-0.0447,-0.2361,1.0,-0.6107,-7.5267,106.542,0,0,0
-0.0405,-0.218,0.998,2.145,-7.2061,106.3053,0,0,0
-0.0383,-0.1787,0.9927,2.4275,-6.5496,104.5649,0,0,0
-0.0244,-0.1677,0.9998,1.2137,-5.1908,103.0,0,0,0
-0.0242,-0.1572,1.0022,-0.4275,-3.8168,100.3817,0,0,0
-0.0105,-0.1716,1.0212,1.3206,-0.3053,97.3588,0,0,0
-0.0242,-0.1772,1.0042,2.0153,3.1679,93.7786,0,0,0
-0.0374,-0.166,0.9912,0.8168,3.1908,90.3893,0,0,0
-0.0505,-0.1748,0.9941,-0.4504,1.5496,87.6107,0,0,0
-0.0386,-0.1741,1.0093,-2.4656,-0.458,84.8855,0,0,0
-0.0454,-0.1741,1.019,-5.9008,-1.7863,82.7634,0,0,0
-0.0454,-0.2068,1.0374,-7.8779,-2.9084,80.4275,0,0,0
-0.042,-0.207,1.0422,-8.2672,-3.0229,78.687,0,0,0
-0.0417,-0.2148,1.0522,-8.2366,-1.9313,77.2061,0,0,0
-0.05,-0.1931,1.054,-9.0382,-1.1145,76.2672,0,0,0
-0.0579,-0.1709,1.0454,-10.8473,-0.1985,75.3511,0,0,0
-0.0747,-0.1362,1.0408,-14.2366,0.3588,74.7863,0,0,0
-0.0947,-0.1077,1.0239,-18.0153,0.3282,72.9389,0,0,0
-0.0967,-0.1104,1.0203,-22.771,-1.542,72.6336,0,0,0
-0.1125,-0.1035,1.0269,-24.6107,-2.3053,71.3053,0,0,0
-0.1082,-0.1042,1.0359,-24.0534,-2.0992,70.0763,0,0,0
-0.1023,-0.1316,1.0374,-19.4351,-2.4122,68.8321,0,0,0
-0.1028,-0.0886,1.0464,-15.7863,-2.3588,69.0382,0,0,0
-0.1011,-0.0339,1.0518,-15.9695,-2.6641,68.3283,0,0,0
-0.1038,0.0088,1.0593,-19.2672,-2.771,66.2214,0,0,0
-0.1008,0.0193,1.062,-21.6336,-1.626,64.0916,0,0,0
-0.0896,0.0076,1.0686,-20.9771,0.084,60.8855,0,0,0
-0.0703,-0.0042,1.0757,-15.3206,3.2366,57.8855,0,0,0
-0.0776,0.0198,1.0637,-10.2061,5.4809,55.9313,0,0,0
-0.0964,0.051,1.0491,-7.8092,6.6641,53.6336,0,0,0
-0.0859,0.0671,1.0415,-7.5038,7.5344,51.0611,0,0,0
-0.0896,0.0674,1.0461,-7.3969,9.1756,46.9466,0,0,0
-0.0796,0.0596,1.0444,-5.9847,10.6031,42.458,0,0,0
-0.0876,0.0442,1.0303,-3.5496,11.3588,38.313,0,0,0
-0.0913,0.0688,1.0239,-2.1832,10.2519,35.2061,0,0,0
-0.0989,0.0789,1.0144,-2.8779,8.7405,30.626,0,0,0
-0.1008,0.0698,1.009,-3.313,6.7023,26.3969,0,0,0
-0.0906,0.0215,1.0361,-1.4122,4.2366,23.6336,0,0,0
-0.0889,0.0176,1.0522,0.7252,2.0534,22.7863,0,0,0
-0.0864,0.0229,1.0662,0.0076,1.1527,22.9618,0,0,0
-0.075,0.0305,1.0762,-3.6947,1.7099,24.6947,0,0,0
-0.0713,0.0166,1.0942,-7.6031,3.6947,26.2595,0,0,0
-0.0798,0.0071,1.0913,-8.0229,7.0305,27.3282,0,0,0
-0.0952,0.0317,1.0813,-6.6412,11.229,26.145,0,0,0
-0.1279,0.0559,1.0583,-5.1069,13.3359,23.4198,0,0,0
-0.1538,0.0537,1.0376,-2.2977,13.8015,20.6641,0,0,0
-0.1663,0.0581,1.0273,2.2672,12.9618,18.9618,0,0,0
-0.175,0.0728,1.0149,6.9008,12.0916,17.2137,0,0,0
-0.1926,0.0918,1.0015,11.4656,10.5344,15.1527,0,0,0
-0.1995,0.1138,0.99,15.3053,8.542,13.1145,0,0,0
-0.2173,0.1328,0.9668,17.2748,5.916,10.1985,0,0,0
-0.2158,0.1382,0.959,17.8015,2.2214,7.0153,0,0,0
-0.2117,0.1428,0.959,19.8168,-1.9008,2.8931,0,0,0
-0.2085,0.1572,0.9524,24.0687,-6.6336,-3.5802,0,0,0
-0.2039,0.1555,0.9558,26.5496,-11.0916,-9.229,0,0,0
-0.2114,0.1514,0.9443,27.6565,-17.1527,-10.9847,0,0,0
-0.1584,0.073,0.9861,31.7405,-20.7099,-10.7481,0,0,0
-0.1128,0.1362,1.0544,34.9389,-18.1603,-12.2443,0,0,0
-0.093,0.1912,1.0908,33.9084,-11.5344,-20.5114,0,0,0
-0.1006,0.1938,1.1035,34.7405,-5.5954,-33.8015,0,0,0
-0.0996,0.1707,1.0916,38.0916,-0.2672,-45.7939,0,0,0
-0.1096,0.1379,1.062,44.9542,2.7481,-53.0763,0,0,0
-0.1384,0.1143,1.0103,49.4275,2.145,-53.2748,0,0,0
-0.1643,0.1169,0.9583,49.2443,-4.8168,-49.1756,0,0,0
-0.1614,0.1482,0.9438,45.7939,-14.4351,-43.9618,0,0,0
-0.1694,0.1521,0.9272,41.8092,-25.5649,-42.9924,0,0,0
-0.1328,0.134,0.9519,36.9771,-33.771,-38.5496,0,0,0
-0.0977,0.0745,1.0037,32.374,-35.9618,-31.2672,0,0,0
-0.0464,0.1174,1.0654,29.9389,-30.3282,-22.626,0,0,0
-0.0461,0.147,1.0947,29.2901,-21.3893,-23.5649,0,0,0
-0.0764,0.2009,1.0969,24.4809,-11.5573,-23.5573,0,0,0
-0.1006,0.2183,1.0808,16.1298,-4.1985,-22.374,0,0,0
-0.1223,0.1763,1.0613,10.7481,1.4809,-18.0992,0,0,0
-0.1426,0.1548,1.0398,9.5115,7.3053,-12.7481,0,0,0
-0.1526,0.1382,1.0383,11.0763,11.9466,-8.2137,0,0,0
-0.1638,0.1497,1.0195,12.6336,15.4275,-4.9924,0,0,0
-0.1768,0.1934,1.0044,10.9313,19.4809,-2.9924,0,0,0
-0.1755,0.2039,1.0251,5.2519,22.6794,-3.5267,0,0,0
-0.1755,0.2341,1.0278,-2.8473,26.7099,-4.3359,0,0,0
-0.1772,0.2134,1.0239,-10.0153,29.6183,-5.9237,0,0,0
-0.1785,0.1809,1.0146,-15.5878,31.2748,-5.6489,0,0,0
-0.1753,0.145,1.0073,-17.8015,32.3588,-4.5496,0,0,0
-0.217,0.0828,0.98,-17.458,30.7328,-0.626,0,0,0
-0.2166,0.0701,0.96,-16.9847,26.2672,6.2519,0,0,0
-0.197,0.0847,0.9614,-15.6641,20.8321,10.7939,0,0,0
-0.1948,0.0979,0.9797,-14.2061,17.6718,10.9084,0,0,0
-0.196,0.1145,0.9875,-13.2214,15.5725,10.687,0,0,0
-0.2024,0.1128,0.9932,-13.7252,14.9237,11.9542,0,0,0
-0.1902,0.1113,0.9873,-14.1069,15.2977,14.3206,0,0,0
-0.1926,0.1101,0.9756,-12.9924,16.5573,15.5191,0,0,0
-0.179,0.1167,0.9946,-9.2977,19.6183,12.3969,0,0,0
-0.2063,0.1191,0.9871,-4.9618,23.1374,10.0916,0,0,0
-0.2117,0.1423,0.9714,-3.4275,25.3969,9.1679,0,0,0
-0.2146,0.1475,0.9651,-4.6947,27.1069,8.8321,0,0,0
-0.2278,0.1343,0.9436,-6.5954,27.3588,9.0382,0,0,0
-0.2021,0.1191,0.9641,-10.3511,28.6641,11.7557,0,0,0
-0.1917,0.0989,0.9871,-14.7557,32.771,15.5115,0,0,0
-0.1931,0.0957,0.991,-17.626,37.3053,19.1985,0,0,0
-0.2129,0.0889,0.9885,-18.4885,40.6336,19.2977,0,0,0
-0.2505,0.1079,0.9424,-20.5802,40.6183,17.6641,0,0,0
-0.2791,0.0933,0.9299,-21.9084,35.8855,15.5573,0,0,0
-0.2822,0.0608,0.9287,-25.0382,31.8702,17.9313,0,0,0
-0.2314,0.0552,0.9546,-27.458,30.4885,26.626,0,0,0
-0.2612,0.0156,0.9524,-30.6641,29.7252,35.6718,0,0,0
-0.2688,-0.0281,0.9495,-31.8168,30.3359,45.8473,0,0,0
-0.2532,-0.0215,0.9385,-33.1603,30.0534,54.4733,0,0,0
-0.3333,-0.0029,0.9275,-33.2901,26.2519,58.1298,0,0,0
-0.2725,0.0518,0.9617,-28.6031,21.1756,52.2672,0,0,0
-0.3032,0.0833,0.9734,-24.5802,21.2977,41.5802,0,0,0
-0.2922,0.1108,0.9771,-24.2443,22.313,35.4122,0,0,0
-0.3442,0.0542,0.9758,-21.1756,20.1679,33.4427,0,0,0
-0.3401,0.0396,0.9692,-16.0916,19.1374,34.1908,0,0,0
-0.3621,0.0459,0.9563,-13.1985,16.2443,36.9618,0,0,0
-0.3596,0.052,0.9668,-15.0229,13.458,43.0458,0,0,0
-0.3237,0.0735,0.9675,-22.8397,12.6336,51.7328,0,0,0
-0.4019,0.0723,0.9495,-34.5267,14.2214,58.8168,0,0,0
-0.3291,0.1155,0.9524,-38.4656,6.8397,57.6718,0,0,0
-0.3416,0.1084,0.9773,-37.0687,6.4656,47.8779,0,0,0
-0.3499,0.0979,0.9744,-33.5802,8.1221,39.6031,0,0,0
-0.354,0.0647,0.9805,-30.8015,8.4885,38.3282,0,0,0
-0.3591,0.073,0.9602,-28.0534,10.8702,39.8168,0,0,0
-0.3579,0.0618,0.9575,-26.7099,9.2824,42.1985,0,0,0
-0.3738,0.0806,0.9438,-28.8015,8.2977,44.8015,0,0,0
-0.3806,0.0715,0.9338,-31.3282,5.4809,48.0382,0,0,0
-0.3835,0.0581,0.9268,-34.7099,1.0687,49.2748,0,0,0
-0.3738,0.0344,0.9395,-34.313,-1.0076,49.855,0,0,0
-0.3557,0.0356,0.946,-33.8015,-3.7405,49.5725,0,0,0
-0.3472,0.0383,0.9553,-33.313,-4.6947,47.916,0,0,0
-0.3313,0.0286,0.9668,-33.1756,-3.5573,47.1374,0,0,0
-0.4438,0.0293,0.9565,-31.855,3.771,44.3053,0,0,0
-0.3452,0.0071,0.9739,-29.2443,0.9237,45.3969,0,0,0
-0.3718,0.0403,0.9321,-30.2443,-1.2443,44.4504,0,0,0
-0.3403,0.001,0.9614,-31.0153,-1.0763,43.3282,0,0,0
-0.3384,0.0081,0.9768,-29.4656,0.4962,44.9542,0,0,0
-0.323,-0.0037,0.9624,-27.8015,1.2977,45.2137,0,0,0
-0.3264,-0.0225,0.979,-24.3893,1.0534,45.1298,0,0,0
-0.3579,0.0054,0.9238,-24.3206,-1.0382,41.6183,0,0,0
-0.3516,0.0083,0.9436,-24.0458,-2.5954,39.7328,0,0,0
-0.3411,-0.0007,0.9402,-24.5496,-2.0,39.7557,0,0,0
-0.3455,-0.0007,0.957,-24.7634,-2.084,40.8626,0,0,0
-0.3242,0.0178,0.9687,-26.5267,-2.3664,41.0458,0,0,0
-0.3311,0.0029,0.9763,-30.3893,-0.3664,43.8015,0,0,0
-0.3403,-0.0024,0.9568,-31.2214,1.8931,44.4885,0,0,0
-0.3569,0.0049,0.9519,-33.542,1.3359,41.2977,0,0,0
-0.3665,-0.0046,0.9551,-29.9389,1.374,38.3969,0,0,0
-0.3711,-0.0085,0.9575,-25.5344,0.1603,35.9008,0,0,0
-0.5862,0.0234,0.8701,-19.084,6.0916,31.1832,0,0,0
-0.3828,0.0271,0.9438,-17.6794,-1.5344,32.5649,0,0,0
-0.363,0.0156,0.9641,-20.4046,-2.2748,30.1527,0,0,0
-0.3738,0.01,0.9629,-20.4809,-1.0687,29.0763,0,0,0
-0.3735,-0.0063,0.9819,-21.1908,-1.229,28.0382,0,0,0
-0.3611,-0.0012,0.9788,-20.0916,-0.374,26.6107,0,0,0
-0.3555,0.0002,0.978,-20.313,1.2595,24.3206,0,0,0
-0.3606,0.0203,0.9766,-21.145,2.1985,23.5649,0,0,0
-0.3484,-0.009,0.9783,-22.4733,2.4885,24.5725,0,0,0
-0.3572,-0.0242,0.9819,-23.9084,3.3969,25.2824,0,0,0
-0.363,-0.0303,0.9749,-23.2366,3.2443,24.8702,0,0,0
-0.3618,-0.0505,0.9612,-19.3359,2.626,23.6336,0,0,0
-0.3618,-0.052,0.9775,-13.9008,2.6718,23.0534,0,0,0
-0.3359,-0.0696,0.9922,-11.1298,3.8473,25.4733,0,0,0
-0.3325,-0.0237,0.9915,-12.4733,7.8626,29.542,0,0,0
-0.353,0.0222,0.9602,-17.7939,9.7099,30.0611,0,0,0
-0.3718,0.0288,0.9373,-24.6565,9.4046,27.542,0,0,0
-0.3826,-0.011,0.9233,-27.8321,7.0076,25.5878,0,0,0
-0.3809,-0.0425,0.9219,-24.9695,4.7557,24.3359,0,0,0
-0.3667,-0.0698,0.9297,-20.1527,2.6641,24.1221,0,0,0
-0.3647,-0.0691,0.948,-14.7328,3.4885,26.5649,0,0,0
-0.3743,-0.0266,0.9365,-12.8855,3.6489,27.6183,0,0,0
-0.3826,-0.0049,0.9321,-14.1756,1.7023,25.4122,0,0,0
-0.3828,-0.0059,0.928,-14.7405,0.8015,23.5573,0,0,0
-0.1458,0.0066,0.9714,-15.1908,7.3664,18.5954,0,0,0
-0.4014,0.0029,0.9087,-12.6565,-2.3282,17.7939,0,0,0
-0.3958,0.0232,0.877,-9.7176,-8.0916,12.2366,0,0,0
-0.3892,0.0149,0.8997,-5.4885,-11.4504,6.4198,0,0,0
-0.3875,0.001,0.9128,0.6031,-14.1374,2.9924,0,0,0
-0.3596,0.0046,0.9465,6.1298,-13.6107,0.855,0,0,0
-0.3557,0.0208,0.9546,9.7023,-11.916,-2.4656,0,0,0
-0.3506,0.0247,0.9666,13.1527,-12.0458,-9.7099,0,0,0
-0.4331,-0.0068,0.9768,18.3511,-13.229,-18.5191,0,0,0
-0.3921,-0.0259,0.991,27.2824,-13.4351,-30.0153,0,0,0
-0.3511,0.012,0.9929,35.9389,-12.5573,-40.5191,0,0,0
-0.3608,0.0349,0.9868,44.3588,-12.313,-49.4275,0,0,0
-0.3721,0.0464,0.95,54.1908,-14.7023,-60.6412,0,0,0
-0.4158,0.0393,0.9026,66.084,-21.3359,-75.8092,0,0,0
-0.4558,0.0188,0.8569,78.5191,-33.084,-87.1985,0,0,0
-0.438,0.0454,0.8391,91.2366,-47.2977,-95.8702,0,0,0
-0.418,0.0884,0.833,101.8702,-64.8779,-105.0,0,0,0
-0.3643,0.158,0.8477,109.1832,-75.3435,-115.0992,0,0,0
-0.3396,0.1477,0.8738,108.8779,-81.229,-122.0534,0,0,0
-0.3145,0.1982,0.876,107.7557,-89.5496,-129.7023,0,0,0
-0.2463,0.0635,0.9578,108.1679,-94.6031,-131.7557,0,0,0
-0.197,0.0127,1.0222,110.5954,-90.855,-118.4275,0,0,0
-0.1423,0.02,1.1082,107.6031,-82.397,-94.4046,0,0,0
-0.1125,0.1401,1.1311,97.3511,-67.3664,-75.771,0,0,0
-0.1382,0.2349,1.1064,81.229,-52.4275,-70.0916,0,0,0
-0.1685,0.2854,1.0764,64.1679,-45.3817,-75.1069,0,0,0
-0.1699,0.2922,1.032,50.6336,-42.2214,-84.8397,0,0,0
-0.168,0.1182,1.0752,43.5496,-41.3359,-79.7405,0,0,0
-0.127,0.063,1.1011,42.0992,-28.9389,-58.7252,0,0,0
-0.1301,0.105,1.0762,41.0076,-17.5954,-42.7023,0,0,0
-0.1343,0.1821,1.0691,33.3359,-7.1527,-37.5191,0,0,0
-0.1711,0.2361,1.0486,22.5191,-0.4122,-38.7557,0,0,0
-0.1833,0.2073,1.0261,13.2061,1.542,-43.0992,0,0,0
-0.1772,0.1387,1.053,5.0611,3.229,-40.2901,0,0,0
-0.1533,0.0818,1.0706,2.3511,10.9771,-28.229,0,0,0
-0.1396,0.073,1.0598,3.4656,20.9008,-14.5802,0,0,0
-0.158,0.1367,1.0454,1.8168,30.0687,-6.7634,0,0,0
-0.1968,0.1921,1.0042,-4.5191,33.8702,-3.4198,0,0,0
-0.26,0.1807,0.9514,-13.3282,30.1221,0.6183,0,0,0
-0.261,0.1123,0.9338,-19.6947,24.084,8.3588,0,0,0
-0.2437,0.0515,0.9414,-20.3893,19.0153,20.8626,0,0,0
-0.2283,0.0356,0.9458,-18.4275,16.5878,34.8015,0,0,0
-0.2021,0.0496,0.9817,-17.6107,17.9237,49.4656,0,0,0
-0.2107,0.0864,0.9712,-21.313,19.8321,62.4351,0,0,0
-0.2075,0.1443,0.9702,-30.229,19.7939,73.771,0,0,0
-0.2136,0.158,0.9756,-41.9008,19.5573,80.0305,0,0,0
-0.2092,0.1877,0.9902,-51.0916,19.1298,79.0153,0,0,0
-0.217,0.2024,1.0088,-55.626,18.7481,69.3283,0,0,0
-0.196,0.1477,1.0349,-55.3969,21.6031,62.374,0,0,0
-0.2214,0.0913,1.0288,-47.3511,26.2214,62.4351,0,0,0
-0.2131,0.0591,1.02,-38.9084,28.5344,68.5496,0,0,0
-0.2202,0.1335,1.01,-35.1527,31.4198,79.374,0,0,0
-0.2671,0.1633,0.9495,-36.6336,28.7252,83.687,0,0,0
-0.3005,0.2114,0.9189,-41.626,20.3053,79.2824,0,0,0
-0.2996,0.2087,0.9226,-45.145,11.5573,70.8092,0,0,0
-0.2522,0.1621,0.98,-43.8168,7.5038,63.0534,0,0,0
-0.2168,0.134,1.0383,-36.2443,12.3511,58.1298,0,0,0
-0.2202,0.1624,1.0605,-28.7786,20.5267,57.0458,0,0,0
-0.2463,0.178,1.009,-25.8931,26.0534,55.4046,0,0,0
-0.2942,0.2146,0.9741,-26.9084,26.084,49.687,0,0,0
-0.3167,0.2183,0.948,-28.9084,19.9924,37.9313,0,0,0
-0.3184,0.1887,0.9553,-26.1298,13.5725,26.8779,0,0,0
-0.3245,0.1716,0.9548,-18.9771,8.2519,17.6031,0,0,0
-0.3162,0.1514,0.959,-11.0458,2.771,9.4198,0,0,0
-0.313,0.145,0.9551,-3.3893,-1.4351,3.4809,0,0,0
-0.3096,0.1523,0.9551,3.4427,-5.5496,-3.3206,0,0,0
-0.2854,0.1387,0.9724,7.2443,-7.687,-8.9695,0,0,0
-0.2871,0.1372,0.9792,8.9618,-8.3053,-11.1527,0,0,0
-0.2805,0.1218,0.969,8.7634,-10.5191,-11.8244,0,0,0
-0.2747,0.1233,0.9873,8.1069,-10.7252,-10.8015,0,0,0
-0.2527,0.1074,1.0051,6.4427,-10.313,-10.0611,0,0,0
-0.2471,0.1006,1.0166,6.1221,-7.5267,-7.9695,0,0,0
-0.2546,0.0896,1.0034,6.7176,-6.4809,-6.2748,0,0,0
-0.2681,0.0974,0.9971,7.2214,-7.5802,-4.7405,0,0,0
-0.2637,0.1101,0.989,8.0305,-10.3053,-6.5038,0,0,0
-0.2656,0.1125,0.9905,8.4504,-11.9618,-7.6947,0,0,0
-0.248,0.1038,1.0022,7.9771,-12.0458,-7.5191,0,0,0
-0.2417,0.1011,1.0044,6.9542,-9.8321,-6.5038,0,0,0
-0.2456,0.0989,1.0139,7.5649,-7.9237,-6.0,0,0,0
-0.2422,0.0864,1.0125,10.0382,-6.3664,-5.2061,0,0,0
-0.2522,0.105,0.9941,11.9695,-4.687,-3.8779,0,0,0
-0.2656,0.1194,0.9707,11.7252,-5.0458,-3.0763,0,0,0
-0.2688,0.134,0.9639,8.6336,-7.1908,-2.4809,0,0,0
-0.2637,0.1326,0.9653,4.9924,-8.7252,-1.6336,0,0,0
-0.2529,0.106,0.9839,2.542,-8.855,0.084,0,0,0
-0.2249,0.0962,1.0032,2.0992,-6.229,3.0,0,0,0
-0.2261,0.1084,1.0107,2.2366,-2.2672,3.855,0,0,0
-0.2449,0.1399,1.0034,0.6718,0.855,3.1069,0,0,0
-0.2578,0.1333,0.9819,-0.7634,0.7099,1.5038,0,0,0
-0.2612,0.1277,0.9785,-1.3435,-0.626,0.916,0,0,0
-0.2537,0.1069,0.9768,-0.2519,-1.9313,0.5954,0,0,0
-0.2317,0.0906,0.9922,3.5344,-1.374,1.7939,0,0,0
-0.2412,0.1094,0.9937,6.2443,-0.7786,2.458,0,0,0
-0.2441,0.137,0.9866,5.5496,-1.1756,2.313,0,0,0
-0.2354,0.1313,0.9912,3.0992,-1.9695,2.2443,0,0,0
-0.2324,0.1216,1.0051,0.4351,-1.4198,3.0916,0,0,0
-0.2366,0.1243,0.9946,-1.2748,-0.5267,3.5267,0,0,0
-0.2344,0.1238,0.9917,-0.771,-0.0763,2.2366,0,0,0
-0.2327,0.1399,0.9885,1.2214,-0.3053,-1.2366,0,0,0
-0.2422,0.155,0.9829,2.5573,-0.3588,-3.7634,0,0,0
-0.2395,0.1497,0.9756,3.9695,-1.4427,-5.5878,0,0,0
-0.2332,0.1626,0.9719,5.9389,-2.5802,-9.8168,0,0,0
-0.2363,0.1609,0.9763,8.229,-2.7557,-14.9237,0,0,0
-0.249,0.167,0.9646,11.8397,-3.8473,-19.1756,0,0,0
-0.2656,0.1997,0.9629,15.3053,-6.9008,-26.2366,0,0,0
-0.2507,0.2136,0.9519,22.7023,-10.2748,-41.9695,0,0,0
-0.29,0.2246,0.9148,29.2519,-15.4427,-53.374,0,0,0
-0.3015,0.1968,0.9341,34.3282,-26.3893,-60.0763,0,0,0
-0.2825,0.1953,0.9243,42.2519,-33.3969,-68.7481,0,0,0
-0.2458,0.1208,0.9753,50.1756,-36.2519,-68.8702,0,0,0
-0.2607,0.1304,0.9722,56.6031,-39.0992,-59.8244,0,0,0
-0.2454,0.1597,0.9666,57.2748,-40.8015,-49.5573,0,0,0
-0.2422,0.2468,0.939,52.8244,-44.9466,-53.1374,0,0,0
-0.2571,0.2637,0.9265,46.0153,-49.9695,-57.0382,0,0,0
-0.2446,0.2141,0.9224,38.7939,-56.687,-56.7023,0,0,0
-0.2102,0.156,0.9673,35.4122,-59.6412,-45.6489,0,0,0
-0.1572,0.1523,1.0188,33.1832,-54.7405,-33.0,0,0,0
-0.157,0.2241,1.0232,29.8931,-47.7863,-27.5954,0,0,0
-0.1643,0.28,1.0278,23.9466,-41.0687,-30.5114,0,0,0
-0.1587,0.2715,1.04,16.3664,-36.2977,-33.7328,0,0,0
-0.1545,0.2341,1.0537,9.0,-32.3588,-32.2748,0,0,0
-0.1167,0.1882,1.0815,7.1069,-24.9695,-26.229,0,0,0
-0.1074,0.2175,1.0808,7.4427,-15.8931,-21.3511,0,0,0
-0.1082,0.2139,1.0723,6.5802,-8.313,-19.4809,0,0,0
-0.1416,0.2712,1.0408,4.458,-4.8015,-23.1298,0,0,0
-0.1479,0.2615,1.0146,1.3969,-2.9466,-26.7176,0,0,0
-0.1553,0.2461,1.0107,-0.916,-2.8244,-26.9542,0,0,0
-0.1479,0.2051,1.0076,-1.0076,-2.4504,-24.7252,0,0,0
-0.1453,0.1855,1.0088,0.5802,-0.8015,-19.8626,0,0,0
-0.1538,0.2161,1.0007,1.2977,-0.4198,-16.4885,0,0,0
-0.1626,0.2317,0.9973,-0.9466,-0.1985,-15.1908,0,0,0
-0.1597,0.2356,0.9875,-5.1832,0.1221,-14.2824,0,0,0
-0.1609,0.2153,0.9961,-8.0458,-0.4885,-11.0305,0,0,0
-0.1492,0.228,1.0034,-9.1832,1.5115,-9.1221,0,0,0
-0.1465,0.2102,1.0029,-9.0916,3.4504,-9.5191,0,0,0
-0.155,0.2058,0.9841,-8.0229,4.7634,-8.916,0,0,0
-0.1638,0.2039,0.9812,-5.6412,4.0458,-7.6107,0,0,0
-0.1807,0.2483,0.9673,-3.374,1.4962,-8.6336,0,0,0
-0.1646,0.2449,0.9724,-1.2901,-1.3817,-11.9924,0,0,0
-0.1719,0.229,0.9734,1.7863,-3.1145,-13.1069,0,0,0
-0.1633,0.2136,0.9717,4.6183,-3.7252,-12.6718,0,0,0
-0.1619,0.2363,0.9756,7.5496,-4.6565,-11.3282,0,0,0
-0.1619,0.2485,0.9719,8.0687,-4.9924,-12.084,0,0,0
-0.1555,0.26,0.9773,6.4656,-4.9313,-12.7252,0,0,0
-0.1606,0.2568,0.9827,4.2061,-4.9924,-11.6718,0,0,0
-0.1667,0.2478,0.9724,2.1298,-5.2366,-10.5649,0,0,0
-0.1733,0.248,0.9534,0.6183,-6.4122,-10.0153,0,0,0
-0.1807,0.2659,0.9585,-0.1985,-8.9542,-9.9084,0,0,0
-0.1846,0.2773,0.95,-0.0534,-11.7481,-13.8626,0,0,0
-0.1929,0.2776,0.9507,-1.0382,-14.855,-16.6107,0,0,0
-0.1699,0.2495,0.9675,-1.8931,-16.7481,-16.9008,0,0,0
-0.1646,0.2825,0.9832,-1.5573,-15.9618,-18.0382,0,0,0
-0.1587,0.3298,0.9827,-2.374,-15.6794,-23.3588,0,0,0
-0.1621,0.3579,0.98,-5.3969,-16.9695,-33.5267,0,0,0
-0.1716,0.355,0.99,-8.5038,-18.0305,-41.0153,0,0,0
-0.1567,0.3022,0.9915,-7.4809,-19.3359,-48.3359,0,0,0
-0.1665,0.2441,0.9871,-0.9542,-20.313,-51.2519,0,0,0
-0.1455,0.1873,1.0056,6.3817,-20.1603,-47.6947,0,0,0
-0.1357,0.2368,1.0012,12.3664,-18.7481,-44.0305,0,0,0
-0.1245,0.2292,1.0227,13.4351,-17.8321,-45.9924,0,0,0
-0.1082,0.2136,1.0352,9.0305,-13.9924,-44.4809,0,0,0
-0.0872,0.1816,1.061,4.4656,-7.6107,-39.7252,0,0,0
-0.0845,0.1619,1.0579,0.4962,-0.9771,-33.6336,0,0,0
-0.0901,0.1443,1.0488,-2.5038,4.3893,-28.0382,0,0,0
-0.1038,0.1431,1.0435,-3.2137,8.2366,-23.4122,0,0,0
-0.1226,0.2029,1.0396,-2.7405,9.1527,-25.3053,0,0,0
-0.1064,0.2571,1.0337,-5.9389,9.4809,-29.313,0,0,0
-0.1128,0.2373,0.9915,-11.3435,14.3664,-34.8779,0,0,0
-0.1619,0.167,0.9802,-11.5115,14.1756,-34.6565,0,0,0
-0.1624,0.1165,0.9849,-6.3893,11.9466,-28.6336,0,0,0
-0.178,0.1016,0.9751,0.0076,11.2748,-22.0305,0,0,0
-0.1904,0.1174,0.9636,4.8168,8.2214,-16.2901,0,0,0
-0.1941,0.1399,0.9517,6.0458,5.0611,-10.5802,0,0,0
-0.1965,0.1445,0.9521,3.7099,2.2061,-3.1832,0,0,0
-0.1865,0.1711,0.9465,0.4198,-0.5802,3.9466,0,0,0
-0.1838,0.1902,0.9473,-4.3282,-3.374,8.5573,0,0,0
-0.1812,0.2014,0.9504,-7.5191,-5.3053,9.4046,0,0,0
-0.1758,0.2197,0.9656,-7.7328,-6.0916,7.6641,0,0,0
-0.1667,0.2207,0.9817,-6.7786,-5.4427,3.8855,0,0,0
-0.1594,0.2053,0.9854,-5.0153,-3.145,0.9771,0,0,0
-0.1558,0.1824,0.9956,-2.8855,0.2672,1.145,0,0,0
-0.1504,0.1631,1.0105,0.7023,3.9771,3.0153,0,0,0
-0.1504,0.1846,1.0022,2.1985,6.687,4.4809,0,0,0
-0.1677,0.2029,0.9888,1.9313,6.6718,2.9924,0,0,0
-0.1726,0.2354,0.9863,-0.1603,4.8931,0.7481,0,0,0
-0.1851,0.2139,0.9773,-2.8473,2.5802,-0.3359,0,0,0
-0.1912,0.1987,0.9724,-4.1756,0.1069,1.0153,0,0,0
-0.1821,0.1975,0.9751,-3.9924,-1.4885,2.5496,0,0,0
-0.1797,0.1865,0.981,-3.145,-2.2672,4.1374,0,0,0
-0.1646,0.1802,0.9973,-1.2672,-1.5802,5.9924,0,0,0
-0.1643,0.1965,1.0088,-1.8855,0.4198,7.9847,0,0,0
-0.1587,0.1917,1.0142,-4.0916,3.3053,9.5267,0,0,0
-0.158,0.189,1.0198,-5.9313,6.7176,11.0763,0,0,0
-0.1616,0.2185,1.011,-7.7252,8.9618,11.229,0,0,0
-0.1689,0.2275,0.9939,-9.0076,9.3893,8.8397,0,0,0
-0.1814,0.2063,0.9883,-9.7634,8.855,7.3969,0,0,0
-0.1829,0.1863,0.9871,-9.3893,8.4046,7.7252,0,0,0
-0.1692,0.1462,1.0107,-8.0153,8.9313,11.4198,0,0,0
-0.1321,0.1035,1.0674,-7.0,13.8473,19.4656,0,0,0
-0.0969,0.1113,1.1172,-8.6718,26.2672,32.4656,0,0,0
-0.0979,0.0947,1.1052,-14.2595,41.0229,48.1298,0,0,0
-0.1277,0.0781,1.0537,-23.7099,53.2595,68.3817,0,0,0
-0.1538,0.0923,0.9812,-34.8702,57.9389,90.1985,0,0,0
-0.1694,0.0542,0.939,-44.4275,56.3053,110.6489,0,0,0
-0.2053,0.0652,0.8943,-48.145,48.4504,121.0992,0,0,0
-0.2471,0.1401,0.8762,-43.7023,33.6336,120.542,0,0,0
-0.2534,0.334,0.9004,-37.3206,16.9313,96.229,0,0,0
-0.2417,0.3755,0.957,-31.1069,5.8702,65.2748,0,0,0
-0.2363,0.292,0.9912,-21.6107,2.9542,44.8473,0,0,0
-0.1892,0.2231,1.0276,-10.2519,5.6641,35.3893,0,0,0
-0.1926,0.2234,1.0374,1.1679,14.2137,35.3282,0,0,0
-0.2124,0.2278,1.0054,8.4122,19.4198,36.3206,0,0,0
-0.2493,0.269,0.9817,8.7252,18.4427,35.6641,0,0,0
-0.2585,0.3037,0.9697,2.855,13.9771,32.8397,0,0,0
-0.2551,0.3618,0.9619,-3.4885,6.7786,21.7099,0,0,0
-0.217,0.3269,0.9668,-6.7634,3.7405,5.3664,0,0,0
-0.2253,0.2493,0.9692,-4.9008,5.7176,-2.1221,0,0,0
-0.2236,0.2144,0.9575,-0.7405,7.0229,-1.2443,0,0,0
-0.2461,0.2209,0.9451,1.9466,6.229,2.374,0,0,0
-0.2549,0.2388,0.9377,1.2519,2.855,5.4351,0,0,0
-0.249,0.261,0.9353,-1.229,-2.1527,5.2748,0,0,0
-0.2388,0.2388,0.9514,-4.2901,-5.3206,4.145,0,0,0
-0.2234,0.207,0.97,-5.5115,-6.0534,5.6794,0,0,0
-0.2029,0.1897,0.9736,-4.9695,-4.1679,7.1145,0,0,0
-0.2019,0.1836,0.9685,-4.4198,-2.8779,8.6183,0,0,0
-0.197,0.2019,0.9695,-3.2214,-2.313,8.9084,0,0,0
-0.1992,0.2061,0.9668,-1.8321,-2.1679,7.6489,0,0,0
-0.2131,0.1943,0.9697,-0.4046,-2.9847,6.687,0,0,0
-0.2192,0.197,0.97,1.2214,-3.687,7.7099,0,0,0
-0.2227,0.2136,0.958,0.6641,-4.7863,9.0763,0,0,0
-0.2229,0.228,0.969,-0.6031,-6.3206,9.0687,0,0,0
-0.2119,0.2209,0.9741,-0.8397,-7.3206,8.5344,0,0,0
-0.2041,0.2195,0.99,0.7863,-6.1145,7.5496,0,0,0
-0.217,0.2236,0.9919,1.1756,-4.5649,6.3435,0,0,0
-0.2214,0.2256,0.9807,-0.9466,-4.1221,6.1527,0,0,0
-0.2249,0.2102,0.9746,-3.9313,-5.6412,6.4198,0,0,0
-0.2202,0.1946,0.9773,-6.8015,-7.6641,7.5115,0,0,0
-0.2141,0.1785,0.9685,-8.1603,-9.4198,7.8015,0,0,0
-0.1978,0.1804,0.9849,-7.2595,-10.5725,8.2672,0,0,0
-0.1841,0.175,1.0,-4.7939,-9.7481,6.5344,0,0,0
-0.189,0.1631,0.9973,-1.5954,-7.9847,5.458,0,0,0
-0.1868,0.1768,0.9934,0.9695,-7.1069,5.313,0,0,0
-0.1931,0.2009,0.9832,0.6336,-6.2748,5.3053,0,0,0
-0.1914,0.1904,0.9851,-0.9313,-5.7634,5.313,0,0,0
-0.1902,0.188,0.9863,-1.9618,-5.229,5.1985,0,0,0
-0.1809,0.1819,0.9949,-3.3511,-4.626,5.9542,0,0,0
-0.1924,0.175,0.9998,-2.7176,-3.6412,7.0992,0,0,0
-0.1855,0.1997,0.9988,-2.145,-3.3893,7.4733,0,0,0
-0.1914,0.2043,0.9941,-2.0534,-3.6947,6.3435,0,0,0
-0.1997,0.208,0.9827,-1.9618,-3.5038,6.0,0,0,0
-0.1941,0.2234,0.9922,-2.4809,-3.6794,5.7405,0,0,0
-0.1931,0.2266,0.9956,-3.0992,-3.6412,5.2443,0,0,0
-0.1887,0.2212,1.0022,-3.6565,-2.9389,3.8702,0,0,0
-0.1887,0.2197,0.9946,-4.5038,-2.3588,3.374,0,0,0
-0.1897,0.2134,0.9978,-4.5649,-1.7786,3.5954,0,0,0
-0.1938,0.219,0.9963,-4.3206,-2.145,2.9847,0,0,0
-0.1819,0.2144,1.001,-4.2519,-2.1679,1.0305,0,0,0
-0.1851,0.1985,1.0088,-2.5878,-0.8473,0.3817,0,0,0
-0.1846,0.2041,0.9971,-1.4885,-0.1603,0.9542,0,0,0
-0.1914,0.2046,0.9941,-1.2214,-0.2443,1.1603,0,0,0
-0.1899,0.2136,0.991,-1.4427,-1.2443,1.6565,0,0,0
-0.1907,0.2124,0.9927,-2.2443,-1.374,1.3664,0,0,0
-0.1902,0.2129,0.9888,-3.5573,-1.8855,0.7634,0,0,0
-0.179,0.1995,0.9888,-4.542,-2.0992,1.145,0,0,0
-0.1758,0.1846,1.0063,-3.8321,-1.6947,1.5115,0,0,0
-0.1772,0.1956,0.9978,-2.8779,-0.7023,2.0229,0,0,0
-0.1892,0.2024,0.9888,-2.8015,-0.5649,1.9237,0,0,0
-0.1882,0.2151,0.9893,-2.8015,-1.5496,1.4351,0,0,0
-0.1907,0.207,0.9912,-3.1374,-2.7557,1.8702,0,0,0
-0.1841,0.1931,1.001,-2.1221,-3.0153,2.084,0,0,0
-0.1733,0.1958,1.0066,-0.5191,-2.2214,1.8397,0,0,0
-0.1726,0.2007,1.0076,1.1145,-0.9618,1.4885,0,0,0
-0.1655,0.2046,1.0068,1.2519,0.3511,1.2214,0,0,0
-0.1765,0.2217,1.0105,0.4733,1.5344,0.7176,0,0,0
-0.1772,0.2192,1.0049,-1.4656,1.5267,-0.8397,0,0,0
-0.1882,0.2131,1.0015,-2.7939,0.7023,-0.7252,0,0,0
-0.1833,0.2034,1.0061,-3.626,-0.0687,-0.2748,0,0,0
-0.1785,0.2058,1.0117,-3.7099,0.3206,0.4122,0,0,0
-0.175,0.1868,1.0115,-3.3969,2.0076,1.0534,0,0,0
-0.1692,0.1831,1.0134,-1.5954,3.7634,0.4656,0,0,0
-0.1836,0.1936,0.9949,-0.8244,4.6947,0.7176,0,0,0
-0.198,0.1953,0.9929,-1.8397,4.4962,1.6718,0,0,0
-0.1936,0.2017,0.9863,-2.687,3.0229,2.4351,0,0,0
-0.189,0.2014,0.9907,-3.5878,2.9466,3.1985,0,0,0
-0.1909,0.1978,0.9878,-4.3053,2.4962,3.4656,0,0,0
-0.1829,0.198,0.9875,-5.0687,3.0229,4.0687,0,0,0
-0.1831,0.1868,0.9895,-4.7023,3.4046,4.7939,0,0,0
-0.186,0.1829,0.9802,-4.229,3.0992,5.6489,0,0,0
-0.1838,0.1907,0.9863,-4.2443,3.0916,6.7481,0,0,0
-0.1836,0.1936,0.98,-5.1069,2.5038,7.626,0,0,0
-0.1794,0.196,0.9871,-6.9618,2.8855,8.6183,0,0,0
-0.1821,0.1978,0.9888,-7.1985,3.6183,9.8626,0,0,0
-0.1841,0.197,0.9873,-7.7023,2.7405,10.4198,0,0,0
-0.1897,0.2034,0.981,-8.8321,2.855,10.5878,0,0,0
-0.1865,0.2017,0.9731,-10.0382,2.4885,11.2748,0,0,0
-0.1873,0.2056,0.9841,-9.8702,2.8779,10.5038,0,0,0
-0.1848,0.2117,0.9822,-9.374,2.2748,7.626,0,0,0
-0.1929,0.1997,0.99,-7.9313,2.0305,5.374,0,0,0
-0.1892,0.1897,0.9875,-6.3664,1.1756,5.0611,0,0,0
-0.1904,0.1936,0.9895,-5.4275,1.0992,6.0992,0,0,0
-0.1882,0.1831,0.9961,-5.1985,0.8779,7.2901,0,0,0
-0.187,0.1934,0.9866,-5.5649,0.6641,7.3969,0,0,0
-0.1841,0.1816,0.9885,-6.3511,0.5496,7.9466,0,0,0
-0.1885,0.1848,0.9941,-6.0611,0.6336,8.4046,0,0,0
-0.1821,0.1926,0.9915,-5.1527,1.2977,6.9008,0,0,0
-0.1912,0.1904,0.9863,-4.9084,1.2824,6.2977,0,0,0
-0.198,0.1943,0.9773,-5.4046,0.7176,6.0763,0,0,0
-0.1975,0.1895,0.9773,-5.5649,-0.5573,6.4504,0,0,0
-0.2002,0.1829,0.9717,-4.5038,-1.7786,6.458,0,0,0
-0.1948,0.188,0.97,-2.4427,-3.3817,5.7405,0,0,0
-0.1948,0.199,0.9844,-0.7405,-4.7939,4.1832,0,0,0
-0.1785,0.1953,1.0059,0.2595,-2.6107,2.9313,0,0,0
-0.1797,0.1987,1.012,0.2977,-0.8015,2.6565,0,0,0
-0.1787,0.2073,1.0098,-1.3282,1.4733,2.4809,0,0,0
-0.1841,0.2041,0.9963,-3.3282,2.1679,2.4427,0,0,0
-0.1909,0.2034,0.9976,-5.0,2.5878,2.9924,0,0,0
-0.197,0.1938,0.9895,-5.6565,1.8855,3.5267,0,0,0
-0.2017,0.1907,0.9885,-6.1832,1.0229,3.8397,0,0,0
-0.2048,0.186,0.9856,-4.8779,-0.3511,3.6336,0,0,0
-0.2012,0.189,0.9795,-2.8626,-1.4656,2.7634,0,0,0
-0.1919,0.1875,0.9839,-2.3664,-2.2595,1.8244,0,0,0
-0.1821,0.1741,0.9944,-1.5496,-1.0,1.9008,0,0,0
-0.1833,0.1821,1.0046,-0.9771,0.2901,2.458,0,0,0
-0.1882,0.1902,1.0051,-1.5878,1.4046,2.7023,0,0,0
-0.1931,0.1938,0.9932,-2.5344,1.229,2.687,0,0,0
-0.1958,0.1831,0.9924,-2.8702,0.7786,3.2672,0,0,0
-0.1948,0.1721,0.991,-2.0687,0.3969,4.2366,0,0,0
-0.1936,0.1858,0.9922,-1.5115,0.1756,4.9771,0,0,0
-0.1899,0.2004,0.9976,-1.9542,0.7252,5.084,0,0,0
-0.1882,0.196,1.0,-3.4733,1.1527,4.8931,0,0,0
-0.1973,0.1963,0.9924,-5.3206,1.313,4.7099,0,0,0
-0.1914,0.1863,0.9968,-6.6794,1.4046,4.0763,0,0,0
-0.1953,0.1763,0.991,-6.8779,0.8626,4.2061,0,0,0
-0.1926,0.1672,0.9839,-5.9084,1.1069,4.8168,0,0,0
-0.1902,0.1694,0.9875,-4.9695,1.3206,5.8779,0,0,0
-0.188,0.1775,0.9878,-4.3817,1.7023,5.9924,0,0,0
-0.1917,0.1794,0.9846,-2.9466,2.1603,4.771,0,0,0
-0.2043,0.1814,0.9651,-1.5649,1.8244,3.6489,0,0,0
-0.198,0.1721,0.9624,-1.5573,0.313,2.8015,0,0,0
-0.1992,0.167,0.9758,-1.084,-0.8168,4.2443,0,0,0
-0.1951,0.1741,0.9851,-0.5802,-1.0305,5.3359,0,0,0
-0.1921,0.1899,0.9883,-2.084,-1.6794,5.687,0,0,0
-0.1951,0.1877,0.9934,-3.084,-1.6489,5.3664,0,0,0
-0.1917,0.1792,0.9934,-3.084,-2.1985,5.4122,0,0,0
-0.1863,0.1726,1.0076,-1.771,-1.5649,6.145,0,0,0
-0.1843,0.1797,1.0037,-0.4427,-0.542,7.0763,0,0,0
-0.188,0.2034,1.0,-0.6412,-0.4656,7.3282,0,0,0
-0.1853,0.2097,1.0017,-2.0153,-0.7939,6.1069,0,0,0
-0.1812,0.2063,1.0056,-3.1603,-0.4733,5.229,0,0,0
-0.1824,0.2024,1.0032,-3.8244,-0.1145,4.4733,0,0,0
-0.1814,0.1973,0.9983,-4.3969,0.2595,3.7328,0,0,0
-0.1819,0.1853,0.9946,-3.8092,0.7786,3.2366,0,0,0
-0.1931,0.1729,0.9832,-2.6718,1.6794,3.3817,0,0,0
-0.1982,0.1858,0.9834,-0.6183,1.1832,4.9771,0,0,0
-0.1982,0.1968,0.9822,0.0382,0.1221,4.9389,0,0,0
-0.1965,0.2078,0.9844,-0.5344,-0.8931,3.8168,0,0,0
-0.1902,0.2007,0.9856,-0.9389,-1.0534,3.7481,0,0,0
-0.1841,0.1897,0.9851,-1.4656,-0.5344,3.3893,0,0,0
-0.196,0.1968,0.9885,-1.313,0.0382,2.5878,0,0,0
-0.1973,0.1948,0.9778,-1.2672,-0.2519,1.3588,0,0,0
-0.2026,0.1836,0.9849,-0.8092,-1.145,1.5344,0,0,0
-0.1953,0.1785,0.9849,0.4733,-1.8779,2.1527,0,0,0
-0.1887,0.188,0.9888,1.313,-2.1221,2.1145,0,0,0
-0.189,0.2092,0.9954,0.229,-1.8702,2.5725,0,0,0
-0.1885,0.2058,1.0005,-1.7481,-1.6641,1.7176,0,0,0
-0.1804,0.1946,1.0012,-2.7786,-0.9771,0.7786,0,0,0
-0.1848,0.188,1.0015,-2.4046,-0.8779,0.0534,0,0,0
-0.1814,0.1812,1.0029,-1.5115,0.1679,-0.4427,0,0,0
-0.179,0.175,0.991,-0.7023,0.458,0.7481,0,0,0
-0.1848,0.187,0.9878,-0.2519,0.3969,1.4427,0,0,0
-0.1865,0.1899,0.9761,-1.0,0.5573,1.1603,0,0,0
-0.1924,0.188,0.9785,-1.145,-0.5191,1.2901,0,0,0
-0.1978,0.188,0.9839,-1.4046,-1.2366,0.9847,0,0,0
-0.1914,0.1816,0.9836,-0.9771,-2.2137,1.084,0,0,0
-0.1807,0.176,0.9871,0.0916,-1.6183,1.7939,0,0,0
-0.179,0.1899,0.9919,0.0458,-1.1145,2.4733,0,0,0
-0.1777,0.2004,0.9893,-1.3969,-0.5496,2.4504,0,0,0
-0.1846,0.2085,0.9861,-2.6794,-0.8473,2.4504,0,0,0
-0.1953,0.2024,0.9832,-2.9084,-1.8702,2.313,0,0,0
-0.1838,0.1917,0.9849,-2.2748,-2.5954,2.3435,0,0,0
-0.1814,0.1787,0.988,-1.4046,-2.8092,1.8626,0,0,0
-0.179,0.1787,0.9973,0.4351,-1.6641,1.7252,0,0,0
-0.1816,0.1892,0.9941,1.2366,-1.5802,2.1069,0,0,0
-0.1885,0.2046,1.0015,0.2519,-1.5878,2.3435,0,0,0
-0.1887,0.2061,1.0027,-0.2519,-1.7863,2.1603,0,0,0
-0.1887,0.2039,1.0056,-1.0,-1.4885,2.0229,0,0,0
-0.1853,0.1975,1.0017,-1.5191,-0.6031,1.6412,0,0,0
-0.1853,0.198,1.0054,-1.626,-0.1985,1.5038,0,0,0
-0.1833,0.1877,1.0068,-1.1832,-0.084,1.4504,0,0,0
-0.1799,0.1836,1.0088,0.1221,0.3359,1.8015,0,0,0
-0.1733,0.1938,1.0068,0.5496,0.916,2.2672,0,0,0
-0.179,0.2058,1.0042,0.4198,0.9008,2.0229,0,0,0
-0.1765,0.2158,1.0007,-1.458,1.8626,1.458,0,0,0
-0.1821,0.2073,0.9927,-3.2977,1.4809,1.0229,0,0,0
-0.1841,0.1926,0.9866,-4.2672,0.8779,1.0916,0,0,0
-0.1821,0.1873,0.9822,-3.9847,0.2519,1.8473,0,0,0
-0.1829,0.1777,0.9875,-3.1832,0.4275,2.4198,0,0,0
-0.1829,0.1917,0.9902,-1.7786,0.8397,2.7023,0,0,0
-0.1853,0.2129,0.9863,-1.458,1.3664,1.8244,0,0,0
-0.1958,0.207,0.9834,-2.1603,0.3664,0.5573,0,0,0
-0.1987,0.1941,0.9756,-2.0763,-1.0992,0.542,0,0,0
-0.1826,0.1953,0.989,-1.229,-2.4962,0.6489,0,0,0
-0.177,0.1797,1.0083,0.2824,-1.4046,1.2443,0,0,0
-0.1704,0.1992,1.0193,1.6031,0.0763,1.7939,0,0,0
-0.1753,0.209,1.0129,0.8473,1.1832,2.0382,0,0,0
-0.1804,0.2187,1.0002,-1.0305,1.7634,1.2672,0,0,0
-0.1765,0.209,0.989,-2.9618,2.6183,0.2061,0,0,0
-0.1833,0.1997,0.9805,-3.1145,2.4885,0.5191,0,0,0
-0.1821,0.1924,0.9724,-2.8397,2.2443,0.5802,0,0,0
-0.1799,0.1868,0.9863,-1.9313,1.5954,1.0611,0,0,0
-0.1772,0.1841,0.989,-0.5573,0.8702,2.0382,0,0,0
-0.1758,0.1929,0.9866,-0.1603,0.5267,2.0458,0,0,0
-0.1804,0.2036,0.9778,-0.3511,0.6489,2.4351,0,0,0
-0.1829,0.2039,0.9812,-1.3511,0.4656,2.7176,0,0,0
-0.1877,0.2036,0.9783,-1.9389,0.6947,3.0763,0,0,0
-0.1782,0.197,0.9846,-1.855,0.1221,3.3817,0,0,0
-0.1836,0.1948,0.9841,0.2519,0.1374,3.6794,0,0,0
-0.1768,0.1997,0.9895,1.2672,0.0076,4.2366,0,0,0
-0.1809,0.2063,0.9873,1.5573,0.542,4.3435,0,0,0
-0.1821,0.217,0.9846,1.5267,0.6565,3.5649,0,0,0
-0.1885,0.2158,0.9836,0.0992,-0.4046,2.9313,0,0,0
-0.1868,0.2107,0.9893,-0.3435,-1.2977,2.0534,0,0,0
-0.1716,0.1929,0.9871,-0.458,-1.7481,2.1603,0,0,0
-0.1665,0.1917,1.0034,1.0916,-0.8931,3.1908,0,0,0
-0.1689,0.1997,0.99,1.8321,0.458,3.8321,0,0,0
-0.1807,0.2129,0.9893,1.1374,0.7023,3.7786,0,0,0
-0.1897,0.2249,0.9854,-0.8244,-0.0916,2.7176,0,0,0
-0.1951,0.2158,0.9763,-2.0229,-0.9237,1.5649,0,0,0
-0.1899,0.2039,0.9741,-2.4885,-2.0229,1.1908,0,0,0
-0.186,0.1921,0.9878,-1.8397,-2.5344,1.6336,0,0,0
-0.1782,0.1868,0.9944,-0.4656,-1.8855,2.2137,0,0,0
-0.1904,0.1833,0.9937,1.0382,-1.2595,3.1069,0,0,0
-0.1919,0.1975,0.9905,1.8779,-1.7557,3.0534,0,0,0
-0.186,0.2078,0.9941,1.2443,-1.6107,2.7405,0,0,0
-0.1824,0.2065,0.9946,0.1221,-1.2901,2.6641,0,0,0
-0.1746,0.2061,1.0024,-0.7863,-0.0687,2.4885,0,0,0
-0.1799,0.1997,1.0061,-1.5573,1.1527,3.0076,0,0,0
-0.1897,0.2019,0.9912,-1.1908,0.9542,2.9618,0,0,0
-0.1946,0.2107,0.9851,-1.7863,-0.4122,2.8779,0,0,0
-0.187,0.2166,0.9839,-2.0458,-1.9313,2.7328,0,0,0
-0.1799,0.2212,0.9834,-2.4046,-1.5725,2.2137,0,0,0
-0.1816,0.2283,0.9878,-2.542,-1.313,0.687,0,0,0
-0.1836,0.2183,0.991,-2.5191,-1.1679,-0.6031,0,0,0
-0.1799,0.1992,0.9866,-1.4962,-0.6107,-1.0687,0,0,0
-0.1807,0.1824,0.9946,-0.0458,0.0534,-0.2519,0,0,0
-0.1807,0.1914,0.9846,0.7099,0.0,0.7405,0,0,0
-0.1819,0.2021,0.9873,-0.0916,-0.1069,1.1221,0,0,0
-0.1768,0.2092,0.9832,-2.1374,-0.1603,1.3053,0,0,0
-0.1777,0.1982,0.9863,-3.3893,-0.229,1.458,0,0,0
-0.177,0.1924,0.9922,-2.5725,-0.3435,1.9847,0,0,0
-0.1743,0.1924,0.988,-2.3664,-0.2977,2.542,0,0,0
-0.1816,0.2085,0.9924,-2.6794,-0.1985,3.1527,0,0,0
-0.1863,0.2151,0.9868,-3.2595,-0.4427,3.4198,0,0,0
-0.1885,0.2195,0.9836,-3.7405,-0.7786,3.2061,0,0,0
-0.1875,0.2239,0.9883,-4.2519,-1.3817,2.6641,0,0,0
-0.1929,0.207,0.9883,-4.0,-1.374,2.3817,0,0,0
-0.1897,0.2051,0.9939,-2.7634,-2.0153,2.7176,0,0,0
-0.177,0.1926,0.9983,-1.2443,-1.542,3.2519,0,0,0
-0.1819,0.2117,0.9993,-0.2901,-0.7176,3.6794,0,0,0
-0.1819,0.2136,1.0002,-1.1908,-0.7328,3.3893,0,0,0
-0.1799,0.22,0.9971,-2.5573,-1.0916,3.7099,0,0,0
-0.1746,0.2124,1.01,-2.8168,-1.4504,3.8931,0,0,0
-0.1714,0.2075,1.0127,-2.5344,-0.3206,3.9008,0,0,0
-0.1719,0.2056,1.0105,-1.7176,0.6947,3.7405,0,0,0
-0.1794,0.2031,0.9983,-0.5878,1.1145,3.3511,0,0,0
-0.1782,0.2065,0.9958,-0.145,1.1756,3.0382,0,0,0
-0.1816,0.2144,0.9966,-0.1298,1.0076,3.0763,0,0,0
-0.1841,0.2087,0.9915,0.2901,0.6336,3.5802,0,0,0
-0.1865,0.2148,0.9846,-0.1832,-0.0153,3.5115,0,0,0
-0.1785,0.207,0.9807,-0.1069,0.1679,3.2672,0,0,0
-0.1831,0.2061,0.9912,0.7557,0.0916,3.8321,0,0,0
-0.1809,0.2122,0.9873,1.6183,0.4427,3.3893,0,0,0
-0.1838,0.2195,0.9873,1.6718,0.1603,2.9466,0,0,0
-0.1794,0.2249,0.9875,0.8931,0.2748,3.0534,0,0,0
-0.176,0.2229,0.9907,0.1145,0.3969,3.2137,0,0,0
-0.1797,0.2117,0.9924,0.1069,1.374,3.1374,0,0,0
-0.1726,0.2241,0.9934,0.2595,1.9771,3.1145,0,0,0
-0.1858,0.2261,0.9822,-0.9847,2.3893,3.1298,0,0,0
-0.1907,0.228,0.9653,-2.6183,1.4504,3.1145,0,0,0
-0.1875,0.2234,0.9641,-3.916,0.1298,3.0611,0,0,0
-0.1829,0.2192,0.9731,-3.9313,-0.916,2.8779,0,0,0
-0.178,0.209,0.9766,-2.8473,-1.5573,2.8779,0,0,0
-0.1729,0.2002,0.9868,-0.5802,-1.5878,3.2366,0,0,0
-0.1748,0.2017,0.9897,1.5878,-1.7099,3.374,0,0,0
-0.1724,0.2136,0.9888,2.2672,-1.2137,3.4733,0,0,0
-0.1738,0.2175,0.9939,2.5725,-0.1221,3.5573,0,0,0
-0.1694,0.2219,0.9961,1.9618,-0.1679,3.4885,0,0,0
-0.1719,0.217,0.9951,2.0534,-0.5649,3.5038,0,0,0
-0.167,0.2144,1.0032,3.3817,-0.5344,3.4351,0,0,0
-0.1694,0.219,1.0073,4.9695,0.2595,3.5191,0,0,0
-0.1677,0.2349,0.9993,5.1374,1.2519,3.1756,0,0,0
-0.178,0.2512,0.9971,3.4122,1.4504,2.1985,0,0,0
-0.1843,0.2488,0.9919,0.5344,0.5191,1.5802,0,0,0
-0.1768,0.2454,0.9836,-1.7176,0.084,2.2977,0,0,0
-0.1729,0.231,0.9983,-2.2137,-0.229,2.8473,0,0,0
-0.1711,0.2144,0.9958,-0.4504,-0.0763,3.1069,0,0,0
-0.1697,0.2209,0.9919,1.4275,0.8779,2.6947,0,0,0
-0.1777,0.229,0.9873,1.6947,1.3359,2.0534,0,0,0
-0.1819,0.2422,0.9766,1.1679,0.9008,1.084,0,0,0
-0.1831,0.23,0.9741,-0.1603,0.3893,0.5496,0,0,0
-0.1792,0.2158,0.9788,0.6489,0.0382,0.771,0,0,0
-0.1755,0.2039,0.9814,1.9618,0.2061,1.6794,0,0,0
-0.179,0.2146,0.998,3.4275,0.8931,2.1832,0,0,0
-0.1755,0.2207,0.9832,3.771,1.0611,2.1221,0,0,0
-0.1777,0.2253,0.9839,3.6794,0.6412,1.6794,0,0,0
-0.1716,0.2151,0.9851,3.9771,0.9618,1.2366,0,0,0
-0.1699,0.2104,0.9719,4.5038,1.4427,1.5115,0,0,0
-0.1819,0.2217,0.9648,4.9084,1.687,1.8015,0,0,0
-0.1938,0.2278,0.9578,4.0992,0.1374,2.5496,0,0,0
-0.1838,0.2234,0.9746,3.3282,-0.6489,2.8855,0,0,0
-0.178,0.2214,0.9685,3.4504,-1.1145,3.7863,0,0,0
-0.1726,0.2285,0.9724,3.3893,-1.2901,3.8092,0,0,0
-0.1743,0.2288,0.9773,2.4122,-1.458,3.3817,0,0,0
-0.1814,0.2234,0.9722,1.9466,-0.8015,3.7252,0,0,0
-0.1851,0.2227,0.9751,1.7557,-0.7023,5.1603,0,0,0
-0.1853,0.219,0.98,2.5115,-0.7176,6.5725,0,0,0
-0.1863,0.2163,0.9915,4.8473,-0.6107,7.6031,0,0,0
-0.1843,0.2395,0.9944,6.1908,-0.3511,7.1908,0,0,0
-0.1851,0.2588,0.9924,6.8244,-0.7481,6.1069,0,0,0
-0.1875,0.2559,0.9871,6.9313,-1.1908,5.2443,0,0,0
-0.187,0.2559,0.9829,7.2366,-0.8015,4.7557,0,0,0
-0.186,0.2466,0.9905,5.9237,-0.9237,4.1832,0,0,0
-0.1824,0.2625,0.9829,5.2595,-1.3893,4.313,0,0,0
-0.1838,0.2766,0.9854,4.2137,-1.5878,3.9542,0,0,0
-0.1777,0.2783,0.9905,3.0458,-1.8473,4.0076,0,0,0
-0.1736,0.2737,0.9893,2.855,-2.1069,3.3664,0,0,0
-0.1743,0.2732,0.9858,2.8473,-1.4122,2.5496,0,0,0
-0.1614,0.2686,0.9868,2.7634,-0.6794,2.4656,0,0,0
-0.1726,0.2566,0.9822,3.4046,-0.8168,2.0687,0,0,0
-0.1748,0.2776,0.9778,3.7863,-1.2672,2.0076,0,0,0
-0.1685,0.2925,0.967,2.5954,-2.2214,0.626,0,0,0
-0.1707,0.2937,0.9739,1.1145,-2.8779,0.0382,0,0,0
-0.1643,0.2839,0.9812,0.145,-2.7863,0.2595,0,0,0
-0.1614,0.2749,0.9912,0.9847,-1.3435,0.3588,0,0,0
-0.1682,0.2725,0.9907,2.0687,0.1145,0.145,0,0,0
-0.1702,0.2737,0.9783,2.8473,0.3053,-0.4198,0,0,0
-0.1768,0.2825,0.9807,2.145,-0.6565,-0.3969,0,0,0
-0.1714,0.2849,0.9866,0.5496,-1.2443,-0.7863,0,0,0
-0.1724,0.2637,0.981,-0.229,-1.5954,-1.0229,0,0,0
-0.1694,0.2607,0.9783,0.626,-1.7252,-1.0153,0,0,0
-0.1711,0.2544,0.9758,1.5496,-1.6947,-1.1985,0,0,0
-0.1697,0.2573,0.978,2.0916,-1.5115,-1.3282,0,0,0
-0.1702,0.2527,0.9834,1.7252,-2.2061,-1.5802,0,0,0
-0.1658,0.26,0.9822,1.9084,-1.7328,-0.3664,0,0,0
-0.1699,0.259,0.9758,1.6107,-1.2977,0.0076,0,0,0
-0.1721,0.2734,0.969,1.4962,-1.1221,-0.313,0,0,0
-0.1721,0.2832,0.9702,1.3282,-1.8931,-2.0763,0,0,0
-0.1597,0.2715,0.9607,0.6107,-2.2366,-2.771,0,0,0
-0.1841,0.2705,0.9707,0.626,-1.9389,-4.3282,0,0,0
-0.1794,0.2769,0.9602,1.0382,-3.916,-4.1145,0,0,0
-0.1677,0.2786,0.9631,0.3511,-4.8473,-3.3969,0,0,0
-0.1641,0.2681,0.9714,0.0305,-5.229,-2.9008,0,0,0
-0.1609,0.2732,0.9685,0.9313,-5.7099,-3.2214,0,0,0
-0.1582,0.301,0.9812,1.2214,-6.6489,-6.5573,0,0,0
-0.1558,0.3264,0.9797,1.1756,-5.4809,-11.145,0,0,0
-0.1511,0.3335,0.988,1.9237,-5.3969,-17.8779,0,0,0
-0.1467,0.3337,0.9939,4.1832,-4.4046,-25.8244,0,0,0
-0.1523,0.3315,0.9973,6.2137,-3.1985,-32.0076,0,0,0
-0.1582,0.3228,0.9839,8.626,-2.6947,-37.8168,0,0,0
-0.1895,0.3521,0.9458,12.3588,-6.542,-48.3359,0,0,0
-0.2117,0.354,0.9146,17.0458,-12.2137,-58.9542,0,0,0
-0.2354,0.3608,0.8857,22.0534,-23.3206,-69.9847,0,0,0
-0.2324,0.3242,0.8745,26.7557,-34.0763,-75.145,0,0,0
-0.251,0.3198,0.8323,31.6794,-44.6489,-78.3435,0,0,0
-0.2302,0.3301,0.8518,36.313,-55.4962,-76.7099,0,0,0
-0.1653,0.3135,0.9348,39.2137,-63.8244,-73.9466,0,0,0
-0.1426,0.2981,0.9578,42.9618,-63.0382,-66.0763,0,0,0
-0.1282,0.3376,0.9824,42.6412,-56.9695,-60.3053,0,0,0
-0.1182,0.4153,0.9709,34.4733,-51.0382,-60.0305,0,0,0
-0.1187,0.4331,0.9741,26.6718,-47.3359,-66.4733,0,0,0
-0.0938,0.4502,1.01,20.9847,-43.5649,-76.2977,0,0,0
-0.0928,0.447,1.0151,16.9466,-36.0305,-83.7099,0,0,0
-0.0793,0.4541,1.0081,9.9847,-28.2519,-83.4886,0,0,0
-0.0906,0.4077,0.9939,3.5038,-23.687,-77.8244,0,0,0
-0.1162,0.3193,0.9844,0.2519,-21.4885,-69.1679,0,0,0
-0.1099,0.2913,0.9778,0.4122,-21.3664,-64.9389,0,0,0
-0.0984,0.3345,0.9773,0.5191,-21.6336,-63.9771,0,0,0
-0.0974,0.3047,0.9724,-2.3282,-23.0382,-61.6794,0,0,0
-0.1045,0.3081,0.9807,-3.7634,-22.8626,-57.7786,0,0,0
-0.0813,0.2825,1.009,-5.7786,-20.5802,-54.2214,0,0,0
-0.0828,0.3169,1.0303,-7.2061,-15.6336,-51.8397,0,0,0
-0.0686,0.3059,1.0166,-8.2443,-10.2214,-52.7252,0,0,0
-0.0911,0.2512,1.0139,-7.5344,-5.1298,-50.0305,0,0,0
-0.0991,0.2231,1.0071,-5.2366,-2.0458,-43.3588,0,0,0
-0.0918,0.2192,1.021,-2.5954,3.1374,-34.9389,0,0,0
-0.1052,0.2705,1.0151,-1.9924,8.0076,-28.6489,0,0,0
-0.1133,0.3291,0.9983,-4.8855,11.1603,-28.3664,0,0,0
-0.1367,0.3369,0.9897,-9.7863,12.5191,-29.6183,0,0,0
-0.1514,0.3135,0.9753,-13.3664,12.0,-30.5267,0,0,0
-0.1604,0.2952,0.9734,-13.7786,10.2519,-30.1069,0,0,0
-0.1697,0.2534,0.9661,-11.9466,6.7939,-28.9924,0,0,0
-0.1841,0.2346,0.9641,-6.4427,0.4122,-24.4046,0,0,0
-0.1335,0.2466,0.9724,-1.6718,-5.0382,-21.6336,0,0,0
-0.1477,0.259,0.9465,-1.1603,0.9084,-21.0382,0,0,0
-0.1846,0.2527,0.9319,-3.0076,-2.542,-14.8779,0,0,0
-0.1689,0.2307,0.9343,-7.3588,-6.5115,-7.771,0,0,0
-0.1499,0.2407,0.9478,-9.5573,-8.7481,-5.0687,0,0,0
-0.1394,0.2563,0.958,-11.9237,-9.7939,-6.0534,0,0,0
-0.1328,0.2317,0.9678,-12.9618,-8.0916,-6.8168,0,0,0
-0.1313,0.21,0.9705,-12.2672,-7.1679,-4.3664,0,0,0
-0.1399,0.2078,0.97,-10.6183,-6.6336,-0.9466,0,0,0
-0.1382,0.2231,0.9617,-9.4122,-6.1298,0.1603,0,0,0
-0.1333,0.2334,0.9731,-7.2366,-6.2748,-0.3435,0,0,0
-0.1362,0.2358,0.9734,-4.8015,-5.8168,-1.8397,0,0,0
-0.1448,0.2268,0.9692,-2.7481,-5.7176,-2.1527,0,0,0
-0.1338,0.2273,0.9758,-0.5267,-5.0382,-1.0916,0,0,0
-0.1389,0.2271,0.9778,1.1298,-3.6565,0.2366,0,0,0
-0.1436,0.2327,0.9709,1.9466,-3.374,1.7939,0,0,0
-0.1509,0.2566,0.9736,1.458,-3.7786,2.3206,0,0,0
-0.1443,0.2703,0.9724,-0.9389,-3.9389,0.5725,0,0,0
-0.1484,0.2671,0.9778,-3.3817,-4.1832,0.3053,0,0,0
-0.1438,0.2588,0.9756,-4.9847,-3.458,1.1527,0,0,0
-0.1394,0.2729,0.9751,-5.7023,-3.2519,1.1298,0,0,0
-0.1404,0.2603,0.9768,-5.855,-3.4198,-0.2214,0,0,0
-0.1421,0.2673,0.9915,-5.1603,-3.6107,-0.1832,0,0,0
-0.1396,0.2563,0.9812,-4.7634,-3.4275,-0.3206,0,0,0
-0.1414,0.2539,0.9937,-3.3969,-3.2901,-0.0076,0,0,0
-0.1389,0.2544,0.9941,-1.7023,-3.3817,0.1374,0,0,0
-0.1382,0.2578,0.99,-0.4198,-3.0458,0.6794,0,0,0
-0.1387,0.2649,0.989,0.1145,-2.7863,0.9924,0,0,0
-0.137,0.271,0.9946,-0.3053,-3.1985,1.7863,0,0,0
-0.1345,0.2786,1.0002,-0.6031,-3.0305,2.3282,0,0,0
-0.1313,0.2947,0.9946,-1.313,-2.687,1.7557,0,0,0
-0.1348,0.2849,0.9973,-2.3435,-2.3435,1.2977,0,0,0
-0.1343,0.283,0.9941,-2.7252,-1.7328,1.8321,0,0,0
-0.1326,0.2832,0.9946,-2.7328,-1.2137,1.7099,0,0,0
-0.1328,0.2832,1.0027,-2.0153,-0.3588,1.3282,0,0,0
-0.1335,0.2844,1.0051,-0.7557,0.2824,0.7863,0,0,0
-0.1423,0.282,0.9966,-0.1908,0.3053,1.2443,0,0,0
-0.1392,0.2871,0.9912,0.0076,-0.2137,0.855,0,0,0
-0.1406,0.2854,0.9973,-0.1985,0.1527,0.4427,0,0,0
-0.1396,0.292,0.9951,-0.6794,0.7099,0.313,0,0,0
-0.1396,0.293,0.9971,-1.1603,1.0153,-0.2214,0,0,0
-0.1418,0.293,0.9863,-2.145,0.7634,-0.1679,0,0,0
-0.1389,0.2839,0.9885,-2.3893,1.0458,-0.7405,0,0,0
-0.1411,0.2766,0.9851,-1.2748,1.1298,-0.7863,0,0,0
-0.1387,0.2795,1.0,-0.8855,0.7634,-0.771,0,0,0
-0.1313,0.2786,0.9951,-0.084,1.2214,-1.4504,0,0,0
-0.1331,0.2742,0.9849,-0.5115,2.0305,-1.1756,0,0,0
-0.1345,0.2759,0.9841,-1.1679,2.3893,-0.7176,0,0,0
-0.134,0.2854,0.9883,-1.5802,2.3893,-0.916,0,0,0
-0.1311,0.2871,0.9863,-2.4351,2.4351,-2.4656,0,0,0
-0.1304,0.2671,0.9871,-2.5878,2.6947,-3.4427,0,0,0
-0.1396,0.2583,0.9817,-1.0458,2.5115,-3.7634,0,0,0
-0.1389,0.2527,0.9729,-0.2901,2.3359,-3.2824,0,0,0
-0.1389,0.2456,0.9753,-0.4198,1.9466,-1.8244,0,0,0
-0.1382,0.2493,0.9822,-0.8015,1.2595,0.4809,0,0,0
-0.1313,0.2502,0.9866,-2.2672,1.2214,2.3282,0,0,0
-0.1284,0.2683,0.9929,-3.1298,2.5038,1.7023,0,0,0
-0.1316,0.2688,0.9751,-4.1679,2.8244,0.8168,0,0,0
-0.1357,0.2654,0.9858,-4.084,2.3435,0.2061,0,0,0
-0.1345,0.262,0.9709,-3.2977,2.458,-0.5954,0,0,0
-0.1409,0.2734,0.9631,-2.6718,1.7939,-1.2672,0,0,0
-0.1489,0.2712,0.9563,-2.9237,0.0382,-2.2672,0,0,0
-0.1487,0.2522,0.9656,-1.6565,-1.2519,-1.7405,0,0,0
-0.1362,0.2493,0.9773,0.2443,-0.9847,-0.5038,0,0,0
-0.1387,0.2639,0.9702,0.3893,-0.374,0.2824,0,0,0
-0.1472,0.2783,0.9756,-0.8855,-0.6947,-0.084,0,0,0
-0.1455,0.2864,0.9697,-2.542,-0.6183,-0.7023,0,0,0
-0.1445,0.2722,0.9624,-4.4046,-1.3053,-0.6107,0,0,0
-0.1453,0.2551,0.9651,-4.0458,-2.084,-0.0763,0,0,0
-0.1428,0.2517,0.9658,-3.5344,-2.7023,0.5954,0,0,0
-0.1455,0.2563,0.9687,-2.1145,-3.4275,1.458,0,0,0
-0.1438,0.2607,0.9707,-2.0916,-3.5573,2.2519,0,0,0
-0.1355,0.2686,0.9746,-2.6565,-3.8855,3.0229,0,0,0
-0.1365,0.2761,0.9775,-2.8702,-3.8168,3.4809,0,0,0
-0.1379,0.2791,0.9778,-4.2595,-3.8473,2.2672,0,0,0
-0.1353,0.2715,0.9788,-4.7786,-3.9924,1.916,0,0,0
-0.1348,0.2544,0.978,-3.7863,-3.9618,1.6718,0,0,0
-0.1416,0.2483,0.9761,-2.2672,-3.5954,2.6183,0,0,0
-0.1389,0.2659,0.9763,-1.6107,-4.3664,3.9313,0,0,0
-0.1394,0.2769,0.9824,-1.7176,-4.8397,4.3664,0,0,0
-0.1387,0.2952,0.9902,-2.1603,-5.3206,2.7557,0,0,0
-0.1433,0.2803,0.9912,-2.5649,-5.084,0.9771,0,0,0
-0.1401,0.2673,0.9946,-2.0611,-4.1603,0.7481,0,0,0
-0.1401,0.2622,1.0,-0.5954,-2.8779,1.0382,0,0,0
-0.1445,0.2842,0.9949,0.0229,-2.4733,0.2901,0,0,0
-0.1487,0.3005,0.9822,-1.1374,-3.3435,-1.1527,0,0,0
-0.1487,0.2942,0.9861,-2.9008,-4.855,-2.3435,0,0,0
-0.1399,0.2815,0.9827,-4.2519,-5.6183,-2.1908,0,0,0
-0.1274,0.2615,0.989,-4.3511,-5.6718,-1.916,0,0,0
-0.1123,0.2551,0.9961,-3.1908,-5.1985,-1.6565,0,0,0
-0.1094,0.2617,1.0005,-1.8015,-4.4962,-2.0458,0,0,0
-0.1191,0.2644,0.9893,-1.7328,-4.5038,-2.084,0,0,0
-0.1165,0.2825,0.9902,-2.3435,-4.6412,-2.0992,0,0,0
-0.1182,0.2815,0.9946,-2.9313,-4.6718,-2.0992,0,0,0
-0.1182,0.2754,0.9861,-3.5038,-5.6107,-1.626,0,0,0
-0.106,0.25,0.9941,-2.4427,-5.229,-1.2137,0,0,0
-0.1016,0.2527,0.9995,-0.9542,-4.5802,-0.2824,0,0,0
-0.1062,0.2637,1.0039,0.2061,-3.1221,1.0992,0,0,0
-0.1101,0.2866,1.0049,0.6565,-2.2595,1.1069,0,0,0
-0.1082,0.3005,1.0012,-0.7481,-1.1679,-1.0687,0,0,0
-0.1133,0.2864,1.001,-1.9466,-0.0763,-2.2214,0,0,0
-0.1245,0.2773,0.9912,-1.6641,-0.2672,-1.7252,0,0,0
-0.1311,0.2791,0.991,-0.4733,-0.5802,-1.626,0,0,0
-0.1301,0.2793,0.9802,0.458,-1.1069,-1.8397,0,0,0
-0.1255,0.2793,0.9885,1.2061,-1.4275,-1.9084,0,0,0
-0.1199,0.2813,1.0017,1.5573,-0.9618,-1.4504,0,0,0
-0.1169,0.2954,0.9954,0.6641,-0.4427,-1.374,0,0,0
-0.1248,0.3018,1.0051,-1.7099,-0.7328,-1.7099,0,0,0
-0.1162,0.2966,0.9985,-3.8931,-0.7252,-3.1298,0,0,0
-0.1145,0.2783,0.9973,-4.8931,-0.0305,-3.9008,0,0,0
-0.1187,0.2524,0.9907,-3.3206,0.8321,-3.9008,0,0,0
-0.1243,0.2539,0.9868,-1.4809,1.4198,-3.5878,0,0,0
-0.1306,0.2576,0.9829,0.5954,0.9466,-3.0611,0,0,0
-0.1377,0.2656,0.9741,1.8473,-0.0992,-2.458,0,0,0
-0.137,0.272,0.9744,1.5038,-2.0,-2.4962,0,0,0
-0.1343,0.2683,0.9895,1.3817,-3.3282,-3.0229,0,0,0
-0.1235,0.261,0.9929,1.9695,-3.6947,-3.4962,0,0,0
-0.1184,0.2668,0.9963,3.313,-3.0611,-3.5725,0,0,0
-0.1262,0.2742,0.9966,3.9695,-2.2519,-4.3359,0,0,0
-0.1321,0.2808,0.9829,3.9542,-2.5649,-4.5344,0,0,0
-0.1462,0.2883,0.9758,2.8473,-3.3206,-4.2137,0,0,0
-0.1443,0.2976,0.9709,1.229,-4.9084,-4.8244,0,0,0
-0.1399,0.2881,0.9719,0.542,-6.4656,-6.0229,0,0,0
-0.1389,0.2844,0.9707,0.1069,-7.8855,-6.4046,0,0,0
-0.1355,0.2708,0.9583,0.2977,-9.4046,-6.1069,0,0,0
-0.1309,0.2598,0.9607,1.8473,-10.9084,-5.5115,0,0,0
-0.1191,0.25,0.9822,3.5191,-10.5878,-3.6336,0,0,0
-0.1089,0.2524,0.9902,4.855,-8.0916,-0.7634,0,0,0
-0.1038,0.2856,0.9939,3.8626,-5.0611,1.2214,0,0,0
-0.1011,0.314,0.9858,-0.2519,-3.3664,0.9008,0,0,0
-0.1094,0.3242,0.9822,-4.0763,-2.7328,-0.4656,0,0,0
-0.1108,0.3147,0.9731,-7.0229,-2.9389,-3.4198,0,0,0
-0.1057,0.2798,0.9746,-6.0916,-1.6183,-5.4122,0,0,0
-0.1133,0.2732,0.969,-3.0229,-0.5038,-5.0687,0,0,0
-0.1196,0.2764,0.9609,-0.6107,-1.3893,-4.855,0,0,0
-0.1204,0.2947,0.9629,0.4656,-3.2977,-5.1756,0,0,0
-0.1199,0.3066,0.9641,-0.5267,-5.8626,-5.3359,0,0,0
-0.1021,0.2771,0.9841,-1.9466,-7.4504,-5.8321,0,0,0
-0.0823,0.2581,1.0037,-1.7786,-6.6031,-5.1298,0,0,0
-0.0815,0.2549,1.011,-0.6718,-4.7481,-4.8473,0,0,0
-0.0818,0.2673,1.0134,-0.0763,-3.2214,-4.5878,0,0,0
-0.0994,0.2737,1.0049,-0.4046,-2.5267,-4.6031,0,0,0
-0.0977,0.271,0.9988,-0.9389,-2.9008,-4.4046,0,0,0
-0.0967,0.2825,1.0022,-0.6794,-3.1832,-4.2366,0,0,0
-0.0947,0.26,0.9995,0.4809,-3.2443,-3.8473,0,0,0
-0.0986,0.272,1.0071,2.229,-3.1221,-2.5191,0,0,0
-0.1001,0.2744,0.9988,2.9695,-2.7634,-1.7176,0,0,0
-0.1018,0.2937,0.9983,2.8397,-3.0153,-1.8702,0,0,0
-0.106,0.3005,0.9895,2.2519,-3.0153,-3.4198,0,0,0
-0.1072,0.2876,0.9937,1.7099,-2.6336,-4.4504,0,0,0
-0.1067,0.2917,0.9907,1.3435,-1.6412,-3.9847,0,0,0
-0.104,0.28,0.988,1.9924,-1.0229,-3.7099,0,0,0
-0.105,0.3,0.979,1.2519,-0.9847,-2.9847,0,0,0
-0.115,0.2944,0.9724,0.1527,-1.7328,-2.6947,0,0,0
-0.1204,0.2944,0.9658,-0.8931,-2.4656,-2.4046,0,0,0
-0.124,0.2874,0.9641,-1.084,-3.7328,-3.0916,0,0,0
-0.1196,0.2859,0.9626,-0.1527,-4.9389,-3.542,0,0,0
-0.1135,0.2815,0.9597,1.7252,-5.0153,-4.1221,0,0,0
-0.1123,0.2886,0.9626,3.4962,-4.687,-4.1679,0,0,0
-0.1072,0.2942,0.9629,4.5267,-4.8015,-4.7863,0,0,0
-0.1033,0.2856,0.9722,4.4656,-5.145,-4.4046,0,0,0
-0.092,0.2888,0.9812,3.6718,-3.9847,-3.1374,0,0,0
-0.0823,0.304,0.9812,2.1374,-2.7328,-3.4351,0,0,0
-0.0808,0.2998,0.9817,0.0076,-1.6489,-5.3588,0,0,0
-0.0789,0.2808,0.978,0.7863,-0.9924,-5.7328,0,0,0
-0.0845,0.2791,0.9771,1.4504,-1.084,-5.4198,0,0,0
-0.0872,0.2842,0.98,1.3053,-1.3282,-5.2824,0,0,0
-0.0828,0.2783,0.9814,0.9389,-1.8779,-4.2443,0,0,0
-0.0811,0.2761,0.9819,0.458,-1.0305,-3.0687,0,0,0
-0.0781,0.2805,0.9749,-1.1374,0.1832,-2.8092,0,0,0
-0.085,0.2847,0.9666,-2.145,0.8855,-2.3511,0,0,0
-0.0928,0.28,0.9634,-3.2901,0.3511,-2.2977,0,0,0
-0.0876,0.2605,0.9644,-3.3053,-0.1679,-2.2977,0,0,0
-0.0933,0.2708,0.9639,-0.9771,-0.5878,-2.2901,0,0,0
-0.0952,0.2732,0.9644,0.8779,-1.229,-2.4962,0,0,0
-0.1033,0.281,0.9592,1.5496,-2.2137,-1.8321,0,0,0
-0.1057,0.2759,0.9565,1.5115,-2.4962,-0.2977,0,0,0
-0.0962,0.2886,0.9783,1.4656,-2.374,0.5496,0,0,0
-0.0989,0.292,0.9775,0.8931,-2.4962,-0.0305,0,0,0
-0.1018,0.2878,0.9849,1.3588,-2.3817,-0.4427,0,0,0
-0.1023,0.2878,0.9875,1.9924,-1.4198,0.0382,0,0,0
-0.1021,0.2969,0.9832,1.6641,-1.1374,0.458,0,0,0
-0.1018,0.3064,0.9851,0.4885,-1.0763,1.4656,0,0,0
-0.0989,0.3237,0.9871,-1.7863,-1.084,1.2366,0,0,0
-0.0908,0.3196,0.9902,-3.6718,-1.7557,0.0076,0,0,0
-0.0854,0.3042,1.0076,-3.4122,-1.0076,-0.7252,0,0,0
-0.0767,0.2891,1.0056,-1.771,0.3588,-1.4427,0,0,0
-0.084,0.293,1.0044,-0.6641,2.0687,-1.4962,0,0,0
-0.0952,0.3076,0.9871,-0.2214,3.1832,-2.0611,0,0,0
-0.1038,0.3088,0.9812,-1.2214,2.6183,-1.9771,0,0,0
-0.1023,0.3013,0.98,-2.8702,1.3511,-1.313,0,0,0
-0.1028,0.2981,0.9807,-3.1832,1.0076,-0.4198,0,0,0
-0.0964,0.2922,0.9849,-3.626,1.5191,0.0992,0,0,0
-0.0945,0.3022,0.9751,-4.0,1.7634,-0.6412,0,0,0
-0.0981,0.2952,0.9678,-4.0687,1.9618,-1.4427,0,0,0
-0.103,0.293,0.9668,-3.2748,2.2214,-1.5573,0,0,0
-0.1064,0.2871,0.9683,-2.0763,1.9924,-1.1374,0,0,0
-0.1062,0.293,0.9563,-1.1679,0.6947,-0.1832,0,0,0
-0.1077,0.2993,0.9646,-1.2137,0.0534,0.6947,0,0,0
-0.103,0.301,0.9653,-1.7557,-0.2672,1.0153,0,0,0
-0.0981,0.3074,0.9719,-2.7481,0.2901,0.0763,0,0,0
-0.1008,0.304,0.97,-3.1298,0.9542,-0.4885,0,0,0
-0.1023,0.293,0.9639,-2.5802,0.8092,-0.5954,0,0,0
-0.1045,0.2981,0.968,-1.0458,0.4122,-0.6412,0,0,0
-0.1038,0.3123,0.9722,-0.542,-0.0534,-0.9618,0,0,0
-0.1079,0.3047,0.9658,-0.6641,-0.4427,-0.9924,0,0,0
-0.1003,0.3088,0.9778,-1.0305,-0.9084,-1.9695,0,0,0
-0.1016,0.3066,0.9702,-1.626,-0.4351,-1.9924,0,0,0
-0.1011,0.2969,0.978,-1.542,-0.1756,-1.6412,0,0,0
-0.1008,0.2927,0.9771,-0.9618,0.4962,-1.3817,0,0,0
-0.1064,0.2979,0.9766,-1.2672,0.9084,-1.5344,0,0,0
-0.1133,0.2961,0.97,-1.5496,0.0611,-1.4427,0,0,0
-0.1089,0.2969,0.9675,-2.3435,-0.9237,-1.0763,0,0,0
-0.1106,0.2891,0.9683,-2.5725,-1.6031,-0.4656,0,0,0
-0.1079,0.3,0.9761,-2.2748,-2.145,0.2748,0,0,0
-0.1084,0.2979,0.9773,-2.6412,-2.1908,-0.145,0,0,0
-0.1047,0.2874,0.9834,-2.1756,-2.0763,0.3893,0,0,0
-0.1035,0.3003,0.9875,-1.1832,-1.5649,0.4885,0,0,0
-0.1021,0.3083,0.9944,-0.6718,-1.0992,-0.5725,0,0,0
-0.1074,0.3132,0.9915,-0.3206,-0.3588,-1.2977,0,0,0
-0.104,0.3098,0.9905,-1.1527,-0.0687,-1.771,0,0,0
-0.1025,0.3035,0.9858,-1.4427,0.3206,-1.5038,0,0,0
-0.0984,0.2969,0.9817,-1.8397,0.3053,-1.4275,0,0,0
-0.0969,0.2932,0.9819,-1.4504,-0.1832,-1.8321,0,0,0
-0.0996,0.2866,0.9871,-1.1603,-0.3817,-1.0458,0,0,0
-0.0928,0.3,0.99,-1.7099,0.3053,-0.4427,0,0,0
-0.104,0.3074,0.9841,-2.2672,1.2061,-1.1832,0,0,0
-0.1101,0.2979,0.9785,-3.0763,1.4656,-1.084,0,0,0
-0.1135,0.29,0.9673,-3.2595,1.4427,-0.8931,0,0,0
-0.1145,0.2759,0.9673,-2.3511,0.8779,-0.313,0,0,0
-0.1172,0.292,0.9578,-0.5954,0.1069,-0.1908,0,0,0
-0.1125,0.3035,0.9702,-0.626,-0.8779,-0.8397,0,0,0
-0.1067,0.3027,0.97,-0.8397,-1.0611,-1.0763,0,0,0
-0.1023,0.3013,0.9736,-1.7252,-0.374,-0.6718,0,0,0
-0.1025,0.3003,0.967,-2.4733,0.1374,-0.4351,0,0,0
-0.1062,0.2979,0.9629,-3.1374,-0.1603,-0.5878,0,0,0
-0.1028,0.2842,0.9661,-3.2977,-1.3511,-0.3435,0,0,0
-0.103,0.2876,0.9668,-2.9084,-1.6412,0.2137,0,0,0
-0.1008,0.2925,0.9734,-2.5038,-1.9237,1.1832,0,0,0
-0.0991,0.2998,0.9812,-2.4656,-1.4122,1.4198,0,0,0
-0.1003,0.3037,0.9834,-2.7863,-0.6947,1.0763,0,0,0
-0.1099,0.3054,0.9761,-2.9237,-0.3435,0.4046,0,0,0
-0.1089,0.311,0.9771,-3.3282,-0.4122,-0.2824,0,0,0
-0.1116,0.301,0.9834,-3.2977,-0.6947,-1.1985,0,0,0
-0.1013,0.2979,0.979,-2.6412,-0.4733,-1.6565,0,0,0
-0.1013,0.302,0.9731,-2.6641,-0.1221,-2.0992,0,0,0
-0.103,0.2915,0.9761,-2.4962,-0.1527,-1.9313,0,0,0
-0.1082,0.2856,0.9731,-2.2901,-0.3282,-1.145,0,0,0
-0.1084,0.2896,0.9653,-2.4962,-0.6718,-0.5573,0,0,0
-0.1082,0.2942,0.9771,-1.8855,-1.5573,-0.7481,0,0,0
-0.1028,0.3005,0.981,-1.9542,-2.1985,-0.3282,0,0,0
-0.0981,0.2939,0.9919,-2.4046,-2.1985,-0.4046,0,0,0
-0.1013,0.3003,0.9949,-2.5191,-1.4504,0.0,0,0,0
-0.0994,0.304,0.9924,-2.1603,-0.7328,-1.1527,0,0,0
-0.1057,0.3044,0.989,-1.6565,-0.0687,-1.3969,0,0,0
-0.1113,0.3008,0.9846,-2.4351,0.2061,-1.3893,0,0,0
-0.1155,0.2991,0.9849,-3.4962,-0.0763,-1.2137,0,0,0
-0.1082,0.2944,0.988,-3.4809,-0.3664,-1.1145,0,0,0
-0.1042,0.2937,0.9937,-3.145,-0.1832,-1.1603,0,0,0
-0.0964,0.2896,1.0029,-3.0458,1.5496,-1.5725,0,0,0
-0.0864,0.2878,1.0222,-2.855,5.0382,-1.8779,0,0,0
-0.0862,0.2896,1.0217,-3.0382,8.7939,-0.9695,0,0,0
-0.0869,0.2942,1.0132,-5.1374,12.3664,-0.4046,0,0,0
-0.0894,0.3149,1.0146,-7.7176,14.229,0.0916,0,0,0
-0.0952,0.2961,1.03,-11.1298,18.4198,-0.374,0,0,0
-0.0867,0.2915,1.0283,-13.1069,22.3588,-0.0687,0,0,0
-0.0906,0.2991,1.0315,-14.1221,26.2748,-0.313,0,0,0
-0.085,0.2976,1.0371,-15.9313,31.5573,-1.8779,0,0,0
-0.1086,0.2915,1.03,-17.7786,37.0763,-2.8626,0,0,0
-0.1211,0.2651,1.0149,-18.3053,39.5954,-2.1145,0,0,0
-0.1455,0.2754,0.9902,-18.542,40.3206,-2.0,0,0,0
-0.137,0.2646,0.9866,-19.2061,41.4809,-1.9695,0,0,0
-0.1558,0.2854,0.9917,-19.5038,42.4504,-2.7634,0,0,0
-0.1614,0.2996,0.9875,-21.9008,45.5191,-4.8626,0,0,0
-0.1677,0.2832,0.9958,-23.5954,47.6183,-7.0458,0,0,0
-0.196,0.2539,0.9832,-23.0916,47.7405,-7.9084,0,0,0
-0.2368,0.2351,0.9492,-20.6794,44.0916,-7.6565,0,0,0
-0.2532,0.2266,0.9282,-17.7481,38.0992,-6.8473,0,0,0
-0.2661,0.2185,0.9314,-14.4351,30.4351,-4.9237,0,0,0
-0.2612,0.2163,0.9324,-11.4046,24.771,-2.8168,0,0,0
-0.249,0.2324,0.9417,-8.7634,20.2443,-1.7099,0,0,0
-0.23,0.2378,0.9617,-6.4351,19.1069,-1.8321,0,0,0
-0.2385,0.2341,0.9558,-4.3435,18.3969,-2.771,0,0,0
-0.2517,0.229,0.936,-2.0534,15.5573,-2.9924,0,0,0
-0.2542,0.2341,0.9314,-1.0534,11.7023,-2.2824,0,0,0
-0.2493,0.2393,0.9377,-1.1221,9.0305,-1.4122,0,0,0
-0.2554,0.2417,0.939,-0.7481,6.855,-0.8779,0,0,0
-0.2544,0.2446,0.9363,-0.6718,4.3511,-1.0076,0,0,0
-0.2593,0.2424,0.9297,-0.7939,1.7405,-1.8626,0,0,0
-0.2593,0.2231,0.9331,1.1603,-1.1679,-1.0458,0,0,0
-0.2468,0.2288,0.9375,2.7557,-3.4351,-0.4046,0,0,0
-0.2456,0.2224,0.95,3.7939,-3.6794,0.3435,0,0,0
-0.2351,0.2419,0.9646,3.9542,-2.7863,1.9771,0,0,0
-0.2339,0.2539,0.9675,2.3053,-0.8931,2.1985,0,0,0
-0.2397,0.2673,0.9626,0.2595,-0.2443,0.916,0,0,0
-0.2444,0.2588,0.9536,-1.0153,-0.8855,-0.7023,0,0,0
-0.2419,0.2485,0.9534,-1.1069,-2.3588,-0.9084,0,0,0
-0.2354,0.2302,0.96,0.3053,-2.8702,-0.7481,0,0,0
-0.2307,0.2231,0.9631,1.3435,-3.0076,-0.1069,0,0,0
-0.2278,0.2258,0.9724,1.855,-2.6107,1.084,0,0,0
-0.2368,0.2415,0.9663,1.2824,-2.4504,1.0229,0,0,0
-0.2302,0.2473,0.9722,0.1832,-2.313,0.3053,0,0,0
-0.2317,0.2461,0.968,-0.9618,-2.2061,0.3282,0,0,0
-0.2334,0.2439,0.9707,-1.6031,-2.1985,0.8855,0,0,0
-0.2307,0.2402,0.957,-2.145,-2.6183,1.9313,0,0,0
-0.2366,0.2417,0.9504,-1.8626,-3.6336,2.5954,0,0,0
-0.2407,0.2395,0.9404,-1.9389,-5.5496,3.2977,0,0,0
-0.238,0.2429,0.9385,-0.6718,-8.3817,3.4809,0,0,0
-0.2361,0.2437,0.9495,1.229,-11.1756,3.7252,0,0,0
-0.2271,0.2478,0.9548,3.5649,-11.4733,4.1756,0,0,0
-0.2305,0.2517,0.959,5.084,-12.2061,5.0916,0,0,0
-0.2351,0.2515,0.9434,4.9924,-13.5725,5.9389,0,0,0
-0.2373,0.2588,0.9255,4.7023,-16.4733,7.2214,0,0,0
-0.2322,0.2693,0.9302,4.9695,-20.9389,7.5649,0,0,0
-0.2192,0.2717,0.9351,4.7634,-23.9313,7.2595,0,0,0
-0.196,0.2473,0.9509,4.9618,-25.2672,7.3282,0,0,0
-0.179,0.2378,0.9622,5.8473,-23.5649,8.2824,0,0,0
-0.1594,0.2507,0.9958,7.6718,-19.6031,8.6565,0,0,0
-0.1675,0.2769,1.0115,7.9084,-14.9237,8.4656,0,0,0
-0.1755,0.3203,1.0044,5.313,-11.2748,6.0992,0,0,0
-0.1768,0.3281,1.0039,1.3511,-8.5878,3.6794,0,0,0
-0.1685,0.3113,1.0098,-2.2977,-6.6031,1.1145,0,0,0
-0.1682,0.2747,1.0105,-2.687,-3.4962,0.0382,0,0,0
-0.1724,0.2581,1.0039,-2.3053,-0.9847,0.0,0,0,0
-0.1865,0.251,0.9917,-1.5344,-0.3817,0.5954,0,0,0
-0.1931,0.2612,0.97,-1.2366,-2.1298,1.0763,0,0,0
-0.198,0.2483,0.967,-0.9618,-3.1145,1.7328,0,0,0
-0.2063,0.249,0.9561,-1.0611,-4.7939,3.0382,0,0,0
-0.1941,0.2524,0.9626,-0.1832,-6.0611,4.1832,0,0,0
-0.1931,0.2673,0.9714,0.4427,-7.2901,4.9084,0,0,0
-0.1763,0.2859,0.9719,0.7939,-6.8168,3.9313,0,0,0
-0.1716,0.2883,0.991,-1.313,-4.6794,1.916,0,0,0
-0.1721,0.2981,0.9905,-3.0305,-2.0382,0.5267,0,0,0
-0.1689,0.2832,0.989,-4.7786,0.0611,-0.7405,0,0,0
-0.1843,0.2759,0.9802,-5.0458,0.7405,-1.0916,0,0,0
-0.1873,0.2627,0.9697,-3.8931,-0.1756,-0.7023,0,0,0
-0.187,0.2576,0.9626,-2.0382,-1.458,-1.1985,0,0,0
-0.1794,0.2576,0.9717,0.3893,-2.1756,-0.771,0,0,0
-0.177,0.2617,0.978,0.8015,-2.0382,-0.1145,0,0,0
-0.1841,0.2739,0.9749,0.2443,-2.3588,0.6336,0,0,0
-0.1787,0.2852,0.979,-1.2443,-3.1145,0.8015,0,0,0
-0.1768,0.2822,0.9746,-2.7557,-3.0687,0.4275,0,0,0
-0.1726,0.2861,0.9829,-2.9389,-2.8015,-0.3359,0,0,0
-0.1641,0.2661,0.9863,-1.7481,-1.8626,-1.4809,0,0,0
-0.1704,0.2734,0.9897,0.2366,-0.313,-1.4733,0,0,0
-0.1782,0.2783,0.9683,1.0382,0.1145,-1.4656,0,0,0
-0.1821,0.2871,0.9634,-0.3511,-0.8931,-0.9237,0,0,0
-0.1802,0.2817,0.9648,-2.2443,-2.0611,0.0458,0,0,0
-0.179,0.2737,0.9683,-2.9771,-3.313,0.0076,0,0,0
-0.1667,0.2676,0.9756,-2.9695,-3.2366,0.0534,0,0,0
-0.1709,0.2605,0.981,-1.4656,-1.4885,0.5267,0,0,0
-0.1716,0.2754,0.9792,-0.855,-0.3053,1.0076,0,0,0
-0.1672,0.2864,0.9895,-1.8931,1.313,0.9542,0,0,0
-0.1609,0.2803,1.0032,-4.3435,4.5649,1.313,0,0,0
-0.1633,0.2646,1.0093,-5.9847,8.0305,2.7099,0,0,0
-0.1316,0.2507,1.0503,-8.771,14.0611,5.9542,0,0,0
-0.1345,0.2639,1.0583,-12.0153,22.5038,11.0687,0,0,0
-0.1548,0.2734,1.0286,-17.2901,29.4733,14.8931,0,0,0
-0.1626,0.218,1.0066,-22.9847,33.6947,19.7481,0,0,0
-0.1858,0.1721,0.9797,-27.1374,35.4504,31.6565,0,0,0
-0.1875,0.1101,0.9636,-28.7939,34.2519,45.4885,0,0,0
-0.2009,0.1077,0.9502,-29.2748,32.9771,63.5573,0,0,0
-0.2058,0.1011,0.9128,-29.626,29.9313,78.0305,0,0,0
-0.2358,0.1772,0.887,-28.7481,20.084,83.4809,0,0,0
-0.2485,0.229,0.8894,-27.6565,7.7328,80.3435,0,0,0
-0.2173,0.2488,0.9263,-26.1756,0.7481,72.2061,0,0,0
-0.1997,0.2646,0.9622,-22.3206,-1.9771,65.8473,0,0,0
-0.1899,0.2844,0.9785,-19.0916,0.0,59.9618,0,0,0
-0.2229,0.3323,0.9636,-17.5649,1.8779,52.6183,0,0,0
-0.2017,0.3564,0.9866,-17.458,0.5573,39.5878,0,0,0
-0.2119,0.3577,0.9944,-17.687,0.855,27.4046,0,0,0
-0.207,0.3103,0.9858,-16.084,0.0382,18.145,0,0,0
-0.2217,0.2642,0.9922,-10.7023,-3.0229,14.0229,0,0,0
-0.2097,0.2458,0.9895,-5.0382,-3.0687,14.1756,0,0,0
-0.2104,0.269,0.9875,-2.3511,-3.8779,16.0382,0,0,0
-0.1992,0.2849,0.9717,-5.0229,-6.1756,17.1756,0,0,0
-0.197,0.2712,0.9758,-9.9313,-7.3664,17.6183,0,0,0
-0.1802,0.2686,0.9897,-14.0992,-9.1527,16.5878,0,0,0
-0.1528,0.2131,1.0281,-12.8015,-7.0916,15.5802,0,0,0
-0.1462,0.2202,1.032,-8.229,-2.1527,13.6641,0,0,0
-0.1543,0.2542,1.0161,-4.0763,1.3588,10.3664,0,0,0
-0.1782,0.2932,0.991,-3.1527,3.2901,6.6183,0,0,0
-0.1909,0.2922,0.9719,-3.8931,3.2366,3.3511,0,0,0
-0.1987,0.2844,0.9744,-4.1603,1.2366,1.4198,0,0,0
-0.188,0.249,0.9812,-2.5802,0.1527,-0.2748,0,0,0
-0.1809,0.2456,0.9768,1.0992,-0.7786,-2.7099,0,0,0
-0.1833,0.2495,0.9844,4.3053,-0.8931,-5.2901,0,0,0
-0.1897,0.2739,0.9739,6.1145,-0.6489,-6.6641,0,0,0
-0.1895,0.2778,0.9756,5.855,-1.2672,-6.9084,0,0,0
-0.198,0.2913,0.9727,5.0076,-1.5573,-8.855,0,0,0
-0.1926,0.2881,0.9722,4.2595,-2.2366,-12.3588,0,0,0
-0.1934,0.2871,0.9851,4.8015,-3.0916,-16.4885,0,0,0
-0.1858,0.2644,0.9902,7.2137,-3.0229,-19.4504,0,0,0
-0.1873,0.2644,0.989,10.6565,-2.7176,-21.7405,0,0,0
-0.1941,0.2798,0.9819,13.6718,-2.8855,-24.3282,0,0,0
-0.199,0.3115,0.9629,14.6489,-4.8779,-30.2366,0,0,0
-0.1992,0.2764,0.9558,15.1832,-6.4809,-34.5267,0,0,0
-0.2083,0.2693,0.946,16.4275,-8.6794,-36.5191,0,0,0
-0.2014,0.2278,0.9375,17.916,-11.4427,-35.1298,0,0,0
-0.2026,0.2302,0.9395,19.8244,-14.4275,-31.5344,0,0,0
-0.1873,0.2295,0.9519,19.9008,-17.084,-28.0763,0,0,0
-0.1692,0.2336,0.9788,20.3053,-17.0992,-25.1221,0,0,0
-0.1677,0.231,0.989,20.2824,-14.0229,-25.3435,0,0,0
-0.1509,0.2744,0.9958,17.9008,-10.0458,-25.2519,0,0,0
-0.1536,0.2742,0.9858,14.4885,-7.0305,-23.7557,0,0,0
-0.1628,0.2805,0.9785,10.6641,-5.7481,-22.6412,0,0,0
-0.1611,0.29,0.9885,8.145,-5.6641,-23.9924,0,0,0
-0.1631,0.3057,0.9927,7.1985,-5.5267,-27.2672,0,0,0
-0.1658,0.2908,0.9915,6.8015,-4.7939,-29.0153,0,0,0
-0.1787,0.292,0.9805,7.0916,-4.5191,-29.3664,0,0,0
-0.1816,0.27,0.9695,7.0534,-5.0458,-28.1145,0,0,0
-0.1865,0.2583,0.9658,6.8092,-6.5115,-26.6336,0,0,0
-0.1833,0.291,0.9717,7.1985,-7.855,-26.7939,0,0,0
-0.1694,0.2917,0.9878,7.6031,-8.4504,-31.458,0,0,0
-0.1677,0.3123,1.0005,7.6412,-6.7786,-34.3817,0,0,0
-0.168,0.3145,0.9993,7.1756,-4.0382,-37.4504,0,0,0
-0.1907,0.3503,0.9836,7.9618,-3.2748,-41.916,0,0,0
-0.1814,0.3486,0.9768,7.8779,-3.9924,-50.374,0,0,0
-0.2146,0.3579,0.9631,9.1527,-6.9084,-58.4046,0,0,0
-0.2163,0.2874,0.957,11.9313,-10.5878,-62.8473,0,0,0
-0.2075,0.2556,0.9626,16.3588,-14.4504,-61.0534,0,0,0
-0.2083,0.2458,0.9687,21.2519,-17.0,-55.8626,0,0,0
-0.1514,0.3049,0.9934,27.2824,-18.0076,-62.1069,0,0,0
-0.1526,0.3433,0.9795,25.9618,-13.5496,-69.084,0,0,0
-0.177,0.3208,0.9766,20.5191,-10.4504,-69.1908,0,0,0
-0.1782,0.2527,0.9788,14.6489,-7.3435,-62.2519,0,0,0
-0.1592,0.218,0.9836,11.3817,-3.229,-54.5573,0,0,0
-0.1616,0.1899,0.9963,9.9847,1.0916,-43.6947,0,0,0
-0.167,0.2104,0.9827,7.1832,5.0916,-34.6641,0,0,0
-0.1873,0.2712,0.9587,2.0153,6.6718,-27.6718,0,0,0
-0.2002,0.3003,0.9478,-5.5115,6.4198,-25.7176,0,0,0
-0.2058,0.394,0.9475,-12.0076,2.8244,-34.3053,0,0,0
-0.2131,0.3428,0.9609,-16.7328,0.229,-43.5802,0,0,0
-0.2158,0.2371,0.9792,-16.0458,1.4962,-42.6336,0,0,0
-0.2139,0.1865,0.9912,-11.2824,5.0687,-33.5191,0,0,0
-0.209,0.1904,0.9819,-5.9237,8.3053,-23.5267,0,0,0
-0.199,0.196,0.9761,-3.6718,10.5115,-16.9542,0,0,0
-0.2271,0.2241,0.9587,-5.0,12.6794,-15.6336,0,0,0
-0.2444,0.2539,0.9507,-7.8779,8.6412,-12.5573,0,0,0
-0.2334,0.1904,0.9624,-8.1603,7.1985,-5.626,0,0,0
-0.2102,0.2019,0.9617,-9.9695,7.2748,0.3664,0,0,0
-0.2383,0.2026,0.9602,-11.7328,7.1603,6.6947,0,0,0
-0.239,0.2017,0.9624,-12.1527,6.4046,11.4122,0,0,0
-0.251,0.1858,0.97,-12.5725,5.3206,15.4885,0,0,0
-0.2549,0.199,0.9573,-13.4351,5.3359,18.3817,0,0,0
-0.2432,0.1851,0.9656,-13.5115,4.9466,22.4733,0,0,0
-0.2219,0.1919,0.9807,-12.5649,5.1221,26.3206,0,0,0
-0.2112,0.2017,0.9814,-10.4656,7.687,29.0687,0,0,0
-0.2227,0.2134,0.9856,-9.1603,9.6794,30.3664,0,0,0
-0.2129,0.251,0.9929,-10.2061,12.2443,31.1756,0,0,0
-0.2075,0.2749,0.9932,-13.1374,15.1374,29.7405,0,0,0
-0.2256,0.2742,0.989,-16.8092,16.3206,25.626,0,0,0
-0.2385,0.252,0.99,-20.1374,17.6336,25.0305,0,0,0
-0.24,0.2146,0.9897,-21.2901,18.4351,27.6641,0,0,0
-0.2439,0.1648,0.9795,-19.7099,20.6489,34.4885,0,0,0
-0.2437,0.146,0.9592,-17.1756,22.2595,44.6718,0,0,0
-0.2429,0.1904,0.9395,-15.8168,20.7863,51.6336,0,0,0
-0.2427,0.2493,0.9333,-15.1985,17.7099,48.7634,0,0,0
-0.2478,0.3149,0.9363,-15.2977,13.9237,40.6794,0,0,0
-0.2417,0.3252,0.9636,-17.8473,13.6718,33.9847,0,0,0
-0.2542,0.3088,0.9827,-20.9389,15.5725,32.2901,0,0,0
-0.2483,0.2942,0.9775,-23.1069,18.3893,33.2519,0,0,0
-0.262,0.2629,0.9763,-24.5954,20.8397,35.4351,0,0,0
-0.2783,0.2017,0.9517,-23.8397,21.2672,42.3206,0,0,0
-0.2854,0.1582,0.9292,-21.8931,19.0229,53.0076,0,0,0
-0.2715,0.1929,0.9382,-15.2519,14.4198,51.5725,0,0,0
-0.2466,0.2744,0.9646,-8.7634,11.5802,42.7863,0,0,0
-0.261,0.3281,0.947,-5.4656,11.0611,28.313,0,0,0
-0.28,0.3379,0.9409,-4.8397,9.2443,17.9008,0,0,0
-0.2715,0.303,0.9509,-5.6412,7.4885,13.9084,0,0,0
-0.2761,0.2612,0.9629,-3.8092,7.0305,13.6336,0,0,0
-0.2732,0.2375,0.959,-0.3588,7.0,14.145,0,0,0
-0.2769,0.2424,0.9531,1.6031,7.0534,15.7023,0,0,0
-0.2864,0.2776,0.9336,0.9008,4.7863,12.9618,0,0,0
-0.2927,0.302,0.9231,-1.5573,1.2137,6.7405,0,0,0
-0.2832,0.2688,0.9258,-3.2824,-2.4046,1.6031,0,0,0
-0.2776,0.2405,0.9277,-2.3053,-5.0687,0.0305,0,0,0
-0.2708,0.2219,0.9312,0.3511,-6.7939,0.1603,0,0,0
-0.2678,0.2122,0.9492,3.6031,-7.1679,2.0534,0,0,0
-0.2612,0.2307,0.9536,5.0305,-6.4504,3.7634,0,0,0
-0.2583,0.2693,0.9607,3.2672,-5.916,3.6412,0,0,0
-0.2629,0.2725,0.9656,0.9237,-5.8855,1.8321,0,0,0
-0.2637,0.2742,0.9556,-1.7634,-6.0,0.2214,0,0,0
-0.2483,0.2598,0.9656,-1.9466,-5.6107,-1.9008,0,0,0
-0.2458,0.2498,0.9797,-1.4198,-3.5496,-3.5344,0,0,0
-0.2622,0.2476,0.9602,-0.6947,-2.3664,-3.6107,0,0,0
-0.2717,0.2434,0.9648,-0.8321,-4.1527,-2.8931,0,0,0
-0.2527,0.23,0.9783,0.3511,-4.6718,-1.3282,0,0,0
-0.2483,0.2371,0.9812,1.1221,-4.313,-1.5115,0,0,0
-0.2598,0.2485,0.9753,1.2137,-3.9237,-1.9618,0,0,0
-0.259,0.2598,0.9663,-0.0534,-4.3893,-2.3588,0,0,0
-0.2607,0.2559,0.9692,-1.7786,-4.5191,-1.313,0,0,0
-0.2522,0.2461,0.9658,-3.2748,-4.4275,-0.1985,0,0,0
-0.252,0.2441,0.9744,-3.6489,-4.0916,0.1679,0,0,0
-0.2512,0.2471,0.9675,-4.0153,-4.3893,-0.4198,0,0,0
-0.2502,0.2437,0.9736,-3.0076,-4.9695,-1.626,0,0,0
-0.2502,0.2373,0.9763,-1.8397,-5.084,-1.771,0,0,0
-0.2522,0.2412,0.9646,-1.3817,-5.3282,-1.1679,0,0,0
-0.2488,0.2351,0.9619,-2.1832,-6.0992,-0.2748,0,0,0
-0.248,0.2432,0.9517,-3.3053,-6.6794,0.7176,0,0,0
-0.2358,0.2336,0.9644,-3.9847,-7.458,1.1908,0,0,0
-0.2349,0.2217,0.9609,-3.1374,-7.7939,1.0916,0,0,0
-0.2231,0.2222,0.9624,-1.4809,-8.6183,1.0,0,0,0
-0.2202,0.2241,0.9614,0.7023,-9.0763,0.2061,0,0,0
-0.2307,0.2385,0.9519,1.1527,-9.7863,-0.1221,0,0,0
-0.2454,0.2534,0.9497,0.145,-12.3282,0.7939,0,0,0
-0.25,0.2595,0.9417,-0.8702,-15.7939,1.8015,0,0,0
-0.2515,0.2441,0.9277,-1.6107,-19.5038,2.6183,0,0,0
-0.2344,0.231,0.9421,0.6718,-23.4885,2.4733,0,0,0
-0.2195,0.2292,0.9622,3.2137,-24.1908,2.0611,0,0,0
-0.2107,0.2434,0.9785,5.1832,-23.458,2.2595,0,0,0
-0.2029,0.2612,0.9683,4.0992,-21.5954,2.4504,0,0,0
-0.2087,0.2449,0.9749,3.5878,-18.9847,2.7252,0,0,0
-0.2007,0.2783,0.9741,2.4427,-17.0229,3.5344,0,0,0
-0.1941,0.2847,0.9717,0.6489,-16.145,3.0305,0,0,0
-0.1836,0.2854,0.9885,-0.2977,-13.5649,1.0229,0,0,0
-0.1812,0.2805,0.998,-0.916,-10.1145,-0.2061,0,0,0
-0.1702,0.2852,1.001,-1.7786,-7.0076,-0.8473,0,0,0
-0.1643,0.2761,1.0171,-1.8397,-2.5725,-1.7099,0,0,0
-0.1814,0.2659,0.999,-1.2824,0.3511,-2.8092,0,0,0
-0.1956,0.27,0.9976,-0.9771,0.4733,-2.1374,0,0,0
-0.2002,0.2761,0.978,-2.6412,-0.4656,-1.9466,0,0,0
-0.2009,0.2673,0.9719,-4.2748,-2.1069,-1.1069,0,0,0
-0.1929,0.2612,0.9797,-4.1603,-2.9695,-1.3282,0,0,0
-0.1885,0.2607,0.9783,-3.4656,-3.0229,-1.3511,0,0,0
-0.1836,0.2605,0.9873,-2.0916,-2.7176,-2.7405,0,0,0
-0.1853,0.2678,0.9907,-1.2672,-1.9313,-2.9313,0,0,0
-0.1907,0.2573,0.9932,-0.9313,-1.5878,-2.7786,0,0,0
-0.1912,0.2578,0.9822,-1.084,-0.8855,-2.3359,0,0,0
-0.1907,0.2666,0.9834,-1.7328,-1.1527,-3.0305,0,0,0
-0.1912,0.2639,0.9871,-2.3893,-0.9313,-3.3893,0,0,0
-0.1946,0.25,0.9746,-2.2901,-1.458,-2.626,0,0,0
-0.197,0.2534,0.9805,-2.0458,-1.8702,-1.9237,0,0,0
-0.1943,0.2444,0.9773,-1.4656,-2.0534,-2.4046,0,0,0
-0.1938,0.2393,0.968,-0.5878,-2.4122,-2.0153,0,0,0
-0.2007,0.2422,0.9661,-1.1069,-3.8321,-0.7634,0,0,0
-0.2058,0.2363,0.9612,-1.916,-5.5267,0.8473,0,0,0
-0.2048,0.241,0.9626,-2.2748,-7.8855,2.4122,0,0,0
-0.2007,0.2405,0.968,-2.0916,-10.4275,3.8931,0,0,0
-0.1973,0.2419,0.9697,-1.855,-12.9008,5.229,0,0,0
-0.2002,0.2397,0.9614,-1.3588,-15.2672,6.7481,0,0,0
-0.2095,0.2314,0.9575,-0.542,-19.2214,9.3893,0,0,0
-0.2104,0.2061,0.9331,-0.542,-23.7405,15.6107,0,0,0
-0.2007,0.1738,0.9221,-0.1145,-28.2672,24.8931,0,0,0
-0.1858,0.2085,0.9043,-0.2519,-36.229,32.6718,0,0,0
-0.1667,0.2559,0.9258,-0.2977,-41.6412,32.2214,0,0,0
-0.1431,0.293,0.9448,-0.6336,-44.7023,27.9389,0,0,0
-0.1145,0.2312,0.9707,2.3359,-44.4046,24.6565,0,0,0
-0.0952,0.2563,0.9761,5.0992,-43.2672,23.3359,0,0,0
-0.0928,0.2732,0.9663,6.687,-41.542,21.2137,0,0,0
-0.0852,0.2783,0.9741,7.4275,-39.4504,19.3969,0,0,0
-0.0894,0.2847,0.9917,7.9771,-37.9618,16.9466,0,0,0
-0.0659,0.281,1.0183,8.6794,-34.5954,14.3282,0,0,0
-0.0559,0.3022,1.0088,7.8931,-28.542,12.2366,0,0,0
-0.0549,0.3271,1.0354,6.3893,-23.626,8.1145,0,0,0
-0.0483,0.3174,1.0186,4.4809,-19.7099,3.6031,0,0,0
-0.053,0.3049,1.01,2.5496,-15.7252,1.7176,0,0,0
-0.0559,0.2935,1.0027,1.0305,-13.7099,1.9313,0,0,0
-0.0598,0.2913,1.001,0.145,-11.7252,3.0916,0,0,0
-0.0645,0.2859,1.002,0.0229,-11.3206,3.5267,0,0,0
-0.0676,0.2966,0.9932,-0.9313,-10.458,2.8168,0,0,0
-0.0657,0.2949,0.9971,-1.4733,-10.7328,2.2214,0,0,0
-0.0662,0.2815,1.001,-2.0611,-10.9389,1.7328,0,0,0
-0.0554,0.2637,0.9956,-1.4122,-10.9237,1.2824,0,0,0
-0.051,0.2695,0.999,-0.0076,-10.7023,1.3511,0,0,0
-0.0554,0.2698,0.9907,0.0229,-10.7328,1.4122,0,0,0
-0.0576,0.2688,0.9939,0.1221,-11.1603,2.4198,0,0,0
-0.0522,0.2815,1.0029,0.2824,-11.458,3.313,0,0,0
-0.0452,0.2864,1.0078,-0.5725,-10.9237,3.1527,0,0,0
-0.0466,0.2842,1.0015,0.1679,-10.4656,2.7023,0,0,0
-0.0376,0.2869,1.0051,1.687,-10.0992,1.2366,0,0,0
-0.0432,0.2983,1.0046,3.0382,-8.8168,0.1374,0,0,0
-0.0532,0.3003,0.9966,3.0,-9.1679,-0.0229,0,0,0
-0.0593,0.3103,0.9868,1.8321,-11.1298,0.6412,0,0,0
-0.0747,0.3186,0.9521,-0.2824,-13.7328,0.3664,0,0,0
-0.0635,0.2864,0.9739,-0.5725,-17.1221,1.1145,0,0,0
-0.0554,0.271,0.9458,-1.4198,-21.5496,3.3588,0,0,0
-0.0374,0.2671,0.9504,-1.3206,-24.4275,5.3893,0,0,0
-0.0376,0.2568,0.9497,0.0229,-28.2519,8.4122,0,0,0
-0.0298,0.2712,0.9419,2.0305,-32.2672,10.5267,0,0,0
-0.02,0.2737,0.9285,2.8092,-36.1069,12.5573,0,0,0
-0.0095,0.2786,0.9336,3.0153,-39.855,14.5496,0,0,0
0.0068,0.2639,0.9602,4.0,-40.9847,15.7939,0,0,0
0.0244,0.2666,0.9836,4.916,-40.0458,16.1679,0,0,0
0.0488,0.2964,1.0037,4.8015,-37.1069,14.855,0,0,0
0.0527,0.3013,1.0024,3.7099,-34.3511,13.2519,0,0,0
0.0398,0.3149,0.9958,3.0763,-34.4656,10.9389,0,0,0
0.0432,0.3049,0.9761,2.1908,-35.1527,9.6947,0,0,0
0.0635,0.2837,0.9832,1.626,-35.8168,10.6641,0,0,0
0.0732,0.282,0.9934,2.5802,-34.7176,13.5496,0,0,0
0.0781,0.2905,0.9949,2.9313,-33.5038,15.313,0,0,0
0.0864,0.3154,1.0044,1.5191,-30.5191,13.7023,0,0,0
0.0938,0.3389,1.0095,-1.3664,-28.0076,9.8855,0,0,0
0.105,0.3323,1.0085,-3.3435,-24.8092,5.0458,0,0,0
0.1006,0.3125,1.0081,-3.7328,-21.6183,1.8702,0,0,0
0.1006,0.3076,0.9927,-2.7786,-20.374,0.4046,0,0,0
0.0789,0.2964,0.9758,-1.9771,-20.1069,0.8321,0,0,0
0.0737,0.2908,0.9602,-1.0,-22.3817,1.0916,0,0,0
0.073,0.292,0.9407,-0.8779,-26.7786,1.5267,0,0,0
0.0774,0.2661,0.9346,-0.4046,-32.2137,3.3206,0,0,0
0.1018,0.252,0.9521,0.6336,-36.8397,6.2595,0,0,0
0.1223,0.2693,0.9639,1.8092,-38.8779,7.7099,0,0,0
0.1238,0.2976,0.9644,1.2595,-41.0458,7.9847,0,0,0
0.1414,0.3083,0.9641,0.0763,-42.1374,6.229,0,0,0
0.1489,0.3389,0.9563,-3.1069,-44.3893,4.9389,0,0,0
0.1555,0.3215,0.9707,-5.6183,-46.5344,4.0611,0,0,0
0.1702,0.2947,0.9915,-4.2443,-46.7252,5.8473,0,0,0
0.1885,0.2908,1.0071,-0.8779,-42.9618,7.3893,0,0,0
0.2158,0.2998,1.0339,1.1832,-36.374,6.9313,0,0,0
0.2324,0.2925,1.0571,3.0382,-27.9389,4.8931,0,0,0
0.2349,0.3213,1.064,2.4885,-17.5649,2.7786,0,0,0
0.2354,0.3313,1.0732,0.5267,-6.4198,-0.1679,0,0,0
0.2297,0.3333,1.0752,-1.9695,3.7634,-2.6489,0,0,0
0.2222,0.3328,1.063,-3.1603,13.1527,-4.6489,0,0,0
0.2097,0.3262,1.0403,-4.7405,20.0,-6.2061,0,0,0
0.2004,0.3328,1.0283,-5.6947,25.4733,-8.4656,0,0,0
0.1799,0.3152,1.0,-5.9389,28.5573,-10.7405,0,0,0
0.1631,0.3198,0.9888,-5.4427,28.771,-12.8779,0,0,0
0.1689,0.2776,0.9963,-3.916,29.145,-14.8626,0,0,0
0.1604,0.2646,1.0051,-1.0534,31.2137,-13.4885,0,0,0
0.1497,0.271,0.9929,0.6718,32.8473,-12.1069,0,0,0
0.1519,0.2832,0.9949,-0.5038,33.8779,-11.0687,0,0,0
0.1445,0.2817,0.9929,-2.2901,34.9924,-11.4504,0,0,0
0.1267,0.2881,0.9912,-4.1908,35.4656,-10.4122,0,0,0
0.1235,0.2979,0.9976,-6.626,37.3588,-8.8702,0,0,0
0.1262,0.2908,0.9951,-7.6794,38.4427,-8.0916,0,0,0
0.1094,0.2874,1.0078,-8.8168,41.0076,-8.1679,0,0,0
0.1038,0.2839,1.0024,-9.6412,42.5954,-7.3435,0,0,0
0.0972,0.2827,1.002,-8.9313,45.0916,-5.5496,0,0,0
0.0791,0.2788,0.9739,-9.1069,44.5573,-4.4962,0,0,0
0.0623,0.2798,0.9556,-10.0229,41.3817,-3.4656,0,0,0
0.0398,0.2722,0.939,-10.0916,35.9008,-2.8855,0,0,0
0.0315,0.2607,0.9341,-8.9924,30.1145,-1.458,0,0,0
0.0264,0.2478,0.9309,-7.0305,24.855,0.5725,0,0,0
0.0232,0.2612,0.9382,-5.3893,20.1832,3.0229,0,0,0
0.0291,0.2637,0.9404,-5.0153,15.6565,3.5344,0,0,0
0.0293,0.2705,0.9417,-3.8626,12.2061,4.0534,0,0,0
0.0247,0.2683,0.9441,-3.0229,9.0229,4.7176,0,0,0
0.0215,0.2778,0.9412,-2.1527,5.4122,4.5573,0,0,0
0.0347,0.261,0.9546,-1.1374,2.6183,4.4885,0,0,0
0.0352,0.2654,0.9661,0.7863,1.6031,6.229,0,0,0
0.0439,0.2739,0.9839,2.4656,1.2519,7.2901,0,0,0
0.0437,0.2842,0.981,2.9313,2.1908,7.3435,0,0,0
0.0376,0.2925,0.9802,1.8473,2.2519,7.3359,0,0,0
0.0413,0.2891,0.97,-0.084,2.374,7.6107,0,0,0
0.0576,0.2681,0.9851,-1.626,3.1298,9.771,0,0,0
0.0608,0.2688,0.9985,-3.2519,5.5038,13.0305,0,0,0
0.0708,0.2563,1.0181,-5.2443,9.1069,17.5191,0,0,0
0.0833,0.2634,1.0347,-7.4046,14.2748,23.4809,0,0,0
0.0742,0.2722,1.042,-12.1527,20.9389,29.916,0,0,0
0.0596,0.2759,1.0137,-19.2443,25.313,35.8168,0,0,0
0.0454,0.2788,0.9934,-26.855,27.5954,40.3664,0,0,0
0.0313,0.2561,0.9814,-32.6641,26.5344,43.8015,0,0,0
0.0405,0.2129,1.0054,-36.1374,25.4733,50.1221,0,0,0
0.0681,0.1865,1.0481,-36.5496,29.1221,58.9618,0,0,0
0.0608,0.2222,1.0522,-36.855,35.4427,66.1527,0,0,0
0.0393,0.2566,1.0266,-40.8092,39.0992,67.2901,0,0,0
0.0063,0.2607,0.9934,-43.4809,37.7481,64.2443,0,0,0
-0.0154,0.2524,0.9675,-43.8626,32.4504,58.1298,0,0,0
-0.0146,0.2124,0.9783,-37.8779,26.5344,53.084,0,0,0
-0.0198,0.1924,0.9871,-27.5573,21.4885,48.145,0,0,0
-0.0181,0.1973,0.9824,-17.0458,17.6489,44.7939,0,0,0
-0.0281,0.2334,0.9834,-9.7863,14.4198,41.1756,0,0,0
-0.032,0.2612,0.9653,-7.5878,11.0,37.5725,0,0,0
-0.0481,0.2668,0.9519,-8.5267,6.7023,32.2137,0,0,0
-0.0261,0.2473,0.9646,-11.2366,1.6947,27.1603,0,0,0
-0.0042,0.2068,1.0049,-11.6794,0.3969,25.145,0,0,0
0.0046,0.2058,1.0117,-9.2672,2.0382,23.626,0,0,0
0.0115,0.2312,1.0178,-6.5954,4.1756,21.2443,0,0,0
0.0066,0.2407,1.0061,-4.0534,4.542,16.7099,0,0,0
-0.01,0.2578,0.9937,-2.6489,3.8702,10.9008,0,0,0
-0.0159,0.2627,0.9763,-1.4427,1.5954,4.6718,0,0,0
-0.0125,0.2388,0.9636,1.8092,-0.8626,0.0076,0,0,0
-0.0142,0.2305,0.9663,4.7557,-4.0076,-2.5496,0,0,0
-0.0066,0.2051,0.9758,7.7481,-5.6565,-4.2519,0,0,0
0.0115,0.197,0.9932,8.9542,-5.229,-2.5267,0,0,0
0.0063,0.2119,0.9934,9.3282,-3.7557,-1.1832,0,0,0
0.0034,0.2434,0.9761,5.7405,-3.6031,-1.1374,0,0,0
-0.0015,0.241,0.9695,0.374,-4.9466,-1.855,0,0,0
-0.0027,0.2209,0.9646,-3.1679,-7.5954,-2.4504,0,0,0
0.0,0.1968,0.9622,-3.313,-9.6565,-1.1069,0,0,0
0.0205,0.1582,0.9687,-0.9313,-9.8015,0.0992,0,0,0
0.0107,0.1741,0.9907,2.458,-12.4427,2.5725,0,0,0
0.0144,0.1921,0.9907,3.1145,-11.9237,5.1374,0,0,0
0.0103,0.2058,0.9768,1.3206,-14.1145,6.4733,0,0,0
-0.0017,0.2251,0.9756,-2.9542,-17.2824,6.3817,0,0,0
0.0088,0.2139,0.9827,-5.8092,-21.542,5.7863,0,0,0
0.0234,0.1858,0.9963,-4.1832,-23.4962,5.7557,0,0,0
0.0249,0.1821,1.0024,-0.7557,-23.2748,6.0076,0,0,0
0.0259,0.2068,0.989,1.9084,-23.7786,5.3588,0,0,0
0.0254,0.2437,0.9851,2.5191,-25.0382,2.5802,0,0,0
0.0276,0.2664,0.9905,3.1221,-28.8779,-2.313,0,0,0
0.0269,0.2629,0.9907,3.7328,-31.1603,-6.9847,0,0,0
0.0361,0.282,0.9919,6.5573,-34.542,-13.9771,0,0,0
0.0559,0.248,1.0166,10.4198,-34.771,-20.3817,0,0,0
0.082,0.2585,1.0461,15.771,-31.8015,-24.3511,0,0,0
0.1003,0.2979,1.0505,19.374,-25.9618,-32.3282,0,0,0
0.0996,0.3076,1.0356,20.5573,-20.2443,-41.2443,0,0,0
0.0964,0.3125,1.0232,20.4504,-15.2519,-50.1908,0,0,0
0.1011,0.2727,1.0322,21.4962,-10.8931,-54.626,0,0,0
0.0986,0.3137,1.0354,23.1527,-6.1985,-59.4351,0,0,0
0.0959,0.3564,1.0405,23.6718,-1.626,-67.5496,0,0,0
0.0952,0.3643,1.0396,22.2595,3.0916,-75.6718,0,0,0
0.071,0.3545,1.0271,19.6336,5.6641,-80.397,0,0,0
0.0771,0.2351,1.0435,18.374,8.5649,-73.6031,0,0,0
0.0642,0.2214,1.0422,18.6947,10.4275,-61.084,0,0,0
0.0525,0.2712,1.0073,15.8931,11.8702,-54.6718,0,0,0
0.0693,0.2356,0.998,8.2824,13.0229,-49.5115,0,0,0
0.053,0.1975,0.9861,5.855,12.3588,-42.1985,0,0,0
0.0391,0.1931,0.9753,5.9008,11.458,-33.626,0,0,0
0.0286,0.2332,0.9675,4.0534,8.4733,-27.7099,0,0,0
0.0193,0.2502,0.9563,0.7786,5.4504,-25.0305,0,0,0
0.0166,0.239,0.9636,-1.3282,3.313,-22.6489,0,0,0
0.019,0.2239,0.9678,-0.771,2.5954,-18.6336,0,0,0
0.0188,0.2339,0.9785,-0.6718,2.6794,-14.771,0,0,0
0.0186,0.2639,0.9724,-1.4656,1.7176,-13.084,0,0,0
0.032,0.2678,0.9875,-2.6718,1.8244,-14.2977,0,0,0
0.0286,0.2559,0.9885,-2.6794,3.8015,-15.6336,0,0,0
0.0198,0.2368,0.9797,-1.3817,5.6641,-15.2214,0,0,0
0.0029,0.2471,0.9714,0.5115,5.9542,-12.9695,0,0,0
-0.0017,0.2517,0.9614,0.8397,5.5954,-10.5038,0,0,0
-0.0029,0.2529,0.9458,-0.3435,4.4962,-7.1527,0,0,0
-0.01,0.2637,0.9448,-3.1069,1.6794,-4.4427,0,0,0
-0.0068,0.2698,0.9473,-6.5802,-0.9542,-1.6565,0,0,0
-0.0068,0.2444,0.9458,-8.6794,-3.5573,-0.229,0,0,0
0.0017,0.2607,0.959,-10.1221,-6.1527,1.1908,0,0,0
0.0046,0.2683,0.9614,-11.5954,-8.855,3.4809,0,0,0
0.0129,0.2488,0.9687,-12.4122,-10.5878,6.5496,0,0,0
0.0244,0.2424,0.978,-10.7405,-11.6565,8.0687,0,0,0
0.0347,0.252,1.0022,-7.7634,-10.6794,7.7939,0,0,0
0.0427,0.2703,1.0063,-6.5191,-8.5038,5.6641,0,0,0
0.0251,0.2729,1.0078,-4.1069,-5.9237,3.7481,0,0,0
0.04,0.2637,1.011,-3.2366,-3.3206,1.8168,0,0,0
0.0339,0.2734,1.0024,-2.1298,0.229,0.0305,0,0,0
0.051,0.2585,1.0122,-1.7405,3.8168,-1.4046,0,0,0
0.0332,0.2664,1.0151,-0.9847,7.5115,-1.6947,0,0,0
0.0261,0.2659,1.0229,-0.9771,10.6641,-1.0687,0,0,0
-0.0286,0.3069,0.9314,-1.2748,5.0076,-2.5954,0,0,0
-0.0515,0.2749,0.9893,-4.626,10.9847,1.9313,0,0,0
-0.0037,0.2959,0.9927,-6.3664,7.2901,1.0534,0,0,0
-0.0005,0.2754,1.0066,-6.5573,7.6412,0.6641,0,0,0
-0.0078,0.2715,1.0085,-7.374,7.4656,1.7405,0,0,0
-0.0024,0.2681,1.0005,-6.9084,6.8855,2.4198,0,0,0
0.0015,0.2766,1.0051,-7.6336,6.3817,2.9389,0,0,0
0.0081,0.2722,1.0273,-7.1908,6.2748,1.8244,0,0,0
0.0027,0.28,1.0354,-6.5573,7.8168,1.229,0,0,0
0.0198,0.2942,1.0535,-6.771,10.0992,-0.6718,0,0,0
0.021,0.2771,1.0569,-7.2137,14.2901,-2.8321,0,0,0
0.0122,0.2888,1.0503,-7.5802,18.0763,-4.5267,0,0,0
-0.002,0.2725,1.0454,-8.4122,21.0305,-4.8931,0,0,0
-0.009,0.2649,1.0291,-10.2137,21.5344,-3.1756,0,0,0
-0.0178,0.271,1.0134,-11.4504,21.1374,-2.0305,0,0,0
-0.0181,0.2451,0.9951,-11.0,19.9924,-1.0916,0,0,0
-0.0369,0.2578,0.9812,-11.1069,17.1908,-0.2672,0,0,0
-0.0271,0.2522,0.9792,-10.6107,14.7557,-0.7328,0,0,0
-0.0403,0.2507,0.9639,-9.2595,11.8779,-2.0305,0,0,0
-0.0469,0.2507,0.9521,-7.3053,7.6718,-3.458,0,0,0
-0.0396,0.2307,0.9724,-5.3817,6.6718,-3.8244,0,0,0
-0.0251,0.2322,0.9631,-3.7176,4.6489,-3.7863,0,0,0
-0.043,0.2373,0.9653,-3.0458,4.5725,-2.8855,0,0,0
-0.0374,0.228,0.9634,-3.4733,3.1679,-2.2977,0,0,0
-0.0474,0.2141,0.9961,-2.4046,0.2824,-3.2443,0,0,0
-0.0823,0.2493,0.936,-4.0458,-2.6718,-1.458,0,0,0
-0.0366,0.2231,0.9727,-2.8321,-2.771,-1.313,0,0,0
-0.0503,0.2366,0.9634,-1.9924,-3.8397,-0.8779,0,0,0
-0.0439,0.2429,0.9656,-1.8779,-4.771,-0.9542,0,0,0
-0.0476,0.25,0.9712,-3.4885,-5.9237,-1.7099,0,0,0
-0.0369,0.2422,0.9778,-4.458,-7.1679,-2.8092,0,0,0
-0.0344,0.2268,0.988,-4.9084,-7.7481,-3.4275,0,0,0
-0.0381,0.2305,0.9895,-5.3893,-7.0076,-2.5573,0,0,0
-0.0271,0.2256,1.0046,-5.9542,-6.8015,-2.7481,0,0,0
-0.0266,0.2271,1.0042,-6.5038,-5.7786,-3.2595,0,0,0
-0.0286,0.2175,1.0063,-5.7863,-5.2824,-3.7252,0,0,0
-0.0205,0.2117,1.0132,-3.9924,-4.1145,-3.1756,0,0,0
-0.0164,0.2151,1.0193,-3.1145,-2.542,-2.3206,0,0,0
-0.019,0.218,1.0325,-2.6412,-0.8244,-2.2137,0,0,0
-0.0256,0.2351,1.0151,-3.0153,0.4198,-2.5267,0,0,0
-0.0361,0.2319,1.0095,-4.0305,0.0458,-3.0076,0,0,0
-0.0391,0.2346,1.0105,-4.5573,-0.3206,-4.3893,0,0,0
-0.0459,0.2244,1.0039,-4.9695,-0.9237,-5.3359,0,0,0
-0.0386,0.2231,1.0078,-4.626,-0.6718,-5.4046,0,0,0
-0.0381,0.2061,1.012,-3.3053,-0.2214,-5.2061,0,0,0
-0.0339,0.2168,1.0054,-2.3053,-0.4656,-4.2672,0,0,0
-0.0344,0.2297,1.0076,-2.7176,-0.2672,-4.687,0,0,0
-0.0374,0.2358,1.011,-3.4275,0.771,-5.374,0,0,0
-0.0481,0.2251,1.0078,-3.7405,0.2137,-6.0382,0,0,0
-0.0388,0.2148,1.0056,-3.3511,0.3282,-6.3435,0,0,0
-0.0381,0.2087,1.0129,-2.9237,0.4656,-6.5878,0,0,0
-0.042,0.2034,1.0105,-1.626,0.9618,-6.5573,0,0,0
-0.0532,0.2148,0.9954,-1.8244,1.1756,-6.7557,0,0,0
-0.0603,0.217,0.9839,-3.7099,-0.4427,-6.0534,0,0,0
-0.0557,0.207,0.9902,-5.229,-1.3206,-6.5496,0,0,0
-0.0405,0.196,1.0171,-4.8244,-0.9389,-7.2519,0,0,0
-0.0149,0.2063,1.0522,-4.0916,1.9313,-6.7557,0,0,0
-0.0117,0.2202,1.0652,-4.0076,7.6412,-7.5115,0,0,0
-0.0164,0.2151,1.0571,-4.4275,13.2061,-8.3969,0,0,0
-0.0354,0.2197,1.041,-4.0916,16.145,-9.2977,0,0,0
-0.0576,0.2239,1.021,-4.4656,16.4733,-10.2443,0,0,0
-0.0625,0.2131,1.0149,-4.8855,14.9924,-10.855,0,0,0
-0.0671,0.207,1.0,-5.1221,13.3664,-9.9237,0,0,0
-0.0603,0.1943,1.0059,-4.9542,11.9389,-9.5115,0,0,0
-0.0474,0.1975,1.0056,-5.0534,11.458,-9.374,0,0,0
-0.0552,0.2166,0.9961,-5.1145,11.2901,-9.8702,0,0,0
-0.0586,0.1924,0.9885,-4.7252,9.9389,-9.1527,0,0,0
-0.0647,0.1975,0.9915,-4.626,7.8779,-8.0611,0,0,0
-0.0642,0.1968,0.9963,-3.9542,7.5573,-6.2519,0,0,0
-0.0662,0.1841,0.9944,-3.855,7.7328,-6.0305,0,0,0
-0.0598,0.2048,0.9983,-2.8779,6.7786,-5.916,0,0,0
-0.0378,0.2063,1.042,-1.0229,8.313,-6.1603,0,0,0
-0.0291,0.2354,1.0388,-0.1374,12.7099,-8.1298,0,0,0
-0.0361,0.2344,1.0269,0.0229,16.8473,-10.0763,0,0,0
-0.0593,0.248,1.0063,-1.4351,18.9695,-11.3817,0,0,0
-0.0764,0.2224,1.0051,-2.3511,19.5344,-11.2443,0,0,0
-0.0938,0.1985,0.9978,-3.3817,18.7252,-10.5115,0,0,0
-0.0862,0.2136,0.9905,-5.0229,19.0992,-8.8397,0,0,0
-0.0964,0.2112,0.9888,-5.687,17.2824,-8.1908,0,0,0
-0.094,0.2244,0.9746,-7.2748,15.7252,-7.5496,0,0,0
-0.1045,0.2146,0.9636,-8.0076,12.8321,-6.7634,0,0,0
-0.0823,0.1982,0.9717,-7.916,10.6031,-6.2214,0,0,0
-0.0752,0.2024,0.9893,-6.313,12.3511,-5.5573,0,0,0
-0.0854,0.2163,0.9902,-4.3969,14.4809,-4.9771,0,0,0
-0.0823,0.2175,0.9983,-3.4275,16.9237,-5.7099,0,0,0
-0.0959,0.2295,0.9978,-3.7023,18.2748,-5.4504,0,0,0
-0.0977,0.2271,0.9863,-4.9771,18.3893,-4.5878,0,0,0
-0.1155,0.2432,0.9734,-6.6183,16.313,-4.4122,0,0,0
-0.1279,0.2449,0.9729,-7.4046,14.1221,-3.8168,0,0,0
-0.1272,0.219,0.9734,-8.313,12.7939,-4.5496,0,0,0
-0.1147,0.2144,0.9976,-8.855,11.3664,-3.3206,0,0,0
-0.0925,0.2197,1.022,-9.374,13.542,-0.8855,0,0,0
-0.0928,0.239,1.0125,-10.0611,15.1221,0.0916,0,0,0
-0.1062,0.2356,1.0017,-10.4046,15.7023,-1.0076,0,0,0
-0.1216,0.2361,0.9873,-10.9466,15.0763,-3.2061,0,0,0
-0.1191,0.2217,0.9971,-11.3435,13.8626,-4.4504,0,0,0
-0.1108,0.2122,1.0139,-10.7939,14.4198,-3.3588,0,0,0
-0.1333,0.2207,0.9893,-11.2366,15.4046,-1.8473,0,0,0
-0.145,0.2366,0.9758,-13.5038,13.4351,-1.6641,0,0,0
-0.1677,0.2388,0.9453,-16.4962,7.9389,-3.1603,0,0,0
-0.1807,0.2222,0.9363,-19.1221,0.8855,-3.8092,0,0,0
-0.1995,0.2097,0.938,-19.6183,-8.0534,-3.5725,0,0,0
-0.1885,0.217,0.9512,-19.4198,-19.1527,-4.3282,0,0,0
-0.1851,0.1982,0.9573,-18.9466,-30.0382,-2.9618,0,0,0
-0.1707,0.1958,0.9705,-18.2519,-35.5038,-1.5496,0,0,0
-0.1653,0.1931,0.9541,-17.9466,-42.5344,2.7557,0,0,0
-0.1587,0.1724,0.9482,-16.626,-49.1679,6.9466,0,0,0
-0.1431,0.1763,0.9475,-18.6794,-55.771,11.7252,0,0,0
-0.1501,0.1675,0.9524,-19.7099,-66.5649,16.374,0,0,0
-0.1089,0.2268,0.999,-21.7099,-73.7634,17.9313,0,0,0
-0.0789,0.1724,1.012,-24.9237,-76.2061,17.4809,0,0,0
-0.0195,0.1741,1.0608,-23.7023,-76.0916,20.9084,0,0,0
0.0095,0.2092,1.0686,-20.7405,-70.9695,13.0687,0,0,0
-0.0632,0.1882,1.02,-22.3969,-73.2061,6.9771,0,0,0
-0.0208,0.1907,1.0249,-23.6718,-78.8397,5.9008,0,0,0
0.0283,0.1321,1.0525,-20.4656,-78.2519,9.0534,0,0,0
0.0559,0.1089,1.0701,-12.7252,-69.4275,13.3359,0,0,0
0.0562,0.1038,1.042,-8.3359,-62.3053,15.5115,0,0,0
0.072,0.1221,1.0398,-6.9924,-54.0458,18.0229,0,0,0
0.0793,0.1951,1.0125,-8.0687,-50.0992,17.0229,0,0,0
0.0903,0.1885,1.0322,-8.855,-46.313,12.2137,0,0,0
0.0767,0.1523,1.0544,-7.313,-39.8855,7.2824,0,0,0
0.1235,0.1438,1.0784,-4.3664,-31.3206,5.229,0,0,0
0.1294,0.1604,1.0779,-1.0687,-21.1908,4.2061,0,0,0
0.1328,0.1833,1.0737,-0.145,-11.1221,1.9389,0,0,0
0.1125,0.209,1.0652,-0.4427,-3.3664,-0.7099,0,0,0
0.1057,0.1724,1.0601,-0.3817,2.5878,-2.8855,0,0,0
0.0913,0.1833,1.0618,0.8626,7.3588,-3.2443,0,0,0
0.0933,0.1921,1.0564,1.6107,11.687,-4.6489,0,0,0
0.0837,0.1904,1.0364,2.6107,15.3893,-6.5802,0,0,0
0.063,0.1975,1.0386,2.3893,17.9924,-7.8397,0,0,0
0.0525,0.2056,1.0337,0.2519,18.2595,-8.1145,0,0,0
0.0352,0.2002,1.0305,-0.9084,17.8244,-7.3588,0,0,0
0.032,0.1824,1.02,-2.8931,15.6336,-6.9771,0,0,0
0.0371,0.1885,1.0107,-4.1756,14.7099,-7.2824,0,0,0
0.0466,0.1924,1.0298,-5.2824,15.2519,-8.0153,0,0,0
0.0408,0.1792,1.0347,-7.0687,18.0687,-8.6794,0,0,0
0.021,0.1665,1.0347,-8.3282,19.2137,-8.4962,0,0,0
0.0195,0.1526,1.0269,-8.3588,19.9313,-8.3588,0,0,0
0.0117,0.1438,1.0146,-7.2672,18.8702,-8.6107,0,0,0
0.01,0.1443,1.0217,-5.2443,17.8015,-8.542,0,0,0
0.0105,0.1489,1.0208,-3.6107,17.855,-8.4427,0,0,0
-0.0015,0.1255,1.0242,-2.3282,17.6489,-6.8168,0,0,0
-0.0066,0.1274,1.0137,-1.3282,17.2214,-4.229,0,0,0
-0.0288,0.1431,0.9973,-1.2672,14.7252,-1.3817,0,0,0
-0.043,0.1421,0.9783,-2.855,11.229,-0.1145,0,0,0
-0.0498,0.137,0.9805,-4.6183,5.9389,1.4656,0,0,0
-0.0403,0.1355,0.9829,-6.1069,1.4275,3.0458,0,0,0
-0.0132,0.1255,1.0061,-5.9847,-0.2901,4.9542,0,0,0
-0.0105,0.1311,1.0183,-5.2748,-0.1603,5.626,0,0,0
-0.0139,0.1257,1.001,-3.8397,0.0153,6.2061,0,0,0
-0.0198,0.1399,1.011,-3.6718,-0.3282,6.2519,0,0,0
-0.0208,0.1375,0.9961,-4.3817,-1.2672,6.5344,0,0,0
-0.0217,0.1362,0.9956,-4.6031,-2.1832,7.1832,0,0,0
-0.0266,0.1326,0.9966,-3.6947,-2.4809,7.4962,0,0,0
-0.0281,0.1228,0.9988,-2.374,-2.4427,7.5496,0,0,0
-0.0286,0.113,1.0107,0.2214,-1.9924,8.4809,0,0,0
-0.03,0.1196,1.0112,1.6718,-1.2595,9.6794,0,0,0
-0.0337,0.1191,1.0005,2.6718,-0.9466,11.1832,0,0,0
-0.0349,0.1272,0.999,2.3664,-0.4427,12.2214,0,0,0
-0.0439,0.1396,0.9885,0.4427,0.0229,12.9084,0,0,0
-0.0503,0.1521,0.9893,-2.3435,-1.1069,13.3511,0,0,0
-0.0432,0.1536,0.9854,-4.2901,-2.4504,13.7099,0,0,0
-0.04,0.1448,0.9907,-4.9237,-3.1985,13.687,0,0,0
-0.0315,0.147,0.9927,-4.5191,-3.084,14.7328,0,0,0
-0.0271,0.1562,0.9924,-4.0992,-2.3206,15.2519,0,0,0
-0.0237,0.1631,0.9922,-4.4427,-2.5725,16.1298,0,0,0
-0.0283,0.1643,1.0,-4.3435,-2.3817,16.1145,0,0,0
-0.0149,0.1648,1.001,-3.313,-2.229,15.8855,0,0,0
-0.0144,0.1711,1.0088,-1.9771,-1.7786,16.8626,0,0,0
-0.0051,0.1687,1.0164,-1.2672,0.0611,17.4733,0,0,0
-0.0073,0.1843,1.0081,-1.9466,1.9084,17.6641,0,0,0
-0.0166,0.1858,1.0007,-3.0763,2.1832,17.9618,0,0,0
-0.021,0.1882,0.9998,-4.7176,1.5573,19.0076,0,0,0
-0.0229,0.2063,1.0005,-6.1832,0.084,18.8473,0,0,0
-0.0227,0.1887,1.0002,-5.5649,-1.8931,18.2061,0,0,0
-0.0161,0.1926,1.0107,-4.8931,-3.5344,18.4198,0,0,0
-0.0061,0.1877,1.0215,-5.5954,-3.2214,19.1374,0,0,0
0.0042,0.1768,1.0273,-6.0687,-2.3282,20.2061,0,0,0
-0.0017,0.1746,1.0352,-5.7939,-1.4733,22.3359,0,0,0
-0.0007,0.1855,1.0439,-6.9084,-0.3359,24.2137,0,0,0
-0.0059,0.21,1.0413,-8.4885,-0.5115,22.4504,0,0,0
0.0042,0.1917,1.0361,-7.2214,-0.5496,20.6718,0,0,0
0.0115,0.1829,1.0513,-4.8092,0.8855,19.9695,0,0,0
0.0044,0.2051,1.0386,-3.4504,2.7939,18.5954,0,0,0
-0.001,0.2092,1.031,-3.2595,2.0153,16.5954,0,0,0
-0.0068,0.2107,1.0232,-3.7405,-0.8473,14.7939,0,0,0
0.0032,0.22,1.031,-3.9847,-3.8321,12.8015,0,0,0
0.0176,0.2,1.0471,-3.0076,-7.0153,9.5344,0,0,0
0.0437,0.1829,1.0608,-0.7405,-8.2672,6.9084,0,0,0
0.061,0.165,1.0698,0.7252,-8.1603,5.8855,0,0,0
0.0715,0.1592,1.0771,0.9542,-6.9237,6.1221,0,0,0
0.0723,0.1731,1.0649,1.8855,-5.5649,4.9924,0,0,0
0.0784,0.1682,1.0535,1.8015,-4.771,2.458,0,0,0
0.0737,0.1741,1.0386,2.1298,-4.5725,0.7939,0,0,0
0.0737,0.1721,1.0154,2.313,-5.2901,-1.0382,0,0,0
0.0852,0.1465,1.0173,3.2443,-6.0763,-2.6947,0,0,0
0.1033,0.155,1.0081,5.0153,-6.1832,-4.9542,0,0,0
0.1064,0.1389,1.0029,7.3206,-5.9924,-8.3817,0,0,0
0.1052,0.1211,0.9988,10.542,-5.8702,-11.6794,0,0,0
0.103,0.1213,0.9937,12.8931,-6.3588,-12.2519,0,0,0
0.0928,0.1143,0.9905,15.4885,-8.1527,-14.1908,0,0,0
0.0981,0.084,0.9912,18.1756,-9.6183,-15.0382,0,0,0
0.1045,0.0928,1.0168,20.0611,-9.9008,-13.0534,0,0,0
0.1165,0.1133,1.0315,19.6794,-7.5191,-9.3588,0,0,0
0.1128,0.1548,1.0444,16.4351,-4.2214,-6.2519,0,0,0
0.0957,0.1768,1.0371,9.8092,-3.3053,-6.2901,0,0,0
0.0964,0.1748,1.0369,2.7634,-3.6336,-8.8244,0,0,0
0.0945,0.1416,1.0415,-0.3053,-3.7023,-12.0153,0,0,0
0.0986,0.1047,1.04,0.4198,-3.5191,-13.7557,0,0,0
0.0991,0.0698,1.0332,5.2977,-3.0458,-15.6489,0,0,0
0.1338,0.0122,1.0713,13.3435,0.0916,-15.2061,0,0,0
0.1257,0.0364,1.0752,21.0611,3.7939,-12.6718,0,0,0
0.1304,0.0652,1.0771,25.3206,8.916,-12.9313,0,0,0
0.1143,0.0881,1.0562,25.9313,13.2137,-14.0229,0,0,0
0.1116,0.0811,1.0466,24.1832,14.5267,-15.2366,0,0,0
0.1194,0.0557,1.0515,24.2901,15.4046,-18.3817,0,0,0
0.1201,0.0222,1.0461,27.313,16.6947,-19.2214,0,0,0
0.0991,0.0261,1.0229,30.2595,17.5114,-18.5496,0,0,0
0.0896,0.0706,0.9954,29.5878,15.5191,-15.8092,0,0,0
0.0725,0.0798,0.9788,25.6183,10.6489,-11.7481,0,0,0
0.0732,0.1138,0.9666,19.5344,4.9084,-8.3969,0,0,0
0.0737,0.1143,0.9792,12.9847,-0.2443,-6.0687,0,0,0
0.0823,0.106,0.9749,7.6489,-4.2519,-4.9542,0,0,0
0.0635,0.1079,0.9626,2.9237,-7.145,-3.4198,0,0,0
0.0725,0.0952,0.9797,-1.9618,-10.0992,-0.3588,0,0,0
0.075,0.083,1.0034,-5.2137,-10.374,5.7786,0,0,0
0.0754,0.0686,1.0037,-9.2366,-8.9847,10.9542,0,0,0
0.0647,0.0686,0.9927,-12.0382,-9.1832,13.8931,0,0,0
0.0676,0.0645,1.0068,-14.0153,-9.6183,13.8397,0,0,0
0.0588,0.0803,1.0132,-16.5649,-8.7863,13.6183,0,0,0
0.0454,0.0693,1.0083,-19.9847,-6.1908,14.0076,0,0,0
0.0325,0.0471,0.9954,-21.9924,-5.4275,15.229,0,0,0
0.0313,0.0317,0.9893,-21.0611,-4.5191,15.7634,0,0,0
0.0339,0.0117,1.0042,-18.687,-3.4122,16.1374,0,0,0
0.0347,0.0027,1.001,-15.2901,-2.1527,18.2519,0,0,0
0.0315,0.0132,0.9961,-13.7252,-2.2824,20.3893,0,0,0
0.0369,0.0237,0.9866,-15.687,-3.7634,22.6412,0,0,0
0.0576,0.0156,0.9961,-17.9084,-4.687,23.3969,0,0,0
0.072,-0.0046,1.0034,-18.771,-4.5267,24.2901,0,0,0
0.0718,-0.0203,1.0088,-19.0916,-3.9237,26.2901,0,0,0
0.0635,-0.0222,1.0042,-19.771,-3.0534,29.4733,0,0,0
0.0579,-0.0256,0.9932,-19.8168,-4.0382,32.3282,0,0,0
0.0581,-0.0283,0.9917,-20.0763,-4.8321,33.9847,0,0,0
0.0642,-0.0339,1.0002,-19.0305,-6.2519,36.2137,0,0,0
0.0667,-0.0117,1.0024,-19.1221,-7.9695,38.3893,0,0,0
0.0664,0.0134,0.9919,-21.2748,-9.5191,39.3206,0,0,0
0.0684,0.0203,1.0068,-24.0763,-12.7328,40.4427,0,0,0
0.075,0.009,1.0154,-25.771,-15.458,40.6412,0,0,0
0.083,-0.0005,1.0405,-25.458,-16.7863,38.6565,0,0,0
0.0842,-0.0144,1.0525,-22.7557,-16.6336,37.3588,0,0,0
0.095,-0.0215,1.0657,-19.5496,-15.5191,36.3588,0,0,0
0.092,-0.0198,1.0549,-18.1145,-14.2672,35.5115,0,0,0
0.0908,-0.0266,1.0549,-17.771,-13.8626,35.5038,0,0,0
0.0906,-0.0376,1.0537,-18.1603,-14.2977,35.4962,0,0,0
0.0969,-0.0459,1.0549,-18.0229,-14.8931,36.0763,0,0,0
0.1079,-0.0713,1.0667,-17.0,-14.9466,37.0305,0,0,0
0.1191,-0.075,1.0864,-14.4962,-13.5802,38.7176,0,0,0
0.1287,-0.0627,1.0957,-12.1603,-11.7481,38.8321,0,0,0
0.1262,-0.0596,1.093,-9.9084,-9.374,37.5573,0,0,0
0.1267,-0.0413,1.0981,-8.2443,-6.9771,37.5573,0,0,0
0.1274,-0.0381,1.0964,-7.4427,-5.9389,38.3206,0,0,0
0.1296,-0.0115,1.1016,-7.5573,-4.855,38.7863,0,0,0
0.1375,-0.0002,1.1008,-6.7405,-3.4122,37.1908,0,0,0
0.1382,0.0112,1.1055,-3.7786,-0.8321,34.1374,0,0,0
0.1423,0.0132,1.0999,-1.4962,0.855,31.4809,0,0,0
0.1333,0.0239,1.0837,-0.2061,3.1374,29.5496,0,0,0
0.1311,0.0352,1.0669,-1.0916,4.5802,28.0611,0,0,0
0.1272,0.0342,1.0574,-3.0458,5.5344,26.2901,0,0,0
0.1423,0.0381,1.0613,-4.7099,6.7939,24.6336,0,0,0
0.1343,0.0359,1.0615,-4.9924,7.6336,21.9466,0,0,0
0.1475,0.0227,1.0593,-5.2672,9.7405,19.0153,0,0,0
0.1248,0.0142,1.0449,-5.4351,11.3282,16.2672,0,0,0
0.1252,0.0083,1.0254,-5.8397,11.916,14.8168,0,0,0
0.1196,-0.0042,1.0146,-7.0763,11.3969,14.4504,0,0,0
0.1172,-0.0107,0.9983,-9.0229,9.6794,14.4427,0,0,0
0.1243,-0.0464,1.0007,-10.145,6.4275,14.8626,0,0,0
0.1367,-0.0527,1.0051,-8.458,4.3817,16.2137,0,0,0
0.1494,-0.0569,1.03,-5.771,4.0382,15.9084,0,0,0
0.147,-0.0422,1.0291,-3.2366,4.6031,14.9466,0,0,0
0.1331,-0.021,1.0144,-3.0076,5.7557,14.5191,0,0,0
0.1238,-0.0239,1.0049,-5.0229,5.7176,15.145,0,0,0
0.1099,-0.0215,0.9893,-7.7863,3.3664,16.4962,0,0,0
0.1143,-0.0293,0.99,-9.8244,0.4046,18.0229,0,0,0
0.1299,0.0007,0.9978,-12.5344,-3.6794,19.6183,0,0,0
0.1531,-0.0212,1.022,-12.1756,-7.3893,18.6794,0,0,0
0.1777,-0.0173,1.043,-9.8244,-8.3053,19.1603,0,0,0
0.1775,-0.0093,1.0505,-6.7023,-7.4733,20.7939,0,0,0
0.1663,0.0244,1.0447,-5.4275,-6.4809,22.4198,0,0,0
0.1389,0.0527,1.0234,-6.4809,-5.9008,23.5496,0,0,0
0.1167,0.0813,1.0146,-7.855,-4.7939,24.7557,0,0,0
0.1077,0.0962,0.9995,-7.5344,-4.1985,23.2137,0,0,0
0.0972,0.1167,1.0066,-3.3893,-2.8015,16.0382,0,0,0
0.0752,0.1028,0.9775,2.2748,0.5878,10.9313,0,0,0
0.061,0.1111,0.9866,8.0763,2.9924,8.1985,0,0,0
0.0396,0.1191,0.9705,13.2672,3.7023,7.8397,0,0,0
0.0435,0.1187,0.978,15.4504,3.9084,10.7863,0,0,0
0.0461,0.1555,0.9778,16.5114,2.5649,15.1756,0,0,0
0.0747,0.2148,0.999,12.7863,-0.9618,15.5954,0,0,0
0.1135,0.2917,1.0281,8.7786,-4.7099,6.5115,0,0,0
0.1323,0.3108,1.0613,5.2672,-5.1069,-7.1145,0,0,0
0.1528,0.2998,1.0974,5.542,-3.1679,-22.0992,0,0,0
0.1875,0.3059,1.0981,8.916,0.8702,-30.4809,0,0,0
0.1418,0.2083,1.0652,14.7786,-0.5878,-32.4198,0,0,0
0.123,0.2241,1.0544,21.5649,-5.3053,-33.4427,0,0,0
0.1064,0.2163,1.0327,27.145,-10.0916,-35.4275,0,0,0
0.0884,0.2009,0.9978,32.1145,-16.7786,-34.9313,0,0,0
0.0654,0.2056,0.9541,36.7023,-26.2977,-31.855,0,0,0
0.0955,0.2119,0.9617,39.3282,-32.6031,-30.0763,0,0,0
0.125,0.2278,0.9937,40.1756,-37.1221,-27.0458,0,0,0
0.1599,0.2498,1.0415,39.2519,-34.8779,-27.3282,0,0,0
0.1914,0.2197,1.0991,37.2595,-25.0153,-22.6107,0,0,0
0.196,0.2224,1.115,34.8473,-11.6489,-15.0458,0,0,0
0.1719,0.2893,1.0842,28.6489,-1.3664,-9.5725,0,0,0
0.1582,0.3638,1.0591,18.6489,4.771,-8.8626,0,0,0
0.1404,0.3623,1.0256,9.6183,6.1756,-14.9008,0,0,0
0.1243,0.3162,1.0032,5.1221,7.4427,-19.4427,0,0,0
0.0962,0.2859,0.9805,4.6565,6.8473,-19.0229,0,0,0
0.0906,0.2561,0.9504,8.2901,4.7557,-18.3053,0,0,0
0.0847,0.2234,0.9512,11.8473,2.0992,-13.8779,0,0,0
0.0925,0.229,0.9622,14.7939,0.5878,-7.4809,0,0,0
0.0938,0.271,0.9668,17.2366,0.2137,-4.458,0,0,0
0.0874,0.2791,0.9741,17.5496,1.0458,-3.3435,0,0,0
0.0771,0.3042,0.9673,14.5496,1.1221,-2.6565,0,0,0
0.0791,0.2815,0.969,9.2901,0.9771,-2.0229,0,0,0
0.0774,0.2778,0.9741,5.3817,1.6336,-0.7328,0,0,0
0.082,0.2932,0.988,4.1221,2.5496,-3.0,0,0,0
0.0791,0.2583,0.9941,4.458,2.6183,-6.7863,0,0,0
0.074,0.2288,0.9895,5.855,4.4275,-6.3511,0,0,0
0.0667,0.231,0.9866,7.4504,4.5573,-3.0687,0,0,0
0.042,0.2424,0.9841,7.7634,3.1985,-2.1756,0,0,0
0.0549,0.2834,0.9958,8.8168,1.0611,-5.3435,0,0,0
0.0579,0.2615,1.0159,10.1679,0.5344,-10.8626,0,0,0
0.071,0.2539,1.0364,12.458,3.3511,-14.0,0,0,0
0.0547,0.2239,1.031,14.8397,7.2137,-15.6718,0,0,0
0.0452,0.2136,1.0281,16.4275,10.7023,-15.8855,0,0,0
0.0471,0.28,1.0144,16.2672,13.0305,-16.0305,0,0,0
0.0298,0.3049,1.0012,15.2137,10.916,-21.7328,0,0,0
0.0137,0.3708,0.9961,11.084,8.6336,-29.4962,0,0,0
0.0078,0.3589,0.9917,7.1832,4.9771,-42.7023,0,0,0
0.0071,0.2954,0.9851,4.1603,3.0305,-47.9084,0,0,0
-0.0117,0.1914,0.9673,4.7099,0.1145,-46.0916,0,0,0
-0.0171,0.1592,0.9756,7.2748,-1.1374,-36.1069,0,0,0
-0.0332,0.1685,0.9517,10.084,-3.9924,-29.0,0,0,0
-0.0212,0.2781,0.9382,9.6947,-9.5725,-27.4962,0,0,0
-0.0027,0.2842,0.9119,2.9618,-11.6565,-32.1908,0,0,0
-0.0229,0.1638,0.9214,-2.6489,-13.458,-29.8397,0,0,0
0.0002,0.0901,0.9529,-2.5802,-14.0229,-20.1679,0,0,0
0.0095,0.1064,0.9648,-0.8931,-12.2519,-9.0611,0,0,0
0.0137,0.1646,0.9573,-2.1374,-11.1069,-4.1756,0,0,0
0.0007,0.1897,0.9524,-5.4504,-12.5878,-2.0382,0,0,0
0.0117,0.2395,0.9587,-9.687,-15.6641,-3.1679,0,0,0
0.0225,0.2019,0.9602,-12.9618,-19.0153,-8.5496,0,0,0
0.0239,0.1421,0.9783,-12.5191,-20.8015,-9.3206,0,0,0
0.0562,0.0862,0.9934,-6.4962,-20.7481,-5.916,0,0,0
0.0508,0.0762,0.9968,0.9313,-18.1145,0.084,0,0,0
0.0735,0.0789,1.0239,6.6183,-15.1069,7.9389,0,0,0
0.0872,0.1348,1.0527,8.7176,-9.6183,14.3206,0,0,0
0.0901,0.2214,1.0381,5.4275,-4.8626,14.3817,0,0,0
0.0837,0.2246,1.0413,-2.2901,-1.5878,9.2595,0,0,0
0.0691,0.1938,1.0422,-8.1832,0.9313,8.7405,0,0,0
0.0798,0.1418,1.0632,-9.9771,3.771,13.8855,0,0,0
0.0825,0.1438,1.0737,-10.3511,8.6718,21.9924,0,0,0
0.0881,0.1514,1.0654,-11.0,13.0611,30.7481,0,0,0
0.0833,0.208,1.0569,-14.2443,15.8244,36.0382,0,0,0
0.0581,0.282,1.0347,-21.5038,15.5038,33.2366,0,0,0
0.0688,0.2849,1.0374,-30.3282,13.1985,30.5114,0,0,0
0.1194,0.2483,1.0598,-36.1145,12.5649,29.2824,0,0,0
0.1731,0.1787,1.1008,-37.0763,14.8092,33.4046,0,0,0
0.1858,0.1885,1.1216,-33.4885,17.1221,41.5954,0,0,0
0.239,0.1616,1.1514,-30.6336,19.3588,50.4427,0,0,0
0.2407,0.1631,1.1707,-27.626,20.084,62.4046,0,0,0
0.2668,0.1055,1.1777,-24.9084,20.2214,77.8168,0,0,0
0.2625,0.188,1.1589,-23.7939,22.6565,90.7634,0,0,0
0.2559,0.3689,1.1299,-29.7252,21.4962,80.6031,0,0,0
0.2458,0.4209,1.1375,-44.0382,25.1908,63.0458,0,0,0
0.2036,0.3408,1.1182,-57.0,32.458,53.8321,0,0,0
0.1985,0.2407,1.1218,-62.687,41.0229,54.4809,0,0,0
0.2224,0.1401,1.094,-64.8244,54.4427,53.8855,0,0,0
0.2107,0.0271,1.0833,-57.7023,67.2824,64.1985,0,0,0
0.1501,0.0247,1.0459,-43.916,75.5344,77.1298,0,0,0
0.123,0.303,0.9883,-34.458,76.6336,73.7252,0,0,0
0.0662,0.3516,0.9385,-35.2748,68.4886,46.3664,0,0,0
0.052,0.3481,0.9456,-39.4733,60.0916,26.8779,0,0,0
0.0396,0.2502,0.959,-38.7405,56.1756,15.7634,0,0,0
0.0884,0.1392,0.998,-30.1908,59.5954,13.2595,0,0,0
0.0703,0.1201,0.9917,-18.4656,64.1069,13.3359,0,0,0
0.04,0.1472,0.9553,-9.855,64.8779,10.0763,0,0,0
-0.0127,0.1531,0.9041,-6.0076,56.916,7.1985,0,0,0
-0.0474,0.1626,0.8801,-6.3359,45.4733,2.6336,0,0,0
-0.0435,0.1638,0.8789,-7.5954,31.6794,-1.2901,0,0,0
-0.012,0.0979,0.9062,-8.3588,20.2214,-3.9008,0,0,0
-0.0095,0.0728,0.9292,-6.3893,10.2366,-4.2366,0,0,0
0.0173,0.0593,0.948,-3.5725,1.5573,-1.8473,0,0,0
0.0508,0.0674,0.9607,-1.9008,-6.2519,0.8702,0,0,0
0.0735,0.1428,0.9763,-2.0153,-16.3053,-1.3359,0,0,0
0.0894,0.1738,1.0012,-2.9237,-27.7786,-11.8779,0,0,0
0.127,0.1858,1.0369,-3.8931,-35.4198,-22.1985,0,0,0
0.0234,-0.0256,1.0393,-1.9237,-40.687,-30.2672,0,0,0
0.1226,0.0759,1.043,-0.7557,-38.6641,-29.6412,0,0,0
0.0603,0.053,0.9836,1.3588,-39.458,-30.5344,0,0,0
0.0605,0.1011,0.9136,5.4122,-42.542,-31.7557,0,0,0
-0.012,0.0803,0.8521,11.0687,-52.0153,-35.1603,0,0,0
-0.0442,0.0957,0.7876,17.2366,-63.9466,-40.4275,0,0,0
-0.0542,0.0566,0.7637,26.4885,-77.8321,-47.0534,0,0,0
-0.0442,0.0269,0.7856,34.6412,-87.8702,-48.0153,0,0,0
0.019,-0.085,0.8472,44.2519,-93.229,-40.5725,0,0,0
0.0757,-0.0022,0.9226,53.6718,-87.5878,-28.2443,0,0,0
0.1135,0.0227,0.9807,56.0763,-78.1145,-16.7099,0,0,0
0.1543,0.1045,1.0144,49.3969,-64.5878,-7.916,0,0,0
0.1855,0.165,1.0562,37.0305,-52.7863,-3.5573,0,0,0
0.1973,0.2104,1.0708,21.0382,-40.542,-4.2061,0,0,0
0.2004,0.1724,1.0776,3.9084,-29.9695,-5.7252,0,0,0
0.196,0.0876,1.085,-8.1527,-21.3969,-1.9847,0,0,0
0.2009,-0.0007,1.0762,-11.9008,-14.5725,8.6641,0,0,0
0.1946,-0.0088,1.062,-10.4733,-13.3893,20.0534,0,0,0
0.1904,0.0244,1.0605,-8.1832,-15.5649,29.4198,0,0,0
0.178,0.0168,1.0466,-4.2366,-22.3969,37.458,0,0,0
0.1892,0.0581,1.0613,-0.3435,-30.0153,37.687,0,0,0
0.2136,0.0837,1.1025,1.4351,-32.2443,36.9924,0,0,0
0.2263,0.1362,1.1138,1.855,-29.145,34.084,0,0,0
0.2117,0.176,1.105,1.8473,-26.1221,28.7099,0,0,0
0.2102,0.2681,1.0959,-2.1908,-24.6412,11.9389,0,0,0
0.1997,0.2593,1.0942,-7.5267,-20.8779,-6.1527,0,0,0
0.207,0.2532,1.1099,-10.7328,-13.9847,-21.6336,0,0,0
0.2285,0.2297,1.1021,-10.7405,-8.2061,-35.0534,0,0,0
0.2158,0.2261,1.0845,-8.1298,-2.4656,-46.0687,0,0,0
0.2021,0.262,1.0605,-5.7939,1.8397,-59.0305,0,0,0
0.1882,0.2842,1.0374,-6.0763,3.3664,-76.2061,0,0,0
0.1912,0.28,1.0444,-7.855,4.4504,-90.6031,0,0,0
0.2129,0.2598,1.0469,-9.9771,6.3664,-106.4122,0,0,0
0.2898,0.2664,1.0688,-9.8473,11.7939,-113.6489,0,0,0
0.199,0.1572,1.0466,-8.2901,15.4122,-119.6336,0,0,0
0.2068,0.1367,1.0503,-9.2977,17.0,-120.8397,0,0,0
0.2024,0.1826,1.0386,-10.8779,18.4962,-119.8168,0,0,0
0.1995,0.2427,1.0234,-14.084,17.3893,-128.1832,0,0,0
0.2034,0.3232,1.0325,-20.5496,16.3664,-138.5725,0,0,0
0.2017,0.2698,1.0425,-27.313,16.687,-152.3817,0,0,0
0.1824,0.1235,1.0374,-28.8931,18.4427,-154.1985,0,0,0
0.158,0.0396,1.0205,-23.313,19.2595,-142.2901,0,0,0
0.1392,-0.0139,1.0259,-15.5038,22.313,-125.4809,0,0,0
0.1248,0.0574,0.9922,-9.2748,23.4427,-113.2519,0,0,0
0.1282,0.147,0.9661,-10.7863,19.1221,-109.4886,0,0,0
0.1423,0.135,0.9734,-16.8473,11.6107,-109.0382,0,0,0
0.1653,0.0542,0.9958,-22.771,3.2366,-104.6107,0,0,0
0.188,-0.0491,1.0178,-24.5114,-4.4962,-88.5115,0,0,0
0.2261,-0.0569,1.0315,-24.0916,-10.4427,-67.9084,0,0,0
0.2551,0.0024,1.0447,-24.8855,-14.6565,-55.5496,0,0,0
0.2454,0.0793,1.043,-29.5649,-17.8626,-53.2595,0,0,0
0.2593,0.1094,1.0549,-38.0076,-16.1221,-56.0305,0,0,0
0.2451,0.0498,1.0696,-44.7481,-9.5878,-59.5878,0,0,0
0.2395,-0.033,1.0854,-44.9466,1.8168,-57.0229,0,0,0
0.2097,-0.082,1.0732,-40.6183,16.6183,-49.0534,0,0,0
0.1719,-0.0718,1.0547,-34.0458,29.3511,-37.9847,0,0,0
0.1516,-0.0791,1.0217,-29.1145,40.8473,-28.8015,0,0,0
0.1011,-0.0867,0.999,-24.7939,45.6336,-19.1145,0,0,0
0.0679,-0.0911,0.9751,-18.5725,43.8626,-5.0305,0,0,0
0.0569,0.0276,0.9434,-12.8397,36.0229,-0.3282,0,0,0
0.0681,0.167,0.9607,-12.8779,26.3817,-15.7939,0,0,0
0.075,0.2065,1.0037,-20.855,19.771,-33.8321,0,0,0
0.1289,0.1479,1.0632,-28.8931,20.5496,-42.4275,0,0,0
0.1558,0.083,1.0613,-35.6947,25.6031,-43.3053,0,0,0
0.1775,-0.0181,1.0693,-38.8397,30.5573,-40.7557,0,0,0
0.1633,-0.0459,1.0554,-38.7786,34.1985,-32.6336,0,0,0
0.1311,-0.0942,1.033,-38.2672,36.313,-19.542,0,0,0
0.095,-0.0762,0.9868,-37.2977,36.7252,-4.7099,0,0,0
0.0532,-0.0483,0.9436,-35.3282,26.5802,7.0076,0,0,0
0.0422,0.0601,0.9072,-33.3053,21.4275,7.0458,0,0,0
0.0093,0.0486,0.9202,-31.7099,9.7099,0.3053,0,0,0
0.0137,0.0437,0.9578,-32.4885,5.1679,-3.145,0,0,0
0.002,0.012,0.9453,-30.2977,5.4504,0.3893,0,0,0
-0.0195,-0.0132,0.9197,-25.8626,5.4198,7.2443,0,0,0
-0.0505,-0.012,0.884,-20.6641,2.7557,14.4275,0,0,0
-0.0752,0.0088,0.8523,-14.4122,-5.1832,19.9237,0,0,0
-0.0723,-0.0164,0.8567,-9.8779,-16.4122,22.0382,0,0,0
-0.0645,0.0205,0.8579,-5.7863,-26.8779,24.7786,0,0,0
-0.0605,0.0972,0.8701,-1.2061,-39.5878,23.3817,0,0,0
-0.0486,0.1455,0.8875,1.4962,-55.855,11.3282,0,0,0
-0.0264,0.1438,0.9343,2.9618,-70.6794,-4.4351,0,0,0
0.0588,0.0625,0.9922,6.6031,-76.9008,-17.0458,0,0,0
0.1565,0.0515,1.0847,11.7939,-73.9771,-24.0382,0,0,0
0.1626,0.0381,1.1357,19.6412,-64.9771,-30.4427,0,0,0
0.1746,0.0347,1.1575,23.6336,-52.9771,-32.3817,0,0,0
0.176,0.0222,1.1643,23.3511,-41.2595,-32.9389,0,0,0
0.1536,0.0339,1.1399,21.8092,-31.7328,-33.4122,0,0,0
0.1311,0.0554,1.1057,16.7557,-26.3511,-34.7786,0,0,0
0.0977,0.0352,1.0662,12.7786,-24.7863,-38.4122,0,0,0
0.0813,0.0361,1.0347,10.1221,-27.0382,-42.4962,0,0,0
0.0588,0.0662,1.0107,9.2519,-32.3588,-47.0382,0,0,0
0.0405,0.0688,0.9934,13.2901,-41.5115,-59.8779,0,0,0
0.0261,0.0796,1.0078,19.8473,-51.9237,-73.7863,0,0,0
0.1279,-0.0469,1.1292,26.9618,-50.9008,-77.1985,0,0,0
0.146,-0.0229,1.1653,35.3511,-40.9771,-70.6641,0,0,0
0.1902,0.0449,1.2075,40.7099,-26.2977,-69.2977,0,0,0
0.1746,0.1262,1.1865,38.5878,-15.2443,-75.771,0,0,0
0.1775,0.1533,1.1738,30.1756,-7.4809,-81.7786,0,0,0
0.1929,0.0774,1.1936,19.7405,-1.0992,-82.3893,0,0,0
0.2266,0.0444,1.229,11.9313,9.5954,-76.145,0,0,0
0.2708,0.0159,1.2502,7.229,22.7176,-66.2824,0,0,0
0.2622,0.0208,1.2329,2.7252,37.084,-54.9847,0,0,0
0.2444,0.0862,1.1953,-2.8168,47.7328,-47.7099,0,0,0
0.2095,0.084,1.1438,-7.8626,51.687,-45.3893,0,0,0
0.1838,0.0671,1.1179,-12.4122,54.5649,-40.7405,0,0,0
0.1838,0.0554,1.0969,-16.8702,57.0,-32.6947,0,0,0
0.1721,0.021,1.0952,-19.7328,61.5802,-24.0153,0,0,0
0.1389,0.0249,1.0854,-18.8092,66.4504,-14.7557,0,0,0
0.1301,0.0667,1.0706,-17.458,70.4351,-7.6794,0,0,0
0.0825,0.0681,1.032,-18.3435,71.9695,-3.8855,0,0,0
0.041,0.0769,0.9824,-20.0534,70.313,0.8855,0,0,0
0.0054,0.0542,0.9351,-22.1145,66.1145,7.4885,0,0,0
-0.0024,0.0308,0.9189,-23.4656,59.9237,17.4427,0,0,0
-0.012,0.0176,0.9255,-21.9618,55.2061,27.3282,0,0,0
-0.0261,0.0305,0.9207,-19.7557,51.9542,34.5725,0,0,0
-0.0552,0.0657,0.8992,-17.9924,47.0916,37.3817,0,0,0
-0.0583,0.0779,0.8838,-18.9466,39.4885,38.0,0,0,0
-0.0378,0.0571,0.9219,-21.4275,33.7786,40.145,0,0,0
-0.0334,0.0208,0.9294,-24.1221,31.1603,47.229,0,0,0
-0.022,-0.0222,0.9426,-26.7176,28.9542,56.2061,0,0,0
-0.0322,-0.0374,0.9465,-25.1145,26.2977,68.6489,0,0,0
-0.0229,-0.0754,0.9385,-22.4427,22.1832,82.4657,0,0,0
-0.0325,-0.0679,0.9082,-20.3511,15.0382,96.5649,0,0,0
-0.0466,-0.0474,0.9099,-18.2824,3.9237,109.1145,0,0,0
-0.0239,0.0383,0.9258,-20.1374,-6.8473,112.9313,0,0,0
0.0076,0.1431,0.9854,-27.7328,-15.2901,110.0458,0,0,0
-0.0359,0.1519,1.0083,-39.313,-20.2901,102.0763,0,0,0
-0.0166,0.1426,1.0093,-50.458,-25.3511,91.0763,0,0,0
0.0247,0.0889,1.0542,-57.916,-23.9084,79.7328,0,0,0
0.0117,0.0662,1.0635,-57.9084,-19.0992,71.0534,0,0,0
-0.0103,0.0215,1.041,-51.9237,-15.8779,66.2672,0,0,0
-0.0103,-0.0515,1.0378,-42.6641,-14.4504,64.9695,0,0,0
-0.0469,-0.0273,1.0044,-32.5954,-14.3053,67.1985,0,0,0
-0.062,-0.0178,0.9937,-26.3969,-15.9008,68.0534,0,0,0
-0.0823,0.0291,0.9653,-25.2214,-20.3893,64.4046,0,0,0
-0.0979,0.0532,0.95,-26.9542,-27.3359,56.9466,0,0,0
-0.0664,0.0286,0.9556,-29.3969,-34.0992,50.4504,0,0,0
-0.0691,-0.0249,0.9646,-28.145,-38.8473,46.9389,0,0,0
-0.0806,-0.0715,0.9668,-23.4122,-44.0153,42.6718,0,0,0
-0.0476,-0.1018,1.0132,-15.3893,-47.8473,36.7023,0,0,0
0.012,-0.0659,1.05,-3.5954,-49.4351,26.8397,0,0,0
0.0159,-0.0291,1.0735,8.7252,-47.9771,13.2443,0,0,0
0.0037,-0.0215,1.0884,19.9008,-46.0,-0.5496,0,0,0
0.012,0.0234,1.0867,28.4809,-44.7099,-12.9313,0,0,0
0.0078,0.0437,1.0593,36.8015,-46.0916,-31.2443,0,0,0
-0.0327,0.0134,1.0244,49.4504,-51.9313,-49.2748,0,0,0
-0.0222,0.0347,0.9878,63.916,-60.3435,-62.6412,0,0,0
-0.0251,0.0232,0.9653,78.6031,-69.2519,-73.0076,0,0,0
0.0173,0.0784,0.9651,88.2366,-79.1679,-83.5725,0,0,0
0.0923,0.0383,1.0505,96.458,-81.1069,-89.626,0,0,0
0.1575,0.1094,1.0896,102.4504,-74.5573,-100.4198,0,0,0
0.1926,0.0225,1.1316,107.0458,-62.9924,-108.0153,0,0,0
0.198,0.002,1.1497,113.5725,-49.7405,-106.542,0,0,0
0.1926,0.0547,1.137,116.4504,-38.9008,-101.0382,0,0,0
0.2097,0.1416,1.126,109.2824,-30.5191,-98.3359,0,0,0
0.2593,0.0659,1.2007,96.5649,-17.4351,-91.458,0,0,0
0.2507,0.1672,1.2168,81.4504,1.458,-82.9237,0,0,0
0.2661,0.2639,1.1941,58.6489,19.4885,-76.2901,0,0,0
0.2515,0.2476,1.1694,31.8168,34.626,-77.2214,0,0,0
0.2517,0.2092,1.1538,6.1069,49.771,-76.6641,0,0,0
0.2163,0.1433,1.1338,-12.916,62.5344,-71.4046,0,0,0
0.2239,0.0796,1.1228,-28.3282,75.2443,-61.9313,0,0,0
0.1555,0.0461,1.0647,-35.4046,82.7786,-48.3664,0,0,0
0.1113,0.092,1.0122,-38.3664,84.5725,-36.9695,0,0,0
0.0718,0.0916,0.9448,-42.2214,80.6412,-29.5038,0,0,0
0.0415,0.0896,0.8979,-45.0687,72.6031,-21.2672,0,0,0
0.0234,0.1104,0.9126,-49.2977,64.7328,-12.9466,0,0,0
0.0127,0.0991,0.9126,-55.1603,58.3588,-5.2519,0,0,0
-0.0095,0.0745,0.908,-58.2443,52.0458,0.3359,0,0,0
0.0129,0.0476,0.9402,-58.9542,47.9008,6.3664,0,0,0
-0.0022,0.0139,0.9531,-52.4885,47.7557,14.9924,0,0,0
0.0034,-0.0029,0.9478,-43.2748,45.916,21.084,0,0,0
0.0105,0.0349,0.9946,-32.8092,43.8931,21.2137,0,0,0
0.0,0.1611,1.0249,-28.4046,45.9542,15.6947,0,0,0
-0.0298,0.1604,1.0002,-28.6107,47.2061,12.3053,0,0,0
-0.0271,0.1335,1.0034,-30.3817,46.0305,9.1756,0,0,0
-0.0369,0.0981,0.9907,-27.5802,46.3893,6.3664,0,0,0
-0.0496,-0.0178,1.0105,-16.0,45.771,8.8092,0,0,0
-0.051,-0.0159,1.0085,-2.3435,48.4275,15.3053,0,0,0
-0.0767,0.0198,0.9944,7.6031,49.0153,20.4962,0,0,0
-0.093,0.0815,0.9739,8.7099,47.0076,23.2137,0,0,0
-0.1045,0.1309,0.9856,2.5802,43.7786,24.1832,0,0,0
-0.116,0.1575,0.9883,-5.0916,40.0382,21.0763,0,0,0
-0.1396,0.1997,0.9817,-13.7328,37.1985,17.7557,0,0,0
-0.1421,0.1321,0.978,-18.3435,32.0458,13.8626,0,0,0
-0.1111,0.0662,1.0112,-15.9237,31.5725,12.0382,0,0,0
-0.1179,0.0654,1.0173,-9.6565,34.6183,12.8092,0,0,0
-0.1372,0.0669,1.031,-2.8779,38.9313,12.1756,0,0,0
-0.2048,0.1055,0.9924,1.8702,38.6107,13.3588,0,0,0
-0.1934,0.1252,0.9714,5.687,33.4122,11.0153,0,0,0
-0.2349,0.1777,0.8777,-1.7863,24.9313,8.1603,0,0,0
-0.207,-0.021,0.9011,10.1221,28.5725,-0.3359,0,0,0
-0.2683,0.1516,0.9109,10.2672,16.4275,3.1298,0,0,0
-0.2241,0.1086,0.9109,6.7405,9.7939,3.1756,0,0,0
-0.2209,0.1501,0.9207,-0.1374,1.7176,1.9008,1,0,0
-0.2046,0.114,0.9529,-6.2443,-1.4275,-0.3893,1,0,0
-0.2,0.084,0.967,-7.8702,-3.5573,-0.9771,1,0,0
-0.1851,0.0718,0.9839,-7.626,-4.4885,-1.5649,1,0,0
-0.1807,0.0862,0.9861,-7.7481,-5.0229,-2.4885,1,0,0
-0.1748,0.0828,0.9856,-9.1298,-5.7863,-3.0305,1,0,0
-0.1812,0.083,0.9841,-10.1374,-7.0916,-3.3511,1,0,0
-0.1689,0.0684,0.9888,-8.9466,-8.313,-2.4504,1,0,0
-0.1641,0.0991,0.9893,-9.7481,-8.8321,-1.5191,1,0,0
-0.155,0.0935,1.0115,-11.313,-8.771,-2.8779,1,0,0
-0.1619,0.0854,1.0166,-12.7634,-8.3435,-4.0611,1,0,0
-0.1545,0.0835,1.0295,-13.5038,-6.4275,-4.6107,1,0,0
-0.1467,0.0823,1.0205,-13.5802,-3.771,-7.3588,1,0,0
-0.1741,0.0283,1.0076,-11.9924,-3.1221,-5.7023,1,0,0
-0.1736,0.0952,1.0193,-13.0992,-3.8092,-4.4885,1,0,0
-0.1807,0.0786,1.0234,-14.6336,-4.1832,-3.3435,1,0,0
-0.1797,0.0193,1.0078,-11.5725,-4.5954,-0.145,1,0,0
-0.1653,0.0317,1.0071,-6.145,-5.6718,1.3359,1,0,0
-0.1589,0.0476,1.0051,-1.9008,-5.3664,1.1603,1,0,0
-0.1689,0.063,0.9893,0.9466,-6.0153,1.5267,1,0,0
-0.1685,0.0769,0.9895,0.8626,-8.0611,1.5725,0,0,0
-0.1658,0.0959,0.9846,-0.9466,-9.2595,1.0229,0,0,0
-0.1567,0.0886,0.9971,-2.9389,-10.5802,-0.1069,0,0,0
-0.158,0.0793,0.9814,-4.3359,-11.5954,-0.5649,0,0,0
-0.158,0.0684,0.9854,-3.2519,-12.3053,-0.9847,0,0,0
-0.1587,0.0825,0.9919,-2.1832,-13.5038,-1.2748,0,0,0
-0.1555,0.0735,0.9832,-1.0763,-14.5725,-1.8168,0,0,0
-0.1477,0.0752,0.9863,-0.6031,-16.3588,-2.4198,0,0,0
-0.1521,0.0642,0.991,0.1527,-17.9924,-2.0153,0,0,0
-0.1416,0.0664,1.0081,0.9008,-17.7634,-1.1985,0,0,0
-0.1455,0.0835,0.9941,0.5191,-18.6031,-0.4122,0,0,0
-0.1145,0.0701,1.0283,-0.855,-18.145,-0.5191,0,0,0
-0.1143,0.0671,1.0413,-1.2214,-14.3969,2.0458,0,0,0
-0.1079,0.0837,1.0452,-1.7863,-10.3435,2.687,0,0,0
-0.1121,0.0964,1.0474,-5.0687,-6.7863,0.9618,0,0,0
-0.1265,0.0801,1.0498,-6.7634,-4.9771,-0.5191,0,0,0
-0.137,0.0874,1.0354,-7.6718,-5.0076,-0.6565,0,0,0
-0.1365,0.0645,1.033,-7.4733,-5.0076,-1.2824,0,0,0
-0.1348,0.0393,1.0354,-4.4427,-5.4427,-1.542,0,0,0
-0.145,0.0474,1.0208,-0.5191,-5.9237,-1.374,0,0,0
-0.1458,0.0408,1.0303,2.0611,-6.7099,-0.6412,0,0,0
-0.144,0.0667,1.0269,2.8321,-8.374,-0.3588,0,0,0
-0.1377,0.0669,1.0322,0.9466,-9.1832,0.145,0,0,0
-0.125,0.072,1.0562,-1.8931,-9.0,0.1832,0,0,0
-0.1201,0.0583,1.0603,-3.0611,-8.0,0.771,0,0,0
-0.113,0.0674,1.054,-3.3893,-6.1908,1.1603,0,0,0
-0.1157,0.0542,1.0432,-3.3435,-5.0763,0.7023,0,0,0
-0.1145,0.0505,1.0449,-2.3053,-4.2061,0.8626,0,0,0
-0.1218,0.0427,1.0342,-0.9237,-4.313,2.7328,0,0,0
-0.1221,0.0479,1.0281,0.0305,-4.6641,4.7634,0,0,0
-0.1196,0.0554,1.0154,-0.084,-5.145,6.1603,0,0,0
-0.124,0.0669,1.0105,-0.5802,-6.7557,6.2137,0,0,0
-0.1216,0.0801,1.0066,-0.2595,-8.145,4.7023,0,0,0
-0.1086,0.0667,1.0081,-0.2519,-8.7939,2.5954,0,0,0
-0.1099,0.074,1.0261,1.3511,-9.2595,0.9466,0,0,0
-0.1101,0.064,1.0127,2.4198,-9.229,0.6336,0,0,0
-0.1079,0.0798,1.0186,2.3206,-9.6947,0.6489,0,0,0
-0.0813,0.0781,1.0403,1.1069,-8.8015,0.7405,0,0,0
-0.0891,0.0789,1.0344,-0.4504,-5.7939,2.1298,0,0,0
-0.0852,0.0808,1.0269,-2.4504,-4.4046,2.6412,0,0,0
-0.0906,0.0901,1.0249,-3.6641,-3.4275,2.5038,0,0,0
-0.0964,0.0818,1.0173,-3.5115,-3.4962,0.6794,0,0,0
-0.0955,0.0764,1.0142,-2.4504,-3.6031,0.0534,0,0,0
-0.0957,0.0776,1.0164,-0.687,-3.9618,0.4275,0,0,0
-0.0981,0.0957,1.0181,0.0916,-4.4809,1.3282,0,0,0
-0.0947,0.0857,1.0203,-0.5344,-4.4122,0.9466,0,0,0
-0.0972,0.104,1.0137,-1.3664,-4.0916,0.3053,0,0,0
-0.0942,0.0999,1.0227,-2.3206,-3.6947,-0.3817,0,0,0
-0.0928,0.1013,1.0146,-2.1908,-3.3969,-1.3893,0,0,0
-0.0901,0.1001,1.0063,-2.4504,-3.9695,-2.5344,0,0,0
-0.0933,0.0872,1.0178,-1.1985,-4.9771,-3.4198,0,0,0
-0.0972,0.0884,1.0134,1.3359,-5.7405,-3.3359,0,0,0
-0.0933,0.0916,1.0183,3.2137,-5.7328,-3.1145,0,0,0
-0.0833,0.1094,1.0312,3.8168,-5.7176,-2.7099,0,0,0
-0.0852,0.1194,1.0369,2.7252,-4.7863,-4.0458,0,0,0
-0.0771,0.1187,1.0381,0.4351,-3.6412,-4.7786,0,0,0
-0.0823,0.1089,1.0471,-0.8321,-2.3359,-6.2977,0,0,0
-0.0972,0.0798,1.0454,0.4885,-2.084,-5.7405,0,0,0
-0.0911,0.0544,1.0312,6.4656,-2.9313,-4.8702,0,0,0
-0.1011,0.0735,1.0215,9.3588,-4.4275,-2.7176,0,0,0
-0.0803,0.0959,1.0161,10.3588,-5.8397,-2.9466,0,0,0
-0.0706,0.1304,1.0186,6.2366,-4.5267,-2.6489,0,0,0
-0.0344,0.0283,0.9937,6.3588,-1.4962,-5.313,0,0,0
-0.1245,0.1299,1.0447,3.145,-2.8321,-1.8702,1,0,0
-0.0657,0.0662,1.0176,1.3664,-2.5267,-2.374,1,0,0
-0.0808,0.0784,1.032,0.3359,-3.4351,-1.8321,1,0,0
-0.0713,0.1123,1.042,-1.5267,-0.8702,-1.4198,1,0,0
-0.0691,0.1042,1.0442,-4.5267,0.1985,-1.458,1,0,0
-0.073,0.1028,1.0293,-7.5496,1.3435,-2.2214,1,0,0
-0.0842,0.0879,1.043,-9.1908,1.1603,-2.6565,1,0,0
-0.0781,0.0718,1.0415,-9.458,1.229,-1.855,1,0,0
-0.085,0.064,1.043,-8.1145,1.4962,-2.542,1,0,0
-0.0732,0.0564,1.0432,-5.7939,2.1298,-3.0763,1,0,0
-0.094,0.0535,1.0344,-2.7176,2.313,-2.8397,1,0,0
-0.094,0.0779,1.0239,-0.8626,1.9695,-2.8168,1,0,0
-0.0737,0.0823,1.0193,-1.2748,3.542,-6.0458,1,0,0
-0.0981,0.0623,1.009,-0.4046,1.542,-5.8473,1,0,0
-0.092,0.0833,1.02,-2.6336,-0.8015,-3.6336,1,0,0
-0.0923,0.0881,1.032,-5.5954,-1.5725,-1.2519,1,0,0
-0.0852,0.0498,1.0361,-4.542,-0.5725,1.374,1,0,0
-0.0845,0.054,1.0276,-2.3817,-0.2519,2.5267,1,0,0
-0.0867,0.0813,1.019,-1.2443,0.1756,1.6336,1,0,0
-0.0903,0.0874,1.0173,-1.145,-0.4427,0.2595,1,0,0
-0.095,0.0918,1.0042,-1.9695,-0.8168,-0.5115,1,0,0
-0.1008,0.092,0.9888,-3.4809,-2.4046,-0.9924,1,0,0
-0.0935,0.0835,0.9878,-3.8473,-4.0534,-1.1756,1,0,0
-0.0774,0.0745,1.0071,-2.9924,-4.2824,-0.8092,1,0,0
-0.0784,0.0781,1.0088,-1.458,-3.6412,-0.5496,1,0,0
-0.0813,0.0947,1.0039,-1.4275,-3.9924,-0.7634,0,0,0
-0.0825,0.1089,1.0049,-1.6641,-4.1527,-2.1985,0,0,0
-0.0793,0.1008,1.0032,-1.916,-4.2443,-3.8321,0,0,0
-0.0847,0.1138,1.0151,-2.4733,-4.7252,-3.9389,0,0,0
-0.0676,0.1121,1.0276,-3.2901,-3.8779,-4.9313,0,0,0
-0.0686,0.1169,1.0349,-4.4809,-2.1298,-6.1756,0,0,0
-0.0571,0.1213,1.0496,-6.0763,0.0382,-8.0,0,0,0
-0.0562,0.1111,1.0432,-6.4275,2.4885,-10.6489,0,0,0
-0.0718,0.103,1.0427,-5.9924,4.3817,-12.2824,0,0,0
-0.0764,0.0815,1.0283,-5.313,4.8015,-12.626,0,0,0
-0.0833,0.0786,1.0242,-4.0,3.458,-12.3511,0,0,0
-0.093,0.0874,1.0059,-2.1985,1.7176,-12.4122,0,0,0
-0.0911,0.0942,1.0017,-2.2672,-0.4427,-12.3206,0,0,0
-0.0886,0.0925,1.0046,-2.0229,-2.4275,-12.2366,0,0,0
-0.0793,0.0859,1.0076,-0.8092,-3.7939,-13.8626,0,0,0
-0.0801,0.083,1.0083,0.0916,-4.1908,-14.8779,0,0,0
-0.0828,0.0801,1.0134,0.9084,-4.9542,-14.4427,0,0,0
-0.0886,0.0623,1.0039,2.145,-6.2595,-13.2443,0,0,0
-0.083,0.0557,1.0078,2.9008,-6.7405,-10.5954,0,0,0
-0.0754,0.0542,1.0066,2.5038,-5.9542,-8.7557,0,0,0
-0.0837,0.0557,1.0054,0.7557,-7.5496,-7.5267,0,0,0
-0.0862,0.0596,0.9966,0.3435,-8.916,-6.3053,0,0,0
-0.0823,0.0452,0.999,0.9313,-10.5496,-4.6336,0,0,0
-0.0767,0.0503,0.9961,2.5649,-12.2595,-3.0458,0,0,0
-0.082,0.0547,1.0083,3.9924,-14.1145,-2.229,0,0,0
-0.0798,0.0625,1.0093,5.8473,-14.8931,-1.8855,0,0,0
-0.0708,0.0835,1.0115,7.0458,-16.0229,-2.3053,0,0,0
-0.0728,0.0852,1.0095,8.4656,-16.0992,-4.313,0,0,0
-0.0791,0.0952,1.0103,10.1756,-18.0916,-6.0229,0,0,0
-0.0811,0.1121,1.0037,12.2519,-20.7023,-8.9389,0,0,0
-0.0645,0.0806,1.0232,13.9466,-22.3664,-9.9847,0,0,0
-0.0579,0.0923,1.0422,16.1069,-20.7023,-8.374,0,0,0
-0.0408,0.1125,1.0347,14.6489,-17.8168,-5.7557,0,0,0
-0.0273,0.123,1.0679,10.9542,-14.2672,-6.0916,0,0,0
-0.0347,0.1455,1.0645,5.0916,-11.3893,-8.5496,0,0,0
-0.0266,0.146,1.0715,1.2748,-9.1145,-13.6947,0,0,0
-0.0271,0.1252,1.071,0.6183,-7.2061,-19.145,0,0,0
-0.0273,0.0916,1.0664,4.1069,-5.6718,-21.2519,0,0,0
-0.0283,0.0781,1.0505,9.6107,-5.458,-20.8855,0,0,0
-0.0457,0.0972,1.0171,14.4198,-7.7557,-20.3664,0,0,0
-0.0645,0.113,0.9844,18.4046,-12.8092,-21.374,0,0,0
-0.0793,0.1238,0.9553,22.1145,-18.916,-24.0687,0,0,0
-0.0911,0.1333,0.9431,25.9847,-28.855,-26.9771,0,0,0
-0.1025,0.1206,0.908,29.771,-40.7557,-29.2061,0,0,0
-0.1104,0.1072,0.8843,33.7786,-56.9695,-26.2977,0,0,0
-0.0964,0.1006,0.8455,38.0534,-74.9771,-20.4809,0,0,0
-0.0784,0.0994,0.8118,43.7786,-94.6565,-15.458,0,0,0
-0.0383,0.1143,0.7876,47.6336,-113.4275,-12.1832,0,0,0
0.0239,0.0959,0.7893,50.4198,-129.8855,-9.1145,0,0,0
0.0896,0.1116,0.8525,50.5649,-142.0687,-2.4733,0,0,0
0.1956,0.0198,0.9727,50.855,-141.6107,12.1985,0,0,0
0.252,0.0544,1.0408,54.5344,-131.1145,27.2366,0,0,0
0.2913,0.146,1.0981,54.3206,-113.8779,34.1298,0,0,0
0.2983,0.2798,1.0879,46.6336,-99.4351,33.0305,0,0,0
0.292,0.3352,1.1042,31.458,-84.7176,24.8626,0,0,0
0.3091,0.3125,1.1108,16.1908,-70.0382,17.5878,0,0,0
0.2979,0.2283,1.1143,6.2443,-55.0229,13.2901,0,0,0
0.324,0.1982,1.1167,4.0076,-38.6565,12.8092,0,0,0
0.3018,0.1873,1.0837,5.8702,-25.9771,13.855,0,0,0
0.3013,0.1936,1.0388,8.7939,-17.4427,15.4962,0,0,0
0.2759,0.2197,1.0156,10.4427,-12.2672,15.7252,0,0,0
0.2551,0.2539,0.9846,8.6641,-10.7863,14.0458,0,0,0
0.2507,0.2698,0.9773,4.5115,-11.9466,11.2824,0,0,0
0.2429,0.272,0.9746,0.5344,-13.5267,7.6565,0,0,0
0.2444,0.2532,0.9795,-1.9695,-14.2519,6.0763,0,0,0
0.2559,0.2292,0.9937,-2.229,-12.8626,6.458,0,0,0
0.2571,0.2383,0.9976,-2.8015,-10.3588,7.458,0,0,0
0.2644,0.2656,0.9976,-5.4275,-8.3893,6.084,0,0,0
0.2634,0.2725,0.998,-8.8473,-7.3817,3.5725,0,0,0
0.2759,0.2627,1.0083,-11.3817,-5.7099,1.313,0,0,0
0.2729,0.2324,0.9985,-11.2672,-4.1756,0.7786,0,0,0
0.2759,0.2373,1.0105,-10.4427,-1.7176,0.3511,0,0,0
0.2798,0.2622,1.0115,-10.4275,0.3359,-1.4885,0,0,0
0.2925,0.3025,1.0256,-11.7252,2.9771,-5.8626,0,0,0
0.2881,0.2988,1.0234,-14.229,6.5802,-10.9618,0,0,0
0.2869,0.2715,1.0288,-15.5725,11.3206,-15.1832,0,0,0
0.2866,0.2312,1.0449,-14.1374,16.626,-16.1832,0,0,0
0.281,0.2114,1.0303,-10.7328,21.7634,-15.4427,0,0,0
0.262,0.2424,1.0081,-9.0153,24.1145,-14.8626,0,0,0
0.2444,0.2886,0.9863,-11.6336,23.3664,-18.2824,0,0,0
0.2324,0.3042,0.9668,-17.4504,21.0,-21.6489,0,0,0
0.2446,0.3325,0.9836,-23.7023,19.4122,-27.6489,0,0,0
0.2468,0.321,1.0151,-29.9695,21.145,-36.0763,0,0,0
0.2549,0.2688,1.0386,-33.084,26.4809,-42.458,0,0,0
0.2637,0.2693,1.0552,-32.374,33.3817,-48.2748,0,0,0
0.2629,0.2451,1.0776,-31.4656,42.7481,-53.9084,0,0,0
0.2556,0.2815,1.0635,-32.1221,52.2443,-58.8855,0,0,0
0.2314,0.3491,1.0557,-34.8702,57.4504,-69.7481,0,0,0
0.2168,0.27,1.0559,-40.6107,63.6183,-77.3435,0,0,0
0.2012,0.2253,1.0515,-41.0153,67.1527,-80.9389,0,0,0
0.1743,0.1699,1.0493,-36.3588,71.2748,-78.8779,0,0,0
0.1438,0.1526,1.0278,-29.3511,72.7099,-77.7481,0,0,0
0.0962,0.166,0.9937,-26.0458,71.2901,-76.4886,0,0,0
0.0623,0.1611,0.96,-26.4427,67.5802,-73.2366,0,0,0
0.0586,0.1614,0.9509,-28.3053,61.5573,-69.0305,0,0,0
0.0315,0.1479,0.9448,-28.6794,53.7557,-63.5573,0,0,0
0.0156,0.1248,0.946,-28.4198,45.0305,-60.4885,0,0,0
0.0127,0.1116,0.9636,-28.2061,36.6489,-56.1908,0,0,0
0.02,0.0918,0.9639,-26.6183,30.0153,-49.7328,0,0,0
0.0066,0.0947,0.9727,-24.3969,25.4046,-42.7481,0,0,0
-0.0115,0.1194,0.98,-19.3588,15.458,-39.9847,0,0,0
0.1318,0.1763,1.0503,-12.0153,10.1603,-41.3511,0,0,0
0.0325,0.0574,0.9531,-3.084,24.1832,-52.313,0,0,0
0.04,0.1729,1.1003,2.3206,12.4809,-40.5573,0,0,0
0.0383,-0.01,0.9634,9.3435,28.8321,-48.2366,0,0,0
-0.0183,0.0413,0.9788,15.4809,22.7863,-35.1603,0,0,0
-0.011,0.1147,0.9751,17.9618,20.3511,-34.6947,0,0,0
-0.021,0.1541,0.9736,15.0153,17.6336,-32.4427,0,0,0
-0.0261,0.1482,0.9878,11.1221,13.5496,-33.8092,0,0,0
-0.0103,0.1562,0.989,4.0229,12.1756,-31.5496,0,0,0
-0.0059,0.1877,1.0051,-2.7786,10.3282,-31.687,0,0,0
-0.0066,0.2034,1.0098,-8.1603,8.771,-34.8092,0,0,0
-0.0056,0.1658,1.0234,-9.9084,8.1145,-37.4885,0,0,0
-0.0374,0.0869,1.0254,-7.8244,8.458,-37.4046,0,0,0
-0.0205,0.0701,1.0325,-3.1756,9.5496,-33.1221,0,0,0
-0.0225,0.116,1.0256,1.5802,9.4504,-31.6412,0,0,0
-0.0261,0.1228,1.0232,3.0687,9.2366,-32.4427,0,0,0
-0.0352,0.114,1.0249,4.0916,9.6641,-32.2824,0,0,0
-0.0371,0.1125,1.0183,5.542,9.2824,-30.3664,0,0,0
-0.0393,0.1343,1.0044,6.145,8.2061,-28.084,0,0,0
-0.0476,0.1643,1.0073,3.9237,6.1069,-28.2443,0,0,0
-0.0469,0.1868,1.0049,-0.5802,3.8626,-32.2137,0,0,0
-0.0313,0.1724,1.019,-3.0687,3.2214,-33.3588,0,0,0
-0.0435,0.134,1.0198,-3.9847,3.8626,-33.1374,0,0,0
-0.0508,0.1125,1.0117,-3.2137,3.8321,-30.7939,0,0,0
-0.0466,0.0918,1.0122,-1.1832,4.6718,-29.8779,0,0,0
-0.0481,0.1436,1.0042,1.0229,3.6336,-29.0153,0,0,0
-0.0513,0.1284,1.0039,2.5954,2.5573,-30.6031,0,0,0
-0.0674,0.0996,0.9998,4.7786,1.1374,-29.4962,0,0,0
-0.0679,0.0698,1.0042,7.2748,0.771,-24.8397,0,0,0
-0.0647,0.1101,0.9907,8.1527,0.5344,-19.7328,0,0,0
-0.0627,0.1604,0.9753,6.1756,-1.8092,-15.7786,0,0,0
-0.0488,0.2129,0.9905,1.229,-3.7252,-19.626,0,0,0
-0.0566,0.2097,0.9944,-4.3435,-5.1374,-24.916,0,0,0
-0.0557,0.168,1.0139,-6.3435,-5.8702,-27.9084,0,0,0
-0.0554,0.116,1.0227,-3.5725,-4.6794,-27.6489,0,0,0
-0.0471,0.135,1.0212,1.3664,-3.7634,-27.1603,0,0,0
-0.0479,0.1748,1.0054,3.9695,-3.8855,-30.0763,0,0,0
-0.0706,0.1707,1.0122,5.6947,-5.542,-34.0229,0,0,0
-0.0603,0.1616,1.0051,7.7023,-6.687,-35.1298,0,0,0
-0.0681,0.1565,0.9912,9.8168,-8.8168,-36.771,0,0,0
-0.0688,0.1814,0.9844,9.8473,-11.4351,-37.1374,0,0,0
-0.0713,0.2346,0.9788,7.855,-14.7405,-41.458,0,0,0
-0.083,0.2063,0.9724,4.7557,-18.8473,-46.1832,0,0,0
-0.0591,0.1316,0.9998,4.6412,-21.0534,-46.145,0,0,0
-0.0352,0.1055,1.0173,7.8168,-19.6794,-40.771,0,0,0
-0.031,0.1321,1.0164,8.5649,-17.374,-35.4962,0,0,0
-0.0342,0.1736,1.0083,5.2595,-15.8397,-34.4962,0,0,0
-0.0259,0.1902,1.0149,0.1603,-15.9466,-34.4427,0,0,0
-0.0273,0.1348,1.0305,-2.4656,-15.3588,-32.3435,0,0,0
-0.0098,0.115,1.0442,-3.1069,-11.6031,-25.687,0,0,0
-0.0046,0.1565,1.0493,-3.8626,-7.0763,-22.1756,0,0,0
-0.0198,0.1987,1.0347,-7.4275,-4.2443,-22.4809,0,0,0
-0.0359,0.1812,1.0242,-11.4275,-2.6489,-23.626,0,0,0
-0.0393,0.1614,1.0159,-11.3511,-2.6641,-23.771,0,0,0
-0.0537,0.1145,1.0103,-8.4198,-3.2137,-22.0611,0,0,0
-0.054,0.1096,1.0137,-3.7786,-3.6641,-19.1985,0,0,0
-0.0566,0.1377,1.0127,-0.5649,-4.1756,-17.4351,0,0,0
-0.0544,0.1782,1.0212,-0.1985,-5.4351,-16.6412,0,0,0
-0.0605,0.1833,1.0178,-2.4733,-6.9466,-17.084,0,0,0
-0.0583,0.1648,1.0159,-4.2214,-8.0076,-16.4351,0,0,0
-0.0544,0.1299,1.0215,-4.2672,-8.5573,-13.8015,0,0,0
-0.05,0.136,1.0308,-4.2519,-7.9313,-10.3435,0,0,0
-0.0474,0.1626,1.0388,-5.4656,-6.9771,-8.4733,0,0,0
-0.051,0.1626,1.0403,-7.8168,-5.8092,-7.2519,0,0,0
-0.0481,0.1604,1.0364,-9.4733,-5.313,-6.7786,0,0,0
-0.0432,0.1677,1.0383,-10.0305,-4.6794,-7.7176,0,0,0
-0.0405,0.1958,1.0413,-9.7405,-4.5649,-12.3969,0,0,0
-0.0369,0.157,1.0479,-7.8626,-3.6794,-15.7023,0,0,0
-0.0308,0.136,1.0535,-3.3282,-1.6489,-15.9466,0,0,0
-0.0298,0.1423,1.053,-0.1832,1.4504,-15.7863,0,0,0
-0.0383,0.1555,1.0405,0.374,3.7023,-16.0,0,0,0
-0.0415,0.1731,1.0278,-0.5649,4.3511,-16.6183,0,0,0
-0.0505,0.1511,1.0203,-2.4504,3.7939,-16.9389,0,0,0
-0.0498,0.145,1.0151,-3.8397,2.7634,-16.0687,0,0,0
-0.0505,0.1401,1.0159,-4.2519,1.1832,-15.5878,0,0,0
-0.0354,0.1448,1.0254,-4.7176,0.4504,-16.2366,0,0,0
-0.0339,0.1313,1.0398,-4.8015,0.8168,-14.7634,0,0,0
-0.0129,0.1362,1.0454,-6.8855,2.6947,-14.3969,0,0,0
0.0007,0.126,1.0518,-10.313,6.0534,-13.3588,0,0,0
0.0129,0.1179,1.0769,-13.0076,11.2748,-11.3359,0,0,0
0.0227,0.1162,1.0781,-16.3359,17.4122,-9.8397,0,0,0
0.0051,0.093,1.0874,-17.3588,23.0916,-6.8931,0,0,0
0.0117,0.106,1.0747,-19.0076,29.7099,-2.6794,0,0,0
-0.0044,0.1057,1.0522,-21.9237,33.1145,-0.3282,0,0,0
-0.04,0.0874,1.03,-24.5954,34.2061,2.5649,0,0,0
-0.0566,0.0762,1.0022,-27.5038,32.9084,5.9466,0,0,0
-0.0896,0.0522,0.9856,-30.0687,27.7099,10.7099,0,0,0
-0.0823,0.0447,0.9941,-31.9008,24.916,18.0992,0,0,0
-0.084,0.0759,0.9868,-34.1603,21.9847,20.3893,0,0,0
-0.1272,0.0085,0.9873,-36.1374,17.6489,20.5344,0,0,0
-0.0903,0.0071,0.989,-36.7023,15.3435,25.9847,0,0,0
-0.1062,0.0405,0.9871,-37.374,12.9695,31.6412,0,0,0
-0.113,0.0588,0.9753,-42.7023,6.626,33.2214,0,0,0
-0.0942,0.0112,1.0134,-47.771,2.7252,36.4275,0,0,0
-0.0935,-0.0796,1.0488,-50.3893,3.2748,46.0992,0,0,0
-0.0898,-0.1589,1.0627,-51.1985,5.9542,64.2901,0,0,0
-0.0527,-0.2061,1.0581,-52.2595,10.0382,88.3893,0,0,0
-0.0688,-0.2319,1.0603,-54.8244,14.4046,117.4504,0,0,0
-0.0381,-0.2075,1.0354,-57.7634,18.7328,141.7099,0,0,0
-0.0476,-0.0681,1.0042,-61.1908,16.313,151.0916,0,0,0
-0.0701,0.1023,0.9763,-69.5344,4.3588,135.855,0,0,0
-0.0752,0.2585,1.0149,-83.9313,-3.8779,115.4046,0,0,0
-0.0303,0.1704,1.094,-92.9924,-6.9847,84.8779,0,0,0
-0.0349,0.0408,1.1279,-92.0687,0.7405,64.9084,0,0,0
-0.0327,-0.0747,1.1409,-81.0458,13.4351,57.4122,0,0,0
-0.1406,-0.2131,1.0845,-64.0687,27.3817,64.0153,0,0,0
-0.0554,-0.2566,1.1228,-46.0458,36.626,77.9313,0,0,0
-0.0754,-0.2458,1.0881,-34.4122,49.771,97.6641,0,0,0
-0.0742,-0.2891,1.074,-26.771,58.2977,118.5267,0,0,0
-0.082,-0.1902,1.0259,-25.5114,64.9389,138.458,0,0,0
-0.1382,-0.0544,0.9268,-26.0,65.2214,140.8931,0,0,0
-0.2078,0.0923,0.8821,-31.9695,50.2366,126.7939,0,0,0
-0.2512,0.1257,0.8799,-44.0458,34.4046,108.4198,0,0,0
-0.1921,0.0044,0.9463,-56.6412,26.7176,95.8092,0,0,0
-0.2124,-0.0728,0.9373,-65.4428,25.7405,99.6641,0,0,0
-0.1536,-0.1375,0.9106,-65.7405,23.0153,108.8397,0,0,0
-0.2019,-0.1724,0.8821,-58.7023,14.9084,114.9924,0,0,0
-0.2373,-0.1746,0.875,-45.7252,3.2901,113.0229,0,0,0
-0.2773,-0.1448,0.8896,-32.0534,-8.8168,107.2748,0,0,0
-0.2139,-0.0793,0.9158,-22.1908,-15.1603,102.7634,0,0,0
-0.2126,-0.0085,0.9238,-20.9237,-20.1832,97.1069,0,0,0
-0.238,0.0012,0.9304,-19.916,-23.6718,87.5344,0,0,0
-0.2122,-0.009,0.9368,-16.4198,-26.687,75.2748,0,0,0
-0.2212,-0.0215,0.9458,-12.6718,-30.1756,64.4733,0,0,0
-0.23,-0.0315,0.9377,-6.5267,-35.0,56.6794,0,0,0
-0.2065,-0.0745,0.9685,-0.4198,-41.0458,52.4351,0,0,0
-0.1985,-0.0688,0.9922,9.1527,-44.7786,50.5496,0,0,0
-0.2087,-0.0303,0.9929,15.229,-45.7557,47.8168,0,0,0
-0.1565,0.0015,1.0215,17.3282,-45.0,41.3435,0,0,0
-0.1404,0.0225,1.0288,14.6031,-43.5954,33.1527,0,0,0
-0.1013,0.0247,1.0652,8.9237,-37.9237,25.9542,0,0,0
-0.0735,-0.0181,1.1077,1.9771,-27.5038,21.1145,0,0,0
-0.0793,-0.0161,1.1201,-3.9847,-15.2443,20.0763,0,0,0
-0.0984,-0.0281,1.0781,-8.5191,-7.2977,17.4733,0,0,0
-0.1316,-0.052,1.0449,-11.916,-4.6489,14.3893,0,0,0
-0.1416,-0.0764,1.0378,-12.0687,-5.7176,11.3435,0,0,0
-0.1384,-0.0706,1.0391,-9.6183,-6.2366,7.542,0,0,0
-0.1357,-0.085,1.0366,-4.5267,-5.8931,2.7099,0,0,0
-0.1401,-0.093,1.0383,1.8931,-5.1374,-1.229,0,0,0
-0.1394,-0.0916,1.0352,6.6183,-3.4504,-3.9466,0,0,0
-0.1477,-0.0786,1.0339,8.8473,-2.0305,-3.3969,0,0,0
-0.1538,-0.0505,1.0327,9.687,-1.8855,-5.5038,0,0,0
-0.1509,-0.0215,1.0405,12.5573,-2.0229,-12.5496,0,0,0
-0.1326,0.0073,1.0667,16.7252,-0.9847,-24.1908,0,0,0
-0.1123,0.0645,1.0923,24.0534,3.855,-44.3359,0,0,0
-0.1455,-0.0144,1.0774,36.9771,8.084,-58.9847,0,0,0
-0.1819,-0.0671,1.0508,51.7099,9.626,-60.7481,0,0,0
-0.2014,-0.0447,0.9978,60.6565,6.7863,-54.5802,0,0,0
-0.1313,0.1052,0.9749,63.6565,-1.0382,-52.5725,0,0,0
-0.207,0.1035,0.9792,64.7939,-10.7939,-56.2824,0,0,0
-0.1831,0.0481,0.998,68.8473,-16.7557,-70.7176,0,0,0
-0.2078,0.032,0.9587,72.1298,-22.3664,-74.2901,0,0,0
-0.1475,-0.0103,1.0051,68.2977,-26.4962,-67.2443,0,0,0
-0.1008,-0.0083,1.0642,59.2977,-19.1603,-48.2137,0,0,0
-0.0969,0.0371,1.073,45.2443,-10.7481,-29.7328,0,0,0
-0.063,0.0781,1.0759,27.7557,-4.8702,-22.2672,0,0,0
-0.0542,0.1177,1.1162,12.8702,1.5725,-29.2824,0,0,0
-0.0728,0.0752,1.1143,2.4351,10.3817,-34.542,0,0,0
-0.1055,0.0391,1.0818,-3.2519,15.1679,-34.1298,0,0,0
-0.1311,0.0007,1.0278,-5.5802,16.5114,-30.1985,0,0,0
-0.1589,-0.0149,0.9851,-4.4198,12.1832,-25.145,0,0,0
-0.1755,-0.0403,0.96,-1.5725,4.9313,-20.1908,0,0,0
-0.1606,-0.0676,0.9751,2.1756,0.3969,-14.229,0,0,0
-0.1538,-0.0615,0.9812,4.458,-4.3282,-7.458,0,0,0
-0.126,-0.0618,0.989,3.5573,-5.4885,-0.8855,0,0,0
-0.1365,-0.0684,0.9966,1.3664,-5.1756,2.7481,0,0,0
-0.1299,-0.0471,0.9922,-2.458,-5.7481,5.1679,0,0,0
-0.1389,-0.0557,0.9861,-6.3664,-6.6412,6.916,0,0,0
-0.1406,-0.054,0.9724,-8.9924,-7.9237,8.7863,0,0,0
-0.1479,-0.052,0.9587,-10.9084,-10.5725,10.4046,0,0,0
-0.1462,-0.0693,0.9558,-11.626,-13.5954,11.8473,0,0,0
-0.1287,-0.0757,0.9602,-10.1527,-16.0687,14.1832,0,0,0
-0.1284,-0.0801,0.9521,-8.3435,-18.2137,17.0458,0,0,0
-0.124,-0.0813,0.9626,-6.542,-20.3206,18.2137,0,0,0
-0.1277,-0.084,0.9673,-5.0534,-22.5878,19.229,0,0,0
-0.113,-0.0955,0.9624,-4.3664,-23.8092,20.1145,0,0,0
-0.1003,-0.0991,0.9724,-4.1374,-23.8321,23.7634,0,0,0
-0.0916,-0.0708,0.9727,-4.3206,-24.6107,24.8321,0,0,0
-0.0837,-0.0537,0.9751,-5.7405,-25.2977,22.8626,0,0,0
-0.0793,-0.0581,0.9709,-7.145,-26.1221,20.9008,0,0,0
-0.0742,-0.0833,0.9758,-7.6412,-26.7634,19.8397,0,0,0
-0.0684,-0.1042,0.9658,-6.374,-26.8321,20.3893,0,0,0
-0.0706,-0.116,0.9556,-5.2824,-27.0153,23.2595,0,0,0
-0.0615,-0.137,0.9541,-5.5725,-28.0076,26.9695,0,0,0
-0.0586,-0.1211,0.958,-6.6794,-28.4351,31.8168,0,0,0
-0.063,-0.0979,0.9585,-7.3817,-30.687,32.4809,0,0,0
-0.0498,-0.0913,0.9724,-8.1527,-31.7328,28.9466,0,0,0
-0.0332,-0.1228,0.9919,-7.3053,-30.6107,25.5725,0,0,0
-0.0217,-0.1487,0.9919,-4.3435,-26.9084,26.0229,0,0,0
-0.0371,-0.1226,0.9907,-1.4885,-24.3664,26.7405,0,0,0
-0.0437,-0.0986,0.9822,-1.0382,-24.313,28.5344,0,0,0
-0.0588,-0.0735,0.9768,-1.9542,-25.9389,29.6794,0,0,0
-0.054,-0.0598,0.981,-3.8855,-27.8092,30.1145,0,0,0
-0.04,-0.0562,0.9993,-4.0458,-29.4427,27.1603,0,0,0
-0.0281,-0.0652,1.0115,-2.6031,-28.7252,23.4046,0,0,0
-0.0115,-0.0713,1.0261,-1.8855,-26.4656,22.2824,0,0,0
-0.0203,-0.0571,1.0325,-3.2901,-23.626,22.5496,0,0,0
-0.0154,-0.0547,1.0254,-5.0076,-22.1908,21.1832,0,0,0
-0.0159,-0.0588,1.0271,-6.3969,-21.3969,19.8931,0,0,0
-0.0349,-0.1023,1.0266,-7.8626,-20.8931,19.3511,0,0,0
-0.0024,-0.0825,1.0347,-8.0458,-20.374,17.5344,0,0,0
0.0042,-0.1133,1.0366,-6.0153,-19.5114,17.0611,0,0,0
0.0164,-0.1216,1.0496,-2.5115,-20.313,15.5725,0,0,0
0.0283,-0.1519,1.0828,1.4809,-20.1221,17.5267,0,0,0
0.0505,-0.1226,1.1138,5.8321,-19.8397,19.9008,0,0,0
0.0681,-0.1089,1.1348,7.1374,-17.5649,20.8397,0,0,0
0.0769,-0.0789,1.1541,5.9924,-15.0611,20.5878,0,0,0
0.0845,-0.0696,1.1665,2.5878,-10.7634,19.6336,0,0,0
0.084,-0.0815,1.1685,-1.9008,-4.5954,20.5802,0,0,0
0.0828,-0.0847,1.1616,-5.2519,1.855,21.542,0,0,0
0.0916,-0.0969,1.157,-6.3053,7.3053,19.916,0,0,0
0.0913,-0.1226,1.146,-4.0458,12.9313,19.687,0,0,0
0.0913,-0.1335,1.1379,-0.5496,17.9924,21.4504,0,0,0
0.0969,-0.1206,1.1265,0.2443,20.687,24.313,0,0,0
0.0889,-0.1299,1.1147,0.2519,21.1069,27.6565,0,0,0
0.105,-0.0952,1.1084,-1.4656,20.4809,30.687,0,0,0
0.1021,-0.0703,1.1182,-7.3511,20.9008,32.3282,0,0,0
0.085,-0.0688,1.083,-14.3206,22.0763,32.2977,0,0,0
0.0935,-0.0623,1.0842,-22.0305,23.9008,33.8855,0,0,0
0.1001,-0.062,1.072,-27.145,25.0458,35.0153,0,0,0
0.1018,-0.1096,1.0703,-29.1832,26.313,37.7252,0,0,0
0.0886,-0.0996,1.0525,-29.0076,26.3969,42.4733,0,0,0
0.0686,-0.1067,1.043,-25.6718,24.687,47.8092,0,0,0
0.0554,-0.0718,1.0186,-23.2595,21.8779,53.1221,0,0,0
0.0154,-0.0376,1.009,-22.5038,19.145,57.4885,0,0,0
-0.0017,0.0034,0.9888,-24.5954,15.0076,60.5191,0,0,0
-0.002,0.0159,0.9702,-28.9618,11.9924,63.8855,0,0,0
0.0112,0.0024,0.9846,-30.8015,7.2061,68.0992,0,0,0
-0.0032,0.0234,1.0039,-32.4122,4.9618,73.313,0,0,0
-0.0334,0.0601,0.9856,-32.8702,1.5802,77.2443,0,0,0
-0.043,0.1013,0.9998,-33.374,-1.4351,78.2137,0,0,0
-0.0632,0.1194,0.9849,-35.1069,-5.1221,75.2061,0,0,0
-0.0576,0.113,0.978,-37.1527,-9.0229,73.2214,0,0,0
-0.0378,0.0815,0.9893,-36.6336,-11.9695,71.5954,0,0,0
-0.0161,0.043,1.0066,-33.0382,-12.7252,71.3435,0,0,0
-0.0239,0.0667,1.0093,-28.8397,-12.2824,70.3664,0,0,0
-0.0339,0.0876,1.0078,-26.5191,-12.5802,67.3588,0,0,0
-0.0552,0.0989,0.99,-27.0611,-13.4885,61.8702,0,0,0
-0.0559,0.0642,0.9932,-28.7557,-15.1603,58.9618,0,0,0
-0.0562,0.0071,1.0173,-28.8779,-17.6336,58.8855,0,0,0
-0.0256,-0.0225,1.0171,-26.8931,-18.6489,61.7863,0,0,0
-0.0229,-0.0562,1.0171,-25.0992,-18.7786,64.626,0,0,0
-0.0305,-0.0576,1.0142,-24.1069,-18.4809,67.7099,0,0,0
-0.0293,-0.0627,1.0107,-23.3664,-18.9313,70.2977,0,0,0
-0.0295,-0.0608,0.9915,-24.0763,-19.9695,73.0992,0,0,0
-0.0271,-0.0601,0.989,-25.3359,-22.2214,77.4198,0,0,0
-0.011,-0.0352,0.9998,-25.4122,-25.2977,78.4886,0,0,0
-0.0029,-0.0269,1.0024,-25.3817,-28.3817,75.6718,0,0,0
0.0024,-0.0105,1.0103,-26.9618,-31.1374,73.4198,0,0,0
0.0229,-0.0281,1.0208,-29.8397,-33.6641,73.2748,0,0,0
0.0415,-0.0576,1.0696,-29.5649,-35.3359,74.0076,0,0,0
0.0498,-0.0481,1.0706,-27.6794,-34.2977,74.4428,0,0,0
0.062,-0.0317,1.0737,-26.8779,-31.8397,73.5725,0,0,0
0.0359,-0.0242,1.0574,-27.9084,-29.229,70.771,0,0,0
0.0188,-0.0381,1.0669,-28.687,-29.0458,69.3359,0,0,0
0.0259,-0.0474,1.0776,-26.4275,-28.1145,66.5649,0,0,0
0.0208,-0.0481,1.0879,-23.2214,-26.2137,63.626,0,0,0
0.0134,-0.0112,1.0847,-20.4733,-25.6412,62.4962,0,0,0
-0.0159,0.0442,1.083,-20.6489,-24.8473,60.4962,0,0,0
-0.0247,0.0835,1.0789,-23.9237,-23.8779,56.8244,0,0,0
-0.0415,0.115,1.072,-27.9924,-23.6336,50.5344,0,0,0
-0.0396,0.0972,1.0957,-29.6336,-25.3893,42.2595,0,0,0
0.0042,0.0286,1.1499,-23.3817,-22.9466,35.1221,0,0,0
0.0122,0.0181,1.1653,-13.9847,-17.6947,30.6641,0,0,0
0.0149,0.0352,1.1768,-6.0763,-12.7863,28.4122,0,0,0
0.1233,0.095,1.208,-2.6794,-4.3435,23.6183,0,0,0
-0.022,0.1118,1.165,-1.3664,-2.8702,20.1298,0,0,0
0.0217,0.1099,1.147,-4.7023,2.1985,13.8931,0,0,0
-0.0015,0.0864,1.1252,-6.9924,4.2061,7.7481,0,0,0
-0.0139,0.0793,1.1003,-8.4733,6.0611,3.2137,0,0,0
-0.0354,0.0535,1.0732,-9.0687,4.7786,0.6947,0,0,0
-0.0352,-0.0029,1.0793,-5.6107,4.9924,-3.145,0,0,0
-0.0151,-0.0061,1.0664,-0.1221,6.5496,-6.3817,0,0,0
-0.02,-0.0139,1.0496,4.2137,7.1679,-8.1374,0,0,0
-0.019,-0.0117,1.0364,6.4733,7.5802,-9.771,0,0,0
-0.0139,-0.0117,1.0322,6.8397,6.9237,-10.9695,0,0,0
0.0039,-0.031,1.0542,7.6183,7.9618,-12.7099,0,0,0
0.0115,-0.0295,1.0593,8.9237,8.6794,-14.2977,0,0,0
0.0315,-0.0171,1.0518,8.2977,10.1527,-16.3511,0,0,0
0.0293,0.0032,1.0588,5.542,10.4275,-18.9008,0,0,0
0.0344,0.009,1.0457,1.0,10.1221,-22.3664,0,0,0
0.0447,-0.0178,1.0427,-3.1603,9.2443,-24.8473,0,0,0
0.0559,-0.03,1.0503,-5.2672,9.2061,-26.2748,0,0,0
0.0676,-0.0574,1.0552,-4.6107,10.1679,-27.8779,0,0,0
0.0706,-0.0452,1.0515,-1.9313,11.5649,-29.4122,0,0,0
0.0791,-0.0496,1.0535,1.5496,14.1069,-31.6718,0,0,0
0.073,-0.0386,1.0403,4.5725,16.7634,-34.7328,0,0,0
0.0596,-0.0237,1.0315,5.6794,18.2061,-36.2595,0,0,0
0.0376,0.001,1.0166,4.2672,18.7481,-37.4504,0,0,0
0.0313,-0.0105,1.0039,1.7176,18.8092,-39.3359,0,0,0
0.0232,-0.0237,1.0073,0.2595,18.6412,-41.145,0,0,0
0.0161,-0.0381,0.9937,-0.313,18.7481,-41.6794,0,0,0
0.011,-0.0466,0.9871,-0.6107,18.5573,-42.771,0,0,0
0.0098,-0.0574,0.9973,-0.4809,18.2595,-43.4504,0,0,0
0.0078,-0.0503,1.0122,0.5649,17.8626,-44.0458,0,0,0
0.0066,-0.0427,1.0303,1.5954,17.6412,-44.6412,0,0,0
0.0234,-0.0544,1.0532,3.5573,19.5038,-46.6336,0,0,0
0.0132,-0.0481,1.0576,5.7176,22.2137,-47.8015,0,0,0
0.0088,-0.0391,1.0564,5.7328,25.2061,-49.0382,0,0,0
0.0066,-0.0525,1.0393,5.3588,27.9847,-50.9847,0,0,0
0.0706,0.021,1.0603,4.8168,24.5191,-51.4046,0,0,0
0.0076,-0.0378,1.0188,6.229,25.4809,-55.0076,0,0,0
-0.0151,-0.0542,1.0227,8.2901,19.7328,-56.1985,0,0,0
0.041,-0.0405,1.0493,11.1603,10.2519,-58.2061,0,0,0
0.0991,-0.0227,1.1006,14.9389,4.8015,-60.7252,0,0,0
0.1482,-0.0283,1.1472,17.1603,6.3588,-62.3435,0,0,0
0.1675,-0.0298,1.1558,16.6489,13.7405,-64.3283,0,0,0
0.1562,-0.0166,1.1108,14.5573,23.2443,-68.084,0,0,0
0.1277,-0.0125,1.0461,11.0229,29.8168,-73.0763,0,0,0
0.0947,-0.0527,0.9792,8.7328,30.3969,-76.9389,0,0,0
0.0774,-0.1008,0.9353,9.8626,26.9084,-78.313,0,0,0
0.0664,-0.1404,0.9292,14.6718,20.5573,-77.458,0,0,0
0.0664,-0.155,0.9365,18.9847,13.6107,-74.8397,0,0,0
0.0857,-0.1462,0.9607,21.0992,7.2366,-73.4122,0,0,0
0.1111,-0.1311,1.0078,19.8092,3.9924,-73.0076,0,0,0
0.1499,-0.1218,1.0454,16.3435,4.687,-74.7939,0,0,0
0.1785,-0.1409,1.0708,13.7634,8.6565,-76.2824,0,0,0
0.1855,-0.1482,1.0876,14.1756,14.7176,-77.0687,0,0,0
0.1753,-0.1416,1.0662,16.5573,20.1985,-77.542,0,0,0
0.1658,-0.125,1.0354,19.8702,23.0382,-78.8321,0,0,0
0.1509,-0.0945,1.0085,22.1145,23.1145,-80.3435,0,0,0
0.1565,-0.0713,0.9861,23.3817,21.3053,-82.2977,0,0,0
0.166,-0.0488,0.9912,23.5038,17.9847,-85.0687,0,0,0
0.1858,-0.0447,1.0063,24.229,13.9695,-87.1985,0,0,0
0.2095,-0.0178,1.0239,24.2366,11.0382,-89.8931,0,0,0
0.2183,0.0168,1.0269,21.9313,9.3511,-91.8473,0,0,0
0.2239,0.0413,1.0386,16.9008,9.0992,-94.6412,0,0,0
0.2231,0.0542,1.0293,11.1908,11.1985,-97.4275,0,0,0
0.2134,0.0676,0.9919,5.0611,14.0076,-101.0458,0,0,0
0.1978,0.0542,0.9446,0.1221,16.542,-105.1756,0,0,0
0.177,0.0283,0.894,-3.2748,18.2366,-109.7328,0,0,0
0.1455,-0.0012,0.8577,-3.0992,19.4046,-113.7099,0,0,0
0.1108,-0.0432,0.7991,-2.1756,17.542,-115.9389,0,0,0
0.1062,-0.0688,0.7808,0.5649,13.6947,-116.3053,0,0,0
0.1128,-0.0957,0.7771,3.313,9.3206,-115.5115,0,0,0
0.1167,-0.1101,0.7932,7.916,3.3969,-116.6718,0,0,0
0.1453,-0.1245,0.8044,12.7481,-0.4885,-120.0305,0,0,0
0.1626,-0.1174,0.8086,16.1374,-1.3588,-122.3817,0,0,0
0.1707,-0.1147,0.7986,16.0763,-3.1298,-123.3511,0,0,0
0.2063,-0.1357,0.8247,14.0534,1.9618,-125.7023,0,0,0
0.1626,-0.1353,0.8137,13.542,-11.458,-124.5954,0,0,0
0.196,-0.1501,0.8384,13.8473,-15.5496,-123.4504,0,0,0
0.21,-0.1323,0.8555,13.1069,-20.1527,-123.5954,0,0,0
0.2144,-0.1243,0.8604,9.374,-21.1374,-123.0763,0,0,0
0.2166,-0.1194,0.8706,4.7328,-21.0611,-125.4122,0,0,0
0.2412,-0.1106,0.8699,0.3969,-19.374,-128.0534,0,0,0
0.2561,-0.1484,0.8794,0.5344,-16.8015,-132.0076,0,0,0
0.2559,-0.1606,0.8538,3.5496,-14.916,-134.7405,0,0,0
0.2393,-0.157,0.835,5.2901,-15.7176,-135.542,0,0,0
0.2502,-0.1646,0.8354,6.6718,-18.6718,-135.8626,0,0,0
0.2527,-0.1743,0.8352,8.4962,-21.0534,-135.7481,0,0,0
0.2571,-0.1707,0.8369,10.1908,-22.5802,-134.9237,0,0,0
0.2585,-0.1748,0.8481,11.916,-24.7863,-136.145,0,0,0
0.2563,-0.1667,0.8423,12.9695,-26.5267,-137.6336,0,0,0
0.2729,-0.1831,0.853,12.4656,-28.2443,-137.084,0,0,0
0.1624,-0.2332,0.8513,12.5344,-26.8244,-135.1374,0,0,0
0.2729,-0.1963,0.8774,14.6565,-28.7939,-132.6641,0,0,0
0.2129,-0.2,0.8823,17.4656,-29.3282,-130.0229,0,0,0
0.2383,-0.1929,0.8945,19.5267,-28.2366,-127.3435,0,0,0
0.2231,-0.1836,0.8992,21.8702,-25.6412,-124.1756,0,0,0
0.2185,-0.1772,0.8975,24.6031,-23.0534,-123.3817,0,0,0
0.2234,-0.1692,0.8923,28.2748,-19.084,-120.8626,0,0,0
0.0898,-0.1812,0.8708,31.1527,-17.8092,-116.8702,0,0,0
0.1418,-0.1418,0.8787,33.0305,-21.6565,-111.9389,0,0,0
0.1514,-0.0835,0.8999,30.6718,-22.5114,-109.771,0,0,0
0.1792,-0.0549,0.9341,24.0992,-20.7176,-108.9466,0,0,0
0.1951,-0.0264,0.9631,17.3359,-16.6794,-110.542,0,0,0
0.1555,-0.0249,0.9885,10.6107,-18.2824,-113.5496,0,0,0
0.2026,-0.0471,1.0459,2.9313,-21.4885,-112.4657,0,0,0
0.2197,-0.0957,1.0837,-1.1679,-23.1756,-110.9695,0,0,0
0.29,-0.1567,1.165,-1.771,-23.2443,-108.0305,0,0,0
0.3228,-0.1377,1.2205,0.2366,-19.9695,-102.5267,0,0,0
0.3359,-0.134,1.2524,1.374,-12.9847,-97.6489,0,0,0
0.3452,-0.1145,1.2493,0.7099,-4.6794,-94.229,0,0,0
0.3262,-0.0791,1.2192,-0.6412,4.3664,-90.1679,0,0,0
0.2983,-0.0701,1.1787,-3.1527,12.5496,-84.7405,0,0,0
0.2722,-0.062,1.1367,-4.7023,19.8473,-78.2443,0,0,0
0.2334,-0.0581,1.0793,-4.229,26.1832,-72.4504,0,0,0
0.1941,-0.0483,1.0366,-1.9084,29.6489,-66.8015,0,0,0
0.1567,-0.0266,1.0017,1.5038,29.9313,-61.2824,0,0,0
0.1389,-0.0029,0.9641,2.542,28.1832,-56.4351,0,0,0
0.1343,0.0222,0.9666,2.6565,26.1221,-53.2366,0,0,0
0.137,0.0376,0.9795,3.3893,24.6794,-50.7786,0,0,0
0.1562,0.0195,1.0281,5.6641,22.9618,-47.9313,0,0,0
0.175,0.0271,1.0784,10.6336,23.542,-46.9008,0,0,0
0.1868,0.0569,1.1172,14.2137,25.4733,-47.855,0,0,0
0.1919,0.0828,1.1292,13.5954,27.1985,-49.3588,0,0,0
0.1851,0.093,1.1409,8.2977,29.626,-50.1908,0,0,0
0.1875,0.092,1.1443,2.458,31.4962,-49.5038,0,0,0
0.1904,0.0981,1.1436,-2.5954,33.9313,-49.9695,0,0,0
0.1953,0.0776,1.1335,-5.0763,35.8397,-51.8092,0,0,0
0.2004,0.0354,1.1504,-5.4504,35.7252,-53.2977,0,0,0
0.1921,0.0151,1.145,-2.9466,35.3359,-52.916,0,0,0
0.1772,0.0256,1.1309,-2.8702,33.145,-50.7328,0,0,0
0.1772,0.0313,1.1523,-3.7023,31.2595,-49.5191,0,0,0
0.1873,0.0374,1.1541,-4.5573,30.8779,-49.5191,0,0,0
0.2002,0.0044,1.1704,-3.7252,33.145,-48.2061,0,0,0
0.1909,0.0022,1.1611,-1.1069,35.9847,-46.374,0,0,0
0.1672,0.0388,1.1438,-0.3893,37.0458,-44.7786,0,0,0
0.1162,0.0618,1.1218,-2.7939,34.1603,-43.1985,0,0,0
0.1157,0.0657,1.1404,-5.5115,29.5802,-42.6947,0,0,0
0.1287,0.0383,1.1667,-6.9237,25.0076,-41.4733,0,0,0
0.155,-0.0037,1.2043,-3.0076,24.1298,-39.9084,0,0,0
0.1455,-0.0032,1.2317,3.6336,24.2366,-38.2901,0,0,0
0.1436,0.0273,1.24,8.1145,24.3435,-36.7176,0,0,0
0.1497,0.0659,1.261,9.8092,24.6412,-36.6183,0,0,0
0.1418,0.0874,1.2825,8.7023,25.9695,-37.8092,0,0,0
0.145,0.0979,1.2979,6.3282,26.4351,-38.5496,0,0,0
0.1477,0.0757,1.2983,5.687,27.8779,-39.3588,0,0,0
0.1448,0.0283,1.3184,9.3664,30.5802,-40.2519,0,0,0
0.1389,0.0166,1.312,16.8626,34.7481,-40.1527,0,0,0
0.1255,0.0295,1.3103,22.9466,37.1221,-40.9771,0,0,0
0.1113,0.0518,1.2964,26.1832,37.0916,-40.7405,0,0,0
0.1033,0.0771,1.2922,25.8855,36.1145,-41.771,0,0,0
0.1113,0.0908,1.2898,23.1527,35.4885,-43.9542,0,0,0
0.0862,0.1118,1.2659,16.0229,36.084,-44.8397,0,0,0
0.0747,0.0593,1.26,10.9924,36.4275,-45.9008,0,0,0
0.0503,0.0393,1.2324,9.7939,37.3435,-46.855,0,0,0
0.0251,0.04,1.1802,8.5954,38.1527,-45.6641,0,0,0
-0.0234,0.0393,1.1296,7.3435,37.7939,-44.2748,0,0,0
-0.0776,0.0352,1.072,5.7939,34.7405,-42.8779,0,0,0
-0.1431,0.0212,1.0269,5.771,29.1374,-40.6031,0,0,0
-0.0352,0.0571,1.0032,5.2519,13.1527,-34.8321,0,0,0
-0.2395,0.0129,0.9841,3.2977,13.6641,-33.3282,0,0,0
-0.1787,-0.0471,1.0181,5.8168,11.9084,-29.542,0,0,0
-0.197,-0.0608,1.0225,12.5878,13.9542,-24.7252,0,0,0
-0.261,-0.0378,0.9961,18.9313,13.0,-20.6031,0,0,0
-0.3049,0.0032,0.9807,21.4122,10.374,-15.7863,0,0,0
-0.3113,0.0522,0.9927,19.9847,6.4351,-11.1221,0,0,0
-0.2896,0.1077,1.0149,16.4275,8.8168,-8.4656,0,0,0
-0.2842,0.116,1.0295,13.8397,12.6107,-8.084,0,0,0
-0.301,0.1504,1.0032,11.3664,16.9542,-8.6947,0,0,0
-0.3401,0.1599,0.9783,9.4427,18.3359,-9.313,0,0,0
-0.3535,0.1138,0.9702,14.4656,17.8092,-9.7557,0,0,0
-0.3721,0.1301,0.9614,24.4046,14.374,-10.145,0,0,0
-0.3684,0.1633,0.9687,33.9847,10.5954,-12.229,0,0,0
-0.3711,0.2043,0.9707,40.0076,5.8397,-16.7634,0,0,0
-0.3884,0.2603,0.9478,38.0611,-0.8473,-21.9008,0,0,0
-0.3962,0.2612,0.957,28.4046,-9.2137,-24.8397,0,0,0
-0.3872,0.1919,0.9988,20.0382,-15.8702,-24.0992,0,0,0
-0.3149,0.0938,1.0662,21.229,-15.9618,-23.4733,0,0,0
-0.3215,0.0776,1.1033,25.3511,-14.5191,-18.6718,0,0,0
-0.3359,0.105,1.1011,27.7252,-9.3969,-13.7634,0,0,0
-0.3789,0.1992,1.0811,23.3969,-6.8321,-11.0305,0,0,0
-0.3721,0.2793,1.0403,10.1527,-5.6718,-12.8092,0,0,0
-0.4058,0.248,1.0176,-3.5573,-7.2901,-18.9771,0,0,0
-0.3447,0.032,1.0823,-1.5725,-6.7176,-24.7481,0,0,0
-0.2976,-0.0969,1.1621,21.4198,1.5573,-23.6641,0,0,0
-0.2783,-0.0125,1.1509,45.4198,17.3206,-18.2748,0,0,0
-0.3154,0.1274,1.0698,55.6031,30.4733,-15.5649,0,0,0
-0.3867,0.231,0.9893,47.5267,36.4122,-17.5878,0,0,0
-0.4326,0.2729,0.9355,29.8855,36.4656,-22.542,0,0,0
-0.4534,0.2424,0.8813,12.2366,33.1221,-27.2977,0,0,0
-0.4617,0.2095,0.8435,-3.0382,28.1603,-28.7786,0,0,0
-0.4727,0.1504,0.8127,-16.3969,21.1908,-27.5649,0,0,0
-0.4255,-0.1018,0.8552,-7.7405,17.0992,-25.2901,0,0,0
-0.3794,-0.0613,0.8667,14.313,18.8855,-23.7099,0,0,0
-0.3708,0.0115,0.834,34.458,19.1756,-23.687,0,0,0
-0.395,0.0935,0.7922,44.7176,18.6641,-25.2366,0,0,0
-0.3904,0.1514,0.7852,44.9313,14.9313,-26.084,0,0,0
-0.3555,0.1677,0.8003,39.0076,14.2443,-24.5038,0,0,0
-0.3384,0.1951,0.7883,31.3893,14.4046,-22.3053,0,0,0
-0.3103,0.187,0.7927,22.084,13.1298,-21.2977,0,0,0
-0.2566,0.1067,0.8381,19.5802,12.7481,-22.1756,0,0,0
-0.2356,0.0974,0.8538,24.1679,15.1527,-21.7481,0,0,0
-0.2283,0.1372,0.8535,26.374,18.542,-20.2214,0,0,0
-0.2493,0.2085,0.842,21.9389,18.8168,-18.5191,0,0,0
-0.2773,0.2725,0.832,14.229,15.2672,-17.8931,0,0,0
-0.2961,0.2834,0.8191,4.0611,9.6107,-17.3511,0,0,0
-0.2937,0.2437,0.8354,-2.3053,3.5496,-17.1985,0,0,0
-0.2732,0.2163,0.8909,-3.5802,-2.1832,-15.5725,0,0,0
-0.2212,0.1716,0.9744,2.8931,-1.9084,-9.5267,0,0,0
-0.2361,0.2297,1.0098,13.4809,2.7939,-1.7099,0,0,0
-0.2891,0.3516,0.979,15.5878,9.2748,4.6641,0,0,0
-0.3428,0.5105,0.9146,6.6565,17.3588,3.9237,0,0,0
-0.3665,0.6035,0.8325,-9.7252,25.3969,-3.2443,0,0,0
-0.3782,0.5334,0.7744,-26.084,32.2214,-15.7634,0,0,0
-0.457,0.4429,0.6868,-37.3588,35.6107,-27.4122,0,0,0
-0.5303,0.2905,0.6182,-41.1603,32.7023,-33.3359,0,0,0
-0.593,0.114,0.5776,-36.1679,22.916,-31.8473,0,0,0
-0.6409,0.0173,0.584,-24.3511,7.8168,-22.4122,0,0,0
-0.6995,0.0056,0.6245,-7.6489,-14.3053,-7.8092,0,0,0
-0.6584,0.0376,0.7014,7.9313,-35.5496,1.9313,0,0,0
-0.6123,0.1602,0.7893,15.5344,-52.5725,4.2061,0,0,0
-0.5195,0.2007,0.9099,16.9695,-63.0763,2.5878,0,0,0
-0.3796,0.175,1.0657,17.1374,-58.5267,-0.2214,0,0,0
-0.2915,0.1494,1.1689,21.1221,-41.5725,-0.2595,0,0,0
-0.2251,0.1909,1.1897,23.6947,-18.1145,-2.8855,0,0,0
-0.2231,0.2363,1.1555,18.9466,3.3664,-11.1221,0,0,0
-0.2273,0.2375,1.0845,9.6641,17.0611,-19.0229,0,0,0
-0.2598,0.196,1.0188,0.0534,22.2672,-23.9924,0,0,0
-0.2688,0.1414,0.9512,-5.7557,20.4962,-23.3588,0,0,0
-0.2874,0.1006,0.9155,-7.3435,15.1908,-21.2214,0,0,0
-0.2888,0.061,0.8826,-7.2519,8.0611,-17.6489,0,0,0
-0.2871,0.0347,0.873,-5.7252,0.6641,-13.3282,0,0,0
-0.2961,0.0732,0.8643,-5.771,-5.7939,-7.6565,0,0,0
-0.303,0.1096,0.8613,-7.7405,-11.9924,-3.7405,0,0,0
-0.3149,0.1233,0.8567,-8.7405,-16.2443,-0.855,0,0,0
-0.3315,0.1357,0.8682,-7.7405,-18.6183,2.8321,0,0,0
-0.3306,0.1611,0.8674,-4.0992,-20.0763,4.8092,0,0,0
-0.3416,0.179,0.8723,1.4885,-20.7176,5.0534,0,0,0
-0.3416,0.219,0.884,6.7176,-20.145,4.5878,0,0,0
-0.3501,0.2703,0.8906,10.916,-19.8244,3.8321,0,0,0
-0.3403,0.3308,0.9004,9.8779,-17.6947,0.3817,0,0,0
-0.3306,0.3203,0.8965,7.6641,-16.9695,-3.145,0,0,0
-0.3135,0.3105,0.9167,3.7557,-15.7634,-6.7252,0,0,0
-0.2942,0.2712,0.9331,1.0229,-13.9695,-8.7939,0,0,0
-0.259,0.2222,0.9656,3.5954,-10.7786,-10.2366,0,0,0
-0.2629,0.2163,0.967,8.9466,-7.4427,-9.8168,0,0,0
-0.2888,0.2249,0.9553,11.5649,-7.2748,-8.8244,0,0,0
-0.2827,0.2717,0.9626,11.4046,-9.1069,-8.7557,0,0,0
-0.2786,0.2856,0.968,8.2977,-11.1374,-9.458,0,0,0
-0.2744,0.28,0.9768,4.4198,-13.1832,-10.0076,0,0,0
-0.2559,0.2529,0.9871,2.6183,-13.5496,-9.9237,0,0,0
-0.2529,0.2598,0.9851,2.3435,-11.8244,-9.2137,0,0,0
-0.2661,0.2661,0.9827,1.1908,-11.3664,-8.1298,0,0,0
-0.2642,0.2466,0.9719,1.4962,-12.229,-8.6031,0,0,0
-0.248,0.2646,0.9885,3.8931,-12.0916,-8.8931,0,0,0
-0.2361,0.2661,0.991,4.8931,-10.4427,-8.687,0,0,0
-0.2429,0.2502,0.9912,5.6947,-9.0076,-7.7176,0,0,0
-0.241,0.2551,0.9854,7.8626,-7.9695,-5.771,0,0,0
-0.2429,0.2891,0.9729,8.0763,-7.8702,-3.5115,0,0,0
-0.2429,0.3203,0.9666,6.8397,-9.0611,-3.2977,0,0,0
-0.2007,0.2896,0.9797,7.2977,-10.0763,-4.9924,0,0,0
-0.1875,0.2671,0.9802,12.8092,-10.3435,-6.2977,0,0,0
-0.1814,0.2905,0.9683,17.084,-9.5802,-6.6412,0,0,0
-0.1936,0.3132,0.937,17.3359,-11.0763,-7.3435,0,0,0
-0.189,0.332,0.9407,12.8702,-12.4962,-7.9542,0,0,0
-0.1895,0.3345,0.9246,6.374,-14.3282,-7.7099,0,0,0
-0.186,0.3162,0.9194,-0.6183,-16.8931,-7.9924,0,0,0
-0.1902,0.2683,0.9229,-4.1527,-19.1069,-7.8244,0,0,0
-0.2021,0.2664,0.9211,-3.9618,-20.9084,-7.0916,0,0,0
-0.2268,0.2639,0.9055,-4.1603,-23.4962,-6.1374,0,0,0
-0.2463,0.2717,0.9045,-3.6336,-26.1221,-6.0229,0,0,0
-0.2644,0.2795,0.9016,-4.687,-28.7176,-5.6718,0,0,0
-0.2598,0.2639,0.929,-4.0992,-29.5649,-3.4504,0,0,0
-0.2744,0.2874,0.937,-2.2748,-29.7863,-2.0305,0,0,0
-0.272,0.3145,0.9546,-2.4733,-29.2137,-2.626,0,0,0
-0.2751,0.3176,0.9687,-1.5802,-29.0382,-4.771,0,0,0
-0.2744,0.3269,0.9785,-0.9237,-28.4122,-6.9924,0,0,0
-0.2703,0.3303,0.9792,-1.3969,-28.1832,-7.3511,0,0,0
-0.2644,0.3218,0.9822,-1.7786,-27.4122,-7.8015,0,0,0
-0.239,0.2932,0.9941,-0.9237,-25.9008,-8.5725,0,0,0
-0.2305,0.3047,0.9873,0.3359,-24.313,-9.4504,0,0,0
-0.2185,0.3145,0.9812,-0.5496,-23.5038,-10.6336,0,0,0
-0.2156,0.3123,0.9707,-3.1374,-24.1985,-11.687,0,0,0
-0.2,0.312,0.9658,-6.9924,-25.4275,-12.3282,0,0,0
-0.1685,0.2688,0.9827,-10.4351,-26.8168,-12.5267,0,0,0
-0.1396,0.2417,1.0132,-7.6947,-25.4885,-12.6718,0,0,0
-0.1497,0.2456,1.0083,-5.6336,-24.3053,-12.6031,0,0,0
-0.1387,0.2439,1.0095,-5.7863,-23.5114,-12.0229,0,0,0
-0.1462,0.2488,0.9978,-6.6107,-22.5878,-11.5954,0,0,0
-0.1436,0.2402,0.9939,-8.4962,-23.0305,-11.3664,0,0,0
-0.1416,0.238,0.9993,-9.5496,-25.2443,-10.8779,0,0,0
-0.1277,0.2114,1.0271,-8.6107,-27.7863,-9.4046,0,0,0
-0.1084,0.2354,1.0415,-6.5344,-28.7634,-8.458,0,0,0
-0.0967,0.2341,1.0657,-5.7328,-29.0,-8.6641,0,0,0
-0.0884,0.2424,1.0754,-6.1145,-26.7481,-9.2519,0,0,0
-0.0857,0.2263,1.0828,-6.8397,-25.0153,-8.6947,0,0,0
-0.0754,0.2134,1.0901,-6.7252,-22.9237,-7.4733,0,0,0
-0.0759,0.2224,1.0833,-6.6641,-21.0763,-6.5878,0,0,0
-0.0823,0.2278,1.0801,-7.313,-19.916,-5.313,0,0,0
-0.084,0.2283,1.0847,-7.3435,-19.3588,-3.8168,0,0,0
-0.0881,0.2332,1.0767,-6.1527,-18.1832,-3.6412,0,0,0
-0.092,0.2297,1.0833,-4.229,-16.9313,-3.2137,0,0,0
-0.0933,0.2434,1.0728,-2.0076,-15.5878,-3.7863,0,0,0
-0.1143,0.2703,1.0642,-1.7099,-15.4962,-4.0229,0,0,0
-0.1104,0.2644,1.0684,-2.2519,-14.8855,-4.7405,0,0,0
-0.1113,0.2554,1.084,-0.3969,-13.9771,-4.7863,0,0,0
-0.1096,0.283,1.0776,2.145,-12.3359,-5.458,0,0,0
-0.1157,0.3022,1.0715,3.3511,-11.458,-8.4733,0,0,0
-0.1245,0.3201,1.062,3.145,-11.0,-11.3969,0,0,0
-0.1311,0.3025,1.0549,2.3282,-11.0153,-14.1374,0,0,0
-0.1282,0.2917,1.042,3.7405,-11.8244,-15.0,0,0,0
-0.1238,0.2805,1.0334,6.0992,-12.8015,-16.3969,0,0,0
-0.1226,0.2864,1.0251,8.9542,-13.9084,-19.3817,0,0,0
-0.1277,0.2783,1.0137,11.458,-15.1832,-22.2519,0,0,0
-0.1367,0.3059,0.999,13.1527,-18.3588,-25.229,0,0,0
-0.1396,0.3132,0.9768,14.7099,-23.0,-30.8168,0,0,0
-0.1272,0.3044,0.9812,13.916,-26.9237,-33.6489,0,0,0
-0.0823,0.2666,1.0188,12.8321,-27.4733,-32.6565,0,0,0
-0.0498,0.2773,1.0481,12.8321,-22.1985,-30.229,0,0,0
-0.0298,0.324,1.0654,11.4885,-14.5878,-34.1832,0,0,0
-0.0334,0.3452,1.0574,9.1908,-8.145,-44.1756,0,0,0
-0.0425,0.3101,1.05,7.6183,-4.0305,-50.145,0,0,0
-0.0522,0.2703,1.0317,8.7481,-0.2519,-52.0534,0,0,0
-0.0491,0.2283,1.0132,11.1756,2.3893,-49.3893,0,0,0
-0.0625,0.2432,1.0017,13.4122,2.6031,-46.2366,0,0,0
-0.0586,0.2466,1.0085,13.6565,4.0229,-44.0687,0,0,0
-0.0735,0.2754,0.9995,11.6947,5.3511,-42.0382,0,0,0
-0.0798,0.2563,1.0032,7.4427,6.3817,-40.7634,0,0,0
-0.0789,0.27,0.9963,2.626,6.2672,-39.8244,0,0,0
-0.0713,0.2603,1.0081,-0.1221,4.8244,-39.5954,0,0,0
-0.0405,0.2463,1.0505,-3.0992,7.5115,-38.6336,0,0,0
-0.0261,0.2759,1.0874,-5.8855,15.2214,-36.4962,0,0,0
-0.0247,0.2908,1.0845,-11.2137,25.3282,-37.5267,0,0,0
-0.0408,0.3574,1.0806,-18.2137,33.2061,-39.3893,0,0,0
-0.1101,0.2598,1.0107,-22.4656,37.9389,-41.0687,0,0,0
-0.1418,0.2561,0.967,-24.4198,35.9924,-42.0,0,0,0
-0.115,0.2297,0.9822,-20.4809,32.6947,-41.0229,0,0,0
-0.145,0.2026,0.9644,-14.687,29.6565,-40.8015,0,0,0
-0.1709,0.1921,0.9495,-11.7405,26.1069,-35.3664,0,0,0
-0.1738,0.1973,0.9519,-12.0153,23.1908,-29.7176,0,0,0
-0.1785,0.1904,0.9658,-12.8779,19.3893,-27.4198,0,0,0
-0.1404,0.2407,0.9939,-15.313,20.0687,-25.2443,0,0,0
-0.1519,0.2417,1.0071,-20.5114,24.7023,-24.7481,0,0,0
-0.1699,0.2148,0.9878,-24.7328,28.2901,-24.229,0,0,0
-0.1772,0.1689,0.9863,-24.7939,28.0992,-21.5802,0,0,0
-0.2097,0.1179,0.9663,-20.7557,28.3435,-18.1527,0,0,0
-0.2161,0.1201,0.9622,-14.1603,26.8244,-11.9771,0,0,0
-0.21,0.1191,0.9514,-10.1908,24.4198,-3.9084,0,0,0
-0.1504,0.1831,0.9746,-10.1985,24.2519,5.7176,0,0,0
-0.2039,0.1973,0.9597,-11.9466,20.7481,9.1527,0,0,0
-0.2112,0.2085,0.9666,-15.0229,18.3511,9.8015,0,0,0
-0.2173,0.1995,0.9734,-16.2443,16.229,7.5878,0,0,0
-0.1726,0.2,0.9939,-16.3588,15.2901,6.5954,0,0,0
-0.1782,0.1902,0.9985,-15.5802,16.2061,5.6565,0,0,0
-0.2029,0.1633,1.0051,-11.9084,17.458,5.6794,0,0,0
-0.2019,0.1665,0.991,-8.2748,19.1603,5.7176,0,0,0
-0.2207,0.1597,0.981,-4.7099,19.2443,8.0458,0,0,0
-0.2278,0.1636,0.9663,-2.9618,18.8626,10.5267,0,0,0
-0.2339,0.1782,0.9561,-3.4046,17.9084,12.0458,0,0,0
-0.2231,0.1936,0.949,-5.7634,17.084,15.1069,0,0,0
-0.2593,0.1885,0.9512,-7.7481,15.6641,14.2824,0,0,0
-0.252,0.1978,0.9448,-9.9389,15.1069,14.0611,0,0,0
-0.2512,0.188,0.9414,-10.4809,13.2748,13.313,0,0,0
-0.2571,0.1782,0.9441,-7.0611,11.0153,11.542,0,0,0
-0.2615,0.1843,0.939,-2.4275,9.0305,10.542,0,0,0
-0.2603,0.1785,0.9524,-0.4656,7.687,11.3969,0,0,0
-0.259,0.1931,0.9536,-0.8702,8.0229,13.4962,0,0,0
-0.2554,0.2019,0.9612,-2.6947,8.8092,15.0687,0,0,0
-0.2527,0.2139,0.959,-3.9313,10.0,14.3588,0,0,0
-0.2661,0.2236,0.9543,-4.2137,10.4046,11.8702,0,0,0
-0.2825,0.2021,0.9529,-2.6412,9.5496,10.084,0,0,0
-0.2876,0.2136,0.9788,-0.0458,9.3282,8.7405,0,0,0
-0.2998,0.2231,0.9526,4.4504,8.2595,8.8473,0,0,0
-0.2813,0.2041,0.9424,7.5573,6.4046,8.3588,0,0,0
-0.2783,0.2151,0.9446,9.1374,5.2824,8.2824,0,0,0
-0.2339,0.1917,0.9062,13.5649,4.5954,2.1069,0,0,0
-0.2556,0.2163,0.9707,10.4885,2.7786,5.9542,0,0,0
-0.2942,0.2659,0.927,7.9618,-0.0229,5.084,0,0,0
-0.2476,0.2449,0.968,3.2061,-0.4656,3.7099,1,0,0
-0.251,0.2473,0.9785,1.0,1.687,0.0305,1,0,0
-0.2559,0.2234,0.9751,1.0611,3.542,-1.5954,1,0,0
-0.2471,0.2344,0.968,0.9542,5.3282,-1.5725,1,0,0
-0.2637,0.2595,0.9539,-1.4504,5.2977,-2.771,1,0,0
-0.259,0.2729,0.9497,-6.0076,3.9389,-4.855,1,0,0
-0.2583,0.2615,0.9651,-10.7328,3.8092,-7.0305,1,0,0
-0.2471,0.228,0.9802,-13.9313,4.9847,-8.4275,1,0,0
-0.2473,0.2236,0.9736,-15.374,6.2519,-9.1298,1,0,0
-0.2686,0.2207,0.9666,-14.9771,6.5496,-8.6412,1,0,0
-0.2798,0.2087,0.9526,-14.1679,4.458,-8.1679,1,0,0
-0.2732,0.1956,0.9534,-12.0229,3.7481,-9.3664,1,0,0
-0.2947,0.175,0.9233,-6.6412,0.6947,-8.9695,1,0,0
-0.3064,0.1836,0.9216,-2.9313,-3.9084,-5.5954,1,0,0
-0.3093,0.228,0.9399,-2.4809,-7.4046,-5.084,1,0,0
-0.301,0.2187,0.9248,-1.9695,-10.5115,-6.458,1,0,0
-0.3052,0.2141,0.9343,-1.0153,-14.2977,-6.4733,1,0,0
-0.2915,0.2065,0.9583,1.4046,-14.687,-7.0534,1,0,0
-0.2778,0.2153,0.959,4.1832,-14.6183,-8.374,1,0,0
-0.2759,0.2329,0.9641,6.9924,-14.4733,-10.3511,1,0,0
-0.281,0.2507,0.9578,8.5954,-15.458,-14.084,1,0,0
-0.2747,0.2498,0.9556,9.2977,-17.1603,-17.8473,1,0,0
-0.2729,0.2339,0.948,9.5649,-19.8321,-19.6489,1,0,0
-0.261,0.2139,0.9539,10.0382,-22.1374,-20.1908,1,0,0
-0.2502,0.209,0.9651,11.855,-22.3817,-20.8779,1,0,0
-0.2402,0.2129,0.9641,13.3359,-22.7863,-21.1145,0,0,0
-0.2292,0.2119,0.9854,14.5038,-21.2519,-22.8015,0,0,0
-0.2383,0.2051,0.9841,14.9313,-19.3817,-21.5496,0,0,0
-0.0364,0.1785,1.0679,10.9389,-15.084,-17.8779,0,0,0
-0.1841,0.2146,1.0261,5.6947,-9.2214,-11.4504,0,0,0
-0.1357,0.1541,1.0308,0.9008,-1.1756,-8.2061,0,0,0
-0.1936,0.1973,0.9917,-3.1679,0.0076,-2.8702,0,0,0
-0.2485,0.1995,0.9705,-6.8015,-3.6183,1.7939,0,0,0
-0.2312,0.2097,0.9568,-8.5496,-5.145,3.5496,0,0,0
-0.229,0.2158,0.9697,-8.5038,-6.458,0.9924,0,0,0
-0.2122,0.2051,0.98,-5.4122,-5.9008,-2.9008,0,0,0
-0.228,0.2017,0.9839,-1.4351,-4.3817,-3.1069,0,0,0
-0.2412,0.2065,0.9778,0.8397,-3.855,-2.0458,0,0,0
-0.2454,0.2173,0.9805,2.7634,-3.3282,-3.4885,0,0,0
-0.2393,0.2339,0.978,3.1756,-2.5649,-5.1527,0,0,0
-0.2397,0.2158,0.9829,3.0305,-1.7863,-6.4962,0,0,0
-0.2463,0.2153,0.9832,3.1145,-0.9466,-7.1756,0,0,0
-0.2427,0.2207,0.9648,2.1756,-0.5649,-6.7328,0,0,0
-0.2439,0.2241,0.9729,0.7252,-1.2519,-6.4504,0,0,0
-0.2458,0.2432,0.9685,-0.5649,-1.3664,-7.6794,0,0,0
-0.2532,0.2334,0.9678,-1.1679,-2.6947,-9.6412,0,0,0
-0.2554,0.2134,0.9707,-1.1298,-4.0916,-11.1908,0,0,0
-0.2354,0.2136,0.9934,1.0076,-3.8473,-11.1756,0,0,0
-0.2239,0.2246,1.0005,3.4351,-2.2824,-12.9695,0,0,0
-0.2258,0.2266,0.9998,4.8931,-0.1756,-14.8168,0,0,0
-0.2336,0.2256,0.998,5.2595,1.7863,-15.0611,0,0,0
-0.239,0.2236,0.9783,4.4809,1.542,-14.0153,0,0,0
-0.2498,0.2214,0.9724,1.9542,0.2901,-12.5954,0,0,0
-0.2295,0.2261,0.9836,-0.3206,-0.6718,-13.3206,0,0,0
-0.2168,0.2136,0.9939,0.5878,0.1679,-15.145,0,0,0
-0.2268,0.2236,0.9949,1.9389,1.9618,-15.5344,0,0,0
-0.2402,0.2175,0.9851,2.626,2.1069,-14.9618,0,0,0
-0.2515,0.2122,0.9749,2.5496,1.1832,-13.7176,0,0,0
-0.2424,0.2302,0.9661,2.5115,0.3359,-13.771,0,0,0
-0.2366,0.2158,0.9683,3.6107,-0.4046,-15.5878,0,0,0
-0.2388,0.2195,0.9792,5.2748,-0.2824,-16.6947,0,0,0
-0.2366,0.21,0.9775,5.2366,-0.2214,-15.1756,0,0,0
-0.2393,0.2173,0.9785,4.3588,1.1221,-14.1298,0,0,0
-0.2493,0.229,0.9666,3.1985,1.1298,-14.229,0,0,0
-0.2444,0.2275,0.9692,1.687,0.8092,-14.7634,0,0,0
-0.2424,0.207,0.9753,1.5573,0.4656,-15.1908,0,0,0
-0.2522,0.2046,0.9731,1.7634,0.8168,-13.9618,0,0,0
-0.2444,0.2117,0.9766,3.2061,0.8779,-14.4427,0,0,0
-0.2466,0.2258,0.9834,4.1832,2.0076,-14.1908,0,0,0
-0.2556,0.2402,0.9753,3.3206,2.313,-14.0992,0,0,0
-0.2571,0.2358,0.969,1.0076,2.5344,-13.9618,0,0,0
-0.2625,0.2439,0.9695,-1.9542,1.8702,-13.9924,0,0,0
-0.2561,0.229,0.9778,-4.2061,1.1985,-15.2672,0,0,0
-0.2512,0.2219,0.9834,-5.0382,1.5649,-15.4122,0,0,0
-0.2522,0.1995,0.9895,-4.9542,2.3359,-14.0382,0,0,0
-0.2571,0.2041,0.9873,-4.229,3.0687,-11.8931,0,0,0
-0.2578,0.2029,0.979,-2.9008,3.3359,-11.5267,0,0,0
-0.2527,0.2051,0.9802,-1.0992,3.4962,-12.0458,0,0,0
-0.2451,0.2097,0.9907,-0.9466,5.2748,-13.2366,0,0,0
-0.251,0.1956,0.9893,-1.2443,7.4046,-12.2595,0,0,0
-0.2588,0.2014,0.9902,-1.771,8.5191,-11.2519,0,0,0
-0.2659,0.2063,0.9736,-2.2061,9.2443,-10.3511,0,0,0
-0.2729,0.2107,0.9653,-3.0687,8.0611,-9.8321,0,0,0
-0.27,0.2124,0.9707,-3.2214,7.3511,-10.6641,0,0,0
-0.2664,0.2095,0.98,-4.1069,7.5267,-11.0687,0,0,0
-0.2217,0.2493,0.9929,-3.6412,6.7786,-8.3435,0,0,0
-0.3362,0.1409,1.0039,-7.0992,11.9466,-12.542,0,0,0
-0.2979,0.1672,0.9624,-8.2061,12.6412,-14.0076,0,0,0
-0.2922,0.1609,0.9717,-5.6641,12.1756,-12.8779,0,0,0
-0.2898,0.1655,0.9626,-3.5344,12.1908,-10.0076,0,0,0
-0.2832,0.1902,0.98,-3.8702,11.5344,-9.0,0,0,0
-0.2786,0.2083,0.9841,-5.5802,12.3893,-11.5344,0,0,0
-0.2795,0.2109,0.9841,-6.8931,13.8015,-12.3435,0,0,0
-0.0425,0.4055,1.0049,-11.8626,20.6031,-10.4122,0,0,0
-0.3093,0.1587,0.9695,-11.4198,15.8397,-12.2672,0,0,0
-0.3064,0.1687,0.9729,-10.6718,13.7328,-10.7176,0,0,0
-0.3093,0.1714,0.9724,-6.8015,13.229,-10.7786,0,0,0
-0.3025,0.1587,0.9727,-3.3511,12.2061,-9.313,0,0,0
-0.3157,0.1667,0.9636,-1.7863,12.3969,-8.229,0,0,0
-0.3188,0.1863,0.9524,-2.4427,11.8702,-7.3435,0,0,0
-0.3093,0.1895,0.9685,-5.3053,11.2748,-6.8473,0,0,0
-0.2925,0.2212,0.9841,-8.3053,12.5878,-5.9847,0,0,0
-0.3352,0.2036,0.9805,-13.5649,14.6336,-7.1221,0,0,0
-0.2888,0.217,1.001,-14.7176,19.5344,-8.7099,0,0,0
-0.3088,0.1414,0.9885,-12.5954,21.9924,-9.6107,0,0,0
-0.3186,0.1511,0.9768,-8.5038,22.4733,-7.7328,0,0,0
-0.3379,0.1482,0.9663,-6.3511,22.1527,-5.0305,0,0,0
-0.3496,0.165,0.9595,-6.3969,20.9466,-2.7634,0,0,0
-0.3516,0.1836,0.9443,-6.8244,19.7786,-4.0229,0,0,0
-0.3567,0.1912,0.9309,-8.5115,17.1679,-5.8779,0,0,0
-0.3564,0.1821,0.9299,-10.2366,15.4962,-5.8931,0,0,0
-0.3589,0.1208,0.9431,-9.229,14.3053,-5.5267,0,0,0
-0.3523,0.1438,0.9407,-6.7481,12.6565,-2.0153,0,0,0
-0.3525,0.1597,0.939,-5.1603,11.9695,-2.1679,0,0,0
-0.3564,0.1765,0.9392,-4.4809,11.9237,-3.2443,0,0,0
-0.3667,0.1831,0.9329,-5.2824,12.0763,-3.7099,0,0,0
-0.3696,0.1833,0.9304,-6.687,11.7252,-3.9237,0,0,0
-0.4333,0.1272,0.9165,-8.8168,12.1832,-3.1221,0,0,0
-0.3257,0.1462,0.9468,-7.4351,13.0611,-2.7099,0,0,0
-0.3733,0.1257,0.9485,-3.458,13.6794,-2.7176,0,0,0
-0.3794,0.1533,0.9417,-2.1145,14.2672,-1.7786,0,0,0
-0.3625,0.1812,0.9431,-4.3511,14.3817,-2.0305,0,0,0
-0.3694,0.1843,0.9316,-7.2977,13.5496,-2.4885,0,0,0
-0.3767,0.1719,0.9333,-9.0611,13.1527,-3.2748,0,0,0
-0.4009,0.155,0.9299,-8.8321,12.0763,-2.916,0,0,0
-0.3699,0.1506,0.9421,-8.9237,12.5344,-2.5725,0,0,0
-0.354,0.155,0.9453,-7.3206,14.6718,-2.0153,0,0,0
-0.3833,0.1511,0.938,-6.3053,15.2901,-2.8626,0,0,0
-0.3892,0.1553,0.9265,-6.5573,15.0382,-3.3511,0,0,0
-0.4036,0.1587,0.9219,-7.4962,13.6183,-3.1374,0,0,0
-0.3896,0.1516,0.9207,-7.8092,11.5115,-3.5954,0,0,0
-0.385,0.1411,0.9272,-7.4046,11.4962,-3.8702,0,0,0
-0.3755,0.1406,0.9404,-6.5802,13.0,-3.6641,0,0,0
-0.3958,0.1379,0.9397,-6.2901,14.2061,-3.5496,0,0,0
-0.4172,0.1313,0.9253,-6.0916,14.8702,-4.0458,0,0,0
-0.4221,0.1448,0.9209,-6.6183,14.5191,-3.1985,0,0,0
-0.4253,0.136,0.9194,-6.7634,12.9618,-3.4046,0,0,0
-0.4231,0.1348,0.9141,-5.7328,11.7176,-3.9389,0,0,0
-0.4355,0.1426,0.918,-4.7481,10.5649,-4.229,0,0,0
-0.4275,0.1323,0.9199,-3.8015,10.1527,-4.0,0,0,0
-0.3887,0.1592,0.9272,-4.2137,11.2595,-3.2519,0,0,0
-0.4031,0.1492,0.9258,-5.229,10.7023,-4.1603,0,0,0
-0.4351,0.115,0.9314,-4.8855,11.5344,-4.6565,0,0,0
-0.4316,0.1328,0.9214,-3.2595,10.6794,-3.9008,0,0,0
-0.4292,0.1458,0.9246,-3.2061,10.7328,-4.145,0,0,0
-0.426,0.1436,0.9407,-4.3511,11.374,-4.2977,0,0,0
-0.4229,0.147,0.9307,-5.0382,12.1679,-4.3435,0,0,0
-0.429,0.1379,0.9229,-5.7405,14.313,-3.9618,0,0,0
-0.446,0.1216,0.9075,-4.3511,12.2595,-4.3664,0,0,0
-0.449,0.1384,0.9001,-2.7328,10.0687,-4.4656,0,0,0
-0.4426,0.1472,0.9167,-3.6489,8.6183,-4.6641,0,0,0
-0.4229,0.1619,0.9255,-6.3969,10.1069,-4.9313,0,0,0
-0.4138,0.1912,0.9253,-9.8168,12.9237,-5.4351,0,0,0
-0.4629,0.1211,0.9116,-8.8779,12.6565,-6.9008,0,0,0
-0.457,0.1077,0.9075,-6.8168,11.5649,-5.771,0,0,0
-0.4609,0.1113,0.8909,-4.7634,9.6641,-5.2061,0,0,0
-0.4607,0.1099,0.8936,-2.771,8.6718,-4.5496,0,0,0
-0.458,0.1135,0.9097,-1.7939,8.9771,-4.2824,0,0,0
-0.4639,0.1235,0.9153,-1.2595,9.3359,-3.771,0,0,0
-0.4697,0.1484,0.9102,-2.6336,9.6031,-4.2748,0,0,0
-0.4707,0.1489,0.9099,-5.9084,9.2061,-3.8168,0,0,0
-0.4277,0.1753,0.9165,-7.9924,10.2214,-4.1069,0,0,0
-0.4272,0.2249,0.9363,-9.4885,11.3664,-5.7557,0,0,0
-0.4729,0.1035,0.9285,-6.8092,15.2214,-8.145,0,0,0
-0.4521,0.1108,0.9158,-4.9313,16.687,-5.2748,0,0,0
-0.467,0.1082,0.9019,-4.7939,16.6565,-4.9313,0,0,0
-0.4873,0.1106,0.8948,-4.6718,14.9466,-4.4962,0,0,0
-0.4832,0.127,0.877,-4.7481,12.7863,-5.1298,0,0,0
-0.481,0.1301,0.877,-5.3817,10.313,-5.5267,0,0,0
-0.4812,0.1328,0.8799,-6.6031,9.0534,-5.6336,0,0,0
-0.4819,0.1172,0.8838,-7.0229,8.5802,-5.4885,0,0,0
-0.4766,0.0955,0.8943,-6.4427,8.8015,-5.1756,0,0,0
-0.4883,0.1052,0.8955,-4.2672,8.6183,-5.4733,0,0,0
-0.4636,0.1167,0.9067,-1.0687,10.5649,-6.5267,0,0,0
-0.4822,0.1296,0.9102,-0.1221,13.1145,-7.8092,0,0,0
-0.501,0.1299,0.8853,-0.6489,14.1832,-8.1679,0,0,0
-0.4937,0.137,0.8855,-2.6718,13.9313,-6.9618,0,0,0
-0.5557,0.0964,0.8721,-4.9771,13.2977,-8.0382,0,0,0
-0.5232,0.0933,0.8931,-3.1985,12.2901,-9.1298,0,0,0
-0.5054,0.0872,0.8848,-1.0763,12.4122,-8.7023,0,0,0
-0.5117,0.0864,0.8787,-0.0076,11.9008,-7.2443,0,0,0
-0.5151,0.0789,0.8672,0.8931,10.0229,-5.0382,0,0,0
-0.5198,0.0847,0.8569,0.7557,7.6336,-2.3969,0,0,0
-0.5098,0.115,0.855,-0.5878,4.8779,-1.8931,0,0,0
-0.5112,0.1245,0.8647,-2.0076,3.7786,-4.3664,0,0,0
-0.5103,0.1328,0.8701,-3.5802,3.855,-5.916,0,0,0
-0.5027,0.1196,0.8726,-3.4122,5.084,-7.3282,0,0,0
-0.5044,0.1074,0.8853,-2.0763,6.5115,-8.3053,0,0,0
-0.5107,0.1006,0.8787,0.0153,7.8473,-9.626,0,0,0
-0.5217,0.0969,0.8748,1.2519,8.5038,-9.6641,0,0,0
-0.5239,0.105,0.873,0.6107,8.2366,-8.4046,0,0,0
-0.519,0.104,0.8689,-2.1832,7.5878,-6.4046,0,0,0
-0.5212,0.1021,0.8618,-4.5802,7.0534,-5.6336,0,0,0
-0.3572,0.1289,0.9309,-9.5725,16.771,-4.7939,0,0,0
-0.5938,0.0435,0.8486,-4.9313,6.9618,-5.9313,0,0,0
-0.5315,0.0815,0.8623,-3.3511,7.4962,-3.2443,0,0,0
-0.5059,0.105,0.8748,-2.7863,6.8168,-4.4427,0,0,0
-0.5295,0.1147,0.8789,-3.5649,6.4656,-6.0305,0,0,0
-0.5237,0.1133,0.8855,-4.8015,8.5344,-7.9542,0,0,0
-0.5374,0.0981,0.8799,-4.542,10.1374,-7.626,0,0,0
-0.5457,0.084,0.8894,-3.1298,9.6947,-7.1756,0,0,0
-0.5417,0.0747,0.8772,-1.7023,9.1145,-5.313,0,0,0
-0.5498,0.0325,0.8635,-1.8855,13.8092,-3.5344,0,0,0
-0.5469,0.0854,0.8557,-3.145,9.2748,-4.9542,0,0,0
-0.5291,0.1072,0.8662,-4.4122,7.5038,-4.6336,0,0,0
-0.5481,0.0989,0.8728,-6.4122,7.6336,-5.6718,0,0,0
-0.5583,0.0664,0.8713,-5.5725,6.3664,-6.0534,0,0,0
-0.5332,0.0701,0.8894,-2.8321,7.5344,-5.2443,0,0,0
-0.532,0.0889,0.8923,-0.8397,9.3359,-4.8702,0,0,0
-0.5498,0.0906,0.8779,-0.7252,10.1908,-5.1908,0,0,0
-0.5586,0.0894,0.8586,-1.7863,9.5038,-5.0687,0,0,0
-0.5642,0.0928,0.8525,-3.5802,8.458,-5.2824,0,0,0
-0.5566,0.103,0.8606,-4.6718,7.7634,-6.5267,0,0,0
-0.5251,0.0972,0.8826,-5.6336,9.9313,-8.4198,0,0,0
-0.7246,0.0168,0.8499,-7.8473,16.5191,-8.855,0,0,0
-0.5576,0.0286,0.8594,-4.5649,15.5496,-8.7481,0,0,0
-0.6006,0.0723,0.8394,-1.9847,12.5267,-6.1069,0,0,0
-0.6006,0.0647,0.8274,-1.9618,9.6107,-5.1374,0,0,0
-0.5989,0.0667,0.8276,-2.7176,5.7176,-4.7863,0,0,0
-0.575,0.0637,0.8499,-3.4885,3.0153,-3.5267,0,0,0
-0.5469,0.083,0.8662,-4.7252,4.1298,-4.2214,0,0,0
-0.5449,0.083,0.8794,-6.3282,7.5344,-6.3282,0,0,0
-0.552,0.0542,0.8752,-5.1908,10.8626,-6.5496,0,0,0
-0.5627,0.0525,0.8604,-2.4962,12.7863,-5.9542,0,0,0
-0.5723,0.0437,0.8635,0.6565,12.855,-4.6183,0,0,0
-0.5645,0.0588,0.866,3.5496,13.6412,-5.2366,0,0,0
-0.5618,0.0747,0.8711,5.3206,14.9847,-5.9542,0,0,0
-0.5398,0.103,0.8765,3.8244,17.0305,-7.5649,0,0,0
-0.5222,0.0862,0.896,1.6489,21.7405,-10.1298,0,0,0
0.0251,0.3489,0.9683,-0.313,30.9924,-6.3664,0,0,0
-0.6028,0.0647,0.8823,0.7252,34.7557,-12.2519,0,0,0
-0.6262,0.0398,0.8201,2.3817,37.6031,-9.7481,0,0,0
-0.563,0.0703,0.8042,1.8779,37.7252,-8.1221,0,0,0
-0.5845,0.0928,0.7837,-0.145,33.7481,-8.1985,0,0,0
-0.5891,0.1033,0.759,-4.6031,30.2443,-10.1832,0,0,0
-0.6636,0.0452,0.7415,-7.3893,23.3435,-10.3969,0,0,0
-0.6326,0.0237,0.7734,-4.8473,20.2519,-6.8855,0,0,0
-0.5767,0.0259,0.814,-0.3359,23.8168,-5.7786,0,0,0
-0.5796,0.0701,0.8201,3.8779,26.7634,-4.5038,0,0,0
-0.5967,0.092,0.8115,6.2901,31.3359,-7.5573,0,0,0
-0.6318,0.1174,0.8008,6.1145,32.8473,-10.5267,0,0,0
-0.636,0.1335,0.781,4.4885,32.7405,-14.7786,0,0,0
-0.6294,0.1135,0.7739,0.4198,33.4198,-17.5496,0,0,0
-0.6265,0.0615,0.7815,-3.3435,34.4351,-18.9389,0,0,0
-0.5769,0.0637,0.7793,-2.145,36.145,-17.0458,0,0,0
-0.6541,0.054,0.739,-0.3435,35.7099,-15.6183,0,0,0
-0.6907,0.0425,0.7087,-0.313,31.6641,-13.2366,0,0,0
-0.7136,0.04,0.6917,-3.3359,27.4504,-12.4733,0,0,0
-0.7197,0.0667,0.6479,-8.3359,15.626,-10.9695,0,0,0
-0.7346,0.0293,0.6426,-11.3969,5.626,-8.2366,0,0,0
-0.7178,-0.0051,0.6672,-11.0229,-1.687,-4.3206,0,0,0
-0.6758,0.0237,0.6987,-8.771,-4.687,-0.3511,0,0,0
-0.6631,0.0388,0.7283,-6.8702,-3.3435,1.1679,0,0,0
-0.6648,0.0564,0.7317,-6.084,-1.8321,1.0305,0,0,0
-0.6548,0.0537,0.738,-5.084,-0.4046,-1.8321,0,0,0
-0.6719,0.0369,0.7444,-3.1298,0.4733,-3.5115,0,0,0
-0.6658,0.0291,0.7415,-2.1756,-0.0229,-1.6412,0,0,0
-0.6548,0.0176,0.76,-0.5496,1.1527,0.2214,0,0,0
-0.6643,0.0391,0.7681,0.4275,3.0305,1.3053,0,0,0
-0.679,0.0522,0.7544,-0.7328,3.542,1.6336,0,0,0
-0.6819,0.0581,0.7388,-3.5038,1.6641,1.5038,0,0,0
-0.689,0.0508,0.7368,-4.5496,-0.6947,0.5115,0,0,0
-0.6709,0.0466,0.7571,-4.6183,-1.5878,-0.7328,0,0,0
-0.6628,0.0244,0.7864,-2.5267,0.5802,-0.771,0,0,0
-0.6609,0.0339,0.7859,1.4046,3.8626,-0.5802,0,0,0
-0.6853,0.0542,0.7666,2.8626,5.4198,-1.0458,0,0,0
-0.6912,0.0737,0.7393,0.4504,4.0687,-1.7328,0,0,0
-0.6956,0.0564,0.7351,-3.5038,1.916,-2.1069,0,0,0
-0.6899,0.0334,0.7393,-5.7634,-0.3435,-1.6107,0,0,0
-0.6711,0.0188,0.7595,-6.0992,-1.1908,-0.4351,0,0,0
-0.6609,0.0083,0.7566,-4.0687,0.0458,0.9847,0,0,0
-0.6619,0.0154,0.7573,-2.6641,0.916,2.4122,0,0,0
-0.6743,0.0283,0.7517,-1.0076,1.7176,2.9466,0,0,0
-0.6731,0.0454,0.7561,-1.0458,2.4046,2.0534,0,0,0
-0.6838,0.0613,0.7712,-1.9466,3.2061,1.2748,0,0,0
-0.6917,0.0608,0.7607,-3.4504,2.8702,-0.0611,0,0,0
-0.6787,0.0376,0.772,-2.5649,3.9084,-0.0763,0,0,0
-0.6733,0.0344,0.7683,-0.3359,4.7634,0.458,0,0,0
-0.6763,0.0442,0.7649,0.5649,5.0458,0.2977,0,0,0
-0.688,0.054,0.759,0.2901,5.1985,-0.5038,0,0,0
-0.6921,0.0718,0.7485,-2.3282,4.9542,-1.2214,0,0,0
-0.7031,0.0618,0.7515,-5.0611,4.5649,-1.6565,0,0,0
-0.6973,0.0444,0.7395,-6.855,3.1985,-0.9771,0,0,0
-0.6855,0.031,0.7539,-5.1221,3.1832,-0.145,0,0,0
-0.6675,0.0374,0.7659,-2.2977,4.9008,0.2824,0,0,0
-0.8242,0.0452,0.7234,-6.6565,12.0687,-0.4046,0,0,0
-0.6875,0.0293,0.73,-2.3817,8.2748,-0.4962,0,0,0
-0.6826,0.0723,0.7429,-3.2519,6.1908,0.542,0,0,0
-0.7168,0.053,0.7236,-4.6412,3.6718,-1.0687,0,0,0
-0.7004,0.0662,0.7205,-6.5573,0.1985,-1.5954,0,0,0
-0.688,0.0596,0.7209,-7.2901,-2.1985,-0.9466,0,0,0
-0.6838,0.0588,0.717,-8.2901,-4.2443,-1.9466,0,0,0
-0.6775,0.0439,0.7175,-8.8092,-5.7252,-1.8244,0,0,0
-0.6765,0.0374,0.7124,-9.2595,-6.687,-0.8626,0,0,0
-0.6699,0.0193,0.7141,-8.6641,-7.7786,0.7481,0,0,0
-0.6748,0.0186,0.6978,-8.9542,-9.9771,4.2901,0,0,0
-0.6843,0.0059,0.677,-10.145,-12.916,8.2824,0,0,0
-0.7185,-0.0029,0.645,-12.1069,-18.3435,14.9084,0,0,0
-0.7229,-0.0288,0.6252,-12.8473,-27.2366,23.0076,0,0,0
-0.7349,-0.0571,0.5947,-9.8473,-38.1527,31.2595,0,0,0
-0.7419,-0.0679,0.5664,-7.7634,-51.8626,40.8397,0,0,0
-1.0491,-0.3113,0.4617,0.0076,-77.2137,47.2061,0,0,0
-0.6848,-0.0227,0.5037,3.4351,-94.2672,56.9924,0,0,0
-0.5618,0.0364,0.5356,13.8855,-112.3206,53.8779,0,0,0
-0.6299,0.0105,0.5486,18.8626,-121.5191,48.4275,0,0,0
-0.5349,0.0706,0.6235,23.5878,-130.1832,47.2748,0,0,0
-0.5325,0.0566,0.6882,31.2901,-134.7252,45.687,0,0,0
-0.4907,0.0874,0.7449,38.916,-134.4275,42.1603,0,0,0
-0.4963,0.0889,0.7566,44.2519,-135.4427,42.145,0,0,0
-0.5015,0.0825,0.7524,50.9618,-135.0687,43.7786,0,0,0
-0.4993,0.0676,0.7585,54.374,-140.1298,49.0305,0,0,0
-0.4199,0.1416,0.783,53.4733,-141.9695,51.2748,0,0,0
-0.3579,0.2161,0.8398,53.9313,-143.0,43.8397,0,0,0
-0.3313,0.2776,0.864,54.4427,-140.1679,31.6718,0,0,0
-0.3354,0.2749,0.8733,53.0076,-137.6107,24.6641,0,0,0
-0.2947,0.2268,0.9075,52.8244,-134.2595,23.1756,0,0,0
-0.2732,0.1843,0.9294,55.6794,-130.1374,27.8855,0,0,0
-0.252,0.1694,0.9514,58.4809,-126.0,35.1298,0,0,0
-0.2014,0.2603,0.981,60.4427,-121.5802,34.6412,0,0,0
-0.1992,0.3542,0.9666,58.1756,-120.2748,28.5496,0,0,0
-0.1731,0.4133,0.9929,53.7939,-118.2519,18.2672,0,0,0
-0.1265,0.3962,1.0295,48.2061,-111.313,8.8092,0,0,0
-0.0986,0.3633,1.092,42.2901,-101.3435,5.6412,0,0,0
-0.084,0.3604,1.1104,37.4122,-88.5191,6.374,0,0,0
-0.0959,0.3762,1.1233,32.4046,-75.916,5.7863,0,0,0
-0.0862,0.4209,1.1233,25.2061,-64.7863,1.9771,0,0,0
-0.0876,0.4626,1.1189,18.3664,-56.8626,-7.6336,0,0,0
-0.1025,0.4475,1.1074,12.1374,-50.4733,-15.8092,0,0,0
-0.0977,0.3982,1.1069,8.9847,-44.4198,-21.4351,0,0,0
-0.1021,0.3491,1.0964,9.3588,-38.5649,-23.7786,0,0,0
-0.0994,0.3948,1.0852,11.5191,-33.5725,-25.1069,0,0,0
-0.0986,0.4138,1.0845,12.4504,-30.2061,-34.8244,0,0,0
-0.0935,0.3901,1.1018,10.2901,-25.0992,-42.6794,0,0,0
-0.0437,0.3274,1.1626,11.1603,-14.1908,-44.2977,0,0,0
-0.0222,0.2668,1.2019,12.4046,3.6183,-38.2061,0,0,0
-0.0391,0.2896,1.1719,9.9847,22.2672,-30.1527,0,0,0
-0.0576,0.335,1.1257,0.458,35.9389,-24.2595,0,0,0
-0.1028,0.3723,1.0813,-15.0763,42.145,-19.4656,0,0,0
-0.0925,0.3848,1.1016,-34.4046,47.6336,-14.6336,0,0,0
-0.1013,0.3491,1.1072,-52.9618,56.4504,-8.9542,0,0,0
-0.0847,0.3066,1.0957,-65.1603,65.1908,-2.3206,0,0,0
-0.1265,0.2471,1.0547,-70.4733,71.4046,3.7481,0,0,0
-0.167,0.2449,1.0061,-68.3893,71.916,7.3435,0,0,0
-0.2034,0.2397,0.9622,-62.1374,66.0153,6.374,0,0,0
-0.2534,0.1772,0.9492,-51.1221,58.542,5.916,0,0,0
-0.2568,0.2014,0.9487,-41.3511,51.2061,6.084,0,0,0
-0.2368,0.2212,0.96,-32.7328,45.4427,6.1679,0,0,0
-0.2466,0.2073,0.9702,-25.8092,42.9695,3.5954,0,0,0
-0.2517,0.1746,0.9651,-19.5038,41.7252,1.8092,0,0,0
-0.2529,0.186,0.9646,-14.2595,40.3893,1.9237,0,0,0
-0.2732,0.2041,0.9482,-11.4198,37.6947,2.9389,0,0,0
-0.293,0.2117,0.9253,-10.7481,34.9847,3.229,0,0,0
-0.2988,0.2129,0.9133,-12.2137,31.5114,3.1145,0,0,0
-0.3083,0.2087,0.9004,-14.0,26.1679,3.1374,0,0,0
-0.311,0.2065,0.8882,-12.4962,19.8702,1.1298,0,0,0
-0.3271,0.2004,0.887,-9.9695,13.6031,-0.3969,0,0,0
-0.3113,0.1726,0.8906,-6.8244,8.5267,-0.1603,0,0,0
-0.3027,0.1807,0.918,-2.2824,4.5115,0.8168,0,0,0
-0.3,0.2073,0.9233,0.6336,4.084,1.9313,0,0,0
-0.2925,0.2344,0.939,-1.1221,4.5573,1.4809,0,0,0
-0.2739,0.2302,0.9448,-4.6183,5.9466,0.3588,0,0,0
-0.2869,0.2207,0.9377,-6.9389,6.6107,0.7176,0,0,0
-0.2766,0.2046,0.9404,-7.0534,7.2137,0.229,0,0,0
-0.2896,0.2051,0.9307,-6.2672,7.1527,-0.1603,0,0,0
-0.2944,0.2063,0.9255,-5.2366,6.6489,0.2748,0,0,0
-0.3013,0.2056,0.9258,-4.1298,5.2443,0.855,0,0,0
-0.3071,0.2187,0.9202,-2.7023,4.145,1.0763,0,0,0
-0.3081,0.2219,0.9165,-3.7176,2.2901,2.0305,0,0,0
-0.3059,0.2214,0.9231,-4.6336,0.626,1.8092,0,0,0
-0.2927,0.2351,0.9377,-4.6718,-1.0382,1.0229,0,0,0
-0.3042,0.2266,0.9316,-4.4809,-1.4046,-0.8092,0,0,0
-0.3062,0.2141,0.936,-3.7557,-1.8092,-0.9771,0,0,0
-0.2974,0.2124,0.9409,-2.9313,-2.5115,-0.5573,0,0,0
-0.2942,0.2114,0.9365,-1.7023,-2.4046,0.0,0,0,0
-0.2939,0.2161,0.9558,-1.9924,-2.1069,0.4198,0,0,0
-0.2932,0.2202,0.9421,-3.5344,-1.4809,1.0916,0,0,0
-0.2864,0.2129,0.9578,-4.3206,-0.4198,1.687,0,0,0
-0.293,0.217,0.9607,-4.1756,-0.0229,1.3511,0,0,0
-0.2898,0.2256,0.9514,-3.1679,-0.0916,0.4733,0,0,0
-0.2957,0.2234,0.9583,-3.2137,-0.0534,-0.2443,0,0,0
-0.311,0.2219,0.947,-3.9847,-0.7328,0.4427,0,0,0
-0.3105,0.2156,0.9478,-4.3053,-1.7481,1.0992,0,0,0
-0.3123,0.2068,0.9573,-3.1374,-3.2061,0.5954,0,0,0
-0.3074,0.2139,0.9521,-1.5725,-4.1221,0.626,0,0,0
-0.2966,0.2185,0.9573,-0.3588,-4.2824,-0.0611,0,0,0
-0.2996,0.2195,0.9658,-0.5954,-3.9008,0.0076,0,0,0
-0.2974,0.2195,0.9687,-1.2443,-3.8015,0.3969,0,0,0
-0.3032,0.2158,0.9624,-2.4198,-4.4122,1.3893,0,0,0
-0.2813,0.2144,0.9814,-2.4962,-4.3359,-0.229,0,0,0
-0.2815,0.2087,0.9854,-1.1832,-2.7252,-0.7557,0,0,0
-0.2722,0.21,0.9983,-0.0076,0.1832,-1.0763,0,0,0
-0.2849,0.2273,0.9961,0.3435,2.6641,-1.0611,0,0,0
-0.2954,0.2302,0.989,-0.7023,3.0153,-1.9618,0,0,0
-0.3108,0.2275,0.969,-3.2061,2.7786,-1.7023,0,0,0
-0.3042,0.2185,0.9697,-4.7481,1.5038,-1.9084,0,0,0
-0.2979,0.1951,0.9758,-4.9008,1.2443,-0.7939,0,0,0
-0.2839,0.196,0.9768,-3.9847,1.8931,-0.0611,0,0,0
-0.2876,0.2029,0.9668,-3.2595,2.0916,-0.0611,0,0,0
-0.2896,0.2078,0.9734,-3.2595,2.1832,-0.8244,0,0,0
-0.3032,0.2024,0.9673,-3.2748,2.1145,-0.3588,0,0,0
-0.3018,0.2024,0.9644,-3.5115,1.8244,0.5573,0,0,0
-0.3018,0.2046,0.9663,-3.6489,1.4427,0.4122,0,0,0
-0.2944,0.2017,0.9707,-3.0534,1.9466,0.7557,0,0,0
-0.2942,0.197,0.9634,-2.3817,2.2977,0.8015,0,0,0
-0.3008,0.1887,0.9587,-2.8473,2.7634,2.4198,0,0,0
-0.3,0.1855,0.9629,-3.3282,2.9008,4.4351,0,0,0
-0.2834,0.1858,0.9646,-3.9924,3.7634,5.7328,0,0,0
-0.2778,0.1907,0.9729,-4.855,5.4733,7.0458,0,0,0
-0.2759,0.1936,0.9761,-6.5725,7.855,8.2977,0,0,0
-0.28,0.1775,0.9812,-7.5878,10.6947,10.4962,0,0,0
-0.2939,0.1714,0.9653,-8.084,12.7786,14.4122,0,0,0
-0.3032,0.1797,0.958,-9.313,12.7786,19.2519,0,0,0
-0.292,0.1917,0.9597,-10.4351,12.8626,20.5725,0,0,0
-0.2913,0.2,0.967,-11.2977,14.4122,21.4351,0,0,0
-0.2866,0.1738,0.9751,-12.1069,17.0534,23.5649,0,0,0
-0.2881,0.1533,0.9766,-12.4809,20.4046,28.6031,0,0,0
-0.3032,0.1455,0.958,-12.8244,22.6336,36.8626,0,0,0
-0.2898,0.1628,0.9524,-13.2137,23.3282,41.8168,0,0,0
-0.2856,0.21,0.9629,-13.3206,24.1374,38.0916,0,0,0
-0.3081,0.2334,0.9575,-12.9008,24.626,31.9237,0,0,0
-0.3276,0.2285,0.9482,-11.8244,24.3053,28.2443,0,0,0
-0.3389,0.2021,0.9412,-10.7405,23.4809,27.542,0,0,0
-0.3447,0.1802,0.9417,-8.8244,21.8244,29.1679,0,0,0
-0.345,0.1848,0.9412,-6.5649,21.2061,31.5191,0,0,0
-0.3406,0.1997,0.9521,-4.8931,20.1985,32.4962,0,0,0
-0.3428,0.2356,0.9465,-3.5115,19.4351,27.5725,0,0,0
-0.3574,0.2668,0.9446,-3.4656,18.1069,20.8473,0,0,0
-0.3613,0.2637,0.9426,-5.7405,17.5573,15.6641,0,0,0
-0.3508,0.2466,0.9609,-7.9313,16.771,15.0458,0,0,0
-0.3262,0.2178,0.9812,-9.3893,20.7863,15.8168,0,0,0
-0.3521,0.1973,0.9687,-8.9389,24.5114,18.3664,0,0,0
-0.3635,0.2039,0.9534,-7.3893,25.0687,19.4656,0,0,0
-0.3826,0.2271,0.9321,-7.4809,23.5267,20.5114,0,0,0
-0.3848,0.2559,0.9189,-8.2214,19.4504,16.4351,0,0,0
-0.3848,0.261,0.9094,-9.6412,15.4809,10.5267,0,0,0
-0.3706,0.2324,0.9319,-10.4046,14.229,6.6412,0,0,0
-0.3613,0.2002,0.9458,-8.1679,15.5038,7.3282,0,0,0
-0.3708,0.1899,0.9487,-4.8397,17.4656,9.0687,0,0,0
-0.3872,0.2092,0.9329,-3.1679,17.3817,10.7099,0,0,0
-0.397,0.2183,0.9143,-3.3969,15.6336,11.7634,0,0,0
-0.3972,0.2209,0.9099,-4.8473,13.0992,12.6947,0,0,0
-0.3811,0.2363,0.9189,-6.3053,11.313,12.6565,0,0,0
-0.3777,0.2275,0.9268,-6.4504,11.0687,10.2061,0,0,0
-0.3677,0.2073,0.9231,-4.084,12.2061,8.4809,0,0,0
-0.3884,0.2097,0.9131,0.0611,12.3359,8.6336,0,0,0
-0.4038,0.2227,0.8955,1.6489,10.4427,9.458,0,0,0
-0.4104,0.241,0.8892,0.3053,7.5115,10.3664,0,0,0
-0.4041,0.2388,0.8879,-2.6489,4.1527,11.0229,0,0,0
-0.397,0.2278,0.8894,-5.0382,2.4198,13.0229,0,0,0
-0.3938,0.1917,0.9058,-4.9313,0.9237,15.0458,0,0,0
-0.3772,0.1899,0.9048,-3.8092,1.7176,17.4656,0,0,0
-0.3833,0.1997,0.9009,-0.7939,1.9237,17.9389,0,0,0
-0.3855,0.2305,0.8992,1.9008,1.0382,15.313,0,0,0
-0.3987,0.2407,0.8943,1.9847,-1.1221,13.1756,0,0,0
-0.4065,0.2302,0.8821,1.458,-3.7786,12.8015,0,0,0
-0.3914,0.2158,0.9084,2.1756,-5.4504,14.5496,0,0,0
-0.3647,0.2295,0.929,3.1221,-3.4351,15.1374,0,0,0
-0.3647,0.2336,0.9387,2.9389,0.2672,16.0076,0,0,0
-0.3689,0.2407,0.9373,0.7252,3.2748,16.6641,0,0,0
-0.3865,0.2502,0.915,-2.0229,4.4046,17.3206,0,0,0
-0.3953,0.2437,0.8906,-5.1985,2.5802,16.9008,0,0,0
-0.3926,0.228,0.8999,-7.1145,0.3511,18.1679,0,0,0
-0.375,0.2256,0.9177,-5.3893,0.2214,15.916,0,0,0
-0.3826,0.2407,0.9172,-2.0076,0.9389,13.5573,0,0,0
-0.3691,0.2397,0.9155,0.3359,2.2214,11.6794,0,0,0
-0.3804,0.2373,0.9014,2.1679,2.5573,10.458,0,0,0
-0.3896,0.2322,0.9041,3.1679,1.4275,10.9389,0,0,0
-0.3818,0.2256,0.9155,2.8092,1.7023,13.542,0,0,0
-0.3972,0.2393,0.9121,0.7939,1.6031,17.2214,0,0,0
-0.3806,0.2793,0.9395,0.626,1.9771,16.0687,0,0,0
-0.3804,0.2905,0.9646,2.687,3.1908,10.3588,0,0,0
-0.3892,0.269,0.9707,5.0153,6.0229,11.7176,0,0,0
-0.3748,0.2063,0.9517,12.0305,9.4122,12.4809,0,0,0
-0.2539,0.1528,0.8828,24.9847,17.5267,2.374,0,0,0
-0.479,0.3455,0.9417,25.2214,16.084,4.6718,0,0,0
-0.3767,0.4133,0.8994,17.3282,13.1679,1.9389,0,0,0
-0.4158,0.3621,0.8887,7.6794,9.4351,-2.084,1,0,0
-0.3877,0.3474,0.8943,0.5802,6.6107,-5.1221,1,0,0
-0.3706,0.3611,0.9106,-6.8168,7.313,-7.6412,1,0,0
-0.3411,0.3696,0.9377,-17.5802,11.916,-11.5573,1,0,0
-0.324,0.4146,0.999,-32.2595,21.3893,-19.0229,1,0,0
-0.3567,0.3806,1.0149,-46.4427,31.0534,-25.2901,1,0,0
-0.3987,0.2786,0.9756,-51.5573,36.8702,-29.3588,1,0,0
-0.3896,0.2012,0.9438,-47.458,40.4504,-30.0611,1,0,0
-0.4231,0.1321,0.9041,-33.4656,38.1069,-26.7634,1,0,0
-0.4475,0.0669,0.8296,-14.9847,31.1756,-19.4962,1,0,0
-0.4927,0.1475,0.8027,-3.6107,22.5878,-10.9008,1,0,0
-0.5391,0.1904,0.8093,0.3282,11.6489,-6.8779,1,0,0
-0.498,0.1885,0.8296,2.6718,3.1679,-5.916,1,0,0
-0.467,0.2322,0.8608,2.5802,-0.9389,-5.2748,1,0,0
-0.4285,0.2532,0.9045,0.2748,-0.6489,-4.6031,1,0,0
-0.4609,0.2349,0.9011,-2.7557,1.458,-6.4046,1,0,0
-0.4502,0.2334,0.9104,-4.229,3.6489,-7.2901,0,0,0
-0.4731,0.2288,0.9053,-3.2061,4.0916,-5.7176,0,0,0
-0.4719,0.2139,0.8801,-0.626,2.458,-5.2366,0,0,0
-0.4739,0.2146,0.877,3.458,-0.4885,-4.7176,0,0,0
-0.469,0.2366,0.8611,6.2977,-3.4275,-5.4962,0,0,0
-0.4609,0.2405,0.8594,7.0534,-6.084,-7.229,0,0,0
-0.4539,0.2156,0.8682,6.0916,-7.5573,-7.5267,0,0,0
-0.4399,0.2295,0.8772,3.5344,-8.6412,-7.5649,0,0,0
-0.4302,0.2334,0.8821,1.145,-8.0992,-7.3282,0,0,0
-0.4355,0.2449,0.8872,-0.9084,-8.229,-7.5649,0,0,0
-0.4333,0.231,0.8997,-1.0229,-8.0916,-9.1756,0,0,0
-0.4292,0.2151,0.9028,0.9695,-6.687,-9.8702,0,0,0
-0.4431,0.1985,0.8818,3.7328,-5.4809,-9.3206,0,0,0
-0.4438,0.1997,0.8801,6.5878,-6.1298,-8.0229,0,0,0
-0.4399,0.2417,0.8816,8.1603,-7.3282,-10.3359,0,0,0
-0.4387,0.2427,0.8784,7.5267,-7.3282,-13.8779,0,0,0
-0.4207,0.2322,0.8962,6.0992,-6.7405,-14.2595,0,0,0
-0.4204,0.2192,0.9084,4.6794,-4.1756,-12.2214,0,0,0
-0.4221,0.2114,0.894,4.1374,-3.0076,-11.4885,0,0,0
-0.4299,0.1997,0.8984,5.3206,-2.9237,-12.7252,0,0,0
-0.4348,0.2141,0.8782,5.916,-3.3893,-12.5115,0,0,0
-0.4463,0.2222,0.8616,3.6565,-5.3893,-11.6412,0,0,0
-0.4468,0.2217,0.8743,1.6412,-7.5191,-11.5267,0,0,0
-0.4424,0.2144,0.8716,2.4885,-9.3588,-13.1603,0,0,0
-0.4343,0.2266,0.8818,4.3053,-9.9771,-15.9084,0,0,0
-0.4436,0.1963,0.8755,6.5573,-10.626,-17.145,0,0,0
-0.4375,0.1714,0.8757,9.9237,-12.8321,-16.3969,0,0,0
-0.438,0.1912,0.8755,13.3817,-14.7023,-15.4198,0,0,0
-0.4548,0.2173,0.8621,15.8473,-18.1756,-17.5649,0,0,0
-0.4458,0.2388,0.8501,15.2443,-22.5267,-20.1679,0,0,0
-0.4548,0.2375,0.8386,13.1985,-27.916,-21.2824,0,0,0
-0.4319,0.2271,0.8506,10.8702,-32.8702,-22.0763,0,0,0
-0.4229,0.2417,0.8772,9.8168,-35.6947,-23.4198,0,0,0
-0.3828,0.197,0.9373,13.3053,-34.8931,-26.0229,0,0,0
-0.3677,0.2107,0.9539,16.5344,-29.2748,-24.9542,0,0,0
-0.3628,0.2051,0.9646,17.1832,-22.8015,-22.3588,0,0,0
-0.3689,0.218,0.9463,15.2366,-18.0382,-19.1985,0,0,0
-0.3945,0.2278,0.9214,10.4427,-16.2595,-16.2672,0,0,0
-0.3975,0.2639,0.9082,7.3664,-17.5649,-18.4885,0,0,0
-0.415,0.262,0.8896,6.7481,-20.6336,-22.5114,0,0,0
-0.4067,0.2356,0.8833,7.3435,-23.8321,-24.0,0,0,0
-0.4019,0.2019,0.8826,10.3893,-27.3053,-22.4198,0,0,0
-0.3862,0.1714,0.9009,12.6947,-29.2824,-19.0916,0,0,0
-0.3616,0.1777,0.9211,13.5573,-28.4198,-13.1374,0,0,0
-0.3687,0.1709,0.9253,12.2061,-26.9389,-7.229,0,0,0
-0.3538,0.2029,0.9351,8.0382,-24.687,-2.0687,0,0,0
-0.3506,0.2141,0.9441,2.8779,-23.0076,2.6412,0,0,0
-0.3152,0.2498,0.9595,-3.6489,-19.2519,4.8321,0,0,0
-0.3008,0.2551,0.991,-7.2366,-13.8931,1.5573,0,0,0
-0.311,0.2407,0.9973,-5.8855,-7.2977,-2.4733,0,0,0
-0.3418,0.2168,0.9834,-0.1756,-2.5496,-3.687,0,0,0
-0.3696,0.2263,0.9424,4.9313,-1.2672,-2.5802,0,0,0
-0.3806,0.2476,0.9194,6.1069,-3.4046,-1.1908,0,0,0
-0.3789,0.2483,0.9136,3.8015,-6.0992,-0.7023,0,0,0
-0.364,0.2424,0.9197,-0.1527,-8.2061,0.855,0,0,0
-0.3582,0.2283,0.9304,-5.4122,-9.0763,2.855,0,0,0
-0.321,0.1953,0.9517,-8.3893,-7.8473,5.4427,0,0,0
-0.3262,0.168,0.9663,-9.7557,-3.5267,10.0611,0,0,0
-0.3115,0.1692,0.9714,-10.8244,1.5878,15.1985,0,0,0
-0.3325,0.1799,0.9648,-11.1298,5.4046,20.8855,0,0,0
-0.3408,0.2007,0.9443,-12.0763,6.3893,24.5802,0,0,0
-0.3518,0.2002,0.9299,-12.4427,5.7786,27.1908,0,0,0
-0.3467,0.1875,0.9468,-12.8397,4.6183,31.0305,0,0,0
-0.3135,0.2117,0.9724,-11.3969,6.5725,30.9695,0,0,0
-0.3198,0.2222,0.9775,-8.8702,9.3588,28.0305,0,0,0
-0.3291,0.2639,0.9741,-8.2214,12.3817,23.8244,0,0,0
-0.3296,0.2603,0.9841,-7.7939,15.8931,19.7481,0,0,0
-0.3521,0.2693,0.9724,-9.1374,17.3359,17.4046,0,0,0
-0.3398,0.2571,0.9888,-12.0076,20.0076,16.8931,0,0,0
-0.3645,0.2478,0.9729,-14.8626,22.7252,19.2824,0,0,0
-0.3748,0.2153,0.9519,-18.5954,23.458,22.6718,0,0,0
-0.3809,0.2014,0.9348,-19.916,21.3817,26.9771,0,0,0
-0.3901,0.1804,0.9241,-18.374,18.3511,28.6794,0,0,0
-0.3586,0.2053,0.9302,-17.8779,16.9771,30.4656,0,0,0
-0.3613,0.2214,0.9407,-18.0992,17.5802,30.2214,0,0,0
-0.3745,0.2258,0.9272,-19.313,18.2977,29.7634,0,0,0
-0.3909,0.2266,0.9128,-20.0305,17.0,30.5725,0,0,0
-0.4014,0.2168,0.9075,-20.626,14.855,31.7252,0,0,0
-0.3945,0.1997,0.9155,-19.0458,13.0,32.3359,0,0,0
-0.3713,0.2134,0.9336,-14.7252,12.8702,31.1298,0,0,0
-0.3667,0.2537,0.9409,-8.4504,14.2595,23.8473,0,0,0
-0.3889,0.2871,0.9248,-4.9542,14.6489,15.4122,0,0,0
-0.3958,0.2781,0.9329,-3.6107,13.3588,8.2977,0,0,0
-0.3816,0.2598,0.9368,-4.1908,15.0992,6.229,0,0,0
-0.3728,0.2581,0.9497,-5.2443,17.313,8.6183,0,0,0
-0.3564,0.2476,0.9888,-6.1908,21.7405,10.7939,0,0,0
-0.3987,0.2527,0.9722,-7.9924,27.1298,12.7481,0,0,0
-0.4065,0.2043,0.9253,-4.8168,26.7939,14.6183,0,0,0
-0.416,0.2029,0.8801,2.7939,24.2748,15.8779,0,0,0
-0.3994,0.342,0.8354,4.8626,16.8092,10.0992,0,0,0
-0.4497,0.239,0.8447,12.7328,10.1527,6.0153,0,0,0
-0.5266,0.3694,0.8159,3.4885,2.6107,1.0076,0,0,0
-0.4224,0.2874,0.8491,-0.916,-3.4962,-0.4046,1,0,0
-0.4106,0.3018,0.8738,-2.4351,-6.4656,-3.8244,1,0,0
-0.3992,0.3237,0.8948,-6.8321,-6.5191,-7.2672,1,0,0
-0.376,0.3154,0.9138,-15.0687,-3.5573,-9.4122,1,0,0
-0.3674,0.3008,0.9331,-22.6412,0.7481,-13.229,1,0,0
-0.3796,0.3076,0.9358,-31.2214,4.6565,-15.6183,1,0,0
-0.4163,0.2458,0.9282,-37.084,5.5573,-13.8015,1,0,0
-0.4167,0.1475,0.9409,-31.4046,7.9924,-9.2748,1,0,0
-0.4097,0.1233,0.897,-14.2366,8.9847,-6.4733,1,0,0
-0.3848,0.1721,0.8865,0.3282,9.8626,-7.3282,1,0,0
-0.469,0.1626,0.8457,7.5802,4.1069,-3.1145,1,0,0
-0.4675,0.2852,0.8787,5.9924,-2.2977,-3.9313,1,0,0
-0.4404,0.2822,0.8875,-1.6031,-5.7863,-7.9313,1,0,0
-0.4133,0.2178,0.9041,-6.5496,-6.7786,-7.9389,1,0,0
-0.4165,0.2041,0.9097,-6.6718,-7.1374,-5.5802,1,0,0
-0.4114,0.2158,0.9143,-6.9389,-5.7634,-3.9847,1,0,0
-0.4224,0.2129,0.9038,-4.6336,-3.9847,-3.5191,0,0,0
-0.4421,0.1941,0.9001,1.6489,-3.9389,-3.8397,0,0,0
-0.4302,0.2415,0.8933,6.6489,-5.3359,-5.458,0,0,0
-0.4302,0.2444,0.8965,8.7481,-6.8931,-7.2366,0,0,0
-0.4275,0.2625,0.8982,8.7252,-8.0687,-9.0,0,0,0
-0.416,0.2676,0.9094,7.1679,-8.5878,-13.0992,0,0,0
-0.4167,0.2666,0.9058,3.8779,-7.9695,-14.458,0,0,0
-0.4294,0.2605,0.8962,0.7405,-8.9847,-14.4122,0,0,0
-0.4285,0.2507,0.8972,-1.7863,-10.9771,-15.0229,0,0,0
-0.4124,0.2332,0.9033,-1.7176,-11.6794,-16.0153,0,0,0
-0.4202,0.2,0.9111,1.1145,-11.8473,-17.1832,0,0,0
-0.3977,0.2043,0.8979,5.9389,-12.374,-19.5344,0,0,0
-0.4133,0.2302,0.8987,9.0534,-13.0687,-20.2977,0,0,0
-0.4133,0.22,0.8923,9.5954,-14.8779,-20.9389,0,0,0
-0.4153,0.2058,0.8877,11.1679,-18.3664,-21.3664,0,0,0
-0.406,0.2031,0.877,12.3588,-21.5267,-21.8244,0,0,0
-0.3911,0.199,0.905,14.458,-24.3817,-22.1832,0,0,0
-0.3743,0.2307,0.9119,14.687,-24.2061,-23.7557,0,0,0
-0.353,0.2568,0.9509,11.7481,-23.0916,-26.0763,0,0,0
-0.3462,0.2566,0.96,10.7252,-19.0458,-33.1145,0,0,0
-0.3589,0.2214,0.9707,11.3511,-13.6718,-36.2519,0,0,0
-0.3672,0.2073,0.9458,12.7481,-10.0153,-35.374,0,0,0
-0.3845,0.1978,0.9187,14.3969,-10.1374,-31.8702,0,0,0
-0.3931,0.199,0.894,15.1374,-12.0076,-30.3359,0,0,0
-0.4131,0.2117,0.876,16.4427,-16.9084,-29.6031,0,0,0
-0.3994,0.2566,0.8862,20.313,-22.7557,-38.5115,0,0,0
-0.4097,0.2563,0.8801,24.9618,-28.6336,-47.9924,0,0,0
-0.418,0.2532,0.8726,23.771,-33.6412,-50.3359,0,0,0
-0.4094,0.2112,0.8765,19.4122,-38.1603,-45.374,0,0,0
-0.3772,0.1726,0.897,14.3435,-41.0382,-37.2137,0,0,0
-0.3552,0.1711,0.9146,9.4351,-40.2977,-28.2824,0,0,0
-0.3135,0.1895,0.9419,7.9924,-38.8321,-25.3206,0,0,0
-0.3147,0.1931,0.9478,8.4427,-35.1832,-26.458,0,0,0
-0.3188,0.1665,0.9492,9.4733,-32.4351,-25.626,0,0,0
-0.3052,0.1299,0.9373,12.7863,-29.1145,-21.3817,0,0,0
-0.3098,0.1445,0.9312,17.6336,-26.7863,-17.0229,0,0,0
-0.3154,0.1648,0.9419,21.4962,-25.3053,-12.9847,0,0,0
-0.3252,0.1992,0.9373,23.0611,-25.145,-11.3969,0,0,0
-0.3252,0.2322,0.9353,20.7328,-24.8626,-11.4122,0,0,0
-0.314,0.2349,0.9392,16.4656,-25.0534,-10.7481,0,0,0
-0.2927,0.2063,0.957,12.3359,-23.8397,-8.3588,0,0,0
-0.293,0.1855,0.9724,8.1756,-22.1221,-2.2977,0,0,0
-0.2712,0.1802,0.9741,5.3435,-17.7939,4.2901,0,0,0
-0.2729,0.2114,0.9695,2.5191,-15.1908,7.3359,0,0,0
-0.281,0.2356,0.9673,-1.0458,-13.0534,7.8397,0,0,0
-0.2837,0.2268,0.9775,-2.4885,-11.1527,8.2061,0,0,0
-0.2844,0.2297,0.9622,-2.5496,-9.5191,7.9008,0,0,0
-0.2805,0.2202,0.9651,-1.3511,-8.2443,8.0458,0,0,0
-0.2795,0.2327,0.9778,0.2672,-6.2366,7.5115,0,0,0
-0.2832,0.2444,0.9727,-0.2443,-4.6412,7.1298,0,0,0
-0.2864,0.2598,0.9771,-1.4046,-3.8626,5.9237,0,0,0
-0.2939,0.2585,0.9761,-2.5191,-2.9389,3.3359,0,0,0
-0.2952,0.2505,0.9661,-2.9618,-3.5954,2.2901,0,0,0
-0.2881,0.2312,0.9666,-4.4351,-3.8092,3.4198,0,0,0
-0.2681,0.1934,1.0015,-4.145,-2.0076,7.1374,0,0,0
-0.2554,0.2053,1.0146,-5.7863,3.5115,11.9313,0,0,0
-0.2566,0.2026,1.0095,-10.2748,9.0382,16.8015,0,0,0
-0.2798,0.1917,0.9968,-13.8015,13.229,23.1145,0,0,0
-0.2993,0.1758,0.9685,-16.7481,13.8397,31.6107,0,0,0
-0.2996,0.1804,0.9573,-19.145,11.8931,39.5267,0,0,0
-0.2869,0.1848,0.9636,-18.771,10.0229,40.7557,0,0,0
-0.2698,0.23,0.9812,-15.0687,10.0763,38.0611,0,0,0
-0.2783,0.2439,0.9944,-11.0763,11.7939,33.4046,0,0,0
-0.2786,0.2532,0.9973,-8.3053,14.5802,29.2595,0,0,0
-0.2942,0.2615,0.9888,-7.229,16.8015,27.145,0,0,0
-0.3083,0.2581,0.9678,-8.8931,17.8321,26.9389,0,0,0
-0.3135,0.252,0.9653,-12.374,17.1145,28.4809,0,0,0
-0.3125,0.2253,0.9546,-16.3435,16.3969,31.9008,0,0,0
-0.3105,0.2393,0.9556,-19.0153,14.8168,35.0382,0,0,0
-0.3079,0.2283,0.9492,-17.9237,12.626,31.8244,0,0,0
-0.313,0.2424,0.9448,-12.6107,10.145,24.4046,0,0,0
-0.3113,0.2485,0.9424,-5.9924,8.1298,17.4809,0,0,0
-0.3125,0.2705,0.949,-2.3053,7.3664,14.4504,0,0,0
-0.3096,0.2585,0.9678,-1.4809,8.5191,13.7099,0,0,0
-0.3098,0.2646,0.981,-2.1298,10.3206,14.3664,0,0,0
-0.3145,0.26,0.9702,-4.2137,12.3435,15.1908,0,0,0
-0.3242,0.2522,0.9526,-8.0,11.7176,17.0458,0,0,0
-0.3381,0.2207,0.9197,-12.9695,9.6336,21.2672,0,0,0
-0.3159,0.2087,0.9365,-16.5878,6.1603,26.2061,0,0,0
-0.2805,0.2053,0.9551,-14.2061,5.5038,24.0229,0,0,0
-0.2947,0.2375,0.9575,-9.0305,7.6412,18.5878,0,0,0
-0.3008,0.2566,0.9617,-4.626,9.0992,14.1298,0,0,0
-0.3203,0.2605,0.9602,-1.2137,10.4046,12.4656,0,0,0
-0.3157,0.2815,0.9849,1.2977,11.9847,9.8702,0,0,0
-0.3586,0.2708,0.9829,2.2977,12.7099,9.1985,0,0,0
-0.3472,0.2136,0.9438,6.4198,11.5038,14.1145,0,0,0
-0.3032,0.2336,0.9199,13.0382,11.3664,14.9542,0,0,0
-0.2273,0.3223,0.9019,12.6031,14.4275,3.8473,0,0,0
-0.3589,0.2974,0.928,12.4122,9.6489,4.3282,0,0,0
-0.3516,0.3945,0.8779,-0.2366,2.9771,1.5267,0,0,0
-0.3359,0.2961,0.8848,-6.8473,-0.4427,-3.2748,0,0,0
-0.3159,0.2874,0.9299,-10.0153,-2.3282,-4.0916,1,0,0
-0.3125,0.3137,0.9519,-14.3664,0.3969,-4.5954,1,0,0
-0.2971,0.3057,0.9646,-20.0992,3.7863,-5.855,1,0,0
-0.2976,0.3076,0.9707,-26.3206,8.5649,-8.2366,1,0,0
-0.3123,0.2781,0.9661,-32.7939,11.4122,-8.8931,1,0,0
-0.335,0.1931,0.9668,-32.9542,10.9008,-5.2595,1,0,0
-0.3274,0.1382,0.9578,-19.6031,13.0,-2.2824,1,0,0
-0.3376,0.1853,0.9294,-3.7176,13.6107,-1.6183,1,0,0
-0.365,0.2166,0.8877,4.4046,11.0916,-2.5649,1,0,0
-0.4014,0.2241,0.8787,8.3053,4.4885,1.2137,1,0,0
-0.3777,0.3103,0.9019,3.9618,-1.0763,-0.6489,1,0,0
-0.3557,0.2815,0.917,-3.0458,-3.6183,-3.2901,1,0,0
-0.3401,0.2209,0.9443,-4.7786,-4.2366,-2.3359,1,0,0
-0.3403,0.2278,0.9553,-2.4275,-2.7252,-1.1527,1,0,0
-0.3481,0.2642,0.9412,-1.8779,-1.0229,-1.8397,1,0,0
-0.3555,0.2808,0.9258,-2.7405,-0.5878,-3.4427,1,0,0
-0.3574,0.2681,0.9263,-2.8397,-1.4122,-4.2214,1,0,0
-0.3618,0.2659,0.918,-1.4733,-2.6031,-5.8626,1,0,0
-0.355,0.2473,0.9229,0.1832,-4.4656,-8.2977,0,0,0
-0.3472,0.248,0.9192,2.1298,-5.7176,-9.7786,0,0,0
-0.3357,0.2446,0.9282,1.687,-6.2901,-10.2366,0,0,0
-0.3342,0.2444,0.9333,-1.9924,-5.771,-8.4198,0,0,0
-0.3154,0.2234,0.9438,-1.7252,-4.2137,-6.4733,0,0,0
-0.3257,0.2412,0.9419,-1.8092,-2.4733,-6.229,0,0,0
-0.3191,0.24,0.9468,0.5344,-1.3511,-9.6794,0,0,0
-0.3347,0.2507,0.9463,3.458,-0.0992,-11.8702,0,0,0
-0.3423,0.2478,0.9219,4.2595,-0.3359,-14.2443,0,0,0
-0.3459,0.2427,0.9099,4.6489,-2.0076,-14.7328,0,0,0
-0.3513,0.2512,0.9036,3.8855,-3.8473,-14.6641,0,0,0
-0.3601,0.2576,0.9006,2.5878,-6.9237,-14.5573,0,0,0
-0.3555,0.2324,0.9146,1.5115,-10.0305,-15.458,0,0,0
-0.3481,0.2085,0.9119,3.1679,-11.1679,-15.8168,0,0,0
-0.3274,0.2024,0.9211,6.2061,-12.1527,-15.542,0,0,0
-0.3225,0.1982,0.9197,9.7863,-12.8397,-17.084,0,0,0
-0.3245,0.217,0.9243,12.7176,-13.8779,-19.3588,0,0,0
-0.3284,0.2178,0.9133,13.4351,-14.771,-19.7863,0,0,0
-0.3208,0.2156,0.9114,11.3206,-15.2824,-17.9389,0,0,0
-0.3069,0.2109,0.9287,6.4885,-13.6107,-12.5954,0,0,0
-0.2969,0.1843,0.9382,1.1527,-11.855,-7.3969,0,0,0
-0.2969,0.1597,0.9417,-2.6489,-10.4427,-1.6565,0,0,0
-0.3164,0.1326,0.9399,-4.1832,-9.2137,4.1298,0,0,0
-0.3008,0.1313,0.9497,-1.4351,-8.8931,8.6412,0,0,0
-0.3015,0.1504,0.9417,3.2366,-8.3664,12.229,0,0,0
-0.3049,0.1748,0.9539,5.6412,-7.8015,15.2519,0,0,0
-0.3047,0.1953,0.9468,4.8321,-7.2061,18.2519,0,0,0
-0.322,0.2021,0.9363,2.2214,-8.0916,22.0992,0,0,0
-0.3103,0.1912,0.946,-3.458,-8.4427,27.9924,0,0,0
-0.3162,0.1646,0.936,-10.1985,-9.8473,37.0153,0,0,0
-0.3,0.1577,0.9314,-15.9389,-12.5496,47.2748,0,0,0
-0.3037,0.165,0.9443,-17.3588,-14.4122,49.4351,0,0,0
-0.2803,0.175,0.9426,-15.084,-15.5344,48.0,0,0,0
-0.2698,0.1958,0.9612,-12.3359,-15.6565,48.6489,0,0,0
-0.2961,0.2131,0.9229,-11.9389,-17.7863,52.3206,0,0,0
-0.2688,0.2266,0.9646,-9.9084,-17.4504,50.9466,0,0,0
-0.282,0.2883,0.9629,-6.374,-18.6641,42.4733,0,0,0
-0.2761,0.2957,0.9626,-4.9237,-20.855,31.9466,0,0,0
-0.2722,0.301,0.9836,-4.5649,-21.2137,24.8779,0,0,0
-0.2629,0.2688,0.9917,-4.5038,-18.7328,22.2748,0,0,0
-0.2561,0.2446,1.0073,-3.687,-15.4198,24.0,0,0,0
-0.2458,0.2393,1.0049,-3.3664,-11.4046,26.7939,0,0,0
-0.2546,0.2537,0.9917,-3.3893,-8.6794,27.6565,0,0,0
-0.2588,0.2749,0.978,-4.2901,-8.4046,25.3053,0,0,0
-0.2495,0.2766,0.9856,-5.8473,-8.9771,22.0611,0,0,0
-0.2378,0.2759,1.0022,-5.2595,-7.7939,18.1145,0,0,0
-0.248,0.2781,1.0117,-2.0534,-5.4733,12.7023,0,0,0
-0.2505,0.2761,0.9998,1.5878,-3.8244,10.5725,0,0,0
-0.2646,0.241,0.968,8.3969,-4.3588,11.4885,0,0,0
-0.251,0.2676,0.9668,14.6336,-6.4962,14.5725,0,0,0
-0.228,0.3174,0.969,15.2595,-5.916,13.6565,0,0,0
-0.1873,0.3054,0.937,15.145,-2.3969,1.5573,0,0,0
-0.2632,0.3889,1.0093,7.2748,-3.1145,1.7176,1,0,0
-0.199,0.3948,0.9985,-4.2137,-0.3053,-1.2824,1,0,0
-0.2107,0.3452,1.0132,-12.7786,2.9695,-4.7634,1,0,0
-0.1951,0.3276,1.0244,-16.7023,7.9924,-8.8321,1,0,0
-0.2085,0.325,1.0283,-21.0611,11.916,-11.8168,1,0,0
-0.22,0.3152,0.9956,-26.0305,13.5573,-13.2061,1,0,0
-0.2397,0.3088,0.9729,-28.3359,13.8244,-15.5191,1,0,0
-0.24,0.2874,0.9482,-30.6565,12.6641,-16.9695,1,0,0
-0.2588,0.1826,0.9607,-31.9847,9.3893,-12.2672,1,0,0
-0.2346,0.1375,0.9885,-21.8626,10.374,-3.8702,1,0,0
-0.2532,0.179,0.9746,-7.6641,12.3282,-0.2443,1,0,0
-0.2661,0.231,0.9526,-0.771,11.0,-2.2137,1,0,0
-0.2766,0.2437,0.9456,1.0992,9.2519,-3.4122,1,0,0
-0.2891,0.2615,0.9375,0.6794,6.2672,-3.916,1,0,0
-0.2815,0.2659,0.9294,-2.0992,3.084,-3.3893,0,0,0
-0.2781,0.2495,0.9336,-5.3206,1.1069,-2.7939,0,0,0
-0.2703,0.2261,0.9514,-6.9008,-0.5802,-1.3588,0,0,0
-0.2615,0.2195,0.9626,-4.3893,0.374,-0.542,0,0,0
-0.2673,0.2358,0.9536,-1.9008,0.7405,-0.7481,0,0,0
-0.2622,0.2356,0.9524,-0.2824,0.0229,-1.0916,0,0,0
-0.2705,0.2231,0.9536,2.5496,-0.4046,-2.2977,0,0,0
-0.2729,0.249,0.9443,4.3511,-2.2824,-1.771,0,0,0
-0.2634,0.2656,0.9519,2.374,-4.3053,-2.5191,0,0,0
-0.2583,0.2424,0.9661,0.9237,-5.2061,-2.9084,0,0,0
-0.2529,0.2495,0.9607,0.0687,-4.9771,-2.7786,0,0,0
-0.2095,0.2451,0.99,-1.7405,-0.8473,-4.6489,0,0,0
-0.2322,0.2463,0.9956,-4.4885,4.145,-4.9924,0,0,0
-0.2524,0.2434,0.9792,-5.3588,5.8702,-4.8015,0,0,0
-0.2627,0.2397,0.9629,-5.1985,5.7786,-5.0305,0,0,0
-0.2698,0.2383,0.9541,-4.1756,4.0916,-5.4275,0,0,0
-0.2749,0.2354,0.9451,-3.0992,1.9924,-5.1145,0,0,0
-0.2654,0.2273,0.9429,-0.2061,0.771,-5.7634,0,0,0
-0.2627,0.2322,0.9531,1.4198,0.7557,-7.0382,0,0,0
-0.2742,0.2283,0.9504,1.5496,-0.4809,-6.5267,0,0,0
-0.2759,0.2241,0.9473,1.4962,-1.7481,-5.7252,0,0,0
-0.2698,0.2214,0.9502,1.8397,-2.8321,-4.4656,0,0,0
-0.26,0.2349,0.957,1.3053,-3.0611,-3.4427,0,0,0
-0.2666,0.2195,0.9631,-1.3588,-2.8855,-1.8168,0,0,0
-0.2659,0.208,0.9663,-2.8092,-2.7557,0.8702,0,0,0
-0.2656,0.21,0.95,-0.9313,-3.3588,2.7023,0,0,0
-0.2593,0.2134,0.9473,-0.1374,-4.4122,2.9695,0,0,0
-0.2566,0.2026,0.9573,1.8855,-5.1756,3.5802,0,0,0
-0.2563,0.2085,0.96,3.7634,-5.1832,4.8321,0,0,0
-0.2644,0.2354,0.9502,3.0382,-6.1603,5.8397,0,0,0
-0.2627,0.2307,0.949,0.3893,-7.229,6.374,0,0,0
-0.2588,0.2207,0.9724,-2.0992,-8.229,7.5344,0,0,0
-0.2476,0.2185,0.9636,-3.5191,-8.458,9.7405,0,0,0
-0.252,0.187,0.9548,-2.0611,-9.2214,10.5878,0,0,0
-0.2407,0.1792,0.9602,0.7328,-10.2519,13.5267,0,0,0
-0.2439,0.1926,0.9597,2.5344,-10.2595,15.374,0,0,0
-0.2556,0.209,0.9504,3.4198,-11.5878,17.3969,0,0,0
-0.251,0.2185,0.946,2.6641,-13.458,19.4504,0,0,0
-0.2524,0.231,0.9346,2.8702,-15.5573,20.7786,0,0,0
-0.2588,0.2332,0.9324,0.7557,-18.4962,22.0382,0,0,0
-0.2454,0.2275,0.9231,-1.9924,-22.2061,24.3969,0,0,0
-0.2285,0.249,0.9495,-3.8397,-24.5573,24.5191,0,0,0
-0.2207,0.2625,0.9687,-4.2214,-24.6183,21.9313,0,0,0
-0.2046,0.2668,0.9846,-2.9466,-21.9618,17.4809,0,0,0
-0.1936,0.2471,1.0039,-0.7939,-19.2672,14.6489,0,0,0
-0.2124,0.2368,0.9929,4.3053,-15.7176,13.2366,0,0,0
-0.2039,0.2646,0.9795,7.6489,-14.3969,12.7939,0,0,0
-0.2041,0.2712,0.9766,7.4656,-13.9008,12.3282,0,0,0
-0.2102,0.2686,0.9927,6.6565,-13.6565,10.5115,0,0,0
-0.1738,0.2649,1.0195,8.3435,-12.1298,8.771,0,0,0
-0.1973,0.2751,1.0061,10.9237,-8.5802,6.9695,0,0,0
-0.1716,0.2764,1.011,11.8244,-7.0076,8.1756,0,0,0
-0.1794,0.2891,0.9919,10.1145,-5.9466,9.8015,0,0,0
-0.1592,0.3,0.9771,7.5725,-5.0153,7.4275,0,0,0
-0.1821,0.3071,0.9712,4.6031,-5.1374,4.7099,0,0,0
-0.1819,0.3298,0.9792,-0.2824,-5.6947,2.313,0,0,0
-0.1721,0.3303,0.9866,-5.8397,-5.7099,0.6565,0,0,0
-0.1687,0.3159,0.9956,-9.5649,-4.1985,-1.5344,1,0,0
-0.1626,0.2878,0.9971,-10.4962,-1.855,-3.6412,1,0,0
-0.1763,0.3091,1.0071,-10.3359,0.542,-5.8702,1,0,0
-0.1792,0.2837,0.9907,-12.2901,1.1908,-6.0763,1,0,0
-0.1807,0.2507,1.0007,-11.9695,1.8626,-4.0,1,0,0
-0.1726,0.2249,1.0149,-7.4656,3.5649,-1.374,1,0,0
-0.1631,0.2305,1.0217,-1.7252,7.9466,-0.1298,1,0,0
-0.1907,0.2751,1.0056,3.3893,11.5344,0.0076,1,0,0
-0.1802,0.2971,0.9924,7.0534,12.8168,-0.8473,1,0,0
-0.2219,0.3218,0.9592,5.9008,12.0,-3.6641,1,0,0
-0.2197,0.3206,0.9321,2.0611,8.3969,-4.1069,1,0,0
-0.2097,0.3108,0.9263,-2.1985,3.7252,-5.5115,1,0,0
-0.2312,0.324,0.9316,-9.2443,-1.084,-5.6031,1,0,0
-0.1919,0.3027,0.9438,-15.5573,-4.9466,-5.7786,1,0,0
-0.1895,0.2864,0.9573,-20.229,-5.771,-6.8779,1,0,0
-0.1914,0.2971,0.9512,-23.5573,-6.6183,-9.8015,1,0,0
-0.1743,0.2754,0.9692,-27.7099,-6.1985,-11.1679,1,0,0
-0.207,0.1965,0.9844,-29.5038,-7.4046,-5.1832,1,0,0
-0.1733,0.1067,1.0254,-17.6107,-3.9771,2.4275,1,0,0
-0.1826,0.176,1.01,-0.0153,-0.6336,5.0763,1,0,0
-0.1841,0.2739,0.9844,7.8779,1.7786,1.2443,1,0,0
-0.2046,0.2854,0.9719,7.0611,2.3817,-3.1679,1,0,0
-0.1985,0.2622,0.978,5.7634,1.1908,-4.2977,1,0,0
-0.1997,0.2563,0.9722,3.8931,-0.1374,-3.8702,1,0,0
-0.1921,0.2573,0.9697,0.0,-0.771,-3.5878,1,0,0
-0.1958,0.2539,0.9751,-4.2977,-1.6031,-3.0382,1,0,0
-0.2002,0.2324,0.97,-6.9466,-2.1832,-1.3511,1,0,0
-0.1863,0.2158,0.9692,-5.6031,-1.9237,0.9237,1,0,0
-0.2043,0.2378,0.9702,-2.6107,-1.3893,0.9084,1,0,0
-0.1897,0.2063,0.9697,1.4504,-1.0687,0.5496,0,0,0
-0.1963,0.2217,0.9727,6.4351,-1.0611,0.3893,0,0,0
-0.1951,0.2563,0.9707,7.6412,-1.5725,-0.2672,0,0,0
-0.1929,0.2688,0.9595,4.374,-1.916,-1.1756,0,0,0
-0.1912,0.2683,0.9763,0.626,-1.9618,-1.5115,0,0,0
-0.1877,0.2617,0.9807,-3.626,-2.0229,-0.855,0,0,0
-0.1858,0.2402,0.9849,-5.8473,-1.5725,-0.3282,0,0,0
-0.1868,0.2205,0.9917,-5.0076,-0.6718,0.7176,0,0,0
-0.1912,0.2053,0.9917,-2.1221,0.1221,1.4962,0,0,0
-0.198,0.208,0.988,3.9084,1.374,3.5344,0,0,0
-0.1897,0.2319,0.9788,10.7328,1.4885,3.6718,0,0,0
-0.219,0.2671,0.9734,12.9695,0.542,2.6718,0,0,0
-0.2112,0.2844,0.9609,11.7405,-1.5878,1.7786,0,0,0
-0.1992,0.2947,0.96,7.5267,-2.9618,0.1221,0,0,0
-0.1868,0.262,0.959,2.8168,-3.1985,-1.0305,1,0,0
-0.1936,0.2134,0.99,4.0916,-3.1145,1.2366,1,0,0
-0.2056,0.2271,0.9854,6.229,-1.8168,3.3893,1,0,0
-0.1626,0.2676,0.9824,7.6794,-0.7252,3.0611,1,0,0
-0.1917,0.291,0.9756,6.0687,-0.8397,1.3893,1,0,0
-0.188,0.3066,0.9729,2.2519,-1.4275,-0.5191,1,0,0
-0.1941,0.3005,0.9678,-1.1985,-1.9618,-1.3817,1,0,0
-0.1855,0.2976,0.9771,-4.8473,-2.4885,-2.2977,1,0,0
-0.1863,0.2886,0.9741,-8.4046,-2.4733,-3.1298,1,0,0
-0.1775,0.2852,0.988,-11.9008,-1.8015,-3.6718,1,0,0
-0.1694,0.2573,0.9929,-13.4656,-0.6107,-1.8779,1,0,0
-0.1814,0.2234,1.002,-11.3664,0.771,1.2214,1,0,0
-0.1765,0.2358,1.0015,-5.313,2.3817,2.1679,1,0,0
-0.196,0.2532,0.988,-1.6183,2.8626,1.7634,1,0,0
-0.1992,0.2751,0.9771,-0.9466,1.8168,0.9008,1,0,0
-0.1909,0.2876,0.981,-2.5954,1.6183,-0.855,1,0,0
-0.1799,0.2822,0.9695,-5.0458,2.2595,-2.6031,1,0,0
-0.2017,0.2449,0.9709,-6.1221,0.9313,-1.1374,1,0,0
-0.2061,0.2749,0.9778,-6.9084,0.1145,-0.7481,1,0,0
-0.1975,0.2622,0.9758,-8.7176,0.4198,-1.6641,1,0,0
-0.1975,0.2395,0.969,-6.9008,0.9313,-0.5802,1,0,0
-0.1968,0.2456,0.9836,-4.1679,0.771,-0.458,1,0,0
-0.1934,0.231,0.9778,-0.1298,0.7023,-0.0763,1,0,0
-0.2036,0.2493,0.9749,3.5878,0.1298,0.0534,1,0,0
-0.1985,0.2837,0.9695,2.458,-0.5954,-1.0,1,0,0
-0.1982,0.2744,0.9707,0.0153,-1.3588,-1.5115,1,0,0
-0.1938,0.2649,0.9795,-1.9466,-1.5344,-0.6412,1,0,0
-0.1877,0.2632,0.9797,-2.916,-0.5115,-0.3435,1,0,0
-0.1877,0.2681,0.9829,-4.0153,-0.0534,-0.8397,1,0,0
-0.1919,0.2507,0.9741,-3.3282,0.1298,-1.3511,1,0,0
-0.1936,0.2456,0.9741,-1.6565,0.5344,-0.7405,1,0,0
-0.1973,0.2676,0.9653,-1.3359,-0.1374,-1.1145,1,0,0
-0.1895,0.2725,0.98,-2.5954,-0.6565,-2.2519,1,0,0
-0.1934,0.2478,0.9829,-3.3359,0.6489,-2.145,0,0,0
-0.1853,0.2458,0.9729,-1.1985,2.1069,-1.2137,0,0,0
-0.2002,0.2734,0.9651,-1.0687,2.0305,-1.6412,0,0,0
-0.1992,0.262,0.9607,-3.0229,0.771,-2.229,0,0,0
-0.1897,0.2517,0.9707,-3.7786,0.1374,-2.4122,0,0,0
-0.1853,0.2312,0.9897,-4.3893,1.5267,-1.4198,0,0,0
-0.1663,0.2295,1.0027,-4.6794,3.5496,0.0916,0,0,0
-0.1843,0.2505,0.9868,-5.2214,6.3359,0.8626,0,0,0
-0.1836,0.25,0.9856,-6.0382,7.6336,0.2824,0,0,0
-0.1787,0.2456,1.0046,-7.4809,9.8244,0.2824,0,0,0
-0.1895,0.2454,1.0037,-8.5344,11.8092,0.8626,0,0,0
-0.1897,0.2698,1.009,-10.3206,13.4427,2.1298,0,0,0
-0.1838,0.2551,1.0083,-14.3206,17.8779,1.5267,0,0,0
-0.21,0.2388,0.9917,-16.8702,19.2519,2.4504,0,0,0
-0.2258,0.2249,0.9734,-18.8015,18.6565,4.2137,0,0,0
-0.2256,0.2131,0.9702,-19.2366,16.6718,6.8626,0,0,0
-0.2158,0.1929,0.9697,-18.1679,15.6107,10.4275,0,0,0
-0.2297,0.2,0.9612,-15.6031,14.4885,12.9542,0,0,0
-0.2273,0.2168,0.9673,-12.0076,13.687,13.1679,0,0,0
-0.2373,0.2437,0.9792,-9.1679,12.542,10.9008,0,0,0
-0.2336,0.2463,0.9832,-6.8244,11.8702,7.7023,0,0,0
-0.2437,0.2471,0.9722,-4.3969,11.0687,5.3053,0,0,0
-0.2405,0.2349,0.9734,-3.4504,10.3588,3.7786,0,0,0
-0.2437,0.2356,0.9714,-3.1908,9.771,4.313,0,0,0
-0.2466,0.2397,0.9758,-3.3664,9.2901,4.2824,0,0,0
-0.248,0.2327,0.9858,-3.2519,9.084,4.4198,0,0,0
-0.2378,0.2524,1.0132,-3.1756,9.9313,4.2061,0,0,0
-0.2471,0.2092,0.9807,1.0229,8.916,6.6947,0,0,0
-0.2644,0.188,0.9319,8.6794,5.4275,7.771,0,0,0
-0.2246,0.2288,0.9343,12.7023,3.6412,5.7863,0,0,0
-0.2356,0.2629,0.9404,9.5878,2.771,4.3282,0,0,0
-0.2402,0.2068,0.936,9.313,2.3511,0.084,0,0,0
-0.249,0.292,0.9792,3.5344,3.0534,0.3893,1,0,0
-0.2146,0.2573,0.9543,2.2901,3.5344,-0.2977,1,0,0
-0.2461,0.25,0.9421,3.4809,2.5649,-1.7023,1,0,0
-0.2483,0.2781,0.9456,2.4351,1.8397,-2.6412,1,0,0
-0.2534,0.291,0.9456,-1.2748,0.5496,-2.8244,1,0,0
-0.2358,0.2854,0.9507,-6.6107,-0.2443,-3.0916,1,0,0
-0.2288,0.2798,0.9678,-11.6107,0.2443,-4.313,1,0,0
-0.2305,0.2593,0.968,-15.4427,1.229,-4.2061,1,0,0
-0.2327,0.2136,0.9854,-15.084,2.1908,-2.7481,1,0,0
-0.2427,0.1897,0.9822,-8.4962,3.5725,-0.6718,1,0,0
-0.2424,0.2219,0.9768,-0.7099,4.6183,-1.1221,1,0,0
-0.2473,0.2339,0.9417,2.4198,4.9695,-2.9924,1,0,0
-0.2615,0.24,0.936,3.5725,2.3664,-3.6031,1,0,0
-0.2542,0.2617,0.9392,0.8626,0.145,-3.9695,1,0,0
-0.2556,0.2566,0.9431,-3.3359,-2.3435,-4.2824,1,0,0
-0.2549,0.2319,0.9478,-5.7099,-3.5725,-3.2366,1,0,0
-0.252,0.2136,0.9622,-5.5267,-4.1298,-1.626,1,0,0
-0.2568,0.2095,0.9558,-4.145,-4.6412,0.2901,1,0,0
-0.2493,0.2046,0.9587,-0.9542,-4.374,1.2748,1,0,0
-0.2473,0.2261,0.9661,2.1832,-3.855,1.6412,1,0,0
-0.2563,0.2441,0.9646,3.6412,-4.4351,1.0305,1,0,0
-0.2559,0.2581,0.9717,3.771,-5.3435,0.0611,1,0,0
-0.2527,0.2673,0.9712,1.9618,-6.1069,-0.8473,1,0,0
-0.2441,0.2561,0.9802,-0.4351,-5.771,-1.6794,1,0,0
-0.2383,0.2488,0.98,-2.4885,-5.3359,-1.6947,1,0,0
-0.2334,0.2368,0.9714,-4.2901,-5.6412,-2.0,1,0,0
-0.2341,0.2129,0.9861,-4.6947,-5.3359,-1.5344,1,0,0
-0.2412,0.1919,0.9687,-1.687,-4.3511,-0.2214,1,0,0
-0.2371,0.2148,0.9722,2.7557,-6.0458,1.3969,1,0,0
-0.239,0.2295,0.9612,2.8092,-6.8779,1.0458,1,0,0
-0.2332,0.2209,0.9629,3.6031,-7.6412,2.0,1,0,0
-0.2283,0.2385,0.9687,4.2595,-7.8168,2.6183,1,0,0
-0.2292,0.2332,0.9548,3.9618,-8.626,2.5115,1,0,0
-0.2422,0.2358,0.9387,3.4046,-11.1908,2.1069,1,0,0
-0.239,0.2437,0.9331,2.4046,-13.9237,1.6794,1,0,0
-0.2349,0.2515,0.9272,0.9542,-17.3359,1.0611,1,0,0
-0.2251,0.2319,0.938,-0.4427,-20.145,0.7863,1,0,0
-0.2239,0.2205,0.9402,0.9389,-21.8397,1.5191,1,0,0
-0.2183,0.2283,0.9348,2.458,-23.7939,2.4504,1,0,0
-0.2205,0.2104,0.9207,3.1145,-26.7328,2.7786,1,0,0
-0.2166,0.2346,0.9187,5.2214,-30.3893,3.4962,1,0,0
-0.2173,0.2336,0.8916,6.4733,-34.542,3.3053,1,0,0
-0.2148,0.2205,0.8904,6.7786,-40.4962,3.8321,1,0,0
-0.2065,0.2253,0.8923,6.2366,-45.1374,4.6565,1,0,0
-0.1831,0.241,0.9109,4.3359,-49.5802,6.2595,1,0,0
-0.1592,0.2502,0.9482,0.9542,-49.5267,7.9542,1,0,0
-0.1584,0.218,0.9749,-1.2137,-47.5649,10.2672,1,0,0
-0.1335,0.2429,1.0054,-0.1069,-43.7557,11.1603,1,0,0
-0.1301,0.2656,1.0176,1.8244,-38.8244,9.3359,1,0,0
-0.1362,0.2583,1.0042,2.9008,-36.2137,7.4275,1,0,0
-0.1311,0.2334,1.0007,7.313,-36.1069,7.1908,1,0,0
-0.1257,0.2441,0.9937,12.458,-36.4046,9.0916,1,0,0
-0.095,0.2925,1.0098,12.6336,-35.6107,8.0992,1,0,0
-0.0759,0.2949,1.0249,8.5191,-32.5344,8.1527,1,0,0
-0.072,0.2961,1.0503,2.5802,-27.626,8.1679,1,0,0
-0.0562,0.2854,1.0701,-2.9771,-20.687,8.8473,1,0,0
-0.0549,0.2554,1.0715,-4.1832,-13.5802,9.5267,1,0,0
-0.0544,0.2361,1.0623,0.1298,-6.2443,10.9084,1,0,0
-0.0747,0.2813,1.0532,5.0687,-2.4962,11.5115,1,0,0
-0.0864,0.2827,1.0278,6.4809,-2.1374,12.5191,1,0,0
-0.0676,0.2529,0.9666,11.6718,-0.458,7.0,1,0,0
-0.116,0.3357,0.9954,10.0916,-5.229,5.8015,1,0,0
-0.062,0.3521,0.991,2.9313,-6.3511,3.2443,1,0,0
-0.0837,0.2981,1.001,-3.7176,-5.687,1.374,1,0,0
-0.0588,0.2917,1.0154,-6.9313,-3.4733,-0.3053,1,0,0
-0.0708,0.2979,1.0083,-9.6718,-1.7939,-0.5115,1,0,0
-0.0828,0.3076,1.0002,-13.4504,-2.0916,-0.3053,1,0,0
-0.0808,0.3164,1.0095,-17.8168,-2.0611,-0.687,1,0,0
-0.0786,0.2898,1.0256,-20.1985,-1.1603,-1.0153,1,0,0
-0.0723,0.2332,1.0403,-17.0992,2.0916,-0.9771,1,0,0
-0.0759,0.2122,1.0352,-7.0153,5.7023,-0.5191,1,0,0
-0.0903,0.2632,1.0144,1.2824,7.1908,-1.0076,1,0,0
-0.095,0.301,1.0005,2.4122,8.0992,-4.3817,1,0,0
-0.1042,0.2913,0.9734,0.4351,6.4656,-6.3359,1,0,0
-0.1157,0.2776,0.98,-1.9771,2.0458,-3.5191,1,0,0
-0.0989,0.3086,0.9971,-6.3893,0.8168,-3.2443,1,0,0
-0.0898,0.2671,1.0039,-9.1908,0.5191,-3.7786,1,0,0
-0.0815,0.2334,1.0105,-6.6947,0.8626,-2.2214,1,0,0
-0.0815,0.2385,1.0164,-1.5878,2.1985,-1.1527,1,0,0
-0.0776,0.2593,1.0056,1.7405,4.1832,-0.1298,1,0,0
-0.0918,0.2739,0.9885,1.9466,4.2824,-0.6641,1,0,0
-0.1021,0.2781,0.9846,-0.5725,3.0611,-1.084,1,0,0
-0.1006,0.2783,0.9812,-2.2901,1.4427,-0.9084,1,0,0
-0.1047,0.2725,0.9836,-3.5649,0.084,-1.0992,1,0,0
-0.0938,0.2598,0.9854,-3.9084,-0.5191,-0.0229,1,0,0
-0.082,0.2571,1.0051,-2.2519,0.6336,-0.229,1,0,0
-0.083,0.2766,0.9983,-0.7786,2.2977,-1.8168,1,0,0
-0.0935,0.2537,0.9949,-0.2748,3.9084,-2.1756,1,0,0
-0.0879,0.2456,1.0012,0.626,5.6107,-1.2901,1,0,0
-0.0972,0.2769,0.9739,0.4198,6.2519,-0.3893,1,0,0
-0.1016,0.2861,0.9695,-3.084,5.2061,-0.8168,1,0,0
-0.1035,0.2705,0.9829,-5.5802,3.458,-0.6718,1,0,0
-0.0996,0.2468,0.9832,-6.8702,3.1527,-0.1908,1,0,0
-0.0996,0.2324,0.9875,-5.0153,3.229,0.8015,1,0,0
-0.0945,0.2454,0.9863,-2.9237,3.3206,0.1985,1,0,0
-0.1016,0.2307,0.9937,-1.0458,3.771,0.8779,1,0,0
-0.1116,0.2341,0.9871,1.4809,3.8473,3.1756,1,0,0
-0.0981,0.2576,0.9844,3.2595,4.0,5.3282,1,0,0
-0.1045,0.2808,0.9746,1.6794,3.3206,3.9237,1,0,0
-0.1018,0.2656,0.9819,-0.8244,2.3053,2.6412,1,0,0
-0.1111,0.2546,0.9805,-1.7557,1.9084,2.5725,1,0,0
-0.0994,0.2654,0.9849,-3.5802,1.6718,2.7863,1,0,0
-0.0918,0.2185,0.9822,-4.4809,2.3511,3.7405,1,0,0
-0.1003,0.1907,0.9839,-0.8702,2.0076,7.6718,1,0,0
-0.0986,0.2351,0.9749,4.2824,2.4504,10.1756,1,0,0
-0.0845,0.2515,0.9211,5.1374,2.0382,6.4122,1,0,0
-0.1558,0.3027,0.9626,2.1527,-2.1985,5.6947,1,0,0
-0.0945,0.2808,0.9656,-0.6565,-3.1756,4.6031,1,0,0
-0.1182,0.2769,0.9648,-2.2061,-4.7176,3.6336,1,0,0
-0.085,0.2786,0.9861,-2.7939,-3.4733,1.9542,1,0,0
-0.1028,0.2856,0.9839,-2.9847,-2.7405,0.0687,1,0,0
-0.0994,0.2844,0.9883,-4.7099,-1.855,-1.1603,1,0,0
-0.1089,0.2903,0.9841,-7.084,-2.3206,-1.7099,1,0,0
-0.1001,0.2754,0.9924,-9.687,-3.2748,-1.6947,1,0,0
-0.1082,0.2529,0.9883,-9.7939,-3.1374,-1.626,1,0,0
-0.0823,0.2351,1.0032,-6.2366,-1.4122,-1.2977,1,0,0
-0.0684,0.2732,1.0195,-3.3969,2.229,-3.0763,1,0,0
-0.093,0.2495,0.988,-1.313,3.8626,-3.542,1,0,0
-0.1101,0.2419,0.981,0.2137,2.626,-2.1908,1,0,0
-0.1045,0.2888,0.9844,-1.6412,1.1832,-2.5573,1,0,0
-0.1025,0.2673,0.9702,-4.8855,-0.1221,-3.313,1,0,0
-0.1057,0.2415,0.9771,-5.4885,-2.2748,-1.3817,1,0,0
-0.1099,0.2471,0.979,-5.0611,-3.5115,0.313,1,0,0
-0.1006,0.2476,0.9844,-4.5115,-4.6107,2.6489,1,0,0
-0.1064,0.2429,0.9775,-3.7939,-4.916,3.6336,1,0,0
-0.0916,0.2151,0.9883,-0.7863,-5.5191,4.4122,1,0,0
-0.103,0.2285,0.9817,3.1069,-6.7328,6.0076,1,0,0
-0.1069,0.2437,0.9758,4.5496,-8.3588,7.6489,1,0,0
-0.1304,0.2449,0.9597,2.4046,-9.1221,8.0916,1,0,0
-0.1072,0.2708,0.9727,-0.5573,-13.9695,9.9237,1,0,0
-0.103,0.2419,0.9714,-1.687,-16.7099,10.5038,1,0,0
-0.0977,0.2339,0.9771,-1.0153,-19.6794,12.8244,1,0,0
-0.0898,0.2568,0.9717,-0.4885,-22.916,15.3435,1,0,0
-0.1035,0.2603,0.9578,-0.9237,-27.626,16.9466,1,0,0
-0.0854,0.251,0.9727,-0.2061,-30.5191,16.6718,1,0,0
-0.0679,0.2717,0.98,2.2901,-32.4427,14.9771,1,0,0
-0.0627,0.2661,0.9963,3.7786,-32.7252,13.0458,1,0,0
-0.0461,0.283,1.0049,4.542,-31.9389,12.2672,1,0,0
-0.0393,0.2649,1.0139,5.8779,-30.1756,12.374,1,0,0
-0.0298,0.2534,1.0151,7.6031,-28.6718,13.3588,1,0,0
-0.0181,0.2473,1.0293,11.8779,-25.0,15.5344,1,0,0
-0.0139,0.2688,1.0369,13.2977,-21.0382,17.9466,1,0,0
-0.0024,0.3127,1.0276,11.3969,-16.3359,19.0153,1,0,0
0.02,0.3203,1.0159,9.916,-12.7405,16.2595,1,0,0
-0.011,0.3101,0.9897,7.3206,-10.7252,13.1679,1,0,0
-0.0132,0.3479,0.9771,2.5573,-11.687,9.9084,1,0,0
-0.0242,0.2983,0.9502,-1.7023,-13.2061,7.7557,1,0,0
0.0178,0.2971,0.9858,-4.3893,-14.5573,5.3664,1,0,0
0.0017,0.2922,0.9861,-2.6565,-14.9695,4.8397,1,0,0
-0.0059,0.2971,0.9634,-3.8015,-15.3588,3.7099,1,0,0
0.0063,0.2996,0.9751,-5.6183,-16.0534,3.1221,1,0,0
0.0042,0.2959,0.978,-6.5802,-16.3588,2.1908,1,0,0
0.0137,0.2776,0.97,-6.3053,-17.1679,1.8626,1,0,0
0.0029,0.249,0.9717,-4.4885,-18.5496,1.7634,1,0,0
0.0273,0.2593,0.9875,-1.2443,-18.6412,1.1221,1,0,0
0.0352,0.2627,1.0002,2.2137,-16.5114,1.9618,1,0,0
0.0586,0.3113,1.0154,2.1908,-11.8168,0.084,1,0,0
0.0403,0.2974,0.9871,1.5954,-8.9695,-2.3511,1,0,0
0.0093,0.3108,0.9739,-0.9618,-10.6489,-2.4275,1,0,0
0.012,0.3132,0.9817,-5.5954,-12.1374,-1.9237,1,0,0
0.0103,0.2764,0.9812,-7.8244,-12.6183,-0.6489,1,0,0
0.0178,0.2668,0.9875,-7.145,-13.5573,1.4275,1,0,0
0.033,0.2424,0.99,-2.9695,-13.7252,1.9542,1,0,0
0.0247,0.2537,0.9849,3.3817,-13.2137,3.4733,1,0,0
0.0308,0.2742,0.9829,7.0687,-13.7328,4.1069,1,0,0
0.0271,0.2986,0.9722,7.3053,-13.6565,3.3664,1,0,0
0.0371,0.3191,0.9915,4.5954,-14.2824,3.2595,1,0,0
0.0415,0.3096,0.9995,0.5725,-14.1832,3.5496,1,0,0
0.0483,0.3083,1.0129,-2.7328,-12.4885,3.9618,1,0,0
0.0576,0.2964,1.0198,-5.5038,-10.7176,3.8626,1,0,0
0.0498,0.3081,1.0227,-6.5573,-8.9618,3.9542,1,0,0
0.0718,0.2905,1.0281,-6.0611,-7.1145,3.3893,1,0,0
0.0676,0.2627,1.0186,-2.4885,-4.3817,5.4046,1,0,0
0.0544,0.2532,1.0146,2.0,-2.8092,8.3588,1,0,0
0.05,0.2732,1.0229,4.9389,-2.916,12.5802,1,0,0
0.0588,0.2917,1.0132,5.5954,-2.3969,12.9695,1,0,0
0.0586,0.2925,0.9724,6.3435,-2.7786,12.2519,1,0,0
0.144,0.217,0.9419,10.6183,1.5267,5.1756,1,0,0
-0.0063,0.3523,0.9653,8.7405,-4.5954,5.8626,1,0,0
0.0808,0.3433,0.9624,3.1298,-4.9237,3.3588,1,0,0
0.0542,0.2957,0.9739,-1.7328,-7.2901,1.8015,1,0,0
0.0723,0.2922,0.9871,-3.2748,-6.687,0.3893,1,0,0
0.0586,0.2964,0.9912,-3.2748,-6.5649,-1.1679,1,0,0
0.0637,0.3115,0.9888,-4.1603,-6.8855,-1.2977,1,0,0
0.0649,0.3206,0.999,-6.9389,-7.1298,-1.7252,1,0,0
0.0671,0.3066,1.002,-9.5038,-6.7939,-1.4733,1,0,0
0.0757,0.2656,1.0112,-7.8092,-4.4427,-1.9924,1,0,0
0.0818,0.2908,1.0168,-5.2901,-0.4809,-3.2977,1,0,0
0.0791,0.2832,1.0127,-3.771,1.6794,-4.7634,1,0,0
0.074,0.2925,1.0098,-2.8931,3.4427,-6.313,1,0,0
0.0903,0.2893,0.991,-2.7939,8.7939,-10.0229,1,0,0
0.0437,0.2844,0.9687,0.0305,5.3359,-9.6031,1,0,0
0.0483,0.3174,0.9753,-4.8244,2.4809,-9.1221,1,0,0
0.0408,0.2874,0.9822,-9.5878,1.2061,-7.3053,1,0,0
0.0491,0.2632,0.9849,-10.7481,-0.0992,-4.6794,1,0,0
0.0449,0.2595,0.9797,-9.5267,-0.6489,-1.6565,1,0,0
0.054,0.2424,0.9897,-5.3206,-1.6947,1.5038,1,0,0
0.0557,0.2722,0.9917,-1.6336,-1.7023,2.8092,1,0,0
0.0669,0.2874,1.0027,-1.7939,-1.0611,1.9389,1,0,0
0.0789,0.3025,1.0095,-3.5802,0.4122,1.4275,1,0,0
0.0808,0.3013,1.0259,-5.9008,2.7099,0.374,1,0,0
0.0784,0.2976,1.0276,-9.5191,6.0687,-0.1679,1,0,0
0.0681,0.291,1.0225,-12.0,8.7863,-0.542,1,0,0
0.0708,0.2686,1.0125,-13.7863,11.1527,-0.2519,1,0,0
0.0713,0.2771,1.0029,-15.2595,13.3893,0.6107,1,0,0
0.0601,0.2878,0.998,-16.8168,14.6336,1.3664,1,0,0
0.0518,0.3,1.0061,-18.771,15.458,0.9084,1,0,0
0.0349,0.2532,0.9963,-19.2595,14.4351,1.9237,1,0,0
0.0413,0.2322,0.9944,-16.1298,14.4351,4.1374,1,0,0
0.0366,0.2163,0.9895,-11.1221,12.9237,6.374,1,0,0
0.051,0.231,1.0042,-7.4504,12.8626,7.7634,1,0,0
0.0339,0.2437,1.0063,-5.1527,12.8702,9.1756,1,0,0
0.0356,0.2456,1.0088,-5.5115,12.5878,11.4275,1,0,0
0.0613,0.2615,0.9834,-1.855,13.0611,8.0611,1,0,0
-0.0029,0.2717,0.9814,-2.855,10.1527,7.3206,1,0,0
0.0417,0.2859,0.978,-5.2595,7.4046,5.1145,1,0,0
0.0149,0.2722,0.9685,-7.458,4.7939,2.3511,1,0,0
0.0212,0.2737,0.981,-8.8779,3.1756,0.3588,1,0,0
0.0251,0.2549,0.9856,-8.6718,2.3435,-0.9771,1,0,0
0.0229,0.2405,0.9822,-8.1756,0.8779,-1.0,1,0,0
0.0249,0.23,0.9878,-5.4351,0.1679,-1.0534,1,0,0
0.0229,0.2444,0.9871,-3.2214,0.4046,-1.2748,1,0,0
0.0273,0.2683,0.9778,-3.916,0.9008,-2.313,1,0,0
0.0269,0.2656,0.9792,-6.7481,0.2519,-3.3359,1,0,0
0.0215,0.2627,0.9866,-9.1756,-0.0305,-3.6031,1,0,0
0.0244,0.2463,0.9895,-11.2824,-0.0687,-3.4427,1,0,0
0.0352,0.228,0.9995,-11.9771,-0.0305,-3.0153,1,0,0
0.043,0.2158,1.0278,-12.0916,2.6718,-3.5802,1,0,0
0.0132,0.2034,0.9946,-8.2672,2.3359,-1.916,1,0,0
0.0129,0.1987,0.9949,-6.6947,-0.1221,3.1221,1,0,0
0.0322,0.2444,1.0142,-5.5496,0.5191,3.0153,1,0,0
0.0229,0.2231,0.9917,-4.458,0.4885,1.6718,1,0,0
0.0117,0.2166,0.9827,-2.3282,-1.084,1.9695,1,0,0
0.0278,0.2351,1.0032,-1.5038,-0.9924,1.1527,1,0,0
0.0232,0.2349,1.0015,-1.4122,-0.4122,0.0153,1,0,0
0.021,0.2449,0.9976,-2.2137,-0.2824,-0.6183,1,0,0
0.0139,0.2173,1.0032,-3.0992,0.2672,-0.5496,1,0,0
0.0205,0.2097,1.0127,-0.7176,1.2519,0.5496,1,0,0
0.0205,0.2417,0.9929,-0.6489,1.3282,0.0763,1,0,0
0.0273,0.2195,0.9897,-1.5344,-0.0992,0.8626,1,0,0
0.0249,0.2317,0.9946,-1.0076,-0.9313,1.7634,1,0,0
0.0244,0.2502,0.9961,-2.7405,-1.229,1.3511,1,0,0
0.022,0.2185,0.9973,-3.9771,-1.916,1.3206,1,0,0
0.0344,0.2063,1.0215,-1.374,-1.1603,1.9008,1,0,0
0.0327,0.2388,1.0112,0.2672,0.0763,1.4198,1,0,0
0.0254,0.2542,1.0125,-0.2977,0.1756,0.0992,1,0,0
0.0234,0.2505,1.0195,-1.5344,0.0153,-0.5038,1,0,0
0.0225,0.2446,1.0232,-1.7939,-0.2748,-0.0916,1,0,0
0.0234,0.2507,1.0154,-1.6183,0.2061,-0.3664,1,0,0
0.0151,0.2456,1.0078,-2.5649,-0.2061,-0.8244,1,0,0
0.0198,0.2478,1.0029,-3.2214,-0.2137,-1.0534,1,0,0
0.0212,0.2236,1.0115,-3.6107,0.2061,-0.4351,1,0,0
0.0298,0.2251,1.0132,-1.4046,0.8626,1.4809,1,0,0
0.032,0.271,1.0112,-2.542,1.8855,0.6641,1,0,0
0.033,0.2554,1.0029,-4.6947,2.4046,-1.0534,1,0,0
0.0344,0.2734,1.0151,-6.6641,4.2824,-2.6641,0,0,0
0.0303,0.2639,1.0039,-9.0,5.6489,-4.3282,0,0,0
0.0295,0.2561,1.0049,-10.6641,6.229,-5.4733,0,0,0
0.0295,0.2258,1.0002,-11.1603,6.9695,-5.4962,0,0,0
0.0244,0.2085,1.0017,-9.0458,7.7176,-4.855,0,0,0
0.0137,0.2092,1.0042,-6.0534,7.3817,-3.6336,0,0,0
0.0105,0.2249,1.0007,-3.8321,6.0687,-3.2748,0,0,0
0.0024,0.2517,1.0027,-2.7099,4.7023,-3.145,0,0,0
-0.001,0.2388,0.9824,-3.0153,1.9084,-2.7099,0,0,0
-0.0039,0.2273,0.9685,-3.5191,-1.5878,-1.9466,0,0,0
0.0122,0.2202,0.9812,-2.5878,-3.1069,-2.0992,0,0,0
0.0149,0.2412,0.9978,-3.5802,-2.5115,-2.4809,0,0,0
0.0159,0.2307,1.0029,-5.2824,-1.4962,-2.7557,0,0,0
0.0186,0.2246,1.0222,-6.3206,0.0611,-2.0534,0,0,0
0.02,0.2146,1.02,-5.1221,1.8015,-1.4885,0,0,0
0.0178,0.2297,1.0117,-3.7939,2.8397,-1.5954,0,0,0
0.0117,0.2283,1.0059,-3.8397,2.855,-1.4427,0,0,0
0.0173,0.2197,1.0032,-3.4809,3.0763,-1.1832,0,0,0
0.0088,0.2329,1.0054,-3.3817,3.084,-1.542,0,0,0
0.0056,0.2473,0.9907,-5.6641,2.9389,-2.458,0,0,0
-0.0024,0.2271,0.9783,-8.3282,0.8092,-3.4122,0,0,0
0.0,0.1951,0.988,-6.9924,-0.5725,-1.9771,0,0,0
0.0085,0.1899,1.0063,-4.4504,-0.229,-0.0916,0,0,0
0.0088,0.2039,1.0042,-3.687,0.2214,1.3435,0,0,0
0.0051,0.2175,1.0027,-3.7634,0.3282,1.6489,0,0,0
0.0068,0.2302,1.0029,-4.0763,-0.2061,0.8244,0,0,0
0.0051,0.2322,1.0073,-5.0076,-0.2901,0.4198,0,0,0
0.0093,0.218,1.0039,-6.5344,-0.374,-0.2824,0,0,0
0.0103,0.2007,1.0083,-6.2748,-0.2748,0.6336,0,0,0
0.0276,0.1997,1.0164,-5.7023,1.2901,1.7939,0,0,0
0.009,0.2166,1.0181,-6.2443,2.5725,2.4122,0,0,0
0.012,0.2136,1.0093,-8.0534,3.0153,2.4962,0,0,0
0.0015,0.2219,1.0042,-9.2824,1.8015,2.8321,0,0,0
0.0068,0.2068,1.0161,-10.4809,2.2748,3.9237,0,0,0
0.0095,0.1863,1.0151,-10.9008,3.4504,5.1069,0,0,0
0.0039,0.1814,1.0098,-9.084,3.0687,6.2748,0,0,0
0.0122,0.176,1.0195,-7.229,2.6489,8.2595,0,0,0
0.0078,0.1892,1.0098,-4.3359,3.626,9.5115,0,0,0
0.0125,0.198,1.0061,-3.7557,3.7328,10.1298,0,0,0
0.0129,0.2175,0.9971,-4.5115,4.5649,8.6412,0,0,0
0.0093,0.2163,1.0127,-5.1908,5.9924,5.6947,0,0,0
0.0098,0.2041,1.0278,-5.8855,6.458,3.5191,0,0,0
0.0095,0.1853,1.041,-4.3359,7.8855,5.5802,0,0,0
0.0046,0.1794,1.0364,-1.2214,8.8321,9.0229,0,0,0
-0.0071,0.2156,1.0203,0.3817,9.0382,8.7252,0,0,0
-0.0081,0.2112,1.0012,0.1985,7.8168,8.5191,0,0,0
-0.0076,0.1985,0.9993,0.3282,5.6947,8.1756,0,0,0
0.0017,0.2034,1.0061,-0.1221,5.3206,7.9084,0,0,0
0.0032,0.2002,1.0159,-0.5115,6.2672,7.1374,0,0,0
-0.0029,0.2322,1.0139,-3.1908,7.4962,5.3664,0,0,0
-0.0027,0.1975,1.0129,-4.3206,7.9313,5.2137,0,0,0
-0.01,0.1809,1.0146,-2.4733,8.1603,7.4656,1,0,0
-0.0251,0.1865,1.0081,-0.2214,7.8931,7.5954,1,0,0
0.0398,0.2266,1.0198,1.687,8.7176,7.5802,1,0,0
-0.0142,0.2119,1.0042,2.4656,5.9924,7.145,1,0,0
-0.0381,0.1851,0.9875,3.5649,3.9542,9.2595,1,0,0
-0.0327,0.1912,0.9824,4.9237,1.0534,11.9084,1,0,0
0.0359,0.1604,0.9675,10.1069,2.0992,6.0534,1,0,0
-0.0833,0.2554,0.9812,7.7939,-2.7176,7.6183,1,0,0
-0.0085,0.2222,0.9802,4.6412,-3.2214,6.2824,1,0,0
-0.0139,0.231,0.9893,1.8702,-3.5191,5.1145,1,0,0
0.0039,0.2424,0.9924,0.7939,-3.3435,2.6718,1,0,0
-0.0095,0.2471,0.9927,-0.7557,-3.1908,0.771,1,0,0
-0.0054,0.249,0.9944,-3.4198,-3.1756,-1.1985,1,0,0
-0.0056,0.2458,0.9875,-5.8168,-4.0076,-2.9008,1,0,0
-0.0037,0.2283,0.9954,-7.8092,-4.5802,-4.4733,1,0,0
-0.0056,0.1978,0.9919,-8.1985,-3.8244,-3.6031,1,0,0
0.0117,0.2102,1.0088,-7.5573,-2.313,-4.0763,1,0,0
0.0132,0.2341,1.0264,-6.4962,-0.3282,-5.8092,1,0,0
-0.012,0.2407,1.0149,-9.6489,1.2061,-6.8092,1,0,0
0.0095,0.2258,1.0295,-12.5191,1.8321,-6.2748,1,0,0
0.0076,0.1833,1.0247,-9.6031,2.5191,-5.1374,1,0,0
-0.0044,0.2117,1.0044,-6.1679,3.687,-6.6947,1,0,0
-0.0249,0.156,0.9998,-2.916,0.8473,-4.5573,1,0,0
-0.0159,0.2219,1.0059,-3.313,0.8931,-3.8321,1,0,0
-0.0181,0.2048,1.0015,-5.084,0.4351,-4.229,1,0,0
-0.0154,0.1919,1.0,-4.374,-0.626,-3.0992,1,0,0
-0.0068,0.1895,1.0205,-2.4733,-1.0763,-1.855,1,0,0
-0.0076,0.208,1.0176,-0.6183,-0.5649,-1.4275,1,0,0
-0.0044,0.2175,1.0068,-1.8397,-0.0611,-2.5496,1,0,0
-0.012,0.21,1.0027,-4.1985,-0.6718,-2.374,1,0,0
-0.0134,0.1936,1.0095,-5.0076,-0.9618,-1.3206,1,0,0
-0.0154,0.1665,1.0005,-2.8779,-2.1756,0.0534,1,0,0
-0.0142,0.1873,1.0044,-0.4427,-2.8473,0.1145,1,0,0
-0.0085,0.1909,1.0022,-0.229,-3.7481,0.4427,1,0,0
-0.0044,0.2019,0.9993,0.3282,-3.6183,0.313,0,0,0
-0.0032,0.208,1.0024,-0.5954,-3.084,-0.2061,0,0,0
-0.0024,0.1914,0.9985,-1.374,-3.0916,-0.145,0,0,0
-0.0076,0.1812,0.9973,-0.9618,-3.7481,-0.0916,0,0,0
-0.0061,0.1865,0.9897,-0.229,-4.5954,1.0763,0,0,0
-0.0134,0.2002,0.9788,-0.2443,-5.7634,1.2214,0,0,0
-0.0178,0.1965,0.9707,-1.0305,-8.7328,2.1527,0,0,0
-0.021,0.177,0.9697,0.4275,-12.855,3.4656,0,0,0
-0.0081,0.1941,0.9819,1.855,-15.9008,4.6107,0,0,0
-0.0137,0.2,0.9714,2.1908,-19.0611,4.4885,0,0,0
-0.0076,0.2168,0.9749,0.9618,-22.1985,4.4122,0,0,0
-0.0205,0.1982,0.9705,-0.9695,-24.6641,3.9008,0,0,0
0.0127,0.2185,0.9829,-2.3588,-26.8321,3.6412,0,0,0
0.0051,0.2056,0.9907,-1.8626,-29.1756,3.5115,0,0,0
0.01,0.198,0.9795,-1.2748,-31.374,4.1985,0,0,0
0.0271,0.1929,0.9783,-0.1832,-33.4275,5.1832,0,0,0
0.0381,0.1758,0.9927,1.9771,-35.0153,5.9924,0,0,0
0.0623,0.1743,1.0149,4.5191,-34.0611,7.0534,0,0,0
0.0786,0.1919,1.041,6.3282,-30.0534,7.1145,0,0,0
0.0598,0.2185,1.0276,4.2595,-26.6794,8.6489,0,0,0
0.0762,0.2136,1.0393,1.5725,-22.8397,8.4962,0,0,0
0.0835,0.2144,1.032,1.1069,-20.0687,8.2672,0,0,0
0.0767,0.209,1.0291,1.6336,-18.4733,7.458,0,0,0
0.0842,0.2056,1.0205,1.4122,-17.1832,6.9084,0,0,0
0.0859,0.2302,1.0112,1.5725,-17.2519,6.6183,0,0,0
0.0725,0.2297,1.0034,0.0458,-17.8855,6.5038,0,0,0
0.074,0.2161,0.9956,-0.3206,-18.5802,6.8779,0,0,0
0.0808,0.1958,1.009,1.1832,-19.3511,6.9924,0,0,0
0.104,0.2046,1.0193,2.0687,-17.458,7.7786,0,0,0
0.1069,0.189,1.0073,1.8168,-14.8626,8.771,0,0,0
0.1123,0.2036,1.0222,2.0,-12.0763,10.1679,0,0,0
0.1121,0.2261,1.0337,1.7557,-8.916,9.4733,0,0,0
0.1238,0.2498,1.0491,1.4351,-5.313,6.6565,0,0,0
0.1145,0.241,1.0444,2.084,-3.7405,3.9542,0,0,0
0.0845,0.2158,1.0505,4.2443,-2.4351,5.7481,0,0,0
0.0876,0.2283,1.0237,7.9542,-3.6565,9.4427,0,0,0
0.1064,0.2249,1.0107,7.5267,-5.0763,11.7099,0,0,0
0.2031,0.2671,1.0129,7.5191,-0.1298,4.4427,1,0,0
0.0149,0.1938,0.9766,3.0992,-1.8015,5.771,1,0,0
0.1326,0.2817,0.9844,-1.6183,-6.2748,4.5725,1,0,0
0.1052,0.2288,0.9988,-5.1832,-7.3206,2.4351,1,0,0
0.1243,0.2395,1.0168,-6.9618,-5.8473,0.9695,1,0,0
0.136,0.2363,1.0374,-6.5954,-2.7176,-1.5267,1,0,0
0.1206,0.2461,1.0347,-6.4809,0.8702,-3.3664,1,0,0
0.1213,0.2527,1.031,-7.6183,2.8397,-4.8397,1,0,0
0.1152,0.2527,1.022,-8.8855,4.2977,-6.7481,1,0,0
0.1123,0.2458,1.0178,-12.1832,5.0916,-7.3893,1,0,0
0.115,0.2173,1.0261,-13.1679,6.2748,-8.0611,1,0,0
0.1194,0.2114,1.0359,-10.1679,6.9542,-9.4656,1,0,0
0.1118,0.1936,1.0002,-7.5038,8.5573,-12.4046,1,0,0
0.0935,0.178,1.0039,-3.6412,8.5573,-6.6489,1,0,0
0.0864,0.23,1.0061,-1.6107,6.7405,-4.2824,1,0,0
0.0872,0.2129,1.0046,-2.6565,4.9618,-4.6718,1,0,0
0.0842,0.198,0.9978,-2.5649,2.8397,-2.3206,1,0,0
0.0891,0.2166,1.0095,-0.6031,1.9695,-1.145,1,0,0
0.0894,0.2271,1.0022,-0.2901,1.1374,-1.0687,1,0,0
0.085,0.228,0.9822,-1.0076,-0.374,-1.4275,1,0,0
0.0928,0.209,0.9885,-0.9924,-1.9084,-1.9695,1,0,0
0.0974,0.2063,1.0049,-0.4275,-1.9618,-1.4962,1,0,0
0.0959,0.2102,0.9951,-0.4504,-1.5115,-1.145,0,0,0
0.0989,0.2134,1.0066,-1.7786,-1.3206,-1.0229,0,0,0
0.1084,0.1982,1.0154,-1.8779,-0.4198,-1.0916,0,0,0
0.1011,0.2183,1.0181,-1.0076,1.6031,-1.084,0,0,0
0.0977,0.2441,0.9998,-2.9008,1.8473,-2.1145,0,0,0
0.0923,0.2346,1.0029,-5.6641,1.3588,-2.9008,0,0,0
0.0972,0.2239,1.0063,-6.7328,1.6183,-4.1985,0,0,0
0.0872,0.21,0.998,-6.7939,1.4885,-3.9847,0,0,0
0.0879,0.1807,1.0027,-4.0534,1.0916,-2.1908,0,0,0
0.085,0.2009,1.0032,-1.3969,1.0229,-1.9389,0,0,0
0.0881,0.2192,0.9956,-1.5038,0.5496,-3.1756,0,0,0
0.0908,0.2065,1.0002,-2.374,0.4198,-4.1145,0,0,0
0.0952,0.2048,1.0039,-3.0916,1.4046,-4.2748,0,0,0
0.1008,0.2124,0.9968,-5.2061,1.0611,-4.0076,0,0,0
0.095,0.1868,1.0061,-6.084,0.7252,-2.855,0,0,0
0.093,0.1863,1.002,-5.458,1.7634,-2.0534,0,0,0
0.0886,0.2063,0.9919,-6.6336,1.8473,-2.5191,0,0,0
0.0845,0.2,0.9922,-8.4809,0.771,-2.8626,0,0,0
0.0796,0.1946,0.9985,-9.3588,-0.6336,-2.4504,0,0,0
0.0771,0.1477,1.0076,-7.7634,-0.4198,-1.0992,0,0,0
0.093,0.1118,1.0068,-1.1145,-0.4351,2.9389,0,0,0
0.0884,0.1875,0.9963,5.6641,-0.4275,3.9466,0,0,0
0.0796,0.228,0.9785,4.4351,-1.0382,2.3282,0,0,0
0.0752,0.2195,0.9822,1.4275,-2.8473,1.2443,0,0,0
0.0833,0.1968,0.9973,0.1221,-2.6183,1.8015,0,0,0
0.0891,0.1919,1.0012,0.5954,-2.3435,2.4885,0,0,0
0.0906,0.1965,0.9873,1.2443,-2.5267,3.5878,0,0,0
0.0945,0.2039,0.9929,0.7328,-3.084,3.4809,0,0,0
0.0977,0.22,0.9922,-0.6718,-3.2137,2.9389,0,0,0
0.0999,0.2058,0.9905,-2.4275,-3.3817,2.8702,0,0,0
0.0945,0.1997,0.9924,-3.0076,-4.3588,4.0687,0,0,0
0.0986,0.1873,0.9966,-1.9389,-4.9771,4.7023,0,0,0
0.0901,0.1963,0.9883,-0.8397,-6.4885,6.0992,0,0,0
0.0974,0.1943,0.9814,0.2824,-7.6489,6.687,0,0,0
0.1016,0.1941,0.9807,1.229,-8.4733,6.6031,0,0,0
0.1003,0.2,0.9924,1.1527,-9.0916,5.8168,0,0,0
0.0952,0.2136,0.9875,0.5267,-9.3511,6.2977,0,0,0
0.1025,0.1855,0.9841,-0.3282,-10.229,6.1985,0,0,0
0.1135,0.1953,0.9912,0.8626,-10.3664,6.8779,0,0,0
0.1128,0.1987,0.9814,1.0763,-10.7252,6.687,0,0,0
0.1106,0.2058,0.9829,0.1069,-11.1985,6.2443,0,0,0
0.1165,0.2021,0.9929,-0.0076,-11.0916,7.0382,0,0,0
0.1167,0.2175,1.0,-0.1756,-11.229,6.9618,0,0,0
0.1218,0.2283,0.9873,-0.7405,-11.374,6.9771,0,0,0
0.1111,0.1973,0.9919,-0.7252,-11.3053,7.229,0,0,0
0.1179,0.2075,0.9919,-0.3282,-10.8397,8.0,0,0,0
0.1272,0.2144,0.9912,-0.0611,-10.771,7.6336,0,0,0
0.1252,0.2236,0.9958,0.084,-10.3511,6.6107,0,0,0
0.1309,0.2205,0.9954,0.8015,-10.2748,6.0992,0,0,0
0.1301,0.2288,1.001,1.4351,-9.8779,5.8473,0,0,0
0.1301,0.2324,1.0002,0.8015,-9.4351,5.3588,0,0,0
0.135,0.2302,0.9939,0.6183,-9.3664,4.4046,0,0,0
0.1279,0.2351,0.9956,-0.8931,-10.2748,4.3664,0,0,0
0.127,0.2192,0.9932,-2.5038,-10.9695,4.4198,0,0,0
0.137,0.2031,1.0039,-2.2061,-11.916,4.7176,0,0,0
0.1379,0.1982,0.9973,-0.0534,-11.8931,5.2901,0,0,0
0.1465,0.2109,0.9993,1.1832,-12.8473,6.6565,0,0,0
0.1455,0.2053,0.9946,2.0229,-12.6336,6.8092,0,0,0
0.1492,0.2307,0.998,1.771,-13.2595,6.2214,0,0,0
0.1523,0.229,0.989,0.1145,-13.4809,5.0458,0,0,0
0.1565,0.2229,1.0015,-0.5954,-14.1756,4.5573,0,0,0
0.1523,0.2175,0.9993,-1.3664,-14.6107,4.5878,0,0,0
0.1548,0.2068,1.0017,-1.5954,-16.084,5.6183,0,0,0
0.1587,0.2126,1.0059,-1.4198,-16.3053,5.3588,0,0,0
0.1616,0.2041,0.9995,0.1908,-16.0687,5.4504,0,0,0
0.1748,0.2178,0.9873,0.6107,-16.1298,4.7863,0,0,0
0.1782,0.1919,1.0085,2.9466,-15.5496,4.1374,0,0,0
0.1733,0.2012,0.9836,2.9389,-14.7557,3.1069,0,0,0
0.1833,0.1956,0.9839,1.2366,-15.9924,3.4809,0,0,0
0.1768,0.1646,0.9971,1.6718,-16.1527,6.3893,0,0,0
0.2,0.1792,1.0002,3.3053,-15.6336,8.6565,0,0,0
0.1926,0.2058,1.0017,4.084,-15.084,10.1374,0,0,0
0.1882,0.2136,1.0005,2.3588,-14.5115,10.2748,0,0,0
0.1948,0.218,1.0,0.9771,-13.4885,9.9008,0,0,0
0.2083,0.228,0.9946,0.1069,-12.4427,9.5802,0,0,0
0.2007,0.2292,0.999,-0.2901,-12.0,8.0992,0,0,0
0.207,0.2329,0.9797,-1.6489,-11.6107,8.0305,0,0,0
0.2061,0.2219,0.9839,-2.0763,-11.6718,7.2748,0,0,0
0.2041,0.219,0.9858,-2.6947,-11.7023,7.0763,0,0,0
0.2051,0.2039,0.9976,-2.7023,-9.9924,6.2137,0,0,0
0.2068,0.2046,0.9927,-1.0992,-8.1985,6.4504,0,0,0
0.2107,0.2361,1.0022,0.3053,-7.3817,5.9618,0,0,0
0.2061,0.251,0.9983,-1.1603,-7.374,5.4046,0,0,0
0.2014,0.2336,0.9951,-1.3893,-7.9847,4.7939,0,0,0
0.2056,0.238,0.9968,-0.5954,-7.8168,4.6718,0,0,0
0.2134,0.2268,0.9883,-0.9847,-7.9618,4.2519,0,0,0
0.2163,0.2212,0.9822,-1.3664,-7.9237,3.3511,0,0,0
0.22,0.2158,0.9866,-2.1756,-7.9237,2.8779,0,0,0
0.2297,0.2109,0.988,-2.9084,-7.9695,3.1374,0,0,0
0.2322,0.2112,0.9966,-2.2519,-7.8168,3.5725,0,0,0
0.2261,0.2109,0.9912,-2.1832,-6.9542,3.1832,0,0,0
0.2375,0.1987,1.0183,-0.2137,-5.626,3.5267,0,0,0
0.2378,0.2131,1.0093,1.542,-3.3206,3.5573,0,0,0
0.2393,0.2183,0.999,2.5802,-2.3664,4.1221,0,0,0
0.219,0.2224,0.99,3.3817,-1.7786,4.626,0,0,0
0.2336,0.2493,0.9873,2.8244,-1.5344,3.6641,0,0,0
0.228,0.25,0.9802,1.4046,-1.8626,1.687,0,0,0
0.2368,0.2288,0.9778,0.3282,-1.7634,0.5115,0,0,0
0.2334,0.2183,0.9822,1.3817,-1.1527,0.4122,0,0,0
0.2312,0.2173,0.9819,1.1832,-0.5115,0.6718,0,0,0
0.2239,0.2178,0.9714,0.9695,-0.7023,0.7176,0,0,0
0.2278,0.1914,0.9771,0.6412,-1.5573,3.2214,0,0,0
0.2175,0.186,0.9856,3.7023,-2.7023,6.3664,0,0,0
0.2346,0.2166,0.9961,5.5344,-1.8092,9.5191,1,0,0
0.2349,0.2429,0.99,5.1145,-1.0611,10.6031,1,0,0
0.3042,0.2654,0.9795,4.5191,2.8931,4.7099,1,0,0
0.1899,0.179,0.9644,3.0,0.9618,5.6718,1,0,0
0.2307,0.2959,0.9473,-0.5573,-1.0229,3.6412,1,0,0
0.2212,0.2351,0.9673,-3.8626,-3.3969,0.1527,1,0,0
0.238,0.2302,0.9893,-3.9008,-2.1069,-1.2977,1,0,0
0.2349,0.2214,0.9905,-2.1298,-0.2595,-2.7557,1,0,0
0.2292,0.2393,0.9771,-2.7634,0.8626,-3.2901,1,0,0
0.2302,0.238,0.969,-4.7863,-0.3511,-3.5115,1,0,0
0.241,0.2246,0.9832,-6.9542,-0.7405,-3.3435,1,0,0
0.2417,0.2219,1.0017,-8.2519,-0.0916,-3.0229,1,0,0
0.2363,0.2253,1.0029,-9.6183,1.2519,-3.8168,1,0,0
0.2329,0.2266,0.988,-11.4885,2.6641,-4.3206,1,0,0
0.2722,0.22,1.0112,-12.6336,7.5344,-5.8626,1,0,0
0.2129,0.1567,0.97,-6.1985,4.5191,-4.8473,1,0,0
0.2183,0.2195,0.9829,-4.1221,2.7405,-3.9847,1,0,0
0.2166,0.2151,0.9866,-3.7634,2.0382,-4.0534,1,0,0
0.2141,0.2048,0.9741,-2.374,0.8168,-3.8321,1,0,0
0.219,0.2095,0.9832,-1.1069,-0.1985,-3.2672,1,0,0
0.2241,0.2136,0.9807,-0.687,-0.7099,-3.6107,1,0,0
0.2239,0.2129,0.9888,-0.626,-1.5115,-3.4962,1,0,0
0.2195,0.2061,0.9846,-0.3969,-1.7252,-3.2595,1,0,0
0.2249,0.2034,0.9854,-0.4962,-1.4962,-2.5725,1,0,0
0.2329,0.217,0.991,-1.1985,-1.1985,-1.8779,0,0,0
0.2285,0.2109,0.9839,-1.8397,-1.1985,-1.1985,0,0,0
0.2292,0.2205,0.9905,-2.145,-0.4733,-1.0763,0,0,0
0.2246,0.2212,0.9839,-2.5954,-0.3588,-0.8702,0,0,0
0.2251,0.2239,0.9839,-2.687,0.5267,-1.0992,0,0,0
0.2209,0.22,0.9834,-2.5115,0.3817,-1.7481,0,0,0
0.2229,0.2187,0.9814,-2.1374,0.2977,-1.9084,0,0,0
0.2229,0.2263,0.9788,-2.1832,0.0458,-2.1756,0,0,0
0.2278,0.2344,0.9802,-3.5649,-0.0305,-3.4885,0,0,0
0.2227,0.1985,0.9797,-4.6489,-0.7099,-1.7405,0,0,0
0.2322,0.1787,1.0005,-1.7786,0.1832,0.1603,0,0,0
0.228,0.2212,0.9917,-0.5191,1.5954,0.4046,0,0,0
0.2288,0.231,0.9863,-2.7481,1.3893,-1.0076,0,0,0
0.2361,0.2317,0.9958,-4.7557,1.916,-1.7863,0,0,0
0.2327,0.217,0.9907,-6.4122,3.145,-2.6794,0,0,0
0.2322,0.2222,1.0034,-7.1527,3.8092,-2.9008,0,0,0
0.228,0.2144,1.0168,-6.4733,6.458,-3.5115,0,0,0
0.2385,0.2166,1.0393,-5.6107,10.2595,-4.3435,0,0,0
0.2437,0.2139,1.053,-5.5954,15.5725,-4.8244,0,0,0
0.2446,0.2212,1.0522,-6.1298,21.0153,-4.3588,0,0,0
0.2351,0.2346,1.0493,-7.7176,25.0076,-3.2901,0,0,0
0.2344,0.1914,1.0405,-7.9695,29.3435,-3.1679,0,0,0
0.2097,0.2156,1.0112,-6.0534,31.1221,-3.4809,0,0,0
0.2048,0.2021,1.0037,-6.229,31.0687,-3.8092,0,0,0
0.2002,0.2039,1.0107,-6.542,30.8244,-3.5573,0,0,0
0.186,0.2173,1.0,-7.9084,31.8321,-3.8397,0,0,0
0.1833,0.2192,0.9932,-10.4122,32.2366,-4.3664,0,0,0
0.1804,0.1848,1.0039,-10.771,32.374,-4.1374,0,0,0
0.1702,0.1504,1.009,-8.2519,32.0992,-1.855,0,0,0
0.1553,0.1321,1.0112,-2.9847,34.0611,1.3206,0,0,0
0.1565,0.1877,1.0107,0.1832,35.1374,4.1527,0,0,0
0.1228,0.1953,0.9697,0.7557,32.1832,6.1832,0,0,0
0.1045,0.2043,0.9578,-1.3435,26.9771,8.145,0,0,0
0.1028,0.1997,0.9463,-0.9008,20.8321,8.8015,0,0,0
0.1091,0.1846,0.9338,1.5496,14.2824,8.4427,0,0,0
0.1155,0.2085,0.9331,2.6031,9.8702,6.4809,0,0,0
0.1003,0.2043,0.9426,2.0687,5.8855,4.8473,0,0,0
0.1074,0.187,0.9424,1.7176,2.374,6.3206,0,0,0
0.1614,0.1838,0.9651,3.1069,2.771,2.9847,1,0,0
0.0916,0.2019,0.9653,2.9084,1.4198,4.1145,1,0,0
0.1301,0.2236,0.9705,1.229,0.1908,2.5191,1,0,0
0.1238,0.2151,0.98,0.4198,-0.6641,0.2366,1,0,0
0.1301,0.2107,0.9873,0.5191,0.4198,-0.4504,1,0,0
0.1379,0.2312,0.9893,-0.8168,1.5725,-1.2366,1,0,0
0.1309,0.2314,0.9856,-3.9542,2.374,-2.2137,1,0,0
0.1296,0.2341,0.9905,-8.1832,2.8092,-3.0458,1,0,0
0.1296,0.2124,0.9988,-11.3664,3.2901,-3.0229,1,0,0
0.1274,0.1924,0.9985,-10.7252,4.3282,-3.2443,1,0,0
0.1262,0.1975,0.9976,-9.2748,5.0992,-3.0611,1,0,0
0.1145,0.1934,0.9893,-8.7176,3.6718,-3.458,1,0,0
0.1311,0.1873,1.0037,-7.0763,3.6031,-5.4351,1,0,0
0.1191,0.1782,0.9851,-4.5802,4.3053,-6.8015,1,0,0
0.1262,0.1736,0.978,-1.0076,2.771,-3.7786,1,0,0
0.1057,0.2241,0.989,-2.1221,1.2519,-4.4809,1,0,0
0.1077,0.1956,0.9792,-4.3664,-0.8168,-5.0,1,0,0
0.1128,0.1851,0.9934,-4.1756,-2.2595,-3.855,1,0,0
0.1099,0.189,0.9917,-3.1603,-3.2214,-2.8015,1,0,0
0.1121,0.1941,0.9944,-2.3511,-4.4427,-2.1069,1,0,0
0.1128,0.2004,0.9912,-1.5649,-5.8779,-2.084,1,0,0
0.0972,0.1785,0.9858,-1.5649,-6.7328,-1.8855,1,0,0
0.1233,0.199,1.0059,-1.9847,-6.5115,-1.4809,1,0,0
0.1296,0.2026,1.0088,-2.2824,-5.374,-2.145,1,0,0
0.134,0.2004,1.0105,-2.4885,-4.5878,-2.7939,1,0,0
0.1294,0.1814,1.0193,-2.3435,-4.5649,-1.9313,0,0,0
0.1379,0.1934,1.0308,-1.145,-3.6565,-0.3817,0,0,0
0.1387,0.2161,1.0166,-2.0229,-1.542,-0.7634,0,0,0
0.1311,0.2246,1.0173,-4.4656,-0.855,-2.1679,0,0,0
0.1255,0.2024,1.0076,-6.229,-1.2977,-3.0076,0,0,0
0.1284,0.1794,1.0095,-5.4122,-0.5649,-2.1374,0,0,0
0.1265,0.1824,1.0083,-2.9847,-0.0916,-1.5725,0,0,0
0.1206,0.2078,1.0012,-2.916,-0.7786,-1.8702,0,0,0
0.1145,0.21,1.0017,-4.626,-1.8702,-3.626,0,0,0
0.1323,0.207,1.0178,-4.7328,-1.5649,-4.6794,0,0,0
0.1311,0.1863,1.0144,-4.6031,-1.0305,-4.4351,0,0,0
0.1301,0.179,1.0105,-3.458,-0.5267,-3.5344,0,0,0
0.1228,0.1958,0.9932,-3.5038,-0.5725,-3.9771,0,0,0
0.1201,0.2061,0.9971,-5.313,-1.542,-4.3359,0,0,0
0.1206,0.1892,1.0002,-7.229,-2.4656,-4.9924,0,0,0
0.1272,0.1746,1.0129,-7.2519,-3.1679,-3.7023,0,0,0
0.1345,0.1511,1.0242,-3.6183,-1.8321,-1.4122,0,0,0
0.1309,0.1646,1.0105,-0.5115,-0.2595,-0.6565,0,0,0
0.1277,0.1792,1.0027,-0.2595,0.229,-0.5038,0,0,0
0.124,0.1838,1.0142,-0.6641,-0.1298,0.084,0,0,0
0.1272,0.1816,1.0129,-1.0763,-0.1374,-0.1603,0,0,0
0.126,0.1885,1.0061,-1.5267,-0.1832,-0.542,0,0,0
0.1226,0.1841,0.9958,-2.1832,-0.8473,-0.8168,0,0,0
0.1213,0.1885,1.0127,-3.3282,-1.4351,-0.916,0,0,0
0.1211,0.1863,1.0037,-4.542,-1.4351,-1.0611,0,0,0
0.1235,0.166,1.0144,-5.3817,-0.9924,-0.2595,0,0,0
0.1318,0.1296,1.011,-1.1527,0.6031,2.0992,0,0,0
0.1284,0.1665,1.0107,3.8092,2.2443,2.5878,0,0,0
0.1147,0.1912,0.9922,3.7634,0.916,2.7405,0,0,0
0.1204,0.2039,0.9993,3.0153,-0.0916,2.0076,0,0,0
0.1208,0.2148,1.0051,1.4198,-0.4198,0.8321,0,0,0
0.1267,0.2122,1.0,-1.2443,-0.7176,0.4427,0,0,0
0.1248,0.186,1.0042,-2.4351,-0.0458,-0.0992,0,0,0
0.1318,0.1726,1.0076,-1.0687,0.9847,0.4809,0,0,0
0.1233,0.1919,1.0012,-0.7634,1.4046,0.2061,0,0,0
0.1216,0.2104,0.9858,-2.8702,0.0382,-0.2519,0,0,0
0.1282,0.2043,1.0032,-4.9237,-1.1221,-0.2595,0,0,0
0.1289,0.1917,1.0,-5.0763,-1.0534,-0.1221,0,0,0
0.1235,0.1914,0.9932,-4.855,-1.2061,-0.2214,0,0,0
0.1206,0.1863,0.9973,-3.8779,-1.0992,0.1221,0,0,0
0.1274,0.1936,1.002,-2.2137,-0.5344,0.2748,0,0,0
0.1257,0.2151,0.9922,-1.7557,-0.542,-0.5496,0,0,0
0.123,0.2253,0.9924,-2.7863,-1.1145,-1.8092,0,0,0
0.1294,0.2207,0.9927,-3.2595,-1.0,-2.5191,0,0,0
0.1267,0.2124,0.9968,-2.7481,-0.4351,-3.5725,0,0,0
0.1313,0.2229,0.9827,-3.0305,-0.5115,-4.4809,0,0,0
0.1331,0.2166,0.9858,-4.1374,-1.5954,-5.4504,0,0,0
0.1326,0.2236,0.9844,-4.9542,-2.2977,-6.4122,0,0,0
0.1272,0.2236,0.9834,-5.8397,-3.2519,-8.3282,0,0,0
0.1301,0.2214,0.9866,-5.7099,-4.1221,-10.7252,0,0,0
0.1311,0.2236,0.9897,-4.6565,-4.4427,-13.4122,0,0,0
0.1387,0.239,1.0093,-3.4809,-4.1145,-17.2977,0,0,0
0.1484,0.2454,1.0183,-0.8244,-2.8321,-23.855,0,0,0
0.1423,0.2468,1.0176,2.0916,-0.8015,-30.0305,0,0,0
0.1499,0.2312,1.0273,5.5038,2.4809,-35.3435,0,0,0
0.1733,0.2163,1.0505,9.6565,7.9542,-35.8168,0,0,0
0.1575,0.2454,1.0452,11.3435,12.7328,-34.3435,0,0,0
0.1343,0.2556,1.0259,10.5191,13.6794,-34.2824,0,0,0
0.1262,0.2275,1.0164,6.8244,14.4962,-35.1985,0,0,0
0.1072,0.21,1.0117,3.9313,14.5115,-33.2595,0,0,0
0.1101,0.1787,1.0125,3.1221,14.6031,-29.8244,0,0,0
0.0964,0.1663,1.0,2.916,14.3511,-25.5802,0,0,0
0.0898,0.1602,0.9963,3.084,12.1298,-21.542,0,0,0
0.0872,0.1699,0.9939,3.2824,8.8244,-17.6489,0,0,0
0.0786,0.1638,0.9983,3.8168,5.7634,-13.3206,0,0,0
0.0742,0.1768,1.001,3.2824,3.0305,-10.1908,0,0,0
0.0854,0.1807,1.01,2.2214,1.1145,-7.8626,0,0,0
0.0869,0.1777,1.0103,1.3664,-0.3817,-7.1679,0,0,0
0.0935,0.1804,1.0188,1.0687,-0.8015,-6.1145,0,0,0
0.0876,0.1824,1.0225,1.4962,-1.1908,-5.1908,0,0,0
0.0889,0.1897,1.0239,1.9084,-0.8626,-4.3588,0,0,0
0.0828,0.1929,1.0159,1.2901,-0.7405,-3.1145,0,0,0
0.0828,0.2087,1.0188,1.1374,-0.1985,-2.916,0,0,0
0.0806,0.1943,1.022,1.1221,0.8015,-3.1527,0,0,0
0.0898,0.2014,1.0242,1.687,2.4122,-2.7328,0,0,0
0.0818,0.2019,1.0154,2.6412,3.2901,-1.9618,0,0,0
0.0745,0.2136,0.9956,1.1374,2.7939,-1.7099,0,0,0
0.0767,0.2256,0.9944,-1.4504,1.6641,-2.4275,0,0,0
0.075,0.2229,0.9963,-3.7176,1.2366,-2.9618,0,0,0
0.0757,0.2097,0.9978,-4.8779,0.7328,-3.2977,0,0,0
0.085,0.2043,0.998,-4.9084,1.084,-2.8626,0,0,0
0.0803,0.2109,0.9951,-4.5267,1.1603,-3.1679,0,0,0
0.0854,0.2141,1.001,-5.1374,0.9389,-3.9313,0,0,0
0.094,0.2112,1.0117,-4.5878,2.3817,-4.8244,0,0,0
0.095,0.2021,1.0132,-2.1832,4.0229,-6.9618,0,0,0
0.092,0.2161,1.011,0.7252,4.8244,-8.7939,0,0,0
0.084,0.2117,0.9919,1.9313,5.7252,-10.1221,0,0,0
0.0771,0.2241,0.9946,1.542,5.542,-9.8702,0,0,0
0.0903,0.2427,0.9941,0.6718,4.9771,-11.0,0,0,0
0.0776,0.2478,0.9844,0.5725,4.2061,-13.1145,0,0,0
0.0791,0.2256,0.9902,0.8626,3.6565,-15.1145,0,0,0
0.0764,0.2314,0.9902,1.9008,2.7405,-15.8779,0,0,0
0.0693,0.2219,0.9854,3.1069,2.1221,-15.4427,0,0,0
0.0635,0.231,0.9861,3.8168,0.6183,-14.0153,0,0,0
0.0674,0.2449,0.9836,4.8702,-0.9084,-14.4504,0,0,0
0.0679,0.2498,0.9832,5.8702,-2.1908,-16.6565,0,0,0
0.0559,0.2507,0.9797,6.5573,-3.6336,-17.8702,0,0,0
0.0605,0.239,0.9751,7.0611,-6.0763,-16.9695,0,0,0
0.0605,0.2393,0.9761,7.5649,-8.3817,-15.7863,0,0,0
0.0625,0.2427,0.9746,7.916,-11.1679,-15.6031,0,0,0
0.0671,0.2515,0.9792,8.2214,-12.9542,-15.5191,0,0,0
0.0652,0.251,0.9666,7.9389,-14.3817,-17.145,0,0,0
0.0745,0.2473,0.9834,7.9084,-15.771,-16.8244,0,0,0
0.0835,0.2581,0.998,8.9924,-16.4275,-16.9924,0,0,0
0.0818,0.2495,0.9956,10.4504,-15.5191,-16.8626,0,0,0
0.0793,0.2551,0.9875,12.0382,-15.5573,-16.6183,0,0,0
0.0835,0.2568,0.9854,13.1221,-16.084,-17.3969,0,0,0
0.0933,0.2607,0.9937,13.626,-15.4733,-17.1679,0,0,0
0.0913,0.2646,0.9919,14.2443,-14.7481,-18.6031,0,0,0
0.0906,0.2693,0.9875,14.1756,-14.3359,-19.3206,0,0,0
0.0859,0.2651,0.9705,13.0458,-15.229,-20.6183,0,0,0
0.1018,0.2646,0.9812,11.3893,-15.313,-19.771,0,0,0
0.1038,0.2517,0.9888,9.2595,-15.0534,-16.8015,0,0,0
0.1152,0.2542,1.0027,7.0763,-12.3588,-12.2977,0,0,0
0.1118,0.2527,1.0,6.2977,-9.916,-8.9542,0,0,0
0.113,0.2664,0.9888,5.1221,-7.9237,-8.7176,0,0,0
0.1116,0.2576,0.9846,2.8015,-6.6565,-8.0153,0,0,0
0.1052,0.2593,0.9783,2.4656,-6.4351,-6.4809,0,0,0
0.1104,0.2542,0.9763,2.5267,-6.2748,-5.2977,0,0,0
0.1104,0.2654,0.981,1.6031,-5.6489,-4.3664,0,0,0
0.1055,0.2666,0.9822,0.1756,-5.2901,-3.8397,0,0,0
0.1082,0.2832,0.9827,-1.3664,-4.8702,-4.0916,0,0,0
0.1138,0.2754,0.9941,-3.3282,-4.229,-4.4504,0,0,0
0.1121,0.2632,0.9875,-5.0534,-3.6794,-3.9008,0,0,0
0.1121,0.2563,0.9927,-6.1221,-3.4198,-3.2366,0,0,0
0.1035,0.2532,0.9956,-6.0229,-3.2672,-2.3053,0,0,0
0.105,0.2517,0.999,-5.0458,-2.8855,-1.3664,0,0,0
0.106,0.2485,1.0002,-3.8321,-2.4656,-0.4046,0,0,0
0.106,0.2542,1.0066,-2.4656,-1.6794,-0.2748,0,0,0
0.1055,0.2646,0.9988,-1.9695,-1.6031,-0.8015,0,0,0
0.0955,0.2798,0.9951,-3.3511,-1.9008,-1.0153,0,0,0
0.0935,0.282,1.0039,-5.2901,-3.2214,-1.9237,0,0,0
0.1021,0.2822,1.0112,-5.9008,-3.3817,-2.8702,0,0,0
0.1057,0.2659,1.0154,-5.6489,-2.3435,-3.7328,0,0,0
0.1084,0.2463,1.0232,-4.6641,-0.5573,-3.1527,0,0,0
0.1128,0.2432,1.0276,-2.7405,1.2519,-2.0458,0,0,0
0.1123,0.2617,1.0278,-1.2214,2.7023,-1.5573,0,0,0
0.1167,0.2729,1.0088,-1.5496,2.9008,-1.9542,0,0,0
0.1096,0.2754,1.0239,-2.2061,2.9924,-1.6794,0,0,0
0.1062,0.2749,1.0146,-3.3588,3.5267,-2.3359,0,0,0
0.1104,0.2761,1.0081,-4.4122,3.542,-2.7557,0,0,0
0.1077,0.2847,1.0093,-5.7557,3.3282,-4.229,0,0,0
0.1062,0.2668,1.0105,-5.3282,3.8702,-4.8779,0,0,0
0.1035,0.2517,1.0083,-3.6947,4.4885,-4.1756,0,0,0
0.0967,0.2605,1.0056,-1.9237,5.1603,-3.5954,0,0,0
0.0923,0.2664,1.0061,-1.5115,5.0916,-2.9237,0,0,0
0.0996,0.2649,0.9971,-1.313,4.7328,-2.1832,0,0,0
0.0989,0.2717,0.9976,-1.8397,4.8779,-1.8244,0,0,0
0.1028,0.2727,0.9937,-3.5115,5.3588,-1.8244,0,0,0
0.1006,0.2651,0.9998,-5.1374,5.5496,-2.0534,0,0,0
0.0981,0.2585,0.9922,-5.2443,5.7099,-2.1908,0,0,0
0.0984,0.2524,0.9915,-4.626,5.9008,-2.0763,0,0,0
0.0933,0.2502,0.9844,-4.6718,6.2519,-1.4427,0,0,0
0.0955,0.2454,0.9836,-5.2824,5.9695,-0.5573,0,0,0
0.094,0.2378,0.9949,-5.5267,6.6107,1.229,0,0,0
0.0874,0.2434,0.9814,-4.4809,6.8015,2.4427,0,0,0
0.084,0.25,0.978,-3.7405,6.5649,2.3206,0,0,0
0.0754,0.2615,0.9744,-3.0763,5.8168,1.0763,0,0,0
0.0752,0.2456,0.9692,-2.8931,4.4962,0.5191,0,0,0
0.0754,0.2434,0.9705,-2.6107,3.5802,1.3435,0,0,0
0.0754,0.2539,0.9705,-2.8321,2.4504,1.6183,0,0,0
0.0779,0.2478,0.9771,-5.374,1.5191,2.0305,0,0,0
0.0803,0.2397,0.9834,-6.313,1.2748,2.6183,0,0,0
0.0869,0.2322,0.9915,-5.1679,1.916,2.6031,0,0,0
0.0896,0.2314,0.989,-2.9008,2.3588,2.8779,0,0,0
0.0862,0.2224,0.9858,-1.5038,3.0687,4.1832,0,0,0
0.0852,0.2341,0.9812,0.2672,3.3511,5.7634,0,0,0
0.0859,0.2417,0.9792,0.1756,3.5649,5.3053,0,0,0
0.0808,0.2483,0.9717,-1.5344,2.0611,5.5649,0,0,0
0.0747,0.2463,0.9707,-2.9313,0.4198,6.5954,0,0,0
0.0789,0.2446,0.9734,-4.9542,-1.2443,7.7939,0,0,0
0.0876,0.2271,0.9851,-6.3817,-1.7634,9.374,0,0,0
0.0942,0.2112,0.9897,-6.7786,-0.4427,12.2824,0,0,0
0.0974,0.1958,0.9939,-5.9924,1.3206,16.1832,0,0,0
0.0911,0.2183,0.9868,-5.3359,2.2595,19.9847,0,0,0
0.0884,0.262,0.9805,-6.916,1.8779,19.1527,0,0,0
0.0833,0.269,0.9697,-8.2748,0.1832,15.7786,0,0,0
0.0771,0.2588,0.9766,-7.6183,-1.1069,13.2137,0,0,0
0.0876,0.249,0.9854,-5.0153,-1.0687,12.1298,0,0,0
0.0884,0.2373,0.9854,-1.9847,-0.6489,11.7405,0,0,0
0.0854,0.2629,0.9844,-0.9542,-0.2977,11.0153,0,0,0
0.0769,0.2593,0.9919,-1.6489,-0.6412,11.5344,0,0,0
0.0813,0.2546,0.9929,-3.1832,-0.6489,12.3817,0,0,0
0.0833,0.2546,0.9839,-5.1756,-1.1756,14.1221,0,0,0
0.0872,0.2644,0.9834,-6.4351,-1.7481,14.4504,0,0,0
0.0898,0.2598,0.981,-7.3893,-2.3893,12.7328,0,0,0
0.0854,0.2524,0.9819,-8.1985,-3.0992,11.626,0,0,0
0.0854,0.2449,0.9937,-6.6412,-3.1603,11.5954,0,0,0
0.0957,0.2292,0.9927,-3.8168,-2.8931,10.4427,0,0,0
0.1018,0.2539,0.9993,-0.7252,-2.7176,9.6794,0,0,0
0.0967,0.2632,1.0012,0.0992,-2.8779,9.7405,0,0,0
0.0918,0.2808,1.0032,-1.0687,-3.0916,9.8168,0,0,0
0.0955,0.2842,1.0032,-2.8015,-3.3893,8.2519,0,0,0
0.0898,0.2886,1.0051,-4.0687,-3.7176,5.8779,0,0,0
0.1003,0.269,1.0083,-4.6565,-4.0229,3.8168,0,0,0
0.1033,0.2566,1.0151,-3.4122,-3.2748,2.8168,0,0,0
0.1074,0.2549,1.0173,-2.1298,-1.7939,3.0076,0,0,0
0.114,0.2571,1.0164,-2.3511,-0.2137,3.0534,0,0,0
0.1147,0.2612,1.0198,-2.626,0.9466,3.0153,0,0,0
0.1084,0.2573,1.0059,-3.1145,0.916,2.8855,0,0,0
0.1035,0.2571,1.0012,-4.1298,1.3435,3.0611,0,0,0
0.1072,0.2407,1.002,-5.2672,0.4427,3.6718,0,0,0
0.1042,0.2344,1.0127,-5.6107,1.1527,4.855,0,0,0
0.1079,0.2273,1.009,-5.3511,1.9389,6.8702,0,0,0
0.1084,0.2305,1.002,-4.1374,2.1374,7.7634,0,0,0
0.1006,0.2512,0.9968,-3.8321,1.0534,7.7099,0,0,0
0.0972,0.2505,1.0093,-5.2061,0.3664,7.5649,0,0,0
0.0986,0.2527,1.0085,-6.1679,0.0992,7.4427,0,0,0
0.1038,0.2498,1.0078,-6.7023,0.542,6.5725,0,0,0
0.1094,0.2505,1.01,-7.2672,0.8855,5.5725,0,0,0
0.1038,0.2371,1.0107,-7.6641,2.0153,5.3206,0,0,0
0.1062,0.2361,1.0139,-8.1069,2.7634,6.0992,0,0,0
0.103,0.2236,1.0088,-7.5267,3.9084,7.0305,0,0,0
0.0996,0.2351,0.9963,-6.6031,4.5954,7.2977,0,0,0
0.1023,0.2283,0.9907,-7.4885,3.9313,7.8015,0,0,0
0.1021,0.2185,0.9839,-8.2137,3.2748,7.916,0,0,0
0.0986,0.2075,0.9934,-9.1908,3.2595,9.1603,0,0,0
0.1052,0.2102,0.9883,-10.4885,2.8779,10.084,0,0,0
0.1016,0.2166,0.9937,-12.0076,2.1985,10.7557,0,0,0
0.0935,0.2122,0.9902,-13.7481,1.4809,11.0305,0,0,0
0.1067,0.2004,0.9973,-14.8015,1.1221,11.8855,0,0,0
0.1006,0.1819,1.0,-14.1221,1.6412,13.5878,0,0,0
0.1084,0.1765,1.0117,-12.6336,2.4122,14.3969,0,0,0
0.1096,0.1819,1.0049,-11.2214,3.8473,15.3893,0,0,0
0.1045,0.1863,1.0002,-10.6947,5.0382,15.2061,0,0,0
0.1023,0.1885,0.9873,-11.2366,5.2595,15.0992,0,0,0
0.0935,0.1885,0.9897,-11.3893,4.1679,15.0611,0,0,0
0.0906,0.1863,0.9873,-10.9618,3.2977,15.1298,0,0,0
0.0862,0.1985,0.9817,-11.2137,1.5649,14.8092,0,0,0
0.0947,0.1968,0.9951,-11.7863,0.3969,14.8244,0,0,0
0.0955,0.1904,0.9995,-11.5191,0.1832,14.7939,0,0,0
0.0947,0.1885,0.9966,-10.8702,1.0153,14.2901,0,0,0
0.0969,0.1929,0.9985,-10.5878,1.6565,13.7557,0,0,0
0.085,0.1985,0.9912,-9.4504,0.6183,12.5344,0,0,0
0.0913,0.1995,0.9895,-9.229,-0.5115,10.9237,0,0,0
0.0901,0.1877,0.9929,-9.0687,-2.2061,9.2824,0,0,0
0.0972,0.1853,0.9968,-8.0229,-2.7099,7.313,0,0,0
0.1003,0.1792,0.9956,-6.7786,-3.1069,6.8244,0,0,0
0.0967,0.179,0.9956,-5.5878,-3.8015,6.4656,0,0,0
0.0967,0.1807,1.0002,-4.1603,-4.3969,5.4427,0,0,0
0.0994,0.1887,1.0103,-1.8092,-4.7252,3.2061,0,0,0
0.1047,0.1846,1.0125,0.9084,-4.542,1.2214,0,0,0
0.1025,0.2007,1.0044,3.7786,-4.2366,0.1527,0,0,0
0.103,0.2222,1.0068,4.2824,-4.6183,-1.6107,0,0,0
0.0979,0.2231,1.0093,3.458,-5.2901,-3.9389,0,0,0
0.1106,0.2224,1.0183,3.6107,-5.5038,-5.8855,0,0,0
0.1135,0.2095,1.0225,4.2748,-4.5954,-8.4275,0,0,0
0.1189,0.2119,1.0295,4.9618,-2.8397,-8.6641,0,0,0
0.1177,0.2126,1.0286,4.6183,-2.1374,-7.5191,0,0,0
0.1189,0.2217,1.0227,3.8168,-0.8321,-9.6031,0,0,0
0.1169,0.2285,1.0273,4.3588,-1.542,-11.5191,0,0,0
0.1106,0.2134,1.0229,5.0229,0.1374,-12.9771,0,0,0
0.105,0.1875,1.0139,7.3053,1.0,-11.6565,0,0,0
0.1179,0.2036,1.0176,9.0992,1.0992,-11.145,0,0,0
0.0991,0.2139,1.0085,9.5878,0.8244,-10.7786,0,0,0
0.104,0.2273,1.0095,9.2977,0.1832,-11.5344,0,0,0
0.115,0.251,1.0237,9.5649,-0.145,-15.4198,0,0,0
0.1116,0.2593,1.0222,10.4809,-0.1985,-20.8015,0,0,0
0.1016,0.2622,1.0134,10.7481,-0.458,-24.5649,0,0,0
0.1067,0.2314,1.0183,10.6183,-0.5725,-25.3893,0,0,0
0.1113,0.2192,1.0195,11.4962,-0.1756,-23.9542,0,0,0
0.1072,0.2,1.0244,11.9313,1.5191,-19.7634,0,0,0
0.0986,0.21,1.0088,10.5725,2.5496,-15.2519,0,0,0
0.0869,0.2375,0.998,6.4427,2.1832,-12.6412,0,0,0
0.0903,0.2417,0.99,1.7863,0.855,-12.3588,0,0,0
0.0945,0.2297,0.991,-1.0992,-0.6641,-12.0763,0,0,0
0.0925,0.2156,0.9988,-0.5649,-1.6718,-11.9466,0,0,0
0.0999,0.2124,0.9958,1.0763,-2.3282,-11.2137,0,0,0
0.1016,0.2144,0.9988,2.374,-2.3282,-10.542,0,0,0
0.1006,0.2129,1.0103,3.2977,-1.3282,-9.5649,0,0,0
0.1018,0.2249,1.0002,3.2519,-0.2061,-8.2443,0,0,0
0.0901,0.2263,0.9961,1.916,0.313,-7.6489,0,0,0
0.0913,0.2217,0.9944,0.9389,-0.1908,-7.3893,0,0,0
0.0881,0.2229,0.9863,-0.5649,-0.916,-6.5954,0,0,0
0.0972,0.2112,0.9846,-1.0305,-1.5878,-5.3664,0,0,0
0.1003,0.2036,0.9878,-0.687,-1.1221,-4.1527,0,0,0
0.0964,0.2056,0.9753,-0.2901,-1.1069,-3.3053,0,0,0
0.0979,0.2219,0.9709,-0.4809,-1.6412,-3.3588,0,0,0
0.0981,0.2234,0.9712,-0.4809,-2.7099,-4.1603,0,0,0
0.0845,0.2212,0.9758,-0.7252,-3.2061,-4.2977,0,0,0
0.092,0.2139,0.9687,-1.0076,-3.7176,-3.7634,0,0,0
0.0845,0.2207,0.9756,-0.1374,-4.2366,-3.626,0,0,0
0.0833,0.2224,0.9746,-0.0992,-5.1908,-3.8473,0,0,0
0.0847,0.2144,0.9907,0.6336,-5.7481,-3.0076,0,0,0
0.0984,0.2085,0.9932,1.8855,-5.4122,-1.8397,0,0,0
0.0986,0.2378,0.9917,1.9313,-5.1679,-1.2824,0,0,0
0.1047,0.239,0.9939,-0.4504,-4.9389,-1.6489,0,0,0
0.1023,0.2334,1.0002,-2.6031,-4.7863,-2.2366,0,0,0
0.1052,0.2305,0.9917,-3.4504,-4.2672,-1.5649,0,0,0
0.1011,0.2239,0.9924,-4.4427,-4.8168,-1.3893,0,0,0
0.1016,0.2214,0.9932,-4.1832,-5.1069,-1.2901,0,0,0
0.1018,0.2126,1.0017,-2.9237,-4.229,-0.9389,0,0,0
0.1011,0.2134,0.9998,-0.2672,-2.8779,-0.3588,0,0,0
0.1001,0.229,0.9993,1.5649,-2.2366,-0.1221,0,0,0
0.0979,0.2449,0.98,1.1221,-3.229,-1.1298,0,0,0
0.094,0.2405,0.9836,-0.6031,-4.7405,-0.626,0,0,0
0.0996,0.2424,0.9915,-1.4962,-5.8244,-0.374,0,0,0
0.1082,0.2217,0.9902,-2.5496,-6.6794,-0.4122,0,0,0
0.1101,0.2427,0.999,-2.9924,-6.3893,-0.916,0,0,0
0.1191,0.2544,1.0188,-3.7405,-5.1985,-1.6107,0,0,0
0.1167,0.2253,1.0283,-3.4198,-3.916,-1.8779,0,0,0
0.1133,0.2234,1.0117,-0.6107,-2.2366,-1.5573,0,0,0
0.1045,0.239,1.0002,1.3282,-2.084,-1.8015,0,0,0
0.103,0.2432,0.9961,0.9847,-3.7328,-1.7176,0,0,0
0.1062,0.2507,0.9949,1.2748,-4.9084,-1.6794,0,0,0
0.114,0.2627,1.0112,0.5649,-5.5496,-2.1527,0,0,0
0.1172,0.2659,1.0049,-0.8626,-5.5649,-3.5191,0,0,0
0.1233,0.2458,1.0098,-1.6336,-4.8168,-4.0534,0,0,0
0.1206,0.2319,1.0183,-1.1069,-2.8779,-4.2519,0,0,0
0.1257,0.2322,1.0161,-0.542,-1.145,-3.7328,0,0,0
0.1155,0.2354,1.0085,-0.5725,-0.771,-3.0305,0,0,0
0.1079,0.2449,0.999,-1.1603,-1.9313,-2.4122,0,0,0
0.1091,0.2451,0.9824,-1.8397,-2.9542,-2.145,0,0,0
0.1162,0.2383,0.9978,-1.084,-3.9771,-2.4427,0,0,0
0.1265,0.2305,1.0022,0.3817,-3.4198,-2.6031,0,0,0
0.1262,0.2329,1.0078,1.5344,-2.4427,-2.5344,0,0,0
0.125,0.2356,1.0088,1.9771,-1.1221,-2.8473,0,0,0
0.1165,0.2371,1.0,1.6565,-0.9389,-2.7099,0,0,0
0.1162,0.2441,0.9915,0.7634,-1.3511,-1.9771,0,0,0
0.1157,0.2507,0.9966,-0.6183,-1.7176,-1.084,0,0,0
0.1201,0.2517,1.0007,-2.229,-1.1908,-0.4427,0,0,0
0.1177,0.2429,0.9995,-2.8092,-0.8779,-0.1374,0,0,0
0.1191,0.2422,0.9919,-2.9008,-0.0153,-0.8244,0,0,0
0.1165,0.2419,0.9924,-2.0916,-0.0687,-1.7176,0,0,0
0.1057,0.2395,0.9937,-1.4656,-0.5802,-1.9389,0,0,0
0.1172,0.2417,0.9949,-0.5267,-1.084,-1.8397,0,0,0
0.116,0.2415,0.9954,-1.0534,-1.3893,-1.0076,0,0,0
0.1213,0.2375,1.0024,-2.0153,-1.1069,-0.6947,0,0,0
0.125,0.2363,1.0034,-2.4733,-0.1527,-0.3893,0,0,0
0.1191,0.2402,1.0,-2.7634,0.7328,-0.5725,0,0,0
0.1106,0.2363,0.9956,-3.1756,0.3664,-0.771,0,0,0
0.1101,0.2256,0.9878,-2.9618,0.1832,-1.0,0,0,0
0.1128,0.2214,0.9951,-1.6031,0.1527,-0.3817,0,0,0
0.1116,0.2349,0.9929,-0.2901,0.0153,-0.8092,0,0,0
0.1089,0.2261,0.9949,0.2672,-0.0916,0.1298,0,0,0
0.103,0.2234,1.0076,2.6107,-0.6641,0.9542,0,0,0
0.0918,0.2166,0.9795,5.4427,-3.2595,1.3817,0,0,0
0.0757,0.2415,0.9875,5.9695,-4.6718,0.8397,0,0,0
0.1038,0.2009,0.9846,7.3664,-5.7557,5.1527,0,0,0
0.1311,0.2041,0.9917,9.9542,-7.5802,9.8244,0,0,0
0.1621,0.2551,0.9951,8.6947,-3.6947,10.2366,0,0,0
0.2019,0.2058,0.9832,12.1908,3.6718,-0.4809,0,0,0
0.0081,0.2944,0.9663,6.2977,-1.0992,2.7328,0,0,0
0.1589,0.2539,0.9727,4.0763,-1.687,1.1145,0,0,0
0.0942,0.2615,0.9756,3.8473,-3.374,-0.2137,1,0,0
0.1301,0.2666,0.9875,3.5267,-3.2061,-1.2748,1,0,0
0.1167,0.2656,0.9766,3.0687,-3.1069,-2.2366,1,0,0
0.1182,0.2686,0.9858,1.9237,-3.1985,-2.6489,1,0,0
0.1233,0.2693,0.9915,0.3435,-2.5878,-2.3511,1,0,0
0.1284,0.2629,0.9963,-1.3511,-1.4656,-2.0229,1,0,0
0.1401,0.2505,0.9954,-1.6565,-0.0458,-1.0153,1,0,0
0.1401,0.2598,0.9968,-1.8321,1.8092,-0.8168,1,0,0
0.1401,0.27,0.9919,-3.2672,2.3588,-0.8397,1,0,0
0.1379,0.2664,1.0046,-4.5191,3.8092,-0.8321,1,0,0
0.1323,0.2666,0.9875,-6.1069,4.374,-0.3588,1,0,0
0.116,0.2671,0.9851,-7.6718,3.1527,-0.2824,1,0,0
0.0938,0.2534,0.9783,-8.1603,1.4122,-2.1832,1,0,0
0.1165,0.2537,0.9807,-7.7328,0.4046,-2.7023,1,0,0
0.1057,0.2476,0.9739,-6.458,-0.6794,-2.4733,1,0,0
0.0925,0.2373,0.9734,-4.3053,-1.7634,-1.626,1,0,0
0.1023,0.2385,0.9844,-1.5573,-2.1756,-1.229,1,0,0
0.1018,0.241,0.9897,1.8855,-2.687,-0.916,1,0,0
0.1143,0.2544,0.9836,4.9542,-2.9542,-0.9695,1,0,0
0.1243,0.2751,0.9893,3.6183,-2.7023,-1.1221,1,0,0
0.1238,0.2751,0.9971,1.5344,-2.855,-1.7176,1,0,0
0.1211,0.2646,0.9966,0.0534,-2.5573,-2.0611,1,0,0
0.1248,0.2703,0.9978,-1.4733,-2.4275,-1.5267,1,0,0
0.1326,0.272,1.0002,-3.2901,-2.3206,-2.0534,1,0,0
0.1348,0.2739,1.0051,-5.1221,-1.3817,-2.7328,1,0,0
0.1333,0.2615,1.0066,-6.6947,-0.3359,-3.1298,1,0,0
0.1326,0.2488,0.9956,-7.4122,0.3359,-3.0229,1,0,0
0.1223,0.2302,0.991,-6.7023,0.1374,-2.0763,1,0,0
0.1177,0.2346,1.0046,-4.7328,-0.4427,-1.3359,1,0,0
0.1226,0.2446,0.9973,-2.855,0.1679,-1.4962,1,0,0
0.1208,0.2424,1.0112,-1.2519,0.6031,-1.5802,1,0,0
0.1255,0.2476,1.0066,0.4733,2.145,-1.9847,1,0,0
0.115,0.262,1.0,1.4962,3.0229,-3.1221,1,0,0
0.1116,0.2751,0.9846,-0.2366,2.3817,-2.5267,1,0,0
0.1094,0.2737,0.9961,-2.3817,1.313,-2.9771,1,0,0
0.1169,0.2607,0.9888,-4.4656,0.7176,-2.2901,1,0,0
0.1208,0.2598,0.9929,-6.1527,0.7176,-1.7481,1,0,0
0.124,0.2515,1.0068,-6.9008,1.1756,-2.1908,1,0,0
0.1243,0.2566,1.0125,-7.0916,2.7328,-2.5878,1,0,0
0.124,0.2429,1.0115,-6.1679,4.1221,-3.4733,1,0,0
0.1199,0.2493,1.0095,-4.8168,5.5954,-4.0076,1,0,0
0.1177,0.2407,0.999,-3.7939,5.9542,-4.3282,1,0,0
0.1108,0.2319,0.9983,-3.1603,5.8321,-3.4656,1,0,0
0.1057,0.2239,0.989,-2.0992,5.1756,-2.8779,1,0,0
0.1064,0.2271,0.9727,-1.9847,3.8702,-2.0382,1,0,0
0.1089,0.2122,0.9731,-2.0763,2.5725,-1.5802,1,0,0
0.106,0.2061,0.9749,-1.5573,1.5649,-0.542,1,0,0
0.1067,0.2146,0.9712,-0.7099,0.0382,1.1069,1,0,0
0.1055,0.2361,0.9753,-1.2901,-1.0611,1.6412,1,0,0
0.1111,0.2463,0.9873,-1.855,-1.0992,1.7023,1,0,0
0.1077,0.2642,0.9919,-2.6947,-0.6947,1.4504,1,0,0
0.104,0.2656,0.9934,-3.5344,0.229,0.4351,1,0,0
0.1038,0.2625,0.9944,-3.8702,0.7099,-0.4733,1,0,0
0.105,0.2605,0.9875,-4.2977,1.3053,-1.3511,1,0,0
0.115,0.2437,0.9929,-3.4809,1.6107,-2.0076,1,0,0
0.1121,0.2273,0.991,-2.1145,2.5878,-1.7099,1,0,0
0.0986,0.2129,0.9792,0.4198,1.7252,-0.0153,1,0,0
0.0957,0.2468,0.968,0.3511,-0.0458,0.5191,1,0,0
0.0962,0.26,0.9883,-1.855,-1.5802,0.4809,1,0,0
0.1125,0.2625,1.0117,-3.542,-0.8168,-0.3206,1,0,0
0.1216,0.2605,1.0178,-4.6336,0.9466,-1.5649,1,0,0
0.1255,0.2524,1.0352,-5.0534,3.7176,-2.1069,1,0,0
0.125,0.2466,1.0376,-5.7786,6.6641,-3.1069,1,0,0
0.1213,0.2595,1.0271,-6.7557,9.7557,-3.6947,1,0,0
0.1074,0.2483,1.0156,-7.4046,10.9847,-4.0611,1,0,0
0.1074,0.2273,1.0122,-6.3282,11.1603,-4.542,1,0,0
0.0996,0.217,1.0088,-4.313,10.2977,-3.6794,1,0,0
0.0969,0.2507,1.0034,-2.3893,9.7023,-3.0992,1,0,0
0.0881,0.2578,0.9993,-2.458,9.7557,-3.7481,1,0,0
0.0835,0.2654,1.0017,-3.0458,9.8931,-3.7939,1,0,0
0.0835,0.2505,1.0076,-3.6641,10.4504,-4.3511,1,0,0
0.0854,0.2668,1.0061,-3.771,10.3817,-5.1832,1,0,0
0.0891,0.2771,1.0078,-4.4198,10.7176,-6.7939,1,0,0
0.0801,0.2683,1.0098,-5.0534,11.0763,-7.3664,1,0,0
0.0828,0.2573,1.0159,-5.0305,12.6947,-7.8397,1,0,0
0.0798,0.2417,1.022,-4.771,13.6489,-8.0076,1,0,0
0.0757,0.2214,1.0281,-2.6641,15.2061,-7.2977,1,0,0
0.0732,0.2312,0.9883,-4.1145,13.8244,-5.7786,1,0,0
0.064,0.2461,0.9895,-3.3817,11.6794,-5.4198,1,0,0
0.0649,0.2378,0.9988,-1.9389,10.5344,-5.2824,1,0,0
0.0693,0.2478,0.9954,-0.4351,9.9618,-5.542,1,0,0
0.0627,0.2524,0.9854,-0.6794,9.9695,-5.4275,1,0,0
0.0571,0.2449,0.9814,-2.5267,9.374,-5.8015,1,0,0
0.0608,0.231,0.9724,-3.9618,8.5191,-5.4962,1,0,0
0.0586,0.2236,0.968,-4.3435,7.1221,-4.5191,1,0,0
0.0471,0.2285,0.9639,-4.687,5.0,-3.313,1,0,0
0.0542,0.2224,0.9656,-4.5954,3.0382,-2.0305,1,0,0
0.052,0.2273,0.9695,-3.9542,1.626,-0.8015,1,0,0
0.0527,0.2271,0.9802,-2.8015,0.855,-0.8855,1,0,0
0.0571,0.2292,0.9771,-0.5267,0.9542,-1.6031,1,0,0
0.0574,0.2402,0.9731,0.2519,0.916,-2.4809,1,0,0
0.0547,0.2524,0.9727,-0.7481,0.5725,-3.1985,1,0,0
0.0518,0.2532,0.9807,-2.8092,0.2901,-3.6489,1,0,0
0.0505,0.2427,0.9802,-5.4733,0.0611,-3.9389,1,0,0
0.0486,0.2502,0.979,-8.4046,-0.8702,-4.3664,1,0,0
0.0432,0.2498,0.97,-12.6336,-2.374,-4.7252,1,0,0
0.0513,0.2466,0.968,-16.2061,-3.7557,-5.5267,1,0,0
0.0635,0.2649,0.9961,-20.3206,-3.9618,-8.5573,1,0,0
0.0544,0.2449,0.9565,-24.0229,-4.229,-12.7557,1,0,0
0.0439,0.1467,0.97,-23.4885,-8.2061,-9.2748,1,0,0
0.0491,0.1758,0.9868,-19.8931,-9.5878,-8.3664,1,0,0
0.0552,0.1846,0.9917,-14.9084,-9.2977,-8.9924,1,0,0
0.0479,0.1782,0.9927,-10.1603,-9.6794,-8.1069,1,0,0
0.054,0.1719,0.9934,-3.8015,-9.6565,-8.0305,1,0,0
0.0496,0.1851,0.99,2.6183,-9.6565,-7.687,1,0,0
0.0435,0.2363,0.9834,6.4885,-11.6412,-9.8015,1,0,0
0.041,0.261,0.9687,7.2824,-14.5649,-14.4885,1,0,0
0.0352,0.2412,0.9758,7.145,-17.5649,-16.5267,0,0,0
0.064,0.231,1.0027,7.5191,-18.4504,-14.5725,0,0,0
0.0771,0.2437,1.0205,6.4809,-17.0229,-13.3969,0,0,0
0.0823,0.2649,1.032,4.313,-14.8092,-13.4046,0,0,0
0.0818,0.2649,1.0359,1.4122,-11.8473,-15.0229,0,0,0
0.0859,0.2407,1.0542,0.8092,-8.4198,-16.5802,0,0,0
0.0857,0.2366,1.0386,4.4885,-5.5496,-16.6412,0,0,0
0.082,0.2554,1.0278,9.2366,-5.1374,-19.0611,0,0,0
0.0791,0.2683,1.0166,11.7939,-4.9389,-20.8931,0,0,0
0.0681,0.2813,1.0088,12.5573,-5.9618,-22.5649,0,0,0
0.0835,0.252,1.0308,12.5267,-5.9695,-22.5344,0,0,0
0.0786,0.2798,1.0254,11.3817,-4.626,-23.4046,0,0,0
0.083,0.2639,1.0188,10.3053,-3.4656,-24.0992,0,0,0
0.0854,0.2815,1.0378,9.6031,-2.3206,-27.4198,0,0,0
0.0928,0.2732,1.0256,12.2443,-1.8626,-31.4885,0,0,0
0.0728,0.2571,1.0205,16.7634,-0.4733,-33.8092,0,0,0
0.0754,0.2629,1.0171,19.6718,0.9847,-32.4885,0,0,0
0.0681,0.2778,1.0154,19.6794,2.0763,-30.374,0,0,0
0.0701,0.3064,1.0078,17.5038,2.7481,-29.7252,0,0,0
0.0693,0.3169,1.012,14.9008,2.3511,-32.4809,0,0,0
0.0706,0.3069,0.9973,12.1221,2.5878,-37.1298,0,0,0
0.0635,0.2908,1.0071,10.8473,2.5496,-39.0382,0,0,0
0.071,0.2478,1.0107,12.8244,4.2977,-37.4733,0,0,0
0.0649,0.2532,0.9915,13.5267,5.6718,-32.9389,0,0,0
0.0566,0.2891,0.9866,12.2748,5.7939,-29.6412,0,0,0
0.0476,0.3132,0.9836,8.9695,5.5344,-29.1221,0,0,0
0.0476,0.3259,0.9858,5.9695,5.0076,-32.0,0,0,0
0.0454,0.3127,0.9858,3.4046,4.2137,-33.5954,0,0,0
0.0581,0.2927,0.9956,2.7099,5.5649,-33.5802,0,0,0
0.0471,0.2764,1.0061,3.6794,7.6489,-31.4198,0,0,0
0.0583,0.304,1.0071,2.0305,8.6183,-31.5496,0,0,0
0.0498,0.2898,1.0156,0.6794,11.4122,-32.3893,0,0,0
0.0605,0.2864,1.0103,-0.313,15.458,-31.2443,0,0,0
0.0471,0.269,1.0134,0.3435,17.771,-29.2595,0,0,0
0.0381,0.2927,1.0083,-0.7099,19.4809,-26.4962,0,0,0
0.0059,0.2512,1.0115,-0.6641,21.6031,-26.6489,0,0,0
0.0251,0.3228,1.0022,-1.3359,21.5344,-27.1069,0,0,0
0.0151,0.3162,0.9868,-2.916,21.3969,-29.9237,0,0,0
0.0088,0.2805,0.988,-5.2214,20.6641,-29.2748,0,0,0
0.0095,0.2727,0.9978,-6.0534,21.6031,-28.2519,0,0,0
-0.0022,0.2827,1.0015,-6.7328,22.0611,-27.0992,0,0,0
-0.0073,0.2798,1.0105,-6.9695,23.2748,-27.3282,0,0,0
-0.022,0.27,0.9983,-6.5267,24.4351,-26.6031,0,0,0
-0.0313,0.2632,0.988,-5.6794,24.1679,-25.4046,0,0,0
-0.0188,0.2432,0.9905,-4.8244,25.0305,-23.2901,0,0,0
-0.0344,0.2236,0.9724,-3.9008,23.771,-20.4198,0,0,0
-0.0593,0.2146,0.9709,-3.0305,22.8092,-17.0076,0,0,0
-0.0676,0.2092,0.9626,-2.4885,21.1832,-13.3664,0,0,0
-0.0833,0.1953,0.9553,-1.0992,17.9618,-6.916,0,0,0
-0.0879,0.1941,0.9429,2.084,13.5038,1.0534,0,0,0
-0.0874,0.1824,0.9248,6.0305,8.9084,8.771,0,0,0
-0.082,0.2283,0.9272,8.7863,3.0763,12.145,0,0,0
0.001,0.2603,0.9314,11.687,2.1832,2.9618,0,0,0
-0.1338,0.2258,0.9331,14.1527,-1.6412,5.1527,0,0,0
-0.0403,0.3342,0.9221,9.2519,-5.855,4.5344,1,0,0
-0.0769,0.2979,0.9304,3.4504,-7.7557,3.916,1,0,0
-0.0679,0.3044,0.9431,-3.1908,-9.2443,4.6794,1,0,0
-0.0603,0.3096,0.9514,-7.855,-11.145,3.5649,1,0,0
-0.0449,0.3096,0.9707,-13.0763,-12.1221,2.9771,1,0,0
-0.0251,0.292,0.9917,-18.0305,-11.084,1.7023,1,0,0
-0.0286,0.2817,0.9937,-20.916,-9.5573,2.6641,1,0,0
-0.0242,0.26,1.0044,-21.2824,-6.8473,3.7939,1,0,0
-0.0251,0.2268,0.9995,-15.9008,-5.0305,3.7939,1,0,0
-0.0349,0.231,0.9851,-9.1298,-3.8855,3.7786,1,0,0
-0.03,0.2766,0.9771,-3.5802,-1.855,1.3282,1,0,0
-0.0508,0.25,0.9543,-0.1527,-4.0458,0.6031,1,0,0
-0.0547,0.2781,0.9717,0.145,-6.5344,2.6641,1,0,0
-0.0491,0.3201,0.9731,-3.0687,-7.3282,1.313,1,0,0
-0.0479,0.3057,0.9736,-7.9008,-9.313,1.1832,1,0,0
-0.0547,0.2805,0.9717,-10.7634,-10.6947,2.3969,1,0,0
-0.0356,0.2678,1.001,-10.1298,-10.6947,5.2977,1,0,0
-0.0303,0.2742,1.0149,-6.6565,-9.0687,5.3893,1,0,0
-0.0273,0.2817,0.999,-2.1832,-7.0458,3.4656,1,0,0
-0.0352,0.2893,0.9961,0.1221,-6.3664,1.855,1,0,0
-0.0369,0.2869,0.9966,1.7252,-6.145,1.3969,1,0,0
-0.0337,0.3044,1.0017,0.542,-6.1298,1.4504,1,0,0
-0.0298,0.3125,0.9983,-1.6794,-6.9618,1.1527,1,0,0
-0.0251,0.3123,1.0022,-2.7252,-6.9924,0.0534,1,0,0
-0.0188,0.3062,1.0137,-3.1298,-6.5267,-0.542,1,0,0
-0.021,0.2976,1.0203,-3.084,-5.4733,-0.9008,1,0,0
-0.021,0.2981,1.0176,-1.229,-3.8473,-0.4275,1,0,0
-0.019,0.3215,1.0061,0.0611,-2.9466,-2.4733,1,0,0
-0.0278,0.3254,0.9995,-0.6489,-2.9924,-4.4351,1,0,0
-0.0256,0.3132,1.0027,-1.542,-3.0229,-5.9237,1,0,0
-0.0254,0.3174,1.0002,-2.7939,-2.6107,-6.2443,1,0,0
-0.0286,0.303,0.9944,-2.0992,-2.5649,-6.6336,1,0,0
-0.0247,0.3118,0.991,-1.2672,-2.542,-8.2061,1,0,0
-0.0269,0.3174,0.9878,-1.3053,-2.6718,-10.6412,1,0,0
-0.0305,0.3242,0.998,-2.1145,-2.9237,-12.8168,1,0,0
-0.0295,0.3171,0.99,-3.2901,-3.1069,-16.0763,1,0,0
-0.0278,0.3008,0.9929,-2.5344,-3.6565,-17.6489,1,0,0
-0.0303,0.2861,1.0002,-0.7634,-3.687,-17.9695,1,0,0
-0.0269,0.2776,1.0059,1.2519,-2.9847,-18.4122,1,0,0
-0.0283,0.2896,1.0122,2.4733,-1.6489,-20.2519,0,0,0
-0.0254,0.2654,1.011,4.8473,-0.313,-21.5954,0,0,0
-0.0339,0.2866,1.0005,6.687,0.084,-21.2137,0,0,0
-0.0381,0.3074,0.9834,7.4198,-0.855,-22.8626,0,0,0
-0.0454,0.304,0.9763,6.4656,-2.9008,-24.6947,0,0,0
-0.0408,0.2937,0.9758,5.1985,-5.1221,-26.4046,0,0,0
-0.0396,0.2661,0.9841,4.4198,-6.0382,-25.6718,0,0,0
-0.0283,0.2605,1.0071,4.0534,-6.313,-23.5954,0,0,0
-0.0227,0.2566,1.0054,4.6718,-5.0229,-23.3282,0,0,0
-0.0239,0.2751,1.0107,4.5802,-4.1679,-23.6489,0,0,0
-0.033,0.269,1.0088,4.5191,-2.1603,-23.6412,0,0,0
-0.0254,0.2703,1.011,4.2748,-1.4122,-22.9542,0,0,0
-0.0203,0.259,1.01,3.0458,0.9084,-21.4427,0,0,0
-0.0425,0.2385,1.0242,2.3053,2.313,-17.1985,0,0,0
-0.0085,0.2908,1.0291,-1.3817,4.9847,-15.916,0,0,0
-0.0139,0.2996,1.0352,-5.3664,7.8244,-17.5267,0,0,0
-0.0168,0.293,1.04,-10.2137,10.6107,-18.1985,0,0,0
-0.0198,0.2678,1.0432,-13.4504,13.9695,-16.7405,0,0,0
-0.0291,0.2305,1.0269,-14.916,17.7557,-13.0305,0,0,0
-0.0408,0.2136,1.0056,-14.3053,20.313,-8.5038,0,0,0
-0.0559,0.2161,1.002,-13.145,19.3893,-4.3817,0,0,0
-0.0627,0.2229,1.0017,-9.3359,18.6718,-0.542,0,0,0
-0.0693,0.2363,0.9858,-3.1603,17.9008,1.7405,0,0,0
-0.0815,0.241,0.9612,-0.4275,16.5267,3.5496,0,0,0
-0.093,0.2297,0.9419,0.1527,13.6031,6.6183,0,0,0
-0.0947,0.2317,0.9329,-0.2901,9.1069,9.9313,0,0,0
-0.1018,0.2585,0.9226,-0.8397,3.6794,10.5496,1,0,0
-0.0332,0.2546,0.926,1.458,0.6031,2.6031,1,0,0
-0.114,0.2722,0.9524,0.7405,-3.7252,5.0,1,0,0
-0.0601,0.3079,0.9556,-1.8397,-5.4427,2.4122,1,0,0
-0.0762,0.2798,0.9675,-3.0458,-3.9542,2.6641,1,0,0
-0.0566,0.2813,0.9788,-4.5878,-2.4809,2.771,1,0,0
-0.0669,0.2896,0.9785,-6.4275,-1.3282,3.2748,1,0,0
-0.0515,0.2908,0.9807,-9.1679,-0.9847,3.4885,1,0,0
-0.052,0.3064,0.9778,-12.9084,-0.2901,2.4809,1,0,0
-0.0483,0.2949,0.9829,-16.5725,0.2901,1.0,1,0,0
-0.0623,0.2727,0.9771,-19.7786,0.7023,1.7176,1,0,0
-0.064,0.2424,0.9731,-18.7557,1.0305,3.313,1,0,0
-0.072,0.2446,0.9807,-14.6336,0.313,2.7023,1,0,0
-0.0815,0.2571,0.9639,-9.4962,1.0687,0.2824,1,0,0
-0.0813,0.2329,0.969,-4.687,-1.2366,0.3206,1,0,0
-0.0933,0.2568,0.9763,-1.7786,-2.8702,2.2824,1,0,0
-0.0793,0.2773,0.9861,0.2901,-3.9695,1.771,1,0,0
-0.0784,0.2788,0.9778,-0.8321,-5.5725,2.8779,1,0,0
-0.0791,0.2781,0.9915,-1.3511,-6.6794,4.229,1,0,0
-0.0825,0.2715,0.9875,-2.374,-6.6031,3.9618,1,0,0
-0.0642,0.2905,0.999,-3.9618,-5.9618,3.7023,1,0,0
-0.0596,0.2756,0.9983,-3.6718,-6.1298,2.0458,1,0,0
-0.0618,0.2708,0.9946,-3.8855,-6.458,2.0076,1,0,0
-0.0537,0.2527,0.9998,-3.1756,-6.4198,2.0916,1,0,0
-0.054,0.2456,0.9927,-2.0534,-6.145,2.7099,1,0,0
-0.0481,0.2629,0.9966,-0.5573,-5.9084,2.4275,1,0,0
-0.0486,0.2671,1.001,-0.145,-4.7405,1.374,1,0,0
-0.0481,0.2563,1.011,0.458,-4.229,1.2901,1,0,0
-0.0454,0.2607,1.0095,0.8397,-2.855,1.1527,1,0,0
-0.0574,0.2693,0.9961,0.5725,-2.4198,1.1221,1,0,0
-0.0496,0.2722,1.0046,-0.6183,-2.458,1.2901,1,0,0
-0.0557,0.2725,0.9973,-1.9313,-2.5344,1.145,1,0,0
-0.0508,0.2649,0.9954,-2.9847,-2.0305,1.1298,1,0,0
-0.0449,0.2637,1.0017,-3.6031,-2.1985,0.6641,1,0,0
-0.052,0.249,0.998,-3.5496,-1.7099,0.6107,1,0,0
-0.0313,0.2432,1.0105,-3.5344,-1.4046,1.542,1,0,0
-0.0278,0.2439,1.0137,-3.7863,-0.4733,1.3893,1,0,0
-0.0266,0.2451,1.0281,-5.0534,-0.0687,1.8244,1,0,0
-0.0164,0.23,1.0391,-6.4046,0.8168,1.9466,1,0,0
-0.01,0.2097,1.0464,-7.2443,2.7099,3.1603,1,0,0
0.0049,0.1987,1.0732,-7.4275,5.3969,5.4046,0,0,0
0.0051,0.2039,1.0781,-8.4809,9.0229,8.0382,0,0,0
0.0051,0.2095,1.0859,-10.8168,11.5878,9.5573,0,0,0
0.0002,0.2156,1.0911,-14.8168,15.1298,11.1679,0,0,0
0.0068,0.2087,1.1013,-18.8702,18.8168,11.916,0,0,0
-0.0039,0.1973,1.113,-22.1298,24.4046,12.1908,0,0,0
0.0146,0.1699,1.1323,-24.7099,31.5802,14.1374,0,0,0
-0.0049,0.1777,1.1335,-27.0229,39.0153,17.4885,0,0,0
-0.0156,0.179,1.1152,-31.8931,47.145,20.3893,0,0,0
-0.0552,0.1572,1.0808,-35.7863,51.7405,24.6412,0,0,0
-0.0752,0.1399,1.0786,-38.4656,54.5802,30.5954,0,0,0
-0.0884,0.1304,1.0474,-39.2214,55.8702,37.4198,0,0,0
-0.1089,0.1265,1.0186,-39.5344,55.7557,43.542,0,0,0
-0.0977,0.0935,1.0203,-41.0153,53.8473,50.8702,0,0,0
-0.1211,0.1255,1.0215,-41.6565,53.9466,59.2977,0,0,0
-0.1191,0.1624,1.0076,-42.8626,52.2672,60.916,0,0,0
-0.1292,0.1763,1.0027,-46.1985,50.7634,59.2061,0,0,0
-0.113,0.1475,1.0081,-49.3435,50.3359,61.2748,0,0,0
-0.1345,0.127,1.0073,-51.0763,50.4122,67.5344,0,0,0
-0.1467,0.1855,0.9785,-54.2519,47.0076,70.4733,0,0,0
-0.135,0.2395,0.9612,-60.3511,42.5725,64.2443,0,0,0
-0.1133,0.1802,0.9836,-65.397,40.4198,59.2748,0,0,0
-0.1392,0.186,0.9714,-67.0687,38.2748,59.771,0,0,0
-0.1355,0.1619,0.9475,-69.8397,36.3282,59.7405,0,0,0
-0.147,0.1501,0.9392,-71.7863,32.542,59.9695,0,0,0
-0.1584,0.137,0.9343,-73.9389,28.2977,60.0,0,0,0
-0.1394,0.1082,0.9639,-77.6031,28.313,61.687,0,0,0
-0.1636,0.1069,0.9583,-81.6947,27.3664,64.5725,0,0,0
-0.1909,0.105,0.9453,-85.916,24.3053,65.0305,0,0,0
-0.2068,0.1191,0.939,-91.0763,19.8015,61.0382,0,0,0
-0.2283,0.0989,0.9407,-95.626,13.9695,54.3817,0,0,0
-0.2102,0.0906,0.9604,-98.4351,10.0992,47.313,0,0,0
-0.2153,0.0618,0.9624,-99.8702,7.3206,41.8626,0,0,0
-0.2075,-0.0444,0.9919,-97.5115,6.2214,38.1374,0,0,0
-0.1987,-0.0645,1.0327,-92.8168,9.1145,38.1374,0,0,0
-0.2085,-0.0593,1.0369,-89.3359,11.7252,38.5496,0,0,0
-0.2322,-0.0442,1.033,-90.4275,12.2519,38.2748,0,0,0
-0.2312,-0.0745,1.0371,-93.7405,12.2824,36.5115,0,0,0
-0.2471,-0.1045,1.0317,-92.5802,11.1832,33.2443,0,0,0
-0.2583,-0.1169,1.0303,-88.7939,11.2443,29.2595,0,0,0
-0.2759,-0.1438,1.0266,-84.7557,9.7863,26.229,0,0,0
-0.2759,-0.1665,1.0374,-80.4809,8.9466,25.3206,0,0,0
-0.2808,-0.176,1.0437,-75.1374,7.5954,24.3893,0,0,0
-0.2905,-0.1494,1.0381,-71.3893,5.9466,22.687,0,0,0
-0.2761,-0.1831,1.043,-69.2366,4.0687,19.8397,0,0,0
-0.2441,-0.1848,1.075,-66.4122,5.0229,18.2748,0,0,0
-0.2322,-0.1926,1.0728,-64.5038,10.2443,18.916,0,0,0
-0.2471,-0.1711,1.0754,-62.6641,12.6565,18.6336,0,0,0
-0.2468,-0.1345,1.0713,-62.7099,15.8321,15.5573,0,0,0
-0.2361,-0.1689,1.0667,-61.4198,19.5649,11.1908,0,0,0
-0.22,-0.1689,1.0515,-58.145,23.6947,5.6794,0,0,0
-0.2161,-0.1785,1.0342,-55.2824,27.1908,0.229,0,0,0
-0.2273,-0.2058,1.011,-52.6489,29.084,-3.9313,0,0,0
-0.2483,-0.2454,0.9705,-48.5878,29.0534,-5.1832,0,0,0
-0.2561,-0.2329,0.9536,-41.5725,26.0229,-5.5038,0,0,0
-0.2402,-0.2158,0.9272,-36.5344,22.313,-6.6336,0,0,0
-0.2236,-0.2156,0.9116,-31.6031,18.1374,-10.0,0,0,0
-0.2056,-0.2007,0.9048,-27.4809,13.8244,-13.8626,0,0,0
-0.1895,-0.229,0.9128,-25.7405,11.1145,-16.5878,0,0,0
-0.1638,-0.2224,0.9275,-23.7939,14.9084,-17.2519,0,0,0
-0.1382,-0.2476,0.9329,-22.1298,22.4198,-17.8321,0,0,0
-0.1226,-0.2185,0.9119,-20.7023,31.2672,-20.1985,0,0,0
-0.1411,-0.2119,0.8782,-20.2137,39.9237,-24.4122,0,0,0
-0.1792,-0.2261,0.8193,-19.145,45.7405,-29.9771,0,0,0
-0.2317,-0.2202,0.7646,-17.9237,48.4122,-34.1298,0,0,0
-0.2651,-0.2444,0.7271,-16.9389,47.1374,-35.9771,0,0,0
-0.3137,-0.2935,0.7041,-14.3435,44.1603,-34.8397,0,0,0
-0.3582,-0.3174,0.6897,-10.4198,40.7481,-33.0687,0,0,0
-0.3948,-0.3486,0.7366,-2.771,39.1908,-33.4198,0,0,0
-0.4631,-0.446,0.7439,19.1908,38.9618,-45.8626,0,0,0
-0.5205,-0.5198,0.7451,48.771,41.4885,-51.2824,0,0,0
-0.5549,-0.5278,0.7244,81.3206,39.1985,-43.0687,0,0,0
-0.5837,-0.425,0.6819,105.0992,31.6031,-25.7939,0,0,0
-0.6167,-0.2456,0.7026,117.5649,15.1908,-8.2061,0,0,0
-0.6096,0.0405,0.7512,118.7023,-4.9924,-2.855,0,0,0
-0.5623,0.2144,0.8059,110.0534,-19.1145,-9.0,0,0,0
-0.4998,0.2688,0.873,102.5115,-28.3206,-30.7176,0,0,0
-0.4333,0.1804,0.9221,104.5954,-28.9084,-56.4275,0,0,0
-0.396,0.0894,0.9509,112.7176,-24.3282,-71.9618,0,0,0
-0.3857,0.0391,0.959,118.4962,-17.0687,-73.5573,0,0,0
-0.3674,0.0569,0.9424,112.3664,-8.8397,-69.2901,0,0,0
-0.4023,0.0842,0.8745,96.9542,-6.5038,-65.8702,0,0,0
-0.3447,0.1079,0.8484,73.3206,-9.3282,-64.9466,0,0,0
-0.3823,0.0854,0.8457,48.9313,-15.7557,-64.3283,0,0,0
-0.3662,0.0188,0.8374,31.3359,-23.9389,-68.771,0,0,0
-0.3394,-0.032,0.8391,23.2748,-33.9847,-73.8473,0,0,0
-0.2773,-0.1499,0.8594,21.5954,-43.0076,-75.9542,0,0,0
-0.2214,-0.2241,0.9395,24.7786,-45.5954,-67.7481,0,0,0
-0.2124,-0.165,0.9802,31.1985,-42.4885,-60.2901,0,0,0
-0.1936,-0.1304,1.0078,36.1756,-37.8702,-61.229,0,0,0
-0.2383,-0.1499,0.9924,37.5344,-35.2595,-63.4962,0,0,0
-0.2297,-0.1299,0.9939,37.1298,-35.9084,-62.0611,0,0,0
-0.2246,-0.1875,0.9946,35.6107,-36.1832,-56.916,0,0,0
-0.2078,-0.2219,1.0264,35.7634,-31.6641,-48.542,0,0,0
-0.2192,-0.1514,1.0325,33.8015,-27.5191,-39.9313,0,0,0
-0.2288,-0.1233,1.042,28.6183,-25.6794,-36.6031,0,0,0
-0.2498,-0.1062,1.0349,21.0992,-24.1145,-33.4351,0,0,0
-0.2422,-0.1123,1.0366,10.8321,-22.5649,-28.9466,0,0,0
-0.2253,-0.1357,1.0344,0.5115,-22.1679,-23.8855,0,0,0
-0.2251,-0.1453,1.0359,-7.771,-23.6107,-17.2977,0,0,0
-0.2041,-0.147,1.0752,-14.4504,-24.7786,-10.9542,0,0,0
-0.1904,-0.1968,1.105,-17.5802,-22.313,-4.3969,0,0,0
-0.1953,-0.2002,1.0937,-18.0763,-18.2061,2.8244,0,0,0
-0.2056,-0.2009,1.0708,-17.7786,-15.6031,8.3053,0,0,0
-0.2153,-0.1931,1.0579,-16.3359,-15.6794,11.8244,0,0,0
-0.2,-0.1663,1.0667,-13.7939,-17.7405,10.1069,0,0,0
-0.1882,-0.1489,1.0813,-10.0305,-18.9847,5.313,0,0,0
-0.1672,-0.1804,1.1116,-6.1069,-17.145,3.2901,0,0,0
-0.1567,-0.198,1.1165,0.4198,-13.7405,4.2901,0,0,0
-0.1584,-0.1917,1.115,6.1374,-10.145,7.1145,0,0,0
-0.1851,-0.1243,1.0933,7.4427,-8.626,10.0611,0,0,0
-0.1985,-0.0938,1.0942,7.0687,-9.4351,9.0076,0,0,0
-0.1948,-0.0637,1.0867,6.3817,-10.145,5.7252,0,0,0
-0.2078,-0.0364,1.082,4.0992,-10.6031,2.5802,0,0,0
-0.2058,-0.0552,1.084,1.8473,-10.8244,-0.1069,0,0,0
-0.2153,-0.064,1.0808,1.6031,-11.5573,-1.1679,0,0,0
-0.2048,-0.071,1.0847,-0.3588,-11.0534,-0.6489,0,0,0
-0.2026,-0.0879,1.084,-0.916,-10.6412,-0.4351,0,0,0
-0.2034,-0.0754,1.0867,-2.6794,-10.8473,-0.7099,0,0,0
-0.1917,-0.0752,1.0947,-4.0534,-11.1221,0.6718,0,0,0
-0.1819,-0.0688,1.094,-5.5191,-11.8702,0.5954,0,0,0
-0.1553,-0.0876,1.1182,-4.3817,-10.1679,-1.4427,0,0,0
-0.1487,-0.0979,1.1333,-2.4809,-6.0992,-1.9847,0,0,0
-0.135,-0.1021,1.1331,-0.771,0.2061,-1.4198,0,0,0
-0.1296,-0.0876,1.115,-0.9618,5.8702,-1.5496,0,0,0
-0.1394,-0.0791,1.083,-2.2824,9.1832,-3.7634,0,0,0
-0.1592,-0.0806,1.0642,-3.4275,10.8855,-4.4046,0,0,0
-0.1553,-0.0947,1.0554,-2.8015,12.7863,-5.0992,0,0,0
-0.1636,-0.0969,1.0286,-2.6718,14.4198,-5.374,0,0,0
-0.1646,-0.105,1.0063,-3.2595,15.8779,-5.7023,0,0,0
-0.1702,-0.1035,0.9941,-4.7481,15.7099,-4.5802,0,0,0
-0.1782,-0.1162,0.9792,-7.5191,15.5649,-4.6718,0,0,0
-0.1812,-0.1106,0.9536,-10.3817,14.4198,-4.0305,0,0,0
-0.1755,-0.1113,0.9534,-12.6947,12.9695,-3.374,0,0,0
-0.177,-0.1274,0.9402,-14.3053,11.1527,-2.4504,0,0,0
-0.179,-0.1333,0.9426,-14.313,9.5267,-1.3969,0,0,0
-0.1677,-0.1423,0.9553,-12.084,8.5191,-2.2748,0,0,0
-0.1714,-0.1404,0.9585,-8.9389,7.6107,-3.9084,0,0,0
-0.1733,-0.1375,0.9578,-6.4198,7.4809,-4.6107,0,0,0
-0.1743,-0.1387,0.9529,-3.7863,6.771,-4.6947,0,0,0
-0.1816,-0.1458,0.9521,-1.8931,5.5878,-3.3359,0,0,0
-0.189,-0.1428,0.9438,-0.5191,3.5344,-1.5267,0,0,0
-0.1882,-0.137,0.9487,-0.5496,1.5191,-0.2977,0,0,0
-0.1895,-0.1055,0.9565,-1.2977,-0.9008,-0.3359,0,0,0
-0.1802,-0.0938,0.9644,-3.542,-2.0687,-1.4122,0,0,0
-0.177,-0.0962,0.9758,-5.0305,-2.5038,-2.0687,0,0,0
-0.1812,-0.1162,0.9875,-5.0076,-1.9924,-2.0611,0,0,0
-0.1897,-0.1189,0.9846,-4.4656,-1.2137,-0.7481,0,0,0
-0.1943,-0.1152,0.9797,-3.6794,-0.8626,0.5802,0,0,0
-0.1987,-0.1021,0.9788,-4.084,-2.1832,0.771,0,0,0
-0.1975,-0.1062,0.9827,-4.458,-3.6641,0.9618,0,0,0
-0.1899,-0.1155,0.9863,-4.0,-4.0687,2.0076,0,0,0
-0.1885,-0.114,0.9968,-3.7634,-3.6489,2.4351,0,0,0
-0.1851,-0.0906,1.001,-2.3893,-3.1756,0.4885,0,0,0
-0.1912,-0.0955,0.9951,-1.3817,-2.5649,-1.2443,0,0,0
-0.1914,-0.0928,1.01,-1.3053,-2.1069,-1.0534,0,0,0
-0.1985,-0.0898,0.9993,-2.3359,-2.6641,-0.8244,0,0,0
-0.1941,-0.0896,1.0037,-3.8092,-3.0076,-1.374,0,0,0
-0.1965,-0.1045,1.0059,-5.4427,-3.7557,-1.5573,0,0,0
-0.1992,-0.1267,1.0054,-6.3206,-5.4046,-0.9924,0,0,0
-0.1902,-0.1436,1.0149,-5.7328,-6.7405,-0.6336,0,0,0
-0.1868,-0.1414,1.0276,-4.8473,-7.2061,0.5191,0,0,0
-0.188,-0.1362,1.0247,-3.4275,-7.0305,1.9847,0,0,0
-0.1892,-0.1245,1.0281,-3.4122,-6.2977,3.5802,0,0,0
-0.1812,-0.115,1.0391,-3.4046,-5.2214,4.3511,0,0,0
-0.1814,-0.1077,1.0293,-3.7328,-3.2519,3.2977,0,0,0
-0.1863,-0.1025,1.031,-3.7328,-1.7252,1.2824,0,0,0
-0.1819,-0.1113,1.022,-4.313,-0.5344,-0.8855,0,0,0
-0.1907,-0.1133,1.0164,-4.3053,0.542,-2.0305,0,0,0
-0.1887,-0.1211,1.0078,-4.8397,0.5344,-2.8702,0,0,0
-0.189,-0.1318,1.0071,-4.3893,0.1832,-2.6641,0,0,0
-0.1877,-0.1372,1.0073,-3.7863,0.1069,-2.229,0,0,0
-0.1724,-0.1404,1.0142,-3.7557,-0.4733,-1.9618,0,0,0
-0.1707,-0.1423,1.0171,-3.0305,0.1756,0.2061,0,0,0
-0.1665,-0.1323,1.0112,-4.5115,1.6947,1.4656,0,0,0
-0.1726,-0.1248,1.0056,-5.7634,1.7634,2.3435,0,0,0
-0.178,-0.1267,0.9976,-6.0153,2.0,2.5725,0,0,0
-0.1775,-0.1272,0.9939,-6.1679,1.5344,2.3053,0,0,0
-0.1826,-0.1304,0.9846,-5.9542,1.0153,1.6336,0,0,0
-0.1831,-0.134,0.9854,-5.5725,0.7405,1.6489,0,0,0
-0.1802,-0.1289,0.991,-5.0458,0.2366,1.9771,0,0,0
-0.1753,-0.1309,0.9846,-4.0076,0.1374,0.9542,0,0,0
-0.1882,-0.1174,0.9849,-3.2519,0.4427,0.5267,0,0,0
-0.1838,-0.1294,0.9946,-2.9618,0.9084,0.0992,0,0,0
-0.1882,-0.1306,0.9919,-2.1679,1.6107,0.1985,0,0,0
-0.1902,-0.1204,0.9832,-2.1069,1.6412,-0.0687,0,0,0
-0.1919,-0.1162,0.968,-3.0763,0.3893,-0.229,0,0,0
-0.2004,-0.115,0.9717,-4.542,-1.7786,0.5878,0,0,0
-0.1973,-0.1182,0.9771,-5.542,-4.2519,0.7481,0,0,0
-0.1821,-0.126,0.9958,-5.0916,-5.1298,0.5573,0,0,0
-0.1772,-0.1399,1.0054,-4.084,-4.1298,0.5191,0,0,0
-0.1824,-0.136,1.0073,-3.1832,-3.2824,0.6336,0,0,0
-0.1831,-0.126,1.0029,-3.7863,-2.6718,0.4962,0,0,0
-0.1787,-0.1331,1.0027,-4.6336,-2.8626,-0.2824,0,0,0
-0.1699,-0.1453,1.0159,-1.7863,-2.5496,-0.0534,0,0,0
-0.1799,-0.1392,1.0159,0.7786,-1.4046,-0.2214,0,0,0
-0.1804,-0.1208,1.0146,1.6565,-0.9542,-0.4809,0,0,0
-0.1899,-0.1101,1.0103,0.1908,-0.9084,-0.9237,0,0,0
-0.186,-0.1099,1.0132,-2.0763,-0.6336,-0.9389,0,0,0
-0.1853,-0.1123,1.0066,-3.6336,-0.916,-1.6412,0,0,0
-0.1868,-0.1211,1.0098,-4.3817,-0.8321,-1.7405,0,0,0
-0.187,-0.1201,0.9978,-4.4504,-0.7481,-1.7481,0,0,0
-0.1877,-0.1318,1.0049,-4.7786,-0.8397,-1.3206,0,0,0
-0.189,-0.1411,1.0146,-4.5649,-0.6183,-1.0305,0,0,0
-0.1863,-0.1396,1.0005,-3.0687,-0.2443,-1.2595,0,0,0
-0.1846,-0.1387,1.0076,-2.3588,-0.6794,-1.5725,0,0,0
-0.1855,-0.1504,1.0017,-1.5038,-0.8931,-1.1527,0,0,0
-0.1755,-0.145,1.0076,-0.0229,-0.7328,-0.9618,0,0,0
-0.1799,-0.1265,1.0076,0.084,-0.5267,-1.2748,0,0,0
-0.1711,-0.124,1.0122,-0.145,0.145,-1.3511,0,0,0
-0.1748,-0.113,1.0149,-1.1603,0.4122,-2.0916,0,0,0
-0.1792,-0.1006,1.0151,-2.6031,0.4198,-3.5802,0,0,0
-0.1848,-0.1086,1.0107,-2.8473,0.4427,-6.3282,0,0,0
-0.1858,-0.1196,1.0105,-3.084,0.687,-7.3893,0,0,0
-0.1685,-0.1445,0.9963,-2.9695,3.2137,-6.8168,0,0,0
-0.1909,-0.1487,1.0085,-1.5496,2.6489,-6.5954,0,0,0
-0.1838,-0.136,1.0049,-0.7863,3.0,-5.9618,0,0,0
-0.1882,-0.1189,0.9949,-0.687,2.6489,-5.4962,0,0,0
-0.1912,-0.1145,0.9954,-1.7863,1.7405,-7.2443,0,0,0
-0.1838,-0.1145,1.0022,-2.4122,1.5115,-9.0076,0,0,0
-0.1846,-0.1279,1.0073,-2.6641,1.8092,-10.3588,0,0,0
-0.1521,-0.0996,1.0081,-2.9466,2.542,-9.9924,0,0,0
-0.1829,-0.1433,1.0107,-2.7328,3.3817,-8.9618,0,0,0
-0.177,-0.1509,1.0117,-2.1527,4.687,-7.7557,0,0,0
-0.1858,-0.1467,1.01,-1.4962,5.229,-7.0611,0,0,0
-0.1853,-0.155,0.9954,-1.1679,5.229,-6.7939,0,0,0
-0.1853,-0.1492,0.9905,-1.3435,4.7481,-6.4962,0,0,0
-0.186,-0.1377,0.9944,-2.313,3.626,-6.7252,0,0,0
-0.1895,-0.1306,1.0007,-3.6794,3.4275,-7.6107,0,0,0
-0.1838,-0.1399,0.9995,-4.8473,3.771,-7.7939,0,0,0
-0.1885,-0.1431,1.009,-5.3206,3.4351,-7.374,0,0,0
-0.1887,-0.1511,1.0083,-4.1221,3.9618,-8.0611,0,0,0
-0.199,-0.1497,1.0046,-2.7939,4.3206,-8.4046,0,0,0
-0.1956,-0.1511,0.9998,-1.3206,4.145,-8.0458,0,0,0
-0.1877,-0.1504,0.9998,-0.374,4.5573,-6.6794,0,0,0
-0.1953,-0.1357,1.0063,-0.8626,4.7252,-7.2672,0,0,0
-0.1948,-0.1267,0.9878,-1.1603,3.8626,-8.0992,0,0,0
-0.1919,-0.1116,1.0039,-1.9924,3.7557,-10.0458,0,0,0
-0.1902,-0.1162,1.0049,-3.1527,3.9008,-11.2595,0,0,0
-0.1931,-0.1255,1.0154,-4.229,5.145,-11.0076,0,0,0
-0.1917,-0.1497,1.021,-4.374,7.1908,-10.2901,0,0,0
-0.2078,-0.1406,0.9995,-3.1756,8.2519,-10.8168,0,0,0
-0.2046,-0.1389,0.9924,-3.2443,7.3282,-11.1374,0,0,0
-0.2048,-0.1431,0.9917,-1.7863,7.1145,-11.8321,0,0,0
-0.2024,-0.1399,1.0051,-0.9771,6.5191,-11.7863,0,0,0
-0.1956,-0.1211,1.0044,-1.1069,6.4962,-12.1756,0,0,0
-0.1985,-0.1206,1.0129,-1.9466,7.2672,-13.4275,0,0,0
-0.1978,-0.1318,1.0139,-1.6641,8.4198,-15.2443,0,0,0
-0.2021,-0.1338,1.0034,-2.2366,9.6794,-15.8702,0,0,0
-0.2036,-0.1448,1.0034,-3.2137,10.626,-15.771,0,0,0
-0.2075,-0.1399,1.0042,-3.0687,11.4733,-15.687,0,0,0
-0.2153,-0.1294,1.0078,-3.0382,12.0,-15.9695,0,0,0
-0.2144,-0.1289,1.0007,-3.0305,12.916,-17.1908,0,0,0
-0.2156,-0.1331,1.0076,-3.0458,13.1832,-18.7252,0,0,0
-0.2131,-0.1414,0.9968,-3.4427,14.1679,-19.4275,0,0,0
-0.2205,-0.1555,0.9978,-2.7328,14.0,-20.3435,0,0,0
-0.2187,-0.1487,0.9929,-2.0534,14.8702,-20.7786,0,0,0
-0.2104,-0.1494,1.0042,-1.5878,15.6565,-20.9466,0,0,0
-0.2139,-0.1377,1.0103,-1.1832,16.3206,-23.0687,0,0,0
-0.2241,-0.1267,1.0205,-1.5954,16.8931,-25.4885,0,0,0
-0.2207,-0.1353,1.0203,-1.8015,19.0992,-27.2443,0,0,0
-0.2354,-0.1821,1.0093,-2.1298,20.458,-28.313,0,0,0
-0.2222,-0.1658,1.0137,-1.0916,21.1985,-26.5802,0,0,0
-0.2498,-0.1704,1.0061,0.9771,21.0458,-26.0534,0,0,0
-0.26,-0.1636,1.0122,3.0534,18.5038,-26.4351,0,0,0
-0.2566,-0.1521,1.0078,6.1069,14.2672,-27.6183,1,0,0
-0.2161,-0.1345,1.0027,10.5344,16.2519,-31.0076,1,0,0
-0.2371,-0.1389,0.9751,10.8168,21.9389,-34.374,1,0,0
-0.2651,-0.1448,0.9788,8.4504,24.5191,-32.374,1,0,0
-0.2432,-0.147,0.9934,6.3206,26.2137,-30.2748,1,0,0
-0.2656,-0.1255,0.9871,2.9771,27.0305,-30.6641,1,0,0
-0.2693,-0.1299,0.9792,-3.5038,26.9313,-31.3969,1,0,0
-0.2651,-0.1284,0.9673,-9.5725,25.1756,-30.6794,1,0,0
-0.2832,-0.1606,0.9556,-14.458,23.6947,-28.8244,1,0,0
-0.2786,-0.1699,0.9607,-17.4122,22.0763,-27.2366,1,0,0
-0.2742,-0.2229,0.9795,-18.5114,20.9847,-24.7176,1,0,0
-0.2681,-0.1929,0.9717,-18.8702,21.8473,-24.1832,1,0,0
-0.2544,-0.1777,0.9722,-18.1985,23.2672,-24.3588,1,0,0
-0.2705,-0.2134,0.969,-17.2137,24.8702,-24.0687,1,0,0
-0.271,-0.2427,0.9626,-14.2824,26.9618,-21.7634,1,0,0
-0.2952,-0.2275,0.9502,-10.3206,26.1221,-20.2901,1,0,0
-0.293,-0.2039,0.9404,-9.2137,25.3206,-20.313,1,0,0
-0.3018,-0.2087,0.9365,-9.1832,23.8244,-19.0534,1,0,0
-0.3184,-0.2458,0.9275,-9.5038,21.1985,-15.5496,1,0,0
-0.324,-0.2581,0.9155,-10.4733,19.1756,-10.7786,1,0,0
-0.3154,-0.2622,0.9236,-11.4733,16.6107,-5.8473,1,0,0
-0.3132,-0.2393,0.9185,-12.5344,14.4122,-4.9008,1,0,0
-0.3193,-0.2307,0.9175,-12.0076,12.3893,-5.7863,1,0,0
-0.3145,-0.2402,0.9238,-10.5038,11.0382,-7.1603,1,0,0
-0.3118,-0.2493,0.9309,-7.5802,11.1832,-7.6107,1,0,0
-0.2957,-0.2324,0.9524,-5.0229,12.313,-7.7481,1,0,0
-0.301,-0.2261,0.9609,-2.8779,15.5267,-9.9008,1,0,0
-0.3118,-0.2327,0.9573,-1.8702,17.5649,-10.8092,1,0,0
-0.3271,-0.2393,0.9358,-1.2214,17.9008,-10.1679,1,0,0
-0.3411,-0.2478,0.9297,-2.8015,16.9313,-8.5267,1,0,0
-0.355,-0.2161,0.9146,-4.0611,13.374,-5.9771,1,0,0
-0.3445,-0.2297,0.9233,-6.7405,11.7252,-4.084,1,0,0
-0.3408,-0.2393,0.9395,-7.8626,10.8473,-2.1145,1,0,0
-0.3364,-0.228,0.939,-7.2901,11.1374,-2.9008,1,0,0
-0.3457,-0.2085,0.9346,-6.3206,10.9847,-4.4275,1,0,0
-0.3438,-0.2048,0.9399,-5.1527,12.1221,-6.0763,1,0,0
-0.3501,-0.2129,0.936,-4.7634,13.1985,-7.4198,1,0,0
-0.3542,-0.218,0.9299,-3.9924,13.9313,-6.542,1,0,0
-0.3718,-0.2363,0.9189,-3.145,12.6641,-5.0763,1,0,0
-0.3674,-0.2144,0.917,-2.3664,10.9618,-5.8473,1,0,0
-0.3743,-0.2061,0.9233,-2.4046,10.0382,-7.687,1,0,0
-0.3521,-0.1804,0.927,-2.9695,9.8168,-9.6718,1,0,0
-0.355,-0.1941,0.938,-4.5115,10.9771,-11.8321,1,0,0
-0.3445,-0.2029,0.9468,-5.313,11.8244,-12.8244,1,0,0
-0.3752,-0.2412,0.9265,-4.4504,11.9618,-12.3206,0,0,0
-0.3721,-0.2334,0.9326,-3.6489,11.1985,-11.3435,0,0,0
-0.3628,-0.2192,0.9329,-2.0687,11.1527,-12.2595,0,0,0
-0.3521,-0.1978,0.9441,-1.3435,12.0229,-12.5878,0,0,0
-0.3572,-0.187,0.9404,-2.4656,13.6489,-13.855,0,0,0
-0.3542,-0.2097,0.9448,-5.916,16.1908,-15.5802,0,0,0
-0.3542,-0.2266,0.9519,-7.0611,18.0,-17.6718,0,0,0
-0.366,-0.2261,0.9331,-6.229,18.4885,-17.8855,0,0,0
-0.3928,-0.2444,0.9216,-6.3053,18.8321,-17.0458,0,0,0
-0.3906,-0.2668,0.9109,-6.0763,17.7481,-16.6031,0,0,0
-0.4338,-0.3003,0.9016,-5.2137,16.542,-14.9542,0,0,0
-0.4146,-0.2888,0.8884,-4.4351,15.3282,-12.6565,0,0,0
-0.4199,-0.2991,0.8743,-4.9847,12.6336,-9.2366,0,0,0
-0.3984,-0.2751,0.8535,-5.458,8.4885,-4.145,0,0,0
-0.417,-0.2915,0.8445,-8.3359,2.9771,2.145,0,0,0
-0.3965,-0.2698,0.8477,-12.5649,-1.4427,6.5802,0,0,0
-0.3867,-0.2754,0.8608,-16.1832,-3.5573,8.4351,0,0,0
-0.373,-0.281,0.8711,-18.1069,-5.0,9.0382,0,0,0
-0.377,-0.2664,0.8562,-18.3359,-6.6336,8.2672,0,0,0
-0.3843,-0.2798,0.8589,-16.1756,-8.626,6.6489,0,0,0
-0.3748,-0.2979,0.8662,-12.4962,-9.9695,6.2519,0,0,0
-0.3652,-0.3047,0.884,-6.4962,-9.7023,6.0,0,0,0
-0.3521,-0.2798,0.9104,0.0076,-7.3664,3.7481,0,0,0
-0.345,-0.2668,0.9214,4.8473,-2.7634,-0.1756,0,0,0
-0.3594,-0.2385,0.9175,6.5344,1.2977,-2.5496,0,0,0
-0.3833,-0.2388,0.9133,6.5573,3.7176,-4.5115,0,0,0
-0.3816,-0.2236,0.9158,5.5878,4.5954,-6.4733,0,0,0
-0.3865,-0.2183,0.9121,4.3053,5.4351,-8.5038,0,0,0
-0.397,-0.2241,0.9067,3.5878,4.4275,-10.2366,0,0,0
-0.4133,-0.2229,0.8965,1.8168,2.0611,-9.4198,0,0,0
-0.4116,-0.2375,0.8992,-0.1374,-2.0305,-7.8855,0,0,0
-0.4116,-0.2349,0.8979,-0.7481,-4.8473,-7.2519,0,0,0
-0.3867,-0.218,0.9155,-0.3817,-5.9924,-9.4504,0,0,0
-0.3757,-0.2075,0.9304,0.4885,-4.6489,-13.458,0,0,0
-0.3696,-0.1963,0.9526,4.1679,-2.4656,-21.1908,0,0,0
-0.3679,-0.2068,0.9661,5.687,1.1679,-26.6336,0,0,0
-0.3865,-0.2446,0.9465,6.855,4.2672,-27.374,0,0,0
-0.387,-0.2627,0.9421,6.5267,4.542,-24.8168,0,0,0
-0.5181,-0.374,0.9028,3.2901,4.4122,-21.0382,0,0,0
-0.3545,-0.229,0.9084,1.2137,2.3969,-17.458,0,0,0
-0.3921,-0.2793,0.9006,0.6489,-0.8931,-15.3206,0,0,0
-0.3997,-0.2805,0.884,-0.8779,-5.0076,-12.0,0,0,0
-0.4089,-0.2979,0.8884,-4.8321,-9.3359,-7.3664,0,0,0
-0.3792,-0.3169,0.9089,-8.6336,-11.0992,-1.0687,0,0,0
-0.3501,-0.3145,0.9153,-13.2901,-10.2214,5.0,0,0,0
-0.3508,-0.3062,0.9158,-17.4122,-9.3206,9.4962,0,0,0
-0.3523,-0.2974,0.905,-21.5573,-10.7405,11.5496,0,0,0
-0.3467,-0.3159,0.8948,-24.9771,-11.8015,13.1756,0,0,0
-0.3572,-0.3369,0.8818,-28.3969,-14.0611,16.7939,0,0,0
-0.2168,-0.4727,0.9746,-28.0,-9.6489,20.6641,0,0,0
-0.3604,-0.4717,0.8845,-26.3282,-16.3511,35.5496,0,0,0
-0.3457,-0.4587,0.8945,-23.2519,-16.9924,48.2366,0,0,0
-0.3413,-0.4521,0.8899,-16.6718,-15.7405,58.5725,0,0,0
-0.3589,-0.4412,0.8738,-12.1527,-15.8321,63.3206,0,0,0
-0.3423,-0.3516,0.8765,-9.0763,-18.6489,65.855,0,0,0
-0.3599,-0.3354,0.8699,-9.7099,-21.2901,64.9466,0,0,0
-0.3604,-0.2454,0.8726,-13.4504,-27.4427,67.1069,0,0,0
-0.3584,-0.2522,0.8757,-18.855,-31.0916,67.916,0,0,0
-0.3486,-0.2759,0.8843,-26.1985,-33.3359,71.542,0,0,0
-0.3357,-0.3066,0.8992,-32.4427,-34.6947,74.0611,0,0,0
-0.3025,-0.2898,0.9285,-35.2519,-35.9389,73.7939,0,0,0
-0.3145,-0.2671,0.9395,-30.9237,-34.5573,62.6412,0,0,0
-0.2942,-0.2224,0.957,-24.9847,-31.9924,51.6565,0,0,0
-0.312,-0.2095,0.968,-18.4885,-24.687,43.1374,0,0,0
-0.312,-0.2593,0.9612,-11.8779,-17.0916,39.4733,0,0,0
-0.3232,-0.301,0.9604,-3.8779,-9.8321,41.2595,0,0,0
-0.3472,-0.3259,0.9453,3.8397,-3.6031,46.8702,0,0,0
-0.3621,-0.332,0.9233,10.145,-1.1756,55.771,0,0,0
-0.3586,-0.2969,0.9021,15.916,-1.5954,62.4809,0,0,0
-0.3796,-0.2065,0.8813,22.5344,-7.0229,57.6183,0,0,0
-0.397,-0.1016,0.8728,22.0763,-14.0305,47.7176,0,0,0
-0.4014,-0.0491,0.8757,13.6718,-20.1069,35.9847,0,0,0
-0.3662,-0.0625,0.9023,2.8702,-22.1756,28.2366,0,0,0
-0.3538,-0.1409,0.9431,-3.5725,-22.1679,24.7634,0,0,0
-0.3364,-0.1902,0.9636,-6.8397,-18.5344,23.458,0,0,0
-0.3416,-0.2158,0.9624,-5.3053,-15.229,23.3664,0,0,0
-0.3428,-0.2139,0.957,-1.916,-12.2901,22.4046,0,0,0
-0.3381,-0.1665,0.9622,1.8473,-10.9008,16.9618,0,0,0
-0.3401,-0.1501,0.9617,4.7252,-9.7252,10.4122,0,0,0
-0.3423,-0.1567,0.9597,5.916,-7.8473,4.5496,0,0,0
-0.3296,-0.179,0.969,6.7863,-5.5115,2.0763,0,0,0
-0.3369,-0.1814,0.9751,8.2672,-3.2901,1.3969,0,0,0
-0.3369,-0.1724,0.9719,8.1145,-1.458,0.6031,0,0,0
-0.342,-0.1716,0.9636,5.855,-1.4427,-0.0076,0,0,0
-0.3467,-0.1853,0.9668,4.1985,-0.8702,-0.6489,0,0,0
-0.3469,-0.1914,0.9624,2.7252,-0.3206,-0.0611,0,0,0
-0.354,-0.1897,0.9431,0.8931,-0.0458,0.1679,0,0,0
-0.3479,-0.1965,0.948,-1.7023,-1.5115,0.0382,0,0,0
-0.3147,-0.2214,0.9741,-0.6107,-1.6489,-1.4046,0,0,0
-0.3394,-0.2278,0.958,1.0916,-0.1527,-0.2443,0,0,0
-0.345,-0.2112,0.9436,3.6031,1.3817,-1.0076,0,0,0
-0.3591,-0.197,0.9358,3.084,0.1069,-1.2366,0,0,0
-0.356,-0.2,0.9316,0.5954,-1.7481,-0.7786,0,0,0
-0.3606,-0.2107,0.9446,-1.5802,-2.8244,0.3893,0,0,0
-0.3386,-0.2332,0.9529,-2.2061,-2.8702,2.2672,0,0,0
-0.3425,-0.2273,0.9478,-2.0763,-2.1679,3.5878,0,0,0
-0.3467,-0.2173,0.9414,-3.4504,-2.0916,4.1679,0,0,0
-0.342,-0.2126,0.9387,-5.1832,-2.5954,3.8321,0,0,0
-0.3496,-0.2117,0.9346,-7.3206,-3.313,4.8779,0,0,0
-0.3408,-0.2219,0.9358,-8.7557,-4.626,5.9237,0,0,0
-0.3367,-0.2295,0.9392,-8.771,-4.8321,7.4809,0,0,0
-0.3296,-0.2207,0.9446,-7.9084,-4.3206,8.4504,0,0,0
-0.3359,-0.2178,0.9451,-5.9695,-3.2366,8.084,0,0,0
-0.3367,-0.2014,0.9487,-3.8244,-2.1832,6.0687,0,0,0
-0.3389,-0.2017,0.937,-1.7786,-1.2214,4.1985,0,0,0
-0.3459,-0.2087,0.9199,-0.8168,-1.6107,3.1679,0,0,0
-0.3435,-0.2048,0.9307,-0.8626,-2.8931,4.1374,0,0,0
-0.3481,-0.209,0.9248,-0.5802,-4.0229,5.2901,0,0,0
-0.3452,-0.2095,0.9348,-0.4427,-5.2824,6.0763,0,0,0
-0.3379,-0.2065,0.9441,-0.9008,-5.8015,6.8931,0,0,0
-0.3354,-0.1963,0.9463,0.8931,-5.5802,6.9008,0,0,0
-0.3403,-0.1797,0.9519,1.6794,-5.3817,5.4275,0,0,0
-0.3435,-0.1814,0.9485,0.7481,-5.2366,3.8702,0,0,0
-0.3296,-0.1873,0.9443,0.5649,-5.4885,3.0382,0,0,0
-0.3337,-0.1863,0.9468,0.229,-5.3893,3.626,0,0,0
-0.3445,-0.1873,0.9419,-0.4351,-6.1221,4.2214,0,0,0
-0.3337,-0.1958,0.9561,-0.7405,-6.1985,4.6718,0,0,0
-0.3391,-0.1902,0.9539,-0.0687,-5.8244,4.771,0,0,0
-0.3416,-0.2058,0.9612,0.6107,-4.8397,4.5878,0,0,0
-0.3328,-0.1836,0.9543,1.7328,-4.1069,4.6489,0,0,0
-0.3413,-0.1777,0.9453,1.9618,-4.9313,3.7176,0,0,0
-0.3445,-0.1868,0.9456,1.687,-6.5191,3.542,0,0,0
-0.3372,-0.1858,0.95,1.7481,-7.6031,3.5496,0,0,0
-0.3328,-0.1914,0.9558,1.542,-8.2214,3.374,0,0,0
-0.325,-0.1899,0.9631,1.2061,-7.5267,3.1603,0,0,0
-0.3323,-0.1995,0.9597,0.8473,-7.0992,3.3359,0,0,0
-0.3323,-0.1926,0.9526,0.2901,-7.1679,3.5267,0,0,0
-0.3284,-0.1924,0.9458,0.4733,-7.8931,3.6107,0,0,0
-0.3362,-0.1963,0.9531,1.7939,-9.458,3.6718,0,0,0
-0.3352,-0.198,0.9531,3.626,-10.2595,3.3588,0,0,0
-0.3254,-0.1873,0.9551,5.0763,-10.458,3.7099,0,0,0
-0.3235,-0.1821,0.9534,5.0076,-9.8626,3.6336,0,0,0
-0.3262,-0.175,0.9517,4.4275,-10.1908,2.8168,0,0,0
-0.3279,-0.1772,0.9495,3.7176,-10.9618,2.084,0,0,0
-0.3198,-0.1802,0.95,3.2748,-11.2061,1.542,0,0,0
-0.3149,-0.1782,0.9465,3.7023,-11.855,1.7099,0,0,0
-0.3105,-0.1853,0.9634,3.0076,-12.4198,2.6794,0,0,0
-0.2957,-0.1948,0.9807,3.6031,-10.6489,3.8092,0,0,0
-0.2905,-0.1733,0.9724,2.8168,-8.9084,4.4198,0,0,0
-0.2935,-0.1641,0.9751,1.0153,-7.3282,4.0611,0,0,0
-0.2949,-0.1736,0.9739,0.1298,-6.8092,3.1145,0,0,0
-0.3025,-0.1711,0.9639,-0.9084,-6.7863,3.2519,0,0,0
-0.3083,-0.1729,0.9563,-0.8244,-7.7863,3.3053,0,0,0
-0.3086,-0.178,0.95,-0.1145,-8.916,2.9542,0,0,0
-0.3032,-0.1714,0.958,0.6794,-9.7099,2.458,0,0,0
-0.301,-0.1665,0.9622,1.6031,-9.7863,2.6718,0,0,0
-0.2915,-0.1895,0.9746,3.0763,-8.7176,2.9466,0,0,0
-0.2864,-0.1694,0.9722,4.4198,-7.2824,3.5954,0,0,0
-0.2859,-0.1616,0.9714,3.7099,-5.4427,3.5878,0,0,0
-0.2878,-0.1594,0.9778,1.8092,-5.0,2.9084,0,0,0
-0.2981,-0.146,0.9783,-0.0992,-4.6947,2.8015,0,0,0
-0.2996,-0.1533,0.9624,-2.0763,-5.1756,2.2901,0,0,0
-0.2969,-0.1604,0.9636,-3.7023,-6.1298,2.1221,0,0,0
-0.292,-0.1787,0.9631,-3.7405,-6.8244,2.084,0,0,0
-0.2927,-0.1802,0.9802,-1.5573,-6.7252,2.3206,0,0,0
-0.29,-0.1787,0.9832,0.0,-6.2443,2.5267,0,0,0
-0.3003,-0.1697,0.9687,1.3969,-5.4885,2.9466,0,0,0
-0.3,-0.1555,0.9639,0.7405,-6.7557,2.5038,0,0,0
-0.2852,-0.1665,0.9875,1.0916,-6.3053,1.7557,0,0,0
-0.2708,-0.1697,0.9988,2.8626,-4.2901,1.6641,0,0,0
-0.2756,-0.1553,0.9885,2.9313,-2.6641,1.2214,0,0,0
-0.2859,-0.1484,0.9856,1.5878,-2.0305,0.9695,0,0,0
-0.29,-0.1353,0.9727,-0.9618,-2.8168,0.3664,0,0,0
-0.2991,-0.1414,0.9685,-3.4275,-4.1069,0.2595,0,0,0
-0.29,-0.176,0.9766,-4.0305,-4.9618,0.2366,0,0,0
-0.2839,-0.1772,0.9851,-1.8626,-5.5496,1.3206,0,0,0
-0.2795,-0.1724,0.9807,0.0611,-5.313,2.4962,0,0,0
-0.2817,-0.1675,0.9707,0.9008,-5.4733,2.2748,0,0,0
-0.283,-0.1619,0.9702,1.9008,-5.4046,1.7786,0,0,0
-0.2898,-0.1602,0.9646,2.313,-6.6031,1.6947,0,0,0
-0.2861,-0.1716,0.9612,2.8702,-8.1069,1.7405,0,0,0
-0.2949,-0.168,0.9482,3.9771,-10.8244,2.8015,0,0,0
-0.2961,-0.166,0.9417,5.5267,-13.7252,3.2901,0,0,0
-0.2908,-0.1604,0.946,7.0611,-17.6031,3.9542,0,0,0
-0.2815,-0.1677,0.9561,8.8015,-20.0687,4.8931,0,0,0
-0.272,-0.1416,0.9575,10.4275,-21.5573,5.2366,0,0,0
-0.2749,-0.1387,0.9548,11.0,-22.855,4.687,0,0,0
-0.2593,-0.1335,0.9622,11.2366,-24.2214,3.8473,0,0,0
-0.2651,-0.1484,0.9619,10.8397,-24.8244,4.145,0,0,0
-0.2537,-0.1514,0.9661,10.4656,-25.9313,4.4427,0,0,0
-0.2417,-0.1438,0.9724,11.0153,-25.626,5.2595,0,0,0
-0.2356,-0.1511,0.979,11.8015,-25.6947,5.9008,0,0,0
-0.2461,-0.1384,0.9641,12.2443,-26.6489,6.0229,0,0,0
-0.2419,-0.1272,0.9539,12.3817,-28.8092,5.6641,0,0,0
-0.2507,-0.1194,0.9482,12.5191,-32.5496,5.2901,0,0,0
-0.2432,-0.1252,0.9414,12.8702,-37.4504,5.4046,0,0,0
-0.2354,-0.1252,0.9377,14.7023,-42.2824,5.8626,0,0,0
-0.2297,-0.1331,0.9395,16.9008,-47.1298,5.771,0,0,0
-0.2058,-0.1226,0.9526,19.0382,-50.5725,6.3664,0,0,0
-0.1775,-0.1719,0.9827,21.9771,-54.7634,5.3893,0,0,0
-0.1765,-0.1543,0.9885,23.9008,-51.9466,8.626,0,0,0
-0.1553,-0.1001,0.9963,23.9542,-51.9237,9.0611,0,0,0
-0.1426,-0.1204,1.0298,22.626,-49.3206,10.4885,0,0,0
-0.1199,-0.0886,1.0469,20.687,-45.1145,11.458,0,0,0
-0.1101,-0.0569,1.0408,17.2901,-40.2061,10.9084,0,0,0
-0.1018,-0.061,1.05,13.4351,-35.7405,9.6718,0,0,0
-0.1121,-0.0596,1.0588,9.916,-32.0992,8.458,0,0,0
-0.1006,-0.0571,1.0493,6.9618,-29.1832,7.5344,0,0,0
-0.1013,-0.0669,1.0505,4.8473,-27.4275,6.4122,0,0,0
-0.0945,-0.0967,1.0601,5.0611,-25.9924,6.7328,0,0,0
-0.1025,-0.0801,1.0596,6.0153,-23.3817,7.9237,0,0,0
-0.0886,-0.0669,1.0637,6.5649,-21.4809,8.3435,0,0,0
-0.0918,-0.0549,1.0608,6.2901,-19.4809,7.7786,0,0,0
-0.0913,-0.0454,1.0615,3.8702,-17.5573,6.1985,0,0,0
-0.0833,-0.043,1.0696,1.9542,-15.0,5.1603,0,0,0
-0.0789,-0.0652,1.0752,0.8168,-11.9313,4.6336,0,0,0
-0.0757,-0.0593,1.0718,0.6183,-8.1985,4.8779,0,0,0
-0.0737,-0.0659,1.072,0.5267,-5.1603,5.0534,0,0,0
-0.0649,-0.0559,1.0754,-0.145,-2.3206,4.7863,0,0,0
-0.0759,-0.052,1.0725,-1.6031,0.3969,4.626,0,0,0
-0.0837,-0.0403,1.0615,-3.2519,1.916,3.8092,0,0,0
-0.0884,-0.0464,1.0581,-4.2824,3.1069,1.771,0,0,0
-0.0854,-0.0537,1.0461,-4.4198,4.1145,0.8855,0,0,0
-0.0857,-0.0652,1.0432,-4.2519,4.4122,0.8321,0,0,0
-0.0911,-0.0698,1.0483,-4.0916,5.4427,1.5725,0,0,0
-0.0942,-0.0679,1.0342,-2.8244,5.7099,2.2824,0,0,0
-0.0901,-0.0652,1.0356,-2.687,5.9771,1.8168,0,0,0
-0.095,-0.0593,1.0425,-3.2061,7.084,1.7176,0,0,0
-0.0889,-0.064,1.0449,-4.3817,9.7786,1.4351,0,0,0
-0.0947,-0.0894,1.0461,-5.1832,12.8626,1.2061,0,0,0
-0.0903,-0.064,1.0354,-5.9695,15.3511,0.7405,0,0,0
-0.0957,-0.064,1.022,-7.2595,16.4809,0.6107,0,0,0
-0.1135,-0.063,1.0061,-7.7405,16.1069,0.1603,0,0,0
-0.1228,-0.0571,0.9956,-8.8168,13.9924,-0.3435,0,0,0
-0.1182,-0.0786,1.0056,-8.9618,12.458,-0.7634,0,0,0
-0.1206,-0.0876,1.0156,-7.4198,12.0611,-0.6947,0,0,0
-0.1274,-0.0872,1.0032,-6.3511,11.0916,0.0458,0,0,0
-0.1331,-0.0872,0.9971,-5.5191,10.0076,1.0916,0,0,0
-0.135,-0.082,1.0015,-3.9008,8.7481,1.4733,0,0,0
-0.1436,-0.0723,0.9888,-3.626,7.0305,0.7557,0,0,0
-0.1426,-0.0808,0.9863,-2.374,5.3282,0.3282,0,0,0
-0.1431,-0.0742,0.9949,-1.6412,3.5725,0.5649,0,0,0
-0.1384,-0.0762,0.9885,-1.6412,1.6031,0.5038,0,0,0
-0.1318,-0.0742,0.9971,-1.7557,0.2137,0.542,0,0,0
-0.1292,-0.0764,0.9976,-2.1756,-0.6412,0.916,0,0,0
-0.1277,-0.0764,1.0168,-3.229,-0.0611,0.8015,0,0,0
-0.1284,-0.0708,1.0103,-4.0382,0.0153,1.0305,0,0,0
-0.1252,-0.0762,1.0083,-4.3588,0.458,1.1298,0,0,0
-0.1277,-0.0703,1.019,-4.1069,0.6794,0.6031,0,0,0
-0.1304,-0.0798,1.0107,-3.1985,0.626,0.6947,0,0,0
-0.1265,-0.0854,1.0249,-2.6641,-0.1985,0.2214,0,0,0
-0.1255,-0.0757,1.0264,-1.229,-0.0992,0.2824,0,0,0
-0.1304,-0.083,1.0222,-0.374,-0.3206,0.1221,0,0,0
-0.1338,-0.0747,1.0276,-0.5344,0.687,0.5267,0,0,0
-0.1292,-0.0742,1.0352,-1.4046,1.7405,0.084,0,0,0
-0.1284,-0.0676,1.0281,-2.4656,2.6718,-0.4198,0,0,0
-0.1323,-0.0808,1.0276,-3.5344,3.3206,-1.1603,0,0,0
-0.1299,-0.083,1.0237,-3.2519,3.6794,-0.4122,0,0,0
-0.1355,-0.0842,1.0137,-2.5267,3.6489,-0.2214,0,0,0
-0.1414,-0.0742,1.0046,-2.3588,2.687,0.1603,0,0,0
-0.1462,-0.0691,0.9988,-3.1069,0.7557,0.145,0,0,0
-0.1396,-0.0786,1.0095,-3.9542,-0.1374,0.7023,0,0,0
-0.1379,-0.0852,1.0134,-3.145,-0.2977,0.9466,0,0,0
-0.1338,-0.0793,1.0122,-2.458,0.0076,0.6336,0,0,0
-0.1328,-0.0752,1.0173,-2.2977,0.5344,-0.0382,0,0,0
-0.137,-0.0718,1.02,-2.3206,1.0916,-0.7252,0,0,0
-0.1367,-0.0725,1.0093,-2.5191,0.9618,-0.6794,0,0,0
-0.1321,-0.0862,1.0161,-2.5878,0.4427,-0.7176,0,0,0
-0.1367,-0.1013,1.0134,-1.3588,0.1603,-0.1832,0,0,0
-0.1389,-0.0896,1.011,-0.0534,-0.1374,0.8855,0,0,0
-0.1333,-0.0798,1.0132,-0.2595,-0.771,0.6336,0,0,0
-0.1345,-0.0791,1.0142,-0.4198,-0.7939,0.687,0,0,0
-0.1306,-0.0688,1.0137,-0.7786,-0.5344,0.4275,0,0,0
-0.1345,-0.0654,1.0198,-1.7863,-0.4809,0.0076,0,0,0
-0.1318,-0.0669,1.0154,-2.1985,-0.374,-0.6107,0,0,0
-0.1372,-0.0747,1.0127,-2.5344,0.0305,-0.5725,0,0,0
-0.137,-0.075,1.0149,-2.9542,-0.2748,-0.8779,0,0,0
-0.146,-0.083,1.0056,-3.1298,-0.4733,-0.4809,0,0,0
-0.1323,-0.0876,1.0146,-2.8092,0.0,-0.687,0,0,0
-0.136,-0.0801,1.0146,-2.1756,0.1756,-0.7786,0,0,0
-0.1318,-0.0786,1.0161,-1.4885,0.3511,-0.374,0,0,0
-0.137,-0.0742,1.0176,-1.229,0.0534,-1.1756,0,0,0
-0.1365,-0.0759,1.0146,-1.2214,0.2824,-1.4656,0,0,0
-0.1338,-0.0723,1.0217,-1.3664,0.2901,-1.2824,0,0,0
-0.144,-0.0845,1.0088,-2.2977,-0.4046,-1.771,0,0,0
-0.1423,-0.0796,1.012,-3.3282,-1.0534,-1.4962,0,0,0
-0.1343,-0.0762,1.0122,-4.2443,-1.7099,-1.0687,0,0,0
-0.1326,-0.0864,1.0215,-5.1603,-1.8702,-0.6183,0,0,0
-0.1296,-0.0815,1.0212,-5.3588,-0.5725,-0.1145,0,0,0
-0.1243,-0.0847,1.02,-4.9542,0.2137,-0.3053,0,0,0
-0.1411,-0.0837,1.0188,-3.2977,0.6031,-0.626,0,0,0
-0.1389,-0.0828,1.0107,-2.1527,0.313,-1.2366,0,0,0
-0.1379,-0.0928,1.0115,-0.5115,-0.0458,-1.8473,0,0,0
-0.1384,-0.0854,1.0068,0.542,-0.2366,-1.7939,0,0,0
-0.1406,-0.0784,1.0046,-0.1603,-0.4046,-1.2443,0,0,0
-0.1355,-0.0764,1.0022,-1.7863,-0.8397,-0.7863,0,0,0
-0.1392,-0.0715,1.0151,-3.855,-0.9542,-1.0229,0,0,0
-0.1353,-0.0879,1.0132,-5.2443,-1.1985,-0.9847,0,0,0
-0.135,-0.0935,1.0171,-5.1145,-0.7252,-0.9695,0,0,0
-0.1328,-0.1033,1.0142,-3.771,-0.687,-0.6107,0,0,0
-0.1431,-0.0999,1.0127,-1.4504,-1.0,-0.3817,0,0,0
-0.1375,-0.0928,1.0181,-0.2366,-1.3053,-0.3893,0,0,0
-0.1379,-0.0938,1.0232,0.1985,-1.3435,-0.5573,0,0,0
-0.1333,-0.0869,1.0129,-0.3817,-1.4275,-0.0611,0,0,0
-0.1321,-0.0889,1.0151,-1.0916,-1.2748,-0.3588,0,0,0
-0.1348,-0.0835,1.0159,-1.3969,-1.1679,-0.5573,0,0,0
-0.1406,-0.0793,1.0178,-1.8321,-1.0153,-0.1145,0,0,0
-0.1414,-0.0845,1.0227,-2.3282,-0.916,0.374,0,0,0
-0.1399,-0.0845,1.0168,-2.2519,-1.3359,0.5802,0,0,0
-0.1423,-0.0818,1.0168,-1.8321,-1.1756,-0.0763,0,0,0
-0.1353,-0.0825,1.0188,-1.3359,-1.7786,-0.3206,0,0,0
-0.1338,-0.0806,1.0293,-0.6641,-1.3893,-0.1221,0,0,0
-0.1321,-0.0674,1.0303,-1.3969,-1.3053,-0.3435,0,0,0
-0.1277,-0.0649,1.0249,-2.0305,-0.2137,-1.0763,0,0,0
-0.1326,-0.0684,1.0283,-2.8931,0.4351,-1.5573,0,0,0
-0.1355,-0.071,1.0168,-3.6489,0.4427,-1.542,0,0,0
-0.1392,-0.0774,1.0183,-4.4656,0.0687,-0.7557,0,0,0
-0.1367,-0.0918,1.0151,-3.7023,0.4656,-0.1221,0,0,0
-0.1375,-0.0852,1.0173,-2.7099,0.5802,-0.2519,0,0,0
-0.1392,-0.084,1.0159,-1.7023,0.5344,-0.6794,0,0,0
-0.1348,-0.0862,1.0093,-0.7328,0.5496,-1.1756,0,0,0
-0.1396,-0.073,0.9998,-0.5802,0.0229,-1.2443,0,0,0
-0.1462,-0.073,1.001,-1.5038,-1.1298,-1.5954,0,0,0
-0.1423,-0.0754,1.002,-1.9084,-1.9847,-1.771,0,0,0
-0.1323,-0.084,1.0137,-2.5267,-2.9237,-1.5115,0,0,0
-0.1311,-0.0896,1.0254,-3.3359,-2.2519,-0.6794,0,0,0
-0.1321,-0.0942,1.0232,-3.1985,-0.9389,-0.6412,0,0,0
-0.1282,-0.1003,1.0254,-2.6412,0.0763,-0.9618,0,0,0
-0.1362,-0.0935,1.0132,-0.9466,0.7939,-0.4885,0,0,0
-0.1396,-0.0896,1.0073,-0.6412,0.2519,-0.9389,0,0,0
-0.1436,-0.0935,1.0115,-0.542,-0.9542,-0.8855,0,0,0
-0.1372,-0.0876,1.0178,-0.8473,-1.6031,-0.0992,0,0,0
-0.1284,-0.082,1.0225,-1.5038,-1.7023,-0.1832,0,0,0
-0.135,-0.0718,1.0308,-2.6489,-1.313,-0.4427,0,0,0
-0.1309,-0.0815,1.0283,-3.9847,-0.6336,-0.6107,0,0,0
-0.1321,-0.0837,1.0264,-4.0916,0.2214,-0.4046,0,0,0
-0.1377,-0.085,1.0156,-2.8397,1.0916,-0.855,0,0,0
-0.1382,-0.0818,1.0195,-1.6489,1.4656,-1.7939,0,0,0
-0.1362,-0.0884,1.0115,-0.8626,1.5496,-2.0534,0,0,0
-0.1436,-0.0879,1.0117,-0.145,1.3664,-1.374,0,0,0
-0.1414,-0.0823,1.0051,-0.3282,0.5878,-1.4733,0,0,0
-0.1379,-0.0808,1.0178,-1.4504,-0.3511,-1.3817,0,0,0
-0.1365,-0.0815,1.0103,-2.9695,-1.3053,-1.2748,0,0,0
-0.1338,-0.0911,1.0166,-4.4275,-1.0,-0.8855,0,0,0
-0.1301,-0.0964,1.0239,-4.7863,-0.3359,-0.4427,0,0,0
-0.1355,-0.0908,1.0164,-3.8473,0.2214,-0.2137,0,0,0
-0.1399,-0.0972,1.0134,-2.1679,0.4427,-0.0916,0,0,0
-0.1372,-0.0908,1.0142,0.0153,0.1603,-0.0382,0,0,0
-0.1338,-0.0825,1.0076,2.3511,-0.145,-0.3969,0,0,0
-0.1348,-0.0771,1.0073,3.1298,-0.626,-0.7328,0,0,0
-0.1382,-0.0791,1.02,2.4809,-0.6794,-1.4656,0,0,0
-0.1338,-0.0818,1.0144,0.9389,-0.5344,-1.542,0,0,0
-0.1318,-0.0779,1.0227,-1.0763,-0.0611,-0.9542,0,0,0
-0.1389,-0.0747,1.0149,-3.2595,0.4198,-0.5038,0,0,0
-0.1384,-0.0752,1.0146,-5.5573,-0.0992,-0.7023,0,0,0
-0.1431,-0.0901,1.0139,-5.6336,-0.2443,-0.7405,0,0,0
-0.1409,-0.1033,1.0183,-3.3893,-0.4427,0.0,0,0,0
-0.1387,-0.1023,1.0115,-0.7328,-0.7405,-0.2824,0,0,0
-0.1416,-0.0916,1.0063,1.5191,-0.8779,-0.1832,0,0,0
-0.1377,-0.0833,1.0181,1.8015,-0.6641,-0.374,0,0,0
-0.1384,-0.0781,1.0254,1.1069,-0.6107,-0.2366,0,0,0
-0.1333,-0.0791,1.0251,-0.1603,-0.3359,-0.8092,0,0,0
-0.1357,-0.0793,1.022,-1.1374,0.2061,-1.0305,0,0,0
-0.1353,-0.0793,1.0144,-2.5115,0.1679,-1.0611,0,0,0
-0.1367,-0.0828,1.0154,-4.0458,-0.3053,-0.6107,0,0,0
-0.1433,-0.0923,1.0166,-3.8397,-0.687,-0.458,0,0,0
-0.1348,-0.0874,1.0247,-2.6641,-0.6412,-0.2595,0,0,0
-0.1362,-0.0969,1.0237,-0.7634,-0.6031,0.0534,0,0,0
-0.1343,-0.0918,1.0176,0.5954,0.4351,0.374,0,0,0
-0.135,-0.0784,1.0173,1.1298,0.9542,0.3817,0,0,0
-0.1355,-0.0791,1.011,0.6183,0.8855,0.3359,0,0,0
-0.1433,-0.0708,1.0122,-0.1527,0.8473,0.0,0,0,0
-0.1458,-0.0715,1.011,-1.0458,0.0687,-0.1527,0,0,0
-0.1379,-0.0776,1.01,-1.2977,-0.0687,0.1756,0,0,0
-0.1396,-0.0745,1.0134,-1.3206,-0.5344,-0.0534,0,0,0
-0.1401,-0.0693,1.0132,-1.9237,-1.1298,-0.7099,0,0,0
-0.1367,-0.0825,1.0261,-2.084,-0.2901,-1.145,0,0,0
-0.1365,-0.0872,1.0237,-2.3664,-0.1832,-0.8397,0,0,0
-0.1392,-0.0908,1.0239,-1.8397,0.1832,-1.1832,0,0,0
-0.1372,-0.0864,1.021,-1.1527,0.4809,-0.8168,0,0,0
-0.1399,-0.0923,1.0134,-0.5191,0.4351,-0.5954,0,0,0
-0.1384,-0.0837,1.0212,-0.0534,0.3588,-0.5115,0,0,0
-0.1348,-0.0789,1.0229,-0.6794,0.2672,-0.2519,0,0,0
-0.1411,-0.0776,1.0139,-1.9542,-0.0916,-0.6183,0,0,0
-0.1335,-0.0759,1.0208,-3.2137,0.0458,-0.5115,0,0,0
-0.1357,-0.0779,1.022,-3.9771,0.0382,-0.2977,0,0,0
-0.1399,-0.0862,1.0166,-4.4733,0.3282,-0.3435,0,0,0
-0.1436,-0.0803,1.0032,-4.1145,0.5878,-0.0687,0,0,0
-0.144,-0.0859,0.9993,-3.3053,0.6107,-0.3664,0,0,0
-0.1477,-0.0884,0.9995,-1.4962,-0.1603,-1.0534,0,0,0
-0.1433,-0.094,1.0037,0.4427,-0.6031,-0.9542,0,0,0
-0.1479,-0.082,1.0088,1.3206,-0.9542,0.2366,0,0,0
-0.1431,-0.0747,1.0164,0.4275,-1.3511,0.542,0,0,0
-0.1365,-0.0613,1.0283,-1.1374,-0.7786,-0.626,0,0,0
-0.1365,-0.0671,1.019,-2.7786,-0.0229,-1.3053,0,0,0
-0.1416,-0.0806,1.02,-3.6718,0.5954,-0.9695,0,0,0
-0.1421,-0.0925,1.0178,-3.7481,0.5573,-0.1374,0,0,0
-0.1421,-0.0872,1.0012,-3.0763,-0.1221,-0.0076,0,0,0
-0.1343,-0.0925,1.0054,-1.9847,-0.2366,0.0382,0,0,0
-0.1389,-0.0898,1.0146,-0.626,-0.5573,0.9771,0,0,0
-0.1372,-0.0798,1.0181,0.3511,-0.7786,0.5115,0,0,0
-0.1384,-0.0662,1.0144,0.7863,-0.4504,-0.6412,0,0,0
-0.1401,-0.0696,1.0278,-0.0382,-0.084,-1.2672,0,0,0
-0.1396,-0.0774,1.03,-0.0992,1.313,-1.5496,0,0,0
-0.1416,-0.0852,1.0288,-0.5573,2.542,-1.4427,0,0,0
-0.1467,-0.0898,1.0281,-0.8931,3.2366,-0.5115,0,0,0
-0.145,-0.0894,1.0193,-1.0382,3.0992,0.2214,0,0,0
-0.1558,-0.0752,1.0134,-0.8779,2.3053,-0.2366,0,0,0
-0.1511,-0.0808,1.0059,-0.5725,1.5115,-0.9542,0,0,0
-0.1562,-0.0845,1.0107,1.2901,1.2748,-1.855,0,0,0
-0.1428,-0.0554,1.0225,1.1221,1.145,-2.2366,0,0,0
-0.134,-0.0652,1.0208,-0.0153,1.6412,-2.7176,0,0,0
-0.1377,-0.071,1.0369,-1.4733,3.3664,-3.0534,0,0,0
-0.136,-0.0798,1.0562,-0.1527,6.3359,-2.8015,0,0,0
-0.1101,-0.0842,1.0728,0.7099,10.8244,-3.0687,0,0,0
-0.1233,-0.0391,1.0679,-0.5649,17.0992,-4.5191,0,0,0
-0.1335,-0.0371,1.0596,-3.5649,21.2137,-7.1756,0,0,0
-0.1455,-0.0503,1.0344,-5.3969,23.1832,-9.4046,0,0,0
-0.1624,-0.0476,1.0264,-7.6794,22.9771,-10.8244,0,0,0
-0.1631,-0.0762,1.0178,-8.374,22.2519,-11.8855,0,0,0
-0.1743,-0.093,1.0088,-6.7176,21.1069,-11.6183,0,0,0
-0.1711,-0.1086,1.0269,-3.5954,21.1603,-11.4198,0,0,0
-0.1924,-0.106,0.9966,-0.0611,21.0534,-10.1298,1,0,0
-0.1873,-0.073,0.9973,0.8855,19.3435,-8.4122,1,0,0
-0.2075,-0.054,0.9685,-0.0916,16.7481,-8.1069,1,0,0
-0.199,-0.1135,0.9749,1.2824,15.5878,-9.3282,1,0,0
-0.2139,-0.0859,0.9539,0.0611,10.1069,-7.2061,1,0,0
-0.2148,-0.1082,0.9631,0.7863,7.0,-5.3664,1,0,0
-0.2139,-0.0991,0.9619,2.1603,2.9695,-4.229,1,0,0
-0.2126,-0.103,0.96,3.8244,-0.4962,-3.4122,1,0,0
-0.2092,-0.0803,0.958,3.084,-2.8931,-2.145,1,0,0
-0.1985,-0.0806,0.9675,0.9771,-4.8092,-1.542,1,0,0
-0.1895,-0.0769,0.9758,-2.5038,-6.2519,-0.0458,1,0,0
-0.1687,-0.0986,1.0085,-4.3359,-4.9008,1.2595,1,0,0
-0.1733,-0.1104,1.0085,-3.7557,-2.4504,2.0458,1,0,0
-0.1855,-0.1074,1.0017,-3.0076,-1.0076,1.6794,1,0,0
-0.1858,-0.092,0.9854,-2.0076,-1.3206,0.3206,1,0,0
-0.1899,-0.0916,0.9941,-0.8015,-2.6718,0.458,1,0,0
-0.1882,-0.0845,0.9902,-0.5344,-3.6107,0.6031,1,0,0
-0.189,-0.0845,0.9983,-0.4656,-4.7939,0.6641,1,0,0
-0.1875,-0.0903,1.001,-0.5496,-5.771,0.2595,1,0,0
-0.1951,-0.0911,1.0044,-0.084,-5.3053,0.5115,1,0,0
-0.1848,-0.0854,1.0115,-0.1832,-5.2824,0.6565,1,0,0
-0.1931,-0.0657,1.0156,-0.6641,-5.1374,1.3893,1,0,0
-0.1821,-0.0603,1.0183,-2.1069,-5.5573,1.4885,1,0,0
-0.1863,-0.0574,1.0161,-3.8397,-5.8397,1.7023,1,0,0
-0.1777,-0.0693,1.0178,-4.9771,-5.5038,1.855,1,0,0
-0.1843,-0.0886,1.0134,-5.2672,-5.7328,2.1756,1,0,0
-0.1421,-0.0544,1.0645,-5.7252,-3.0687,1.5191,1,0,0
-0.1519,-0.0979,1.0305,-4.3664,-0.4046,0.6641,1,0,0
-0.1831,-0.0791,1.0229,-2.9847,-0.0611,0.6031,1,0,0
-0.1963,-0.0664,1.019,-4.8397,-0.6489,0.771,1,0,0
-0.2048,-0.072,1.0037,-7.4046,-1.9313,1.1374,1,0,0
-0.1982,-0.0962,0.9917,-6.9695,-3.1374,1.5344,1,0,0
-0.1897,-0.106,0.9983,-3.8702,-4.2519,0.4656,1,0,0
-0.196,-0.105,0.9978,0.3511,-4.5344,1.084,1,0,0
-0.1941,-0.0857,0.9941,1.7939,-5.7176,1.8473,1,0,0
-0.1892,-0.0791,0.9949,2.0382,-6.2061,1.7023,1,0,0
-0.1885,-0.0735,0.9836,1.8855,-7.3282,0.8473,1,0,0
-0.1838,-0.0864,0.989,0.9847,-8.5802,0.2443,1,0,0
-0.1768,-0.0896,1.0103,1.2595,-8.3511,1.2443,1,0,0
-0.166,-0.0808,1.0137,1.4122,-6.6947,2.458,1,0,0
-0.157,-0.0725,1.0291,-0.2901,-4.2061,1.5649,1,0,0
-0.168,-0.075,1.0095,-2.6031,-3.2824,0.0534,1,0,0
-0.1633,-0.0918,1.0112,-3.4122,-2.9695,0.1679,1,0,0
-0.1589,-0.0916,1.0083,-2.771,-3.0076,1.4733,1,0,0
-0.1626,-0.093,1.0139,-1.5191,-2.6794,1.9618,1,0,0
-0.155,-0.0884,1.0146,0.5038,-1.7557,1.1908,1,0,0
-0.1621,-0.0857,1.0203,1.3817,-0.916,0.7252,1,0,0
-0.1643,-0.0759,1.0183,1.5725,0.1298,0.8244,1,0,0
-0.1682,-0.0728,1.0059,1.4427,0.2519,0.3588,1,0,0
-0.1721,-0.0742,1.0002,-0.3282,-0.4962,0.542,1,0,0
-0.1758,-0.0779,0.9951,-0.8015,-0.855,1.0534,1,0,0
-0.1707,-0.0671,0.9998,-1.7328,-1.3359,1.4275,1,0,0
-0.1736,-0.0684,1.0132,-2.7252,-1.145,0.4122,1,0,0
-0.1724,-0.072,1.0081,-3.1756,-1.1298,0.2748,1,0,0
-0.1819,-0.0842,1.0095,-2.0534,-1.084,0.6183,1,0,0
-0.1672,-0.075,1.0085,-1.5649,-1.8244,0.374,1,0,0
-0.1677,-0.0918,1.0134,0.0153,-2.6107,0.2748,1,0,0
-0.1624,-0.0806,1.0271,1.0763,-2.7023,0.4809,1,0,0
-0.1658,-0.0652,1.0215,0.3435,-2.0992,0.3817,1,0,0
-0.1616,-0.071,1.0249,-0.3588,-1.0382,-0.084,1,0,0
-0.167,-0.0608,1.0232,-1.7023,-0.4885,-0.7863,1,0,0
-0.166,-0.0771,1.0208,-3.3206,0.2061,-1.2519,1,0,0
-0.1653,-0.0884,1.0156,-3.2214,0.4733,-0.4962,1,0,0
-0.168,-0.0811,1.0022,-3.229,0.0687,0.3588,1,0,0
-0.168,-0.0845,1.0071,-2.5496,0.084,1.3817,1,0,0
-0.1667,-0.0833,1.0139,-1.4122,-0.4351,0.8015,1,0,0
-0.1704,-0.0735,1.0063,-0.5649,-0.4733,0.5725,1,0,0
-0.1711,-0.0649,1.0059,-0.4427,-0.7023,-0.1832,1,0,0
-0.165,-0.0625,1.0095,-1.1069,-1.1985,-1.6718,1,0,0
-0.1699,-0.0696,1.0083,-1.9313,-1.1679,-1.9084,1,0,0
-0.1653,-0.0854,1.0122,-2.1298,-0.8244,-1.145,1,0,0
-0.1626,-0.0735,1.0149,-2.2824,-0.9695,-0.3588,1,0,0
-0.1633,-0.0789,1.0212,-2.7481,-0.6336,-0.1221,1,0,0
-0.165,-0.0784,1.0137,-2.374,-0.6183,-0.3206,1,0,0
-0.1636,-0.0811,1.0095,-2.3817,-0.4656,-0.1069,1,0,0
-0.1694,-0.085,0.9976,-1.5573,-0.6718,-0.1603,1,0,0
-0.1709,-0.0764,1.0005,-1.0458,-1.313,-0.3435,1,0,0
-0.1611,-0.0737,1.0037,-1.0,-2.0534,-0.8015,1,0,0
-0.1648,-0.0723,1.012,-1.9008,-1.8626,-0.8244,1,0,0
-0.1599,-0.0649,1.0154,-3.1985,-1.0763,-0.4198,1,0,0
-0.1626,-0.0703,1.0112,-4.7023,-1.2901,-0.7939,1,0,0
-0.1663,-0.0798,1.0093,-5.4275,-0.9008,-0.8473,1,0,0
-0.1667,-0.0977,0.9995,-4.4427,-1.0458,-0.374,1,0,0
-0.165,-0.1062,1.0027,-1.7099,-1.0076,-0.3588,1,0,0
-0.1655,-0.092,1.0034,0.5649,-1.0382,-0.3969,1,0,0
-0.1633,-0.0874,1.0034,1.4275,-1.2443,0.0153,1,0,0
-0.1687,-0.0645,1.0085,0.1985,-1.3206,0.2137,1,0,0
-0.1699,-0.0586,1.0017,-2.2443,-1.7939,-0.2595,1,0,0
-0.1626,-0.0735,1.0178,-4.5802,-2.1832,-0.5115,1,0,0
-0.1653,-0.0833,1.0215,-4.9084,-1.9618,-0.0763,1,0,0
-0.1619,-0.0886,1.0183,-4.8015,-1.3435,0.626,1,0,0
-0.1643,-0.0923,1.0137,-3.4885,-1.7863,0.6336,1,0,0
-0.1694,-0.0796,1.0098,-1.1221,-1.7099,0.229,1,0,0
-0.1636,-0.0723,1.019,-0.1908,-1.4885,-0.6107,1,0,0
-0.1606,-0.0698,1.02,0.2595,-1.4046,-1.2595,1,0,0
-0.1584,-0.0681,1.019,-0.9313,-1.3206,-1.2824,1,0,0
-0.1584,-0.0803,1.0315,-2.3893,-0.3817,-0.6641,1,0,0
-0.1562,-0.082,1.0227,-2.8473,-0.2061,-0.0153,1,0,0
-0.1606,-0.0835,1.0164,-3.0229,-0.0305,0.2595,1,0,0
-0.1672,-0.0835,1.0046,-2.9084,-0.3588,0.3817,1,0,0
-0.1768,-0.0796,1.0032,-2.2901,-0.9695,0.5725,1,0,0
-0.1714,-0.0698,0.9978,-2.2901,-1.3053,0.4504,1,0,0
-0.1648,-0.0725,1.0044,-2.0382,-1.374,-0.5802,1,0,0
-0.1606,-0.0786,1.0117,-1.4885,-0.9313,-0.8626,1,0,0
-0.1626,-0.071,1.0149,-0.6107,-0.5344,-1.2214,1,0,0
-0.1672,-0.0686,1.0054,-1.145,-0.7939,-1.7099,1,0,0
-0.1694,-0.0764,1.0066,-1.2366,-0.8626,-1.5496,1,0,0
-0.1658,-0.0735,1.0083,-1.6336,-1.2977,-0.9084,1,0,0
-0.1711,-0.0732,1.0103,-2.1603,-1.5267,-0.7176,1,0,0
-0.1606,-0.0803,1.0132,-2.8168,-1.2748,-0.9618,1,0,0
-0.1555,-0.0793,1.0166,-3.145,-0.8244,-0.5115,1,0,0
-0.1555,-0.0842,1.0276,-3.0916,-0.2137,-0.5725,1,0,0
-0.166,-0.0867,1.0183,-2.3053,0.1221,-0.4351,1,0,0
-0.1653,-0.0845,1.0127,-1.6794,-0.3664,-0.374,1,0,0
-0.1621,-0.0845,1.0088,-0.8321,-0.687,-0.9847,1,0,0
-0.1648,-0.0947,1.0105,0.1527,-0.8855,-0.8931,1,0,0
-0.1648,-0.0959,1.0144,0.9695,-0.2748,-0.1908,1,0,0
-0.1675,-0.0752,1.0105,1.2672,0.0229,-0.1679,1,0,0
-0.167,-0.0632,1.0042,-0.6107,-0.687,-0.7176,1,0,0
-0.1682,-0.0762,1.009,-3.2519,-1.1679,-0.6031,1,0,0
-0.1626,-0.0798,1.0129,-4.855,-1.626,0.1374,1,0,0
-0.1621,-0.0879,1.0161,-4.374,-1.2214,0.8779,1,0,0
-0.1619,-0.0793,1.0168,-4.5344,-1.3511,0.145,1,0,0
-0.1599,-0.0767,1.0117,-4.0534,-1.2748,-0.5115,1,0,0
-0.166,-0.0852,1.0188,-2.7786,-1.0153,-0.7634,1,0,0
-0.1599,-0.0911,1.012,-1.2061,-0.9008,-0.8473,1,0,0
-0.1624,-0.0898,1.0054,-0.5954,-0.5496,-0.374,1,0,0
-0.1599,-0.0745,1.011,-0.2977,-0.7634,-0.2824,1,0,0
-0.1628,-0.0691,0.9978,-0.9924,-1.7405,-0.6947,1,0,0
-0.1592,-0.0688,1.0085,-1.7481,-2.374,-0.8092,1,0,0
-0.1572,-0.0779,1.0168,-1.8473,-1.9542,-0.3893,1,0,0
-0.1562,-0.0835,1.0222,-1.4809,-1.9695,-0.0305,1,0,0
-0.1619,-0.0796,1.0149,-1.4885,-1.0076,-0.2366,1,0,0
-0.1636,-0.0813,1.0261,-1.8015,-0.916,-0.8244,1,0,0
-0.1599,-0.0852,1.0078,-1.7481,-0.855,-0.4198,1,0,0
-0.166,-0.0864,1.0146,-1.0153,-1.2137,-0.6336,1,0,0
-0.1614,-0.0752,1.0146,-0.4504,-0.9237,-0.8244,1,0,0
-0.1611,-0.0642,1.0129,-1.3588,-1.8321,-1.0229,1,0,0
-0.1672,-0.0647,1.0051,-2.8779,-1.9466,-1.1985,1,0,0
-0.1638,-0.0869,1.012,-3.4962,-2.374,-0.9313,1,0,0
-0.1592,-0.0986,1.0186,-3.2672,-1.7481,-0.0305,1,0,0
-0.158,-0.0889,1.0127,-2.2214,-1.3435,0.3817,1,0,0
-0.1599,-0.0867,1.01,-1.0458,-0.5954,0.0153,1,0,0
-0.1611,-0.0713,1.0093,-0.1221,-1.0534,-1.1756,1,0,0
-0.1611,-0.0759,1.0037,-0.1298,-1.1908,-1.5496,1,0,0
-0.1597,-0.0779,1.0115,-0.8931,-2.2748,-1.3359,1,0,0
-0.1648,-0.0823,1.0068,-1.687,-2.6794,-0.5267,1,0,0
-0.1533,-0.0945,1.0273,-2.1527,-3.0076,0.1908,1,0,0
-0.1589,-0.0796,1.0312,-1.8931,-1.9237,0.8092,1,0,0
-0.1523,-0.0796,1.0269,-2.7099,-0.6336,0.9008,1,0,0
-0.1589,-0.0869,1.0166,-1.9695,0.0305,0.2443,1,0,0
-0.1582,-0.0803,1.0188,-1.0992,-0.0229,-0.0229,1,0,0
-0.1631,-0.0767,1.0015,-0.7176,-0.9389,-0.3969,1,0,0
-0.1611,-0.0728,1.0024,0.0611,-1.4427,-1.0611,1,0,0
-0.158,-0.0779,1.0139,-0.2901,-1.6565,-1.0458,1,0,0
-0.1558,-0.0747,1.0193,-0.9847,-1.1908,-0.7557,1,0,0
-0.1528,-0.0793,1.0193,-1.855,-0.5725,-0.6565,1,0,0
-0.155,-0.0801,1.0112,-3.0534,-0.3664,-0.7405,1,0,0
-0.1575,-0.0852,1.0186,-2.3053,-0.3817,-0.6489,1,0,0
-0.1626,-0.0789,1.0112,-1.7634,-0.2214,-0.8702,1,0,0
-0.1594,-0.0793,1.0039,-0.5649,-1.2137,-1.4427,1,0,0
-0.1641,-0.0879,1.0117,0.1374,-1.6412,-1.2901,1,0,0
-0.1558,-0.0903,1.0134,0.084,-1.7863,-0.8779,1,0,0
-0.1614,-0.0774,1.0093,0.2824,-1.0458,0.0763,1,0,0
-0.1497,-0.0781,1.0154,-1.4122,-1.3969,-0.3282,1,0,0
-0.1528,-0.0813,1.0146,-2.2214,-0.6412,0.2901,1,0,0
-0.1577,-0.0737,1.009,-2.8473,-0.5725,0.2977,1,0,0
-0.1587,-0.0693,1.0103,-3.4733,-1.0763,-0.0305,1,0,0
-0.1565,-0.0854,1.0115,-2.9389,-1.687,0.1145,1,0,0
-0.1584,-0.0833,1.0178,-1.5725,-1.3817,0.5954,1,0,0
-0.1528,-0.0745,1.0154,-0.6107,-1.8015,0.1527,1,0,0
-0.1543,-0.073,1.0188,-0.0687,-1.0382,-0.771,1,0,0
-0.1526,-0.0759,1.0156,0.1527,-0.5267,-0.4427,1,0,0
-0.1597,-0.0803,1.0107,0.2672,-0.4427,-0.6183,1,0,0
-0.1606,-0.0723,1.0127,0.6641,-0.5878,-0.0382,1,0,0
-0.1682,-0.0742,1.002,-0.2214,-2.5115,0.5038,1,0,0
-0.1716,-0.0962,1.0051,0.7328,-4.1298,2.1908,1,0,0
-0.175,-0.0674,1.0029,-0.0534,-5.1527,3.5038,1,0,0
-0.1448,-0.073,1.0105,-0.916,-5.7786,3.3664,1,0,0
-0.1416,-0.0718,1.021,-1.084,-4.9084,2.6107,1,0,0
-0.1208,-0.0864,1.0144,3.1145,-3.2061,-1.6718,1,0,0
-0.1995,-0.0417,1.0217,3.2519,-2.9084,-0.6565,1,0,0
-0.1235,-0.0706,1.0156,1.9466,-1.0153,-1.3969,1,0,0
-0.157,-0.0657,1.0215,0.0611,-0.8779,-1.3969,1,0,0
-0.1497,-0.0718,1.0237,-1.6489,-0.1069,-1.6641,1,0,0
-0.1509,-0.0715,1.01,-1.8702,-0.7939,-1.2366,1,0,0
-0.1487,-0.0691,1.0083,-1.3664,-1.7252,-1.5802,1,0,0
-0.1523,-0.0723,1.0237,-1.1603,-2.0,-1.3511,1,0,0
-0.1426,-0.0745,1.0288,-0.7939,-1.0992,0.2519,1,0,0
-0.1399,-0.0698,1.0195,-0.5344,0.0534,0.7786,1,0,0
-0.1514,-0.0608,1.0117,-1.4275,0.1985,0.7252,1,0,0
-0.1572,-0.0701,1.0081,-2.6718,0.0,0.5115,1,0,0
-0.1501,-0.0742,1.0139,-3.1603,-0.7099,-0.0611,1,0,0
-0.1516,-0.0769,1.0134,-1.4427,-1.0687,-0.5344,1,0,0
-0.1509,-0.0786,1.0134,-0.7863,-0.2061,-0.6107,1,0,0
-0.1523,-0.0637,1.0178,-0.9466,0.2672,-1.4198,1,0,0
-0.1531,-0.0757,1.011,-2.2214,0.4427,-1.1756,1,0,0
-0.1609,-0.084,1.009,-1.8092,0.3588,-0.6183,1,0,0
-0.1541,-0.0845,1.0112,-0.9237,-0.2214,0.3053,1,0,0
-0.1528,-0.0718,1.012,-0.2672,-0.7099,0.2443,1,0,0
-0.1497,-0.063,1.0164,-0.1985,-0.2748,0.1679,1,0,0
-0.1514,-0.0657,1.0171,-0.2595,0.0992,0.3511,1,0,0
-0.1514,-0.063,1.0063,-0.2443,0.1527,-0.0458,1,0,0
-0.1533,-0.0569,1.0059,-1.4885,-0.458,-0.145,1,0,0
-0.1489,-0.0593,1.0151,-3.0458,-0.8473,0.2824,1,0,0
-0.1482,-0.0669,1.012,-3.9313,-1.2137,1.6183,1,0,0
-0.1531,-0.0679,1.0161,-4.3511,-1.4427,1.4809,1,0,0
-0.1499,-0.0708,1.0156,-3.145,-1.458,-0.0763,1,0,0
-0.1536,-0.0698,1.0171,-1.6031,-0.7099,-0.5115,1,0,0
-0.1536,-0.0623,1.0183,-0.8397,-0.0763,-0.855,1,0,0
-0.1511,-0.0554,1.0125,-1.3588,-0.2824,-1.7099,1,0,0
-0.1565,-0.0652,1.0146,-2.2366,-0.2519,-1.8855,1,0,0
-0.1487,-0.072,1.0139,-3.7481,-0.6489,-1.4122,1,0,0
-0.1506,-0.0769,1.0156,-4.2366,-0.8931,-0.7557,1,0,0
-0.1467,-0.0757,1.0215,-3.771,0.0916,-0.6718,1,0,0
-0.147,-0.0791,1.0134,-2.9695,-0.0992,-0.9466,1,0,0
-0.1565,-0.0681,1.0115,-1.1985,0.5878,-1.0153,1,0,0
-0.1541,-0.0688,1.0115,-0.916,-0.3817,-1.2824,1,0,0
-0.1562,-0.0667,1.0061,-1.1221,-0.8092,-1.3969,1,0,0
-0.1541,-0.0637,1.0078,-2.2977,-0.9237,-1.6336,1,0,0
-0.1482,-0.0698,1.01,-4.0458,-0.8244,-1.8931,1,0,0
-0.1184,-0.0298,1.0696,-7.2061,2.5267,-3.9695,1,0,0
-0.1567,-0.1101,0.998,-4.1679,1.1145,-2.7252,1,0,0
-0.1638,-0.0601,1.0093,-4.6641,0.0382,-2.1756,1,0,0
-0.165,-0.0437,1.0012,-9.2214,0.1908,-2.1221,1,0,0
-0.1602,-0.0884,1.0186,-10.5878,-0.0305,-1.7939,1,0,0
-0.1584,-0.1184,1.0115,-7.1145,-0.5954,-0.1145,1,0,0
-0.1577,-0.1189,1.009,-2.8015,-0.9771,1.3282,1,0,0
-0.1497,-0.095,1.0122,0.458,-1.4504,0.9924,1,0,0
-0.1506,-0.0706,1.0115,1.6031,-1.0382,1.1756,1,0,0
-0.1523,-0.0576,1.0117,0.2595,-1.1985,-0.542,1,0,0
-0.1492,-0.0718,1.0242,-1.2977,-0.8702,-1.626,1,0,0
-0.1472,-0.075,1.0132,-1.0763,-0.3664,-0.5496,1,0,0
-0.1533,-0.0696,1.0134,-0.8626,-0.5725,-0.5038,1,0,0
-0.1526,-0.0757,1.0063,-1.3664,-0.2061,-0.8702,1,0,0
-0.1506,-0.0735,1.0103,-1.5649,-0.0687,-0.8779,1,0,0
-0.1541,-0.0742,1.0076,-2.1374,-0.6183,-1.1527,1,0,0
-0.1497,-0.0769,1.0098,-3.084,-0.6641,-0.9008,1,0,0
-0.1499,-0.0806,1.0146,-3.7481,-0.7634,-0.7328,1,0,0
-0.1506,-0.0867,1.0081,-3.2214,-0.9618,-0.3664,1,0,0
-0.1565,-0.0845,1.0168,-2.626,-1.1221,0.0916,1,0,0
-0.1497,-0.0884,1.0261,-1.0687,-0.145,0.3282,1,0,0
-0.1572,-0.0676,1.0103,0.1908,0.2061,-0.0305,1,0,0
-0.156,-0.0671,1.0193,-0.0763,-0.374,-0.7557,1,0,0
-0.1562,-0.0759,1.0151,0.3206,-0.5344,-0.5344,1,0,0
-0.157,-0.0701,1.0137,0.0458,-0.2824,-0.1985,1,0,0
-0.1479,-0.0571,1.0076,-2.8092,-0.3282,-0.6336,1,0,0
-0.1545,-0.0715,1.0178,-4.4962,-0.2977,-1.4656,1,0,0
-0.1587,-0.0779,1.0181,-5.4351,-0.5038,-0.9771,1,0,0
-0.1555,-0.0872,1.0117,-5.542,-0.4046,-0.0916,1,0,0
-0.1526,-0.0933,1.022,-3.3969,-0.7939,-0.2519,1,0,0
-0.1511,-0.0928,1.0168,-0.3206,0.2137,0.3588,1,0,0
-0.1567,-0.0859,1.011,1.5038,-0.0763,0.2137,1,0,0
-0.1523,-0.0845,1.0134,2.0992,-0.4962,0.6947,1,0,0
-0.1526,-0.0564,1.0149,1.5802,-0.5573,0.5344,1,0,0
-0.147,-0.0505,1.0276,-0.9924,-0.4198,-0.313,1,0,0
-0.1545,-0.0659,1.0186,-2.9313,-0.0916,-1.1832,1,0,0
-0.1519,-0.0686,1.0105,-4.5038,0.1985,-1.8015,1,0,0
-0.1577,-0.0872,1.0107,-4.7863,-0.1603,-1.2443,1,0,0
-0.1589,-0.1062,1.0154,-3.5649,-0.4962,-0.1832,1,0,0
-0.1565,-0.092,1.0076,-1.6794,-0.5573,0.4275,1,0,0
-0.1565,-0.082,1.0181,0.0305,-0.7023,0.7405,1,0,0
-0.1565,-0.0642,1.0127,0.626,-0.4885,-0.4733,1,0,0
-0.1462,-0.0608,1.0205,-0.0305,0.0,-1.6641,1,0,0
-0.1499,-0.0718,1.019,-0.6107,0.7634,-1.9618,1,0,0
-0.1511,-0.0737,1.0188,-1.6412,0.1298,-2.0076,1,0,0
-0.1519,-0.0774,1.0093,-3.0687,0.2519,-1.4198,1,0,0
-0.155,-0.092,1.0186,-3.8092,-0.4198,-0.1908,1,0,0
-0.1562,-0.1025,1.01,-2.3893,-0.2443,0.9924,1,0,0
-0.1538,-0.0793,1.0107,-0.4427,-0.4122,1.2061,1,0,0
-0.1572,-0.083,1.0081,0.9313,-0.8015,1.1374,1,0,0
-0.1575,-0.0964,1.0061,2.8244,-1.6489,1.4427,1,0,0
-0.1562,-0.0732,1.0193,3.9466,-2.2366,1.3664,1,0,0
-0.1306,-0.0698,1.0005,6.6565,-1.7099,-2.3588,1,0,0
-0.1814,-0.0481,1.0063,5.2824,-2.5115,-0.6641,1,0,0
-0.1345,-0.0627,1.0205,1.7176,-1.1908,-1.2672,1,0,0
-0.1558,-0.0664,1.0205,-0.0763,-0.6489,-0.3053,1,0,0
-0.1489,-0.0618,1.0315,-1.9313,0.7557,-0.6489,1,0,0
-0.1418,-0.0767,1.0134,-2.0,0.6412,-0.7099,1,0,0
-0.1548,-0.0786,1.0095,-0.6794,0.3893,-0.3206,1,0,0
-0.1562,-0.0674,1.0002,0.6489,-0.0458,-0.5649,1,0,0
-0.1516,-0.0669,1.0056,0.7786,-0.9389,-0.6565,1,0,0
-0.1499,-0.0698,1.0115,0.6489,-0.4351,-0.1756,1,0,0
-0.1443,-0.0627,1.0154,-0.5573,0.0305,0.229,1,0,0
-0.1477,-0.0662,1.0183,-1.6107,0.6412,0.5725,1,0,0
-0.1484,-0.0674,1.0286,-2.4885,0.6336,1.1832,1,0,0
-0.1582,-0.0684,1.02,-2.1985,0.4427,0.5878,1,0,0
-0.1519,-0.0752,1.0176,-2.0229,-0.1756,0.0153,1,0,0
-0.1572,-0.0828,1.0208,-0.4504,0.0916,-0.3206,1,0,0
-0.1604,-0.0801,1.0142,0.3664,-0.1756,-0.1756,1,0,0
-0.1597,-0.071,1.0117,0.855,-0.3435,-0.7405,1,0,0
-0.1541,-0.0684,1.0134,-0.855,-0.0229,-0.6641,1,0,0
-0.1514,-0.0654,1.0176,-1.9847,0.7557,-0.0229,1,0,0
-0.1604,-0.0522,1.009,-3.458,0.4656,0.1985,1,0,0
-0.1553,-0.0679,1.0068,-4.2519,-0.3359,0.0305,1,0,0
-0.1492,-0.0803,1.0042,-2.1908,-0.4885,0.313,1,0,0
-0.1533,-0.0808,0.9961,0.1603,-0.8244,0.6947,1,0,0
-0.1465,-0.0798,1.0095,1.626,-1.9237,0.8626,1,0,0
-0.1541,-0.0769,0.9993,2.4198,-2.4656,1.5649,1,0,0
-0.1523,-0.0613,0.9971,1.2137,-3.855,2.6183,1,0,0
-0.1526,-0.0691,0.9995,0.5725,-5.0458,3.1145,1,0,0
-0.1409,-0.0674,1.0112,0.3588,-5.4275,3.3817,1,0,0
-0.1396,-0.0564,1.0137,0.4733,-4.8702,3.3359,1,0,0
-0.1448,-0.063,1.0134,0.2672,-3.7405,3.1908,1,0,0
-0.1472,-0.0718,1.0046,0.7328,-3.542,2.916,1,0,0
-0.1743,-0.1309,0.9895,1.0992,-2.5954,2.1069,1,0,0
-0.1523,-0.0835,1.0061,3.5573,-5.9924,3.4656,1,0,0
-0.1479,-0.0635,1.009,4.6489,-7.1603,3.8168,1,0,0
-0.1458,-0.0518,1.0037,5.0305,-7.4427,3.1527,1,0,0
-0.1499,-0.0488,1.0105,4.2137,-7.4962,2.7023,1,0,0
-0.1531,-0.0476,1.0046,3.2901,-7.7557,1.916,1,0,0
-0.1504,-0.0415,1.0024,2.7099,-7.8244,1.5267,1,0,0
-0.1541,-0.0464,0.9958,2.4046,-9.2519,0.7405,1,0,0
-0.1477,-0.063,0.9888,2.7481,-11.3435,0.9389,1,0,0
-0.1472,-0.0662,0.9878,3.9924,-13.5191,2.0992,1,0,0
-0.1519,-0.0862,0.9822,5.3817,-15.5649,2.8168,1,0,0
-0.1511,-0.0781,0.9849,6.9771,-18.7481,4.313,1,0,0
-0.1616,-0.0769,0.9563,8.9542,-22.2824,5.6336,1,0,0
-0.1521,-0.062,0.9854,9.8168,-27.4198,6.3969,1,0,0
-0.1348,-0.0581,0.9995,12.1908,-30.5878,6.7328,1,0,0
-0.1157,-0.0583,1.0176,11.5038,-31.1221,8.2748,1,0,0
-0.0957,-0.0508,1.0508,11.2977,-28.3282,9.3053,1,0,0
-0.0769,-0.0244,1.0549,9.8092,-25.3053,9.0229,1,0,0
-0.0833,-0.0283,1.0417,8.1985,-22.771,7.9771,1,0,0
-0.0901,-0.0315,1.0281,6.4885,-22.2061,7.5725,1,0,0
-0.0847,-0.031,1.0188,6.313,-23.0,7.4427,1,0,0
-0.0835,-0.0344,1.0193,6.9389,-24.2214,7.4962,1,0,0
-0.0815,-0.0449,1.0249,8.4427,-24.1985,8.3359,1,0,0
-0.0757,-0.04,1.0205,10.9008,-23.7328,8.9008,1,0,0
-0.0728,-0.0344,1.0234,11.6107,-23.9618,9.771,1,0,0
-0.0671,-0.0151,1.0178,11.2748,-23.6565,10.542,1,0,0
-0.0625,0.0061,1.0107,9.3053,-24.5344,9.3893,1,0,0
-0.0435,-0.0103,1.0342,7.1985,-25.1145,7.9313,1,0,0
-0.0449,-0.0203,1.0369,8.7099,-23.1298,7.9237,1,0,0
-0.0344,-0.0054,1.032,9.6031,-20.2901,7.3664,1,0,0
-0.0313,0.0142,1.0403,7.9084,-18.145,6.0458,1,0,0
-0.0298,0.0137,1.0491,5.5267,-15.8092,4.9695,1,0,0
-0.0208,0.0068,1.051,3.0534,-14.1069,4.8702,1,0,0
-0.0305,0.0134,1.0598,0.084,-11.8092,4.9313,1,0,0
-0.0134,0.02,1.0769,-1.7863,-8.3206,3.1679,1,0,0
-0.0166,0.0229,1.0886,-3.4733,-3.8168,0.8855,1,0,0
-0.0151,0.0129,1.092,-4.0458,1.1756,-1.0305,1,0,0
-0.0059,-0.0168,1.1028,-3.7328,6.3206,-2.0687,1,0,0
-0.0037,-0.0002,1.115,-2.6565,13.145,-2.0534,1,0,0
-0.0159,0.0256,1.0984,-4.3206,17.2824,-3.0992,1,0,0
-0.0325,0.0232,1.0833,-7.6412,20.2824,-5.0229,1,0,0
-0.0159,0.0039,1.1121,-9.2901,23.8779,-5.771,1,0,0
-0.0249,0.0093,1.1177,-10.6718,29.3511,-6.4962,1,0,0
-0.0398,0.0198,1.1206,-13.9466,36.0992,-8.9237,1,0,0
-0.0359,0.0254,1.1057,-16.8473,41.5954,-12.5191,1,0,0
-0.0566,-0.0103,1.0854,-18.9084,45.9389,-14.855,1,0,0
-0.0649,-0.0452,1.0684,-19.3511,48.084,-14.0916,1,0,0
-0.0859,-0.0403,1.0549,-17.8244,49.1832,-12.4427,1,0,0
-0.0962,-0.0361,1.042,-16.3969,49.4733,-11.687,1,0,0
-0.1123,-0.0247,1.0176,-14.7099,48.8092,-11.6641,1,0,0
-0.1394,-0.0244,0.9961,-13.8779,46.4427,-13.2672,1,0,0
-0.156,-0.043,0.9827,-13.0916,42.8015,-13.7405,1,0,0
-0.1802,-0.0718,0.9451,-10.3817,36.9466,-11.7328,1,0,0
-0.1846,-0.0723,0.938,-8.0687,30.3893,-8.0382,1,0,0
-0.1929,-0.0613,0.928,-7.4733,23.9771,-4.4275,1,0,0
-0.1924,-0.0471,0.9338,-7.7481,18.1908,-3.1832,1,0,0
-0.1787,-0.0371,0.9526,-8.7405,13.2672,-2.916,1,0,0
-0.1792,-0.0518,0.9529,-9.4198,9.5725,-3.2672,1,0,0
-0.1704,-0.0544,0.9666,-9.458,6.9237,-3.3206,1,0,0
-0.1699,-0.0652,0.9646,-8.458,4.6183,-3.2595,1,0,0
-0.1646,-0.0657,0.9675,-6.2672,2.2214,-2.7786,1,0,0
-0.178,-0.0583,0.9565,-3.3359,-0.8321,-2.6641,1,0,0
-0.1665,-0.0457,0.9724,-2.1603,-3.5344,-3.7634,1,0,0
-0.1587,-0.0544,0.9905,-1.4122,-4.5115,-4.0763,1,0,0
-0.1455,-0.0579,1.0063,-0.6947,-3.3817,-3.4198,1,0,0
-0.1472,-0.0461,1.0115,-1.229,-2.0458,-3.4122,1,0,0
-0.1487,-0.0425,1.0127,-2.5954,-1.4809,-2.9771,1,0,0
-0.1599,-0.0271,1.002,-4.6947,-2.2748,-2.7405,1,0,0
-0.1643,-0.0374,0.9961,-7.1221,-3.313,-2.0458,1,0,0
-0.1624,-0.0388,1.0022,-7.2366,-3.7176,-3.0305,1,0,0
-0.165,-0.0664,0.9822,-6.6641,-5.0916,-2.771,1,0,0
-0.1675,-0.0842,0.9878,-3.771,-7.4885,-0.7863,1,0,0
-0.1753,-0.0708,0.989,-0.5878,-9.4733,-0.2672,1,0,0
-0.1628,-0.0798,0.9927,1.916,-12.8015,0.3664,1,0,0
-0.1597,-0.0747,1.01,4.9237,-13.4122,0.9542,1,0,0
-0.1528,-0.0549,1.0193,5.8168,-12.8092,0.9771,1,0,0
-0.1465,-0.0459,1.0176,4.9771,-12.2137,0.5496,1,0,0
-0.1519,-0.0427,1.02,3.9771,-12.0,0.0916,1,0,0
-0.1501,-0.0518,1.012,2.3511,-12.7176,-0.1832,1,0,0
-0.1531,-0.05,1.0156,1.3817,-14.0611,0.084,1,0,0
-0.1338,-0.0632,1.0261,0.8855,-14.2824,1.313,1,0,0
-0.1167,-0.0598,1.0562,1.6412,-11.5802,3.0992,1,0,0
-0.1165,-0.052,1.0569,1.5344,-8.9008,3.8397,1,0,0
-0.1152,-0.033,1.05,-0.4656,-6.9466,2.3893,1,0,0
-0.1299,-0.0386,1.0374,-1.8321,-5.4656,0.5267,1,0,0
-0.1262,-0.0483,1.0295,-1.7557,-4.9771,0.0,1,0,0
-0.1338,-0.0476,1.0063,-0.5954,-5.4656,-0.5496,1,0,0
-0.1367,-0.0459,1.0063,0.0687,-7.2366,-0.3588,1,0,0
-0.1326,-0.0503,1.012,0.5573,-8.0382,0.313,1,0,0
-0.1233,-0.0518,1.0325,0.6183,-7.8168,1.687,1,0,0
-0.1235,-0.042,1.032,0.0229,-6.4198,2.1985,1,0,0
-0.1228,-0.0288,1.0278,-1.9924,-5.5954,1.5649,1,0,0
-0.1267,-0.0342,1.0264,-2.8321,-4.6947,0.8931,1,0,0
-0.1235,-0.0474,1.0273,-1.9695,-4.0229,0.7023,1,0,0
-0.1191,-0.0432,1.0198,-1.0611,-4.0458,0.626,1,0,0
-0.1165,-0.0391,1.0247,-0.1908,-4.0687,0.6183,1,0,0
-0.1125,-0.0391,1.0327,-0.2672,-3.4656,0.4885,1,0,0
-0.1096,-0.0378,1.0352,-1.6336,-3.1069,0.9618,1,0,0
-0.1133,-0.0298,1.0388,-3.5725,-1.8779,0.5038,1,0,0
-0.1191,-0.0408,1.0269,-5.3206,-1.2824,-0.3664,1,0,0
-0.115,-0.0601,1.0259,-5.0992,-0.5496,-0.5038,1,0,0
-0.1172,-0.0542,1.0093,-2.7328,-0.3588,0.0229,1,0,0
-0.1177,-0.0459,1.0154,-1.2519,-1.3435,0.2824,1,0,0
-0.1223,-0.0378,1.0203,-0.5344,-1.6641,0.2824,1,0,0
-0.1147,-0.0313,1.0261,-1.2977,-1.8626,-0.3206,1,0,0
-0.1182,-0.0437,1.0229,-1.4809,-1.5573,-0.4656,1,0,0
-0.1252,-0.0449,1.0203,-1.855,-1.2901,-0.3817,1,0,0
-0.1138,-0.043,1.01,-2.4809,-1.8931,-0.6565,1,0,0
-0.123,-0.0508,1.0242,-2.374,-1.5496,-0.6565,1,0,0
-0.1211,-0.0442,1.0198,-1.9542,-1.1527,-0.0916,1,0,0
-0.1128,-0.0447,1.0281,-2.3664,-1.1145,0.5191,1,0,0
-0.116,-0.0427,1.0269,-1.4198,-0.8168,0.6794,1,0,0
-0.1123,-0.0288,1.032,-2.2672,-0.855,-0.1069,1,0,0
-0.1064,-0.0349,1.0334,-3.4962,-0.6947,-1.4809,1,0,0
-0.1086,-0.0503,1.0249,-3.4962,-0.6565,-1.7252,1,0,0
-0.115,-0.0547,1.0278,-2.5267,-0.3511,-1.0382,1,0,0
-0.1086,-0.0488,1.0405,-1.7252,0.1985,-0.6412,1,0,0
-0.1155,-0.0391,1.0278,-1.9695,0.8855,-0.916,1,0,0
-0.1204,-0.0408,1.031,-2.771,1.7176,-1.0534,1,0,0
-0.1199,-0.0522,1.0237,-3.3969,1.5878,-0.7481,1,0,0
-0.1182,-0.0542,1.0244,-3.8473,0.7557,-0.4122,1,0,0
-0.1194,-0.0581,1.0125,-3.0458,0.1298,0.7252,1,0,0
-0.1179,-0.0415,1.0139,-3.0916,-0.374,0.855,1,0,0
-0.1196,-0.041,1.0229,-2.9313,0.2977,-0.458,1,0,0
-0.1218,-0.032,1.0293,-2.3511,1.2366,-1.5954,1,0,0
-0.1208,-0.0366,1.0134,-2.7481,1.6947,-2.4656,1,0,0
-0.1223,-0.0435,1.0095,-3.7252,1.626,-2.5496,1,0,0
-0.1223,-0.0627,1.0137,-3.8244,1.1985,-1.6718,1,0,0
-0.123,-0.0752,1.0117,-3.855,0.8397,-0.0611,1,0,0
-0.1147,-0.0632,1.0181,-2.9313,0.7405,1.3206,1,0,0
-0.1189,-0.0442,1.0168,-3.2595,0.7863,1.1603,1,0,0
-0.1162,-0.043,1.0164,-3.542,0.6031,0.7634,1,0,0
-0.1235,-0.0444,1.0098,-2.3435,-0.1527,0.4504,1,0,0
-0.123,-0.0457,1.0049,-1.9542,-1.5115,-0.313,1,0,0
-0.1257,-0.0396,1.012,-1.2901,-2.4504,-0.9847,1,0,0
-0.1218,-0.0374,1.0217,-1.2977,-2.687,-0.8855,1,0,0
-0.1191,-0.0317,1.0205,-1.8092,-2.1832,-1.5573,1,0,0
-0.1221,-0.0437,1.0269,-2.4809,-0.7328,-1.8931,1,0,0
-0.1235,-0.0537,1.0283,-2.1908,0.3282,-1.1374,1,0,0
-0.1272,-0.05,1.0098,-2.3511,-0.0076,-0.5802,1,0,0
-0.1257,-0.0564,1.0132,-2.3053,-1.5496,-0.3817,1,0,0
-0.1152,-0.0571,1.0188,-1.0382,-2.0992,-0.4046,1,0,0
-0.1045,-0.0486,1.0288,0.2672,-1.7099,-0.2824,1,0,0
-0.1099,-0.0347,1.0259,0.0458,-0.8779,-1.5496,1,0,0
-0.1201,-0.0322,1.0178,-1.5115,-0.3664,-1.9924,1,0,0
-0.1199,-0.0425,1.0168,-3.2595,-0.4122,-1.9237,1,0,0
-0.127,-0.0542,1.0178,-4.3969,-1.3282,-0.5573,1,0,0
-0.1228,-0.0696,1.0107,-3.5954,-1.8779,0.5267,1,0,0
-0.1228,-0.0645,1.0161,-1.7176,-1.8168,0.6947,1,0,0
-0.1155,-0.0608,1.03,-0.0611,-1.7176,0.3664,1,0,0
-0.1213,-0.0435,1.0305,0.4046,-1.0,0.0229,1,0,0
-0.1216,-0.0344,1.021,-0.8702,-0.2214,-0.7939,1,0,0
-0.1226,-0.0376,1.0208,-2.0229,-0.8015,-1.4809,1,0,0
-0.1184,-0.0432,1.0215,-3.687,-1.2672,-1.3435,1,0,0
-0.1196,-0.0496,1.022,-4.7557,-1.6947,-0.9008,1,0,0
-0.1204,-0.0537,1.0217,-4.6565,-1.5573,-0.5038,1,0,0
-0.1184,-0.0601,1.0288,-3.855,-1.2824,0.1756,1,0,0
-0.1145,-0.0596,1.03,-2.3435,-0.8244,0.3206,1,0,0
-0.1152,-0.0396,1.022,-1.8168,-0.4198,-0.4122,1,0,0
-0.115,-0.0522,1.0188,-2.2977,-0.3435,-1.0,1,0,0
-0.1194,-0.05,1.0222,-2.1221,-0.1145,-0.5802,1,0,0
-0.1204,-0.0542,1.0195,-2.4046,-0.542,-0.2061,1,0,0
-0.1223,-0.0532,1.0212,-2.4885,-1.0458,-0.5649,1,0,0
-0.1216,-0.0413,1.019,-3.0229,-1.2595,-0.4885,1,0,0
-0.123,-0.0476,1.0203,-3.5191,-1.5038,-0.5802,1,0,0
-0.1177,-0.0591,1.0354,-3.5496,-1.2519,-0.5267,1,0,0
-0.1196,-0.0564,1.0288,-2.9237,-0.771,-0.6183,1,0,0
-0.1189,-0.0549,1.0286,-1.2595,-0.2748,-0.7939,1,0,0
-0.1206,-0.0457,1.02,-0.5496,-0.3664,-1.9542,1,0,0
-0.1191,-0.0562,1.0276,-0.2061,0.0076,-1.8473,1,0,0
-0.1199,-0.0525,1.0178,0.3817,-0.1756,-1.2901,1,0,0
-0.1123,-0.0491,1.0232,-0.3053,-0.9771,-1.1985,1,0,0
-0.1191,-0.0503,1.0261,-1.0763,-1.1374,-0.6794,1,0,0
-0.1128,-0.0552,1.0237,-1.6489,-1.3817,-0.4733,1,0,0
-0.1179,-0.0396,1.0156,-2.5573,-1.2443,-0.313,1,0,0
-0.1143,-0.0439,1.0269,-4.2519,-1.4275,-0.0534,1,0,0
-0.1157,-0.0566,1.0298,-4.6718,-0.2519,0.7863,1,0,0
-0.1184,-0.0471,1.0176,-3.1069,0.4504,1.1069,1,0,0
-0.1184,-0.0376,1.0132,-3.4885,0.5878,-0.5954,1,0,0
-0.1243,-0.0657,1.0107,-1.9389,0.1985,-0.9542,1,0,0
-0.1218,-0.0632,1.0056,0.0458,-0.0076,-0.855,1,0,0
-0.126,-0.0598,1.0061,1.1069,-1.4275,-1.084,1,0,0
-0.1189,-0.0583,1.0056,1.2366,-2.3817,-0.8168,1,0,0
-0.113,-0.0449,1.0173,-0.3053,-3.6107,0.0458,1,0,0
-0.1077,-0.0422,1.0308,-2.6412,-3.0763,0.4122,1,0,0
-0.1067,-0.0439,1.0332,-3.687,-1.6336,-0.374,1,0,0
-0.1113,-0.0508,1.0295,-4.9237,-0.4427,-0.3511,1,0,0
-0.1206,-0.0662,1.0278,-3.9618,0.2977,-0.3511,1,0,0
-0.1177,-0.0522,1.0132,-3.2977,-0.5191,0.1603,1,0,0
-0.1155,-0.0613,1.0173,-2.5954,-1.8092,-0.1679,1,0,0
-0.1152,-0.0562,1.0291,-0.8931,-2.5725,-0.0534,1,0,0
-0.1118,-0.0493,1.0269,-0.0076,-2.1756,-0.7481,1,0,0
-0.1125,-0.0427,1.0298,-0.7023,-1.2137,-1.3206,1,0,0
-0.1118,-0.0432,1.0305,-3.0382,-0.8397,-1.5878,1,0,0
-0.1213,-0.0483,1.0222,-5.1603,-0.7099,-0.6947,1,0,0
-0.1199,-0.0574,1.0088,-6.3588,-1.0534,0.8473,1,0,0
-0.1167,-0.0469,1.0151,-6.0534,-1.9084,0.3588,1,0,0
-0.1152,-0.0596,1.0166,-5.0458,-2.0382,-0.2672,1,0,0
-0.1113,-0.0647,1.0273,-2.0763,-1.4275,-0.7252,1,0,0
-0.1113,-0.0596,1.0251,-0.1756,-0.7176,-0.5954,1,0,0
-0.1143,-0.0491,1.0234,0.4046,-0.2824,-0.4885,1,0,0
-0.1157,-0.0537,1.0288,0.1069,-0.1145,-0.374,1,0,0
-0.1125,-0.0491,1.0232,-0.0611,-0.1985,-0.4198,1,0,0
-0.1099,-0.0308,1.0217,-1.3969,-0.2824,-0.7939,1,0,0
-0.1128,-0.0432,1.0234,-2.1527,-0.3588,-1.3511,1,0,0
-0.113,-0.0437,1.0166,-3.0,-0.313,-1.8168,1,0,0
-0.1128,-0.0549,1.0188,-4.7252,-0.3893,-1.9771,1,0,0
-0.1108,-0.0764,1.0364,-4.5878,0.2137,-1.3359,1,0,0
-0.1177,-0.0745,1.0154,-2.1069,0.313,-0.458,1,0,0
-0.1191,-0.0579,1.012,-1.6336,-0.5191,-0.5496,1,0,0
-0.1162,-0.0581,1.02,-1.1832,-1.229,0.0611,1,0,0
-0.1204,-0.0542,1.02,-0.1298,-1.5802,0.2061,1,0,0
-0.1069,-0.0605,1.0269,0.4962,-1.7099,-0.5954,1,0,0
-0.1077,-0.0532,1.0249,1.2824,-1.2137,-1.4962,1,0,0
-0.1125,-0.0505,1.0347,0.5344,-0.9008,-2.2977,1,0,0
-0.1201,-0.051,1.0273,-1.6718,-0.6947,-2.0687,1,0,0
-0.1082,-0.0652,1.0334,-3.6107,-0.4122,-1.3435,1,0,0
-0.1023,-0.0776,1.0303,-3.6565,0.3359,-0.3817,1,0,0
-0.1069,-0.0676,1.0312,-2.0153,1.1374,0.2519,1,0,0
-0.1172,-0.0647,1.0217,-0.4885,0.9618,0.9008,1,0,0
-0.1228,-0.0664,1.0049,1.1756,-0.1298,1.7634,1,0,0
-0.1167,-0.0486,1.0188,2.4733,-0.8931,1.3282,1,0,0
-0.1223,-0.0425,1.0156,2.6183,-1.3969,0.1756,1,0,0
-0.1138,-0.0435,1.0168,2.0382,-0.687,-0.229,1,0,0
-0.1191,-0.0293,1.0232,0.8855,-0.7634,-0.374,1,0,0
-0.1123,-0.0369,1.0205,-1.5267,-0.9008,0.3053,1,0,0
-0.1099,-0.0508,1.0266,-2.0458,-1.2214,1.5344,1,0,0
-0.1101,-0.0476,1.0334,-2.7176,-1.1069,1.2824,1,0,0
-0.1035,-0.064,1.0342,-1.9313,-0.6718,1.3359,1,0,0
-0.1243,-0.0671,1.0066,2.145,0.626,1.1985,1,0,0
-0.1121,-0.0513,1.009,3.8855,-0.8931,0.5649,1,0,0
-0.1177,-0.0376,1.0054,2.9847,-1.3282,0.0916,1,0,0
-0.1084,-0.0278,1.0042,1.0229,-2.1374,0.0992,1,0,0
-0.1082,-0.0242,1.0117,-2.2901,-1.8168,-0.4885,1,0,0
-0.1108,-0.0327,1.0247,-4.5496,-1.2824,-1.1069,1,0,0
-0.1172,-0.0488,1.0125,-6.0763,-0.6107,-1.4427,1,0,0
-0.1121,-0.0676,1.0168,-6.2137,-0.7634,-0.4809,1,0,0
-0.1206,-0.0625,1.0039,-3.4962,-1.084,-0.5115,1,0,0
-0.1155,-0.0571,1.0088,-0.7557,-2.2214,-0.7634,1,0,0
-0.113,-0.0532,1.0173,1.4809,-2.0534,-0.6489,1,0,0
-0.1089,-0.0439,1.0222,2.5267,-1.0076,-0.9618,1,0,0
-0.1152,-0.0283,1.0173,0.4046,-0.8168,-1.6412,1,0,0
-0.1067,-0.041,1.0281,-2.9389,-0.9084,-1.8244,1,0,0
-0.1104,-0.04,1.0273,-5.4122,-1.3588,-1.8473,1,0,0
-0.1047,-0.0603,1.033,-6.5954,-1.5344,-1.7786,1,0,0
-0.1069,-0.0752,1.0415,-4.8015,-0.3282,-0.7786,1,0,0
-0.1118,-0.0725,1.0293,-1.9618,0.4962,0.3588,1,0,0
-0.1135,-0.0532,1.021,-0.0458,0.4351,-0.3282,1,0,0
-0.1162,-0.0442,1.0276,0.2977,-0.0687,-0.7481,1,0,0
-0.1145,-0.0515,1.012,-0.0992,-0.9008,-0.8626,1,0,0
-0.1172,-0.0447,1.0249,-0.7252,-1.4733,-0.7481,1,0,0
-0.1133,-0.041,1.0232,-1.2901,-2.3435,-1.374,1,0,0
-0.1157,-0.0354,1.0415,-2.687,-2.0992,-1.7176,1,0,0
-0.1206,-0.0479,1.0378,-3.7405,-0.7557,-1.2901,1,0,0
-0.1152,-0.0439,1.0203,-3.542,0.2519,-1.4733,1,0,0
-0.1064,-0.0549,1.0234,-3.5573,-0.2061,-1.5191,1,0,0
-0.106,-0.0554,1.0288,-3.1908,0.0229,-1.6336,1,0,0
-0.0986,-0.0659,1.0259,-3.4504,2.6489,-1.916,1,0,0
-0.106,-0.0579,1.0195,-0.9084,1.8779,-1.2977,1,0,0
-0.116,-0.0203,1.0225,-2.6031,1.6489,-1.8855,1,0,0
-0.1174,-0.033,1.0151,-6.0534,1.3359,-2.5115,1,0,0
-0.1243,-0.053,1.0107,-7.0305,0.3893,-2.1908,1,0,0
-0.1255,-0.0581,1.0166,-8.0,-0.3893,-1.7481,1,0,0
-0.125,-0.0642,1.0129,-7.2748,-1.1603,-1.1985,1,0,0
-0.1152,-0.0876,1.0208,-4.4351,-1.1908,0.0076,1,0,0
-0.1125,-0.064,1.0166,-0.7176,-0.6412,0.0305,1,0,0
-0.1074,-0.0569,1.0132,0.2061,-0.2519,-1.3053,1,0,0
-0.1152,-0.0564,1.0146,1.7786,0.3588,-1.4427,1,0,0
-0.113,-0.0505,1.0168,0.7252,-0.084,-1.771,1,0,0
-0.115,-0.0525,1.0154,-0.6947,-0.2519,-1.9771,1,0,0
-0.1138,-0.0535,1.0178,-2.3435,-0.6641,-0.8626,1,0,0
-0.1138,-0.0703,1.0227,-3.4351,-0.8702,-0.2901,1,0,0
-0.114,-0.0784,1.0173,-3.3588,-0.7939,1.1298,1,0,0
-0.1118,-0.0566,1.0161,-2.0534,-1.2672,1.3817,1,0,0
-0.113,-0.0518,1.009,-1.5954,-1.9237,-0.7023,1,0,0
-0.1147,-0.0535,1.0291,-0.2366,-2.0076,-1.3588,1,0,0
-0.1118,-0.0603,1.0288,-0.542,-1.4046,-0.8626,1,0,0
-0.114,-0.0627,1.0193,0.3359,-0.9389,-0.2214,1,0,0
-0.1155,-0.0437,1.0139,-0.6489,-1.5802,-0.0992,1,0,0
-0.1189,-0.0439,1.0144,-2.4427,-2.2977,-0.0687,1,0,0
-0.1152,-0.0437,1.0146,-2.5649,-2.5878,-0.0153,1,0,0
-0.116,-0.0422,1.0186,-3.5038,-2.8931,-0.7252,1,0,0
-0.1069,-0.0522,1.0232,-3.6031,-2.4885,-1.3282,1,0,0
-0.1052,-0.0588,1.0276,-1.9771,-1.2519,-1.5573,1,0,0
-0.1033,-0.0586,1.0198,-1.145,-1.5878,-1.3893,1,0,0
-0.1074,-0.0432,1.0156,-0.5725,-1.9847,-1.7939,1,0,0
-0.1025,-0.0415,1.0232,-1.3435,-2.4962,-1.458,1,0,0
-0.1072,-0.0476,1.0269,-1.4656,-2.7023,-1.6336,1,0,0
-0.1084,-0.0376,1.0168,-2.1985,-2.4504,-1.7328,1,0,0
-0.1047,-0.0466,1.0261,-3.4427,-2.0305,-2.2901,1,0,0
-0.1118,-0.0625,1.0276,-3.9618,-2.0,-2.0687,1,0,0
-0.1069,-0.0703,1.0232,-4.8473,-1.7634,-1.3893,1,0,0
-0.1128,-0.0798,1.031,-5.0687,-1.6947,-0.1527,1,0,0
-0.1077,-0.075,1.0305,-2.2595,-1.1374,1.0992,1,0,0
-0.1057,-0.0552,1.0308,-0.9695,-0.9313,0.4122,1,0,0
-0.1072,-0.054,1.0283,0.626,-0.2748,-0.6565,1,0,0
-0.103,-0.0491,1.0264,0.8931,0.0763,-1.5802,1,0,0
-0.1064,-0.052,1.0239,0.1069,-0.0992,-2.0763,1,0,0
-0.1067,-0.0574,1.0198,-1.374,-0.3282,-1.2748,1,0,0
-0.1074,-0.0496,1.0142,-3.6565,-0.9924,-0.6565,1,0,0
-0.1111,-0.0537,1.0186,-5.6947,-1.4656,0.1374,1,0,0
-0.1125,-0.0649,1.0195,-6.9237,-1.2824,0.1603,1,0,0
-0.106,-0.0762,1.0183,-4.7634,-1.1374,0.626,1,0,0
-0.1113,-0.0593,1.0105,-1.6794,-0.9008,0.4656,1,0,0
-0.1111,-0.0549,1.0186,0.0763,-1.1527,-0.4885,1,0,0
-0.1096,-0.0591,1.0186,1.7557,-0.771,-0.8855,1,0,0
-0.1074,-0.0476,1.0198,1.7634,-1.0763,-1.0229,1,0,0
-0.1055,-0.0398,1.0247,-0.1908,-1.6718,-1.0687,1,0,0
-0.1077,-0.0381,1.0212,-2.9237,-1.9008,-0.4504,1,0,0
-0.1052,-0.0452,1.0142,-5.5115,-2.4656,-0.5038,1,0,0
-0.104,-0.0496,1.0227,-7.3206,-2.542,-0.2061,1,0,0
-0.0999,-0.0693,1.0288,-8.2672,-2.3817,-0.0305,1,0,0
-0.1006,-0.0728,1.0295,-4.0305,-0.5954,1.1069,1,0,0
-0.1003,-0.0603,1.0293,-1.6641,-0.2443,0.5115,1,0,0
-0.1028,-0.0625,1.0288,0.5573,-0.0153,-0.2214,1,0,0
-0.1084,-0.0562,1.0203,2.1908,-0.4656,-0.6718,1,0,0
-0.1025,-0.0522,1.02,2.5344,-0.4427,-1.6565,1,0,0
-0.1086,-0.0496,1.0164,0.8321,-0.4122,-2.0534,1,0,0
-0.1086,-0.0571,1.0156,-2.0382,-0.9847,-1.7252,1,0,0
-0.1052,-0.0569,1.0149,-3.6947,-1.6031,-1.1145,1,0,0
-0.1072,-0.0671,1.0164,-5.9084,-2.626,-0.0382,1,0,0
-0.105,-0.0625,1.0249,-6.626,-2.2824,0.6412,1,0,0
-0.0955,-0.071,1.0312,-5.0992,-1.9771,0.229,1,0,0
-0.1013,-0.0764,1.0371,-1.4656,-0.2443,-0.4885,1,0,0
-0.1086,-0.0635,1.0298,0.9847,0.6718,-0.916,1,0,0
-0.1106,-0.0601,1.02,1.9542,0.8473,-0.8626,1,0,0
-0.1077,-0.053,1.0203,0.8015,-0.0763,-1.1145,1,0,0
-0.1121,-0.0566,1.0159,-0.5954,-1.2748,-0.9313,1,0,0
-0.1064,-0.0566,1.021,-2.313,-1.855,0.2443,1,0,0
-0.1038,-0.0562,1.0305,-2.8473,-1.4046,1.1756,1,0,0
-0.1047,-0.0505,1.0237,-3.1145,-0.6718,0.9924,1,0,0
-0.1038,-0.0422,1.0286,-2.9924,-0.3511,0.0687,1,0,0
-0.1001,-0.0637,1.0278,-2.6794,-0.1832,-1.1679,1,0,0
-0.1089,-0.0884,1.0178,0.084,0.2443,-0.2672,1,0,0
-0.1025,-0.063,1.0237,2.9695,-0.0458,0.4275,1,0,0
-0.1062,-0.0427,1.0117,3.0763,-1.3053,0.1298,1,0,0
-0.1091,-0.051,1.0269,2.5191,-1.5649,0.4809,1,0,0
-0.1006,-0.0471,1.0232,1.5802,-1.374,0.8244,1,0,0
-0.1016,-0.0303,1.0244,-0.2595,-1.2214,0.3359,1,0,0
-0.0957,-0.052,1.0276,-2.229,-1.0076,-1.2519,1,0,0
-0.1008,-0.0659,1.03,-1.9618,-0.4962,-0.4809,1,0,0
-0.1013,-0.0591,1.0281,-1.3664,0.4198,0.3206,1,0,0
-0.1018,-0.0552,1.0278,-0.8473,0.7405,0.6947,1,0,0
-0.1101,-0.0557,1.0254,0.5115,1.3435,0.3969,1,0,0
-0.1052,-0.05,1.0125,1.3817,0.8321,-0.5267,1,0,0
-0.1084,-0.0432,1.0098,1.7176,-0.0916,-1.4504,1,0,0
-0.1084,-0.04,1.0156,0.5954,-0.4656,-2.3511,1,0,0
-0.1062,-0.0491,1.0232,-0.5267,-0.7099,-2.1527,1,0,0
-0.0989,-0.0676,1.0259,-0.5649,-0.4122,-1.2901,1,0,0
-0.1021,-0.0535,1.0288,-0.542,-0.2214,0.0534,1,0,0
-0.1084,-0.0464,1.0229,-1.1832,-0.4885,-0.2443,1,0,0
-0.1025,-0.0515,1.0251,-1.4656,-0.8015,-0.5038,1,0,0
-0.1089,-0.0598,1.0286,-0.7176,-0.626,-0.4504,1,0,0
-0.1067,-0.0527,1.0247,-0.313,-0.3053,-1.0687,1,0,0
-0.1089,-0.051,1.0051,-0.7176,-0.6336,-1.3817,1,0,0
-0.1067,-0.0496,1.0125,-1.5038,-1.2214,-1.2443,1,0,0
-0.0984,-0.0476,1.0261,-3.2977,-1.7481,-0.7252,1,0,0
-0.0962,-0.051,1.0369,-4.9466,-1.6947,0.084,1,0,0
-0.0945,-0.0737,1.0364,-4.2672,-0.3359,0.7863,1,0,0
-0.1028,-0.0679,1.0254,-2.0534,0.6183,0.4885,1,0,0
-0.1111,-0.0491,1.0093,-0.0153,1.2061,-0.5038,1,0,0
-0.1106,-0.0527,1.002,0.3969,0.3893,-0.8321,1,0,0
-0.1118,-0.0491,1.0,1.3817,-1.2137,-0.8015,1,0,0
-0.1035,-0.043,1.0186,1.1527,-2.8779,-0.2901,1,0,0
-0.1003,-0.0403,1.0266,-0.1069,-3.626,0.0458,1,0,0
-0.0955,-0.0237,1.0371,-2.8397,-2.6565,0.0687,1,0,0
-0.0979,-0.0435,1.0322,-5.8397,-1.7176,-0.1908,1,0,0
-0.0933,-0.061,1.0491,-5.8244,0.0229,-0.8092,1,0,0
-0.104,-0.0659,1.0322,-2.8168,0.9771,-0.4733,1,0,0
-0.1094,-0.0615,1.0188,-0.3511,1.5496,-1.0992,1,0,0
-0.1096,-0.0503,1.0151,1.0,0.6565,-1.1145,1,0,0
-0.1106,-0.041,1.0103,1.5954,-0.7176,-1.1069,1,0,0
-0.1072,-0.0425,1.0159,1.2824,-1.5802,-0.9618,1,0,0
-0.1033,-0.032,1.0151,-1.2595,-2.0153,-0.6641,1,0,0
-0.1011,-0.0408,1.0129,-4.1527,-1.9924,-0.5573,1,0,0
-0.1008,-0.0498,1.0251,-5.6031,-2.2824,-0.6718,1,0,0
-0.0947,-0.0583,1.03,-4.3817,-0.8702,-0.5878,1,0,0
-0.1052,-0.0579,1.0193,-3.0305,-0.0916,-0.2595,1,0,0
-0.104,-0.0549,1.0239,-1.6947,0.1221,-0.8321,1,0,0
-0.1064,-0.051,1.0193,-0.3893,-0.7099,-0.8244,1,0,0
-0.106,-0.051,1.0178,0.2977,-1.9084,-0.8015,1,0,0
-0.1003,-0.0505,1.0239,-0.4733,-2.3664,-0.4885,1,0,0
-0.0991,-0.0464,1.0349,-2.4198,-2.4733,-0.1298,1,0,0
-0.0916,-0.0557,1.0408,-3.3053,-0.9847,-0.1527,1,0,0
-0.0886,-0.0527,1.05,-2.7481,0.5573,-0.9008,1,0,0
-0.0986,-0.0569,1.032,-1.9008,1.6947,-1.5115,1,0,0
-0.1069,-0.0544,1.0298,-1.3588,1.4809,-0.8473,1,0,0
-0.1106,-0.0422,1.0068,-1.3893,0.1298,-0.4427,1,0,0
-0.1099,-0.0469,1.0225,-2.4351,-1.2061,-0.2748,1,0,0
-0.1028,-0.052,1.0264,-1.9084,-1.5191,-0.3359,1,0,0
-0.1057,-0.0442,1.0269,-2.1985,-1.1908,-0.2061,1,0,0
-0.1006,-0.043,1.0273,-2.7939,-0.4656,-0.9542,1,0,0
-0.0991,-0.0491,1.0283,-2.9389,0.5344,-1.6107,1,0,0
-0.104,-0.0515,1.0271,-3.8931,0.7328,-1.6794,1,0,0
-0.0994,-0.0425,1.0278,-4.2901,0.2137,-2.1756,1,0,0
-0.0906,-0.0227,1.0229,-6.9847,3.0305,-3.2366,1,0,0
-0.0962,-0.0969,1.0183,-6.1908,1.5191,-1.7557,1,0,0
-0.1135,-0.043,1.0259,-7.9313,1.1603,-1.7176,1,0,0
-0.1052,-0.0674,1.0146,-10.084,0.7557,-1.4046,1,0,0
-0.1072,-0.0942,1.0173,-9.3588,0.4656,-0.5344,1,0,0
-0.1086,-0.0842,1.0178,-6.8015,0.4885,-0.2137,1,0,0
-0.1074,-0.0811,1.0137,-3.3969,0.5573,-0.374,1,0,0
-0.1077,-0.0789,1.0171,-0.2824,0.0229,0.3359,1,0,0
-0.1165,-0.0457,1.0168,1.0611,0.0305,0.0,1,0,0
-0.1118,-0.0378,1.0181,0.1374,-0.0153,-0.8397,1,0,0
-0.1018,-0.0806,1.0146,0.4427,-0.6794,-0.687,1,0,0
-0.1079,-0.0676,1.022,1.8855,-1.3817,0.2672,1,0,0
-0.0991,-0.0515,1.022,1.2595,-1.2824,0.5267,1,0,0
-0.1021,-0.0391,1.0293,-0.9771,-1.2824,0.2748,1,0,0
-0.1042,-0.0513,1.0254,-3.4351,-0.7023,0.7252,1,0,0
-0.104,-0.0669,1.0273,-3.1069,-0.5191,1.771,1,0,0
-0.1067,-0.0571,1.0215,-1.6718,-0.6336,1.916,1,0,0
-0.1006,-0.0608,1.0237,-0.5267,-1.0687,1.4656,1,0,0
-0.1084,-0.0723,1.0181,2.9847,-0.8779,0.7863,1,0,0
-0.0996,-0.0469,1.0234,4.6489,-1.0305,0.2061,1,0,0
-0.1072,-0.033,1.022,3.4733,-1.0687,-0.7939,1,0,0
-0.1011,-0.0303,1.0266,1.6565,-0.6412,-1.2519,1,0,0
-0.1006,-0.05,1.0322,-2.145,-0.0534,-1.4885,1,0,0
-0.1096,-0.0671,1.0237,-2.1756,0.374,-0.2214,1,0,0
-0.1106,-0.0391,1.0193,-2.9313,-0.2366,0.1679,1,0,0
-0.1089,-0.0547,1.0178,-4.458,-0.7328,0.2137,1,0,0
-0.106,-0.0662,1.019,-3.5191,-0.771,0.3359,1,0,0
-0.1038,-0.0588,1.0208,-1.9771,-1.1679,-0.1527,1,0,0
-0.1028,-0.0515,1.0295,-0.7252,-0.5191,-1.5344,1,0,0
-0.0969,-0.0581,1.0276,-0.3206,0.3053,-2.3969,1,0,0
-0.1028,-0.0625,1.0259,0.3435,0.4504,-1.5496,1,0,0
-0.1057,-0.0481,1.0249,0.0076,0.5344,-1.0992,1,0,0
-0.1067,-0.0369,1.0173,-1.7252,-0.0611,-1.084,1,0,0
-0.1055,-0.0496,1.0254,-2.4656,-0.229,-1.7939,1,0,0
-0.1042,-0.054,1.0303,-2.7099,-0.1985,-1.3588,1,0,0
-0.1003,-0.0574,1.0168,-2.6031,0.6107,-1.0382,1,0,0
-0.1089,-0.0635,1.0208,-1.7252,0.4809,-1.2595,1,0,0
-0.1104,-0.0579,1.0129,-2.2214,-0.0076,-0.8855,1,0,0
-0.1074,-0.053,1.0173,-2.9771,-0.6336,-0.0305,1,0,0
-0.1021,-0.051,1.0127,-3.8626,-1.0763,-0.5954,1,0,0
-0.1094,-0.0591,1.0161,-2.7252,-1.5802,-0.6031,1,0,0
-0.1028,-0.0559,1.0215,-1.5878,-0.916,-0.9389,1,0,0
-0.1018,-0.0422,1.0178,-2.2901,-0.084,-2.1069,1,0,0
-0.1072,-0.0513,1.0234,-2.7328,0.2366,-2.7328,1,0,0
-0.0999,-0.0466,1.0259,-1.0153,-1.3969,-1.8168,1,0,0
-0.1021,-0.0674,1.0239,-1.3282,-2.0382,-0.8397,1,0,0
-0.1016,-0.0525,1.0244,-1.6412,-1.9008,-0.6412,1,0,0
-0.0967,-0.0471,1.0315,-2.3282,-2.4427,-1.4504,1,0,0
-0.0957,-0.0608,1.0361,-2.8321,-1.7863,-1.8397,1,0,0
-0.0994,-0.0552,1.0298,-3.2672,-0.7939,-1.8244,1,0,0
-0.0977,-0.0605,1.0354,-4.7481,-0.4046,-1.9466,1,0,0
-0.095,-0.082,1.0366,-4.9618,0.1603,-0.6031,1,0,0
-0.0991,-0.0522,1.0339,-3.8779,1.9618,-0.1069,1,0,0
-0.0989,-0.0532,1.0259,-4.1069,2.7634,-1.4046,1,0,0
-0.1108,-0.0654,1.0217,-3.8168,2.5267,-1.374,1,0,0
-0.1174,-0.0632,1.0068,-3.0992,1.2595,-0.0611,1,0,0
-0.1155,-0.0498,0.9954,-3.5267,-0.8092,-0.1756,1,0,0
-0.1133,-0.062,1.0032,-2.9237,-1.6641,-0.7634,0,0,0
-0.1086,-0.0583,1.0066,-2.4198,-2.1603,-1.3588,0,0,0
-0.1052,-0.054,1.0051,-2.9771,-1.8092,-1.8779,0,0,0
-0.1018,-0.0518,1.0066,-3.7786,-1.458,-2.5115,0,0,0
-0.1025,-0.0706,1.0173,-4.7099,-1.542,-2.084,0,0,0
-0.1033,-0.0837,1.0247,-4.3817,-0.5344,-0.9389,0,0,0
-0.0925,-0.0715,1.032,-3.0382,-0.1832,-0.3282,0,0,0
-0.104,-0.0671,1.0332,-2.0611,0.6947,-0.4351,0,0,0
-0.1045,-0.0723,1.0154,-0.6718,0.3359,-0.4427,0,0,0
-0.1116,-0.0691,1.0076,0.5038,-0.6565,-0.458,0,0,0
-0.1104,-0.0562,1.0212,0.4809,-1.4962,0.2901,0,0,0
-0.1118,-0.0356,1.0127,-1.0382,-1.8779,0.0992,0,0,0
-0.1038,-0.051,1.0178,-1.8092,-2.542,-0.8321,0,0,0
-0.1008,-0.0562,1.0281,-1.7786,-2.1832,-1.0229,0,0,0
-0.0984,-0.0659,1.0383,-1.8244,-1.0,-1.3282,0,0,0
-0.1035,-0.0635,1.0315,-1.2595,-0.1527,-0.9542,0,0,0
-0.1042,-0.0583,1.0276,-1.6641,-0.1374,-0.7405,0,0,0
-0.1057,-0.0667,1.0239,-2.2443,-1.0,-0.0611,0,0,0
-0.1099,-0.0576,1.0208,-2.6489,-1.0,0.1832,0,0,0
-0.1106,-0.0576,1.021,-2.7634,-1.9084,-0.0992,0,0,0
-0.1045,-0.0593,1.0176,-2.0992,-1.8779,-0.1374,0,0,0
-0.105,-0.0615,1.0193,-1.9847,-1.9847,-0.8931,0,0,0
-0.1052,-0.0669,1.0286,-1.2595,-1.6412,-1.0382,0,0,0
-0.1074,-0.0593,1.0334,-0.2748,-0.7634,-0.4351,0,0,0
-0.1013,-0.075,1.0208,0.229,-0.4351,-0.3282,0,0,0
-0.1069,-0.063,1.0212,1.6641,-0.4122,0.2672,0,0,0
-0.103,-0.0515,1.0125,1.1374,-1.5649,0.4046,0,0,0
-0.1003,-0.0457,1.0215,0.1221,-1.687,0.4275,0,0,0
-0.1011,-0.0471,1.0256,-0.7634,-1.7176,0.1221,0,0,0
-0.0991,-0.042,1.0217,-2.0,-1.2366,-0.4351,0,0,0
-0.0999,-0.0464,1.0176,-3.458,-1.0687,-1.1832,0,0,0
-0.0986,-0.0581,1.0286,-4.0992,-0.9084,-1.3282,0,0,0
-0.1013,-0.0684,1.0298,-3.9389,-0.7252,-0.6565,0,0,0
-0.1021,-0.0664,1.0342,-2.9924,-0.6412,0.1756,0,0,0
-0.0991,-0.0708,1.0269,-1.6794,-0.626,0.313,0,0,0
-0.1047,-0.0598,1.0242,-0.0153,-0.7023,0.8244,0,0,0
-0.1045,-0.0623,1.0173,0.9084,-0.6336,0.1374,0,0,0
-0.1025,-0.0515,1.0222,1.5191,-0.7939,-0.6336,0,0,0
-0.1008,-0.0437,1.022,0.6565,-0.855,-1.4427,0,0,0
-0.1003,-0.042,1.0239,-1.2977,-0.8321,-2.3969,0,0,0
-0.0994,-0.0559,1.0273,-3.4275,-0.3969,-2.3053,0,0,0
-0.0989,-0.0676,1.0359,-4.8931,-0.5267,-1.0153,0,0,0
-0.1045,-0.0659,1.0234,-5.8473,-0.4351,0.3969,0,0,0
-0.1042,-0.0752,1.019,-4.6031,0.0076,1.1298,0,0,0
-0.0945,-0.0735,1.0149,-2.1527,0.0611,1.084,0,0,0
-0.1064,-0.0735,1.0186,0.7786,0.0153,0.0076,0,0,0
-0.1038,-0.0566,1.0188,2.4809,-0.2214,-1.0153,0,0,0
-0.103,-0.0381,1.0146,2.084,-0.8092,-1.7481,0,0,0
-0.0986,-0.0437,1.0186,0.0305,-1.2366,-1.5802,0,0,0
-0.0991,-0.0479,1.0293,-2.2595,-1.2214,-1.145,0,0,0
-0.0979,-0.0642,1.0293,-3.1069,-0.229,-0.1603,0,0,0
-0.0969,-0.0674,1.0168,-3.6794,0.2061,0.6031,0,0,0
-0.1121,-0.0618,1.0098,-2.4275,-1.0534,0.9695,0,0,0
-0.1069,-0.0513,1.0105,-2.0916,-2.0,0.5267,0,0,0
-0.1018,-0.0571,1.019,-1.4427,-2.5954,-0.1069,0,0,0
-0.1016,-0.0681,1.0352,-0.2824,-2.374,-0.5191,0,0,0
-0.1021,-0.0515,1.0259,0.6489,-1.5649,-0.313,0,0,0
-0.1045,-0.0381,1.0305,-0.374,-0.9771,-0.8702,0,0,0
-0.1033,-0.0413,1.0312,-2.2595,-0.6641,-1.6641,0,0,0
-0.0999,-0.0618,1.0312,-3.9847,-0.1908,-1.6489,0,0,0
-0.103,-0.0608,1.0247,-3.313,-0.2366,-1.0611,0,0,0
-0.1045,-0.0637,1.0242,-3.7099,-0.4427,-1.2901,0,0,0
-0.0967,-0.0889,1.0237,-2.8397,-0.5344,-0.5267,0,0,0
-0.1008,-0.0759,1.0227,-1.1374,-1.1221,0.7405,0,0,0
-0.0972,-0.0615,1.0166,-0.5496,-1.4962,0.4733,0,0,0
-0.0986,-0.0554,1.0276,-1.0076,-1.8855,0.3969,0,0,0
-0.0955,-0.0481,1.0269,-0.5573,-1.4809,-0.3053,0,0,0
-0.1018,-0.0381,1.021,-2.3359,-0.9466,-1.1603,0,0,0
-0.1064,-0.0544,1.02,-3.4885,-0.8015,-2.1069,0,0,0
-0.1067,-0.0833,1.0215,-3.1985,-0.8321,-0.8473,0,0,0
-0.106,-0.0725,1.0195,-2.5115,-0.6641,0.1985,0,0,0
-0.0996,-0.071,1.0198,-2.7099,-1.084,0.4504,0,0,0
-0.0989,-0.0691,1.0225,-0.5496,-1.0687,0.9237,0,0,0
-0.0959,-0.0496,1.0203,0.4962,-0.7481,0.2977,0,0,0
-0.1008,-0.0413,1.0269,0.2443,-1.2366,-0.4122,0,0,0
-0.1045,-0.0439,1.0195,-0.7786,-0.8702,-1.1603,0,0,0
-0.0974,-0.0481,1.0208,-2.0992,-1.0687,-1.4198,0,0,0
-0.1018,-0.0569,1.0166,-2.771,-0.8702,-0.8015,0,0,0
-0.1025,-0.0527,1.0098,-3.2824,-0.8855,-0.1527,0,0,0
-0.1033,-0.064,1.0132,-4.3359,-1.7634,-0.229,0,0,0
-0.1021,-0.0757,1.0122,-2.7099,-1.8931,0.6031,0,0,0
-0.1023,-0.0625,1.0134,-0.7557,-2.5725,0.3969,0,0,0
-0.0989,-0.0549,1.0234,0.0687,-2.4198,-0.0611,0,0,0
-0.0955,-0.0576,1.0359,1.1985,-2.0305,-0.626,0,0,0
-0.0862,-0.0562,1.0364,0.8244,-0.9389,-0.5191,0,0,0
-0.0923,-0.0503,1.03,1.1756,-0.4656,-0.5344,0,0,0
-0.0967,-0.042,1.0283,-0.6947,-0.542,-0.7252,0,0,0
-0.0884,-0.0347,1.0308,-3.2595,-1.2977,-0.3282,0,0,0
-0.0942,-0.0479,1.0264,-3.855,-1.2366,-0.5878,0,0,0
-0.0916,-0.0552,1.0342,-3.0153,-1.0153,-0.5496,0,0,0
-0.0947,-0.0564,1.0239,-2.2824,-0.1298,-0.9313,0,0,0
-0.0947,-0.0623,1.0291,-1.6794,0.2977,-0.7557,0,0,0
-0.0979,-0.0571,1.0222,-1.1985,0.4733,-0.5725,0,0,0
-0.0955,-0.0645,1.0122,-1.0305,-0.145,-0.8244,0,0,0
-0.1035,-0.0581,1.0139,-1.1679,-0.6183,-0.8931,0,0,0
-0.106,-0.0491,1.0132,-1.7786,-1.1527,-0.8244,0,0,0
-0.0989,-0.0522,1.0247,-3.1832,-1.229,-0.9847,0,0,0
-0.0969,-0.0586,1.0312,-4.0382,-0.5878,-1.2137,0,0,0
-0.0991,-0.0701,1.0283,-3.4122,0.0382,-0.5573,0,0,0
-0.0955,-0.0728,1.0234,-2.9466,-0.0687,-0.2137,0,0,0
-0.1011,-0.0764,1.0264,-1.6794,-0.0611,-0.1832,0,0,0
-0.0996,-0.0659,1.0161,-0.7557,-0.5802,-0.1679,0,0,0
-0.0994,-0.0601,1.0242,-1.0076,-0.7023,-0.2366,0,0,0
-0.0952,-0.053,1.0293,-1.4122,-0.4122,0.0687,0,0,0
-0.095,-0.0625,1.0247,-1.3206,-0.0992,0.3664,0,0,0
-0.0999,-0.0457,1.0154,-1.6718,-0.0229,-0.2443,0,0,0
-0.0994,-0.0562,1.0176,-1.916,-0.5344,-0.9008,0,0,0
-0.1045,-0.0554,1.0095,-2.8931,-1.145,-0.3817,0,0,0
-0.0972,-0.0608,1.0249,-3.5038,-0.9695,0.0534,0,0,0
-0.1008,-0.0574,1.0198,-2.4656,-0.8321,0.5725,0,0,0
-0.0977,-0.0464,1.0144,-2.4046,-0.9618,0.229,1,0,0
-0.0981,-0.0559,1.022,-0.5573,-0.6565,-0.2595,1,0,0
-0.0994,-0.0544,1.021,0.1145,-0.8244,-0.4733,1,0,0
-0.1028,-0.0469,1.0212,0.6031,-0.9084,-0.6947,1,0,0
-0.0981,-0.0496,1.0308,-0.6412,-1.145,-1.3282,1,0,0
-0.0969,-0.062,1.0303,-1.1603,-0.9313,-0.7481,1,0,0
-0.0967,-0.0603,1.0259,-1.9389,-0.5954,0.2366,1,0,0
-0.1035,-0.05,1.0203,-2.6183,-0.687,-0.1221,1,0,0
-0.0989,-0.0552,1.0215,-3.6183,-0.4809,-0.6107,1,0,0
-0.0986,-0.0586,1.0183,-3.0153,-0.6565,-0.4504,1,0,0
-0.0994,-0.0718,1.0181,-1.6336,-1.0,0.0305,1,0,0
-0.0986,-0.0654,1.0254,-0.4275,-1.0076,-0.084,1,0,0
-0.0981,-0.0684,1.0164,0.4275,-0.9771,0.1756,1,0,0
-0.1011,-0.0659,1.0176,0.7252,-1.2443,0.5267,1,0,0
-0.0996,-0.0605,1.0327,0.3511,-1.0153,0.9924,1,0,0
-0.0959,-0.0298,1.0259,-1.1679,-0.8168,0.4809,1,0,0
-0.1064,-0.0439,1.0269,-3.9008,-0.6031,-0.3435,1,0,0
-0.0981,-0.0627,1.0286,-4.8168,-0.1985,-0.3893,1,0,0
-0.0979,-0.0828,1.0322,-4.2519,0.084,0.4962,1,0,0
-0.0925,-0.0769,1.0354,-1.6947,1.0076,0.8321,1,0,0
-0.1013,-0.0703,1.0229,0.1985,1.1756,0.1908,1,0,0
-0.1047,-0.0598,1.011,1.8855,0.3206,0.542,1,0,0
-0.1089,-0.053,1.0027,2.4351,-0.9237,0.9389,1,0,0
-0.0991,-0.0378,1.0222,1.916,-1.8092,0.542,1,0,0
-0.093,-0.0405,1.0286,0.3053,-1.6794,-0.2672,1,0,0
-0.0881,-0.0503,1.0359,-0.6641,-0.0458,-0.4656,1,0,0
-0.0938,-0.0332,1.0222,-2.2901,0.5267,-0.9008,1,0,0
-0.0974,-0.0481,1.0237,-4.7481,0.3969,-1.9695,1,0,0
-0.0957,-0.0549,1.0205,-5.6794,-0.0229,-1.9389,1,0,0
-0.0945,-0.0603,1.0271,-5.7634,0.0992,-1.1221,1,0,0
-0.0881,-0.0757,1.0256,-4.0076,0.3969,-1.2519,1,0,0
-0.0974,-0.0781,1.0273,-1.1145,0.0458,-0.2901,1,0,0
-0.1062,-0.0618,1.02,1.5878,0.6947,-0.1527,1,0,0
-0.1096,-0.0642,1.0142,1.9008,-0.4351,-0.7328,1,0,0
-0.1062,-0.0696,1.0195,2.5954,-0.5496,0.1908,1,0,0
-0.0979,-0.0557,1.0278,2.2137,-0.1069,0.6947,1,0,0
-0.0977,-0.0378,1.0229,0.2824,0.6183,-0.084,1,0,0
-0.1013,-0.0413,1.02,-1.6107,0.2595,-1.0229,1,0,0
-0.0969,-0.0403,1.022,-3.6489,-0.5802,-1.6565,1,0,0
-0.1013,-0.0513,1.0283,-5.145,-0.7023,-1.0687,1,0,0
-0.0981,-0.061,1.0312,-4.5573,0.0076,-1.2061,1,0,0
-0.0984,-0.072,1.0198,-4.7557,0.8931,-0.7405,1,0,0
-0.1023,-0.0957,1.0347,-2.3969,1.5191,1.4275,1,0,0
-0.1042,-0.0413,1.0125,-0.5496,1.5038,1.2824,1,0,0
-0.1021,-0.0449,1.011,-0.1298,1.2672,-0.8855,1,0,0
-0.0989,-0.0664,1.022,2.1756,0.4962,-1.7863,1,0,0
-0.0999,-0.0525,1.0154,3.229,-0.3588,-1.1756,1,0,0
-0.0972,-0.0435,1.0156,1.2901,-1.3893,-0.9008,1,0,0
-0.0991,-0.0347,1.0166,-1.9237,-1.5954,-0.9542,1,0,0
-0.1035,-0.0425,1.0305,-5.687,-1.4198,-0.3817,1,0,0
-0.0928,-0.0549,1.0322,-7.7405,-0.6794,-0.6565,1,0,0
-0.0986,-0.0728,1.0339,-6.3664,0.0229,0.8321,1,0,0
-0.0999,-0.0571,1.0217,-2.374,0.2214,1.4427,1,0,0
-0.1025,-0.0374,1.0125,-0.7481,0.0763,-0.4809,1,0,0
-0.1001,-0.0586,1.031,2.6947,0.1756,-1.4122,1,0,0
-0.1021,-0.0581,1.0208,4.9313,0.4962,-2.0229,1,0,0
-0.1062,-0.0405,1.02,4.6031,0.3969,-2.3511,1,0,0
-0.1028,-0.0271,1.0195,1.2366,0.4275,-2.1832,1,0,0
-0.1018,-0.0269,1.0149,-3.7176,0.2137,-2.3053,1,0,0
-0.1006,-0.0505,1.0269,-9.0153,0.229,-2.145,1,0,0
-0.1003,-0.0757,1.0288,-10.0916,1.1221,-0.6794,1,0,0
-0.0991,-0.0925,1.0222,-7.084,0.8779,0.0076,1,0,0
-0.1074,-0.0764,1.0085,-4.1679,0.4809,-0.1756,1,0,0
-0.1084,-0.075,1.0095,-0.5038,-0.3053,-0.9389,1,0,0
-0.1047,-0.0618,1.021,2.7328,0.0763,-0.7099,1,0,0
-0.1025,-0.0427,1.0312,3.2595,-0.3435,-1.6183,1,0,0
-0.0969,-0.0496,1.0366,2.3817,0.5496,-2.1374,1,0,0
-0.0996,-0.0376,1.0239,-0.3511,0.8626,-2.1069,1,0,0
-0.1033,-0.0425,1.0186,-3.8626,0.8702,-2.2061,1,0,0
-0.1038,-0.0554,1.0205,-5.5191,0.8702,-2.5496,1,0,0
-0.1042,-0.0615,1.0083,-6.0611,0.5191,-2.1527,1,0,0
-0.1157,-0.0723,1.0168,-6.4198,-0.3282,-0.626,1,0,0
-0.0977,-0.074,1.0337,-3.3282,-0.1985,0.9695,1,0,0
-0.1001,-0.0542,1.0225,-0.8779,-0.3435,1.0382,1,0,0
-0.1013,-0.0535,1.0205,0.9847,-0.4351,-0.0229,1,0,0
-0.0974,-0.0549,1.0237,2.3588,-0.3664,-0.2595,1,0,0
-0.104,-0.0347,1.0271,1.3817,-0.1145,-0.7405,1,0,0
-0.1072,-0.0457,1.0107,-0.8779,-0.1374,-1.5115,1,0,0
-0.1064,-0.0427,1.0151,-2.313,-1.0,-1.4122,1,0,0
-0.105,-0.0447,1.0151,-3.7786,-0.9466,-1.145,1,0,0
-0.1086,-0.0486,1.019,-5.687,-1.4733,-0.5954,1,0,0
-0.1016,-0.0562,1.0054,-7.1603,-2.2061,-0.2595,1,0,0
-0.0989,-0.0703,1.0112,-6.3893,-3.1145,-0.1069,1,0,0
-0.0981,-0.0649,1.0186,-4.9008,-3.7328,-0.6412,1,0,0
-0.0945,-0.0686,1.0156,-2.7786,-3.0992,-0.7252,0,0,0
-0.092,-0.0686,1.021,-2.0687,-2.6031,-0.6718,0,0,0
-0.0981,-0.041,1.0171,-3.8626,-1.9771,-0.771,0,0,0
-0.1006,-0.0667,1.0217,-4.687,-1.626,-0.4427,0,0,0
-0.0964,-0.0603,1.0168,-4.7176,-2.3969,-0.916,0,0,0
-0.103,-0.062,1.0081,-3.4809,-3.4962,-0.9466,0,0,0
-0.1008,-0.0586,1.0161,-3.3969,-4.1527,-0.9618,0,0,0
-0.1042,-0.0642,1.0151,-3.6794,-4.2672,-0.8931,0,0,0
-0.1011,-0.075,1.011,-4.1527,-4.7939,-0.8931,0,0,0
-0.0969,-0.072,1.019,-4.6489,-4.2901,-0.7557,0,0,0
-0.0972,-0.0723,1.02,-4.6718,-4.7557,-0.0534,0,0,0
-0.0889,-0.0669,1.0286,-4.8168,-3.6565,-0.1298,0,0,0
-0.0923,-0.0593,1.0337,-5.9008,-1.7939,-0.4198,0,0,0
-0.0959,-0.061,1.0317,-6.8397,-0.6031,-0.1221,0,0,0
-0.1008,-0.0642,1.0278,-5.3282,-0.2748,-0.2748,0,0,0
-0.1003,-0.0698,1.0225,-4.2519,-0.145,-0.7328,0,0,0
-0.0999,-0.0784,1.0217,-0.9695,-0.5115,-0.313,0,0,0
-0.1011,-0.0632,1.021,1.1374,-0.8168,-0.7634,0,0,0
-0.0981,-0.0613,1.0193,0.916,-1.0534,-1.1985,0,0,0
-0.092,-0.0566,1.0259,-0.229,-1.7176,-1.0611,0,0,0
-0.0925,-0.0549,1.0364,-0.6183,-1.0,-1.3511,0,0,0
-0.0881,-0.0593,1.0378,-1.1756,-0.4962,-1.8168,0,0,0
-0.0881,-0.0654,1.0356,-1.084,-0.1145,-1.7023,0,0,0
-0.0874,-0.064,1.032,-0.6565,-0.1298,-1.1145,0,0,0
-0.0984,-0.0552,1.0403,-0.5267,0.5038,-1.3053,0,0,0
-0.0989,-0.0637,1.0273,-1.1679,0.5649,-0.9237,0,0,0
-0.0938,-0.0706,1.0315,-0.687,0.7481,-1.771,0,0,0
-0.0986,-0.0793,1.0217,1.0,1.1832,-1.2748,0,0,0
-0.0972,-0.0532,1.0122,1.4122,1.2366,-1.5191,0,0,0
-0.0957,-0.0532,1.02,-0.458,0.458,-1.8244,0,0,0
-0.1052,-0.0618,1.0112,-2.7252,-0.3206,-1.2366,0,0,0
-0.0957,-0.0793,1.0203,-4.0534,-0.374,0.2061,0,0,0
-0.0964,-0.0635,1.0137,-3.6489,-0.7786,0.3969,0,0,0
-0.0962,-0.0586,1.0186,-3.8092,-0.916,-0.4656,0,0,0
-0.0957,-0.0588,1.0149,-3.771,-1.1679,-0.7557,0,0,0
-0.0999,-0.0715,1.0215,-2.7099,-0.7405,-1.0992,0,0,0
-0.0938,-0.0737,1.0256,-1.229,-0.2137,-1.4275,0,0,0
-0.0955,-0.0706,1.0295,0.4351,-0.4122,-1.3206,0,0,0
-0.0955,-0.0601,1.0217,-0.2595,-0.5496,-1.2214,0,0,0
-0.092,-0.0703,1.022,-1.6718,-0.7252,-0.5802,0,0,0
-0.0969,-0.0706,1.0227,-2.6718,-0.1679,0.229,0,0,0
-0.1001,-0.0613,1.0125,-3.771,-0.6947,0.2977,0,0,0
-0.1001,-0.0752,1.011,-3.2977,-1.5191,0.4046,0,0,0
-0.0942,-0.0649,1.0146,-1.9313,-1.916,0.2748,0,0,0
-0.1006,-0.0581,1.0203,-0.3282,-1.9618,0.4885,0,0,0
-0.094,-0.0503,1.0281,-0.084,-1.6489,-0.374,0,0,0
-0.0913,-0.043,1.0378,-0.6183,-0.5573,-1.4656,0,0,0
-0.0913,-0.0564,1.0347,-1.1069,0.5573,-2.2214,0,0,0
-0.0972,-0.0652,1.0291,-1.9924,1.0153,-2.5802,0,0,0
-0.0996,-0.071,1.0198,-2.8015,0.4504,-1.9771,0,0,0
-0.095,-0.0801,1.0164,-2.8626,0.2672,-0.8168,0,0,0
-0.1006,-0.0632,1.0212,-2.7939,-0.8015,-0.1069,0,0,0
-0.0957,-0.0745,1.0286,-3.6718,-1.3282,0.1756,0,0,0
-0.0989,-0.0801,1.022,-2.1603,-1.0458,1.0229,0,0,0
-0.0962,-0.05,1.0269,-0.8244,-0.0992,-0.0076,0,0,0
-0.0925,-0.0562,1.0291,-0.7939,0.2977,-1.3359,0,0,0
-0.0967,-0.0691,1.0315,-0.5878,1.145,-1.5573,0,0,0
-0.0923,-0.0676,1.0298,-1.4198,1.3435,-1.2824,0,0,0
-0.1016,-0.0784,1.0186,-1.9008,0.8626,-0.5878,0,0,0
-0.0986,-0.0574,1.02,-2.7557,0.1069,-0.3435,0,0,0
-0.0972,-0.0583,1.0183,-4.084,-0.0763,-0.1756,0,0,0
-0.0955,-0.0681,1.0259,-4.0229,-0.4046,-0.3435,0,0,0
-0.0991,-0.0793,1.0271,-3.1527,0.3817,0.2519,0,0,0
-0.1057,-0.0649,1.0078,-1.2748,0.229,0.687,0,0,0
-0.0994,-0.0608,1.0188,-1.2672,-0.5496,0.5344,0,0,0
-0.0994,-0.0525,1.0168,-0.4733,-0.6107,0.3969,0,0,0
-0.0967,-0.0464,1.0215,-1.1221,-0.3282,-0.4885,0,0,0
-0.0974,-0.05,1.0239,-0.855,0.0611,-2.1985,0,0,0
-0.0959,-0.0596,1.0327,-0.5725,1.0305,-2.5191,0,0,0
-0.0991,-0.062,1.0234,-1.0992,0.7328,-2.6183,0,0,0
-0.0979,-0.0671,1.0151,-2.6947,-0.2672,-1.4656,0,0,0
-0.1052,-0.0693,1.0139,-4.5954,-1.6489,-0.1221,0,0,0
-0.0986,-0.0818,1.0193,-4.771,-1.6489,1.2214,0,0,0
-0.0947,-0.0681,1.0234,-2.2595,-1.6183,0.9389,0,0,0
-0.0972,-0.0588,1.0203,0.1145,-0.626,-0.8931,0,0,0
-0.0991,-0.053,1.0142,0.8397,0.313,-2.1298,0,0,0
-0.0999,-0.0532,1.0129,0.8244,0.0992,-2.6489,0,0,0
-0.1035,-0.0571,1.0159,-0.5878,-0.6489,-2.4122,0,0,0
-0.0925,-0.0698,1.0308,-1.4427,-1.0534,-1.458,0,0,0
-0.0947,-0.051,1.032,-3.1908,-0.9313,-0.8931,0,0,0
-0.0859,-0.0625,1.0322,-4.8931,-0.3511,-1.6183,0,0,0
-0.0999,-0.0845,1.0161,-3.5267,0.8473,-1.084,0,0,0
-0.0957,-0.085,1.0112,-1.9237,0.6641,-0.8779,0,0,0
-0.0986,-0.092,1.0181,0.2824,0.4962,0.145,0,0,0
-0.1008,-0.0703,1.0176,1.374,0.3359,0.8702,0,0,0
-0.1028,-0.0474,1.012,0.9618,-0.145,0.0076,0,0,0
-0.1018,-0.0559,1.0225,-0.3206,-0.1908,-1.2901,0,0,0
-0.1035,-0.0574,1.0156,-1.5344,0.0,-0.9924,0,0,0
-0.0996,-0.0586,1.0054,-3.6641,-0.0992,-1.7863,0,0,0
-0.0979,-0.0698,1.0103,-5.145,-0.8779,-1.2061,0,0,0
-0.0969,-0.0803,1.0254,-5.4046,-1.0534,-0.0763,0,0,0
-0.0876,-0.0759,1.0227,-5.1756,-0.6641,0.6183,0,0,0
-0.0923,-0.0586,1.031,-3.7328,0.8015,0.5573,0,0,0
-0.0977,-0.0579,1.0215,-2.0992,1.6489,-0.5191,0,0,0
-0.1033,-0.0652,1.0193,0.1756,1.1756,-1.1756,0,0,0
-0.1052,-0.0532,1.0205,0.3435,0.6336,-1.6947,0,0,0
-0.1033,-0.0627,1.0208,-0.1908,0.3588,-1.771,0,0,0
-0.0994,-0.052,1.0291,-0.9847,1.3282,-1.9695,0,0,0
-0.0933,-0.0537,1.0417,-2.7481,2.3969,-2.4809,0,0,0
-0.1025,-0.064,1.0342,-4.2366,2.8168,-2.0,0,0,0
-0.1028,-0.0894,1.0269,-4.9695,2.8855,-0.7863,0,0,0
-0.1104,-0.0813,1.0139,-3.8855,2.1985,0.0992,0,0,0
-0.1089,-0.0771,1.0073,-3.2672,0.4427,-0.0382,0,0,0
-0.1069,-0.0781,1.03,-1.1221,0.1069,0.5954,0,0,0
-0.1045,-0.062,1.0161,-0.4809,0.4275,-0.8779,0,0,0
-0.105,-0.0681,1.0227,0.3282,0.916,-1.6794,0,0,0
-0.1025,-0.0623,1.0183,0.458,0.916,-2.5115,0,0,0
-0.1135,-0.0667,1.0195,-0.4504,0.1221,-2.7023,0,0,0
-0.1106,-0.0835,1.0139,-1.0611,-0.9695,-1.3893,0,0,0
-0.1084,-0.075,1.0171,-2.1221,-1.9924,-0.374,0,0,0
-0.1042,-0.0767,1.031,-3.7328,-1.9695,0.9313,0,0,0
-0.0952,-0.0901,1.0415,-3.8168,-1.2977,1.8015,0,0,0
-0.1021,-0.0813,1.033,-2.6641,-0.4504,1.5191,0,0,0
-0.0996,-0.0769,1.0227,-1.2214,-0.7176,1.2061,0,0,0
-0.103,-0.0596,1.0193,0.5649,-0.7863,0.7099,0,0,0
-0.104,-0.0588,1.012,0.9771,-1.7099,0.6412,0,0,0
-0.1045,-0.0488,1.0244,1.2061,-1.8397,-0.1298,0,0,0
-0.1016,-0.043,1.0225,0.1756,-1.3435,-1.2443,0,0,0
-0.103,-0.0496,1.0251,-1.374,-0.8626,-1.6107,0,0,0
-0.1018,-0.0515,1.0291,-3.2443,0.1374,-1.6794,0,0,0
-0.1042,-0.063,1.0281,-4.855,0.4962,-1.5115,0,0,0
-0.1077,-0.0625,1.0198,-4.2214,0.6412,-1.2672,0,0,0
-0.0996,-0.0652,1.019,-3.5038,0.084,-1.7863,0,0,0
-0.1069,-0.0803,1.0171,-2.2977,-0.2137,-1.0,0,0,0
-0.103,-0.0845,1.0227,0.1832,-0.0916,-0.084,0,0,0
-0.0994,-0.0625,1.0193,0.9237,-0.0305,-0.7099,0,0,0
-0.1045,-0.0645,1.0276,1.5802,-0.2748,-1.3664,0,0,0
-0.1028,-0.0566,1.0217,0.5954,0.0611,-1.9389,0,0,0
-0.0994,-0.0623,1.0378,-0.916,0.0305,-2.1832,0,0,0
-0.1084,-0.0686,1.0354,-2.1603,1.0534,-1.4122,0,0,0
-0.1077,-0.0649,1.022,-3.3588,0.5115,-1.0916,0,0,0
-0.1099,-0.0659,1.0149,-5.0916,0.1908,-0.8473,0,0,0
-0.114,-0.0811,1.0132,-4.6412,-0.6718,-0.4198,0,0,0
-0.1086,-0.0959,1.0215,-3.4275,-1.1603,0.8092,0,0,0
-0.1091,-0.0793,1.0188,-0.5191,-1.1298,1.8244,0,0,0
-0.1057,-0.0542,1.0156,0.7939,-1.4656,0.5725,0,0,0
-0.1035,-0.0596,1.0288,-0.0611,-0.9618,0.3588,0,0,0
-0.0942,-0.0667,1.0259,-0.2901,0.1221,-0.0534,0,0,0
-0.1025,-0.0554,1.0254,-0.3435,0.3282,-0.313,0,0,0
-0.1042,-0.0566,1.0122,-1.2977,-0.2595,-0.3664,0,0,0
-0.0996,-0.0535,1.019,-2.3664,-0.9695,0.0153,0,0,0
-0.1038,-0.0554,1.0193,-2.9542,-1.1069,-0.0916,0,0,0
-0.103,-0.0596,1.02,-3.7481,-0.8168,-0.145,0,0,0
-0.0984,-0.0801,1.0195,-2.3664,0.145,-0.1908,0,0,0
-0.1028,-0.0735,1.0188,0.0,0.626,-0.4122,0,0,0
-0.0981,-0.0601,1.0125,0.8855,0.7863,-0.9466,0,0,0
-0.1038,-0.0554,1.0164,0.6947,0.6412,-1.229,0,0,0
-0.1035,-0.0559,1.0134,-1.1527,0.2977,-1.2595,0,0,0
-0.1045,-0.0645,1.0142,-1.8931,-0.1679,-1.1985,0,0,0
-0.1094,-0.0691,1.0144,-2.1069,-0.313,-1.4046,0,0,0
-0.1082,-0.0698,1.0056,-3.0458,-1.0153,-1.1679,0,0,0
-0.1057,-0.0754,1.0078,-3.7099,-1.4656,-0.4656,0,0,0
-0.0999,-0.072,1.0234,-3.7099,-1.4275,-0.5115,0,0,0
-0.0957,-0.0923,1.0327,-3.0153,-0.4427,-0.4809,0,0,0
-0.1025,-0.0798,1.0327,-0.7328,0.3893,0.0763,0,0,0
-0.1035,-0.0688,1.0154,-0.5191,0.4427,-0.2901,0,0,0
-0.1104,-0.0818,1.0208,-0.3282,0.1298,-0.2748,0,0,0
-0.1108,-0.0742,1.0093,-0.3588,-0.5191,0.458,0,0,0
-0.1064,-0.0737,1.0142,-0.5267,-1.1374,0.5649,0,0,0
-0.1067,-0.0601,1.0129,-0.9008,-1.6107,0.1527,0,0,0
-0.1055,-0.0513,1.0261,-1.6794,-1.6489,-0.6107,0,0,0
-0.103,-0.0532,1.0308,-2.9389,-0.4733,-0.7328,0,0,0
-0.1006,-0.0635,1.0261,-4.1985,0.1908,-0.8321,0,0,0
-0.1023,-0.0762,1.0205,-4.1221,0.2519,-0.0611,0,0,0
-0.105,-0.084,1.0278,-1.9771,-0.3817,0.9771,0,0,0
-0.1023,-0.0652,1.0234,-0.7786,-0.1679,0.8168,0,0,0
-0.0996,-0.062,1.0273,0.542,-0.0076,0.458,0,0,0
-0.0994,-0.0601,1.0325,1.2824,0.5496,-0.2672,0,0,0
-0.1042,-0.0615,1.0295,1.2977,0.771,-0.2901,0,0,0
-0.1082,-0.0559,1.0188,-0.1756,0.4198,0.2748,0,0,0
-0.1079,-0.0576,1.0273,-2.3817,0.0153,1.0763,0,0,0
-0.1191,-0.0745,1.0171,-4.2901,-0.0916,0.9771,0,0,0
-0.1006,-0.0959,1.0359,-3.9695,0.0229,0.6947,0,0,0
-0.1113,-0.0923,1.0334,-0.4504,1.7634,1.0534,0,0,0
-0.105,-0.0742,1.0457,1.2901,3.0382,1.9389,0,0,0
-0.1108,-0.0134,1.0322,1.8626,6.0534,1.2824,0,0,0
-0.1067,-0.032,1.0176,0.5267,8.0611,-2.0763,0,0,0
-0.0969,-0.0422,1.0095,-3.2595,8.6107,-3.771,0,0,0
-0.1086,-0.0496,1.0059,-5.5344,7.3969,-4.6183,0,0,0
-0.1082,-0.0657,0.9998,-6.4885,5.8244,-4.1908,0,0,0
-0.1123,-0.1013,1.0059,-4.1679,4.3282,-1.7176,0,0,0
-0.1223,-0.0847,1.0103,-0.1985,3.4275,0.1832,1,0,0
-0.1289,-0.0671,1.0029,2.5878,1.2214,0.1069,1,0,0
-0.1321,-0.061,0.9958,4.1221,-0.4046,-0.8931,1,0,0
-0.1292,-0.0698,1.0032,4.145,-1.8779,-1.5878,1,0,0
-0.1111,-0.0796,1.0122,4.9466,-2.4275,-1.3359,1,0,0
-0.1147,-0.0764,1.0159,5.7405,-1.9237,-1.1069,1,0,0
-0.115,-0.0437,1.0095,4.3053,-2.2443,-0.9924,1,0,0
-0.1096,-0.0139,1.0161,0.0153,-2.2137,-2.6718,1,0,0
-0.1094,-0.0356,1.0168,-4.4962,-2.8626,-3.9237,1,0,0
-0.1047,-0.0681,1.0244,-6.8855,-2.7252,-3.458,1,0,0
-0.0989,-0.106,1.0291,-7.5802,-1.9466,-0.855,1,0,0
-0.1091,-0.1079,1.0259,-4.771,-1.084,1.4351,1,0,0
-0.1104,-0.0728,1.0151,-2.145,-0.1221,1.1908,1,0,0
-0.1157,-0.0774,1.0073,0.0534,-0.0229,-0.0305,1,0,0
-0.1152,-0.0645,1.0049,2.0534,-0.5344,-0.5573,1,0,0
-0.1143,-0.0537,1.0164,3.1298,-1.4046,-1.3969,1,0,0
-0.1135,-0.0464,1.0073,1.3511,-2.4656,-1.2519,1,0,0
-0.1055,-0.0469,1.0237,-1.9618,-2.3511,-1.4656,1,0,0
-0.104,-0.0547,1.0398,-5.0534,-2.0076,-0.4733,1,0,0
-0.1104,-0.0798,1.0403,-6.7099,-0.9466,1.7786,1,0,0
-0.1133,-0.0828,1.0266,-4.5267,-0.0458,3.0763,1,0,0
-0.1152,-0.0557,1.0178,-2.0153,-0.4885,1.4733,1,0,0
-0.1106,-0.0623,1.019,-1.0992,-0.7939,0.8931,1,0,0
-0.1155,-0.0703,1.0166,1.3664,-1.2137,0.9084,1,0,0
-0.1135,-0.0476,1.0151,2.2824,-1.5954,0.4351,1,0,0
-0.1086,-0.0259,1.0271,0.4198,-2.3206,-0.6641,1,0,0
-0.1023,-0.0305,1.0332,-3.0763,-2.145,-1.2443,1,0,0
-0.113,-0.0518,1.0347,-6.8855,-1.6031,-0.2977,1,0,0
-0.1116,-0.0769,1.032,-7.6794,-1.0,1.374,1,0,0
-0.1104,-0.0684,1.0198,-6.2595,-0.7863,1.1679,1,0,0
-0.1169,-0.0601,1.0171,-4.5344,-1.1832,0.0916,1,0,0
-0.1096,-0.0557,1.0149,-3.229,-1.0,-0.6183,1,0,0
-0.1155,-0.0569,1.0254,-1.7328,-1.5573,-1.3511,1,0,0
-0.1082,-0.0505,1.0261,-0.8397,-0.687,-1.8931,1,0,0
-0.1084,-0.0676,1.0339,-0.2366,-0.084,-1.8626,1,0,0
-0.1165,-0.0591,1.0254,-0.855,-0.3282,-1.7405,1,0,0
-0.116,-0.0669,1.0142,-2.229,-0.3206,-0.626,1,0,0
-0.1189,-0.0574,1.0168,-4.0458,-1.374,0.0992,1,0,0
-0.1118,-0.0735,1.0166,-4.1527,-1.4198,0.084,1,0,0
-0.1023,-0.0728,1.0151,-2.855,-0.9008,-0.2366,1,0,0
-0.1074,-0.0554,1.0251,-1.084,-0.8779,-1.0916,1,0,0
-0.1062,-0.0491,1.0132,-2.0076,-1.0534,-2.0076,1,0,0
-0.1101,-0.0496,1.0215,-2.8168,-0.916,-1.9847,1,0,0
-0.1143,-0.0537,1.0203,-4.5954,-1.2901,-1.8092,1,0,0
-0.1125,-0.0867,1.0188,-6.1756,-0.4656,-1.5038,1,0,0
-0.0984,-0.0969,1.0232,-3.9771,-0.916,0.6565,1,0,0
-0.1067,-0.0732,1.0117,-0.5267,-0.8244,0.2443,1,0,0
-0.1108,-0.0544,1.0122,-0.687,-1.5038,-1.3282,1,0,0
-0.1086,-0.0708,1.0208,-0.2595,-1.2137,-1.5802,1,0,0
-0.1084,-0.0564,1.0181,-0.4198,-1.6641,-1.4733,1,0,0
-0.1082,-0.0493,1.019,-1.3588,-1.8092,-2.4275,1,0,0
-0.1101,-0.0664,1.0234,-1.4122,-2.5038,-2.2748,1,0,0
-0.1082,-0.062,1.0215,-1.3969,-2.2214,-2.8168,1,0,0
-0.1096,-0.0544,1.0151,-2.0458,-1.3893,-3.4427,1,0,0
-0.1123,-0.0671,1.0198,-2.626,-1.6031,-3.6718,1,0,0
-0.1138,-0.0767,1.0146,-3.3588,-2.3435,-2.0153,1,0,0
-0.1086,-0.0728,1.0105,-2.2214,-2.5725,-0.8779,1,0,0
-0.1155,-0.0513,1.0083,-1.4122,-3.5878,-1.6489,1,0,0
-0.1052,-0.0588,1.0161,-0.5496,-3.6794,-2.3206,1,0,0
-0.0991,-0.0549,1.0271,0.3435,-3.687,-2.7786,1,0,0
-0.1033,-0.0437,1.0312,-0.3053,-3.1832,-3.8168,0,0,0
-0.1021,-0.0664,1.0303,-0.2672,-2.6489,-4.0153,0,0,0
-0.0984,-0.0618,1.0247,-0.6947,-2.1756,-4.5573,0,0,0
-0.1006,-0.0793,1.0334,-1.4733,-1.7863,-4.1985,0,0,0
-0.1042,-0.0847,1.0303,-0.7405,-1.8092,-3.2824,0,0,0
-0.0972,-0.0769,1.031,-0.8168,-1.2824,-2.0458,0,0,0
-0.094,-0.0769,1.032,0.7405,-0.8244,-1.5267,0,0,0
-0.0979,-0.0515,1.0295,0.7252,-0.5344,-1.1221,0,0,0
-0.1021,-0.0547,1.0308,-0.6641,0.5878,-1.6641,0,0,0
-0.1055,-0.0515,1.0156,-1.0153,0.1908,-2.4809,0,0,0
-0.1084,-0.0525,1.01,-1.6183,-0.0153,-3.7023,0,0,0
-0.1072,-0.063,1.0139,-1.4275,-0.458,-3.9847,0,0,0
-0.1077,-0.0696,1.0081,-1.3588,-0.9847,-3.0763,0,0,0
-0.1006,-0.0627,1.021,-2.1145,-1.771,-1.855,0,0,0
-0.1018,-0.0574,1.0222,-3.5649,-2.1069,-0.4885,0,0,0
-0.0923,-0.074,1.0332,-3.9008,-1.2137,-0.5115,0,0,0
-0.0952,-0.0657,1.0271,-2.6641,-0.0458,-1.3511,0,0,0
-0.0989,-0.0786,1.0229,-2.6641,0.3893,-1.4351,0,0,0
-0.1021,-0.0793,1.0237,-0.0534,0.1985,-0.9924,0,0,0
-0.1072,-0.0691,1.0166,-0.2061,-0.3817,-1.3359,0,0,0
-0.1018,-0.0659,1.0242,-0.2824,-1.1221,-1.1908,0,0,0
-0.1006,-0.0544,1.0225,-0.0382,-0.8931,-1.458,0,0,0
-0.1001,-0.0422,1.0242,-1.6947,-0.5725,-1.7252,0,0,0
-0.1025,-0.0461,1.0215,-3.9389,-0.0763,-2.6794,0,0,0
-0.104,-0.0662,1.0178,-4.9466,-0.3969,-2.6489,0,0,0
-0.1082,-0.0701,1.0122,-4.6107,-0.5267,-1.7786,0,0,0
-0.106,-0.071,1.0244,-4.2214,-0.626,-1.626,0,0,0
-0.1025,-0.0674,1.0203,-2.5573,-0.6031,-2.3664,0,0,0
-0.0994,-0.0686,1.0308,-1.3282,-0.0611,-2.145,0,0,0
-0.1018,-0.0576,1.0315,0.0,0.6947,-2.5573,0,0,0
-0.1101,-0.0508,1.0125,0.0,0.8626,-3.5267,0,0,0
-0.1077,-0.0654,1.0264,-0.5725,0.3664,-3.7405,0,0,0
-0.1113,-0.0571,1.0198,-1.8015,-0.0229,-3.9389,0,0,0
-0.1018,-0.0684,1.0188,-2.771,-0.4122,-3.4885,0,0,0
-0.1077,-0.0642,1.0261,-4.1908,-0.9084,-3.458,0,0,0
-0.0989,-0.0745,1.031,-5.3969,-0.2672,-3.2672,0,0,0
-0.0986,-0.0681,1.0288,-4.5649,0.771,-2.6031,0,0,0
-0.1033,-0.0552,1.0381,-3.4046,1.458,-3.5649,0,0,0
-0.103,-0.0742,1.0288,-2.374,2.3435,-4.6947,0,0,0
-0.1074,-0.0662,1.0247,-1.0687,2.5725,-4.855,0,0,0
-0.1079,-0.0767,1.009,-0.2595,1.8931,-4.4885,0,0,0
-0.1099,-0.0813,1.0027,0.2214,0.5649,-3.5191,0,0,0
-0.1086,-0.0571,1.0066,-1.0153,-0.9008,-2.6641,0,0,0
-0.1025,-0.0559,1.019,-3.1374,-1.5115,-2.6107,0,0,0
-0.1003,-0.0591,1.0229,-5.084,-1.3282,-3.0305,0,0,0
-0.1057,-0.0732,1.0312,-6.0763,-0.0458,-2.3206,0,0,0
-0.1077,-0.0854,1.0164,-4.6718,0.8015,-1.374,0,0,0
-0.1023,-0.0918,1.0093,-3.2519,-0.1374,-0.6947,0,0,0
-0.104,-0.0916,1.0117,-1.1908,-0.9008,0.0687,0,0,0
-0.1064,-0.0735,1.009,0.1832,-1.4885,-0.0763,0,0,0
-0.0974,-0.0664,1.021,0.1908,-1.6031,-1.6031,0,0,0
-0.1001,-0.061,1.0291,0.4885,-0.5725,-2.2137,0,0,0
-0.1074,-0.0542,1.0183,-0.7176,0.5954,-2.1832,0,0,0
-0.1072,-0.0552,1.0054,-2.1603,0.0916,-2.6336,0,0,0
-0.1086,-0.0615,1.0044,-3.6107,-0.771,-2.7634,0,0,0
-0.1086,-0.0786,1.0208,-5.0687,-1.3588,-1.2672,0,0,0
-0.1008,-0.1155,1.0242,-3.8092,-1.0458,1.0153,0,0,0
-0.1011,-0.0857,1.02,-1.5878,-1.5115,1.8931,0,0,0
-0.1067,-0.0771,1.0146,-0.8092,-1.5725,1.5802,0,0,0
-0.1086,-0.0688,1.0171,0.1145,-1.6336,1.9313,0,0,0
-0.1016,-0.0508,1.0166,0.0382,-1.1756,0.7481,0,0,0
-0.1025,-0.0574,1.022,0.1756,-0.8855,-1.0687,0,0,0
-0.1069,-0.0554,1.0291,0.6641,-0.3664,-2.4733,0,0,0
-0.1099,-0.0537,1.0178,-1.4885,-0.4351,-2.3282,0,0,0
-0.1057,-0.0806,1.0183,-2.916,-1.4962,-1.2443,0,0,0
-0.1101,-0.0793,1.0266,-4.4122,-1.687,0.2443,0,0,0
-0.1025,-0.0947,1.0349,-3.4351,-0.6489,1.3206,0,0,0
-0.1072,-0.0708,1.0256,-1.6794,-0.4427,1.4504,1,0,0
-0.1055,-0.061,1.0208,0.3817,0.0534,0.916,1,0,0
-0.1047,-0.0559,1.0215,0.8626,-0.1985,-0.229,1,0,0
-0.0991,-0.0767,1.0251,1.4504,-0.4656,-0.5191,1,0,0
-0.1028,-0.0571,1.0254,1.4275,-0.9466,-0.3282,1,0,0
-0.1033,-0.0454,1.031,-1.0687,-1.1527,-1.1069,1,0,0
-0.1006,-0.0632,1.0312,-3.458,-1.7252,-0.6641,1,0,0
-0.1003,-0.0667,1.0332,-4.1756,-2.0534,0.4733,1,0,0
-0.0996,-0.0671,1.0305,-4.8015,-1.6489,-0.1069,1,0,0
-0.0945,-0.0779,1.041,-3.1527,-0.5344,-1.0153,1,0,0
-0.106,-0.071,1.033,-1.7939,0.7786,-1.7023,1,0,0
-0.1018,-0.084,1.0315,-0.9008,1.687,-1.1069,1,0,0
-0.1062,-0.0784,1.0315,0.1603,2.0916,-0.1985,1,0,0
-0.1006,-0.075,1.0283,1.4809,2.3359,0.1221,1,0,0
-0.106,-0.0691,1.0227,2.4198,1.9618,-0.0153,1,0,0
-0.1079,-0.0542,1.0259,1.9389,1.5954,-0.6641,1,0,0
-0.1111,-0.0542,1.0032,-0.7099,1.3588,-0.4809,1,0,0
-0.1082,-0.0508,1.0098,-3.771,0.9389,-0.5038,1,0,0
-0.1064,-0.0627,1.0093,-5.3817,0.0916,-0.3282,1,0,0
-0.1038,-0.0669,1.0149,-6.0076,-0.7176,-0.8092,1,0,0
-0.1028,-0.0793,1.0168,-5.7023,-0.5344,-0.3359,1,0,0
-0.1047,-0.0933,1.0212,-3.2824,-0.0305,0.1985,1,0,0
-0.1045,-0.0767,1.0181,-0.8321,-0.1908,0.2824,1,0,0
-0.1108,-0.0784,1.0186,0.8015,-0.1679,0.1221,1,0,0
-0.1045,-0.0762,1.0278,1.7557,-0.1908,0.6489,1,0,0
-0.105,-0.0559,1.0142,2.0611,-0.7023,0.0,1,0,0
-0.1074,-0.052,1.0161,0.1603,-0.6412,-0.3359,1,0,0
-0.1121,-0.0547,1.0125,-0.8244,-1.5267,-0.1069,1,0,0
-0.1116,-0.0552,1.01,-2.2366,-2.5878,-0.3359,1,0,0
-0.1057,-0.0532,1.0171,-3.7099,-3.2977,-0.6031,1,0,0
-0.1074,-0.0532,1.0229,-4.1832,-2.771,-0.7328,1,0,0
-0.0969,-0.0625,1.0376,-5.7481,-1.6412,-1.2214,1,0,0
-0.0969,-0.0955,1.0305,-4.458,0.3817,-0.7557,1,0,0
-0.1023,-0.0735,1.0315,-1.9695,0.2137,-0.1832,1,0,0
-0.1077,-0.0557,1.0112,-1.7863,0.2214,-1.3282,1,0,0
-0.1111,-0.0579,1.0217,-1.8168,-0.5802,-1.6641,1,0,0
-0.1077,-0.0637,1.0215,-2.4809,-1.0687,-1.8626,1,0,0
-0.0984,-0.0713,1.0278,-2.916,-0.8168,-1.8626,1,0,0
-0.1003,-0.0735,1.0308,-3.0382,0.2748,-1.7176,1,0,0
-0.0964,-0.0659,1.0337,-3.6107,1.8092,-2.0534,1,0,0
-0.1072,-0.0691,1.0171,-4.313,1.4275,-1.1679,1,0,0
-0.1104,-0.0815,1.019,-4.5573,-0.2595,-0.9847,1,0,0
-0.095,-0.0598,1.0164,-4.0229,-1.0611,0.1374,1,0,0
-0.1047,-0.0869,1.0278,-2.4427,-1.2366,1.687,1,0,0
-0.0996,-0.0859,1.0325,-1.4351,-0.0992,2.0687,1,0,0
-0.0969,-0.0913,1.032,-0.0992,0.5878,1.6489,1,0,0
-0.1028,-0.0735,1.0178,1.9466,1.0305,1.2443,0,0,0
-0.1079,-0.0645,1.0151,1.9313,0.5573,0.9389,0,0,0
-0.1108,-0.0459,1.0146,1.1527,0.2443,0.5573,0,0,0
-0.1023,-0.0442,1.0234,-1.4962,0.4198,-0.3588,0,0,0
-0.1021,-0.0652,1.0229,-2.6107,0.9924,-0.1145,0,0,0
-0.1084,-0.0615,1.0139,-3.2595,1.1603,-0.1221,0,0,0
-0.115,-0.0693,1.0068,-4.4275,0.3206,0.3893,0,0,0
-0.1194,-0.072,1.0139,-3.5878,-0.6183,1.3664,0,0,0
-0.1147,-0.0505,1.0049,-2.9008,-1.4962,0.4809,0,0,0
-0.1064,-0.0569,1.0225,-1.9084,-1.3664,-1.3282,0,0,0
-0.1038,-0.0645,1.0237,0.1832,-0.4427,-1.7786,0,0,0
-0.1079,-0.0576,1.0264,1.5115,0.2977,-1.6794,0,0,0
-0.1035,-0.0598,1.0334,1.1832,1.0687,-2.1527,0,0,0
-0.1008,-0.0564,1.0286,-0.0992,1.5496,-2.4504,0,0,0
-0.1079,-0.0642,1.0151,-1.9313,1.458,-2.2137,0,0,0
-0.1047,-0.0742,1.0146,-2.9771,1.1527,-1.0763,0,0,0
-0.1067,-0.0754,1.0164,-4.145,0.7786,-0.5267,0,0,0
-0.1121,-0.0698,1.0098,-3.7099,0.4809,0.0076,0,0,0
-0.1074,-0.0779,1.0127,-2.5191,0.0763,-0.5191,0,0,0
-0.1106,-0.0681,1.019,-0.6031,0.3359,-1.2061,0,0,0
-0.1069,-0.0642,1.0095,0.2137,0.7176,-2.0534,0,0,0
-0.1108,-0.0784,1.0293,0.9313,1.3053,-2.458,0,0,0
-0.1064,-0.0681,1.0237,1.3282,1.8855,-2.229,0,0,0
-0.1077,-0.062,1.0205,0.4198,1.1832,-1.916,0,0,0
-0.1155,-0.0735,1.0083,-0.4275,0.7863,-2.1069,0,0,0
-0.1116,-0.0688,1.0073,-1.3893,-0.1603,-1.5878,0,0,0
-0.1135,-0.0769,1.0083,-2.2901,-0.9313,-0.6641,0,0,0
-0.1094,-0.0691,1.0083,-3.6641,-1.5191,0.2137,0,0,0
-0.1057,-0.0671,1.0188,-4.4046,-2.2214,0.2061,0,0,0
-0.1145,-0.0598,1.0205,-4.3664,-1.6336,-0.3588,0,0,0
-0.1016,-0.083,1.0178,-3.1756,-0.6412,-0.5115,0,0,0
-0.1116,-0.0725,1.0083,-1.9313,-0.4962,-0.9008,0,0,0
-0.1077,-0.0786,1.0127,-1.4275,-0.8321,-0.8397,0,0,0
-0.1152,-0.0801,1.0173,-1.0916,-1.6107,-0.5802,0,0,0
-0.1113,-0.0823,1.0132,-0.7557,-2.9618,0.626,0,0,0
-0.1052,-0.071,1.0247,-0.5802,-3.2977,1.2061,0,0,0
-0.1045,-0.0693,1.0361,-0.2824,-3.1756,1.3664,0,0,0
-0.1082,-0.0457,1.0457,-0.1298,-2.4809,0.4427,0,0,0
-0.1079,-0.05,1.0454,-1.2977,-0.8473,-0.7328,0,0,0
-0.1147,-0.0518,1.0334,-2.2061,0.0611,-1.3282,0,0,0
-0.1111,-0.0706,1.0325,-3.2137,0.4351,-1.5344,0,0,0
-0.1123,-0.072,1.0266,-2.9313,0.7634,-1.5802,0,0,0
-0.1191,-0.0798,1.0261,-2.0992,0.1069,-1.3664,0,0,0
-0.1116,-0.071,1.0295,-1.2366,0.084,-1.2061,0,0,0
-0.1104,-0.074,1.0229,-0.0763,-0.1756,-1.0534,0,0,0
-0.1055,-0.0735,1.022,-0.1756,0.0534,-0.6489,0,0,0
-0.1057,-0.0686,1.0181,-0.771,-0.1756,-0.1908,0,0,0
-0.1045,-0.0603,1.0139,-2.2748,-0.0992,-0.2901,0,0,0
-0.1086,-0.0552,1.0103,-3.8931,0.0534,-0.3817,0,0,0
-0.1062,-0.0625,1.0195,-3.9084,0.0992,-1.5344,0,0,0
-0.1052,-0.071,1.01,-3.3893,0.1298,-1.4656,0,0,0
-0.1108,-0.071,1.002,-1.7939,-0.5725,-1.0076,0,0,0
-0.114,-0.0713,1.0046,-2.3817,-1.7863,-0.8397,0,0,0
-0.1091,-0.0811,1.0129,-2.0382,-1.9618,0.2748,0,0,0
-0.1057,-0.0757,1.0161,-1.374,-1.458,0.3893,0,0,0
-0.1013,-0.0688,1.0134,-0.9542,-0.7939,-0.0763,0,0,0
-0.114,-0.0554,1.0127,-0.6794,-0.2901,-0.4885,0,0,0
-0.1111,-0.0569,1.0083,-1.5267,-1.3282,-1.3206,0,0,0
-0.1082,-0.063,1.0122,-1.9008,-2.3053,-1.1603,0,0,0
-0.1082,-0.071,1.0142,-1.626,-2.542,-0.2901,0,0,0
-0.1018,-0.062,1.0269,-1.6107,-2.6565,-0.5802,0,0,0
-0.0991,-0.0684,1.0295,-2.2061,-1.4656,-0.7023,0,0,0
-0.0996,-0.0703,1.0195,-2.7863,-1.0382,-0.542,0,0,0
-0.1145,-0.0605,1.0159,-2.8397,-1.0305,-0.4046,0,0,0
-0.1116,-0.0706,1.0149,-2.4122,-1.5115,-1.1756,0,0,0
-0.1099,-0.0667,1.02,-1.6183,-1.7252,-1.1756,0,0,0
-0.1133,-0.0676,1.0215,-0.916,-2.4275,-0.7252,0,0,0
-0.1118,-0.0649,1.0239,-1.4275,-2.4885,-0.9008,0,0,0
-0.0999,-0.0801,1.0317,-1.5954,-2.2595,-0.6031,0,0,0
-0.1047,-0.0608,1.0327,-1.5573,-1.3893,-0.6336,0,0,0
-0.1099,-0.0583,1.0249,-2.8779,-1.2977,-0.9618,0,0,0
-0.105,-0.0701,1.0288,-3.9847,-1.5802,-1.0458,0,0,0
-0.1035,-0.0811,1.0281,-4.1756,-1.4733,-0.3359,0,0,0
-0.1047,-0.0884,1.031,-3.2366,-1.4733,0.1832,0,0,0
-0.1045,-0.0735,1.0254,-1.9542,-1.4351,-0.0763,0,0,0
-0.1001,-0.0696,1.032,-2.0992,-1.5191,-0.7863,0,0,0
-0.1055,-0.0627,1.0325,-2.8397,-1.1908,-0.4809,0,0,0
-0.1021,-0.092,1.0305,-2.8855,-0.6794,0.2061,0,0,0
-0.1038,-0.0652,1.0222,-0.4809,-0.4656,0.3206,0,0,0
-0.1011,-0.0583,1.0178,-0.8244,-0.6794,-0.916,0,0,0
-0.1074,-0.0701,1.0239,-1.2214,-0.8855,-0.5344,0,0,0
-0.1113,-0.0781,1.0251,-1.3359,-0.3282,0.4046,0,0,0
-0.1045,-0.0588,1.0168,-0.1069,-0.0992,-0.0382,0,0,0
-0.1025,-0.0483,1.0222,-1.1603,-0.6412,-1.2214,0,0,0
-0.1094,-0.0593,1.0168,-1.5878,-0.5802,-0.8473,0,0,0
-0.1042,-0.0588,1.0171,-2.8092,-1.145,-1.3511,0,0,0
-0.1052,-0.0742,1.0254,-2.9466,-0.7786,-1.2214,0,0,0
-0.1008,-0.0586,1.0229,-3.5267,-0.916,-1.2901,0,0,0
-0.1101,-0.0632,1.0283,-4.7939,-0.9389,-1.8855,0,0,0
-0.1006,-0.0842,1.0261,-4.7634,-1.0076,-1.0,0,0,0
-0.0991,-0.104,1.0308,-3.6183,-0.5344,-0.2061,0,0,0
-0.105,-0.0879,1.0244,-0.5573,0.229,0.0229,0,0,0
-0.1011,-0.0745,1.0151,0.8473,-0.313,-0.6412,0,0,0
-0.1047,-0.0715,1.0193,1.6336,-0.5344,-0.6412,0,0,0
-0.104,-0.0549,1.0181,0.5344,-1.0153,-1.0687,0,0,0
-0.1023,-0.0654,1.0183,-1.3206,-0.916,-1.2748,0,0,0
-0.1025,-0.0671,1.0303,-2.5038,-1.084,-0.9389,0,0,0
-0.1021,-0.0752,1.0232,-3.4504,-0.7176,-0.6031,0,0,0
-0.1079,-0.0674,1.0115,-4.5496,-0.9618,-0.0611,0,0,0
-0.1086,-0.0842,1.0242,-4.7099,-1.145,-0.2137,0,0,0
-0.1047,-0.093,1.0266,-2.7328,-0.5191,0.1069,0,0,0
-0.104,-0.0886,1.0212,0.1832,0.3511,-0.0153,0,0,0
-0.1057,-0.0635,1.019,2.2061,-0.1221,0.0,0,0,0
-0.1038,-0.0603,1.0151,1.6412,-0.6565,-0.1832,0,0,0
-0.1018,-0.0645,1.0178,1.3588,-1.1527,0.1679,0,0,0
-0.0994,-0.0535,1.0166,0.2214,-0.8626,-0.0153,0,0,0
-0.1023,-0.0625,1.0186,-0.8779,-0.9313,-0.3969,0,0,0
-0.104,-0.0593,1.0181,-2.542,-0.2214,-0.7786,0,0,0
-0.1028,-0.061,1.0125,-3.3893,-1.0153,-1.084,0,0,0
-0.0981,-0.075,1.0186,-4.5725,-1.2443,-0.6794,0,0,0
-0.0989,-0.0759,1.0322,-3.3511,-1.2901,0.1756,0,0,0
-0.0957,-0.0767,1.0317,-2.3893,-0.855,-0.229,0,0,0
-0.1006,-0.0728,1.0259,-0.2977,-0.2824,0.1145,0,0,0
-0.1064,-0.0625,1.0215,0.2519,-0.1832,-0.8321,0,0,0
-0.1079,-0.0615,1.0149,0.0382,-0.0534,-1.2061,0,0,0
-0.1067,-0.0662,1.0183,-1.0916,-0.3588,-1.4885,0,0,0
-0.1042,-0.0703,1.0212,-2.1298,-1.1374,-0.9695,0,0,0
-0.1045,-0.0652,1.0247,-3.3206,-1.1145,-0.8779,0,0,0
-0.1055,-0.0681,1.0134,-4.687,-1.5878,0.1221,0,0,0
-0.1069,-0.0586,1.0164,-6.3206,-2.5191,0.2443,0,0,0
-0.0996,-0.0881,1.0359,-6.4656,-1.9313,0.1832,0,0,0
-0.0989,-0.104,1.0249,-1.9847,0.0611,0.0305,0,0,0
-0.1006,-0.075,1.0229,2.626,1.0534,-1.0229,0,0,0
-0.1128,-0.0579,1.0188,3.4122,0.5115,-1.771,0,0,0
-0.1074,-0.0632,1.0149,2.0534,0.1298,-1.0916,0,0,0
-0.0996,-0.0667,1.0193,0.2748,-0.6565,-0.9466,0,0,0
-0.0947,-0.0667,1.0254,-1.1221,-0.8702,-0.8015,0,0,0
-0.0986,-0.0674,1.0276,-2.7252,-1.3664,-0.4198,0,0,0
-0.0962,-0.0557,1.03,-5.2443,-0.8855,-0.229,0,0,0
-0.1021,-0.0801,1.0288,-5.7863,-0.8168,0.1221,0,0,0
-0.0999,-0.083,1.0366,-4.084,-0.4275,0.3359,0,0,0
-0.1023,-0.0881,1.0278,-1.0458,0.8931,0.8092,0,0,0
-0.1011,-0.0715,1.0193,1.0611,1.3282,0.1832,0,0,0
-0.1096,-0.0732,1.0134,2.542,0.7863,0.2443,0,0,0
-0.1086,-0.0652,1.022,3.3511,-0.2214,0.6183,0,0,0
-0.1035,-0.051,1.0198,1.3359,-0.626,0.6794,0,0,0
-0.1072,-0.0554,1.0186,-0.0382,-1.0229,0.6947,0,0,0
-0.1067,-0.0544,1.0249,-1.3588,-1.1679,0.5954,0,0,0
-0.1138,-0.0767,1.0291,-1.8473,-0.3359,-0.1603,0,0,0
-0.1252,-0.1025,1.0242,-1.5191,0.374,0.9389,0,0,0
-0.0986,-0.0837,1.0232,-0.7863,-0.8397,2.145,0,0,0
-0.0857,-0.0828,1.0181,1.2824,-1.1145,2.8855,0,0,0
-0.0891,-0.0579,1.0391,2.3435,1.0305,1.2824,1,0,0
-0.0847,-0.1191,1.0459,3.7863,4.0992,0.9847,1,0,0
-0.1001,-0.0469,1.0222,3.2901,4.3664,-0.3206,1,0,0
-0.0886,-0.0503,1.0225,2.6336,6.4427,-4.0076,1,0,0
-0.1379,-0.0493,1.0115,1.0458,2.8779,-2.1527,1,0,0
-0.1123,-0.0627,1.0049,-1.0611,1.5267,-2.458,1,0,0
-0.1257,-0.0693,1.0024,-0.9084,-0.6718,-1.4504,1,0,0
-0.1147,-0.0791,1.0217,0.3588,-1.5344,-1.1908,1,0,0
-0.1147,-0.062,1.011,0.9542,-1.0229,-0.0382,1,0,0
-0.1052,-0.0464,1.0208,0.3206,-1.5038,-1.1527,1,0,0
-0.106,-0.0581,1.0168,-0.3282,-1.542,-1.6794,1,0,0
-0.1082,-0.0654,1.0237,-0.6794,-1.2214,-1.0611,1,0,0
-0.1069,-0.071,1.0222,-0.3435,-1.2137,-0.7405,1,0,0
-0.1011,-0.0642,1.0222,-0.3435,-2.0611,-0.1298,1,0,0
-0.1033,-0.0608,1.0271,-1.4427,-1.5725,0.3817,1,0,0
-0.1018,-0.0552,1.0217,-2.4351,-1.4962,0.626,1,0,0
-0.1016,-0.0579,1.0232,-3.2824,-1.2977,0.5573,1,0,0
-0.0996,-0.062,1.0273,-2.8473,-1.2137,-0.5267,1,0,0
-0.1099,-0.0708,1.0271,-1.9008,-0.5802,0.2366,1,0,0
-0.1123,-0.0532,1.0242,-1.6183,-0.1679,0.0458,1,0,0
-0.1135,-0.0518,1.0188,-2.3053,-1.0687,-0.0153,1,0,0
-0.1069,-0.0674,1.0386,-2.5115,-1.145,0.855,1,0,0
-0.1013,-0.0623,1.0391,-0.5649,0.0763,0.6183,1,0,0
-0.1052,-0.0488,1.0232,-0.2672,0.4046,-0.1069,1,0,0
-0.105,-0.0518,1.0264,-0.8702,0.4733,-1.145,1,0,0
-0.1079,-0.0605,1.0212,-0.8626,0.1527,-0.771,1,0,0
-0.1006,-0.0515,1.0203,-1.5344,-0.5573,-0.1069,1,0,0
-0.1069,-0.0547,1.0261,-2.2672,-0.626,-0.6565,1,0,0
-0.1006,-0.0601,1.0208,-2.7939,-0.9237,-0.6183,1,0,0
-0.1052,-0.0667,1.0273,-2.3588,-0.4733,-0.5191,1,0,0
-0.1045,-0.0627,1.0239,-1.5038,-0.1145,-0.2137,1,0,0
-0.1086,-0.0686,1.0234,-0.145,-0.0534,-0.0382,1,0,0
-0.103,-0.064,1.0156,0.626,-0.1374,0.2214,1,0,0
-0.1125,-0.0579,1.019,0.5649,-0.7786,-0.0992,1,0,0
-0.1072,-0.0581,1.0215,-0.229,-0.9466,-0.2672,1,0,0
-0.1047,-0.0552,1.0168,-1.1908,-0.6947,-0.2366,1,0,0
-0.1035,-0.0554,1.0188,-2.0916,-0.6336,-0.0763,1,0,0
-0.1082,-0.0691,1.0237,-2.3282,-0.9389,-0.6641,1,0,0
-0.1047,-0.064,1.02,-1.4656,-0.3435,-0.0305,1,0,0
-0.1121,-0.0413,1.0134,-1.4351,-1.2977,0.2901,1,0,0
-0.1055,-0.0542,1.0188,-2.9084,-1.916,0.3282,1,0,0
-0.0933,-0.0728,1.0291,-2.1298,-1.8855,0.8855,1,0,0
-0.104,-0.0654,1.0186,0.2977,-0.374,0.229,1,0,0
-0.1003,-0.0432,1.0164,0.2214,-1.145,-0.626,1,0,0
-0.1104,-0.0547,1.0166,0.7176,-1.4275,-0.7328,1,0,0
-0.1079,-0.0574,1.0176,1.2595,-2.2061,-0.0076,1,0,0
-0.106,-0.0552,1.0146,0.9313,-2.9389,-0.1298,1,0,0
-0.0999,-0.063,1.0286,0.3206,-3.6183,0.2824,1,0,0
-0.0967,-0.0608,1.0288,0.0916,-3.626,1.5954,1,0,0
-0.1001,-0.0542,1.0229,-1.2366,-3.542,2.0,1,0,0
-0.0991,-0.0522,1.0283,-2.4046,-2.8855,1.7252,1,0,0
-0.1055,-0.0503,1.03,-2.542,-2.6031,1.2214,1,0,0
-0.1035,-0.0637,1.0312,-1.7176,-1.0611,0.4122,1,0,0
-0.0981,-0.0615,1.0261,-0.0611,0.1374,-0.5267,1,0,0
-0.1045,-0.0608,1.0168,1.5344,0.9466,-0.8092,1,0,0
-0.105,-0.054,1.019,1.3282,-0.1756,-0.5191,1,0,0
-0.1106,-0.0491,1.0159,0.3969,-1.145,0.0305,1,0,0
-0.1018,-0.0476,1.0173,-1.0916,-2.1221,0.0229,1,0,0
-0.1045,-0.0579,1.0198,-1.4046,-2.0611,0.7634,1,0,0
-0.0999,-0.0564,1.0112,-0.7939,-1.4046,0.7939,1,0,0
-0.1047,-0.0442,1.0076,-1.3206,-2.0229,0.2672,1,0,0
-0.1035,-0.0583,1.0151,-1.2595,-2.4962,-0.1069,1,0,0
-0.1028,-0.0581,1.011,-0.7939,-3.374,0.6031,1,0,0
-0.106,-0.0613,1.0098,-0.0763,-4.3969,0.9924,1,0,0
-0.0984,-0.0562,1.0229,0.4427,-4.8626,1.2595,1,0,0
-0.0981,-0.0571,1.0222,0.7405,-5.0687,1.9466,1,0,0
-0.0903,-0.0496,1.0256,0.9237,-4.1603,1.6336,1,0,0
-0.0872,-0.0483,1.0391,-0.1145,-2.7405,0.9847,1,0,0
-0.0903,-0.0537,1.0347,-0.3664,-1.0611,0.8779,1,0,0
-0.0947,-0.0488,1.0298,-0.084,-0.8015,1.0229,1,0,0
-0.1045,-0.0513,1.0203,-0.0611,-1.687,0.8244,1,0,0
-0.0979,-0.0469,1.0249,0.1985,-3.084,1.7481,1,0,0
-0.0969,-0.0483,1.0183,-0.9237,-3.0763,1.7786,1,0,0
-0.0918,-0.0332,1.0295,-1.6565,-3.5038,1.0534,1,0,0
-0.0906,-0.0425,1.0344,-2.2595,-2.9466,0.2366,1,0,0
-0.0869,-0.0542,1.0364,-2.0687,-1.5802,-0.4275,1,0,0
-0.0896,-0.0488,1.0261,-1.6183,-0.6641,-0.3969,1,0,0
-0.095,-0.0371,1.0222,-2.145,-1.2901,-0.4427,1,0,0
-0.0903,-0.051,1.0366,-1.6489,-0.6947,-0.2061,1,0,0
-0.083,-0.0493,1.0413,0.0,0.5344,-0.4504,1,0,0
-0.0889,-0.0513,1.0308,1.0229,1.0763,-0.4656,1,0,0
-0.0935,-0.0427,1.0266,0.6107,1.2595,-1.1145,1,0,0
-0.0972,-0.0337,1.0139,-2.0534,0.5649,-0.3282,1,0,0
-0.1006,-0.0415,1.0134,-4.3282,-0.4885,-0.1985,1,0,0
-0.0933,-0.0657,1.0173,-4.0992,-0.6489,0.0382,1,0,0
-0.095,-0.0554,1.0105,-2.7023,-0.7176,-0.2977,1,0,0
-0.0952,-0.0469,1.0208,-2.2366,-0.9389,-0.0763,1,0,0
-0.0874,-0.0466,1.0173,-3.2748,-0.8321,-0.6183,1,0,0
-0.094,-0.0632,1.0154,-2.687,-1.1374,-0.5115,1,0,0
-0.092,-0.0667,1.0068,-0.687,-1.9695,0.4733,1,0,0
-0.1016,-0.0586,1.0015,0.3206,-2.8244,0.2748,1,0,0
-0.092,-0.0415,1.0029,-0.1069,-3.8779,0.3359,1,0,0
-0.0881,-0.0393,1.0049,-1.0611,-4.4885,0.1069,1,0,0
-0.0901,-0.0376,1.0115,-1.3969,-4.4885,0.4046,1,0,0
-0.0889,-0.0444,1.0186,-1.0382,-4.313,-0.458,1,0,0
-0.0913,-0.0466,1.0151,-0.6336,-3.916,-0.3511,1,0,0
-0.0913,-0.0391,1.0112,-0.8855,-3.7939,-0.1603,1,0,0
-0.0891,-0.0354,1.0281,-2.0305,-3.4504,-0.855,1,0,0
-0.0835,-0.0449,1.0283,-2.5038,-2.7252,-1.0916,1,0,0
-0.084,-0.0447,1.03,-3.145,-1.5038,-1.2137,1,0,0
-0.0867,-0.0481,1.0308,-2.8702,-1.374,-1.458,1,0,0
-0.085,-0.0508,1.022,-2.6183,-1.2443,-1.687,1,0,0
-0.0864,-0.0479,1.0278,-2.7176,-1.6641,-2.0229,1,0,0
-0.0833,-0.051,1.0273,-2.6641,-1.458,-1.916,1,0,0
-0.0884,-0.0479,1.0312,-2.1603,-1.6794,-1.7481,1,0,0
-0.0881,-0.0479,1.0269,-2.8626,-1.9618,-1.4427,1,0,0
-0.084,-0.0527,1.0332,-4.0076,-1.2443,-1.6718,1,0,0
-0.0845,-0.0527,1.0376,-4.3893,-0.7634,-1.5496,1,0,0
-0.083,-0.0554,1.0393,-4.0611,-0.542,-1.7023,1,0,0
-0.0801,-0.0461,1.0376,-4.313,-0.0153,-2.8779,1,0,0
-0.0811,-0.0488,1.0422,-4.229,0.6107,-3.5115,1,0,0
-0.0815,-0.0371,1.0376,-5.5496,1.9237,-3.9389,1,0,0
-0.074,-0.0376,1.0493,-7.0,2.7099,-4.8702,1,0,0
-0.093,-0.0918,1.0298,-8.5878,2.5115,-3.0153,1,0,0
-0.0947,-0.0789,1.031,-6.4962,2.4962,0.0992,1,0,0
-0.1047,-0.0366,1.0151,-5.5038,1.6336,-0.9618,1,0,0
-0.0989,-0.0557,1.0144,-6.0534,0.5878,-1.8626,1,0,0
-0.0991,-0.0618,1.0103,-3.9618,-0.4046,-2.1985,1,0,0
-0.0898,-0.0471,1.0166,-2.7328,-0.7786,-2.3588,1,0,0
-0.0891,-0.0508,1.0217,-2.4046,-1.2672,-2.5496,1,0,0
-0.0918,-0.0459,1.0229,-2.4962,-1.5878,-2.5344,1,0,0
-0.0847,-0.0447,1.0317,-3.1527,-1.313,-2.9695,1,0,0
-0.0801,-0.0657,1.0315,-2.771,-0.0611,-3.3664,1,0,0
-0.0862,-0.0767,1.0271,-0.9924,1.2214,-3.1756,1,0,0
-0.0967,-0.0681,1.0286,-0.5267,1.1985,-2.1069,1,0,0
-0.0974,-0.0479,1.019,-0.1527,1.0076,-2.0916,1,0,0
-0.0881,-0.0547,1.0095,-0.2519,0.1221,-2.4962,1,0,0
-0.0881,-0.0649,1.0264,0.3893,-0.2443,-1.9389,1,0,0
-0.0903,-0.054,1.0105,0.8473,-0.1679,-1.7328,1,0,0
-0.0969,-0.0391,1.0173,-0.6794,-1.0153,-2.0153,1,0,0
-0.0891,-0.0461,1.0222,-2.8626,-1.0534,-1.9924,1,0,0
-0.0947,-0.0469,1.0264,-4.2748,-0.3206,-1.8473,1,0,0
-0.0884,-0.051,1.0308,-3.3664,0.4504,-2.7023,1,0,0
-0.0872,-0.0393,1.0166,-2.8931,0.7939,-4.4656,1,0,0
-0.0906,-0.0449,1.0134,-2.6565,0.5802,-5.3817,1,0,0
-0.1003,-0.0742,1.0237,-2.8168,0.5649,-6.2748,1,0,0
-0.0889,-0.0784,1.0269,-2.4351,0.5878,-4.916,1,0,0
-0.0957,-0.0564,1.0249,-2.2366,0.4046,-4.1603,1,0,0
-0.0881,-0.0583,1.021,-3.5191,0.1832,-4.1374,1,0,0
-0.095,-0.0662,1.0247,-2.9924,0.0076,-3.626,1,0,0
-0.0886,-0.0552,1.0327,-2.8702,0.3435,-3.6641,1,0,0
-0.0374,0.0361,0.9849,2.4962,-8.8168,2.4885,1,0,0
-0.0281,0.0298,1.0095,2.3206,-11.2748,1.6412,1,0,0
-0.0212,0.0198,1.0242,2.5344,-12.145,0.6565,1,0,0
-0.3923,-0.2085,0.9143,-11.7939,-5.9771,4.5344,0,0,0
-0.3906,-0.2419,0.9221,-11.229,-6.2061,5.313,0,0,0
-0.4077,-0.2493,0.8918,-7.7939,-7.5954,5.1298,0,0,0
-0.3901,-0.2397,0.8862,-7.145,-9.2519,5.2824,0,0,0
-0.3911,-0.2363,0.9126,-6.916,-10.0076,6.7557,0,0,0
-0.4026,-0.2725,0.9114,-4.8092,-10.7328,9.7328,0,0,0
-0.3796,-0.2102,0.9219,-1.5344,-11.0,13.7023,0,0,0
-0.3755,-0.2046,0.9446,-0.2901,-11.0,13.9084,0,0,0
-0.3669,-0.1934,0.9492,-1.6183,-7.1069,13.2672,0,0,0
-0.3877,-0.1797,0.9375,-5.0916,-5.8244,11.4885,0,0,0
-0.396,-0.1709,0.9385,-9.3511,-5.4046,9.458,0,0,0
-0.373,-0.2083,0.969,-13.3359,-4.5496,12.1221,0,0,0
-0.4011,-0.2322,0.968,-15.8397,-6.3435,17.6565,0,0,0
-0.3884,-0.217,0.9724,-14.5496,-4.8168,22.0763,0,0,0
-0.4221,-0.2473,0.9238,-7.1527,-6.7023,23.7176,0,0,0
-0.3979,-0.3289,0.8796,8.4962,-12.9237,24.5802,0,0,0
-0.3599,-0.229,0.8811,17.1908,-13.916,23.2137,0,0,0
-0.3782,-0.1504,0.8569,14.229,-12.9695,19.6947,0,0,0
-0.3577,-0.1013,0.8857,2.3511,-11.4809,13.9313,0,0,0
-0.3672,-0.0886,0.9304,-11.4198,-8.2061,6.7405,0,0,0
-0.3787,-0.1399,0.9578,-19.4733,-6.9618,1.5191,0,0,0
-0.387,-0.21,0.9639,-18.9542,-5.2061,1.6183,0,0,0
-0.3843,-0.2908,0.9597,-7.3893,-3.5191,3.3817,0,0,0
-0.3655,-0.2236,0.9392,2.5649,-0.4351,4.9084,0,0,0
-0.4053,-0.1904,0.9062,4.6947,-1.5802,4.9313,0,0,0
-0.4141,-0.1765,0.8992,3.7252,-4.4885,4.0153,0,0,0
-0.4089,-0.175,0.9165,4.1374,-7.9542,2.6641,0,0,0
-0.3809,-0.1738,0.9089,3.8473,-10.2824,1.2901,0,0,0
-0.3718,-0.1853,0.9319,0.6336,-11.3435,0.0763,0,0,0
-0.3462,-0.1765,0.9634,-1.7634,-8.145,1.5115,0,0,0
-0.3506,-0.1899,0.97,-1.3282,-3.5573,2.0992,0,0,0
-0.3713,-0.1763,0.9546,-0.9313,-1.6107,1.5573,0,0,0
-0.3669,-0.197,0.9417,-0.1756,-1.3053,0.3282,0,0,0
-0.3809,-0.1902,0.9255,0.8626,-2.145,-0.5954,0,0,0
-0.3745,-0.2061,0.9343,1.7786,-3.2061,-0.1221,0,0,0
-0.3782,-0.1968,0.9319,3.2519,-4.0458,-0.313,0,0,0
-0.3672,-0.1777,0.9294,2.2137,-4.8931,-0.9008,0,0,0
-0.3462,-0.1738,0.9541,-1.9695,-2.9389,-1.4351,0,0,0
-0.354,-0.1746,0.9663,-7.8015,0.5573,-1.145,0,0,0
-0.3486,-0.1956,0.9736,-12.1985,4.0,-0.0763,0,0,0
-0.356,-0.2146,0.9729,-13.6183,7.1298,1.2366,0,0,0
-0.3611,-0.2136,0.9531,-13.145,8.4809,3.2061,0,0,0
-0.3865,-0.2148,0.9373,-11.8015,8.5802,4.458,0,0,0
-0.3962,-0.2036,0.9106,-12.5191,6.5802,4.3359,0,0,0
-0.394,-0.1921,0.9126,-12.9466,5.6489,3.8092,0,0,0
-0.4023,-0.1824,0.9104,-16.855,3.8473,3.7863,0,0,0
-0.3838,-0.2114,0.9116,-18.1756,2.4733,4.7099,0,0,0
-0.3728,-0.2136,0.9312,-19.2214,2.458,6.313,0,0,0
-0.3689,-0.2124,0.9421,-22.0076,4.0229,9.7328,0,0,0
-0.364,-0.2222,0.9392,-24.5573,6.4809,13.1832,0,0,0
-0.3765,-0.2195,0.9299,-27.1145,8.0763,14.5115,0,0,0
-0.3918,-0.2202,0.9082,-28.9542,7.2443,13.9389,0,0,0
-0.3948,-0.2478,0.9016,-29.3053,5.0916,13.6336,0,0,0
-0.3926,-0.2417,0.9031,-27.771,4.2214,13.313,0,0,0
-0.3875,-0.2634,0.8989,-25.4504,2.855,12.4733,0,0,0
-0.3777,-0.2556,0.9028,-22.7634,3.4656,11.9924,0,0,0
-0.3823,-0.2444,0.8982,-20.2061,4.2061,10.4122,0,0,0
-0.3901,-0.2473,0.8921,-18.5344,3.5038,8.4809,0,0,0
-0.3818,-0.2373,0.8999,-16.0992,3.8244,5.6412,0,0,0
-0.3904,-0.2351,0.8938,-13.3435,4.4427,3.542,0,0,0
-0.4023,-0.2361,0.8855,-10.0687,4.0992,1.8626,0,0,0
-0.4065,-0.2371,0.8733,-7.687,2.1069,0.3359,0,0,0
-0.4072,-0.2307,0.8889,-5.8397,0.2977,-1.0611,0,0,0
-0.4014,-0.2449,0.8728,-5.0,-1.5878,-0.5344,0,0,0
-0.3967,-0.2451,0.8811,-5.7634,-2.4427,0.5649,0,0,0
-0.3999,-0.2327,0.8918,-7.0763,-2.9313,1.4885,0,0,0
-0.3948,-0.2224,0.9021,-8.9695,-3.458,1.3664,0,0,0
-0.3997,-0.2231,0.9119,-11.7557,-3.9084,1.3206,0,0,0
-0.4111,-0.2517,0.8992,-13.1221,-4.8244,1.4427,0,0,0
-0.3818,-0.2397,0.9016,-12.4122,-5.3969,2.0611,0,0,0
-0.3909,-0.2607,0.9077,-11.1679,-4.8473,1.7328,0,0,0
-0.3918,-0.2827,0.9167,-9.2366,-4.8702,1.3893,0,0,0
-0.3914,-0.2729,0.9121,-7.6641,-3.0534,1.6794,0,0,0
-0.395,-0.2742,0.896,-5.5802,-3.8397,3.3359,0,0,0
-0.3655,-0.2468,0.9233,-6.3435,-2.6183,3.4122,0,0,0
-0.4001,-0.2617,0.9148,-7.4504,-2.0,3.0534,0,0,0
-0.3936,-0.2419,0.9248,-8.6031,0.0611,1.6718,0,0,0
-0.4163,-0.249,0.905,-10.1908,-0.8855,0.542,0,0,0
-0.427,-0.2534,0.8931,-9.916,-3.3435,0.2595,0,0,0
-0.3948,-0.2837,0.9097,-6.9237,-5.8015,0.1298,0,0,0
-0.4006,-0.2861,0.9004,-5.7863,-5.4504,0.6947,0,0,0
-0.3787,-0.2595,0.9045,-5.5573,-6.1298,2.8321,0,0,0
-0.3909,-0.2722,0.9221,-5.5802,-4.1221,3.4962,0,0,0
-0.3967,-0.2783,0.907,-6.2061,-3.1069,3.4809,0,0,0
-0.3777,-0.2617,0.9268,-7.542,-1.5115,3.7328,0,0,0
-0.3987,-0.2615,0.9089,-8.0229,-2.0916,2.8321,0,0,0
-0.3923,-0.2639,0.9075,-7.6794,-2.8015,2.6336,0,0,0
-0.3887,-0.2761,0.9243,-7.7557,-2.1069,2.7023,0,0,0
-0.3857,-0.2722,0.9268,-7.5725,-0.6947,2.7634,0,0,0
-0.4004,-0.2688,0.9082,-6.0992,-0.4046,2.4962,0,0,0
-0.4438,-0.2764,0.8782,-5.1069,-3.6336,1.7634,0,0,0
-0.373,-0.2732,0.9099,-4.6565,-2.7786,2.1679,0,0,0
-0.395,-0.2668,0.8936,-4.4351,-3.7405,2.8779,0,0,0
-0.3896,-0.2637,0.9041,-4.8779,-3.9618,3.3969,0,0,0
-0.3928,-0.2622,0.885,-4.5802,-5.4962,5.7328,0,0,0
-0.4048,-0.26,0.8818,-4.3435,-7.6718,5.9924,0,0,0
-0.4053,-0.252,0.8728,-4.5191,-10.6718,6.3588,0,0,0
-0.3828,-0.2651,0.8896,-5.916,-12.2595,5.6412,0,0,0
-0.3979,-0.2595,0.8735,-8.9771,-13.4962,7.0763,0,0,0
-0.3752,-0.2439,0.8777,-12.458,-15.8015,9.9695,0,0,0
-0.3792,-0.2864,0.8726,-15.6718,-18.4427,11.9924,0,0,0
-0.3892,-0.293,0.8752,-15.8626,-19.2519,15.3359,0,0,0
-0.3887,-0.3428,0.8989,-13.9542,-22.4962,18.916,0,0,0
-0.3721,-0.313,0.927,-12.916,-19.3053,18.2977,0,0,0
-0.3789,-0.239,0.9268,-12.2824,-18.3511,14.3817,0,0,0
-0.375,-0.2727,0.9019,-14.458,-17.4885,11.6489,0,0,0
-0.3901,-0.2974,0.9036,-14.6183,-18.3206,13.4046,0,0,0
-0.3665,-0.2756,0.9282,-14.6412,-17.9313,11.1603,0,0,0
-0.3694,-0.3118,0.9207,-12.2748,-19.0229,8.9847,0,0,0
-0.4116,-0.2979,0.8728,-8.9847,-22.6947,9.2137,0,0,0
-0.4084,-0.3037,0.8811,-5.4885,-29.8092,8.2061,0,0,0
-0.3723,-0.2744,0.9043,-3.3359,-33.7786,8.3282,0,0,0
-0.4033,-0.3323,0.7964,1.3817,-32.8092,7.374,0,0,0
-0.3552,-0.3464,0.8855,4.6489,-33.2748,11.5802,0,0,0
-0.2954,-0.2405,0.9324,4.9237,-25.687,9.4198,0,0,0
-0.2715,-0.324,1.0024,4.7863,-18.1527,9.1679,0,0,0
-0.2803,-0.2607,0.9775,5.4198,-12.4275,10.8321,0,0,0
-0.3257,-0.218,0.9741,1.9924,-7.4885,4.9542,0,0,0
-0.3064,-0.1895,0.9863,-3.4656,-3.7863,0.6718,0,0,0
-0.302,-0.2444,0.98,-7.1374,-2.2443,-2.5802,0,0,0
-0.3252,-0.2976,0.95,-5.1145,-1.9237,-1.8779,0,0,0
-0.3333,-0.2815,0.936,-1.8092,-2.9618,-1.4122,0,0,0
-0.3638,-0.2478,0.906,-2.3206,-5.8855,-2.374,0,0,0
-0.3347,-0.2546,0.9292,-4.229,-5.5191,-4.0,0,0,0
-0.3306,-0.2515,0.9407,-4.0458,-4.5649,-5.4885,0,0,0
-0.325,-0.2805,0.9392,-2.0458,-2.1985,-5.0153,0,0,0
-0.3284,-0.2771,0.9382,-0.0916,-0.855,-4.2977,0,0,0
-0.3296,-0.2739,0.9485,-0.0992,-0.0458,-4.0076,0,0,0
-0.3301,-0.2671,0.9512,-1.7863,0.1069,-3.9924,0,0,0
-0.3147,-0.2803,0.9617,-2.855,0.9084,-4.1527,0,0,0
-0.3154,-0.2786,0.9451,-3.0305,1.7099,-3.8473,0,0,0
-0.3228,-0.2832,0.9368,-4.0,1.687,-3.6183,0,0,0
-0.3171,-0.2803,0.9353,-4.7557,1.7557,-3.7939,0,0,0
-0.3213,-0.2834,0.9382,-5.8626,2.5954,-3.8931,0,0,0
-0.3162,-0.2886,0.9316,-5.1603,3.4733,-3.6947,0,0,0
-0.3198,-0.2864,0.9343,-4.2519,5.1298,-3.8855,0,0,0
-0.3105,-0.2844,0.9353,-3.9924,6.9466,-4.0153,0,0,0
-0.3228,-0.2676,0.9243,-3.9237,8.7634,-4.1756,0,0,0
-0.3191,-0.2686,0.9407,-4.5496,11.0153,-4.4198,0,0,0
-0.332,-0.2737,0.9275,-4.9313,12.2901,-4.5573,0,0,0
-0.3372,-0.2771,0.9314,-5.0687,12.6641,-5.0382,0,0,0
-0.3347,-0.2727,0.9365,-5.687,13.458,-5.313,0,0,0
-0.344,-0.2795,0.9248,-5.7328,13.4122,-5.7023,0,0,0
-0.3584,-0.2839,0.9097,-5.4275,11.7786,-6.0382,0,0,0
-0.3508,-0.2905,0.908,-4.5573,9.5954,-6.1069,0,0,0
-0.3489,-0.3,0.9126,-3.6641,7.5725,-5.687,0,0,0
-0.3569,-0.3037,0.8997,-2.2672,5.0305,-3.6183,0,0,0
-0.3499,-0.3008,0.9062,-1.7557,2.7176,-2.1985,0,0,0
-0.3481,-0.2905,0.8999,-1.5725,1.855,-0.7023,0,0,0
-0.3374,-0.292,0.9092,-1.855,2.2977,-0.1221,0,0,0
-0.3462,-0.2876,0.9075,-2.7939,2.7099,-0.458,0,0,0
-0.342,-0.2893,0.9116,-3.145,3.2748,-1.1756,0,0,0
-0.3496,-0.2908,0.9099,-4.6565,3.2443,-1.3969,0,0,0
-0.3455,-0.2856,0.9172,-5.8473,3.7481,-1.3893,0,0,0
-0.3469,-0.3027,0.9106,-6.458,4.3511,-1.0992,0,0,0
-0.3557,-0.3096,0.9021,-5.5649,3.5344,-0.3664,0,0,0
-0.3643,-0.3081,0.9001,-3.6183,2.7481,-0.6183,0,0,0
-0.3608,-0.3101,0.9058,-3.084,1.4962,-0.0534,0,0,0
-0.364,-0.2954,0.9021,-2.9618,-0.0916,0.0458,0,0,0
-0.3516,-0.2864,0.9119,-4.084,-0.374,-0.3969,0,0,0
-0.3508,-0.3064,0.9172,-3.9084,-0.1832,-0.2061,0,0,0
-0.3564,-0.2988,0.9124,-2.9542,-0.5038,0.687,0,0,0
-0.3584,-0.2898,0.9119,-1.9008,-0.9924,0.5573,0,0,0
-0.3547,-0.2874,0.9031,-1.4733,-2.1908,0.4351,0,0,0
-0.3403,-0.283,0.9248,-1.7328,-1.0611,-0.3893,0,0,0
-0.3379,-0.2805,0.9431,-2.2901,1.7634,-1.4275,0,0,0
-0.3464,-0.2756,0.9331,-2.8931,2.8168,-1.9237,0,0,0
-0.3469,-0.28,0.9302,-3.8931,3.2519,-2.229,0,0,0
-0.3447,-0.2937,0.9292,-4.4351,3.7405,-1.0153,0,0,0
-0.355,-0.2991,0.9211,-4.313,3.6412,-0.0305,0,0,0
-0.3599,-0.3069,0.9097,-4.2901,3.3664,0.0229,0,0,0
-0.3623,-0.2913,0.9072,-4.7634,2.9771,0.1603,0,0,0
-0.3611,-0.2883,0.9031,-4.0,1.7634,-0.1832,0,0,0
-0.3621,-0.2883,0.9036,-3.5115,0.3893,-1.2366,0,0,0
-0.3557,-0.2959,0.9043,-2.7328,0.2901,-1.4885,0,0,0
-0.3511,-0.2925,0.9124,-2.2672,0.5878,-1.5802,0,0,0
-0.3467,-0.293,0.9246,-1.9695,1.4809,-1.7252,0,0,0
-0.3484,-0.2925,0.9202,-2.229,3.2901,-1.9084,0,0,0
-0.3489,-0.2925,0.9182,-3.0687,4.1145,-2.5115,0,0,0
-0.3574,-0.2986,0.9133,-4.2977,4.4046,-2.3206,0,0,0
-0.3577,-0.303,0.9136,-4.916,4.2595,-2.1221,0,0,0
-0.3564,-0.3096,0.9124,-5.5191,4.2748,-1.7939,0,0,0
-0.3582,-0.3074,0.9082,-4.9847,4.2443,-0.8626,0,0,0
-0.3704,-0.3093,0.8984,-3.5115,3.1221,-0.8244,0,0,0
-0.3777,-0.3025,0.884,-2.8779,1.6794,-0.626,0,0,0
-0.3704,-0.3064,0.8799,-2.2672,-0.1145,-0.6641,0,0,0
-0.3706,-0.2974,0.8967,-2.3053,-1.4122,-0.9313,0,0,0
-0.3621,-0.3042,0.8955,-1.4198,-1.8244,-1.084,0,0,0
-0.3667,-0.3047,0.9019,0.6183,-1.9924,-0.7023,0,0,0
-0.3606,-0.2954,0.9043,1.084,-1.4809,-0.9847,0,0,0
-0.3547,-0.2871,0.9116,0.5649,-0.5954,-1.4733,0,0,0
-0.3574,-0.2947,0.9197,-1.229,0.1221,-1.313,0,0,0
-0.3542,-0.3013,0.9204,-2.4351,1.1298,-0.6565,0,0,0
-0.3613,-0.2935,0.9116,-3.3206,1.1756,-0.7786,0,0,0
-0.3638,-0.3018,0.9075,-3.3893,0.2519,-0.3817,0,0,0
-0.3594,-0.3022,0.9082,-2.9389,-0.7176,0.145,0,0,0
-0.3613,-0.3025,0.9087,-2.229,-0.6794,-0.0687,0,0,0
-0.3699,-0.3096,0.9016,-1.5802,-1.4198,-0.626,0,0,0
-0.3635,-0.3059,0.9053,-0.1985,-2.6641,-0.2901,0,0,0
-0.3557,-0.2988,0.9089,0.1603,-2.8626,0.313,0,0,0
-0.353,-0.2932,0.9263,-0.084,-1.6565,-0.3359,0,0,0
-0.3574,-0.2915,0.9253,-0.4809,-0.313,-1.3359,0,0,0
-0.3638,-0.2986,0.9238,-0.9618,-0.3893,-1.7939,0,0,0
-0.366,-0.2952,0.916,-2.0916,-0.3206,-0.8473,0,0,0
-0.3547,-0.3054,0.9189,-2.2137,0.5496,-0.3664,0,0,0
-0.3623,-0.2976,0.9192,-2.8244,2.0916,-0.9313,0,0,0
-0.3608,-0.2988,0.9133,-2.8397,2.4198,-1.5725,0,0,0
-0.3723,-0.2957,0.9045,-2.8244,1.1069,-2.0916,0,0,0
-0.3643,-0.3101,0.9021,-2.5878,-0.0763,-0.7176,0,0,0
-0.3501,-0.3132,0.9282,-1.9084,0.8931,0.3969,0,0,0
-0.3516,-0.2976,0.9265,-1.855,3.1603,-0.3893,0,0,0
-0.3613,-0.2915,0.9089,-1.3969,4.542,-1.2748,0,0,0
-0.3682,-0.291,0.8975,-2.3817,3.5115,-1.9695,0,0,0
-0.3745,-0.2969,0.8879,-3.1527,2.0,-2.4733,0,0,0
-0.3789,-0.2949,0.8857,-2.7557,0.1603,-1.9237,0,0,0
-0.3574,-0.3167,0.8911,-1.3664,-1.2214,-0.374,0,0,0
-0.3438,-0.3027,0.9224,-1.145,0.9389,0.2595,0,0,0
-0.3528,-0.2925,0.9158,-2.0153,2.9695,-0.1145,0,0,0
-0.3687,-0.2874,0.9055,-3.1069,3.1679,-0.9618,0,0,0
-0.3706,-0.2932,0.8892,-3.8244,2.3282,-1.5115,0,0,0
-0.3774,-0.2993,0.8914,-4.1221,0.1603,-1.8855,0,0,0
-0.3689,-0.3037,0.8914,-3.4504,-1.9542,-1.3511,0,0,0
-0.3577,-0.3157,0.9043,-1.8092,-1.7099,-0.5115,0,0,0
-0.3442,-0.3145,0.9294,-0.9695,0.7099,0.2748,0,0,0
-0.3621,-0.2903,0.9182,-1.0611,1.855,-0.0992,0,0,0
-0.3684,-0.2886,0.9028,-2.2214,2.0153,-0.8015,0,0,0
-0.3711,-0.2971,0.9021,-3.1527,1.1069,-1.1069,0,0,0
-0.3745,-0.3042,0.9014,-3.4656,0.0,-1.4351,0,0,0
-0.3674,-0.3044,0.9099,-1.9695,0.2977,-1.9237,0,0,0
-0.3655,-0.3018,0.917,0.1145,0.9313,-3.5573,0,0,0
-0.3782,-0.2954,0.9097,2.4275,1.3206,-4.916,0,0,0
-0.3752,-0.2993,0.9062,2.771,0.9008,-5.0687,0,0,0
-0.3716,-0.3044,0.9041,2.4809,-0.1221,-4.6183,0,0,0
-0.3691,-0.2981,0.9072,1.7557,0.4198,-4.1221,0,0,0
-0.3521,-0.3062,0.9163,0.9237,1.4046,-3.0382,0,0,0
-0.3584,-0.2935,0.9209,0.0534,2.4656,-2.3817,0,0,0
-0.3628,-0.2964,0.9282,-2.1679,3.3282,-2.4656,0,0,0
-0.3699,-0.3025,0.9092,-3.5573,3.3435,-1.8397,0,0,0
-0.3772,-0.3027,0.9041,-3.8702,1.9313,-1.8168,0,0,0
-0.3667,-0.313,0.9014,-3.374,0.6641,-1.3817,0,0,0
-0.3716,-0.3098,0.8938,-2.3511,0.7252,-0.916,0,0,0
-0.3677,-0.3088,0.9001,-1.6794,0.7023,-0.771,0,0,0
-0.3726,-0.2974,0.8982,-1.7252,1.2061,-0.5573,0,0,0
-0.3682,-0.2908,0.9009,-2.6336,1.0458,-0.8779,0,0,0
-0.3701,-0.2998,0.8982,-2.8397,1.5649,-1.2443,0,0,0
-0.3667,-0.3108,0.9033,-2.5573,1.542,-1.4275,0,0,0
-0.3665,-0.3105,0.8965,-1.8397,1.542,-1.5496,0,0,0
-0.375,-0.3101,0.8984,-1.145,1.3969,-1.5344,0,0,0
-0.3718,-0.3115,0.8967,-0.5115,0.3817,-1.3664,0,0,0
-0.3738,-0.3035,0.8948,-0.1603,-0.5267,-0.8168,0,0,0
-0.3689,-0.3049,0.8967,-0.4122,-1.145,-0.5802,0,0,0
-0.3635,-0.3008,0.9006,-0.2061,-0.9389,-0.7557,0,0,0
-0.363,-0.3,0.9019,-0.6412,-0.6183,-1.0458,0,0,0
-0.3667,-0.2976,0.9055,-0.6107,-0.1756,-1.5038,0,0,0
-0.3687,-0.2886,0.9087,-1.3053,0.4427,-1.9924,0,0,0
-0.3657,-0.2988,0.9131,-1.5115,0.7863,-2.9313,0,0,0
-0.3752,-0.3064,0.908,-0.5573,0.5496,-2.8092,0,0,0
-0.3757,-0.2935,0.9041,0.0534,0.3511,-2.5954,0,0,0
-0.375,-0.3005,0.895,0.7023,-0.6641,-2.6336,0,0,0
-0.3682,-0.3008,0.9028,1.9084,-1.0687,-3.8473,0,0,0
-0.3691,-0.2932,0.9138,4.0687,-0.7099,-5.4504,0,0,0
-0.3604,-0.2869,0.9158,4.9618,0.0687,-6.6107,0,0,0
-0.3625,-0.2876,0.918,6.1145,0.8168,-7.9466,0,0,0
-0.3499,-0.2939,0.9294,8.3206,2.145,-10.7328,0,0,0
-0.3496,-0.2659,0.9358,9.4198,4.9237,-12.9847,0,0,0
-0.3743,-0.3152,0.9419,9.6489,7.6183,-16.7176,0,0,0
-0.3672,-0.271,0.9246,9.1221,9.313,-17.3359,0,0,0
-0.377,-0.2407,0.9102,7.3282,9.4275,-17.687,0,0,0
-0.375,-0.261,0.9065,5.687,8.7557,-16.5802,0,0,0
-0.384,-0.2813,0.895,5.3969,7.7863,-15.8473,0,0,0
-0.3806,-0.2705,0.8857,4.6718,6.1221,-15.8397,0,0,0
-0.3762,-0.2874,0.8992,5.4962,5.374,-17.1832,0,0,0
-0.3567,-0.2791,0.8999,6.8626,5.2137,-18.542,0,0,0
-0.3706,-0.2856,0.8948,5.8397,5.5496,-18.4198,0,0,0
-0.3623,-0.2766,0.9106,4.4351,5.6107,-17.5649,0,0,0
-0.3674,-0.2947,0.9094,5.1374,5.5649,-17.8015,0,0,0
-0.3784,-0.29,0.9043,5.2366,4.8779,-17.4122,0,0,0
-0.3726,-0.2993,0.8953,4.8626,4.3511,-17.6031,0,0,0
-0.377,-0.3103,0.8855,5.0763,3.8244,-17.084,0,0,0
-0.3711,-0.3142,0.8948,6.1832,3.9618,-16.3206,0,0,0
-0.3738,-0.3103,0.8875,5.9084,4.0153,-14.4275,0,0,0
-0.3667,-0.3022,0.8943,4.3817,4.313,-13.1908,0,0,0
-0.3611,-0.3088,0.8997,3.2672,4.6947,-12.6336,0,0,0
-0.3691,-0.3086,0.8965,2.7252,5.3435,-12.2443,0,0,0
-0.374,-0.3157,0.8894,1.3435,4.4122,-10.9771,0,0,0
-0.376,-0.313,0.877,-0.3817,3.1298,-9.2366,0,0,0
-0.3811,-0.3193,0.8772,-1.7786,1.1679,-6.626,0,0,0
-0.3691,-0.3311,0.8796,-2.5496,-0.4962,-3.9924,0,0,0
-0.3643,-0.3271,0.8914,-2.8626,-1.374,-1.9389,0,0,0
-0.374,-0.3186,0.8882,-3.5115,-1.8244,-0.4504,0,0,0
-0.3689,-0.3105,0.895,-4.313,-2.2443,0.4504,0,0,0
-0.3721,-0.3062,0.8926,-5.6794,-2.2748,1.4122,0,0,0
-0.3679,-0.3096,0.9016,-6.9924,-1.8626,2.4733,0,0,0
-0.3667,-0.3167,0.9084,-7.8244,-0.5344,3.1221,0,0,0
-0.3691,-0.3196,0.9075,-7.9466,0.1145,4.7557,0,0,0
-0.377,-0.3149,0.8953,-8.8015,-0.0916,6.916,0,0,0
-0.3733,-0.3181,0.9099,-10.4504,-0.855,9.6489,0,0,0
-0.3782,-0.3188,0.9004,-12.0534,-1.1679,12.4885,0,0,0
-0.3711,-0.3096,0.8982,-13.8168,-0.8168,14.5878,0,0,0
-0.3838,-0.3093,0.9119,-15.1832,-1.5573,15.5954,0,0,0
-0.385,-0.3083,0.8999,-13.8931,-2.4733,14.0229,0,0,0
-0.3855,-0.2847,0.8965,-12.4122,-3.6336,11.3053,0,0,0
-0.3857,-0.2837,0.9021,-12.2824,-4.1527,10.4427,0,0,0
-0.3779,-0.2966,0.915,-12.9084,-4.313,11.916,0,0,0
-0.3635,-0.3088,0.9207,-12.3893,-1.8702,12.4885,0,0,0
-0.3672,-0.2988,0.9221,-12.0763,0.5878,12.2824,0,0,0
-0.376,-0.2974,0.9121,-12.374,1.7023,11.1374,0,0,0
-0.3862,-0.2866,0.8865,-13.855,1.145,10.2672,0,0,0
-0.3826,-0.3203,0.8987,-15.6412,0.5878,10.8244,0,0,0
-0.3831,-0.3259,0.9094,-15.5649,0.542,12.9313,0,0,0
-0.3738,-0.3303,0.908,-14.6947,1.4122,14.1985,0,0,0
-0.3762,-0.3191,0.8948,-14.9618,2.0611,14.9084,0,0,0
-0.3921,-0.3101,0.9011,-14.7252,1.771,14.3893,0,0,0
-0.3801,-0.3289,0.8989,-13.8092,1.8779,13.8473,0,0,0
-0.3838,-0.3508,0.907,-11.2672,3.0153,13.6412,0,0,0
-0.3784,-0.3384,0.9097,-9.458,4.8473,13.687,0,0,0
-0.3838,-0.3083,0.9011,-10.5344,6.4198,13.4504,0,0,0
-0.3931,-0.3193,0.8889,-11.9618,7.0382,12.458,0,0,0
-0.3435,-0.3787,0.8811,-13.8168,5.7939,10.7481,0,0,0
-0.4055,-0.3413,0.8833,-12.6565,7.2214,9.1985,0,0,0
-0.3933,-0.342,0.8838,-10.1832,6.9084,9.3359,0,0,0
-0.4028,-0.3318,0.8743,-9.9084,7.7023,9.3893,0,0,0
-0.4031,-0.3386,0.8826,-9.5344,7.9237,9.687,0,0,0
-0.395,-0.3308,0.8857,-8.1527,8.9618,9.5573,0,0,0
-0.4036,-0.3301,0.8906,-8.0076,10.6794,9.7405,0,0,0
-0.4077,-0.323,0.8809,-8.1985,10.8092,9.3664,0,0,0
-0.4204,-0.3064,0.8718,-9.1527,9.9542,8.0382,0,0,0
-0.4282,-0.3245,0.8635,-10.6336,8.2672,7.3206,0,0,0
-0.4265,-0.3252,0.8606,-9.4122,6.4504,7.2672,0,0,0
-0.4243,-0.3313,0.8608,-7.9084,4.8168,7.0305,0,0,0
-0.4167,-0.3276,0.8728,-5.9771,4.1832,7.1985,0,0,0
-0.4231,-0.3184,0.8691,-5.1374,3.7481,7.1985,0,0,0
-0.4258,-0.3101,0.863,-6.3282,3.7939,7.313,0,0,0
-0.4229,-0.3142,0.8564,-7.0305,2.229,6.9389,0,0,0
-0.4182,-0.3159,0.8586,-6.5496,2.6412,6.4046,0,0,0
-0.4121,-0.322,0.8779,-7.4809,3.5496,6.9847,0,0,0
-0.4106,-0.3179,0.8772,-7.8702,4.8473,7.6794,0,0,0
-0.4207,-0.3198,0.8711,-8.7176,5.5878,7.9771,0,0,0
-0.4258,-0.3145,0.8613,-9.1527,5.2214,7.9618,0,0,0
-0.4312,-0.3088,0.8574,-9.5267,4.771,6.6489,0,0,0
-0.4377,-0.313,0.8569,-9.229,3.9084,5.6031,0,0,0
-0.4375,-0.3101,0.8574,-8.542,3.0458,4.855,0,0,0
-0.4358,-0.3193,0.8552,-6.9695,2.8931,3.8931,0,0,0
-0.439,-0.3125,0.8594,-5.1832,2.5496,2.5802,0,0,0
-0.4307,-0.3025,0.8662,-4.0763,3.3588,1.8015,0,0,0
-0.4294,-0.3115,0.8696,-3.8626,3.5802,1.5878,0,0,0
-0.4304,-0.3059,0.8823,-4.3435,3.9466,1.1221,0,0,0
-0.4331,-0.3052,0.8782,-5.3969,4.229,0.313,0,0,0
-0.4355,-0.321,0.8716,-5.8397,4.5725,-0.374,0,0,0
-0.4355,-0.3311,0.8787,-5.1756,5.1603,-0.7023,0,0,0
-0.437,-0.3389,0.8765,-4.9313,5.9618,-0.7023,0,0,0
-0.4412,-0.343,0.8652,-4.2748,6.5954,-0.3435,0,0,0
-0.4407,-0.3438,0.8616,-4.0916,6.542,-0.2824,0,0,0
-0.4485,-0.3384,0.854,-4.1985,6.313,-0.0076,0,0,0
-0.4519,-0.3367,0.8528,-4.5267,5.1221,0.2443,0,0,0
-0.4465,-0.3379,0.8542,-5.5878,5.1527,0.0,0,0,0
-0.4419,-0.3435,0.8542,-5.6336,5.8168,-0.1221,0,0,0
-0.4441,-0.3521,0.8457,-4.7481,6.145,0.3588,0,0,0
-0.448,-0.3445,0.835,-4.1603,6.1069,0.7939,0,0,0
-0.4575,-0.342,0.8301,-4.1756,4.916,0.9466,0,0,0
-0.4592,-0.3416,0.8313,-4.5954,3.9313,0.9618,0,0,0
-0.4536,-0.3486,0.8386,-4.3817,2.4962,1.1679,0,0,0
-0.4504,-0.3506,0.8301,-4.1374,2.2901,1.5954,0,0,0
-0.4561,-0.3496,0.8311,-3.8626,1.5649,1.6947,0,0,0
-0.457,-0.354,0.8301,-3.1985,0.4733,1.3053,0,0,0
-0.4587,-0.3462,0.8293,-3.3435,-0.3588,1.3206,0,0,0
-0.448,-0.3459,0.8442,-3.7252,-0.5954,1.3282,0,0,0
-0.4402,-0.3406,0.8604,-4.5191,0.8931,2.2748,0,0,0
-0.4465,-0.3445,0.8525,-4.229,2.1374,3.2366,0,0,0
-0.4565,-0.3391,0.8418,-3.8168,2.0076,2.8931,0,0,0
-0.4622,-0.3298,0.8374,-3.3206,0.2977,1.916,0,0,0
-0.4717,-0.3176,0.8291,-2.6107,-1.5344,1.1908,0,0,0
-0.4707,-0.325,0.835,-1.4427,-3.7481,0.6794,0,0,0
-0.4551,-0.323,0.8276,-0.2214,-4.7939,-0.3664,0,0,0
-0.4646,-0.3091,0.8298,0.6107,-5.7939,-1.6336,0,0,0
-0.4673,-0.3103,0.8259,1.1756,-7.8855,-2.7252,0,0,0
-0.4597,-0.3152,0.8328,1.9618,-9.2595,-4.0153,0,0,0
-0.448,-0.3069,0.8328,2.7939,-9.8702,-5.2443,0,0,0
-0.448,-0.3254,0.8391,3.7023,-11.0534,-6.4427,0,0,0
-0.4595,-0.3303,0.8313,5.1603,-12.4046,-7.2977,0,0,0
-0.4512,-0.3391,0.8464,6.7328,-14.3969,-7.1298,0,0,0
-0.4478,-0.3438,0.8376,8.0229,-14.9924,-7.0687,0,0,0
-0.4443,-0.3362,0.8435,9.687,-17.3664,-7.0458,0,0,0
-0.4443,-0.3232,0.8459,11.4504,-19.6641,-7.4733,0,0,0
-0.426,-0.3132,0.8491,12.2519,-19.9847,-9.6336,0,0,0
-0.4258,-0.3286,0.8564,13.4198,-22.3206,-11.1603,0,0,0
-0.4114,-0.3286,0.8699,13.5344,-20.9771,-12.7786,0,0,0
-0.406,-0.3127,0.8889,13.1603,-19.7557,-11.9695,0,0,0
-0.3975,-0.3083,0.8904,11.6489,-17.6565,-11.5725,0,0,0
-0.3962,-0.3152,0.8892,10.1908,-15.7405,-12.2443,0,0,0
-0.4128,-0.3215,0.8713,9.2214,-15.4504,-13.0153,0,0,0
-0.4124,-0.3232,0.8689,10.1298,-17.7176,-13.1756,0,0,0
-0.4167,-0.3215,0.8596,11.7863,-19.7786,-14.916,0,0,0
-0.4214,-0.3281,0.8464,15.7023,-22.9695,-17.8626,0,0,0
-0.4004,-0.3186,0.8743,18.4733,-25.6565,-18.6565,0,0,0
-0.3823,-0.3081,0.8823,18.3664,-23.5725,-18.7481,0,0,0
-0.3794,-0.3037,0.9014,16.8015,-21.9618,-16.7786,0,0,0
-0.3433,-0.3101,0.9146,14.5954,-19.6412,-15.1603,0,0,0
-0.3552,-0.3032,0.9219,12.0076,-16.9542,-14.0763,0,0,0
-0.3533,-0.3132,0.9272,9.771,-15.229,-13.2214,0,0,0
-0.3301,-0.3171,0.9426,7.3969,-11.6107,-11.0687,0,0,0
-0.3245,-0.3086,0.9575,5.4504,-7.1603,-10.6794,0,0,0
-0.3394,-0.2957,0.946,4.0,-3.084,-12.1908,0,0,0
-0.3503,-0.3123,0.9351,3.4733,-1.8931,-13.6641,0,0,0
-0.3606,-0.3135,0.9141,3.6031,-1.1756,-13.1985,0,0,0
-0.3567,-0.3232,0.9175,3.2595,-0.4427,-11.7405,0,0,0
-0.3718,-0.323,0.917,2.2061,-0.5802,-9.3282,0,0,0
-0.3711,-0.3147,0.9072,2.1985,-1.5649,-7.5725,0,0,0
-0.3796,-0.3103,0.896,2.1908,-3.0458,-6.3359,0,0,0
-0.3789,-0.3174,0.8945,1.9618,-4.9847,-5.1832,0,0,0
-0.375,-0.3091,0.8979,1.9618,-6.3435,-4.3359,0,0,0
-0.3699,-0.3052,0.897,1.0611,-7.0153,-3.9389,0,0,0
-0.3547,-0.3083,0.9048,0.4656,-6.4656,-3.9008,0,0,0
-0.3523,-0.3154,0.9099,0.4122,-6.4809,-4.084,0,0,0
-0.3494,-0.3198,0.9153,0.6412,-6.5802,-3.0992,0,0,0
-0.3367,-0.3196,0.9229,0.4427,-5.3893,-2.4275,0,0,0
-0.3303,-0.3171,0.9275,-0.9771,-2.8015,-2.1069,0,0,0
-0.3306,-0.3164,0.9285,-2.2901,-1.1603,-1.1832,0,0,0
-0.3457,-0.3123,0.9236,-2.9008,-0.2214,-0.9618,0,0,0
-0.355,-0.3174,0.9148,-3.6183,-1.2977,-0.4275,0,0,0
-0.3406,-0.3201,0.9177,-3.0076,-1.3282,0.0458,0,0,0
-0.3401,-0.312,0.9287,-2.4046,-0.1527,-0.2901,0,0,0
-0.3376,-0.3098,0.9341,-2.7405,1.7023,-0.3206,0,0,0
-0.3447,-0.304,0.9309,-2.6031,3.6183,-0.3282,0,0,0
-0.3564,-0.3059,0.9177,-3.4809,4.0153,-0.6107,0,0,0
-0.356,-0.3101,0.9067,-3.2519,3.0687,-0.4046,0,0,0
-0.3594,-0.3113,0.9082,-2.6794,2.3588,-0.2061,0,0,0
-0.3586,-0.3113,0.9062,-2.1145,1.7557,0.2977,0,0,0
-0.3503,-0.3008,0.9172,-1.9466,2.1069,0.5191,0,0,0
-0.356,-0.3022,0.9089,-2.2901,2.0534,0.1603,0,0,0
-0.3572,-0.3008,0.9126,-2.4809,1.6412,0.3435,0,0,0
-0.3481,-0.3037,0.9114,-2.7328,1.8626,0.3359,0,0,0
-0.343,-0.3008,0.9111,-2.8473,2.8931,0.4046,0,0,0
-0.3547,-0.3003,0.9094,-3.145,3.5496,-0.084,0,0,0
-0.3601,-0.2974,0.9077,-3.1679,2.8168,-0.4122,0,0,0
-0.3613,-0.3071,0.8997,-3.1679,1.9084,-0.7786,0,0,0
-0.3623,-0.313,0.8896,-2.8168,0.6336,-0.2748,0,0,0
-0.3635,-0.3179,0.8872,-2.0153,-0.5038,-0.1603,0,0,0
-0.3611,-0.3271,0.8938,-1.0611,-1.145,0.5878,0,0,0
-0.3618,-0.3232,0.9006,-0.2443,-1.8015,1.084,0,0,0
-0.3599,-0.3103,0.8899,0.2214,-1.855,1.7328,0,0,0
-0.3533,-0.2998,0.9058,-0.3969,-2.0305,1.313,0,0,0
-0.3499,-0.2915,0.9172,-1.1908,-1.4198,1.0611,0,0,0
-0.3438,-0.2947,0.9211,-2.1603,-0.0382,0.4656,0,0,0
-0.3425,-0.2942,0.9221,-3.1527,1.7328,-0.1603,0,0,0
-0.3511,-0.3013,0.9221,-3.7481,2.7328,-0.2672,0,0,0
-0.3572,-0.313,0.9148,-3.5573,2.6565,-0.1908,0,0,0
-0.3572,-0.321,0.9119,-3.2901,1.8855,0.0,0,0,0
-0.3574,-0.3057,0.9048,-3.0992,1.5725,0.5649,0,0,0
-0.363,-0.3074,0.9065,-3.0153,1.4809,0.8244,0,0,0
-0.3567,-0.3076,0.9146,-3.2824,1.4656,0.8397,0,0,0
-0.3611,-0.3035,0.9119,-2.7176,1.2672,-0.1985,0,0,0
-0.3638,-0.3032,0.9058,-2.2824,0.9924,-0.0305,0,0,0
-0.3545,-0.3064,0.9087,-2.2672,1.5496,-0.374,0,0,0
-0.3445,-0.3047,0.9253,-1.9389,3.0458,-0.8626,0,0,0
-0.3535,-0.301,0.9241,-2.1679,5.2595,-2.0916,0,0,0
-0.3542,-0.2993,0.9226,-1.8244,6.2214,-3.1679,0,0,0
-0.3694,-0.302,0.9058,-1.2366,6.0458,-3.5115,0,0,0
-0.376,-0.3074,0.8926,-0.4656,4.1298,-3.4733,0,0,0
-0.3765,-0.3042,0.8838,-0.1069,2.0229,-2.8092,0,0,0
-0.3638,-0.3064,0.8979,0.2748,0.9237,-3.1756,0,0,0
-0.364,-0.2976,0.9058,1.5573,1.6718,-4.2977,0,0,0
-0.3494,-0.2927,0.9209,3.2137,3.6794,-6.9084,0,0,0
-0.3508,-0.2869,0.9233,3.6183,5.8244,-9.9084,0,0,0
-0.3545,-0.2839,0.9204,2.9771,8.7557,-9.855,0,0,0
-0.3696,-0.2939,0.9172,1.0,10.4046,-9.7481,0,0,0
-0.3657,-0.3037,0.9067,-1.1908,10.1527,-7.6565,0,0,0
-0.3604,-0.28,0.8962,-2.0916,9.6718,-6.771,0,0,0
-0.3682,-0.3174,0.9058,-1.0305,9.4504,-6.542,0,0,0
-0.3723,-0.314,0.9041,-0.5115,9.5115,-6.4809,0,0,0
-0.3752,-0.3098,0.8955,-0.2366,9.4427,-6.9542,0,0,0
-0.3752,-0.3042,0.8989,-0.1298,9.626,-7.5725,0,0,0
-0.3787,-0.3069,0.8936,-0.7786,8.7557,-7.7099,0,0,0
-0.3906,-0.3157,0.8879,-1.5878,8.0,-6.3511,0,0,0
-0.3809,-0.3206,0.8892,-1.7328,7.2901,-4.6641,0,0,0
-0.3713,-0.3181,0.8909,-2.3282,6.8702,-3.5191,0,0,0
-0.3787,-0.3203,0.8943,-1.771,6.7023,-4.1756,0,0,0
-0.374,-0.3088,0.8918,-0.9313,6.8092,-5.2977,0,0,0
-0.3787,-0.3088,0.8928,-0.1374,7.3053,-7.229,0,0,0
-0.3818,-0.3057,0.8921,0.1069,7.8931,-8.2443,0,0,0
-0.3911,-0.3145,0.8821,-0.0534,6.5649,-7.6641,0,0,0
-0.3879,-0.3066,0.8809,-0.7786,5.6718,-7.3053,0,0,0
-0.3918,-0.3169,0.8826,-1.6031,4.0687,-5.2519,0,0,0
-0.387,-0.3184,0.8816,-1.8702,2.8626,-3.9313,0,0,0
-0.3806,-0.3218,0.8784,-2.1298,2.1679,-3.626,0,0,0
-0.3784,-0.3032,0.8694,-3.374,1.687,-3.7863,0,0,0
-0.3877,-0.3101,0.877,-4.5878,1.2672,-3.6489,0,0,0
-0.3794,-0.3237,0.8787,-4.5191,1.0534,-3.3053,0,0,0
-0.3816,-0.3259,0.8833,-3.4885,1.2672,-3.0382,0,0,0
-0.3772,-0.3267,0.8906,-1.8855,1.7176,-2.0229,0,0,0
-0.3835,-0.3228,0.8865,-1.0458,1.4504,-1.145,0,0,0
-0.384,-0.3147,0.8914,-0.6031,1.3664,-1.2366,0,0,0
-0.3855,-0.3093,0.8916,-1.2137,1.4427,-1.2672,0,0,0
-0.3765,-0.3035,0.8916,-3.2366,2.2901,-1.4656,0,0,0
-0.3853,-0.3013,0.8914,-5.3282,3.4733,-1.2595,0,0,0
-0.3848,-0.2986,0.8857,-7.0763,4.3893,-1.1069,0,0,0
-0.384,-0.3096,0.8958,-7.5802,5.0153,-1.4885,0,0,0
-0.3784,-0.3167,0.8979,-7.9695,5.9313,-1.687,0,0,0
-0.3943,-0.3218,0.8899,-8.2977,6.4504,-1.4198,0,0,0
-0.3945,-0.3125,0.8792,-8.3282,5.6107,-0.6641,0,0,0
-0.3972,-0.3259,0.8696,-7.7863,4.2977,-0.0992,0,0,0
-0.3979,-0.3267,0.8667,-6.916,3.3817,0.5191,0,0,0
-0.3958,-0.3303,0.8665,-6.5725,2.3053,1.4351,0,0,0
-0.387,-0.3201,0.8691,-7.1832,2.1221,2.2519,0,0,0
-0.3867,-0.3245,0.8809,-8.8855,2.8855,3.8397,0,0,0
-0.3887,-0.3259,0.8755,-11.0916,3.4275,5.771,0,0,0
-0.395,-0.3274,0.8635,-12.9542,3.374,6.7328,0,0,0
-0.406,-0.3279,0.8582,-15.0076,1.8015,7.5038,0,0,0
-0.4031,-0.3389,0.8572,-16.2519,-0.0458,8.4427,0,0,0
-0.4065,-0.3538,0.8721,-16.4198,-1.0229,9.4504,0,0,0
-0.3984,-0.3662,0.8699,-15.4962,-1.4198,10.8855,0,0,0
-0.3984,-0.3655,0.8804,-14.3359,-1.3359,12.2061,0,0,0
-0.3899,-0.3584,0.8909,-14.1908,-0.7863,13.2214,0,0,0
-0.3923,-0.3503,0.8835,-15.0458,0.6718,14.084,0,0,0
-0.3977,-0.3535,0.8865,-16.5878,1.2214,15.374,0,0,0
-0.3872,-0.3193,0.8752,-17.0534,0.4962,16.2595,0,0,0
-0.3931,-0.3699,0.8923,-19.229,2.0305,18.3206,0,0,0
-0.3806,-0.3914,0.907,-22.8015,4.3206,24.855,0,0,0
-0.3875,-0.4036,0.9121,-25.8473,7.0153,32.855,0,0,0
-0.3994,-0.396,0.9023,-28.0916,8.4046,39.3817,0,0,0
-0.4045,-0.3879,0.8933,-30.0687,8.9542,42.4656,0,0,0
-0.4282,-0.3621,0.8892,-31.8244,9.2824,42.0916,0,0,0
-0.4324,-0.3503,0.8657,-31.8931,8.9466,39.1298,0,0,0
-0.4424,-0.3535,0.8569,-28.7939,7.9771,35.8473,0,0,0
-0.4436,-0.3601,0.8518,-24.5649,8.8855,32.3435,0,0,0
-0.4424,-0.3499,0.8665,-20.8244,10.1221,31.1527,0,0,0
-0.4521,-0.3281,0.8647,-19.2519,11.916,29.7405,0,0,0
-0.4604,-0.3027,0.8435,-18.6489,11.8931,27.8931,0,0,0
-0.4673,-0.3076,0.8437,-20.6718,12.0229,24.8702,0,0,0
-0.4573,-0.3254,0.8499,-20.542,11.2672,22.1908,0,0,0
-0.4641,-0.3289,0.8513,-19.0,11.1145,20.2824,0,0,0
-0.4629,-0.3276,0.8425,-17.4275,11.2443,18.5878,0,0,0
-0.4709,-0.3171,0.8452,-16.2137,11.2901,16.229,0,0,0
-0.4678,-0.321,0.8394,-13.542,11.0076,13.0687,0,0,0
-0.4788,-0.3364,0.8296,-10.9389,11.2061,9.9924,0,0,0
-0.4668,-0.3398,0.8435,-7.4351,10.7099,8.3588,0,0,0
-0.4651,-0.3208,0.8437,-5.8168,11.4198,6.4351,0,0,0
-0.4729,-0.3101,0.8303,-6.5038,12.8855,4.5954,0,0,0
-0.4751,-0.324,0.8303,-6.5344,13.2214,3.1298,0,0,0
-0.4839,-0.322,0.8181,-5.2748,13.1603,1.6489,0,0,0
-0.4788,-0.3223,0.8232,-4.7557,13.0916,0.0229,0,0,0
-0.4895,-0.3237,0.8181,-4.9924,13.1679,-0.9313,0,0,0
-0.4939,-0.3389,0.8049,-4.0382,12.2595,-1.1679,0,0,0
-0.4888,-0.3428,0.8083,-2.8626,12.0458,-1.8931,0,0,0
-0.4858,-0.3369,0.8083,-2.5802,11.8473,-2.2672,0,0,0
-0.4897,-0.3401,0.8098,-2.6183,12.2901,-3.2672,0,0,0
-0.4832,-0.3413,0.8179,-3.0458,13.2214,-4.5725,0,0,0
-0.4998,-0.3486,0.8096,-4.1679,13.2748,-5.6718,0,0,0
-0.5007,-0.3638,0.8035,-3.9313,12.9924,-6.3282,0,0,0
-0.5161,-0.3618,0.7976,-3.8244,12.0916,-6.4275,0,0,0
-0.5115,-0.3745,0.7878,-2.3206,10.4198,-5.8015,0,0,0
-0.5205,-0.3699,0.7849,-1.0534,8.5267,-5.2519,0,0,0
-0.5276,-0.3689,0.7708,0.1832,5.1908,-4.9008,0,0,0
-0.5276,-0.3665,0.7686,1.9466,1.7405,-4.2595,0,0,0
-0.5151,-0.3647,0.7722,3.0916,-0.2366,-4.5649,0,0,0
-0.511,-0.3699,0.7805,3.4962,-1.3511,-4.3053,0,0,0
-0.5085,-0.3652,0.7874,3.8702,-1.8931,-4.3969,0,0,0
-0.5037,-0.3665,0.7788,3.687,-3.3435,-4.4427,0,0,0
-0.5083,-0.3606,0.7825,3.084,-4.9313,-3.9237,0,0,0
-0.4932,-0.3574,0.8025,2.3893,-4.8779,-4.1069,0,0,0
-0.4924,-0.3677,0.8105,1.8626,-3.8855,-3.6183,0,0,0
-0.4976,-0.3608,0.8149,1.6718,-3.1679,-3.3359,0,0,0
-0.4988,-0.3606,0.8201,0.7099,-3.0305,-3.2595,0,0,0
-0.4993,-0.3726,0.8164,-0.4427,-3.1985,-2.1756,0,0,0
-0.5024,-0.3716,0.8184,-0.0611,-3.374,-1.4733,0,0,0
-0.5093,-0.3726,0.8154,0.1527,-3.5191,-1.2519,0,0,0
-0.4995,-0.375,0.8091,1.0763,-3.9847,-0.5878,0,0,0
-0.4968,-0.3757,0.8223,1.8092,-3.5115,0.374,0,0,0
-0.4968,-0.3889,0.8232,3.5802,-3.5802,2.2901,0,0,0
-0.4897,-0.3638,0.8408,4.6947,-2.1145,3.2061,0,0,0
-0.4917,-0.3555,0.8347,5.7405,-1.0534,4.8473,0,0,0
-0.4954,-0.3467,0.8398,6.7099,-0.7939,6.0763,0,0,0
-0.5166,-0.3357,0.8208,7.9389,-0.8931,5.7634,0,0,0
-0.5112,-0.3298,0.8215,6.1985,-1.5573,3.7176,0,0,0
-0.5127,-0.3508,0.8101,6.2748,-3.2214,3.687,0,0,0
-0.4915,-0.3452,0.8096,7.6947,-3.916,5.2595,0,0,0
-0.5022,-0.3496,0.802,7.2595,-4.5802,5.4885,0,0,0
-0.4746,-0.3369,0.8232,6.5802,-3.4962,5.916,0,0,0
-0.4824,-0.3149,0.8232,3.9924,-1.9847,4.2748,0,0,0
-0.4924,-0.3176,0.8188,0.5191,-0.3359,3.2443,0,0,0
-0.4873,-0.3167,0.8342,-1.229,1.3817,1.0534,0,0,0
-0.4966,-0.356,0.8245,0.0687,2.7099,0.084,0,0,0
-0.4912,-0.3535,0.8301,2.0153,2.8168,0.6107,0,0,0
-0.5039,-0.3494,0.832,3.3053,4.0687,1.5115,0,0,0
-0.5122,-0.3359,0.8218,3.3588,3.084,2.5496,0,0,0
-0.4949,-0.3293,0.8193,3.4275,2.6718,2.2977,0,0,0
-0.4966,-0.322,0.8154,3.1603,3.7328,1.626,0,0,0
-0.51,-0.3303,0.8132,0.9008,4.2748,1.3817,0,0,0
-0.49,-0.3252,0.8193,-0.0687,4.2595,1.1374,0,0,0
-0.498,-0.3203,0.823,-0.6031,5.2977,0.6031,0,0,0
-0.5034,-0.2988,0.8181,-3.5038,5.855,-0.5191,0,0,0
-0.499,-0.3245,0.8347,-7.374,5.2137,-0.313,0,0,0
-0.5034,-0.3491,0.8533,-7.9084,7.7557,1.5878,0,0,0
-0.5015,-0.3506,0.8413,-5.9084,9.9313,2.5878,0,0,0
-0.5078,-0.3389,0.8359,-3.6565,11.458,1.7405,0,0,0
-0.521,-0.3489,0.8162,-2.8397,11.3053,0.6489,0,0,0
-0.5178,-0.3518,0.8237,0.0,10.7786,0.5802,0,0,0
-0.5063,-0.3394,0.8276,1.5496,11.7328,1.0305,0,0,0
-0.5127,-0.3337,0.8269,2.4962,13.6183,1.8244,1,0,0
-0.5073,-0.3303,0.8298,2.626,15.1069,1.1832,1,0,0
-0.5347,-0.3289,0.8071,2.1298,15.3817,0.3969,1,0,0
-0.5298,-0.3118,0.7927,1.687,14.7328,-1.0534,1,0,0
-0.533,-0.3184,0.8044,-0.3817,11.8931,-1.2977,1,0,0
-0.5286,-0.3176,0.8101,-2.2901,12.1374,-0.8702,1,0,0
-0.5374,-0.342,0.7986,-3.0687,10.916,-0.1221,1,0,0
-0.5176,-0.3523,0.7788,0.5725,12.0611,-3.0,1,0,0
-0.5779,-0.2998,0.7573,-2.9924,8.4885,-2.4198,1,0,0
-0.5376,-0.332,0.7703,-3.8473,3.9313,-2.2137,1,0,0
-0.54,-0.3291,0.7827,-2.4275,3.2672,-2.3817,1,0,0
-0.5325,-0.323,0.7778,-2.0382,3.3359,-2.542,1,0,0
-0.5386,-0.3159,0.7754,-3.4198,2.1679,-3.1832,1,0,0
-0.5354,-0.3132,0.7839,-5.4351,1.0534,-4.2595,1,0,0
-0.5305,-0.325,0.7813,-7.3893,-0.0611,-4.2901,1,0,0
-0.5298,-0.3398,0.7883,-8.313,-0.6641,-3.7328,1,0,0
-0.5266,-0.3489,0.791,-7.2748,-0.7023,-3.2595,1,0,0
-0.5278,-0.3499,0.7949,-5.2824,0.3817,-2.7634,1,0,0
-0.5286,-0.3425,0.7881,-3.5725,0.3435,-2.7481,1,0,0
-0.5283,-0.3369,0.7888,-2.374,0.4809,-3.2137,1,0,0
-0.5356,-0.3254,0.7898,-2.3511,0.9847,-3.8855,1,0,0
-0.541,-0.3242,0.7803,-3.3664,-0.1145,-4.8855,1,0,0
-0.5459,-0.3176,0.7729,-5.9008,-2.3588,-5.8855,1,0,0
-0.5325,-0.3262,0.7834,-7.3817,-3.2748,-6.3511,1,0,0
-0.5317,-0.3743,0.7771,-7.0458,-4.2443,-3.8168,1,0,0
-0.5383,-0.3635,0.7937,-6.7481,-4.855,-2.1069,1,0,0
-0.5334,-0.354,0.8052,-5.7252,-4.7252,-1.3893,1,0,0
-0.5254,-0.3601,0.8091,-3.4733,-2.9542,-0.8855,1,0,0
-0.532,-0.3567,0.7939,-0.9389,-2.4275,-1.4809,1,0,0
-0.5437,-0.3374,0.7773,-0.5496,-3.6336,-2.3969,1,0,0
-0.5398,-0.3333,0.7815,-1.0,-5.7023,-3.2443,1,0,0
-0.5256,-0.3357,0.7974,-1.2748,-5.7557,-3.2977,1,0,0
-0.5298,-0.3386,0.8081,-2.2214,-5.8855,-4.1908,1,0,0
-0.5266,-0.3296,0.8062,-4.0534,-4.4656,-4.6183,1,0,0
-0.522,-0.3525,0.8135,-4.7099,-2.7099,-4.626,1,0,0
-0.521,-0.3684,0.8281,-4.2061,-0.5191,-3.9618,1,0,0
-0.5222,-0.3606,0.822,-2.2901,0.9771,-2.9695,1,0,0
-0.5315,-0.3572,0.8132,-1.1374,1.6718,-2.8702,1,0,0
-0.5344,-0.3538,0.8015,-0.8702,0.9771,-2.8321,0,0,0
-0.5361,-0.3584,0.8059,-0.9313,0.1679,-2.1679,0,0,0
-0.5381,-0.3501,0.7913,-1.5344,-0.6565,-1.9618,0,0,0
-0.5232,-0.3503,0.7937,-2.9847,-1.687,-1.2901,0,0,0
-0.5198,-0.3354,0.8079,-4.4885,-1.313,-1.9618,0,0,0
-0.5125,-0.3364,0.813,-6.0382,0.9389,-2.8702,0,0,0
-0.5315,-0.3447,0.8079,-5.8168,2.3435,-4.4275,0,0,0
-0.5142,-0.3616,0.8113,-4.542,4.5267,-5.1527,0,0,0
-0.5215,-0.3577,0.8101,-1.8626,5.6718,-5.5725,0,0,0
-0.5593,-0.3486,0.7952,0.0611,6.6718,-5.9466,0,0,0
-0.5554,-0.3552,0.781,0.3893,3.2595,-4.4122,0,0,0
-0.5449,-0.3525,0.7729,1.1603,0.0076,-4.0687,0,0,0
-0.5288,-0.3369,0.7874,0.687,-0.7863,-4.2443,0,0,0
-0.5271,-0.3276,0.792,-1.4962,-0.9313,-5.5573,0,0,0
-0.5259,-0.3401,0.7825,-3.6947,-0.8321,-6.374,0,0,0
-0.5203,-0.3474,0.7888,-4.3969,-1.5267,-7.0382,0,0,0
-0.5212,-0.3655,0.8035,-2.9542,-1.6183,-7.9618,0,0,0
-0.52,-0.3743,0.802,-0.084,-0.313,-8.1908,0,0,0
-0.5173,-0.3706,0.8018,3.687,0.7863,-8.5344,0,0,0
-0.5259,-0.3535,0.7932,6.1298,1.3282,-10.1145,0,0,0
-0.5261,-0.3354,0.7898,6.9618,1.6489,-11.1298,0,0,0
-0.5249,-0.3359,0.7849,5.7863,1.7863,-12.7786,0,0,0
-0.5239,-0.332,0.7974,5.2137,1.6794,-15.2595,0,0,0
-0.512,-0.3555,0.804,9.4656,1.6412,-20.0229,0,0,0
-0.5281,-0.3315,0.7949,12.4122,3.2519,-23.1832,0,0,0
-0.5081,-0.3398,0.8088,14.0992,3.7557,-25.6718,0,0,0
-0.4993,-0.3394,0.835,18.9847,5.0534,-29.3664,0,0,0
-0.4998,-0.3408,0.8303,27.8702,8.7252,-34.7863,0,0,0
-0.5256,-0.321,0.8135,33.7786,9.3282,-40.1985,0,0,0
-0.5063,-0.281,0.8008,33.0382,10.3435,-41.374,0,0,0
-0.5371,-0.3347,0.7903,29.6031,8.0992,-39.7099,0,0,0
-0.5439,-0.3484,0.7815,26.8473,4.1145,-34.5649,0,0,0
-0.5083,-0.3345,0.7983,22.458,2.1221,-30.2901,0,0,0
-0.5784,-0.418,0.7849,18.3359,-0.5725,-24.8779,0,0,0
-0.4917,-0.3782,0.8145,15.6183,-0.5267,-20.9771,0,0,0
-0.5537,-0.3809,0.782,16.3282,-1.8931,-18.4885,0,0,0
-0.4934,-0.354,0.8096,16.7481,-2.9466,-18.2901,0,0,0
-0.4685,-0.3367,0.8328,14.8473,-1.2672,-19.3817,0,0,0
-0.4858,-0.3518,0.8323,12.855,0.1832,-17.4046,0,0,0
-0.4788,-0.3647,0.8401,10.9695,2.626,-15.2824,0,0,0
-0.4622,-0.3547,0.8379,9.6489,5.1908,-13.5115,0,0,0
-0.5098,-0.3647,0.8101,8.2061,5.1527,-13.7557,0,0,0
-0.5105,-0.3538,0.8018,6.8702,3.4122,-13.6718,0,0,0
-0.5098,-0.3601,0.7964,5.3282,1.8779,-13.2595,0,0,0
-0.5029,-0.3752,0.8164,3.542,0.9771,-11.687,0,0,0
-0.501,-0.3718,0.8208,2.9237,1.5344,-9.0153,0,0,0
-0.5,-0.3718,0.8125,2.5725,1.7634,-7.3893,0,0,0
-0.5059,-0.3635,0.8149,1.8855,1.5267,-6.0763,0,0,0
-0.5042,-0.366,0.8042,2.0,0.8626,-5.1221,0,0,0
-0.5037,-0.3567,0.8064,1.3053,-0.084,-4.4809,0,0,0
-0.4976,-0.3525,0.8101,0.4733,-1.0687,-4.7557,0,0,0
-0.4966,-0.3545,0.8218,-0.4351,-0.5496,-4.1908,0,0,0
-0.4863,-0.3589,0.8281,-0.7328,0.5038,-2.5802,0,0,0
-0.4961,-0.3674,0.8147,-0.8321,1.0611,-0.9313,0,0,0
-0.5029,-0.3611,0.8193,-0.8015,0.2672,0.626,0,0,0
-0.4998,-0.3523,0.8115,-0.4885,-0.6794,1.3969,0,0,0
-0.4924,-0.3445,0.8196,-0.458,-0.7939,1.542,0,0,0
-0.4954,-0.3452,0.8171,-0.3817,-0.1679,1.1527,0,0,0
-0.4946,-0.3467,0.8276,0.4885,0.1221,1.3053,0,0,0
-0.4905,-0.3455,0.8333,0.687,1.1298,1.3053,0,0,0
-0.4951,-0.3479,0.8191,1.1069,1.9695,0.8702,0,0,0
-0.5029,-0.3455,0.8047,1.9008,1.7252,0.3664,0,0,0
-0.5132,-0.3369,0.8042,2.229,-0.916,-0.4046,0,0,0
-0.4946,-0.3259,0.8279,1.7252,-2.2595,-0.313,0,0,0
-0.4966,-0.3259,0.8313,1.0458,-1.9771,-0.084,0,0,0
-0.5037,-0.3284,0.8306,0.9008,-1.5267,1.0763,0,0,0
-0.4976,-0.3435,0.8225,0.6489,-1.0458,0.5115,0,0,0
-0.4929,-0.3386,0.8247,1.2061,0.374,-1.2519,0,0,0
-0.5012,-0.3325,0.8066,-0.3664,1.2443,-1.626,0,0,0
-0.5044,-0.3184,0.8086,-3.7939,0.6947,-0.6947,0,0,0
-0.4988,-0.3354,0.8127,-5.9084,-0.0916,-0.7863,0,0,0
-0.4905,-0.3455,0.8293,-5.2672,0.2595,-1.2901,0,0,0
-0.4937,-0.3347,0.8215,-4.4351,1.2214,-1.2595,0,0,0
-0.499,-0.3252,0.813,-4.1221,1.687,-2.0458,0,0,0
-0.4985,-0.3364,0.8181,-4.3893,1.5191,-2.8855,1,0,0
-0.4951,-0.3411,0.8167,-4.6183,1.4504,-3.5038,1,0,0
-0.4919,-0.3442,0.822,-4.0534,2.5725,-2.458,1,0,0
-0.4927,-0.3428,0.8181,-3.2519,3.6107,-1.4046,1,0,0
-0.4988,-0.335,0.8032,-4.0763,3.1298,-1.2443,1,0,0
-0.501,-0.3442,0.8027,-4.3969,1.9618,-1.8168,1,0,0
-0.501,-0.3689,0.7883,-2.0153,2.0382,-4.0611,1,0,0
-0.5024,-0.3545,0.8008,-1.2443,0.1985,-2.7863,1,0,0
-0.4949,-0.3567,0.8015,-1.0153,0.229,-2.2443,1,0,0
-0.4851,-0.3528,0.813,0.1069,0.771,-1.2977,1,0,0
-0.4968,-0.342,0.8088,0.8855,1.1298,-1.5115,1,0,0
-0.5093,-0.3284,0.8008,0.6641,-0.8244,-1.8244,1,0,0
-0.5085,-0.3276,0.7927,-1.1527,-3.3893,-1.4275,1,0,0
-0.4978,-0.3267,0.8074,-3.7557,-5.2901,-1.5115,1,0,0
-0.4968,-0.3291,0.8101,-6.7481,-5.6412,-0.8015,1,0,0
-0.4963,-0.3328,0.8191,-9.687,-5.771,-0.0076,1,0,0
-0.4944,-0.3508,0.8179,-11.4656,-5.5954,0.8931,1,0,0
-0.5066,-0.3679,0.8132,-10.229,-5.2366,1.542,1,0,0
-0.4954,-0.3662,0.8091,-7.1603,-4.7405,1.2672,1,0,0
-0.4985,-0.3545,0.8342,-4.542,-3.4351,-0.0534,1,0,0
-0.4966,-0.3582,0.8049,-3.0916,-0.9008,-1.2901,1,0,0
-0.5034,-0.3792,0.7983,-0.916,-2.5191,-1.1145,1,0,0
-0.5066,-0.3506,0.8135,-1.7023,-3.3511,-0.3435,1,0,0
-0.4998,-0.3406,0.8252,-3.9084,-3.3664,-1.4427,1,0,0
-0.4995,-0.3423,0.8242,-6.4656,-3.8473,-1.7634,1,0,0
-0.5029,-0.3506,0.8162,-8.7939,-4.5954,-1.5954,1,0,0
-0.4949,-0.3694,0.821,-10.0229,-4.8168,-0.9008,1,0,0
-0.4944,-0.3857,0.8174,-7.9389,-4.2977,0.0305,1,0,0
-0.4949,-0.375,0.8181,-4.2824,-3.771,1.084,1,0,0
-0.4927,-0.364,0.8208,-1.9771,-3.0076,0.8626,1,0,0
-0.4978,-0.353,0.8191,-1.7252,-2.687,0.7634,1,0,0
-0.5066,-0.3479,0.8181,-1.9695,-3.1527,0.2595,1,0,0
-0.4885,-0.342,0.8235,-3.458,-3.4351,0.0763,1,0,0
-0.4832,-0.3342,0.8298,-6.5725,-2.0,0.2061,1,0,0
-0.4973,-0.3447,0.832,-8.5038,-0.7328,-0.229,1,0,0
-0.5044,-0.3516,0.8279,-9.7252,-1.7252,0.6641,1,0,0
-0.5022,-0.3674,0.8223,-9.4809,-1.9313,1.2366,0,0,0
-0.489,-0.3757,0.8267,-7.145,-1.3511,0.8626,0,0,0
-0.4822,-0.3691,0.8206,-5.8321,0.7252,1.8092,0,0,0
-0.4878,-0.3513,0.8242,-5.3817,1.4733,1.6183,0,0,0
-0.5015,-0.3459,0.8308,-5.9924,1.6489,0.7863,0,0,0
-0.3921,-0.312,0.8423,-7.5802,3.2901,0.0229,0,0,0
-0.5752,-0.3755,0.8103,-8.9771,3.2519,-0.5344,0,0,0
-0.4875,-0.3572,0.812,-9.5038,1.7481,0.3435,0,0,0
-0.5044,-0.3569,0.8127,-9.1298,0.3359,0.6489,0,0,0
-0.4988,-0.3657,0.8098,-8.3817,-0.0382,1.9313,0,0,0
-0.4966,-0.3728,0.8059,-8.0382,0.2519,2.4809,0,0,0
-0.4919,-0.3892,0.8118,-6.9008,0.9771,3.0763,0,0,0
-0.4592,-0.3696,0.822,-5.4733,2.8092,3.1527,0,0,0
-0.5063,-0.363,0.8171,-5.2977,2.9618,3.5115,0,0,0
-0.4929,-0.3704,0.8152,-7.1527,4.3969,3.5344,0,0,0
-0.5095,-0.3682,0.8059,-8.7405,3.9924,3.5573,0,0,0
-0.5105,-0.3706,0.7942,-9.7328,2.7863,4.8702,0,0,0
-0.5042,-0.3735,0.8015,-10.9771,1.9695,5.8015,0,0,0
-0.4988,-0.3789,0.7991,-12.1985,2.0305,6.1527,0,0,0
-0.4944,-0.385,0.7986,-13.6107,2.7481,6.5802,0,0,0
-0.4924,-0.386,0.8096,-15.374,3.9313,6.9771,0,0,0
-0.4919,-0.3933,0.8157,-14.5725,6.1985,6.4275,0,0,0
-0.51,-0.3989,0.8013,-11.8015,5.9695,6.6183,0,0,0
-0.5005,-0.386,0.8049,-10.5725,6.3053,6.2443,0,0,0
-0.5212,-0.3813,0.8113,-10.2595,6.7481,5.8092,0,0,0
-0.5078,-0.3813,0.804,-10.084,6.1298,6.2824,0,0,0
-0.5298,-0.3826,0.8108,-10.3511,6.7634,7.0229,0,0,0
-0.5142,-0.3794,0.8169,-10.9008,7.0992,8.542,0,0,0
-0.519,-0.3882,0.8093,-11.916,10.6107,8.7557,0,0,0
-0.5308,-0.3853,0.8091,-10.9618,10.4656,8.313,0,0,0
-0.5166,-0.3774,0.8088,-10.4351,11.4733,7.5038,0,0,0
-0.52,-0.3811,0.814,-10.8244,11.7252,6.7939,0,0,0
-0.5278,-0.3789,0.8093,-11.3511,12.5649,7.0305,0,0,0
-0.5415,-0.3943,0.8113,-11.8626,12.8092,7.1985,0,0,0
-0.5381,-0.3711,0.7939,-11.7405,12.4046,7.9618,0,0,0
-0.541,-0.3982,0.7949,-13.2595,11.8397,9.0,0,0,0
-0.5459,-0.3982,0.804,-12.0458,11.9771,9.7939,0,0,0
-0.5381,-0.387,0.7996,-11.8702,12.8015,10.2901,0,0,0
-0.5215,-0.3813,0.8098,-12.9008,14.6947,10.5649,0,0,0
-0.3435,-0.3652,0.8623,-12.9313,23.5878,7.5344,0,0,0
-0.6199,-0.3906,0.7573,-11.2595,13.4122,10.8321,0,0,0
-0.5476,-0.3914,0.7698,-10.2748,13.313,10.7481,0,0,0
-0.54,-0.3918,0.7766,-10.6794,14.0992,9.6107,0,0,0
-0.6116,-0.4104,0.7556,-10.7023,15.4504,10.5267,0,0,0
-0.5698,-0.4075,0.7705,-10.8244,14.9771,11.6565,0,0,0
-0.5706,-0.3887,0.7585,-10.4809,15.7099,11.313,0,0,0
-0.5967,-0.4006,0.7488,-10.1603,13.3359,11.5115,0,0,0
-0.5684,-0.3855,0.7588,-9.8702,13.1603,11.7252,0,0,0
-0.5684,-0.3772,0.7529,-9.8092,13.2061,11.3893,0,0,0
-0.5735,-0.3831,0.7507,-8.6489,14.0229,10.2061,0,0,0
-0.5833,-0.3845,0.7371,-7.1527,13.8626,8.7328,0,0,0
-0.5818,-0.3706,0.7253,-4.9008,12.4198,7.5267,0,0,0
-0.5747,-0.3679,0.7195,-3.9618,11.9084,5.9389,0,0,0
-0.5764,-0.3628,0.7214,-4.5344,11.084,6.1069,0,0,0
-0.5781,-0.3564,0.7188,-4.9542,10.6489,6.458,0,0,0
-0.5825,-0.3533,0.7092,-5.4275,10.0076,5.5573,0,0,0
-0.5806,-0.3545,0.7014,-4.8015,9.4962,4.2519,0,0,0
-0.584,-0.3596,0.6965,-3.7863,8.2672,3.145,0,0,0
-0.5786,-0.3687,0.7012,-1.7328,7.7939,2.8092,0,0,0
-0.5735,-0.3567,0.7104,-0.0534,8.5115,3.6947,0,0,0
-0.5842,-0.3574,0.7222,1.313,9.5267,3.5954,0,0,0
-0.5906,-0.3586,0.7087,3.542,9.313,4.7328,0,0,0
-0.6079,-0.3557,0.6748,7.5802,6.9847,4.2672,0,0,0
-0.6077,-0.3677,0.6741,10.2061,4.9389,1.9466,0,0,0
-0.6013,-0.3394,0.6487,9.3282,-0.0229,1.0076,0,0,0
-0.5703,-0.3599,0.6755,8.0458,-2.0458,1.3817,0,0,0
-0.5696,-0.3416,0.6892,6.3359,-2.4275,3.145,0,0,0
-0.5901,-0.3345,0.6926,3.2137,-2.3435,3.1221,0,0,0
-0.5889,-0.332,0.7019,0.1603,-2.2443,0.916,0,0,0
-0.5945,-0.3452,0.7188,-1.5115,-3.3588,-0.7939,0,0,0
-0.6033,-0.354,0.7124,-1.8168,-3.9466,-1.3893,0,0,0
-0.5911,-0.3621,0.7239,-0.4809,-4.687,-1.6947,0,0,0
-0.5938,-0.3586,0.7239,-0.626,-4.4198,-2.2137,0,0,0
-0.5999,-0.3562,0.7334,-2.0076,-4.9847,-2.0916,0,0,0
-0.5918,-0.353,0.741,-4.3282,-4.916,-2.2901,0,0,0
-0.5916,-0.3694,0.739,-5.6718,-4.4122,-2.4504,1,0,0
-0.5872,-0.3806,0.7761,-6.8168,-2.6183,-0.9618,1,0,0
-0.5784,-0.3943,0.7927,-6.145,1.3359,1.4885,1,0,0
-0.5928,-0.4092,0.7654,-0.9389,3.8015,2.3588,1,0,0
-0.6196,-0.3745,0.7397,0.9237,2.4809,1.1145,1,0,0
-0.613,-0.3699,0.7244,0.1298,1.0534,-1.1221,1,0,0
-0.606,-0.4048,0.7109,2.4275,-0.6107,-4.9542,1,0,0
-0.6201,-0.3516,0.739,0.3817,-1.8931,-2.7557,1,0,0
-0.603,-0.3557,0.7288,-1.1908,-3.1221,-3.0076,1,0,0
-0.6018,-0.3723,0.7332,-2.0992,-2.3969,-2.2137,1,0,0
-0.6113,-0.3577,0.7322,-2.4427,-2.6412,-3.6641,1,0,0
-0.605,-0.3699,0.7341,-2.8855,-3.0763,-3.9695,1,0,0
-0.6013,-0.384,0.7319,-1.3893,-3.2443,-3.1069,1,0,0
-0.5906,-0.3943,0.7334,0.4122,-2.7634,-2.3206,1,0,0
-0.5906,-0.3806,0.7361,1.7939,-2.0992,-1.7405,1,0,0
-0.5793,-0.364,0.7344,2.0382,-1.2366,-1.3282,1,0,0
-0.5891,-0.3547,0.7297,0.5649,-0.7328,-1.1527,1,0,0
-0.5874,-0.3518,0.7402,-2.0992,-0.9542,-1.7634,1,0,0
-0.5825,-0.3528,0.74,-4.5573,-1.6412,-2.2977,1,0,0
-0.5847,-0.3633,0.7251,-6.7405,-1.7634,-2.4809,1,0,0
-0.5862,-0.3469,0.7283,-9.3969,-1.0229,-3.9771,1,0,0
-0.5806,-0.3538,0.7356,-11.4351,-0.1069,-5.6489,1,0,0
-0.5977,-0.366,0.7275,-11.2901,1.0,-7.3511,1,0,0
-0.5911,-0.4241,0.7283,-7.7252,-0.4809,-7.1603,1,0,0
-0.5906,-0.4102,0.7419,-3.3511,-1.6565,-5.1374,1,0,0
-0.6016,-0.3965,0.7432,-1.6641,-3.855,-1.5878,1,0,0
-0.5955,-0.3889,0.6816,-1.2214,-0.2519,-3.6489,1,0,0
-0.5994,-0.3748,0.7319,-1.0382,-1.6336,-2.7786,1,0,0
-0.5999,-0.3818,0.7288,-1.9618,-2.6489,-2.9466,1,0,0
-0.5952,-0.387,0.7314,-2.0076,-3.3969,-1.9924,1,0,0
-0.5935,-0.3823,0.7322,-2.0992,-3.855,-1.5649,1,0,0
-0.5828,-0.3882,0.7322,-2.8015,-4.1603,-2.2366,1,0,0
-0.5781,-0.4111,0.7507,-2.3664,-2.916,-1.771,1,0,0
-0.5771,-0.4114,0.7488,-0.0229,-0.8626,-0.1298,0,0,0
-0.583,-0.3916,0.7351,1.2214,-0.3893,0.5115,0,0,0
-0.5974,-0.3755,0.7205,0.5878,-1.8397,-0.084,0,0,0
-0.6016,-0.3777,0.7268,-0.6565,-3.6947,-0.2137,0,0,0
-0.5864,-0.3787,0.7366,-1.374,-4.0153,-0.2595,0,0,0
-0.5725,-0.3843,0.7444,-0.9695,-2.145,-0.3511,0,0,0
-0.5847,-0.3708,0.739,-0.5878,-0.6107,-0.2595,0,0,0
-0.6001,-0.363,0.719,-0.8931,-1.9008,-1.2519,0,0,0
-0.6069,-0.3765,0.7195,-1.6718,-4.6641,-1.4046,0,0,0
-0.6008,-0.3804,0.7256,-1.313,-6.5191,-0.9771,0,0,0
-0.5857,-0.3665,0.7332,-2.0458,-7.7557,-0.4809,0,0,0
-0.5701,-0.3633,0.7502,-3.6489,-6.2901,-0.626,0,0,0
-0.5691,-0.3618,0.7605,-4.9924,-4.7023,-1.1908,0,0,0
-0.5718,-0.3523,0.7666,-7.4504,-3.3588,-1.4198,0,0,0
-0.5759,-0.3679,0.7571,-9.2901,-3.4351,-2.4885,0,0,0
-0.5791,-0.4014,0.7612,-6.9924,-2.3359,-3.0,0,0,0
-0.575,-0.4094,0.7603,-2.0458,-0.4275,-1.8397,0,0,0
-0.5793,-0.3889,0.7417,1.8779,0.3435,-1.5725,0,0,0
-0.5847,-0.3738,0.7314,3.1603,-0.2366,-1.5802,0,0,0
-0.5881,-0.3667,0.731,2.2519,-1.3282,-2.0382,0,0,0
-0.5757,-0.3604,0.7451,0.0305,-1.1527,-1.9618,0,0,0
-0.5793,-0.3601,0.7451,-2.3511,-0.7328,-2.7863,0,0,0
-0.583,-0.3679,0.7454,-4.1832,-1.0458,-3.2366,0,0,0
-0.5859,-0.3743,0.7358,-4.9466,-1.5725,-3.7252,0,0,0
-0.5891,-0.3713,0.7305,-5.9618,-2.9771,-4.5802,0,0,0
-0.5771,-0.3953,0.7422,-5.7099,-3.2137,-5.1221,0,0,0
-0.5737,-0.418,0.7439,-1.5649,-1.687,-6.3053,0,0,0
-0.5725,-0.4077,0.7493,3.5115,-0.3664,-6.313,0,0,0
-0.5769,-0.3943,0.741,6.6947,0.4504,-7.0076,0,0,0
-0.585,-0.3743,0.74,8.8855,0.0458,-6.8626,0,0,0
-0.5901,-0.3784,0.7402,9.9237,-1.2977,-7.4809,0,0,0
-0.5828,-0.3586,0.7432,8.3588,-2.458,-7.7405,0,0,0
-0.5803,-0.3667,0.7458,7.1756,-2.9771,-8.8855,0,0,0
-0.5798,-0.3684,0.7373,9.6718,-3.5725,-12.4351,0,0,0
-0.5752,-0.3521,0.7422,13.6336,-4.084,-17.1069,0,0,0
-0.5762,-0.3428,0.7244,15.0687,-4.8168,-21.2061,0,0,0
-0.5872,-0.3704,0.7244,16.8931,-6.687,-23.458,0,0,0
-0.6038,-0.3801,0.7017,22.6183,-9.6565,-26.0458,0,0,0
-0.6038,-0.3687,0.686,29.771,-15.0458,-28.8855,0,0,0
-0.6108,-0.3467,0.6589,36.3893,-21.916,-34.0076,0,0,0
-0.6094,-0.3323,0.6499,40.0763,-30.8092,-37.6947,0,0,0
-0.8967,-0.4241,0.5752,43.626,-44.3893,-37.7023,0,0,0
-0.5684,-0.3645,0.6624,47.9313,-52.3664,-40.4427,0,0,0
-0.5286,-0.3506,0.7,49.9389,-56.4351,-43.6489,0,0,0
-0.5105,-0.3237,0.7517,48.6336,-59.8702,-41.5496,0,0,0
-0.4668,-0.301,0.8025,47.7176,-55.6183,-40.0382,0,0,0
-0.4556,-0.3699,0.821,45.6031,-52.1221,-36.9847,0,0,0
-0.4485,-0.3523,0.8401,43.6336,-50.8397,-36.5496,0,0,0
-0.4434,-0.3506,0.8435,41.7634,-49.1145,-36.8626,0,0,0
-0.4368,-0.375,0.8503,41.2214,-48.8473,-34.5496,0,0,0
-0.459,-0.353,0.8357,42.1527,-50.6489,-32.3435,0,0,0
-0.4656,-0.302,0.814,45.0382,-56.9466,-30.6641,0,0,0
-0.4951,-0.3491,0.7661,45.7939,-64.145,-31.0,0,0,0
-0.4949,-0.3237,0.7637,48.6794,-76.4886,-31.1832,0,0,0
-0.4111,-0.4077,0.8452,47.8779,-83.7099,-28.8855,0,0,0
-0.3994,-0.4514,0.8667,48.687,-84.1527,-21.4656,0,0,0
-0.3125,-0.365,0.9221,48.7939,-78.3053,-13.9924,0,0,0
-0.3286,-0.395,0.9194,49.4656,-74.3588,-9.2061,0,0,0
-0.3105,-0.3247,0.9407,48.2443,-71.8473,-9.9771,0,0,0
-0.302,-0.2439,0.929,44.3282,-72.7786,-11.9313,0,0,0
-0.3364,-0.2861,0.9116,38.4122,-73.2137,-13.5802,0,0,0
-0.2644,-0.3164,0.9871,34.2595,-73.6489,-10.8473,0,0,0
-0.2517,-0.2769,0.9829,32.6412,-68.9618,-6.542,0,0,0
-0.2473,-0.2742,0.9736,30.0687,-64.8626,-3.8473,0,0,0
-0.2239,-0.2622,0.9614,28.9618,-62.6412,-2.542,0,0,0
-0.22,-0.239,0.9485,27.5191,-62.9618,-3.1069,0,0,0
-0.2114,-0.3035,1.0103,25.8779,-64.5802,-3.5344,0,0,0
-0.1509,-0.2556,1.0383,21.6489,-56.855,2.6641,0,0,0
-0.1753,-0.2913,1.0342,15.9924,-47.5267,8.3817,0,0,0
-0.1528,-0.271,1.0361,13.1298,-41.7863,13.8244,0,0,0
-0.1709,-0.2549,1.0093,9.0229,-35.4122,14.4122,0,0,0
-0.1584,-0.2129,1.0159,5.6107,-32.4198,14.3664,0,0,0
-0.1804,-0.1895,1.0081,3.7405,-32.1221,12.855,0,0,0
-0.1907,-0.23,1.0093,1.2672,-27.542,10.7023,0,0,0
-0.1704,-0.2468,1.0273,0.7099,-22.7863,10.5573,0,0,0
-0.1409,-0.2009,1.0359,0.5115,-17.3053,12.229,0,0,0
-0.1672,-0.2305,1.0288,-0.5038,-12.3206,14.4962,0,0,0
-0.1633,-0.2297,1.0281,-3.6565,-8.7557,16.687,0,0,0
-0.1785,-0.2266,1.0176,-6.8397,-6.9008,20.2137,0,0,0
-0.1882,-0.2563,1.0066,-10.4733,-5.5038,24.3359,0,0,0
-0.1672,-0.2786,1.0173,-14.2824,-3.5725,31.4198,0,0,0
-0.1619,-0.2859,1.0303,-17.5878,-0.2214,39.9389,0,0,0
-0.1499,-0.27,1.051,-21.0458,4.0229,48.2061,0,0,0
-0.1533,-0.2822,1.064,-26.2519,11.4733,53.8092,0,0,0
-0.1707,-0.2725,1.0908,-33.4046,18.313,55.9924,0,0,0
-0.1785,-0.2346,1.0889,-41.313,25.0458,55.2901,0,0,0
-0.1685,-0.2288,1.1099,-49.5878,31.458,51.4962,0,0,0
-0.1716,-0.2563,1.1108,-55.7557,39.229,46.9847,0,0,0
-0.2087,-0.2727,1.0845,-58.4885,46.5878,44.0229,0,0,0
-0.2029,-0.2637,1.062,-56.2443,51.5573,41.229,0,0,0
-0.2681,-0.3423,1.0342,-50.6336,54.6947,38.0153,0,0,0
-0.2961,-0.3413,1.0012,-42.5649,56.2595,36.855,0,0,0
-0.3,-0.3103,0.9751,-32.7557,56.4427,32.9542,0,0,0
-0.3401,-0.2974,0.9514,-23.3893,54.5038,27.7023,0,0,0
-0.3457,-0.2634,0.938,-17.3893,53.1298,22.8397,0,0,0
-0.3447,-0.2661,0.9448,-14.3359,51.2061,19.8855,0,0,0
-0.3311,-0.2744,0.9746,-13.9542,51.687,18.7634,0,0,0
-0.3069,-0.241,0.9934,-14.6336,56.9618,20.2519,0,0,0
-0.3267,-0.2629,0.9822,-13.5802,58.6641,20.8321,0,0,0
-0.3337,-0.2769,0.9832,-12.4198,61.3511,21.0,0,0,0
-0.3464,-0.2712,0.9678,-11.374,63.5267,17.4427,0,0,0
-0.3623,-0.2524,0.9529,-11.6565,65.1221,13.4733,0,0,0
-0.3848,-0.272,0.9412,-10.3359,63.5573,11.3282,0,0,0
-0.3823,-0.251,0.9355,-8.5725,63.8779,9.6565,0,0,0
-0.3918,-0.2603,0.9226,-7.7405,64.5573,9.2137,0,0,0
-0.4075,-0.248,0.8901,-6.8168,63.7176,6.9618,0,0,0
-0.4099,-0.2573,0.896,-6.2595,63.5496,5.6412,0,0,0
-0.4243,-0.239,0.8723,-6.1985,62.4962,3.8702,0,0,0
-0.4426,-0.2632,0.8562,-4.9771,62.7023,2.687,0,0,0
-0.4495,-0.272,0.8333,-4.7176,61.542,-0.771,0,0,0
-0.4534,-0.2771,0.8081,-3.3969,60.3588,-2.7557,0,0,0
-0.4792,-0.2537,0.8035,-2.1756,56.2595,-3.0229,0,0,0
-0.498,-0.2695,0.7788,-4.1374,52.9924,-2.0305,0,0,0
-0.45,-0.2476,0.7869,-7.0382,51.7481,-1.6107,0,0,0
-0.5325,-0.262,0.7444,-4.771,41.9389,-1.6718,0,0,0
-0.5181,-0.3125,0.7297,-2.8397,35.6794,-2.4962,0,0,0
-0.5159,-0.2869,0.7329,-1.5878,28.916,-3.0916,0,0,0
-0.5281,-0.2937,0.7363,-0.5038,23.1221,-2.7405,0,0,0
-0.5149,-0.2852,0.7234,1.0153,18.0534,-3.3053,0,0,0
-0.5142,-0.2766,0.7188,2.8321,11.8626,-2.9695,0,0,0
-0.5115,-0.2759,0.7156,4.4122,5.5496,-3.0,0,0,0
-0.5049,-0.2761,0.7085,6.1832,0.0458,-2.2137,0,0,0
-0.4927,-0.2788,0.7283,7.9313,-3.8168,-2.1679,0,0,0
-0.4846,-0.2859,0.7458,9.5802,-6.1374,-2.5878,0,0,0
-0.4812,-0.2771,0.7578,11.3359,-7.9084,-2.0916,0,0,0
-0.4744,-0.262,0.7725,10.5344,-7.771,-1.4733,0,0,0
-0.4744,-0.2407,0.7854,8.5725,-6.5267,-2.2519,0,0,0
-0.4883,-0.2219,0.7871,5.7634,-5.3588,-3.4962,0,0,0
-0.4944,-0.2231,0.7844,1.9084,-5.4046,-4.6565,0,0,0
-0.5015,-0.2417,0.7791,-2.3206,-5.5038,-4.7328,0,0,0
-0.4988,-0.2761,0.7893,-4.2137,-6.3206,-4.1679,0,0,0
-0.511,-0.2847,0.791,-3.7328,-6.9847,-3.2366,0,0,0
-0.5151,-0.2915,0.7839,-3.2595,-7.7481,-3.0763,0,0,0
-0.5098,-0.2935,0.7937,-3.542,-8.687,-3.1145,0,0,0
-0.5022,-0.3054,0.8335,-3.7328,-7.6412,-2.8626,0,0,0
-0.5076,-0.3076,0.8296,-2.8626,-6.2061,-2.1985,0,0,0
-0.5132,-0.303,0.8313,-2.5496,-6.3511,-1.8779,0,0,0
-0.5068,-0.2915,0.8403,-3.3359,-5.9695,-2.0305,0,0,0
-0.5093,-0.3003,0.8481,-4.0687,-5.4275,-2.9313,0,0,0
-0.509,-0.3081,0.8423,-5.2366,-4.1069,-3.0153,0,0,0
-0.5168,-0.3157,0.8374,-6.3206,-3.9618,-2.5191,0,0,0
-0.5203,-0.3228,0.8264,-6.0611,-4.2519,-1.7786,0,0,0
-0.5129,-0.3257,0.8259,-4.2824,-4.626,-1.4733,0,0,0
-0.5168,-0.3232,0.8335,-2.9389,-4.4122,-1.6107,0,0,0
-0.5071,-0.3257,0.8416,-2.0305,-3.9771,-1.1908,0,0,0
-0.5127,-0.3179,0.8379,-0.8855,-3.3893,0.0916,0,0,0
-0.5159,-0.3088,0.856,-0.313,-2.3206,0.8702,0,0,0
-0.5273,-0.2991,0.8506,0.4733,-1.771,0.9466,0,0,0
-0.5388,-0.2971,0.8647,2.5191,-1.458,1.7863,0,0,0
-0.5217,-0.2876,0.8569,5.458,-0.4198,2.4351,0,0,0
-0.5474,-0.2861,0.8359,8.7405,-2.4962,2.2061,0,0,0
-0.5332,-0.2859,0.833,11.6412,-4.4427,1.0153,0,0,0
-0.5132,-0.2505,0.8301,12.5878,-6.2214,1.313,0,0,0
-0.5015,-0.2629,0.8555,10.1374,-5.9618,1.1679,0,0,0
-0.4727,-0.2458,0.8892,6.229,-2.8931,1.8702,0,0,0
-0.4658,-0.2737,0.9084,6.542,2.1374,1.4351,1,0,0
-0.4663,-0.2478,0.9097,8.7634,7.8321,-1.9389,1,0,0
-0.4858,-0.21,0.8713,10.9389,11.0534,-8.8855,1,0,0
-0.4893,-0.2332,0.8633,12.4351,12.5878,-10.6641,1,0,0
-0.5303,-0.1812,0.8667,8.8244,9.6183,-11.855,1,0,0
-0.5059,-0.2212,0.855,7.9618,9.6794,-13.9084,1,0,0
-0.5107,-0.2212,0.8506,10.6412,9.9466,-15.6565,1,0,0
-0.502,-0.2019,0.8459,11.6718,10.9008,-17.7557,1,0,0
-0.5032,-0.197,0.8467,11.6336,10.9466,-20.7634,1,0,0
-0.5259,-0.1877,0.8145,9.4809,7.5802,-23.5344,1,0,0
-0.4941,-0.2002,0.8398,9.458,6.2443,-29.2214,1,0,0
-0.5,-0.2134,0.863,11.3435,8.0458,-34.0992,1,0,0
-0.4741,-0.2126,0.8645,16.7328,9.5496,-36.6794,1,0,0
-0.4993,-0.2095,0.8401,22.4351,12.2748,-39.9084,1,0,0
-0.5427,-0.2769,0.8198,26.2443,12.9084,-42.5267,1,0,0
-0.5493,-0.2546,0.7988,31.0153,8.542,-47.4351,1,0,0
-0.5571,-0.2944,0.7778,41.374,2.0382,-54.3969,1,0,0
-0.5786,-0.3064,0.7385,58.9618,-5.5191,-62.1298,1,0,0
-0.5601,-0.3291,0.7742,71.3206,-16.1374,-62.2748,1,0,0
-0.4919,-0.2778,0.8245,70.1145,-14.6336,-50.3664,1,0,0
-0.4631,-0.2388,0.8726,63.4656,-10.1985,-43.4733,1,0,0
-0.4629,-0.2185,0.8811,55.1756,-5.145,-45.7405,1,0,0
-0.4583,-0.2148,0.877,48.5115,-4.2519,-49.9695,1,0,0
-0.4912,-0.2183,0.8467,42.771,-5.7252,-51.8702,1,0,0
-0.4897,-0.2959,0.8323,36.2366,-11.145,-48.9695,1,0,0
-0.4978,-0.301,0.8323,30.1374,-15.1069,-40.0382,1,0,0
-0.488,-0.303,0.8298,26.8702,-20.1298,-33.0153,1,0,0
-0.4922,-0.2795,0.8101,23.2137,-26.7634,-29.4046,1,0,0
-0.4807,-0.293,0.8245,21.7481,-33.5344,-29.5725,1,0,0
-0.4556,-0.2727,0.8484,21.7328,-36.8244,-28.9389,1,0,0
-0.4153,-0.2998,0.8938,22.1145,-35.9847,-26.0382,1,0,0
-0.386,-0.2952,0.9395,21.3359,-29.7481,-21.374,1,0,0
-0.3831,-0.2598,0.9492,18.4885,-23.9695,-18.2061,1,0,0
-0.3872,-0.2454,0.9473,12.6183,-18.1832,-16.6031,1,0,0
-0.405,-0.2502,0.9312,5.9924,-16.8779,-16.1603,1,0,0
-0.4221,-0.249,0.9065,-0.0076,-17.7557,-15.2519,1,0,0
-0.4031,-0.2939,0.9045,-2.7863,-18.6947,-12.6794,1,0,0
-0.4036,-0.3057,0.9055,-2.0458,-18.6336,-8.0611,1,0,0
-0.3884,-0.3152,0.927,-0.4198,-16.8092,-1.8855,1,0,0
-0.3782,-0.313,0.9475,1.7252,-14.4046,3.4122,1,0,0
-0.3828,-0.2754,0.937,1.2443,-11.1603,4.8321,1,0,0
-0.4001,-0.2576,0.9373,-1.4427,-10.1832,6.3664,1,0,0
-0.3962,-0.2292,0.9292,-5.9847,-10.5649,7.458,1,0,0
-0.3948,-0.2278,0.929,-10.916,-10.7634,7.2519,1,0,0
-0.3872,-0.2271,0.9497,-15.7557,-9.6412,6.1145,1,0,0
-0.3855,-0.2327,0.9497,-20.4275,-7.6947,5.6336,1,0,0
-0.3872,-0.2515,0.9495,-24.5802,-5.1985,7.1832,1,0,0
-0.3623,-0.2554,0.9709,-27.9008,-1.7252,7.7252,1,0,0
-0.3816,-0.2861,0.929,-29.0916,2.1603,9.7405,1,0,0
-0.3887,-0.3411,0.9119,-28.313,3.2137,15.3359,1,0,0
-0.4224,-0.3491,0.918,-25.3588,2.3435,20.0534,1,0,0
-0.4153,-0.3545,0.9055,-23.7634,1.2061,26.1298,1,0,0
-0.4128,-0.3203,0.9221,-23.6489,0.7099,33.5496,1,0,0
-0.3909,-0.3108,0.9268,-25.4504,0.4885,40.8626,1,0,0
-0.3884,-0.2605,0.9243,-23.9466,0.4656,39.8168,1,0,0
-0.3792,-0.241,0.9539,-25.5267,4.3969,34.4733,1,0,0
-0.384,-0.2214,0.9648,-28.4885,9.5191,28.8473,0,0,0
-0.3792,-0.2119,0.9661,-34.0305,16.7099,24.9847,0,0,0
-0.3906,-0.241,0.9543,-39.7481,23.0153,24.3282,0,0,0
-0.4053,-0.2625,0.9404,-42.9847,27.6641,26.0916,0,0,0
-0.416,-0.2966,0.9365,-43.084,30.7252,28.6183,0,0,0
-0.4631,-0.3159,0.8872,-40.3053,32.3282,32.6794,0,0,0
-0.468,-0.3159,0.845,-36.5878,28.0763,35.8015,0,0,0
-0.4963,-0.2849,0.8311,-33.5878,23.0153,35.1527,0,0,0
-0.4756,-0.2559,0.854,-30.4351,17.7099,27.687,0,0,0
-0.4719,-0.2393,0.8765,-27.7786,16.7252,22.0,0,0,0
-0.4441,-0.2319,0.8962,-26.6794,20.9237,17.855,0,0,0
-0.4363,-0.2646,0.9146,-25.3969,27.9847,15.5038,0,0,0
-0.4683,-0.2505,0.9001,-23.4504,31.8397,14.0,0,0,0
-0.4902,-0.2639,0.885,-21.6794,34.5191,13.4885,0,0,0
-0.5327,-0.2612,0.8286,-20.542,31.7405,13.7328,0,0,0
-0.5269,-0.2561,0.813,-20.8626,26.9008,12.0,0,0,0
-0.5205,-0.2754,0.821,-20.8015,23.1603,10.8779,0,0,0
-0.5059,-0.2734,0.8459,-19.3435,22.5878,8.6565,0,0,0
-0.5115,-0.2971,0.8645,-14.6107,23.3282,7.8779,0,0,0
-0.4978,-0.2712,0.8555,-12.3893,27.084,6.8397,0,0,0
-0.5303,-0.2893,0.8259,-14.6947,29.5267,6.5038,0,0,0
-0.522,-0.2698,0.8337,-16.8931,29.1908,6.229,0,0,0
-0.5286,-0.2939,0.8262,-19.2443,28.8244,5.2977,0,0,0
-0.5588,-0.304,0.8083,-19.5038,27.0382,5.0305,0,0,0
-0.5647,-0.313,0.7988,-18.0305,23.1603,5.4198,0,0,0
-0.5627,-0.3181,0.7805,-17.4504,21.0076,5.1985,0,0,0
-0.5757,-0.3357,0.7712,-14.0763,18.6489,6.2137,0,0,0
-0.5522,-0.3135,0.7686,-12.145,17.4809,5.6641,0,0,0
-0.5493,-0.3191,0.7739,-11.8092,17.5191,5.5878,0,0,0
-0.5637,-0.3259,0.7717,-10.8702,16.8779,5.8779,0,0,0
-0.5596,-0.3254,0.7649,-8.9847,15.0305,5.7405,0,0,0
-0.5537,-0.3074,0.7639,-5.9008,12.5649,4.6183,0,0,0
-0.583,-0.3015,0.7324,-4.0229,8.6641,2.8702,0,0,0
-0.5662,-0.3054,0.739,-3.0687,4.9237,1.5191,0,0,0
-0.5684,-0.3105,0.7449,-2.8626,2.7634,1.542,0,0,0
-0.5583,-0.3069,0.7529,-2.0763,1.9542,1.916,0,0,0
-0.5466,-0.2944,0.7656,-3.374,1.9313,1.3969,0,0,0
-0.5525,-0.2893,0.7644,-5.3893,2.5267,1.2443,0,0,0
-0.5508,-0.3076,0.7666,-6.1145,2.1756,1.0076,0,0,0
-0.5608,-0.3193,0.7673,-4.9237,1.1298,0.8092,0,0,0
-0.5615,-0.321,0.7573,-1.8244,0.0687,0.2137,0,0,0
-0.5608,-0.3135,0.7451,0.3435,-2.1756,-0.2748,0,0,0
-0.551,-0.3115,0.7712,1.2061,-2.3206,-0.0153,0,0,0
-0.54,-0.2991,0.7886,-0.1374,0.0305,0.4046,0,0,0
-0.5496,-0.2893,0.7788,-1.6489,1.3206,-0.4122,0,0,0
-0.5623,-0.2854,0.7769,-3.9542,1.4427,-1.0687,0,0,0
-0.5735,-0.293,0.7686,-5.4427,-0.3511,-1.7023,0,0,0
-0.5715,-0.3179,0.771,-5.6947,-2.4809,-0.7099,0,0,0
-0.5627,-0.3384,0.7732,-4.855,-3.2061,0.458,0,0,0
-0.5618,-0.3337,0.7783,-2.1908,-2.7328,0.6489,0,0,0
-0.5613,-0.3218,0.7827,-0.8092,-1.9695,0.1527,0,0,0
-0.5603,-0.323,0.7883,0.145,-1.2137,-0.0458,0,0,0
-0.5649,-0.3159,0.7881,0.687,-0.7176,-0.8244,0,0,0
-0.5645,-0.321,0.7869,-0.0458,-0.6031,-0.4198,0,0,0
-0.5645,-0.3186,0.7893,-1.6947,-0.5802,-0.145,0,0,0
-0.5669,-0.3201,0.7903,-4.5038,-0.8702,0.4656,0,0,0
-0.5725,-0.335,0.7954,-5.8015,-1.3282,1.7099,0,0,0
-0.5627,-0.3394,0.79,-5.4962,-0.8397,2.4962,0,0,0
-0.5542,-0.333,0.7986,-3.4504,0.1221,1.9695,0,0,0
-0.5625,-0.3259,0.7869,-2.0,1.1832,0.6031,0,0,0
-0.5684,-0.3196,0.7813,-0.3969,1.6107,0.2672,0,0,0
-0.572,-0.3127,0.7742,0.313,1.4733,-0.1298,0,0,0
-0.5757,-0.3115,0.7717,-0.2672,0.3282,-0.4885,0,0,0
-0.5732,-0.3,0.7693,-1.6718,-1.2366,-0.0382,0,0,0
-0.5645,-0.3062,0.7859,-4.2595,-1.2824,0.1374,0,0,0
-0.552,-0.3152,0.7942,-5.542,-0.6336,0.0534,0,0,0
-0.5588,-0.3181,0.8,-5.4962,0.771,0.0534,0,0,0
-0.5681,-0.3245,0.7917,-4.1756,1.2061,0.0611,0,0,0
-0.5718,-0.3308,0.783,-2.1298,0.8244,-0.1298,0,0,0
-0.5669,-0.3318,0.7903,-0.229,1.5191,0.3588,0,0,0
-0.5674,-0.3228,0.783,1.374,1.6031,0.6412,0,0,0
-0.5747,-0.3101,0.7822,0.8931,1.1603,0.4427,0,0,0
-0.5706,-0.304,0.7878,-0.7023,0.3893,-0.0687,0,0,0
-0.5698,-0.3103,0.78,-2.626,0.3435,0.4885,0,0,0
-0.5652,-0.3098,0.7764,-3.7023,0.1908,1.0153,0,0,0
-0.5591,-0.3093,0.7783,-5.2595,-0.1069,-0.0458,0,0,0
-0.5625,-0.3267,0.781,-4.542,0.4962,-0.3359,0,0,0
-0.5576,-0.3269,0.772,-1.9847,1.6565,-0.2748,0,0,0
-0.5623,-0.3218,0.7739,-0.9618,2.2366,-0.458,0,0,0
-0.5667,-0.3184,0.7756,0.2519,2.5878,-0.8473,0,0,0
-0.5662,-0.3252,0.7734,0.9542,2.5344,0.3435,0,0,0
-0.5676,-0.3186,0.7822,1.3511,2.2366,0.7176,0,0,0
-0.5667,-0.3132,0.7786,1.4962,2.6412,0.5038,0,0,0
-0.5681,-0.3105,0.771,0.4275,2.9924,-0.3053,0,0,0
-0.5715,-0.3262,0.7773,-0.1679,2.9847,0.6183,0,0,0
-0.5657,-0.3137,0.7852,-0.7099,3.5573,1.5038,0,0,0
-0.5632,-0.303,0.79,-1.6718,4.458,1.9771,0,0,0
-0.5769,-0.3135,0.7922,-2.4122,4.8779,1.2595,0,0,0
-0.5813,-0.3027,0.7776,-3.1069,3.229,0.2061,0,0,0
-0.5864,-0.3101,0.7751,-4.7939,1.8626,-1.2137,0,0,0
-0.5874,-0.3225,0.7678,-5.7328,0.4351,-1.4733,0,0,0
-0.5725,-0.3374,0.7917,-4.3588,0.6412,-1.0229,0,0,0
-0.5732,-0.333,0.7795,-2.6565,2.0229,0.2901,0,0,0
-0.5706,-0.321,0.7781,-3.2595,3.0305,0.9847,0,0,0
-0.5732,-0.3135,0.7917,-4.6794,4.3893,1.0305,0,0,0
-0.5723,-0.3225,0.7891,-6.4504,5.0687,0.8244,0,0,0
-0.5669,-0.3235,0.7896,-7.5878,5.9313,1.5573,0,0,0
-0.554,-0.3147,0.7949,-8.0229,6.542,1.3206,0,0,0
-0.7083,-0.3291,0.7429,-10.4809,6.0305,0.1679,0,0,0
-0.5942,-0.363,0.7527,-11.2137,5.8855,1.7099,0,0,0
-0.5903,-0.3423,0.7705,-9.7557,7.0305,2.4046,0,0,0
-0.5784,-0.3511,0.7715,-9.5344,8.7405,4.374,0,0,0
-0.6016,-0.3423,0.7546,-8.6489,8.4656,5.1527,0,0,0
-0.6016,-0.3303,0.7402,-8.3588,6.5344,5.5115,0,0,0
-0.6016,-0.3259,0.7422,-10.2443,4.3206,5.7405,0,0,0
-0.5903,-0.3506,0.7603,-11.6412,4.1603,7.2901,0,0,0
-0.5833,-0.342,0.7832,-12.8244,6.2595,9.4656,0,0,0
-0.5811,-0.3274,0.7861,-14.3053,9.2824,9.9237,0,0,0
-0.5901,-0.3313,0.7927,-14.7176,11.9771,8.9084,0,0,0
-0.6008,-0.3357,0.7825,-15.0534,13.3359,8.2366,0,0,0
-0.6135,-0.3457,0.7681,-15.5573,13.855,8.6718,0,0,0
-0.6218,-0.3584,0.761,-15.4198,13.3435,9.3969,0,0,0
-0.6284,-0.3638,0.7688,-15.3511,12.7863,11.2748,0,0,0
-0.6306,-0.3635,0.7598,-14.4809,11.8702,11.7557,0,0,0
-0.6172,-0.3599,0.7751,-13.2137,12.1908,11.9008,0,0,0
-0.6079,-0.3489,0.7798,-11.1908,14.2214,12.1145,0,0,0
-0.6101,-0.3389,0.7778,-8.374,16.916,11.6718,0,0,0
-0.6165,-0.3103,0.7664,-7.3511,19.5878,10.313,0,0,0
-0.6116,-0.311,0.7561,-7.2977,20.9542,8.1145,0,0,0
-0.8787,-0.3848,0.6956,-11.2443,26.5344,5.3206,0,0,0
-0.6064,-0.2983,0.7334,-13.1832,24.626,4.9695,0,0,0
-0.6506,-0.3159,0.731,-14.1145,23.5496,4.0229,0,0,0
-0.6428,-0.3232,0.7183,-13.6947,22.7099,4.3893,0,0,0
-0.6284,-0.3333,0.7263,-12.5649,23.4046,5.5191,0,0,0
-0.668,-0.3391,0.7061,-10.8931,24.9542,5.0763,0,0,0
-0.6409,-0.3235,0.6963,-8.6641,24.4198,3.9618,0,0,0
-0.6655,-0.3342,0.6787,-4.8015,22.5725,2.7939,0,0,0
-0.6489,-0.3286,0.6809,-0.5496,21.2672,2.084,0,0,0
-0.6514,-0.3184,0.6758,3.6107,19.6947,2.3206,0,0,0
-0.6667,-0.3027,0.657,5.6947,17.9389,1.1145,0,0,0
-0.6572,-0.29,0.6614,7.3206,15.9466,-0.2672,0,0,0
-0.6401,-0.2673,0.6631,6.4122,14.7176,-0.7863,0,0,0
-0.6255,-0.2886,0.6599,2.4046,15.1527,-0.8321,0,0,0
-0.6409,-0.3696,0.6375,9.145,17.1145,-3.2137,1,0,0
-0.6816,-0.2493,0.6628,4.6489,16.8626,-4.7023,1,0,0
-0.6702,-0.2922,0.6428,5.2977,12.8855,-5.2672,1,0,0
-0.6726,-0.3123,0.6338,7.0382,9.084,-6.9542,1,0,0
-0.6687,-0.2917,0.6453,7.2748,4.8931,-7.8779,1,0,0
-0.6687,-0.2974,0.636,8.3664,1.0916,-7.4427,1,0,0
-0.6614,-0.2864,0.6379,8.1908,-2.0458,-7.4198,1,0,0
-0.6563,-0.2737,0.6418,8.9847,-3.7405,-7.8626,1,0,0
-0.6526,-0.2793,0.6477,11.9771,-5.5573,-9.1756,1,0,0
-0.6487,-0.2761,0.6577,16.5802,-6.687,-9.7786,1,0,0
-0.6406,-0.2507,0.6536,20.4122,-7.0153,-11.8397,1,0,0
-0.636,-0.2651,0.6665,25.5267,-8.0,-13.7023,1,0,0
-0.6482,-0.2539,0.6587,33.1221,-9.1069,-16.458,1,0,0
-0.6345,-0.2151,0.6682,38.2061,-9.8168,-20.1756,1,0,0
-0.6396,-0.2134,0.6716,42.7099,-9.5267,-25.1145,1,0,0
-0.6455,-0.2148,0.6575,46.1603,-11.0687,-29.0153,1,0,0
-0.6667,-0.2383,0.6235,49.8397,-14.9084,-31.8702,1,0,0
-0.6672,-0.248,0.6379,52.1145,-21.0992,-32.3206,1,0,0
-0.6399,-0.2212,0.6741,47.5954,-24.5038,-28.8321,1,0,0
-0.6111,-0.2229,0.7261,41.3664,-23.2214,-26.1069,1,0,0
-0.5916,-0.2285,0.7498,37.1374,-18.4427,-26.4504,1,0,0
-0.6143,-0.2461,0.7537,34.771,-15.1679,-29.0229,1,0,0
-0.6287,-0.2622,0.7253,33.2977,-16.4275,-31.5114,1,0,0
-0.6428,-0.2969,0.7063,34.3664,-19.5038,-32.7023,1,0,0
-0.6453,-0.3049,0.697,36.3053,-25.5649,-33.3359,1,0,0
-0.6218,-0.3174,0.7444,38.2137,-29.855,-33.4733,1,0,0
-0.5796,-0.2717,0.7839,33.7328,-28.3893,-29.8321,1,0,0
-0.563,-0.2959,0.8171,26.7786,-23.0076,-27.7252,1,0,0
-0.5789,-0.3149,0.8213,21.5802,-18.3206,-26.1756,1,0,0
-0.5833,-0.3271,0.8198,19.1374,-15.8168,-25.2214,1,0,0
-0.5891,-0.3306,0.8086,16.4275,-15.5191,-24.3435,1,0,0
-0.6033,-0.3301,0.7959,13.1069,-16.5267,-23.542,1,0,0
-0.6057,-0.3564,0.8047,10.1756,-19.3359,-22.4962,1,0,0
-0.5808,-0.3545,0.835,6.8473,-18.7939,-18.5649,1,0,0
-0.5569,-0.365,0.8479,1.9389,-14.5954,-14.0992,1,0,0
-0.5767,-0.3809,0.8418,-2.3969,-11.0611,-10.4733,1,0,0
-0.5818,-0.4067,0.8508,-2.687,-9.0153,-7.771,1,0,0
-0.5813,-0.4028,0.8352,0.6412,-7.2977,-6.2672,1,0,0
-0.5776,-0.3838,0.8281,1.9771,-5.6718,-3.3588,1,0,0
-0.5896,-0.3694,0.8328,1.9389,-3.7786,-1.8092,1,0,0
-0.5886,-0.3481,0.8328,0.4046,-2.4885,-1.4962,1,0,0
-0.5857,-0.3247,0.8328,-3.2061,-1.1756,-1.313,1,0,0
-0.5894,-0.3213,0.8103,-7.5267,-1.0534,-1.3511,1,0,0
-0.5933,-0.3281,0.8142,-11.2366,-1.7863,-1.2595,1,0,0
-0.5798,-0.335,0.812,-13.4275,-1.9695,-0.2824,1,0,0
-0.5813,-0.3245,0.8064,-14.4809,-1.3511,0.4809,1,0,0
-0.5767,-0.312,0.8057,-16.1527,-1.0763,0.4733,1,0,0
-0.5723,-0.2944,0.8044,-19.4885,-0.4275,0.6718,1,0,0
-0.5715,-0.292,0.8037,-23.0,-0.5115,-0.7023,1,0,0
-0.5632,-0.312,0.7917,-26.2519,0.1527,-1.1985,1,0,0
-0.5913,-0.3276,0.7695,-27.8473,-1.7634,0.6031,1,0,0
-0.5808,-0.3115,0.7849,-30.8473,-3.4656,1.6718,1,0,0
-0.5652,-0.3274,0.7864,-31.5878,-3.1374,2.2595,1,0,0
-0.5562,-0.3481,0.7944,-28.374,-1.9389,3.4275,1,0,0
-0.5535,-0.3665,0.7927,-22.374,-0.626,5.4275,1,0,0
-0.5337,-0.3679,0.8066,-17.5725,-0.4427,6.9008,1,0,0
-0.562,-0.3584,0.7795,-12.3435,2.0763,9.6412,1,0,0
-0.5598,-0.3713,0.7878,-8.4427,3.1145,12.4962,1,0,0
-0.5679,-0.3186,0.7881,-5.6718,4.9924,12.7328,0,0,0
-0.5581,-0.2969,0.769,-7.2672,5.6718,11.0992,0,0,0
-0.5576,-0.2903,0.7742,-10.4962,5.9771,9.0076,0,0,0
-0.7009,-0.3252,0.7439,-15.6183,7.7176,7.1679,0,0,0
-0.5601,-0.3044,0.7639,-19.5267,6.2748,7.2977,0,0,0
-0.5935,-0.3179,0.7683,-21.6031,7.2748,7.084,0,0,0
-0.5808,-0.3625,0.7717,-19.5954,9.4885,6.9542,0,0,0
-0.5879,-0.3616,0.7783,-16.3969,10.5725,6.8855,0,0,0
-0.5935,-0.3657,0.7646,-11.9618,10.3359,8.7557,0,0,0
-0.6079,-0.3547,0.7681,-8.8015,10.0992,9.7023,0,0,0
-0.6157,-0.3306,0.7507,-8.7863,9.2366,9.7328,0,0,0
-0.6189,-0.3262,0.752,-10.9466,7.3511,10.0992,0,0,0
-0.6184,-0.3354,0.7551,-12.4656,5.1679,9.5191,0,0,0
-0.6033,-0.3398,0.7788,-12.5649,4.8244,8.5344,0,0,0
-0.5974,-0.3157,0.7898,-12.4427,6.855,8.0992,0,0,0
-0.5967,-0.3281,0.7937,-11.9847,9.5115,6.7863,0,0,0
-0.6069,-0.3369,0.7832,-9.4046,12.2672,4.7786,0,0,0
-0.6055,-0.3293,0.7776,-5.4046,14.3282,3.2977,0,0,0
-0.6179,-0.322,0.7637,-2.8244,15.1527,1.4351,0,0,0
-0.6272,-0.3267,0.7478,-1.1679,14.0,1.3435,0,0,0
-0.6238,-0.3284,0.7517,-0.5115,12.8168,2.0611,0,0,0
-0.6277,-0.3176,0.7444,0.7252,12.2519,2.5878,0,0,0
-0.6201,-0.2988,0.7488,-0.1908,11.7023,2.4962,0,0,0
-0.6226,-0.2864,0.7371,-1.5802,11.2672,1.1756,0,0,0
-0.6211,-0.2861,0.7271,-3.313,10.1756,-0.626,0,0,0
-0.6125,-0.2856,0.7205,-5.9695,10.0076,-1.6183,0,0,0
-0.6111,-0.3237,0.7366,-6.5573,10.0687,-2.0687,0,0,0
-0.6086,-0.3369,0.7388,-2.4046,11.1069,-3.1221,0,0,0
-0.614,-0.3186,0.7334,4.1374,12.916,-4.771,0,0,0
-0.6218,-0.2964,0.7275,9.4504,13.0763,-7.6336,0,0,0
-0.6265,-0.2788,0.7073,11.1679,12.3053,-10.6794,0,0,0
-0.6333,-0.2727,0.708,9.5496,10.7786,-12.2519,0,0,0
-0.6206,-0.2788,0.7129,4.9084,9.7863,-12.3664,0,0,0
-0.6111,-0.2998,0.7197,2.1679,9.7252,-12.145,0,0,0
-0.6116,-0.3137,0.7349,2.9466,10.5725,-12.9618,0,0,0
-0.6101,-0.3181,0.7349,5.7557,12.0534,-14.4122,0,0,0
-0.6074,-0.3452,0.739,11.7252,13.5573,-14.5191,0,0,0
-0.616,-0.3416,0.7275,18.8473,15.3893,-15.3664,0,0,0
-0.614,-0.3188,0.7183,25.3893,16.9542,-16.1908,0,0,0
-0.6277,-0.2942,0.7095,29.5191,16.9618,-17.5725,0,0,0
-0.6458,-0.2632,0.6948,29.313,14.9389,-19.1527,0,0,0
-0.6462,-0.2659,0.6816,25.8092,11.8702,-20.6412,0,0,0
-0.6536,-0.2778,0.6873,23.3435,8.0763,-21.4427,0,0,0
-0.6528,-0.2876,0.6802,21.9313,3.8244,-22.2977,0,0,0
-0.6482,-0.2878,0.6904,21.5725,1.3282,-23.2137,0,0,0
-0.626,-0.2908,0.7161,21.1985,1.2214,-24.3969,0,0,0
-0.6177,-0.28,0.729,19.4885,3.4427,-24.6947,0,0,0
-0.6135,-0.3027,0.739,17.145,5.542,-23.1908,0,0,0
-0.6208,-0.2996,0.7322,13.0076,6.6183,-21.5344,0,0,0
-0.6121,-0.3242,0.7373,10.4122,6.8855,-20.5802,0,0,0
-0.6101,-0.3301,0.7488,9.7252,7.1374,-19.9237,0,0,0
-0.6079,-0.3318,0.7449,10.3511,8.8473,-20.2366,0,0,0
-0.6033,-0.3506,0.7502,11.3664,10.5573,-20.5725,0,0,0
-0.6035,-0.3374,0.7598,13.0763,13.5878,-21.7939,0,0,0
-0.593,-0.325,0.7466,13.229,16.0763,-20.9695,0,0,0
-0.8787,-0.5149,0.7295,6.8244,20.1298,-22.6489,0,0,0
-0.5752,-0.3491,0.7202,9.7634,21.5344,-25.0763,0,0,0
-0.6873,-0.4275,0.719,16.3359,18.8855,-25.2214,0,0,0
-0.6296,-0.3821,0.7151,21.1374,21.6794,-21.6794,0,0,0
-0.636,-0.3984,0.6936,23.855,19.0,-15.2748,0,0,0
-0.6768,-0.3865,0.665,23.4504,14.6031,-13.0382,0,0,0
-0.6365,-0.3577,0.6733,20.4198,8.8855,-10.8092,0,0,0
-0.6196,-0.4963,0.6138,20.145,7.5038,-15.5267,0,0,0
-0.6509,-0.3413,0.6858,12.3206,8.0687,-9.6412,0,0,0
-0.6538,-0.3174,0.6631,7.4351,3.9695,-7.9313,0,0,0
-0.644,-0.3735,0.6699,3.9466,0.8931,-6.2595,1,0,0
-0.6482,-0.3472,0.6785,0.3435,-2.4656,-4.8855,1,0,0
-0.627,-0.3491,0.6917,-3.1756,-3.6336,-4.5954,1,0,0
-0.6162,-0.3477,0.7095,-6.3053,-3.5802,-4.3435,1,0,0
-0.6211,-0.3506,0.7139,-9.1985,-2.8397,-3.7481,1,0,0
-0.6216,-0.3625,0.7119,-9.7481,-2.145,-3.4275,1,0,0
-0.6177,-0.3635,0.7109,-10.3359,-1.1908,-2.5573,1,0,0
-0.6223,-0.3667,0.7156,-10.0,-0.4275,-1.2519,1,0,0
-0.6316,-0.3672,0.7109,-9.4046,-0.458,-0.1069,1,0,0
-0.6436,-0.3582,0.7034,-8.2595,-1.5267,0.0763,1,0,0
-0.637,-0.3594,0.7036,-6.7939,-2.4427,-0.3359,1,0,0
-0.6411,-0.3572,0.6829,-5.2672,-3.0076,0.1908,1,0,0
-0.6526,-0.3416,0.6912,-4.9847,-4.6947,0.5878,1,0,0
-0.6611,-0.3284,0.686,-8.0458,-7.5038,1.3664,1,0,0
-0.6389,-0.3096,0.719,-10.1374,-6.9008,0.8244,1,0,0
-0.6299,-0.354,0.7144,-8.7328,-7.9771,2.4656,1,0,0
-0.6316,-0.3562,0.7217,-5.9618,-6.4656,3.0382,1,0,0
-0.6304,-0.3503,0.7334,-2.4809,-4.9466,3.1908,1,0,0
-0.6335,-0.3188,0.7227,-0.5802,-5.6489,2.7863,1,0,0
-0.636,-0.3181,0.7207,-1.6794,-6.229,2.0,1,0,0
-0.6357,-0.3103,0.7285,-3.9771,-7.3664,1.3282,1,0,0
-0.6267,-0.324,0.7317,-6.9237,-7.1832,1.9008,1,0,0
-0.6345,-0.3315,0.7302,-9.5725,-6.8321,0.9008,1,0,0
-0.6313,-0.3613,0.7288,-9.3588,-5.9771,0.8397,1,0,0
-0.6267,-0.3831,0.7305,-5.0229,-5.2672,1.916,1,0,0
-0.6204,-0.3479,0.7324,-1.7328,-3.1298,2.1221,1,0,0
-0.6294,-0.3354,0.7175,-1.5267,-2.7481,2.1221,1,0,0
-0.6526,-0.3259,0.6992,-4.2214,-4.3893,1.313,1,0,0
-0.6284,-0.365,0.7178,-6.6947,-5.7634,3.1679,1,0,0
-0.6123,-0.3792,0.7349,-6.3511,-3.7557,4.1985,1,0,0
-0.6191,-0.3762,0.7173,-5.1527,-1.8855,5.687,1,0,0
-0.6365,-0.3577,0.7043,-6.1145,-2.0,6.1832,1,0,0
-0.6443,-0.3586,0.6912,-8.9084,-4.7939,6.7099,1,0,0
-0.6506,-0.3738,0.676,-12.5802,-8.6794,8.9084,1,0,0
-0.6343,-0.3994,0.6982,-17.9389,-11.8397,14.0611,1,0,0
-0.6282,-0.4092,0.7002,-22.9084,-12.9084,21.6794,1,0,0
-0.6152,-0.448,0.7173,-25.2977,-13.8931,29.0763,1,0,0
-0.6184,-0.4004,0.7229,-25.9466,-13.2824,30.6794,1,0,0
-0.6221,-0.3616,0.7231,-25.1374,-12.8473,27.1145,1,0,0
-0.6208,-0.3552,0.7229,-26.1527,-11.6641,25.4351,1,0,0
-0.6257,-0.3457,0.7231,-29.7328,-10.6031,26.3282,1,0,0
-0.6279,-0.3906,0.7385,-31.4733,-10.1069,28.3511,1,0,0
-0.6267,-0.4026,0.7444,-27.0611,-8.8855,30.1298,1,0,0
-0.6216,-0.3794,0.7437,-21.6183,-6.7939,29.8015,1,0,0
-0.6326,-0.3618,0.7285,-18.3893,-5.7328,29.4427,1,0,0
-0.6326,-0.3518,0.7424,-18.2901,-4.5038,28.3053,0,0,0
-0.6299,-0.3374,0.7361,-18.4656,-2.2366,27.4885,0,0,0
-0.6328,-0.3418,0.739,-18.4198,-1.4885,26.0458,0,0,0
-0.6367,-0.3386,0.7319,-17.313,-0.8779,24.8092,0,0,0
-0.6296,-0.3313,0.7444,-14.5191,0.1908,23.5114,0,0,0
-0.637,-0.311,0.738,-11.1069,1.6718,20.5573,0,0,0
-0.6436,-0.2925,0.7349,-8.6718,2.4275,16.5802,0,0,0
-0.6477,-0.2666,0.7336,-9.3969,4.145,13.4046,0,0,0
-0.6467,-0.2776,0.7324,-10.8473,5.5115,11.0153,0,0,0
-0.6538,-0.2861,0.7344,-9.5267,7.1985,8.9618,0,0,0
-0.6563,-0.28,0.7214,-7.9237,7.7328,7.9847,0,0,0
-0.6692,-0.2678,0.698,-7.2443,7.542,6.8244,0,0,0
-0.6809,-0.27,0.7007,-7.458,5.7023,5.4656,0,0,0
-0.6785,-0.2832,0.7056,-6.4504,3.8092,3.8855,0,0,0
-0.6667,-0.2896,0.709,-3.9084,3.4427,2.8015,0,0,0
-0.6577,-0.2751,0.7146,-2.8702,3.626,2.7557,0,0,0
-0.6501,-0.2744,0.7217,-2.916,4.8015,2.2214,0,0,0
-0.657,-0.2778,0.7156,-3.1756,6.3588,0.458,0,0,0
-0.6592,-0.2759,0.7104,-3.313,7.5725,-0.374,0,0,0
-0.6702,-0.2766,0.7021,-5.2214,6.8321,-1.4198,0,0,0
-0.6667,-0.2976,0.7026,-6.3893,5.1145,-2.0229,0,0,0
-0.6614,-0.3223,0.7026,-4.0153,4.6107,-2.7252,0,0,0
-0.6506,-0.312,0.7017,-0.6031,4.6489,-3.626,0,0,0
-0.6526,-0.3083,0.7007,0.5191,4.8473,-4.2748,0,0,0
-0.6553,-0.3005,0.699,0.4733,4.9389,-4.4122,0,0,0
-0.6616,-0.3032,0.696,-1.1221,5.0916,-4.2366,0,0,0
-0.6614,-0.3027,0.686,-3.6412,4.6412,-4.1985,0,0,0
-0.6594,-0.3174,0.6909,-5.8473,4.6718,-3.9389,0,0,0
-0.6563,-0.3259,0.6904,-6.0534,4.0611,-3.9771,0,0,0
-0.6624,-0.3123,0.6814,-7.4275,3.7405,-4.3969,0,0,0
-0.6687,-0.3308,0.6716,-8.9084,2.8321,-4.2824,0,0,0
-0.6655,-0.3552,0.678,-8.5344,2.0458,-3.3664,0,0,0
-0.6624,-0.3708,0.6799,-7.0076,2.7099,-2.4198,0,0,0
-0.6646,-0.3809,0.6812,-2.6107,3.4275,-1.0763,0,0,0
-0.6621,-0.3555,0.6787,0.7405,3.9618,-0.1374,0,0,0
-0.6731,-0.3408,0.6814,0.6489,3.7481,-0.2137,0,0,0
-0.6807,-0.3384,0.6826,-0.0153,3.2977,-0.6794,0,0,0
-0.6843,-0.3359,0.6853,-2.1679,2.7634,-0.6641,0,0,0
-0.6804,-0.3435,0.6775,-4.542,2.7557,-0.2214,0,0,0
-0.6855,-0.3508,0.6797,-4.8473,2.3359,0.4733,0,0,0
-0.6882,-0.3428,0.6677,-5.3588,0.5878,0.687,0,0,0
-0.678,-0.3564,0.6912,-4.9542,-0.2214,1.6412,0,0,0
-0.6697,-0.3486,0.6875,-4.7099,-0.1832,1.6489,0,0,0
-0.6609,-0.3694,0.7065,-2.5802,0.8626,0.7481,0,0,0
-0.6604,-0.3716,0.717,0.2824,3.4504,0.687,0,0,0
-0.6689,-0.3613,0.7114,1.626,4.771,1.8855,0,0,0
-0.6833,-0.3381,0.698,1.5115,4.5802,2.9008,0,0,0
-0.6846,-0.3315,0.689,-0.2443,3.2977,2.9466,0,0,0
-0.6743,-0.3301,0.6914,-2.0458,3.0382,3.5191,0,0,0
-0.6687,-0.3169,0.6926,-4.3206,3.5344,3.5954,0,0,0
-0.6614,-0.3225,0.7029,-6.458,5.5649,4.0382,0,0,0
-0.6733,-0.3333,0.6973,-7.3359,7.0534,3.5038,0,0,0
-0.6758,-0.3359,0.6873,-7.7634,6.8931,3.6565,0,0,0
-0.6794,-0.3433,0.6855,-7.3359,6.4885,3.7939,0,0,0
-0.6733,-0.3447,0.6892,-6.0305,6.0,4.5725,0,0,0
-0.6648,-0.344,0.697,-5.3817,7.3435,5.1145,0,0,0
-0.6694,-0.3379,0.6812,-3.9695,8.4504,5.458,0,0,0
-0.6814,-0.3174,0.6729,-3.0611,8.1221,5.0382,0,0,0
-0.6736,-0.3037,0.668,-4.0534,6.7939,4.2977,0,0,0
-0.6697,-0.3081,0.6621,-6.0916,6.2061,3.2137,0,0,0
-0.6716,-0.3079,0.6482,-7.1374,5.3893,2.4656,0,0,0
-0.6682,-0.3018,0.6487,-7.0534,4.1221,1.6336,0,0,0
-0.6643,-0.3169,0.637,-6.2595,2.6107,0.542,0,0,0
-0.6609,-0.3054,0.644,-3.1985,1.1527,1.0611,0,0,0
-0.6409,-0.2813,0.6328,-2.0,0.3053,-0.2748,0,0,0
-0.6455,-0.2771,0.6233,-1.0076,-2.0229,-0.3588,0,0,0
-0.6523,-0.2817,0.6204,-1.2901,-4.1221,-1.626,0,0,0
-0.6501,-0.2764,0.6106,-1.4046,-6.7328,-2.458,0,0,0
-0.6458,-0.2727,0.6162,-2.1985,-8.8855,-3.3664,0,0,0
-0.6458,-0.272,0.6077,-2.1145,-11.7481,-4.7405,0,0,0
-0.6636,-0.2827,0.593,-1.3969,-16.1908,-6.1069,0,0,0
-0.6533,-0.2009,0.627,0.4962,-32.8702,-4.1298,0,0,0
-0.6919,-0.2813,0.5554,2.0153,-34.4809,-9.0153,0,0,0
-0.6704,-0.2847,0.5605,5.1527,-41.5878,-11.9618,0,0,0
-0.6628,-0.2769,0.5479,7.2519,-49.5878,-13.4122,0,0,0
-0.627,-0.2632,0.5522,6.1985,-57.7863,-15.2748,0,0,0
-0.665,-0.2988,0.5515,6.2824,-65.2977,-16.2214,0,0,0
-0.6567,-0.321,0.5571,6.8626,-73.7176,-12.7786,0,0,0
-0.625,-0.3408,0.6296,8.8702,-82.2443,-7.4962,0,0,0
-0.6248,-0.4526,0.6216,15.1603,-91.145,-1.7328,0,0,0
-0.5232,-0.2898,0.6646,23.4885,-94.0458,2.4046,0,0,0
-0.5603,-0.363,0.6592,32.5725,-99.3206,3.0,0,0,0
-0.5366,-0.3274,0.6592,35.7634,-104.0382,1.9771,0,0,0
-0.5422,-0.2988,0.6609,37.1756,-108.8779,1.9847,0,0,0
-0.5125,-0.3342,0.6733,36.2519,-112.5344,2.0153,0,0,0
-0.519,-0.3418,0.6968,34.9389,-118.7405,3.6794,0,0,0
-0.4556,-0.3162,0.7776,31.1908,-119.5191,5.2214,0,0,0
-0.4263,-0.2832,0.8254,30.9084,-121.1756,5.6718,0,0,0
-0.4614,-0.3311,0.8455,30.5038,-124.6183,7.1603,0,0,0
-0.4458,-0.3179,0.8279,27.1145,-125.5267,8.5725,0,0,0
-0.449,-0.4858,0.8335,23.0916,-125.1298,9.8626,0,0,0
-0.3723,-0.342,0.8303,26.2519,-126.7252,11.9466,0,0,0
-0.321,-0.3098,0.8679,31.1679,-129.3359,14.7328,0,0,0
-0.3467,-0.2903,0.8401,38.6794,-139.2519,20.0153,0,0,0
-0.3538,-0.2937,0.8413,42.7481,-148.0305,23.3282,0,0,0
-0.25,-0.24,0.8486,41.2366,-150.0992,25.687,0,0,0
-0.1382,-0.1943,0.9319,39.2061,-149.0763,29.0763,0,0,0
-0.1997,-0.2224,0.9729,38.9618,-151.1985,28.4733,0,0,0
-0.2659,-0.3057,0.9868,34.8092,-146.0916,25.313,0,0,0
-0.1121,-0.1521,1.0833,25.5954,-132.4886,20.5649,0,0,0
-0.0767,-0.1216,1.1033,19.7786,-119.7634,15.8931,0,0,0
-0.071,-0.2173,1.1538,18.6489,-107.6718,15.4275,0,0,0
-0.0222,-0.1895,1.2214,19.1145,-88.2214,17.7099,0,0,0
-0.0125,-0.1699,1.2334,20.7252,-67.3893,19.2137,0,0,0
-0.0244,-0.137,1.2334,16.7786,-50.3511,19.1832,0,0,0
0.0132,-0.1216,1.2844,8.8702,-28.9847,16.0687,0,0,0
-0.0188,-0.1155,1.2927,-1.2672,-6.9771,11.3282,0,0,0
-0.0203,-0.0967,1.2864,-10.6031,12.0382,6.5344,0,0,0
-0.0659,-0.1201,1.2388,-18.313,26.1374,2.2366,0,0,0
-0.1047,-0.1479,1.177,-22.0458,32.855,0.0076,0,0,0
-0.1497,-0.1672,1.1169,-22.1221,33.374,-0.3511,0,0,0
-0.1812,-0.1941,1.0869,-19.5344,30.6183,0.8702,0,0,0
-0.2058,-0.2,1.0491,-14.6718,26.6031,2.6565,0,0,0
-0.1985,-0.1997,1.0586,-9.4504,23.6031,4.3282,0,0,0
-0.1975,-0.1743,1.0674,-7.4122,24.5573,5.8092,0,0,0
-0.1704,-0.166,1.0952,-7.2901,29.9695,5.1374,0,0,0
-0.1584,-0.1357,1.105,-7.8321,37.5573,2.9008,0,0,0
-0.1902,-0.1499,1.0762,-10.1145,43.0763,-0.8626,0,0,0
-0.1709,-0.1697,1.0623,-11.9466,45.8321,-3.5802,0,0,0
-0.1897,-0.1865,1.0386,-12.5725,47.4427,-4.7634,0,0,0
-0.2104,-0.2046,1.009,-12.2366,47.2672,-4.8168,0,0,0
-0.2263,-0.219,0.9722,-10.6031,44.7176,-4.9237,0,0,0
-0.2346,-0.238,0.9561,-8.9237,40.3282,-4.6641,0,0,0
-0.2761,-0.2458,0.907,-6.2137,34.9084,-4.3359,0,0,0
-0.2671,-0.2449,0.8904,-3.8015,29.4198,-3.0382,0,0,0
-0.2891,-0.2375,0.8718,-1.9389,23.1298,-1.3282,0,0,0
-0.2722,-0.2185,0.8872,-2.3511,17.8015,-0.3206,0,0,0
-0.269,-0.2173,0.8945,-3.1221,13.8931,0.7176,0,0,0
-0.2563,-0.2183,0.9099,-3.5878,11.5496,1.2672,0,0,0
-0.2546,-0.2056,0.9172,-4.1756,11.6183,1.7023,0,0,0
-0.2493,-0.1985,0.9109,-6.4427,11.1908,1.2748,0,0,0
-0.2549,-0.1917,0.8979,-8.458,9.9618,0.0916,0,0,0
-0.2598,-0.2224,0.8992,-8.8473,6.7939,-0.4962,0,0,0
-0.2634,-0.2373,0.9001,-8.1756,3.4351,-0.7023,0,0,0
-0.2581,-0.2385,0.9089,-5.4122,0.7786,0.0153,0,0,0
-0.2559,-0.2515,0.9153,-0.771,-1.4198,-1.1756,0,0,0
-0.2625,-0.238,0.9219,2.4351,-3.0611,-1.4885,0,0,0
-0.2617,-0.2278,0.9299,3.6336,-4.8779,-0.6794,0,0,0
-0.2664,-0.2158,0.9258,3.4275,-7.2061,0.374,0,0,0
-0.2517,-0.2112,0.9417,1.6336,-9.542,1.1145,0,0,0
-0.2554,-0.2009,0.9578,-0.626,-10.5954,2.0534,0,0,0
-0.2424,-0.2026,0.9739,-2.9466,-10.1832,2.5878,0,0,0
-0.2468,-0.2031,0.9802,-4.6031,-9.4198,2.5649,0,0,0
-0.2351,-0.2134,1.002,-4.8779,-6.8244,2.1603,0,0,0
-0.2412,-0.2151,1.0134,-3.2366,-4.2061,1.9313,0,0,0
-0.2466,-0.2139,0.9978,-1.3969,-1.9618,1.5115,0,0,0
-0.2571,-0.2009,0.9885,0.0229,-1.6336,0.626,0,0,0
-0.262,-0.2029,0.9893,0.6718,-2.1298,-0.4656,0,0,0
-0.2598,-0.2078,0.9895,0.9695,-2.5878,-1.5267,0,0,0
-0.261,-0.2134,0.9939,1.5573,-2.8855,-1.4275,0,0,0
-0.2563,-0.2136,0.9832,1.5725,-3.6107,-1.6641,0,0,0
-0.2625,-0.2178,0.988,0.6794,-3.855,-1.7634,0,0,0
-0.2544,-0.2119,0.9868,-0.5496,-4.2519,-1.542,0,0,0
-0.2471,-0.2271,0.9973,-1.2824,-4.2672,-1.1221,0,0,0
-0.2393,-0.2241,0.9993,-1.7252,-3.5878,-0.771,0,0,0
-0.2419,-0.2214,0.9946,-2.458,-2.8397,-0.626,0,0,0
-0.2439,-0.2229,0.9941,-3.0687,-2.6565,-0.7252,0,0,0
-0.2388,-0.2366,0.989,-1.9618,-2.6031,-0.5496,0,0,0
-0.2446,-0.2349,0.9861,1.458,-2.6565,-0.2366,0,0,0
-0.2498,-0.2205,0.9795,2.6641,-3.6489,-0.4122,0,0,0
-0.2476,-0.2131,0.9697,3.0534,-4.2595,-0.4427,0,0,0
-0.2402,-0.2075,0.9749,3.6031,-4.5038,-0.2977,0,0,0
-0.2449,-0.1992,0.9695,3.084,-4.2672,-0.8015,0,0,0
-0.2473,-0.1956,0.9502,2.9695,-5.1069,-1.4275,0,0,0
-0.2546,-0.1968,0.9485,3.0305,-6.9466,-1.7786,0,0,0
-0.2522,-0.1931,0.9475,3.6565,-9.626,-2.0153,0,0,0
-0.2573,-0.1892,0.9346,4.9771,-13.0611,-2.6412,0,0,0
-0.2192,-0.1277,0.9207,5.1374,-15.3969,-4.3206,0,0,0
-0.2505,-0.1802,0.9075,6.9008,-22.9313,-4.7939,0,0,0
-0.2559,-0.2112,0.8972,8.1679,-28.5649,-6.2519,0,0,0
-0.2742,-0.2383,0.8872,13.5954,-35.4809,-6.5878,0,0,0
-0.2671,-0.2092,0.8704,18.8397,-43.0687,-9.2443,0,0,0
-0.2881,-0.2207,0.8474,23.2137,-52.6641,-11.4351,0,0,0
-0.2341,-0.1421,0.8491,28.5954,-65.0153,-13.0534,0,0,0
-0.2217,-0.1809,0.8462,35.0153,-74.855,-14.7939,0,0,0
-0.217,-0.2244,0.875,41.5878,-83.4275,-15.771,0,0,0
-0.1152,-0.2075,0.9658,46.6412,-84.3588,-10.6641,0,0,0
-0.0955,-0.1702,1.0151,48.1832,-79.7176,-6.5191,0,0,0
-0.0757,-0.1316,1.0278,45.4198,-74.4504,-4.5496,0,0,0
-0.0627,-0.1157,1.0261,37.6718,-68.7786,-5.4351,0,0,0
-0.0483,-0.1013,1.0227,28.6641,-64.4351,-6.6947,0,0,0
-0.0442,-0.1272,1.0317,20.8168,-60.7176,-6.2824,0,0,0
0.0342,-0.0991,1.082,16.084,-53.3359,-3.6412,0,0,0
0.0071,-0.158,1.1113,12.3206,-42.9695,-0.2824,0,0,0
0.0273,-0.1233,1.1221,8.7099,-32.1145,1.5267,0,0,0
0.0229,-0.1331,1.1277,5.4885,-23.5878,2.2824,0,0,0
-0.0007,-0.1218,1.106,1.1221,-16.8321,0.9084,0,0,0
-0.0076,-0.113,1.1028,-1.9084,-12.5267,0.1985,0,0,0
-0.0186,-0.1206,1.0864,-4.1985,-9.313,-0.4351,0,0,0
-0.0225,-0.1243,1.0811,-4.3817,-7.2672,-0.7939,0,0,0
-0.0342,-0.1362,1.083,-2.9313,-6.0153,-1.4962,0,0,0
-0.0437,-0.1348,1.0684,-1.6794,-4.9313,-1.1298,0,0,0
-0.0461,-0.1326,1.0671,-0.2824,-4.2748,-0.7863,0,0,0
-0.0464,-0.1204,1.0667,0.1985,-3.4046,-0.084,0,0,0
-0.0471,-0.1121,1.0654,-0.8015,-2.9084,0.0,0,0,0
-0.0381,-0.1069,1.0642,-1.1603,-1.7786,-0.4351,0,0,0
-0.0381,-0.113,1.0654,-0.7786,-0.5267,-0.7328,0,0,0
-0.0364,-0.1111,1.0474,0.6031,0.7023,-1.374,0,0,0
-0.0327,-0.1128,1.0525,0.7634,1.4962,-2.2443,0,0,0
-0.0232,-0.1182,1.0371,1.4427,1.5115,-2.3511,0,0,0
-0.0264,-0.1162,1.0366,1.2901,1.8473,-1.9466,0,0,0
-0.0308,-0.1042,1.0227,-0.8244,2.3282,-1.6489,0,0,0
-0.0217,-0.1008,1.0266,-2.4198,2.4351,-1.916,0,0,0
-0.0273,-0.1062,1.0195,-3.7634,2.6565,-2.2137,0,0,0
-0.0327,-0.116,1.0222,-3.6336,2.9695,-2.2824,0,0,0
-0.0413,-0.1208,1.0107,-3.3282,2.9008,-1.8931,0,0,0
-0.0378,-0.1228,1.0034,-2.771,3.1603,-1.4351,0,0,0
-0.0413,-0.1204,1.0027,-1.7176,3.0687,-1.3817,0,0,0
-0.0396,-0.1177,0.9944,-1.3282,2.374,-1.8397,0,0,0
-0.0425,-0.1179,0.9978,-1.3969,1.542,-2.5038,0,0,0
-0.0371,-0.1143,0.9944,-1.6718,0.9008,-2.3282,0,0,0
-0.0356,-0.1204,0.9871,-1.8092,-0.0992,-2.6412,0,0,0
-0.033,-0.1277,0.9993,-2.1374,-0.0382,-2.1908,0,0,0
-0.0417,-0.1213,1.002,-3.0763,-0.3282,-1.8473,0,0,0
-0.0439,-0.123,0.9963,-4.2519,-1.1145,-1.6489,0,0,0
-0.0449,-0.1279,0.9988,-3.9008,-1.5191,-1.687,0,0,0
-0.0486,-0.136,0.9976,-3.9313,-2.0,-1.7328,0,0,0
-0.0381,-0.1501,1.0032,-3.3511,-2.8779,-0.9008,0,0,0
-0.0444,-0.1531,1.0051,-0.9847,-3.0763,-0.2366,0,0,0
-0.0371,-0.1436,1.0093,0.542,-3.1145,-0.4122,0,0,0
-0.0417,-0.1343,1.0117,0.3511,-3.3359,-0.0458,0,0,0
-0.0413,-0.1338,1.0186,-0.2214,-2.7634,0.0458,0,0,0
-0.0344,-0.127,1.0178,-0.9542,-2.8702,0.6489,0,0,0
-0.0347,-0.1272,1.0186,-1.8931,-3.1374,0.3893,0,0,0
-0.0334,-0.1294,1.0168,-2.6641,-3.7786,0.6336,0,0,0
-0.0327,-0.126,1.03,-2.7176,-3.7252,0.9313,0,0,0
-0.0376,-0.1194,1.0303,-2.8931,-3.2901,0.7786,0,0,0
-0.0347,-0.1211,1.0264,-3.0611,-3.0382,0.4427,0,0,0
-0.0398,-0.1204,1.0271,-3.313,-2.2901,0.458,0,0,0
-0.0305,-0.126,1.0295,-2.9466,-1.8931,0.0992,0,0,0
-0.0366,-0.1287,1.0381,-1.9313,-1.9389,0.4504,0,0,0
-0.033,-0.1199,1.0271,-0.7023,-2.1145,0.542,0,0,0
-0.0364,-0.1162,1.0193,-0.6565,-2.2366,0.5878,0,0,0
-0.0339,-0.1091,1.0249,-0.8321,-2.9466,0.1832,0,0,0
-0.0322,-0.1165,1.0359,-1.3817,-3.0229,-0.0305,0,0,0
-0.0325,-0.1187,1.0378,-1.0611,-2.6947,0.2519,0,0,0
-0.0337,-0.1113,1.0186,-0.5649,-2.1145,0.626,0,0,0
-0.0347,-0.1167,1.0203,-1.2824,-2.4275,-0.2824,0,0,0
-0.0315,-0.1184,1.0276,-1.7252,-2.7023,-0.626,0,0,0
-0.0259,-0.1201,1.0303,-2.145,-2.6641,0.1679,0,0,0
-0.0276,-0.1289,1.0366,-0.7099,-2.2137,0.6947,0,0,0
-0.0251,-0.106,1.0396,0.1908,-1.4656,0.6947,0,0,0
-0.0273,-0.1018,1.0359,-0.3588,-1.0153,-0.7634,0,0,0
-0.0288,-0.1064,1.0259,-1.0229,-0.6718,-1.6412,0,0,0
-0.0332,-0.1162,1.0291,-2.0687,-0.2061,-2.084,0,0,0
-0.0317,-0.1257,1.0247,-3.1679,-0.0992,-1.3511,0,0,0
-0.0295,-0.1238,1.0308,-3.4122,-0.0687,-0.1908,0,0,0
-0.0227,-0.1189,1.0342,-3.3435,0.2595,0.3359,0,0,0
-0.0227,-0.1106,1.0369,-4.0687,0.5038,-0.313,0,0,0
-0.0264,-0.1208,1.0413,-4.6947,1.3435,-1.2748,0,0,0
-0.0229,-0.1345,1.0352,-5.3817,2.7328,-1.5115,0,0,0
-0.0278,-0.1438,1.0334,-4.7786,4.6031,-0.5725,0,0,0
-0.0212,-0.1365,1.0325,-4.6183,5.8855,-0.0992,0,0,0
-0.0342,-0.1262,1.0317,-5.2443,6.0534,-0.2366,0,0,0
-0.0281,-0.1313,1.0334,-5.8855,6.084,0.0458,0,0,0
-0.0378,-0.1255,1.0374,-6.7099,6.0611,0.4122,0,0,0
-0.0271,-0.1375,1.0503,-7.0153,6.145,0.9695,0,0,0
-0.0247,-0.1367,1.0593,-7.3817,8.313,0.9771,0,0,0
-0.031,-0.137,1.0681,-7.7557,11.0687,0.5496,0,0,0
-0.0454,-0.1313,1.0791,-8.7863,13.8092,0.2901,0,0,0
-0.0476,-0.1445,1.0708,-9.3435,15.1527,0.6489,0,0,0
-0.0469,-0.1533,1.0657,-9.084,16.855,1.3588,0,0,0
-0.0513,-0.1445,1.0703,-8.3664,18.3817,2.0992,0,0,0
-0.0586,-0.1384,1.0681,-7.8015,19.1069,1.7939,0,0,0
-0.0667,-0.1282,1.0513,-9.5191,18.7023,2.0229,0,0,0
-0.072,-0.1316,1.0554,-11.3664,18.771,2.9237,0,0,0
-0.0725,-0.1355,1.0542,-11.626,19.8244,3.0992,0,0,0
-0.0747,-0.1155,1.0532,-12.916,20.1145,2.6641,0,0,0
-0.0652,-0.1304,1.0549,-13.2443,20.6565,0.8015,0,0,0
-0.0718,-0.1367,1.0576,-13.9771,21.313,0.2748,0,0,0
-0.0681,-0.1531,1.0654,-13.084,24.458,0.0916,0,0,0
-0.0684,-0.1411,1.0669,-12.0305,27.5114,0.3893,0,0,0
-0.0801,-0.1423,1.0605,-11.2595,29.6107,-0.3893,0,0,0
-0.1055,-0.1562,1.0393,-10.8244,29.1298,-0.7023,0,0,0
-0.115,-0.1343,1.0376,-9.1603,27.8397,-0.5573,0,0,0
-0.1309,-0.1284,1.033,-8.4198,25.9237,-0.4427,0,0,0
-0.1318,-0.116,1.0288,-7.9695,23.5878,-1.3817,0,0,0
-0.1318,-0.1052,1.0405,-8.3969,22.3664,-1.8321,0,0,0
-0.1377,-0.094,1.0479,-8.6412,22.3282,-2.6947,0,0,0
-0.1282,-0.0969,1.061,-7.5725,22.8779,-4.7176,0,0,0
-0.1433,-0.0933,1.0527,-6.3817,24.0687,-7.5649,0,0,0
-0.1375,-0.115,1.0583,-5.0992,25.9847,-10.4885,0,0,0
-0.1499,-0.1431,1.0703,-2.458,28.9924,-11.5038,0,0,0
-0.1729,-0.1409,1.0544,0.0229,31.8244,-11.771,0,0,0
-0.1851,-0.1331,1.0427,0.6489,33.1374,-12.1069,0,0,0
-0.2061,-0.1343,1.03,-0.6336,33.3588,-12.6718,0,0,0
-0.2231,-0.1421,1.0168,-2.3817,31.8397,-12.9847,0,0,0
-0.2273,-0.1689,1.0195,-2.9237,29.2366,-12.2901,0,0,0
-0.2288,-0.1855,1.0291,-2.7405,27.5802,-10.9466,0,0,0
-0.2227,-0.2051,1.033,-2.4198,26.0534,-8.855,0,0,0
-0.2214,-0.2168,1.0237,-2.1221,25.8626,-7.4885,0,0,0
-0.231,-0.2368,1.0198,-3.145,25.5573,-4.5573,0,0,0
-0.2515,-0.2375,1.0134,-3.0916,25.2061,-1.4351,0,0,0
-0.2646,-0.24,1.0051,-4.3359,24.4885,2.7176,0,0,0
-0.2739,-0.2295,1.0039,-4.8397,23.542,7.3511,0,0,0
-0.2798,-0.2158,0.98,-6.9542,25.8779,11.374,0,0,0
-0.3049,-0.1946,0.9543,-10.3817,27.7786,13.6641,0,0,0
-0.3115,-0.1572,0.9167,-15.0076,30.8626,15.5954,0,0,0
-0.3308,-0.1208,0.8784,-20.7786,33.3893,17.1145,0,0,0
-0.356,-0.1143,0.8418,-26.458,34.6412,17.8779,0,0,0
-0.3245,-0.123,0.8306,-28.8626,33.2977,16.1756,0,0,0
-0.2839,-0.1741,0.8354,-24.1603,29.7557,12.8931,0,0,0
-0.2668,-0.1943,0.8335,-16.0076,26.5344,9.9389,0,0,0
-0.2075,-0.1919,0.8679,-6.0229,19.1145,8.5878,0,0,0
-0.1665,-0.2043,0.9001,4.313,13.4809,6.2061,0,0,0
-0.1709,-0.2124,0.9255,12.8168,8.1374,6.6794,0,0,0
-0.1531,-0.207,0.9443,16.8397,6.6947,7.0382,0,0,0
-0.1785,-0.2183,0.9475,15.6031,8.3893,6.5573,0,0,0
-0.1545,-0.186,0.9207,12.9313,11.1374,5.8397,0,0,0
-0.1699,-0.1948,0.9077,11.0611,14.8168,5.9618,0,0,0
-0.1992,-0.1987,0.886,9.0382,18.3893,6.3206,0,0,0
-0.2341,-0.1814,0.8457,7.0992,19.9771,7.5954,0,0,0
-0.2534,-0.1099,0.8159,2.7099,19.4046,8.8473,0,0,0
-0.303,-0.1353,0.8013,-1.1985,15.7557,10.855,0,0,0
-0.3003,-0.1123,0.7754,-3.1832,11.4733,11.2443,0,0,0
-0.3176,-0.0908,0.7756,-6.4122,5.7786,10.4351,0,0,0
-0.3281,-0.1465,0.79,-5.5954,0.0992,9.6031,0,0,0
-0.2893,-0.1885,0.8374,2.6107,-4.7328,9.2443,0,0,0
-0.2625,-0.207,0.8667,16.084,-8.2443,7.5725,0,0,0
-0.2627,-0.1936,0.9004,27.8855,-12.4885,7.4351,0,0,0
-0.239,-0.1655,0.925,36.8779,-16.8855,7.6718,0,0,0
-0.2454,-0.1267,0.9453,41.4504,-20.8855,7.8397,0,0,0
-0.2393,-0.1174,0.959,41.229,-22.4885,8.0916,0,0,0
-0.2495,-0.1309,0.969,39.8092,-22.6336,8.916,0,0,0
-0.2505,-0.1079,0.9778,39.0992,-22.0,9.5344,0,0,0
-0.2673,-0.071,0.968,38.7481,-21.4504,10.5496,0,0,0
-0.2798,-0.0442,0.9692,38.0229,-21.8855,10.6489,0,0,0
-0.2773,-0.0217,0.9832,37.2061,-21.8779,9.1221,0,0,0
-0.2798,-0.0066,0.9951,35.3588,-22.5496,7.6947,0,0,0
-0.2759,0.0054,0.999,31.7557,-23.2977,7.0153,0,0,0
-0.2695,0.0073,1.0015,27.7099,-22.9389,6.0611,0,0,0
-0.2512,0.0168,1.0266,24.9695,-22.0458,6.4427,0,0,0
-0.2395,0.0103,1.0259,23.7557,-18.8779,4.0763,0,0,0
-0.2471,-0.0298,1.0156,25.5954,-15.7176,2.8855,0,0,0
-0.2383,-0.0198,1.0195,27.374,-13.1985,1.4275,0,0,0
-0.2444,-0.0024,1.0085,26.7481,-12.9542,0.8397,0,0,0
-0.2141,-0.0471,1.0237,27.2901,-13.4351,-0.0458,0,0,0
-0.2029,-0.0356,1.0444,26.542,-14.3053,0.8702,0,0,0
-0.1873,-0.0457,1.0544,24.4885,-14.3969,1.4351,0,0,0
-0.1689,-0.0479,1.0632,21.1298,-14.4275,2.2672,0,0,0
-0.1855,-0.0339,1.0771,18.6947,-13.9008,2.7786,0,0,0
-0.1768,-0.0237,1.0732,15.9389,-13.626,3.1298,0,0,0
-0.1853,-0.0171,1.0757,13.3664,-13.7481,2.8626,0,0,0
-0.1833,-0.0259,1.0767,12.084,-13.0992,1.9618,0,0,0
-0.1626,-0.0413,1.0955,12.3588,-11.0305,0.687,0,0,0
-0.1533,-0.0493,1.1091,13.7099,-6.6947,0.1603,0,0,0
-0.1521,-0.0378,1.1086,14.2137,-3.3282,-0.7099,0,0,0
-0.1633,-0.0212,1.085,12.5267,0.0153,-1.5878,0,0,0
-0.1758,-0.0144,1.0769,9.7557,2.0687,-2.542,0,0,0
-0.1772,-0.0046,1.0564,6.5573,2.5267,-2.2061,0,0,0
-0.1917,-0.0144,1.0244,2.9237,4.0076,-2.1603,0,0,0
-0.2004,-0.0193,1.0217,2.229,4.6336,-2.0458,0,0,0
-0.2117,-0.0176,1.0105,2.7176,5.3664,-2.4733,0,0,0
-0.2292,-0.0149,0.9861,2.9466,6.1985,-2.9618,0,0,0
-0.2456,-0.0132,0.9714,3.8779,5.6794,-3.313,0,0,0
-0.2456,-0.0239,0.9646,7.7176,4.1527,-4.855,0,0,0
-0.2554,-0.0137,0.9507,10.7557,2.4885,-5.8473,0,0,0
-0.2441,-0.0249,0.947,15.4656,1.8015,-6.6412,0,0,0
-0.2561,-0.0364,0.9514,19.9084,1.7099,-6.6107,0,0,0
-0.252,-0.0117,0.9539,22.626,2.7099,-6.687,0,0,0
-0.2588,0.0007,0.9556,23.0458,3.8702,-7.687,0,0,0
-0.2644,0.0098,0.9531,21.4809,4.5038,-7.9313,0,0,0
-0.2588,0.0498,0.9409,19.1374,4.1069,-8.2977,0,0,0
-0.262,0.0186,0.946,15.2901,4.5344,-7.9008,0,0,0
-0.2427,-0.0015,0.9692,18.6031,5.8321,-6.4198,0,0,0
-0.2219,-0.0103,0.988,25.4427,8.2214,-5.8702,0,0,0
-0.2288,0.0029,1.0015,28.8092,11.9771,-4.1908,0,0,0
-0.0894,0.1726,1.0327,26.6641,18.9008,-3.6794,0,0,0
-0.199,0.1189,1.0315,22.0458,19.3053,-2.8626,0,0,0
-0.1973,0.0264,1.063,16.1374,26.8168,-0.6107,0,0,0
-0.1643,0.0359,1.1111,15.3053,32.8779,4.8321,0,0,0
-0.1741,0.0056,1.0969,11.8168,41.5725,8.6641,0,0,0
-0.1746,-0.0098,1.114,9.0611,48.2443,13.6336,0,0,0
-0.2178,-0.0225,1.0964,3.8244,51.5191,17.6031,0,0,0
-0.2556,-0.0535,1.0833,-0.0687,51.8931,24.1832,0,0,0
-0.2148,0.0098,1.0715,0.0153,51.3206,24.7557,0,0,0
-0.3125,-0.0359,1.0491,-1.3435,44.7481,28.0763,0,0,0
-0.2498,0.0317,1.0833,1.7863,43.2061,31.4198,0,0,0
-0.2576,0.0803,1.0718,2.084,44.0534,36.9389,0,0,0
-0.2896,0.1067,1.0557,-1.458,45.0763,41.3511,0,0,0
-0.2905,0.1021,1.0344,-5.084,45.374,39.6107,0,0,0
-0.3042,0.1221,1.0298,-7.9847,44.6107,37.0153,0,0,0
-0.3291,0.0715,1.0105,-8.3817,45.7557,35.1832,0,0,0
-0.3198,0.0205,1.0308,-5.3206,47.0458,34.916,0,0,0
-0.3384,0.0808,0.9775,-6.0763,49.9924,37.0534,0,0,0
-0.3879,0.093,0.9165,-9.7252,48.4122,37.7328,0,0,0
-0.3984,0.1001,0.9036,-15.0687,42.0153,38.7099,0,0,0
-0.4226,0.1123,0.8821,-17.0076,35.5115,39.7252,0,0,0
-0.4048,0.0828,0.8833,-18.145,30.8244,40.7405,0,0,0
-0.4055,0.0637,0.8792,-17.0992,28.4198,44.4275,0,0,0
-0.4099,0.0935,0.8799,-15.5725,25.6794,45.5115,0,0,0
-0.4194,0.1301,0.8594,-14.7405,22.7786,44.0687,0,0,0
-0.4404,0.1353,0.8513,-13.1145,17.8626,38.5191,0,0,0
-0.4558,0.1528,0.8274,-9.0,13.4122,31.7405,0,0,0
-0.4436,0.1379,0.8362,-5.7634,8.5954,27.2595,0,0,0
-0.4414,0.1418,0.8418,-1.4275,4.9695,25.855,0,0,0
-0.4426,0.1377,0.8308,2.9466,1.1603,23.1221,0,0,0
-0.4551,0.1465,0.8267,8.2901,-3.9466,17.2366,0,0,0
-0.4675,0.1448,0.8132,14.9084,-10.4046,9.1908,0,0,0
-0.4771,0.1497,0.8013,19.4733,-19.2901,3.771,0,0,0
-0.4431,0.1345,0.8445,22.5649,-28.4733,-0.1145,0,0,0
-0.4207,0.1255,0.8809,24.9618,-34.0229,-2.6794,0,0,0
-0.3994,0.1477,0.8926,24.8092,-37.2214,-3.8321,0,0,0
-0.3706,0.1455,0.9167,21.9313,-39.2137,-5.8244,0,0,0
-0.3174,0.1143,0.9912,19.7023,-37.3282,-8.4656,0,0,0
-0.3064,0.0974,1.0308,18.7252,-29.0153,-5.4275,0,0,0
-0.2998,0.1128,1.0132,17.8779,-22.2214,-2.5954,0,0,0
-0.3262,0.1443,0.9771,14.5038,-19.3664,-1.1527,0,0,0
-0.3425,0.1814,0.9451,11.2366,-20.3435,-4.4046,0,0,0
-0.3447,0.1614,0.9282,11.5802,-23.855,-9.3664,0,0,0
-0.3489,0.1555,0.9233,14.3817,-29.0992,-12.4809,0,0,0
-0.3311,0.1599,0.9172,18.1145,-34.0458,-13.0992,0,0,0
-0.3232,0.1497,0.9351,23.1069,-38.5344,-14.0458,0,0,0
-0.2842,0.1785,0.9678,24.3588,-37.7405,-14.084,0,0,0
-0.2488,0.1943,1.0159,19.3588,-32.3588,-12.8702,0,0,0
-0.2676,0.1865,1.0151,13.0534,-26.6107,-12.916,0,0,0
-0.2798,0.1582,0.9988,8.5038,-23.2748,-12.1145,0,0,0
-0.2854,0.1309,0.9922,6.8779,-20.4275,-11.3282,0,0,0
-0.2871,0.0945,0.991,10.0534,-17.4198,-8.9695,0,0,0
-0.3149,0.1155,0.9434,14.4504,-15.9466,-8.1298,0,0,0
-0.3123,0.1162,0.9417,16.3282,-16.9924,-6.458,0,0,0
-0.3306,0.1506,0.9375,16.0611,-17.8397,-5.4351,0,0,0
-0.3369,0.1248,0.9392,15.4198,-19.9084,-4.9389,0,0,0
-0.3188,0.1213,0.958,17.3511,-21.0382,-4.2977,0,0,0
-0.2969,0.1191,0.9683,19.1603,-19.1145,-3.7939,0,0,0
-0.3042,0.1699,0.9668,18.0992,-17.2137,-4.2672,0,0,0
-0.3,0.1746,0.9695,13.6947,-15.7786,-4.3435,0,0,0
-0.3308,0.1719,0.9458,12.3359,-16.3435,-5.3893,0,0,0
-0.324,0.1777,0.9509,12.6794,-17.6489,-7.7099,0,0,0
-0.2864,0.1682,0.9512,14.8015,-18.3893,-9.9237,0,0,0
-0.2896,0.1921,0.9424,18.8168,-18.7328,-10.6412,0,0,0
-0.3069,0.1833,0.9287,20.3817,-20.313,-11.4351,0,0,0
-0.2908,0.2,0.9382,20.2748,-21.3435,-9.7252,0,0,0
-0.2727,0.2026,0.9587,20.1756,-21.1908,-9.7099,0,0,0
-0.252,0.2527,0.9758,18.084,-20.9313,-10.1756,0,0,0
-0.2957,0.2419,0.9409,14.7328,-19.9847,-15.0534,0,0,0
-0.2485,0.2126,0.9705,12.3511,-20.0458,-15.8397,0,0,0
-0.2449,0.2136,0.9626,15.0458,-20.084,-16.6641,0,0,0
-0.2751,0.2107,0.9468,18.9466,-20.7099,-14.2824,0,0,0
-0.2688,0.2354,0.9331,23.9237,-24.1527,-13.6947,0,0,0
-0.252,0.2581,0.9434,30.0534,-27.6718,-15.2366,0,0,0
-0.156,0.2717,0.9924,35.8779,-25.2977,-17.7176,0,0,0
-0.1987,0.3103,1.002,39.5878,-26.9237,-19.1374,0,0,0
-0.1785,0.302,1.0125,39.6489,-23.7099,-22.5954,0,0,0
-0.1577,0.3333,1.0222,41.1221,-19.3893,-28.1679,0,0,0
-0.1755,0.3018,1.0215,41.5344,-16.8397,-31.0305,0,0,0
-0.2048,0.282,1.0039,42.6031,-14.8168,-30.5725,0,0,0
-0.208,0.2979,0.9858,43.0458,-14.1374,-29.0458,0,0,0
-0.2598,0.3062,0.9475,38.8931,-14.6107,-27.9695,0,0,0
-0.2239,0.3564,0.9509,32.7328,-17.2977,-27.8779,0,0,0
-0.2498,0.3442,0.9292,27.4198,-20.8168,-27.2901,0,0,0
-0.2502,0.324,0.9346,26.7252,-23.5191,-27.8779,0,0,0
-0.2358,0.3076,0.9485,28.0076,-24.0229,-28.9313,0,0,0
-0.2014,0.2996,0.9634,27.3359,-21.6031,-25.5649,0,0,0
-0.1726,0.3215,0.9736,24.2672,-16.8244,-20.9695,0,0,0
0.1272,0.5217,1.0249,21.5954,-12.0687,-16.1145,0,0,0
-0.2141,0.3701,0.9746,14.5344,-9.7786,-20.1221,0,0,0
-0.1626,0.3115,0.9907,11.2672,-7.6641,-21.8244,0,0,0
-0.2493,0.2715,0.9612,11.8855,-8.4885,-23.5573,0,0,0
-0.1868,0.238,0.9756,16.8015,-8.9389,-21.6641,0,0,0
-0.1726,0.2759,0.9768,20.9771,-8.9237,-17.0382,0,0,0
-0.1873,0.2732,0.9766,23.8015,-9.6489,-14.1374,0,0,0
-0.1853,0.3157,0.9871,22.9542,-11.1832,-10.7328,0,0,0
0.0776,0.5623,1.0537,13.9695,-2.6336,-7.458,0,0,0
-0.1628,0.3889,1.0066,10.8626,-9.1145,-8.0305,0,0,0
-0.1638,0.2854,1.022,9.2748,-7.8931,-7.6336,0,0,0
-0.1514,0.3071,1.0256,11.0305,-7.5725,-6.6031,0,0,0
-0.1675,0.2883,1.0159,12.7557,-7.1832,-4.8397,0,0,0
-0.1208,0.3215,1.0168,12.0534,-5.4504,0.8015,0,0,0
-0.168,0.3113,1.0056,10.4275,-3.6718,4.8244,0,0,0
-0.1646,0.3357,1.0083,8.9084,-3.9313,7.4198,0,0,0
-0.2095,0.3235,1.0051,8.4656,-4.0382,9.0153,0,0,0
-0.2036,0.3486,1.0005,7.4962,-4.3359,10.1832,0,0,0
-0.1917,0.3577,1.0229,6.6412,-3.4351,11.4656,0,0,0
-0.1858,0.3789,1.0342,5.3359,0.0458,10.6183,0,0,0
-0.2717,0.3281,1.0137,4.5115,1.4275,9.9389,0,0,0
-0.272,0.4763,0.9167,-1.9237,6.8015,12.771,0,0,0
-0.1699,0.4502,0.9836,-8.6565,14.6336,5.5191,0,0,0
-0.2708,0.311,0.915,-14.2824,13.4733,11.5115,0,0,0
-0.1516,0.3818,0.9146,-13.3893,14.3664,10.2137,0,0,0
-0.2319,0.3262,0.8728,-10.0305,12.229,11.0534,0,0,0
-0.1379,0.363,0.906,-9.3435,8.8244,12.145,0,0,0
-0.1851,0.3125,0.9253,-7.229,7.2824,7.2366,0,0,0
-0.1692,0.2688,0.9497,-1.4198,5.3359,10.3817,0,0,0
-0.1169,0.2732,1.0078,1.1679,7.9847,15.2977,0,0,0
-0.1143,0.3254,1.0125,-0.9084,13.4275,22.2748,0,0,0
-0.0952,0.2991,0.9802,-8.5878,21.8397,22.6489,0,0,0
-0.2075,0.4683,0.9465,-22.5878,15.374,32.9771,0,0,0
-0.2161,0.4634,0.9478,-44.1832,6.7328,45.0611,0,0,0
-0.1904,0.3862,0.9343,-59.5802,-0.4962,49.8092,0,0,0
-0.3435,0.3313,0.9595,-60.3511,-34.7863,68.313,0,0,0
-0.2229,0.2546,0.9053,-65.5725,-28.9695,76.9847,0,0,0
-0.1721,0.2993,0.9514,-70.1908,-36.626,87.9084,0,0,0
-0.0276,0.5474,1.0251,-73.0992,-39.7176,88.6641,0,0,0
-0.0144,0.4333,1.0579,-66.0687,-27.9618,78.3435,0,0,0
-0.0002,0.3396,1.1062,-52.6794,-10.8702,66.7405,0,0,0
-0.0557,0.3774,1.0798,-37.8244,7.3435,45.8473,0,0,0
-0.092,0.3848,1.0322,-22.4275,19.0992,25.2748,0,0,0
-0.1392,0.407,0.9871,-14.4885,27.855,10.4275,0,0,0
-0.1909,0.4126,0.9578,-12.4656,28.4198,2.7328,0,0,0
-0.2212,0.4558,0.9092,-21.7557,25.0534,0.2061,0,0,0
-0.238,0.4583,0.8801,-38.8779,16.5725,-2.2366,0,0,0
-0.2139,0.4597,0.8711,-58.7557,7.8931,-4.3435,0,0,0
-0.1926,0.22,0.8809,-73.8855,2.0534,-6.5496,0,0,0
-0.21,0.1318,0.8909,-68.145,-3.3893,-4.626,0,0,0
-0.1819,0.1223,0.9019,-54.7786,-7.3435,-1.0611,0,0,0
-0.2051,0.1133,0.9138,-37.8244,-12.5267,2.6641,0,0,0
-0.2002,0.2427,0.9089,-29.0763,-19.2214,3.626,0,0,0
-0.2346,0.3059,0.9087,-30.2672,-29.1908,0.8626,0,0,0
-0.1982,0.3601,0.9497,-37.5267,-37.4122,-11.3893,0,0,0
-0.1545,0.241,0.9695,-47.0305,-38.3435,-22.0382,0,0,0
-0.1155,0.0356,1.0193,-40.8168,-37.7099,-23.2519,0,0,0
-0.0247,-0.0864,1.0984,-23.4656,-28.8244,-19.8855,0,0,0
-0.0396,-0.0093,1.1179,-1.9618,-16.2824,-13.1603,0,0,0
-0.0764,0.054,1.0732,10.1985,-5.2443,-10.6947,0,0,0
-0.1387,0.1702,1.0171,9.0382,-1.6718,-8.6489,0,0,0
-0.1572,0.2605,1.0103,-2.626,-4.2672,-10.1985,0,0,0
-0.1709,0.3198,0.9951,-18.1069,-8.4809,-13.145,0,0,0
-0.1516,0.2839,1.0007,-31.0305,-12.1069,-17.2595,0,0,0
-0.1572,0.2083,1.0046,-36.8015,-13.9618,-20.1908,0,0,0
-0.1323,0.1572,1.0088,-35.1145,-15.6565,-23.0076,0,0,0
-0.0964,0.0859,1.0029,-30.0,-14.5725,-25.8092,0,0,0
-0.1125,0.0188,1.0464,-18.6794,-14.0916,-25.3969,0,0,0
-0.0605,0.0618,1.0798,-8.8015,-6.2977,-23.4427,0,0,0
-0.0681,0.1155,1.0713,-5.7786,3.7099,-20.4351,0,0,0
-0.084,0.1309,1.0469,-7.6641,9.5878,-19.0992,0,0,0
-0.0754,0.0793,1.051,-7.5267,13.084,-19.6489,0,0,0
-0.063,0.0037,1.0615,2.1832,17.1374,-21.2748,0,0,0
-0.0627,-0.0613,1.0752,21.3969,22.0229,-20.0076,0,0,0
-0.0471,-0.1018,1.0793,45.6489,30.1832,-18.0687,0,0,0
-0.0632,-0.0588,1.0581,65.5725,35.7405,-12.8473,0,0,0
-0.0745,0.0688,1.0181,72.1221,38.3893,-10.6183,0,0,0
-0.0605,0.0913,1.0066,66.6412,38.1832,-7.4962,0,0,0
-0.1084,0.1169,1.0122,60.458,38.3588,-4.5954,0,0,0
-0.1013,0.1265,1.0251,55.8092,40.5496,-3.9618,0,0,0
-0.1641,0.1602,0.9819,50.2824,42.5344,-2.5115,0,0,0
-0.1602,0.1707,0.9651,46.6947,40.5191,-1.0382,0,0,0
-0.2332,0.2246,0.9385,42.4733,37.4504,1.542,0,0,0
-0.2598,0.2187,0.9092,38.0229,32.1832,4.4122,0,0,0
-0.2451,0.251,0.9097,34.0305,28.7176,5.7405,0,0,0
-0.2644,0.3398,0.8875,27.2214,25.374,4.3511,0,0,0
-0.2859,0.283,0.8909,20.4733,19.5954,4.1221,0,0,0
-0.2627,0.3289,0.9121,16.8702,17.5802,3.4275,0,0,0
-0.2856,0.3279,0.9009,12.9237,15.5344,5.1603,0,0,0
-0.2319,0.2642,0.8987,13.8321,13.7481,-0.3359,0,0,0
-0.2319,0.3362,0.958,9.8855,9.6336,-2.313,0,0,0
-0.2163,0.2661,0.9763,13.5802,10.0153,0.7786,0,0,0
-0.3137,0.2568,0.9529,16.8931,8.5267,2.9313,0,0,0
-0.2095,0.2942,0.9536,18.9847,6.0916,1.4962,0,0,0
-0.2263,0.3303,0.9568,16.3053,10.2748,0.145,0,0,0
-0.2339,0.3862,0.9507,11.2824,8.2824,-1.4656,0,0,0
-0.2202,0.3787,0.9385,5.8168,7.6412,-1.687,0,0,0
-0.2004,0.3718,0.9495,1.5038,7.5649,-1.3359,0,0,0
-0.1965,0.3262,0.9546,0.4656,8.7557,-2.7023,0,0,0
-0.2202,0.3152,0.938,3.5725,10.9237,-4.2824,0,0,0
-0.2405,0.3242,0.9119,5.458,10.6489,-2.9924,0,0,0
-0.2424,0.2952,0.9058,8.145,8.1221,-3.1374,0,0,0
-0.2393,0.3057,0.9097,9.5115,5.8168,-3.4962,0,0,0
-0.2642,0.3022,0.9031,7.3969,0.9771,-1.374,0,0,0
-0.2644,0.3057,0.9033,2.0,-4.4046,2.0305,0,0,0
-0.0955,0.3562,0.9272,-2.3053,-6.0992,1.8397,0,0,0
-0.2666,0.2661,0.9131,-6.2672,-5.3588,-0.7481,0,0,0
-0.2144,0.2158,0.938,-3.542,-3.4656,0.458,0,0,0
-0.1982,0.2229,0.9412,2.8855,-1.4733,1.5038,0,0,0
-0.1543,0.2185,0.9365,5.4122,-0.5878,-2.7023,0,0,0
-0.2466,0.2842,0.948,-3.7786,-11.1908,3.0076,0,0,0
-0.2371,0.3652,0.9412,-13.2366,-14.7481,0.458,0,0,0
-0.2256,0.2957,0.9636,-20.3359,-14.2672,-2.4809,0,0,0
-0.1692,0.2493,0.9978,-15.4885,-9.2595,-4.2366,0,0,0
-0.1599,0.241,1.0073,-5.8397,-0.7405,-4.3893,0,0,0
-0.4854,0.2153,0.9795,-0.9924,3.5267,-5.0229,0,0,0
-0.2068,0.2852,0.9817,-0.084,-2.0611,-3.3053,0,0,0
-0.2349,0.3115,0.9856,-4.4046,-1.9618,-4.4198,0,0,0
-0.1787,0.2866,1.0095,-6.3588,-1.8321,-4.0763,0,0,0
-0.2197,0.187,1.0242,-1.1832,-2.9695,-2.9924,0,0,0
-0.188,0.2358,1.0393,4.7939,0.5725,1.5649,0,0,0
-0.1458,0.335,1.0151,3.1221,5.1603,3.0153,0,0,0
-0.2058,0.3188,0.9485,-2.374,13.5878,-0.626,0,0,0
-0.2529,0.3298,0.9268,-6.6412,10.6412,-3.6336,0,0,0
-0.2576,0.3035,0.9387,-8.6489,5.0153,-3.7557,0,0,0
-0.25,0.2505,0.9434,-4.1374,2.2901,-3.0382,0,0,0
-0.2322,0.2422,0.9678,2.8931,0.3664,-1.7328,0,0,0
-0.2532,0.2466,0.9783,7.8931,-0.5267,0.9313,0,0,0
-0.2427,0.2878,0.981,8.3588,0.7557,3.6947,0,0,0
-0.2366,0.3201,0.9722,2.687,2.5496,4.6947,0,0,0
-0.2625,0.3154,0.9705,-1.9924,1.6718,4.8855,0,0,0
-0.2083,0.2859,0.9761,-0.1908,5.0534,3.5115,0,0,0
-0.2361,0.2744,0.9761,4.4962,7.3435,2.9466,0,0,0
-0.2512,0.2954,0.9495,8.2519,7.1145,2.7405,0,0,0
-0.2415,0.324,0.9426,7.1298,6.6565,1.4122,0,0,0
-0.2368,0.3145,0.9253,3.3969,5.916,0.3664,0,0,0
-0.2341,0.3105,0.9155,1.2443,5.2061,-0.2214,0,0,0
-0.2236,0.2791,0.9402,0.9008,4.1985,0.3893,0,0,0
-0.248,0.2861,0.9355,3.1374,1.5573,1.687,0,0,0
-0.2385,0.3132,0.9436,3.9771,0.5573,2.5191,0,0,0
-0.2292,0.3301,0.9448,2.3435,0.4656,2.2977,0,0,0
-0.2373,0.3511,0.9341,-1.0458,2.1603,1.2824,0,0,0
-0.2361,0.3389,0.928,-3.2824,3.1069,0.0992,0,0,0
-0.2488,0.3062,0.9409,-1.916,3.1374,-0.1832,0,0,0
-0.2271,0.282,0.905,-0.3817,6.8168,-0.7328,0,0,0
-0.1501,0.3862,0.9099,-1.4122,0.8397,1.6947,0,0,0
-0.4023,0.3511,0.8933,-2.1298,-3.0458,-2.7634,0,0,0
-0.1519,0.3306,0.946,-1.8931,-1.6336,-1.8015,0,0,0
-0.231,0.2798,0.9395,0.3588,-1.4962,-2.0229,0,0,0
-0.1877,0.3203,0.9482,0.9924,1.8321,-1.9847,0,0,0
-0.2126,0.3098,0.9297,0.6718,4.1679,-2.7405,0,0,0
-0.2368,0.3394,0.9333,0.0,2.9695,-1.9695,0,0,0
-0.2563,0.3333,0.9341,-1.2748,0.8092,-2.6794,0,0,0
-0.2725,0.3164,0.9275,-1.8931,-0.7481,-1.7939,0,0,0
-0.2456,0.3093,0.9287,-0.9313,-2.7023,-2.3969,0,0,0
-0.281,0.3027,0.9353,-0.313,-3.1069,-2.4656,0,0,0
-0.2749,0.3235,0.9221,-1.2061,-3.7405,-2.0687,0,0,0
-0.2612,0.3167,0.9338,-2.3664,-3.9542,-4.8168,0,0,0
-0.2786,0.3218,0.9434,-1.1985,-4.0687,-4.8779,0,0,0
-0.2476,0.2949,0.9524,-1.5802,-4.4122,-4.084,0,0,0
-0.2314,0.2983,0.9509,-3.5115,-3.1145,-3.7634,0,0,0
-0.2598,0.3108,0.9343,-5.2519,-2.5496,-4.0382,0,0,0
-0.248,0.2991,0.9458,-8.4656,-5.4427,-3.3588,0,0,0
-0.228,0.282,0.9456,-10.145,-5.2672,-2.2824,0,0,0
-0.2644,0.3005,0.9414,-10.7328,-9.4122,-1.2214,0,0,0
-0.2986,0.2852,0.9421,-11.8321,-10.6412,-2.2137,0,0,0
-0.0491,0.4229,0.9951,-10.3588,-7.9389,-1.626,0,0,0
-0.333,0.1641,1.0574,1.4427,-19.8397,-6.626,0,0,0
-0.2754,0.4399,1.2236,17.1145,-21.7405,11.0687,0,0,0
0.0681,0.4287,1.1707,13.1221,8.3664,3.4504,0,0,0
-0.2009,0.2974,0.991,5.8473,22.2061,-7.9695,0,0,0
-0.3025,0.511,0.9626,-3.6947,23.2748,-7.9237,0,0,0
-0.3547,0.4685,0.8066,-13.3053,8.5344,-6.542,0,0,0
-0.2747,0.3508,0.8337,-15.4885,7.1603,-6.5038,0,0,0
-0.4231,0.0161,0.8572,-6.0229,0.3969,-14.8931,0,0,0
-0.2397,0.2241,0.9143,5.1985,-4.1756,-10.7405,0,0,0
-0.2683,0.303,0.9233,8.5802,-4.8855,-7.855,0,0,0
-0.2407,0.2957,0.9312,0.3206,-6.4275,-9.1527,0,0,0
-0.2419,0.2532,0.9387,-8.1145,-8.8168,-8.9771,0,0,0
-0.2312,0.2268,0.9719,-10.2672,-8.5267,-7.4122,0,0,0
-0.21,0.2136,0.9988,-9.145,-8.0763,-6.0153,0,0,0
-0.2258,0.2,0.9819,-7.0763,-6.5344,-3.9084,0,0,0
-0.2302,0.248,0.9773,-6.0992,-4.9389,-3.626,0,0,0
-0.2134,0.1956,0.9866,-6.9542,-4.5725,-2.1221,0,0,0
-0.2151,0.2083,0.9773,-4.2901,-2.5725,-0.6183,0,0,0
-0.2014,0.2656,0.9573,-3.1832,0.4885,0.3282,0,0,0
-0.2295,0.2871,0.9226,-6.1221,-0.1298,-1.1221,0,0,0
-0.2495,0.3103,0.9102,-9.7405,-1.2595,-2.7634,0,0,0
-0.2651,0.3145,0.8765,-15.7863,-1.7786,-4.0382,0,0,0
-0.2507,0.2751,0.8706,-17.458,-3.4885,-4.0076,0,0,0
-0.2537,0.2798,0.8662,-16.084,-3.2214,-3.7328,0,0,0
-0.2681,0.2788,0.8699,-11.8397,-6.6031,-4.1679,0,0,0
-0.2791,0.2871,0.8733,-9.229,-11.0229,-2.9084,0,0,0
-0.2358,0.3096,0.8933,-9.3969,-14.2214,-3.7176,0,0,0
-0.2385,0.2952,0.9136,-9.9237,-16.8702,-4.6412,0,0,0
-0.2068,0.2561,0.9641,-8.5954,-16.687,-5.7099,0,0,0
-0.1978,0.1982,1.0054,-0.916,-15.3282,-4.2519,0,0,0
-0.1855,0.2024,1.0256,8.2061,-12.8779,-2.3969,0,0,0
-0.178,0.228,1.0483,13.6718,-9.0076,0.8473,0,0,0
-0.1838,0.3079,1.041,11.7405,-4.6336,1.8092,0,0,0
-0.207,0.3655,1.0117,1.313,-1.6336,0.542,0,0,0
-0.2051,0.3379,0.9951,-9.3206,0.3893,-1.4809,0,0,0
-0.1965,0.2937,0.9666,-12.229,4.9237,-4.9542,0,0,0
-0.2065,0.2749,0.9067,-10.7634,6.542,-4.9618,0,0,0
-0.4021,0.1338,0.9355,-1.0153,-4.1527,-4.2672,0,0,0
-0.1433,0.2683,0.9956,6.5954,-7.4962,-3.3893,0,0,0
-0.2017,0.2617,0.9958,8.145,-6.6718,-1.084,0,0,0
-0.1719,0.3096,1.0203,2.7023,-3.0534,-0.0382,0,0,0
-0.2043,0.3611,1.0322,-4.3359,-0.2824,-0.6718,0,0,0
-0.3237,0.3066,0.9644,-13.3053,0.8321,-3.2748,0,0,0
-0.2021,0.3135,1.0005,-14.5267,1.1374,-3.1985,0,0,0
-0.2522,0.2559,0.9888,-10.7099,3.313,-7.1069,0,0,0
-0.2419,0.2559,0.969,-2.9466,4.7634,-7.542,0,0,0
-0.2034,0.2966,0.9851,1.3893,6.3588,-8.229,0,0,0
-0.2773,0.2688,0.98,3.4046,7.2366,-10.084,0,0,0
-0.2627,0.2773,1.0022,4.458,3.6794,-9.2443,0,0,0
-0.1982,0.3467,1.0203,2.2901,5.0382,-9.6947,0,0,0
-0.2532,0.3308,1.0295,-3.855,5.458,-9.1527,0,0,0
-0.2793,0.2576,1.0449,-6.5573,5.7252,-8.9313,0,0,0
-0.2251,0.218,1.051,-0.8931,8.7481,-11.3282,0,0,0
-0.2249,0.2266,1.0334,5.5115,12.1298,-8.4046,0,0,0
-0.2344,0.2583,0.9949,7.4656,15.3588,-6.6336,0,0,0
-0.2969,0.2549,0.9297,1.7863,23.9313,-6.6641,0,0,0
-0.2336,0.2949,0.9412,-0.7863,20.7863,-11.3969,0,0,0
-0.2827,0.2014,0.9724,-0.1908,20.7939,-9.2901,0,0,0
-0.2405,0.1824,0.9702,4.3053,22.5725,-7.0687,0,0,0
-0.2368,0.1938,0.936,4.0687,24.6031,-7.0,0,0,0
-0.2681,0.2344,0.9055,-2.2061,21.9008,-5.8779,0,0,0
-0.2388,0.2451,0.897,-11.2824,17.2519,-5.145,0,0,0
-0.3572,0.2117,0.9146,-17.1985,7.3053,2.9924,0,0,0
-0.2769,0.1707,0.9609,-14.5496,5.0382,2.4504,0,0,0
-0.2681,0.1394,1.0183,-6.771,3.1603,5.2672,0,0,0
-0.2202,0.2207,1.0476,-2.4046,4.8702,11.2366,0,0,0
-0.3599,0.2146,0.9778,-4.5038,-0.145,13.7176,0,0,0
-0.1917,0.2524,0.9854,-12.5573,15.7176,16.0611,0,0,0
-0.282,0.3157,0.9629,-19.9847,10.6794,16.6107,0,0,0
-0.3872,0.2354,0.9197,-24.4427,11.5954,17.7176,0,0,0
-0.1411,0.2278,0.928,-25.4046,14.3282,21.626,0,0,0
-0.3279,0.2854,0.8657,-29.0,8.1221,31.9771,0,0,0
-0.2483,0.3545,0.894,-37.8473,5.3893,38.0763,0,0,0
-0.2476,0.2905,0.9138,-43.6031,5.7557,30.7252,0,0,0
-0.217,0.1968,0.9631,-30.1679,8.1832,15.4885,0,0,0
-0.2039,0.1616,0.9993,-9.4656,12.7405,13.8092,0,0,0
-0.2114,0.2925,0.9905,1.7634,21.1374,13.5267,0,0,0
-0.2847,0.3191,0.9065,-2.2214,22.2061,17.1832,0,0,0
-0.3372,0.459,0.8562,-16.626,19.5496,15.1908,0,0,0
-0.3477,0.3765,0.853,-28.1221,11.687,9.5649,0,0,0
-0.3057,0.3494,0.8806,-30.2901,5.6947,6.8092,0,0,0
-0.3054,0.2754,0.8972,-25.0458,3.9924,4.916,0,0,0
-0.2832,0.2866,0.9165,-15.1832,-0.8931,3.4427,0,0,0
-0.3079,0.3,0.9194,-8.4275,0.5725,1.4427,0,0,0
-0.2854,0.3567,0.9238,-11.2214,5.6412,-3.2366,0,0,0
-0.6746,0.0586,0.8494,-23.5267,7.3359,-15.4351,0,0,0
-0.2722,0.2834,0.9275,-21.6565,-2.8244,-6.6412,0,0,0
-0.2607,0.2246,0.9495,-18.7405,0.0458,-9.4351,0,0,0
-0.2915,0.0837,0.9592,-8.8702,3.0687,-10.6489,0,0,0
-0.3511,0.1096,0.9497,4.7481,0.0534,-7.916,0,0,0
-0.3044,0.1736,0.9636,9.5038,-2.5878,-4.6947,0,0,0
-0.2939,0.2336,0.9419,3.8626,-4.9084,-5.2214,0,0,0
-0.3025,0.248,0.9417,-7.6031,-8.0305,-4.2977,0,0,0
-0.2568,0.2236,0.9866,-16.5649,-7.9618,-6.8397,0,0,0
-0.2612,0.1196,1.0327,-14.0763,-4.7557,-8.855,0,0,0
-0.2637,0.0857,1.0364,-4.1832,-0.3282,-9.084,0,0,0
-0.2571,0.1455,1.0369,3.3435,2.8473,-5.7863,0,0,0
-0.2864,0.1965,0.9856,2.1298,4.6412,-4.458,0,0,0
-0.325,0.2468,0.9626,-5.2519,3.4885,-5.1374,0,0,0
-0.3042,0.2788,0.9685,-14.7023,1.7634,-7.3206,0,0,0
-0.3237,0.2314,0.9561,-22.9237,0.4198,-10.7786,0,0,0
-0.2764,0.1597,0.9849,-20.4504,1.8626,-10.5954,0,0,0
-0.2729,0.1145,0.9895,-9.5496,5.5191,-7.2214,0,0,0
-0.3069,0.1023,0.9631,-0.374,7.855,-4.8321,0,0,0
-0.3542,0.1667,0.939,3.9466,5.1832,-3.771,0,0,0
-0.3203,0.2378,0.9521,-0.4885,2.9237,-1.3817,0,0,0
-0.3601,0.2512,0.95,-10.3893,1.6947,-2.6107,0,0,0
-0.3015,0.2544,0.9546,-16.5038,-1.1756,-5.0229,0,0,0
-0.2891,0.1548,0.9944,-15.0305,-2.374,-8.8397,0,0,0
-0.1958,0.0251,1.1802,0.1145,-6.5267,-6.5115,0,0,0
-0.2615,0.1462,1.0942,13.2901,3.9618,2.9924,0,0,0
-0.3262,0.1011,1.0044,15.145,8.5802,-1.3282,0,0,0
-0.2727,0.3091,1.0349,10.5191,12.6565,1.3893,0,0,0
-0.2944,0.2334,0.9778,-3.5115,13.8168,-2.7863,0,0,0
-0.3303,0.3008,0.9419,-14.8015,11.7023,-1.4504,0,0,0
-0.3098,0.2856,0.9548,-22.7176,9.5649,-6.9542,0,0,0
-0.3481,0.2234,0.9338,-25.4427,8.3588,-8.8015,0,0,0
-0.3369,0.1917,0.9341,-19.771,5.458,-11.4046,0,0,0
-0.3105,0.0398,0.9524,-10.1374,4.2672,-12.2366,0,0,0
-0.3086,0.0754,0.9648,3.4809,5.5115,-7.7634,0,0,0
-0.3262,0.1282,0.9456,7.374,6.7405,-4.0534,0,0,0
-0.3535,0.2017,0.9092,1.9466,4.0992,-1.084,0,0,0
-0.3435,0.2351,0.9253,-6.2214,0.1374,-2.8244,0,0,0
-0.3298,0.2817,0.9395,-14.2061,-0.9695,-4.7634,0,0,0
-0.3188,0.1941,0.9395,-16.6107,-1.4198,-6.5344,0,0,0
-0.2964,0.1731,0.9363,-15.2748,-1.1374,-6.7099,0,0,0
-0.3142,0.1345,0.9219,-13.7634,-0.4198,-6.3664,0,0,0
-0.2996,0.137,0.9185,-10.1527,-0.6489,-4.5573,0,0,0
-0.2842,0.1704,0.9121,-9.9084,-0.4275,-4.3359,0,0,0
-0.3037,0.178,0.9033,-11.3511,-1.2672,-3.8473,0,0,0
-0.2913,0.1909,0.9021,-12.4656,-2.0229,-4.6107,0,0,0
-0.303,0.1843,0.9004,-12.7786,-1.9084,-6.8626,0,0,0
-0.2864,0.1567,0.8855,-10.8855,-1.0763,-8.4046,0,0,0
-0.3069,0.1345,0.876,-8.626,-1.5344,-8.9771,0,0,0
-0.3245,0.1687,0.8538,-7.855,-2.3435,-9.4046,0,0,0
-0.3491,0.186,0.8394,-12.3664,-5.9847,-8.7481,0,0,0
-0.3491,0.1768,0.8484,-14.9466,-10.6031,-9.4427,0,0,0
-0.3381,0.1448,0.8782,-14.2519,-16.2977,-10.8855,0,0,0
-0.3098,0.1243,0.918,-10.7786,-19.1603,-10.4656,0,0,0
-0.2932,0.1223,0.9431,-7.7023,-19.5954,-9.1985,0,0,0
-0.2905,0.1101,0.9758,-6.2443,-18.9542,-8.7634,0,0,0
-0.2693,0.1272,0.9985,-4.9618,-15.6641,-6.6031,0,0,0
-0.2798,0.1326,0.9956,-6.0992,-12.2443,-7.313,0,0,0
-0.291,0.1257,0.9768,-6.4427,-10.5878,-7.7023,0,0,0
-0.3,0.1177,0.9817,-6.229,-10.3893,-7.1069,0,0,0
-0.3171,0.1104,0.9719,-4.9389,-13.7252,-6.4962,0,0,0
-0.3088,0.1299,1.0129,-3.626,-18.0229,-6.0534,0,0,0
-0.2666,0.0874,1.0654,-2.1069,-18.9466,-5.7176,0,0,0
-0.2515,0.0793,1.1133,1.0305,-15.5649,-3.8931,0,0,0
-0.2141,0.0698,1.1306,2.5267,-8.4122,-1.855,0,0,0
-0.2466,0.1079,1.1218,2.4427,-0.4809,-0.4733,0,0,0
-0.2852,0.1379,1.0835,-1.626,2.916,-0.3053,0,0,0
-0.3474,0.1077,1.0066,-3.0687,3.8321,0.229,0,0,0
-0.3259,0.1218,1.0073,-2.4427,3.458,-0.0076,0,0,0
-0.3252,0.1421,0.9998,-1.6641,3.8779,-0.626,0,0,0
-0.3186,0.1531,1.0103,-1.5802,3.7405,-1.855,0,0,0
-0.3044,0.1528,1.0132,-2.313,4.9084,-2.2519,0,0,0
-0.3037,0.1406,1.0225,-3.3588,5.4275,-2.374,0,0,0
-0.2922,0.1409,1.0291,-3.5573,7.626,-1.1603,0,0,0
-0.2825,0.1655,1.0288,-3.1298,12.771,-0.6336,0,0,0
-0.3347,0.1731,0.9792,-6.9618,11.4427,-0.9008,0,0,0
-0.2026,0.1392,0.9871,-6.374,10.3206,-11.5802,0,0,0
-0.3843,0.178,0.9785,-6.0229,3.7634,-8.2901,0,0,0
-0.3301,0.1292,1.0063,-10.5496,-1.1069,-2.7786,0,0,0
-0.325,0.0894,1.0176,-12.4122,-3.8702,-1.9389,0,0,0
-0.1748,0.127,1.0759,-11.3817,6.6107,-3.4504,0,0,0
-0.3137,0.0925,1.0317,-8.5115,10.6336,-1.5649,0,0,0
-0.3552,0.0664,1.0037,-4.7863,14.542,0.9924,0,0,0
-0.1909,0.1226,1.0,-1.1603,20.9313,0.6947,0,0,0
-0.3281,0.1172,0.95,0.9466,18.6031,0.0763,0,0,0
-0.3044,0.1145,0.9243,3.2595,19.9008,-0.7634,0,0,0
-0.3076,0.1499,0.9155,2.2366,16.6107,0.1908,0,0,0
-0.3225,0.1372,0.8899,-0.3817,15.1221,1.3282,0,0,0
-0.3208,0.1382,0.8826,-1.9084,13.9008,-0.4275,0,0,0
-0.3333,0.114,0.8774,-2.7481,9.9771,-0.1908,0,0,0
-0.3271,0.145,0.8765,-2.5878,8.1908,-0.0763,0,0,0
-0.3113,0.1533,0.8848,-4.8244,6.9466,-0.7634,0,0,0
-0.2312,0.2075,0.9045,-5.7023,3.0153,1.542,0,0,0
-0.3367,0.1653,0.8838,-5.2748,5.5115,0.1298,0,0,0
-0.314,0.1121,0.8801,-3.229,6.6947,-0.5802,0,0,0
-0.3452,0.1416,0.8599,-1.374,6.3282,-2.0611,0,0,0
-0.3582,0.1433,0.8369,-1.5496,3.313,-2.542,0,0,0
-0.3159,0.1736,0.8496,-3.0992,-0.3053,-4.5802,0,0,0
-0.3972,0.1968,0.8574,-5.8321,-9.1221,-5.2672,0,0,0
-0.3169,0.241,0.908,-13.1908,-13.0153,-5.5191,0,0,0
-0.4543,0.0769,0.936,-17.8015,-20.6718,-2.9695,0,0,0
-0.4768,0.145,0.991,-14.3206,-27.9618,-2.5038,0,0,0
-0.3101,0.0686,1.0605,-8.8855,-21.1832,-8.5573,0,0,0
-0.293,0.0823,1.1042,-0.5191,-14.7481,-6.9847,0,0,0
-0.2263,0.1831,1.1272,-0.0687,-1.7939,-2.6412,0,0,0
-0.387,0.1025,1.0442,-4.2901,9.771,-6.8779,0,0,0
-0.3821,0.144,0.9824,-5.7481,4.2748,-4.0534,0,0,0
-0.2527,0.1111,0.958,-4.7634,5.5573,-8.5191,0,0,0
-0.3323,0.0923,0.9065,-0.3359,5.3206,-10.1221,0,0,0
-0.3313,0.0554,0.9238,2.7481,3.6489,-6.855,0,0,0
-0.3662,0.0654,0.9309,4.0305,-1.8855,-5.313,0,0,0
-0.2881,0.1079,0.9807,1.2977,-2.0229,-4.6183,0,0,0
-0.4348,0.0266,0.9612,0.4198,-4.6489,-6.916,0,0,0
-0.3474,0.041,0.9854,-0.0611,0.7634,-2.8321,0,0,0
-0.343,0.1462,0.9834,-0.5496,-3.8702,-0.4733,0,0,0
-0.3303,0.1799,0.9868,-6.0458,-3.5573,-1.2748,0,0,0
-0.3389,0.1487,0.9902,-8.4275,-3.7405,-6.2977,0,0,0
-0.3025,0.0806,0.9929,-4.145,-0.2443,-7.9313,0,0,0
-0.3438,0.0649,0.9609,3.6031,2.8244,-7.0611,0,0,0
-0.3582,0.1514,0.925,6.2061,5.2824,-3.1985,0,0,0
-0.3496,0.0605,0.8633,7.6794,3.9924,-5.0229,0,0,0
-0.343,0.2344,0.8286,10.2519,-2.0076,-9.1069,0,0,0
-0.4253,0.1863,0.8931,2.0305,-11.7405,-2.6718,0,0,0
-0.3967,0.0813,0.9353,3.5725,-18.4351,-5.7328,0,0,0
-0.2434,0.0347,0.9795,11.374,-10.1985,-14.0534,0,0,0
-0.1716,0.1206,1.0449,17.5267,1.3511,-14.8626,0,0,0
-1.438,-0.2368,0.623,10.5191,20.4275,-15.458,0,0,0
-0.4912,0.031,0.885,-3.0,1.0687,-8.4046,0,0,0
-0.0803,0.1118,1.0081,-12.2672,-7.1374,-7.0305,0,0,0
-0.3777,-0.0291,0.9951,-15.7863,-7.3282,-13.1908,0,0,0
-0.3367,0.0244,1.0369,-10.313,-12.5954,-3.6718,0,0,0
-0.3245,0.093,1.0896,-8.229,-12.7481,2.6718,0,0,0
-0.3147,0.1604,1.0776,-13.4885,-7.5725,1.7023,0,0,0
-0.2385,0.1333,1.0193,-17.8855,0.0382,-5.0534,0,0,0
-0.2449,0.0676,0.9929,-15.9847,7.3969,-7.9008,0,0,0
-0.2507,0.0654,0.9497,-7.3588,16.8397,-8.4275,0,0,0
-0.4011,0.0991,0.9055,-4.1527,12.0916,-5.1832,0,0,0
-0.4087,0.1326,0.916,-11.4046,2.5191,-1.9389,0,0,0
-0.3159,0.0593,0.9434,-17.8321,-2.8702,-6.145,0,0,0
-0.2839,0.0129,0.9868,-14.1679,-2.6718,-7.7099,0,0,0
-0.2642,0.0234,0.9968,-9.3817,3.3435,-2.9695,0,0,0
-0.5286,-0.2041,0.9167,-5.9008,3.4809,-3.8855,0,0,0
-0.3264,0.0708,0.9619,-5.5573,3.3359,1.1298,0,0,0
-0.3481,0.1504,0.9517,-8.5115,3.4733,-0.5191,0,0,0
-0.4163,0.2305,0.9114,-12.1374,3.1985,-0.6031,0,0,0
-0.4009,0.1492,0.9299,-13.4962,-1.8931,-3.2443,0,0,0
-0.3179,0.1157,0.9355,-10.9466,-4.1221,-5.3817,0,0,0
-0.3347,0.1626,0.9553,-7.9542,-1.5496,-5.3893,0,0,0
-0.4404,0.1501,0.9612,-12.8779,-2.374,-4.8244,0,0,0
-0.2698,0.095,0.9507,-11.7557,4.0305,-16.3817,0,0,0
-0.4023,0.0842,0.9912,-13.0,-5.3664,-10.7405,0,0,0
-0.3127,0.1211,1.0259,-14.2977,-3.4122,-6.9084,0,0,0
-0.3474,0.1086,0.9963,-14.7252,-0.084,-7.7176,0,0,0
-0.2307,0.1143,1.0151,-13.229,2.8702,-9.6565,0,0,0
-0.2778,0.0359,1.0132,-10.4351,8.3588,-12.855,0,0,0
-0.3203,0.0789,1.0229,-7.6489,2.8168,-7.6794,0,0,0
-0.3738,0.1511,0.9604,-11.9237,8.9084,-8.4809,0,0,0
-0.4106,0.1296,0.9561,-13.3969,4.6718,-9.8015,0,0,0
-0.3467,0.0522,0.9854,-13.2519,-0.229,-11.916,0,0,0
-0.2341,0.0168,1.0166,-10.4046,5.771,-12.0153,0,0,0
-0.2603,0.0479,0.9963,-7.7481,7.8015,-9.8626,0,0,0
-0.302,0.0747,0.9646,-6.2672,11.3282,-10.7405,0,0,0
-0.4595,0.0564,0.8772,-8.5038,13.2672,-10.8931,0,0,0
-0.4519,0.0979,0.8779,-10.374,5.1527,-9.9313,0,0,0
-0.2612,0.1365,0.929,-10.8855,1.9313,-11.4275,0,0,0
-0.3635,0.0212,0.9451,-7.6183,-3.8473,-12.687,0,0,0
-0.3359,0.0371,0.9553,-1.8397,-1.1985,-12.2901,0,0,0
-0.322,0.0002,0.9558,0.7786,1.3893,-10.6489,0,0,0
-0.3237,0.0166,0.9495,-0.3511,1.2443,-12.2137,0,0,0
-0.3289,0.0352,0.9446,-0.8626,3.6107,-12.5496,0,0,0
-0.3125,0.0654,0.9236,-1.6947,3.1603,-12.2061,0,0,0
-0.3521,-0.0007,0.9438,-5.0305,2.0153,-10.3053,0,0,0
-0.3733,-0.0247,0.9329,-5.9008,-1.8397,-9.229,0,0,0
-0.3782,-0.0217,0.9429,-5.6031,-3.7863,-9.2824,0,0,0
-0.2668,-0.0083,0.9666,-4.6489,-2.6412,-10.3359,0,0,0
-0.366,-0.0154,0.9519,-3.0611,-4.3206,-10.1527,0,0,0
-0.3008,-0.0122,0.969,-4.542,-4.1374,-9.1374,0,0,0
-0.3772,-0.0461,0.9702,-7.0534,-3.4046,-6.6107,0,0,0
-0.2993,-0.0234,0.9856,-7.6794,-3.5191,-6.1221,0,0,0
-0.2939,-0.064,0.9817,-3.7023,-0.542,-3.6947,0,0,0
-0.2825,-0.0273,0.9587,-0.8015,2.7023,-0.4046,0,0,0
-0.3157,-0.0408,0.9463,1.2137,3.8473,0.2214,0,0,0
-0.3342,-0.0249,0.918,2.3206,1.4122,1.8321,0,0,0
-0.321,0.043,0.9104,0.3969,-1.145,2.9771,0,0,0
-0.3359,0.0518,0.9124,-3.8626,-5.2672,2.1832,0,0,0
-0.3425,0.0735,0.928,-7.6489,-8.4885,1.4198,0,0,0
-0.344,0.0662,0.9529,-11.2977,-10.6565,-1.4198,0,0,0
-0.3315,0.0227,0.9783,-11.0458,-10.9237,-2.7023,0,0,0
-0.3142,0.0076,1.0103,-7.6107,-7.5191,-2.5573,0,0,0
-0.3472,0.0408,1.0029,-6.6489,-4.7252,-1.7634,0,0,0
-0.3523,0.0403,0.9917,-6.9008,-2.0916,-1.8855,0,0,0
-0.3928,0.0549,0.9587,-7.6489,-1.9466,-3.1985,0,0,0
-0.406,0.0518,0.948,-10.1221,-4.7252,-5.458,0,0,0
-0.3887,0.0171,0.9446,-12.1069,-7.145,-6.4962,0,0,0
-0.3787,0.0029,0.9678,-10.9771,-8.8015,-3.7939,0,0,0
-0.364,-0.0039,0.991,-7.0763,-10.6794,-2.7557,0,0,0
-0.3728,0.0273,1.0032,-4.4733,-10.3435,-3.8855,0,0,0
-0.3013,-0.0417,1.0254,-2.6412,-8.7557,-4.3969,0,0,0
-0.2917,-0.0833,1.0745,1.6031,-6.5725,-3.4122,0,0,0
-0.2795,-0.0627,1.0801,3.5954,-4.9847,-0.7405,0,0,0
-0.2664,-0.0176,1.082,0.3206,-2.2519,1.145,0,0,0
-0.304,0.0222,1.0525,-5.9924,-0.7328,1.3893,0,0,0
-0.3181,0.0249,1.033,-12.0611,-0.6718,0.2366,0,0,0
-0.3369,-0.0054,1.0381,-14.687,-0.6489,-0.8473,0,0,0
-0.3364,-0.0728,1.0381,-10.1679,1.855,1.6183,0,0,0
-0.3215,-0.0508,1.0244,-0.5191,5.4046,4.1603,0,0,0
-0.3396,0.0076,0.9827,3.9924,8.6489,5.7252,0,0,0
-0.3621,0.0957,0.959,1.4885,7.5038,6.3969,0,0,0
-0.3621,0.1355,0.9321,-4.9084,5.626,4.1908,0,0,0
-0.3687,0.1179,0.9316,-6.6031,3.5038,1.9237,0,0,0
-0.3591,0.1089,0.9497,-5.0687,1.8931,-0.7863,0,0,0
-0.3589,0.1101,0.9575,-1.2901,0.4046,-1.3893,0,0,0
-0.2896,0.0977,0.9836,0.5038,3.7939,-3.4198,0,0,0
-0.3064,0.093,0.9724,-0.1069,6.2214,-6.2595,0,0,0
-0.2998,0.0461,0.97,-0.6412,6.8931,-8.4275,0,0,0
-0.3782,-0.0054,0.8936,-4.2137,4.7252,-5.5267,0,0,0
-0.365,0.0557,0.8813,-7.855,1.2519,-3.2824,0,0,0
-0.2761,0.0225,0.9333,-12.9847,1.5954,-3.4885,0,0,0
-0.3101,0.0066,0.9316,-9.7786,0.2977,-3.6107,0,0,0
-0.3118,-0.0308,0.9719,-3.0916,0.1298,-4.7176,0,0,0
-0.3027,0.033,0.981,1.2366,1.2061,-4.6183,0,0,0
-0.3442,0.0708,0.9644,2.0611,1.8092,-7.3435,0,0,0
-0.3052,0.106,0.9609,-6.0305,3.0763,-8.3817,0,0,0
-0.3098,0.0735,0.9573,-12.6336,1.8855,-10.9389,0,0,0
-0.3438,0.0244,0.9592,-12.771,1.5038,-13.1679,0,0,0
-0.2935,-0.0305,0.9731,-10.8015,3.2519,-12.6412,0,0,0
-0.3635,-0.0684,0.9277,-8.313,1.1298,-9.0076,0,0,0
-0.3357,-0.0566,0.9177,-6.1298,3.0763,-9.5115,0,0,0
-0.3162,-0.0359,0.9167,-3.2977,0.4046,-6.8855,0,0,0
-0.3628,-0.0188,0.9077,-3.0305,-1.1527,-8.9237,0,0,0
-0.3457,-0.0046,0.9072,-5.5649,-4.0611,-7.5344,0,0,0
-0.4014,0.0449,0.9016,-8.1756,-8.916,-6.0458,0,0,0
-0.2859,-0.0735,0.9404,-6.9084,-5.8473,-8.9389,0,0,0
-0.3313,-0.1135,0.9297,-3.5344,-5.7557,-6.0534,0,0,0
-0.3728,-0.1179,0.9441,-1.4809,-6.0153,-4.1374,0,0,0
-0.3982,-0.0706,0.9211,1.8473,-10.4427,-2.084,0,0,0
-0.2913,-0.0544,0.9651,0.8244,-11.1756,-4.4504,0,0,0
-0.3572,0.0085,0.9487,-2.5649,-11.4504,-4.9924,0,0,0
-0.3545,-0.0039,0.9766,-5.3893,-16.1756,-2.1145,0,0,0
-0.3381,-0.0544,0.9961,-8.1756,-15.3664,-4.9008,0,0,0
-0.3503,-0.0801,1.0144,-4.6412,-17.9618,-2.4656,0,0,0
-0.2981,-0.0757,1.0339,1.3511,-17.4275,-3.3282,0,0,0
-0.2273,-0.061,1.0505,8.1527,-16.0458,-4.4504,0,0,0
-0.5024,-0.0935,1.0574,8.8092,-6.0305,-8.0153,0,0,0
-0.2847,-0.0161,1.0808,10.5267,-4.9618,-0.9695,0,0,0
-0.251,0.0627,1.0806,12.3053,-0.458,0.855,0,0,0
-0.3298,-0.0215,1.0417,11.7176,0.6718,5.626,0,0,0
-0.3455,-0.043,0.9937,10.5038,2.5878,6.3435,0,0,0
-0.3076,0.0193,0.9624,7.4427,4.2901,5.7405,0,0,0
-0.3323,0.0503,0.9497,1.5802,0.7634,4.2672,0,0,0
-0.3508,0.0281,0.9492,-3.374,-0.5954,0.4275,0,0,0
-0.3188,-0.0161,0.97,-2.7023,-2.2137,0.0916,0,0,0
-0.3147,-0.0508,0.9861,2.687,-1.4122,0.0763,0,0,0
-0.3269,-0.0574,0.9932,6.7634,-2.3206,0.8015,0,0,0
-0.3113,0.0107,0.9888,5.9618,-0.1069,3.6641,0,0,0
-0.3098,0.0786,0.9253,-1.4198,5.0916,5.2366,0,0,0
-0.3655,0.0916,0.8787,-5.8244,4.2366,0.9771,0,0,0
-0.4143,0.0532,0.8633,-6.2824,-0.8397,-4.0305,0,0,0
-0.386,0.0054,0.8501,1.5496,-7.2824,-8.1679,0,0,0
-0.3804,-0.0339,0.9382,4.2748,-12.4733,-1.3969,0,0,0
-0.3423,0.0088,0.9551,5.229,-12.2901,-2.2214,0,0,0
-0.2546,0.0586,0.9766,2.6107,-10.2443,-0.2901,0,0,0
-0.3052,0.0496,0.9856,-2.5649,-7.8015,-3.9771,0,0,0
-0.1348,0.0471,1.0264,-0.4504,-7.9237,-2.5573,0,0,0
-0.2024,-0.0427,1.0625,4.6336,0.9466,-5.3359,0,0,0
-0.158,-0.0454,1.0667,9.6718,-9.6489,0.3893,0,0,0
-0.2207,-0.0537,1.0605,11.1603,0.7939,-2.1527,0,0,0
-0.2324,-0.0762,1.0869,13.374,-1.2824,0.771,0,0,0
-0.1956,0.0266,1.0562,8.1069,4.6107,4.7328,0,0,0
-0.283,0.0757,0.9707,-3.2061,7.3435,6.1832,0,0,0
-0.2754,0.1074,0.957,-11.3664,5.5344,3.1679,0,0,0
-0.3149,0.0969,0.8982,-13.8321,8.5878,0.5038,0,0,0
-0.3801,0.0134,0.845,-9.5496,3.1832,-4.0534,0,0,0
-0.373,0.0256,0.8582,-2.3893,-2.8779,-6.5573,0,0,0
-0.3799,0.0232,0.8738,-1.2595,-9.229,-7.4656,0,0,0
-0.3406,0.0388,0.9236,-3.6641,-15.1374,-6.3511,0,0,0
-0.293,0.0359,0.9614,-8.7405,-14.6641,-7.2977,0,0,0
-0.2881,0.0063,0.9966,-13.7634,-13.4733,-7.6107,0,0,0
-0.2712,-0.0642,1.0298,-13.0763,-11.0153,-6.1985,0,0,0
-0.2778,-0.0818,1.0496,-6.9237,-8.4046,-3.3053,0,0,0
-0.2822,-0.0515,1.0476,-0.9466,-5.9924,-0.084,0,0,0
-0.3186,-0.0156,1.0466,0.7863,-5.4656,1.3664,0,0,0
-0.3184,0.031,1.0527,0.2137,-5.2061,2.7023,0,0,0
-0.3154,0.0674,1.0435,-2.4275,-2.0687,-1.8244,0,0,0
-0.3433,0.0645,1.0337,-5.8321,-1.855,-3.9237,0,0,0
-0.3245,0.043,1.0356,-7.0687,-1.4427,-6.2748,0,0,0
-0.314,0.0095,1.0337,-8.0,0.145,-6.2748,0,0,0
-0.2776,-0.0493,1.0496,-5.5267,1.3053,-6.916,0,0,0
-0.2778,-0.074,1.0657,0.6183,4.626,-4.7099,0,0,0
-0.2771,-0.0813,1.0493,4.5115,5.7557,-2.0534,0,0,0
-0.303,-0.0459,1.0405,3.6031,5.7481,1.2366,0,0,0
-0.2988,0.0085,1.0474,-1.2366,5.8244,1.8168,0,0,0
-0.2908,0.0342,1.0342,-6.8702,6.2366,0.3893,0,0,0
-0.2793,0.002,1.0352,-8.1298,8.7328,-0.9924,0,0,0
-0.3064,-0.0051,1.0032,-4.9313,11.5954,-2.3206,0,0,0
-0.3643,-0.0095,0.9751,-2.5267,13.687,-2.2137,0,0,0
-0.3274,0.0945,0.9563,-0.7328,5.9237,0.9618,0,0,0
-0.3047,0.1052,0.9526,-6.2366,6.3511,-1.5725,0,0,0
-0.4272,0.1189,0.9377,-11.6565,5.2137,-4.6565,0,0,0
-0.3496,0.1245,0.9568,-10.145,4.6641,-7.3664,0,0,0
-0.2532,0.0098,0.9866,-7.1527,7.3359,-6.145,0,0,0
-0.3091,-0.0488,0.9753,-2.2519,6.7252,-6.1298,0,0,0
-0.2578,-0.0151,0.9519,2.1527,11.5649,-9.5191,0,0,0
-0.2776,0.0034,0.9451,2.9771,10.4198,-7.7099,0,0,0
-0.3635,0.0088,0.918,-1.4504,6.855,-9.1374,0,0,0
-0.3271,0.0298,0.9329,-3.2443,2.0458,-5.8473,0,0,0
-0.2358,-0.0571,0.9644,-1.3664,4.313,-6.5038,0,0,0
-0.2905,-0.0859,0.9478,2.4504,2.1069,-4.313,0,0,0
-0.2678,0.009,0.9487,3.4962,5.0076,-3.771,0,0,0
-0.2568,0.0391,0.9368,1.1908,2.2901,-3.687,0,0,0
-0.3411,-0.002,0.9253,-2.7023,0.7099,-5.2748,0,0,0
-0.3047,-0.0256,0.9402,-2.3588,0.5038,-5.8931,0,0,0
-0.3037,-0.0376,0.9507,0.626,0.5267,-5.6336,0,0,0
-0.3154,-0.0369,0.9543,2.229,-1.2748,-4.0153,0,0,0
-0.3079,-0.0334,0.9592,1.8015,-1.084,-4.4656,0,0,0
-0.3032,-0.0317,0.9668,0.5725,-0.1756,-4.7634,0,0,0
-0.2981,-0.0439,0.9641,-0.313,1.2748,-3.7634,0,0,0
-0.3152,-0.0332,0.9612,-0.1145,0.8321,-3.145,0,0,0
-0.3359,-0.0283,0.9509,-0.9237,-1.7863,-3.3664,0,0,0
-0.3345,-0.0022,0.9546,-2.7786,-3.2443,-3.2061,0,0,0
-0.3374,-0.0239,0.9553,-5.1145,-4.916,-4.1908,0,0,0
-0.2864,0.3662,0.9072,-11.9008,-0.1527,-13.1756,0,0,0
-0.3,0.3152,0.8901,-5.1374,2.0534,-12.7405,0,0,0
-0.2498,0.3528,0.8926,0.1603,4.5649,-9.7405,0,0,0
-0.2593,0.1292,0.9722,6.0458,15.7023,8.6107,0,0,0
-0.2666,0.1533,0.9836,4.6107,15.5344,7.145,0,0,0
-0.2742,0.166,0.9773,1.3511,15.0076,5.2901,0,0,0
-0.2615,0.178,0.9712,-1.2748,15.374,4.0687,0,0,0
-0.262,0.1611,0.9595,-2.0534,16.7099,3.6641,0,0,0
-0.2646,0.1704,0.9373,-1.6718,18.3588,-0.0458,0,0,0
-0.2686,0.144,0.9448,-0.374,17.6718,-1.626,0,0,0
-0.3025,0.1692,0.9114,1.0076,14.4198,-3.2214,1,0,0
-0.2874,0.1533,0.9065,-0.0992,11.2137,-2.8244,1,0,0
-0.2795,0.135,0.929,0.1832,9.374,-2.3206,1,0,0
-0.2888,0.147,0.9167,-0.0458,8.3206,-1.8702,1,0,0
-0.2891,0.1565,0.917,-0.8092,6.4046,-1.5649,1,0,0
-0.2888,0.1562,0.9192,-1.6565,4.687,-1.6641,1,0,0
-0.2891,0.1516,0.927,-2.2672,3.0382,-2.771,1,0,0
-0.2876,0.1609,0.929,-4.5802,1.7252,-3.4809,1,0,0
-0.2866,0.1555,0.936,-7.3053,0.458,-3.8168,1,0,0
-0.2832,0.1501,0.9395,-9.2901,-0.7328,-3.4504,1,0,0
-0.2761,0.145,0.9622,-10.4427,-1.2061,-3.2519,1,0,0
-0.2705,0.1729,0.9912,-12.6031,1.7328,-6.1221,1,0,0
-0.2842,0.1133,0.948,-12.458,2.5344,-7.5267,1,0,0
-0.2935,0.0918,0.9651,-11.9389,2.2443,-5.2137,1,0,0
-0.2998,0.1108,0.9575,-12.1908,2.3053,-4.5802,1,0,0
-0.3079,0.1023,0.9712,-11.9084,0.7328,-3.8931,1,0,0
-0.2976,0.0801,0.95,-9.8855,0.5954,-2.7481,1,0,0
-0.2861,0.0574,0.9768,-7.5802,-0.9771,0.2137,1,0,0
-0.2957,0.0637,0.959,-4.5954,-0.3511,5.5725,1,0,0
-0.2959,0.0913,0.978,-3.3817,1.6336,7.6565,0,0,0
-0.3018,0.1177,0.9636,-4.8779,2.3588,6.626,0,0,0
-0.3215,0.1182,0.9573,-5.6718,1.8473,6.4962,0,0,0
-0.3291,0.1182,0.9434,-6.0763,-0.4046,6.5115,0,0,0
-0.3142,0.1082,0.9543,-6.4733,-2.2366,5.8244,0,0,0
-0.3091,0.1099,0.9722,-6.084,-1.8702,5.542,0,0,0
-0.2983,0.0942,0.9622,-4.3359,-0.7634,7.229,0,0,0
0.6167,0.2764,1.1543,0.6031,-1.2214,13.7634,0,0,0
-0.5676,0.124,0.9043,-4.6718,9.6489,7.4427,0,0,0
-0.303,0.1455,1.0066,-6.458,12.3206,1.9008,0,0,0
-0.343,0.1309,1.0312,-10.542,13.145,-0.4962,0,0,0
-0.3428,0.1489,1.0444,-12.5267,13.5573,-2.6183,0,0,0
-0.373,0.1025,0.988,-10.1985,11.6718,-2.3359,0,0,0
-0.3528,0.1208,0.957,-9.3053,7.7328,-3.8855,0,0,0
-0.3398,0.074,0.9199,-9.4275,2.1679,-0.7557,0,0,0
-0.3013,0.054,0.9429,-9.5038,2.3206,3.1527,0,0,0
-0.3127,0.0872,0.9836,-10.8397,5.2748,6.6718,0,0,0
-0.2253,0.1177,1.0115,-12.8092,5.6565,7.7328,0,0,0
-0.4834,0.0479,0.9285,-13.5878,9.7252,7.4809,0,0,0
-0.2559,0.0657,1.0198,-11.8092,10.7023,9.8244,0,0,0
-0.2727,0.082,1.0361,-9.0687,14.2901,10.1985,0,0,0
-0.2651,0.0981,1.022,-7.5725,19.374,9.1374,0,0,0
-0.333,0.0757,0.9856,-7.1298,22.0153,8.9313,0,0,0
-0.3179,0.1111,0.9705,-8.1756,23.8855,7.0763,0,0,0
-0.3318,0.1213,0.9517,-7.0076,20.0153,5.5878,0,0,0
-0.3762,0.1013,0.9268,-5.313,18.3511,3.0763,0,0,0
-0.3579,0.1067,0.9338,-4.9084,15.9389,3.6565,0,0,0
-0.3369,0.1104,0.9456,-4.9008,16.1908,3.6794,0,0,0
-0.3352,0.1052,0.9338,-3.5649,16.9237,2.9924,0,0,0
-0.303,0.1338,0.9597,-2.2672,19.1603,1.6031,0,0,0
-0.4302,0.1025,0.9004,-0.5115,17.0229,-0.0076,0,0,0
-0.365,0.1255,0.918,0.7023,16.8397,-1.5344,0,0,0
-0.3616,0.1157,0.9192,1.2366,16.7481,-2.9695,0,0,0
-0.3835,0.1091,0.885,2.0916,14.9008,-2.771,0,0,0
-0.4001,0.1006,0.8643,4.4427,10.3893,-1.7405,0,0,0
-0.3997,0.0852,0.8665,8.3969,3.9924,-1.1145,0,0,0
-0.4019,0.0886,0.8789,13.2672,-2.1603,-0.626,0,0,0
-0.3921,0.1101,0.8997,15.2901,-7.4427,0.7328,0,0,0
-0.3782,0.1128,0.918,16.4885,-9.229,-0.1603,0,0,0
-0.3567,0.1001,0.9548,18.9084,-9.9618,-0.8626,0,0,0
-0.3582,0.1111,0.9573,22.4656,-10.0458,-1.9542,0,0,0
-0.3586,0.104,0.968,25.458,-10.7786,-2.4198,0,0,0
-0.3667,0.1221,0.9709,29.2901,-11.9237,-3.7557,0,0,0
-0.3687,0.1289,0.9502,33.5496,-13.4504,-6.8473,0,0,0
-0.3889,0.1497,0.9324,37.1603,-17.3435,-11.7328,0,0,0
-0.3887,0.1082,0.9309,37.2748,-23.0153,-14.7939,0,0,0
-0.3711,0.1843,0.9287,32.7939,-28.4962,-13.9466,0,0,0
-0.3364,0.1746,0.95,26.9618,-30.5038,-10.5344,0,0,0
-0.301,0.1609,0.9727,19.7557,-27.0229,-8.1832,0,0,0
-0.301,0.125,0.9861,17.855,-22.7176,-5.4046,0,0,0
-0.2073,0.24,1.0205,18.5267,-31.0687,-2.1527,0,0,0
-0.3523,0.1162,0.9587,18.6718,-22.8015,-3.6031,0,0,0
-0.3274,0.1694,0.9387,16.6947,-28.8855,-2.0153,0,0,0
-0.3433,0.144,0.8911,13.9695,-33.6565,0.1069,0,0,0
-0.3364,0.1328,0.8933,11.9924,-41.7176,4.1832,0,0,0
-0.2378,0.1558,0.9602,6.3893,-39.916,8.3053,0,0,0
-0.2241,0.176,0.9866,-0.6183,-33.0458,13.2214,0,0,0
-0.2085,0.179,1.0408,-8.3969,-24.542,14.4198,0,0,0
-0.2712,0.1631,1.0112,-13.5496,-18.8855,13.1221,0,0,0
-0.2825,0.1541,0.9924,-16.7557,-15.8931,13.0687,0,0,0
-0.3467,0.0867,0.9531,-15.626,-18.229,14.8855,0,0,0
-0.2927,0.1362,0.9626,-12.5267,-20.458,16.8702,0,0,0
-0.3225,0.1406,0.9297,-9.6107,-24.5649,19.1832,0,0,0
-0.3066,0.1372,0.9351,-9.1145,-29.7863,21.5267,0,0,0
-0.2659,0.1431,0.9526,-8.1221,-33.1374,23.5344,0,0,0
-0.2417,0.1748,0.9739,-9.2443,-32.2137,24.0076,0,0,0
-0.2485,0.1743,0.958,-12.6718,-27.5038,22.4275,0,0,0
-0.2373,0.1553,1.0005,-11.9466,-25.8473,18.5191,0,0,0
-0.2336,0.1511,1.0027,-7.8321,-23.9771,14.2901,0,0,0
-0.2556,0.1545,0.9773,-4.9618,-23.7252,12.084,0,0,0
-0.239,0.1514,0.9929,-1.0992,-22.145,11.2595,0,0,0
-0.2239,0.1719,0.9968,2.6183,-22.1298,10.7634,0,0,0
-0.3347,0.1704,0.9492,2.4962,-22.374,10.4351,0,0,0
-0.2092,0.2051,1.0073,2.8168,-23.3435,8.4198,0,0,0
-0.1965,0.2036,1.0149,0.0458,-21.5496,6.8473,0,0,0
-0.1995,0.2158,1.0315,-4.3435,-17.4962,5.4733,0,0,0
-0.2004,0.2139,1.0112,-9.5573,-11.3817,2.2366,0,0,0
-0.2163,0.1882,1.0076,-11.9084,-8.0534,-0.9237,0,0,0
-0.2214,0.1697,1.0046,-9.229,-4.6565,-4.1221,0,0,0
-0.2402,0.1833,0.9775,-7.3664,-5.7939,-4.1908,0,0,0
-0.2588,0.1868,0.9482,-5.687,-9.4198,-4.4198,0,0,0
-0.249,0.1804,0.9485,-4.7176,-12.5878,-4.2595,0,0,0
-0.2002,0.1868,0.9834,-2.1527,-11.9847,-4.5344,0,0,0
-0.2107,0.1987,0.9749,-0.8168,-11.6641,-5.7786,0,0,0
-0.2197,0.1892,0.9675,-0.0687,-12.5725,-7.6794,0,0,0
-0.2063,0.199,0.9558,-0.1527,-12.4504,-9.3435,0,0,0
-0.21,0.1748,0.957,-0.4046,-15.0382,-9.7252,0,0,0
-0.2029,0.1694,0.9653,-1.2061,-16.2443,-9.1527,0,0,0
-0.1873,0.1326,0.9727,-1.687,-17.1756,-7.2137,0,0,0
-0.1863,0.1301,0.9788,-1.1221,-18.2137,-5.5038,0,0,0
-0.1711,0.1223,0.989,-0.2824,-19.145,-5.0763,0,0,0
-0.1719,0.1038,0.9905,0.6718,-18.8779,-4.9466,0,0,0
-0.1675,0.103,1.0056,0.9924,-18.2137,-2.9237,0,0,0
-0.1545,0.0898,1.0332,3.0611,-16.8168,-1.2977,0,0,0
-0.1562,0.106,1.0305,5.1298,-14.1985,-0.1756,0,0,0
-0.1655,0.1348,1.0232,5.5344,-13.5038,0.6107,0,0,0
-0.1731,0.1453,1.0098,4.8702,-14.0076,0.7634,0,0,0
-0.1414,0.1477,1.0273,5.8168,-13.4046,1.1985,0,0,0
-0.1392,0.1553,1.0225,7.0305,-10.8397,1.8015,0,0,0
-0.1465,0.1958,1.0059,7.3969,-8.8244,0.5267,0,0,0
-0.1648,0.2085,0.981,5.3053,-9.3664,-0.8779,0,0,0
-0.178,0.2117,0.9709,4.0153,-12.4885,-2.2061,0,0,0
-0.1511,0.217,0.9846,2.7176,-13.3893,-3.8397,0,0,0
-0.1509,0.2102,0.9878,3.0,-13.5649,-3.687,0,0,0
-0.1257,0.2236,0.9939,4.0687,-11.8244,-3.5038,0,0,0
-0.1206,0.2461,0.9917,4.8244,-9.2595,-5.6031,0,0,0
-0.1394,0.2781,0.9595,3.0382,-8.1908,-8.6412,0,0,0
-0.1531,0.2769,0.936,0.4885,-10.1374,-11.4504,0,0,0
-0.1538,0.2666,0.9263,0.0,-13.2824,-13.9924,0,0,0
-0.1497,0.2317,0.9238,3.4351,-16.5344,-16.3893,0,0,0
-0.1355,0.2192,0.9473,7.4962,-19.6031,-17.0534,0,0,0
-0.1062,0.217,0.9548,10.0611,-19.8015,-16.0382,0,0,0
-0.1086,0.2229,0.95,12.4885,-21.1145,-14.7328,0,0,0
-0.1157,0.2456,0.9297,11.4275,-23.6336,-15.6183,0,0,0
-0.1204,0.2312,0.9199,8.7405,-28.2519,-16.6565,0,0,0
-0.0967,0.2192,0.9377,6.4962,-31.9771,-17.1985,0,0,0
-0.0913,0.1912,0.9443,6.4885,-34.3435,-17.8779,0,0,0
-0.0654,0.1646,0.9666,7.374,-34.0763,-16.9695,0,0,0
-0.0737,0.1616,0.9812,8.5191,-33.626,-13.6183,0,0,0
-0.0623,0.1428,1.0024,8.5878,-32.3282,-9.9084,0,0,0
-0.0579,0.1494,1.0144,11.2366,-29.6336,-6.8321,0,0,0
-0.0488,0.1646,1.0203,14.3969,-28.7099,-6.0229,0,0,0
-0.0608,0.1775,1.0212,13.8931,-25.9008,-6.2824,0,0,0
-0.0662,0.1995,1.0176,10.1374,-23.4809,-5.8321,0,0,0
-0.0645,0.2097,1.0015,5.5954,-22.2519,-7.1527,0,0,0
-0.0747,0.1799,1.0027,2.5191,-22.4809,-7.0992,0,0,0
-0.0508,0.1445,1.0198,3.0992,-21.0229,-5.5496,0,0,0
-0.0593,0.1511,1.0286,5.8702,-18.7252,-4.6565,0,0,0
-0.064,0.1772,1.0173,6.7328,-17.7176,-4.5191,0,0,0
-0.0679,0.1816,1.0059,5.6336,-18.4046,-4.771,0,0,0
-0.0613,0.1707,0.9976,4.7557,-19.8321,-4.5267,0,0,0
-0.0486,0.1731,1.0076,3.8626,-19.3206,-4.4351,0,0,0
-0.0483,0.1724,1.0125,3.229,-18.9389,-4.4046,0,0,0
-0.0505,0.1797,0.9978,2.1374,-19.7252,-4.084,0,0,0
-0.0339,0.1663,1.0129,2.2519,-19.9924,-3.5649,0,0,0
-0.0251,0.1594,1.0059,2.9618,-20.7099,-2.8015,0,0,0
-0.0188,0.1521,1.0083,3.5191,-21.2977,-1.1069,0,0,0
-0.0005,0.1682,1.0178,5.3206,-21.0763,-0.6489,0,0,0
-0.0068,0.1873,0.9971,5.5344,-21.5802,-0.6947,0,0,0
-0.0044,0.2051,0.9958,4.3435,-22.916,-1.2214,0,0,0
0.0024,0.2034,0.9988,3.1603,-24.8168,-1.6718,0,0,0
0.0144,0.188,0.9993,3.3053,-26.2214,-1.3588,0,0,0
0.0234,0.1848,1.0103,4.9847,-26.7176,-0.0534,0,0,0
0.0195,0.1973,1.0054,7.7557,-27.084,0.1527,0,0,0
0.0161,0.2122,0.9939,10.1985,-28.8321,0.0763,0,0,0
0.0127,0.241,0.9871,11.2901,-31.2595,0.3053,0,0,0
0.0146,0.2571,0.9812,10.6107,-34.0763,-0.1756,0,0,0
0.0227,0.2646,0.9792,9.9237,-37.1679,-1.0458,0,0,0
0.0107,0.2493,0.9707,8.229,-39.0382,-2.0763,0,0,0
0.052,0.2617,1.0007,8.0458,-40.229,-1.7863,0,0,0
0.0781,0.2766,1.0229,5.7634,-39.687,-0.6718,0,0,0
0.0886,0.2791,1.0479,4.1756,-35.1985,-1.6565,0,0,0
0.092,0.2786,1.0562,3.4198,-33.3511,-2.8626,0,0,0
0.0745,0.2776,1.0344,2.8015,-32.4427,-4.2595,0,0,0
0.0837,0.2539,1.0374,2.4733,-33.4046,-4.8779,0,0,0
0.0786,0.248,1.0417,3.4809,-34.1527,-4.7557,0,0,0
0.0686,0.2375,1.0334,4.916,-34.6412,-3.8015,0,0,0
0.0833,0.2498,1.043,5.4885,-35.1374,-2.1756,0,0,0
0.0776,0.2595,1.0444,3.9237,-34.6641,-1.4275,0,0,0
0.0835,0.2664,1.0479,1.8626,-33.6031,-0.5725,0,0,0
0.0767,0.2563,1.0378,1.0229,-30.4962,-0.7481,0,0,0
0.0874,0.2554,1.0557,1.4351,-28.687,-0.7328,0,0,0
0.075,0.2495,1.0405,3.3435,-27.1756,-0.8855,0,0,0
0.0774,0.2444,1.0344,5.4275,-26.5725,0.0229,0,0,0
0.0815,0.2625,1.0247,6.2977,-25.3664,0.771,0,0,0
0.0864,0.2744,1.0295,5.6565,-26.7939,0.2443,0,0,0
0.1003,0.2627,1.0242,4.6412,-26.6031,-1.6489,0,0,0
0.1133,0.2727,1.0159,3.3511,-26.3969,-2.6641,0,0,0
0.123,0.2473,1.0203,2.4046,-25.8473,-2.1374,0,0,0
0.1423,0.2354,1.0239,3.8626,-23.3282,-1.5802,0,0,0
0.1401,0.2529,1.01,4.3206,-21.1145,-1.9466,0,0,0
0.1462,0.2473,1.0039,3.4122,-20.2824,-2.6489,0,0,0
0.147,0.2417,0.9751,1.4198,-21.6565,-2.1374,0,0,0
0.1501,0.2332,0.9629,0.3206,-23.5496,-1.4351,0,0,0
0.1746,0.2297,0.9705,-0.0305,-23.7176,-1.1679,0,0,0
0.1704,0.2375,0.9614,-1.0763,-23.626,-0.6718,0,0,0
0.1404,0.1943,0.9431,-1.3817,-24.9313,0.1374,0,0,0
0.1658,0.2109,0.9441,-0.2137,-26.9008,1.2595,0,0,0
0.1284,0.2114,0.9319,0.9695,-29.0305,3.0076,0,0,0
0.1411,0.2424,0.9099,-0.229,-32.0763,4.4275,0,0,0
0.1484,0.2437,0.9246,-1.626,-37.2901,5.9008,0,0,0
0.1504,0.2329,0.9258,-3.3206,-39.5573,7.2977,0,0,0
0.1931,0.2163,0.9402,-0.2519,-40.2672,8.5191,0,0,0
0.2627,0.2083,1.0105,7.6718,-34.5573,8.5954,0,0,0
0.2839,0.2483,1.0361,13.1298,-24.542,8.4504,0,0,0
0.2871,0.2747,1.0466,15.229,-13.3206,6.7023,0,0,0
0.2983,0.3091,1.0247,13.8015,-4.5267,4.2672,0,0,0
0.2722,0.3186,0.9788,9.4962,1.0305,2.2061,0,0,0
0.2549,0.3145,0.9341,3.7023,0.4656,-0.2901,0,0,0
0.241,0.3088,0.9075,-1.7405,-3.0,-1.9924,0,0,0
0.2373,0.2893,0.8921,-5.8397,-8.2214,-4.0153,0,0,0
0.2322,0.248,0.877,-5.9313,-14.0534,-4.5954,0,0,0
0.2268,0.2488,0.8806,-2.1145,-20.855,-3.5878,0,0,0
0.2039,0.2666,0.8801,1.2595,-28.2824,-3.5344,0,0,0
0.2053,0.3145,0.877,1.0992,-37.0076,-5.1985,0,0,0
0.1963,0.3135,0.877,1.0458,-44.4733,-8.8855,0,0,0
0.1697,0.3135,0.8445,3.3511,-54.084,-11.3435,0,0,0
0.2087,0.2869,0.8735,6.7252,-61.6565,-12.1756,0,0,0
0.2156,0.2664,0.8696,11.0,-67.542,-9.2748,0,0,0
0.311,0.282,0.959,13.8321,-61.1679,-7.9466,0,0,0
0.3474,0.3015,1.0032,13.3969,-48.3053,-5.0763,0,0,0
0.2717,0.3303,0.9788,11.1298,-39.8473,-2.4504,0,0,0
0.2732,0.3328,0.969,8.0458,-35.626,-2.3206,0,0,0
0.2952,0.3506,0.9622,4.6107,-33.4962,-2.771,0,0,0
0.3169,0.3518,0.9668,3.5267,-31.9924,-6.0534,0,0,0
0.3232,0.3396,0.9609,5.0076,-30.7328,-8.8626,0,0,0
0.335,0.3203,0.9524,7.7557,-31.1298,-9.7786,0,0,0
0.3367,0.3325,0.9392,10.7557,-31.9847,-10.2061,0,0,0
0.3362,0.3467,0.915,9.7634,-35.0229,-10.4427,0,0,0
0.324,0.3367,0.8943,5.9771,-39.2824,-9.8855,0,0,0
0.3591,0.2991,0.915,1.6336,-42.3282,-6.5649,0,0,0
0.4114,0.248,0.9583,0.9695,-41.1832,-1.145,0,0,0
0.4272,0.2634,0.9739,3.5344,-36.5344,2.8397,0,0,0
0.4368,0.2844,0.9719,2.7176,-28.6565,3.9008,0,0,0
0.4067,0.2971,0.9478,-0.2824,-24.4351,4.3511,0,0,0
0.4087,0.3149,0.9377,-4.5496,-22.3817,3.5802,0,0,0
0.4055,0.2903,0.9333,-6.2366,-20.687,2.6031,0,0,0
0.4121,0.2805,0.9409,-5.3969,-19.5649,3.4046,0,0,0
0.4077,0.2607,0.9312,-2.2519,-19.1603,4.3511,0,0,0
0.4153,0.2686,0.9536,2.916,-17.8397,6.0687,0,0,0
0.4106,0.2927,0.9392,6.9084,-16.4809,6.8397,0,0,0
0.4224,0.3098,0.9512,8.1298,-14.8092,5.8321,0,0,0
0.447,0.3005,0.9895,7.7786,-11.8702,5.9695,0,0,0
0.4524,0.3008,1.0044,6.1679,-7.0611,6.458,0,0,0
0.4619,0.3218,1.0125,2.9466,-1.0763,6.4504,0,0,0
0.4521,0.3303,1.0178,-1.3053,6.3969,5.1069,0,0,0
0.4385,0.3276,1.0044,-4.7328,11.5115,3.458,0,0,0
0.4473,0.2971,0.9956,-5.7099,16.2901,2.5267,0,0,0
0.4321,0.283,0.9741,-4.8931,20.6031,2.6031,0,0,0
0.4207,0.2874,0.9548,-3.4198,22.4427,3.7786,0,0,0
0.4353,0.2832,0.9631,-2.7634,25.2901,5.6794,0,0,0
0.4541,0.3218,0.9868,-4.1527,30.0,7.687,0,0,0
0.437,0.3181,0.9775,-7.1374,35.6107,7.2519,0,0,0
0.4185,0.3123,0.9504,-10.4198,40.1832,5.9466,0,0,0
0.4019,0.3105,0.9294,-12.3282,41.7176,5.5496,0,0,0
0.3882,0.3347,0.9224,-13.8855,39.5802,4.4351,0,0,0
0.3826,0.3367,0.929,-13.8931,38.4198,2.1145,0,0,0
0.4209,0.3428,0.9885,-13.4046,42.5878,1.0992,0,0,0
0.4102,0.3728,0.9866,-14.687,50.7176,-0.9924,0,0,0
0.3965,0.3438,0.9751,-15.9924,57.3435,-3.542,0,0,0
0.3403,0.3345,0.9265,-15.5878,59.3588,-4.5573,0,0,0
0.3174,0.3313,0.8896,-14.9237,56.4427,-4.4809,0,0,0
0.3218,0.322,0.8816,-13.7176,51.3053,-4.7863,0,0,0
0.3164,0.3242,0.8748,-13.145,46.2061,-3.9771,0,0,0
0.303,0.3008,0.8513,-13.2824,42.145,-4.0153,0,0,0
0.2908,0.2888,0.8357,-12.1603,36.0611,-3.3282,0,0,0
0.283,0.28,0.8323,-10.4046,30.3588,-2.4046,0,0,0
0.2798,0.2781,0.8433,-9.4656,24.626,-1.4962,0,0,0
0.262,0.2808,0.8337,-8.0763,18.9008,-0.1221,0,0,0
0.2688,0.2825,0.8413,-5.9847,11.8321,-0.2519,0,0,0
0.2632,0.2822,0.8364,-4.5802,6.0534,-0.5649,0,0,0
0.2649,0.2827,0.8459,-4.1221,0.4733,-1.0382,0,0,0
0.2612,0.2747,0.8489,-4.0,-4.8168,-0.7557,0,0,0
0.292,0.2529,0.877,-3.5649,-8.5725,-0.2519,0,0,0
0.3286,0.2522,0.9255,-1.8015,-6.4351,0.0,0,0,0
0.3147,0.2512,0.9387,-1.0534,-2.7023,0.2672,0,0,0
0.2869,0.2654,0.9358,0.6183,-1.5267,-0.0458,0,0,0
0.2761,0.2695,0.9221,0.9389,-2.3206,-0.1985,0,0,0
0.2581,0.2725,0.9165,1.1908,-4.3588,-0.2061,0,0,0
0.2539,0.2727,0.9126,1.0076,-7.9542,-0.3969,0,0,0
0.2571,0.2607,0.9197,1.8168,-10.771,-0.2366,0,0,0
0.2517,0.269,0.928,1.9313,-13.1756,0.4351,0,0,0
0.261,0.2708,0.9421,0.6565,-15.1298,0.4427,0,0,0
0.2627,0.2776,0.9429,-1.9695,-17.0687,0.4427,0,0,0
0.2734,0.2744,0.959,-4.4962,-17.4275,1.1374,0,0,0
0.2864,0.261,0.9788,-5.5496,-15.5344,2.0611,0,0,0
0.3008,0.2212,0.9973,-3.855,-12.9237,3.687,0,0,0
0.3179,0.2246,1.0056,-2.0763,-9.229,5.9542,0,0,0
0.2971,0.2637,0.9868,-1.8855,-8.0763,6.0763,0,0,0
0.2905,0.2754,0.9795,-2.1985,-8.2595,2.8931,0,0,0
0.291,0.2927,0.9797,-2.9847,-9.313,0.2137,0,0,0
0.2937,0.2678,0.9851,-4.0153,-8.7405,-0.4809,0,0,0
0.3052,0.2515,1.0017,-4.1298,-6.7252,0.2748,0,0,0
0.3047,0.249,1.0127,-3.3664,-4.5038,0.8855,0,0,0
0.3018,0.2415,1.0007,-1.8015,-1.7405,2.1603,0,0,0
0.2966,0.2539,0.9917,-1.7863,-0.2061,2.9466,0,0,0
0.2847,0.259,0.9773,-1.7863,0.3588,3.3359,0,0,0
0.2864,0.2617,0.9639,-2.2443,0.0305,3.4733,0,0,0
0.2854,0.2646,0.9646,-2.5038,-0.2977,2.7328,0,0,0
0.2756,0.2595,0.9526,-1.9084,-0.8092,2.0305,0,0,0
0.2771,0.2524,0.9521,-0.7023,-1.7252,2.4885,0,0,0
0.282,0.2632,0.9465,-0.4351,-2.5573,3.3282,0,0,0
0.2876,0.2683,0.9578,-0.9542,-2.5038,3.9313,0,0,0
0.2859,0.2788,0.9539,-2.6107,-2.0076,3.8168,0,0,0
0.2896,0.27,0.9558,-3.5267,-1.687,4.0458,0,0,0
0.2896,0.2576,0.9478,-3.2519,-0.7176,3.0687,0,0,0
0.2881,0.251,0.9351,-0.9924,-0.1298,2.8397,0,0,0
0.2849,0.2488,0.9321,1.2061,-0.2672,2.1527,0,0,0
0.2878,0.272,0.9319,2.2519,-1.4656,1.687,0,0,0
0.2864,0.2815,0.9387,1.6183,-2.9313,0.5725,0,0,0
0.293,0.2788,0.9304,0.4351,-3.5649,0.0992,0,0,0
0.293,0.2781,0.9377,-1.0458,-4.3893,0.0687,0,0,0
0.2993,0.2463,0.9338,-0.3053,-4.5496,0.5649,0,0,0
0.3157,0.2395,0.9548,2.3435,-3.5267,1.8321,0,0,0
0.3137,0.2646,0.9431,2.771,-1.7176,2.6489,0,0,0
0.3049,0.28,0.9436,0.6412,-2.0687,2.8015,0,0,0
0.3064,0.281,0.9475,-2.1298,-2.8168,2.2137,0,0,0
0.3079,0.2605,0.9446,-2.542,-3.4046,2.1527,0,0,0
0.3093,0.2634,0.9504,-1.0763,-2.7786,2.0153,0,0,0
0.3083,0.2683,0.9529,0.4962,-2.3893,2.0305,0,0,0
0.3113,0.2769,0.9409,1.0611,-1.8473,1.8092,0,0,0
0.3142,0.2678,0.9475,1.626,-1.3511,1.6336,0,0,0
0.3057,0.2612,0.9443,1.6412,-0.9695,1.8321,0,0,0
0.3083,0.2559,0.9458,1.4046,-0.6565,3.374,0,0,0
0.3062,0.2627,0.9531,0.6107,-0.9695,4.5573,0,0,0
0.3047,0.269,0.9509,-0.1832,-0.9389,5.2901,0,0,0
0.3083,0.2563,0.9636,-0.9237,-0.5573,6.6183,0,0,0
0.314,0.2649,0.9629,-0.687,0.5802,7.5344,0,0,0
0.3118,0.2771,0.9536,-1.1298,1.3359,8.4427,0,0,0
0.3086,0.2822,0.9473,-2.9695,0.7863,8.3435,0,0,0
0.3064,0.2686,0.9395,-4.0687,-0.5115,9.4122,0,0,0
0.3093,0.2427,0.936,-4.7634,-1.4351,12.0076,0,0,0
0.3203,0.2302,0.9399,-5.458,-1.2366,15.8321,0,0,0
0.3201,0.25,0.9348,-7.5954,-0.7786,19.6641,0,0,0
0.3213,0.2539,0.9436,-10.7786,-1.6183,21.4046,0,0,0
0.3291,0.2515,0.9463,-13.0458,-1.4427,22.0611,0,0,0
0.3423,0.231,0.9626,-14.6336,-0.4122,22.9389,0,0,0
0.3479,0.2197,0.9602,-14.5954,2.1374,25.6183,0,0,0
0.3467,0.2202,0.9646,-14.9695,4.7939,28.5496,0,0,0
0.3311,0.2363,0.9485,-15.5496,5.5496,29.9466,0,0,0
0.3281,0.2393,0.9363,-17.2595,4.3359,30.6565,0,0,0
0.3384,0.2349,0.9434,-18.3893,3.084,31.4733,0,0,0
0.363,0.21,0.9775,-19.0305,5.8702,34.1221,0,0,0
0.3657,0.2161,0.9929,-20.8092,11.7252,37.084,0,0,0
0.3462,0.2258,0.9797,-22.6718,16.5344,37.6718,0,0,0
0.3223,0.2314,0.9568,-24.3282,17.313,35.7481,0,0,0
0.3059,0.2261,0.9319,-24.5191,15.1908,31.6031,0,0,0
0.3015,0.2261,0.9395,-22.7252,11.9008,27.6489,0,0,0
0.3452,0.1868,0.9861,-20.9389,11.8702,29.0916,0,0,0
0.3364,0.1619,1.0012,-18.6718,15.6183,33.9618,0,0,0
0.3408,0.199,1.0032,-18.3435,19.7099,35.5573,0,0,0
0.3013,0.2163,0.9761,-20.8015,21.687,33.5954,0,0,0
0.2781,0.2151,0.9651,-21.6107,19.9542,28.6183,0,0,0
0.2004,0.1897,0.9001,-20.7863,15.5115,22.5878,0,0,0
0.3083,0.208,0.9568,-17.687,12.7634,18.0916,0,0,0
0.2896,0.1897,0.936,-13.3664,9.687,13.5115,0,0,0
0.2444,0.1677,0.9324,-7.5725,5.0153,10.3664,0,0,0
0.2622,0.1794,0.9519,-3.8626,1.1756,9.1679,0,0,0
0.2727,0.1865,0.9636,-2.0,-0.4351,7.8702,0,0,0
0.2847,0.1995,0.9829,-1.8321,0.6107,5.2977,0,0,0
0.2903,0.2109,0.981,-3.1069,1.4122,3.1298,0,0,0
0.2878,0.2261,0.9663,-4.626,1.0305,0.8702,0,0,0
0.2896,0.2358,0.9729,-6.6489,0.626,-2.7328,0,0,0
0.3,0.2302,0.9851,-7.8244,0.3511,-5.7939,0,0,0
0.2993,0.2166,0.9849,-9.7252,1.0611,-8.5802,0,0,0
0.2935,0.2058,0.9839,-10.8397,1.0763,-10.0611,0,0,0
0.3005,0.2083,0.9832,-13.2824,1.7634,-11.0687,0,0,0
0.3157,0.2195,0.9832,-15.3435,1.8702,-13.6718,0,0,0
0.3452,0.2324,1.0107,-16.5878,5.6183,-18.4122,0,0,0
0.3391,0.2429,1.0269,-19.3664,13.6718,-22.5496,0,0,0
0.3003,0.2068,0.9951,-23.0382,18.2901,-25.3511,0,0,0
0.2781,0.2,0.9739,-28.0229,18.7023,-26.2901,0,0,0
0.3157,0.3281,0.9927,-37.5191,22.145,-25.9008,0,0,0
0.2539,0.1851,0.9255,-44.2214,14.2901,-24.1985,0,0,0
0.2622,0.1492,0.9812,-49.6489,16.0534,-25.9542,0,0,0
0.3,0.2271,0.9978,-52.8015,16.542,-30.2901,0,0,0
0.2561,0.2153,0.9661,-59.4427,18.7939,-34.2137,0,0,0
0.2427,0.1921,0.9739,-66.229,16.4885,-33.9924,0,0,0
0.2041,0.1021,0.9702,-72.4504,16.2672,-32.6031,0,0,0
0.2676,0.1045,1.02,-79.0305,16.916,-31.3511,0,0,0
0.2839,0.1196,0.9932,-77.5344,17.3282,-30.3359,0,0,0
0.2927,0.1152,1.0037,-81.0687,22.6107,-34.4733,0,0,0
0.2314,0.0798,1.0007,-85.1221,21.084,-36.7481,0,0,0
0.269,0.0903,1.0471,-87.4504,21.2824,-36.2137,0,0,0
0.3513,0.1428,1.1013,-87.4504,35.4351,-41.9389,0,0,0
0.2478,0.0149,1.0925,-84.0,47.4656,-47.5725,0,0,0
0.2451,-0.0264,1.1521,-75.4351,59.1298,-49.7939,0,0,0
0.2156,-0.1313,1.2095,-57.4427,69.5802,-49.9084,0,0,0
0.2559,-0.1589,1.1904,-29.2672,78.7176,-45.1221,0,0,0
0.2666,-0.1355,1.1042,-6.458,87.7481,-41.313,0,0,0
0.1206,-0.0889,1.0081,0.8168,85.5115,-35.9771,0,0,0
0.146,-0.0872,1.0254,2.4656,78.374,-34.0611,0,0,0
0.2366,-0.1526,1.1223,9.5725,82.6183,-33.3282,0,0,0
0.1233,-0.1768,1.0447,19.4046,84.8092,-31.4122,0,0,0
0.1453,-0.1313,1.0173,23.771,88.5344,-27.8473,0,0,0
0.3022,-0.0579,1.0913,23.8931,95.2137,-27.0153,0,0,0
0.0276,-0.1204,1.0437,24.9618,81.9695,-22.1145,0,0,0
-0.0242,-0.0686,1.0181,22.9771,79.0611,-20.1527,0,0,0
0.0715,-0.0596,1.0898,21.3588,76.3893,-17.2595,0,0,0
0.0049,-0.0566,1.0476,21.2137,71.6183,-13.9084,0,0,0
0.0818,-0.0154,1.0479,17.4962,69.2595,-9.855,0,0,0
0.0334,-0.0186,1.0405,12.5191,67.8473,-6.4656,0,0,0
0.0588,-0.0007,1.0581,9.8855,68.3053,-5.6336,0,0,0
0.0166,0.02,1.051,4.3359,68.1908,-5.3053,0,0,0
-0.0459,-0.0088,1.0244,-2.0992,69.1527,-4.4809,0,0,0
-0.0779,-0.0259,1.0364,-7.5344,65.7405,-3.4122,0,0,0
0.0586,0.0483,1.0955,-16.6183,72.2901,-1.5649,0,0,0
-0.0771,-0.0193,1.0425,-20.4351,72.4428,0.0,0,0,0
-0.053,0.011,1.0354,-24.0687,72.6489,1.9237,0,0,0
-0.0913,-0.0222,1.0447,-27.1679,71.2672,4.1985,0,0,0
-0.1184,0.0076,1.0217,-29.8168,69.6718,3.6489,0,0,0
-0.1143,-0.0457,1.0361,-28.5725,70.1527,1.8168,0,0,0
-0.1218,-0.0452,1.0298,-26.6718,72.8244,1.8092,0,0,0
-0.168,-0.0242,1.0022,-26.3588,74.1298,0.5496,0,0,0
-0.2202,-0.0281,0.9622,-26.3511,69.5038,0.6565,0,0,0
-0.2397,-0.0496,0.9558,-24.6031,62.3893,2.0458,0,0,0
-0.2397,-0.0208,0.9592,-24.9466,57.2977,4.0229,0,0,0
-0.2424,-0.0344,0.9719,-25.3893,53.229,2.9542,0,0,0
-0.2205,-0.0393,0.9812,-23.8473,53.1221,2.5649,0,0,0
-0.2356,-0.0398,0.9746,-21.4504,54.4885,1.7176,0,0,0
-0.2632,-0.0325,0.9524,-19.855,53.8702,1.0611,0,0,0
-0.2874,-0.0381,0.938,-19.2901,51.1298,0.6183,0,0,0
-0.3059,-0.0652,0.916,-17.1603,46.6107,0.3282,0,0,0
-0.2937,-0.05,0.9377,-15.7023,44.3664,-2.1298,0,0,0
-0.2969,-0.05,0.9214,-16.7252,41.5115,-2.4275,0,0,0
-0.2935,-0.0244,0.9622,-21.0458,42.084,-1.771,0,0,0
-0.2747,-0.0215,0.9753,-25.8397,44.6718,-0.0534,0,0,0
-0.2761,-0.0398,0.9709,-25.5114,46.8321,-3.0076,0,0,0
-0.8652,-0.208,0.7397,-21.5038,65.145,-11.2443,0,0,0
-0.4253,-0.1199,0.8906,-23.7328,45.7252,-8.2061,0,0,0
-0.3076,-0.1011,0.9355,-22.3206,43.374,-10.458,0,0,0
-0.4285,-0.114,0.8604,-18.5038,39.3969,-11.6336,0,0,0
-0.4392,-0.1541,0.8169,-16.5725,28.1298,-10.7099,0,0,0
-0.5127,-0.2275,0.8843,-21.1603,24.7405,-1.8015,0,0,0
-0.3376,-0.1636,0.8989,-21.3817,23.6718,-4.855,0,0,0
-0.3359,-0.0601,0.9316,-27.374,24.3053,-5.5573,0,0,0
-0.377,-0.1504,0.9272,-28.7634,27.2366,-7.1756,0,0,0
-0.3779,-0.2324,0.8984,-22.9924,26.9313,-4.1679,0,0,0
-0.3916,-0.2083,0.9048,-15.9771,24.7863,0.1679,0,0,0
-0.4001,-0.2168,0.8806,-8.1832,21.1679,5.6412,0,0,0
-0.365,-0.175,0.8662,-2.8168,17.8779,8.5802,0,0,0
-0.3599,-0.1504,0.8965,-3.5954,17.8321,9.0382,0,0,0
-0.3899,-0.1648,0.9304,-3.7023,19.5267,12.2366,0,0,0
-0.374,-0.1362,0.9187,-5.7939,18.3969,11.1221,0,0,0
-0.3723,-0.1902,0.9214,-5.4809,22.8473,22.8473,0,0,0
-0.3779,-0.1006,0.8323,-1.8931,21.1679,20.5573,0,0,0
-0.3674,-0.0581,0.8535,2.5344,17.771,18.2443,0,0,0
-0.387,-0.0908,0.8245,6.5191,12.8702,8.5573,1,0,0
-0.4126,-0.137,0.8589,11.0153,9.1603,5.0,1,0,0
-0.4438,-0.1333,0.8679,9.8473,5.4733,9.2214,1,0,0
-0.4053,-0.0718,0.8811,5.3359,2.6336,7.9771,1,0,0
-0.3916,-0.0898,0.8994,3.5878,7.1985,7.2137,1,0,0
-0.3862,-0.0735,0.8979,5.229,3.6031,9.145,1,0,0
-0.4177,-0.0869,0.9221,7.0153,-0.5878,6.1756,1,0,0
-0.4097,-0.051,0.9009,3.9389,2.626,3.5191,1,0,0
-0.4121,-0.043,0.8982,2.2366,0.374,-0.0305,1,0,0
-0.4155,-0.0579,0.8901,2.4733,-1.5496,-1.9542,1,0,0
-0.4058,-0.073,0.8921,1.0458,-3.0534,-1.8321,1,0,0
-0.3989,-0.0747,0.9087,-0.2214,-4.0687,-0.4351,1,0,0
-0.3811,-0.0615,0.9238,-1.4351,-3.4656,0.5802,1,0,0
-0.3828,-0.0322,0.9319,-5.2595,-1.4427,0.3893,1,0,0
-0.3955,-0.0537,0.8875,-8.2137,0.6107,-1.4885,1,0,0
-0.4343,-0.1013,0.8838,-7.6183,-2.5725,-1.3511,1,0,0
-0.4172,-0.1143,0.8611,-7.5649,-7.2595,0.5191,1,0,0
-0.3789,-0.1213,0.9014,-5.4122,-8.0687,1.3588,1,0,0
-0.415,-0.1477,0.8892,3.7023,-10.2977,1.2824,1,0,0
-0.4155,-0.1047,0.8997,10.458,-11.8321,2.7481,1,0,0
-0.4204,-0.0823,0.9014,11.916,-13.771,4.771,0,0,0
-0.4094,-0.0796,0.9028,13.1298,-14.8702,5.0076,0,0,0
-0.3958,-0.0698,0.8958,18.1908,-14.8244,3.7939,0,0,0
-0.3682,-0.0635,0.9207,20.3817,-12.8779,3.9389,0,0,0
-0.3787,-0.0205,0.9285,18.0916,-10.3435,2.916,0,0,0
-0.4104,-0.0117,0.9241,12.7557,-10.6565,1.8168,0,0,0
-0.4021,-0.0376,0.9207,9.5496,-12.1603,0.9695,0,0,0
-0.376,-0.0449,0.9338,10.3588,-10.8015,-0.458,0,0,0
-0.3684,-0.0352,0.95,9.9466,-9.3588,-0.8473,0,0,0
-0.3716,0.0017,0.9595,4.3588,-7.3588,-1.6107,0,0,0
-0.3835,-0.0239,0.9487,1.0229,-5.6412,-3.0382,0,0,0
-0.3748,-0.0317,0.9563,-1.7405,-4.5038,-6.1298,0,0,0
-0.3987,-0.021,0.9373,-4.855,-4.6336,-7.9542,0,0,0
-0.3914,-0.0413,0.9578,-7.6412,-4.9771,-10.3359,0,0,0
-0.4048,-0.0669,0.9629,-9.4275,-6.9542,-9.916,0,0,0
-0.3889,-0.1028,0.9753,-9.6565,-6.1145,-7.8473,0,0,0
-0.3879,-0.1201,0.9971,-6.9771,-4.4504,-5.7939,0,0,0
-0.3843,-0.1179,1.0159,-2.1985,-1.3053,-4.6565,0,0,0
-0.4031,-0.0881,0.989,0.4351,-0.5802,-4.8931,0,0,0
-0.4163,-0.0825,0.9663,0.1756,-2.8702,-4.9466,0,0,0
-0.4023,-0.082,0.9609,-1.0382,-4.1985,-4.5496,0,0,0
-0.3862,-0.0925,0.9795,-2.3893,-3.626,-2.5649,0,0,0
-0.3948,-0.0972,0.9797,-1.626,-2.7557,-0.9237,0,0,0
-0.3862,-0.1135,0.9768,-0.4809,-2.4122,1.8244,0,0,0
-0.3792,-0.0933,0.9834,1.0763,-0.7328,3.2366,0,0,0
-0.3713,-0.0796,0.9878,2.7328,2.1527,2.2519,0,0,0
-0.3943,-0.074,0.9592,3.7481,3.0763,1.2137,0,0,0
-0.3926,-0.0691,0.9475,2.9771,3.145,1.4275,0,0,0
-0.3931,-0.0625,0.9326,0.687,1.9466,1.2901,0,0,0
-0.396,-0.0791,0.9375,0.1527,1.2595,1.4351,0,0,0
-0.395,-0.0615,0.937,0.1145,-0.4504,1.0992,0,0,0
-0.3823,-0.0574,0.9487,-2.4198,-1.4962,1.3435,0,0,0
-0.3689,-0.0474,0.9807,-5.5573,1.0763,-0.1985,0,0,0
-0.3735,-0.0706,0.9768,-8.0687,3.3588,-0.2748,0,0,0
-0.3982,-0.0945,0.9666,-7.2595,4.8779,-0.9389,0,0,0
-0.4045,-0.1169,0.9673,-3.7939,4.0229,-0.9237,0,0,0
-0.3882,-0.0879,0.9866,-2.4656,5.0611,1.5573,0,0,0
-0.3767,-0.0769,0.9924,-3.9466,8.1756,3.0,0,0,0
-0.3882,-0.0659,0.9731,-5.0916,10.9237,1.9313,0,0,0
-0.3975,-0.0625,0.9646,-6.5725,11.0611,1.6107,0,0,0
-0.3796,-0.0679,0.9539,-8.6947,13.1221,-0.145,0,0,0
-0.3992,-0.073,0.937,-8.229,14.6336,-1.8092,0,0,0
-0.4165,-0.0862,0.9412,-6.1756,15.4351,-1.7481,0,0,0
-0.4104,-0.1387,0.957,-1.9237,14.5496,1.9695,0,0,0
-0.3958,-0.0898,0.9863,1.5802,17.0229,4.7099,0,0,0
-0.3965,-0.0488,1.0127,0.8015,20.9542,6.2214,0,0,0
-0.3904,-0.0627,0.9966,1.2214,25.9008,5.5267,0,0,0
-0.4353,-0.043,0.9651,1.1832,28.3893,4.229,0,0,0
-0.4343,-0.0767,0.9336,2.2977,27.8015,3.687,0,0,0
-0.4297,-0.0742,0.8831,3.9466,26.6031,2.4504,0,0,0
-0.4226,-0.2097,0.7751,4.0611,17.6718,9.0305,0,0,0
-0.425,-0.0032,0.9253,5.6641,19.8855,5.4504,0,0,0
-0.4146,0.001,0.9224,-3.374,17.5802,4.3435,0,0,0
-0.4509,-0.0242,0.9539,-5.5878,19.2061,0.6336,0,0,0
-0.4512,-0.0583,0.9321,-5.2672,19.2519,-1.3511,0,0,0
-0.4424,-0.0417,0.9329,-5.7252,19.687,-3.687,0,0,0
-0.4578,-0.0332,0.9192,-7.1908,19.5267,-5.4275,0,0,0
-0.4487,-0.0947,0.9106,-7.0992,21.1603,-6.9389,0,0,0
-0.4668,-0.0984,0.9058,-5.9084,20.5649,-5.5496,0,0,0
-0.4756,-0.1062,0.9077,-5.7557,18.7786,-3.3664,0,0,0
-0.4841,-0.0872,0.8796,-5.2214,15.8702,-2.3588,0,0,0
-0.4788,-0.0886,0.8862,-5.0458,14.313,-1.8702,0,0,0
-0.4863,-0.0793,0.8904,-4.374,13.1145,-1.9466,0,0,0
-0.4937,-0.0825,0.8962,-4.5191,10.9237,-0.2366,0,0,0
-0.4678,-0.0967,0.8965,-3.6718,10.5649,0.916,0,0,0
-0.4614,-0.0701,0.9126,-4.3893,10.7328,2.7939,0,0,0
-0.4641,-0.0469,0.9187,-6.0992,13.0305,3.9695,0,0,0
-0.4502,-0.0459,0.9082,-8.1527,14.8702,2.8702,0,0,0
-0.4648,-0.0688,0.8716,-5.8397,15.8626,-1.0916,0,0,0
-0.4829,-0.0789,0.8057,-1.9847,12.0229,-2.9618,0,0,0
-0.511,-0.0505,0.8381,-7.3053,6.313,-2.0382,0,1,0
-0.4917,-0.0745,0.8804,-6.0534,4.313,-1.4962,0,1,0
-0.4724,-0.0669,0.8711,-4.1145,4.4504,-2.3664,0,1,0
-0.4683,-0.0537,0.8706,-5.8855,4.8244,-3.2824,0,1,0
-0.4714,-0.0547,0.876,-9.6565,5.5954,-4.0763,0,1,0
-0.4866,-0.0862,0.8701,-9.8473,5.0611,-4.4733,0,1,0
-0.4922,-0.0767,0.8647,-9.1756,3.3435,-4.5878,0,1,0
-0.4932,-0.0964,0.8621,-7.5649,1.1145,-4.1527,0,1,0
-0.49,-0.0769,0.8652,-6.7481,-0.7023,-3.4122,0,1,0
-0.4868,-0.0796,0.8525,-7.4504,-1.8168,-3.7481,0,1,0
-0.48,-0.0559,0.8545,-14.9466,-4.8168,-2.8092,0,1,0
-0.4888,-0.1084,0.7927,-13.9618,-7.7786,-5.0534,0,1,0
-0.4905,-0.1521,0.822,-8.8931,-11.9008,-4.8092,0,1,0
-0.4795,-0.1045,0.8267,-6.8626,-13.9084,-4.4275,0,1,0
-0.4824,-0.1064,0.8447,-6.0458,-15.3511,-5.0763,0,1,0
-0.4968,-0.1211,0.8728,-2.2214,-17.3359,-5.9466,0,1,0
-0.4978,-0.1211,0.8743,2.3664,-20.7023,-4.0,0,1,0
-0.4717,-0.1538,0.887,4.0916,-22.2061,0.1603,0,0,0
-0.4663,-0.1296,0.8745,7.2519,-23.1221,2.0534,0,0,0
-0.458,-0.1318,0.8721,9.542,-23.5573,3.0611,0,0,0
-0.4607,-0.0759,0.8594,6.6489,-25.8321,3.5267,0,0,0
-0.4587,-0.0557,0.8811,2.7863,-26.9771,-0.0992,0,0,0
-0.4709,-0.093,0.8718,5.4046,-27.7863,-3.7634,0,0,0
-0.4578,-0.1445,0.8579,10.2443,-31.7863,-1.8855,0,0,0
-0.4409,-0.1135,0.8645,14.6489,-33.1908,0.8168,0,0,0
-0.4534,-0.1067,0.8789,17.6107,-34.626,-0.0611,0,0,0
-0.418,-0.0603,0.9214,17.8015,-32.1756,-0.1069,0,0,0
-0.4099,-0.0632,0.9617,17.8779,-29.4122,-1.0076,0,0,0
-0.4143,-0.0625,0.9531,17.3817,-27.5802,-1.0076,0,0,0
-0.405,-0.0569,0.9641,13.8626,-26.1221,-0.3282,0,0,0
-0.3979,-0.0166,0.9819,6.1298,-23.1603,-0.1527,0,0,0
-0.3833,-0.0432,0.9822,0.6947,-19.0992,-1.4046,0,0,0
-0.396,-0.0559,0.9797,-1.6641,-15.8244,-4.0076,0,0,0
-0.4133,-0.0928,0.9795,-2.5649,-14.4885,-4.9084,0,0,0
-0.3999,-0.1316,0.9844,2.8473,-11.8015,-4.5496,0,0,0
-0.4121,-0.1064,0.9829,8.2443,-10.1603,-3.2061,0,0,0
-0.4001,-0.0886,0.9897,8.3282,-8.6107,0.0382,0,0,0
-0.3975,-0.0686,0.9929,6.1603,-6.145,1.3206,0,0,0
-0.4121,-0.0642,0.9729,2.9618,-4.6641,0.8779,0,0,0
-0.4146,-0.0627,0.9492,0.0382,-5.3282,0.3053,0,0,0
-0.4214,-0.0879,0.9385,-1.3359,-7.5573,0.1832,0,0,0
-0.4136,-0.0996,0.9302,-0.2443,-10.1221,1.1298,0,0,0
-0.4111,-0.0984,0.9221,2.3664,-11.9389,2.0534,0,0,0
-0.4153,-0.0889,0.9233,3.7176,-14.9542,4.7328,0,0,0
-0.3501,-0.1135,0.9697,6.2366,-12.0687,7.687,0,0,0
-0.3457,-0.0342,1.0093,5.8626,-4.8626,5.8244,0,0,0
-0.3735,-0.0242,1.0061,5.5344,0.5954,3.0305,0,0,0
-0.407,-0.03,0.9663,4.687,1.0534,1.1756,0,0,0
-0.4331,-0.0383,0.9329,2.7405,-3.2137,1.7405,0,0,0
-0.4277,-0.0276,0.9028,0.5115,-8.458,1.3588,0,0,0
-0.3989,-0.0295,0.918,-2.0763,-12.3282,0.3588,0,0,0
-0.3933,-0.0469,0.9226,-3.3435,-13.7099,-0.6336,0,0,0
-0.374,-0.0642,0.9333,-3.0153,-14.2672,0.4733,0,0,0
-0.3621,-0.0828,0.9414,-0.8321,-13.1145,1.7481,0,0,0
-0.3569,-0.0791,0.9624,2.6412,-10.8092,2.916,0,0,0
-0.3652,-0.072,0.9604,6.2443,-9.3664,4.5191,0,0,0
-0.3838,-0.0542,0.9473,9.145,-10.7252,5.0,0,0,0
-0.3745,-0.0457,0.9375,10.5191,-11.9008,4.8244,0,0,0
-0.3762,-0.0127,0.9263,9.4427,-13.2214,3.3969,0,0,0
-0.3672,-0.0208,0.9153,7.0992,-15.4275,2.542,0,0,0
-0.366,-0.0549,0.9253,6.3053,-16.8855,2.1603,0,0,0
-0.3757,-0.0603,0.9314,6.8397,-19.0382,2.8015,0,0,0
-0.3743,-0.0774,0.9387,8.458,-21.5954,4.0153,0,0,0
-0.3853,-0.0625,0.9209,9.8244,-26.8397,5.4962,0,0,0
-0.387,-0.0891,0.9221,11.9695,-32.0763,6.8931,0,0,0
-0.2017,0.0132,0.9709,16.6641,-43.458,9.1756,0,0,0
-0.3699,-0.0745,0.9102,21.0687,-48.7099,7.6641,0,0,0
-0.3904,-0.0569,0.8936,22.9847,-53.4809,7.1756,0,0,0
-0.29,-0.0657,0.9482,23.626,-51.9847,7.1603,0,0,0
-0.1738,0.072,0.9109,22.5344,-54.6641,9.3969,0,0,0
-0.3027,-0.0256,0.9722,18.1756,-51.4198,8.084,0,0,0
-0.2754,0.0313,1.0032,16.0382,-51.2977,6.6718,0,0,0
-0.2854,-0.0166,0.9917,15.4733,-52.0153,6.2595,0,0,0
-0.3203,-0.0625,0.9724,19.7939,-56.7023,5.9084,0,0,0
-0.3093,-0.0691,0.9631,30.0687,-62.0076,4.4122,0,0,0
-0.3496,-0.0688,0.905,40.3511,-71.3206,3.0153,0,0,0
-0.3889,-0.0283,0.8748,49.313,-83.5878,4.0992,0,0,0
-0.2346,-0.0217,0.9099,54.0763,-97.3664,7.7939,0,0,0
-0.1211,0.0518,0.9814,48.6718,-90.7023,9.0534,0,0,0
-0.1614,0.1221,0.9941,37.1985,-91.5038,12.8168,0,0,0
-0.1858,0.0945,1.0349,23.7176,-83.7328,12.1832,0,0,0
-0.1335,0.0693,1.0547,15.542,-81.6107,14.3511,0,0,0
-0.1309,0.0127,1.0427,18.0763,-78.9084,16.1679,0,0,0
-0.1223,0.0264,1.0244,26.7023,-77.4733,15.7252,0,0,0
-0.1338,-0.0198,1.031,40.8626,-80.5191,15.9237,0,0,0
-0.0952,0.0471,1.0042,48.5191,-80.626,13.4656,0,0,0
-0.0994,0.1155,0.969,49.3664,-78.8321,9.7023,0,0,0
0.0222,0.176,1.0278,43.626,-75.5496,7.8321,0,0,0
-0.0068,0.1995,1.0479,33.1603,-67.6565,4.6183,0,0,0
-0.0393,0.178,1.0969,22.0992,-60.6031,4.6107,0,0,0
0.0725,0.1702,1.1367,16.3588,-56.4046,6.4046,0,0,0
0.0552,0.134,1.1365,15.916,-47.4427,6.3664,0,0,0
0.0486,0.1482,1.137,18.4809,-40.1756,5.4733,0,0,0
0.0237,0.1213,1.0767,20.0382,-31.0916,4.6718,0,0,0
0.0237,0.1628,1.054,21.6947,-28.5878,5.5573,0,0,0
0.0803,0.1663,1.0625,21.3817,-23.916,6.4122,0,0,0
0.0886,0.2107,1.0745,16.3893,-14.3511,5.0153,0,0,0
0.1072,0.2024,1.0952,7.7939,-4.1603,3.3282,0,0,0
0.0771,0.2078,1.1055,-1.5115,5.2519,3.3969,0,0,0
0.0532,0.1985,1.093,-7.7099,10.771,3.6794,0,0,0
0.0288,0.1777,1.0591,-8.1221,12.7863,2.5038,0,0,0
0.0029,0.1543,1.02,-4.8626,11.0305,3.8168,0,0,0
0.0176,0.1777,1.0203,-2.5038,10.2824,4.2061,0,0,0
0.01,0.1719,1.0132,-3.3359,8.6489,6.0534,0,0,0
0.0376,0.178,1.0415,-5.1679,10.3206,7.8702,0,0,0
0.0073,0.1736,1.0151,-6.5725,12.6641,8.1679,0,0,0
0.0569,0.1946,1.0471,-9.0458,15.1679,8.0992,0,0,0
0.0132,0.157,1.052,-8.6031,17.4122,6.7405,0,0,0
0.0115,0.1677,1.0601,-7.1298,21.0458,8.3511,0,0,0
0.0042,0.1882,1.0371,-6.4809,22.9695,9.1221,0,0,0
-0.0264,0.1895,0.9998,-5.8244,21.4046,9.4809,0,0,0
-0.0405,0.1987,0.9758,-4.8779,17.6183,8.8168,0,0,0
-0.03,0.1982,0.9788,-3.7863,13.8321,6.855,0,0,0
-0.0339,0.2124,0.9778,-3.0763,9.8397,5.3053,0,0,0
-0.0142,0.1968,1.009,-3.8931,8.2366,3.5115,0,0,0
-0.0149,0.1895,1.0017,-4.0687,7.5878,4.771,0,0,0
-0.0088,0.187,1.0085,-5.2366,8.3893,4.374,0,0,0
-0.0154,0.1709,1.0029,-5.7481,8.4351,3.5344,0,0,0
-0.019,0.1743,0.9983,-5.771,8.7557,2.2748,0,0,0
-0.0186,0.1616,0.9841,-4.5802,6.8931,1.2595,0,0,0
-0.0247,0.1653,0.9897,-3.5802,5.6183,-0.1221,0,0,0
-0.0266,0.1594,1.0032,-4.1985,4.8244,0.7252,0,0,0
-0.0315,0.1416,0.9956,-3.5878,3.0687,2.374,0,0,0
-0.0283,0.1387,1.012,-2.1756,2.6107,2.6947,0,0,0
-0.0334,0.1433,1.0093,-1.0458,2.1298,2.4198,0,0,0
-0.0322,0.1326,1.0012,-1.5115,1.2901,2.8779,0,0,0
-0.0264,0.1411,1.0151,-2.8702,1.5191,2.7634,0,0,0
-0.0129,0.1406,1.03,-3.2519,3.6565,2.3969,0,0,0
-0.0259,0.124,1.0291,-2.7023,5.7939,2.626,0,0,0
-0.0229,0.1365,1.0305,-0.8397,7.1527,2.0229,0,0,0
-0.0652,0.1357,1.0166,-0.9008,7.3893,1.2977,0,0,0
-0.0417,0.1484,1.0227,-2.1298,5.458,1.1679,0,0,0
-0.0488,0.1499,1.0239,-3.2748,4.1679,0.7557,0,0,0
-0.0623,0.1489,1.0269,-4.1908,3.5191,0.4198,0,0,0
-0.0562,0.1394,1.0337,-5.1221,2.9466,-0.0382,0,0,0
-0.0503,0.1353,1.0349,-5.1756,3.687,-0.4198,0,0,0
-0.0432,0.1262,1.0242,-4.626,4.2595,-0.7481,0,0,0
-0.0544,0.1162,1.0156,-3.5573,3.9237,0.0458,0,0,0
-0.0593,0.1262,1.0063,-2.855,2.7099,1.1527,0,0,0
-0.0547,0.1423,1.009,-2.4504,1.4275,0.5725,0,0,0
-0.0564,0.1458,0.9929,-3.2214,-0.1985,-0.7328,0,0,0
-0.0667,0.147,1.0022,-3.687,-2.1832,-2.1374,0,0,0
-0.0498,0.1414,1.0037,-2.626,-3.4885,-2.9313,0,0,0
-0.0432,0.1326,1.0149,-0.5344,-3.9389,-4.2366,0,0,0
-0.0481,0.127,1.0127,1.3435,-2.9389,-4.5649,0,0,0
-0.0479,0.137,1.0161,4.7252,-2.5496,-5.229,0,0,0
-0.0437,0.1453,1.0203,8.3664,-2.6412,-6.8855,0,0,0
-0.0459,0.1882,1.0063,9.1832,-3.4427,-9.7557,0,0,0
-0.0496,0.2012,1.0188,6.4962,-3.6107,-12.7557,0,0,0
-0.0413,0.1865,1.0139,1.5344,-3.145,-13.1832,0,0,0
-0.0349,0.1604,1.0076,-2.1603,-2.4351,-12.7634,0,0,0
-0.0408,0.1279,0.9946,-3.6336,-1.7786,-12.2595,0,0,0
-0.0454,0.1099,0.9976,-2.0153,-1.9466,-11.1221,0,0,0
-0.0457,0.1111,1.0059,0.8168,-1.8702,-9.4275,0,0,0
-0.0447,0.1208,0.9927,2.7786,-3.1603,-8.1145,0,0,0
-0.0359,0.1218,0.9956,2.4046,-4.3893,-6.1832,0,0,0
-0.0317,0.1306,0.999,0.2366,-4.5344,-3.9847,0,0,0
-0.0315,0.1226,1.001,-1.9542,-5.0229,-2.5038,0,0,0
-0.0342,0.1292,1.002,-2.145,-5.2901,-1.9237,0,0,0
-0.0234,0.1296,1.0249,-2.4122,-5.5115,-2.0382,0,0,0
-0.0325,0.1357,1.0249,-2.542,-4.7939,-1.687,0,0,0
-0.0266,0.1396,1.0178,-2.7252,-4.5344,-1.4809,0,0,0
-0.022,0.1394,1.0193,-3.0687,-4.2977,-1.5344,0,0,0
-0.0159,0.127,1.0181,-2.9847,-4.0534,-1.7099,0,0,0
-0.0264,0.1321,1.0281,-2.1832,-3.9466,-1.7481,0,0,0
-0.0212,0.137,1.0229,-1.9008,-3.458,-2.6412,0,0,0
-0.0283,0.1213,1.0186,-0.8015,-3.4427,-2.3969,0,0,0
-0.0283,0.1438,1.0227,0.2519,-3.1908,-2.1679,0,0,0
-0.0254,0.1514,1.0164,-1.1679,-3.0992,-1.6183,0,0,0
-0.0264,0.1548,1.0166,-2.4962,-3.3817,-1.8015,0,0,0
-0.0303,0.1475,1.0244,-3.855,-2.313,-1.4504,0,0,0
-0.0371,0.1333,1.0127,-3.4656,-1.4504,-1.2672,0,0,0
-0.0435,0.1399,1.0107,-1.8168,-1.6336,-0.3893,0,0,0
-0.0483,0.1631,1.0139,-1.9924,-2.771,-0.4656,0,0,0
-0.0471,0.1465,1.0078,-1.5954,-3.7099,-0.5344,0,0,0
-0.0388,0.1506,1.0178,0.1908,-4.5725,-0.6489,0,0,0
-0.0315,0.1626,1.0342,0.1603,-4.0687,-1.2824,0,0,0
-0.0327,0.166,1.0342,-0.9008,-2.8626,-1.7786,0,0,0
-0.0347,0.1658,1.032,-2.4504,-2.9847,-1.9313,0,0,0
-0.031,0.1624,1.0276,-4.0,-3.1221,-2.6336,0,0,0
-0.0251,0.1602,1.0269,-5.4656,-3.6107,-3.1679,0,0,0
-0.0117,0.1423,1.0342,-6.3511,-2.6641,-3.5649,0,0,0
-0.0105,0.1238,1.041,-5.5267,-0.8931,-3.6565,0,0,0
-0.0222,0.125,1.0317,-3.6947,-0.6718,-3.3282,0,0,0
-0.0281,0.1262,1.0139,-2.9695,-0.6947,-2.5573,0,0,0
-0.0344,0.1357,1.0134,-3.8092,-1.7252,-2.5725,0,0,0
-0.0286,0.1245,1.0134,-4.2214,-2.0763,-3.0305,0,0,0
-0.0269,0.1169,1.0139,-3.6412,-2.0305,-3.1679,0,0,0
-0.031,0.1174,1.0117,-2.9008,-2.5649,-2.2672,0,0,0
-0.0334,0.1301,1.0168,-3.2443,-2.6412,-1.8702,0,0,0
-0.0278,0.1348,1.0166,-3.8473,-2.855,-1.7634,0,0,0
-0.0259,0.1272,1.0203,-3.9847,-2.4046,-1.9237,0,0,0
-0.0256,0.1372,1.011,-4.0,-2.4733,-2.2443,0,0,0
-0.0283,0.1353,1.0129,-5.0687,-2.4122,-2.9618,0,0,0
-0.0408,0.1228,1.0078,-5.4351,-2.9771,-2.8855,0,0,0
-0.0386,0.1189,1.0083,-4.9008,-4.229,-2.7099,0,0,0
-0.0366,0.1172,1.0176,-3.9237,-4.5878,-1.542,0,0,0
-0.0295,0.1248,1.0242,-3.0458,-4.5725,-0.626,0,0,0
-0.032,0.1299,1.0334,-2.7863,-4.4962,-0.4427,0,0,0
-0.0325,0.1392,1.0352,-2.8092,-4.3588,-0.4351,0,0,0
-0.031,0.1384,1.0479,-2.9237,-3.6183,-0.771,0,0,0
-0.0276,0.134,1.0413,-2.5267,-3.0763,-0.9237,0,0,0
-0.0234,0.1467,1.0425,-2.8168,-1.9847,-1.0229,0,0,0
-0.0251,0.1411,1.0479,-2.9313,-1.5115,-1.4275,0,0,0
-0.0303,0.1448,1.0496,-2.6641,-0.6718,-1.1679,0,0,0
-0.0271,0.1455,1.043,-2.7786,-0.4733,-0.9466,0,0,0
-0.0281,0.1475,1.0442,-3.4351,0.084,-1.3511,0,0,0
-0.0242,0.1519,1.0452,-3.8779,0.8397,-2.1374,0,0,0
-0.0249,0.1426,1.03,-3.9389,1.1679,-2.1908,0,0,0
-0.0344,0.1436,1.0232,-4.1069,1.1145,-2.2901,0,0,0
-0.0327,0.1401,1.0137,-3.7939,0.8244,-2.3282,0,0,0
-0.0298,0.1338,1.0254,-2.5573,0.4656,-2.687,0,0,0
-0.0249,0.1272,1.0227,-1.8855,0.626,-2.4504,0,0,0
-0.0283,0.1367,1.0068,-1.6794,0.0916,-1.9618,0,0,0
-0.0276,0.1362,1.0098,-2.5191,-0.542,-2.0458,0,0,0
-0.03,0.1331,1.0261,-3.5115,-0.7099,-2.7557,0,0,0
-0.0271,0.1338,1.0234,-3.7328,-1.0687,-2.6947,0,0,0
-0.0237,0.1238,1.03,-4.6336,-0.3893,-2.4351,0,0,0
-0.0227,0.1128,1.0347,-3.0992,0.1527,-1.374,0,0,0
-0.0232,0.1216,1.0369,-1.1985,0.9924,-1.6794,0,0,0
-0.0249,0.125,1.0198,-0.8855,0.542,-1.8626,0,0,0
-0.0247,0.1238,1.0129,-1.5115,-0.0305,-1.6412,0,0,0
-0.0247,0.1199,1.022,-2.1221,-0.4885,-1.3664,0,0,0
-0.0212,0.1328,1.0146,-2.542,-0.1221,-1.6565,0,0,0
-0.0166,0.124,1.0264,-2.6336,0.5344,-1.9924,0,0,0
-0.0215,0.1172,1.0232,-2.4504,1.3282,-1.6031,0,0,0
-0.0291,0.1223,1.0125,-1.7176,1.8168,-1.4962,0,0,0
-0.0325,0.1135,1.0037,-0.8931,0.8015,-1.2824,0,0,0
-0.0388,0.1135,1.0068,0.1298,-0.542,-1.145,0,0,0
-0.0376,0.1216,1.0103,0.3282,-1.3359,-0.5802,0,0,0
-0.0269,0.1296,1.0166,0.3893,-1.8702,-0.313,0,0,0
-0.022,0.1387,1.0291,-0.5267,-1.313,-1.084,0,0,0
-0.0198,0.1326,1.0256,-1.6412,-0.1374,-1.5802,0,0,0
-0.0229,0.1252,1.0188,-1.5267,-0.2748,-1.0534,0,0,0
-0.0193,0.1235,1.0156,-1.084,-0.2824,-1.1221,0,0,0
-0.0239,0.1274,1.0195,-0.9084,-0.5802,-1.3053,0,0,0
-0.0244,0.126,1.0205,-1.145,-0.8397,-0.9542,0,0,0
-0.0264,0.1296,1.0303,-0.9542,-1.0763,-0.2214,0,0,0
-0.0256,0.1365,1.0256,-1.7481,-1.1374,-0.5115,0,0,0
-0.031,0.1472,1.0281,-2.5649,-0.6947,-1.3588,0,0,0
-0.03,0.135,1.0298,-3.5954,-0.5038,-2.0153,0,0,0
-0.0308,0.1177,1.0283,-2.9008,-0.1756,-1.9084,0,0,0
-0.0227,0.1206,1.0295,-1.8702,0.2824,-1.9466,0,0,0
-0.0261,0.1311,1.02,-1.3511,0.5954,-2.1679,0,0,0
-0.0278,0.1372,1.03,-2.2519,0.542,-2.3664,0,0,0
-0.0249,0.1318,1.0247,-3.3053,0.6336,-2.0305,0,0,0
-0.0293,0.1201,1.0225,-3.9237,0.5344,-2.6412,0,0,0
-0.0203,0.1184,1.0195,-3.1832,0.2595,-2.1221,0,0,0
-0.0225,0.1265,1.0176,-3.8779,0.0305,-2.0687,0,0,0
-0.0122,0.1294,1.0195,-4.8931,0.0382,-2.2672,0,0,0
-0.0142,0.1174,1.0186,-5.5191,0.2748,-2.6183,0,0,0
-0.0144,0.114,1.0242,-4.6565,0.1145,-2.5344,0,0,0
-0.0212,0.1128,1.0278,-4.0,-0.145,-1.5191,0,0,0
-0.0271,0.1106,1.0225,-3.3511,-0.0611,-1.2901,0,0,0
-0.0251,0.1089,1.0107,-1.6031,0.1221,-0.7786,0,0,0
-0.0183,0.1196,1.0073,0.1908,0.2366,-1.1756,0,0,0
-0.0308,0.1353,1.0005,-0.5802,-0.3893,-0.4351,0,0,0
-0.0266,0.1301,0.9978,-1.7023,-1.5496,-0.2901,0,0,0
-0.0286,0.135,1.0056,-2.8779,-1.5344,-1.0611,0,0,0
-0.0342,0.1323,1.0081,-3.3206,-1.6183,-0.9695,0,0,0
-0.0361,0.1204,1.0164,-3.9466,-2.2366,-0.6565,0,0,0
-0.033,0.1221,1.0168,-3.0153,-2.2748,-0.8931,0,0,0
-0.0266,0.113,1.0229,-2.0458,-2.5191,-0.229,0,0,0
-0.0259,0.1228,1.0269,-0.8702,-2.1298,-0.4962,0,0,0
-0.0244,0.1289,1.0266,-1.3588,-1.7939,-1.1603,0,0,0
-0.0259,0.1301,1.0439,-2.0076,-1.1679,-1.7863,0,0,0
-0.0208,0.125,1.0376,-2.6565,-0.5115,-2.1832,0,0,0
-0.0203,0.1277,1.0349,-3.2672,0.313,-1.9084,0,0,0
-0.0159,0.125,1.04,-4.0687,1.1298,-2.1603,0,0,0
-0.022,0.1174,1.0354,-4.1145,1.5267,-1.9618,0,0,0
-0.0249,0.1104,1.0286,-4.0305,1.7634,-2.0687,0,0,0
-0.0266,0.0989,1.0127,-3.0687,0.9542,-1.3053,0,0,0
-0.03,0.1111,1.0183,-1.9771,0.2672,-0.9695,0,0,0
-0.0325,0.1182,1.0078,-1.7252,-0.6641,-0.5038,0,0,0
-0.0269,0.1204,1.0317,-2.0534,-0.9924,0.2748,0,0,0
-0.0251,0.1277,1.0327,-2.6107,-0.313,0.084,0,0,0
-0.0291,0.1311,1.0286,-2.8397,0.5344,0.0916,0,0,0
-0.0298,0.1287,1.0312,-2.7023,0.9084,-0.3893,0,0,0
-0.0305,0.1272,1.0195,-2.374,0.5802,-0.3893,0,0,0
-0.0264,0.1335,1.0288,-2.229,0.5573,-0.3206,0,0,0
-0.0354,0.1357,1.0232,-1.5878,0.7099,-1.0,0,0,0
-0.0308,0.1426,1.0264,-2.3282,0.8931,-1.374,0,0,0
-0.0264,0.1367,1.0159,-2.8626,0.3969,-1.4809,0,0,0
-0.0188,0.1392,1.0159,-3.5496,0.6947,-1.8168,0,0,0
-0.0205,0.1343,1.0154,-4.3206,1.2443,-2.3206,0,0,0
-0.021,0.1287,1.0269,-4.916,1.1298,-2.1908,0,0,0
-0.0259,0.1165,1.0247,-4.4122,1.5115,-2.4656,0,0,0
-0.0273,0.1177,1.0193,-3.313,1.0305,-2.5954,0,0,0
-0.0342,0.1196,1.0183,-1.8779,0.8702,-2.771,0,0,0
-0.0369,0.123,1.0007,-0.9237,-0.0458,-2.8244,0,0,0
-0.0322,0.1316,1.0063,-1.687,-1.1145,-2.7176,0,0,0
-0.0264,0.1184,1.001,-2.2977,-1.6107,-2.2061,0,0,0
-0.0232,0.1108,1.0129,-1.8626,-1.5802,-1.2595,0,0,0
-0.0178,0.1125,1.0151,-1.5496,-0.9084,-0.8092,0,0,0
-0.0251,0.123,1.0247,-1.5344,0.0916,-1.1832,0,0,0
-0.0293,0.1287,1.0239,-2.2595,-0.4198,-1.5191,0,0,0
-0.0225,0.1211,1.022,-2.229,-0.6794,-1.8473,0,0,0
-0.0276,0.1255,1.0225,-1.2519,-0.9008,-2.4275,0,0,0
-0.0266,0.1272,1.019,-1.3588,-0.8931,-2.771,0,0,0
-0.0298,0.1228,1.0129,-1.229,-1.2443,-2.3664,0,0,0
-0.0254,0.1296,1.0081,-1.8702,-1.5191,-2.8168,0,0,0
-0.0249,0.1211,1.0115,-2.9389,-1.1069,-3.1374,0,0,0
-0.0154,0.1099,1.0278,-3.1527,-0.5115,-2.7328,0,0,0
-0.0215,0.1084,1.0222,-3.1908,-0.4885,-2.3893,0,0,0
-0.0305,0.1116,1.0281,-2.9695,-0.7939,-2.2137,0,0,0
-0.0325,0.1062,1.0315,-2.2901,-1.3435,-2.1069,0,0,0
-0.0349,0.1204,1.0195,-0.9542,-1.3359,-2.1679,0,0,0
-0.0359,0.1306,1.0237,-1.2366,-1.3893,-2.0229,0,0,0
-0.0325,0.1362,1.0234,-1.5496,-1.3206,-2.4504,0,0,0
-0.0295,0.1396,1.0312,-2.3282,-1.1985,-3.6565,0,0,0
-0.0254,0.1484,1.0269,-3.6336,-0.8779,-4.6489,0,0,0
-0.0205,0.1355,1.0266,-4.6718,-0.9389,-5.8397,0,0,0
-0.0244,0.1191,1.0352,-5.4504,-0.1374,-5.626,0,0,0
-0.0313,0.1133,1.0134,-5.7786,-0.1069,-5.2901,0,0,0
-0.0369,0.1091,1.0164,-5.4046,-0.7023,-4.3664,0,0,0
-0.0271,0.1064,1.0208,-4.9084,-1.1069,-4.5038,0,0,0
-0.0313,0.1055,1.0212,-4.4885,-1.0534,-3.9389,0,0,0
-0.031,0.0972,1.0183,-3.8244,-1.0382,-3.7786,0,0,0
-0.0269,0.0891,1.0188,-2.3435,-1.5344,-3.1069,0,0,0
-0.0344,0.0962,1.0125,-1.1908,-2.2595,-2.2595,0,0,0
-0.0239,0.0999,1.0176,-0.5802,-2.4198,-1.7328,0,0,0
-0.0291,0.1001,1.0259,-0.145,-2.0076,-1.5038,0,0,0
-0.0308,0.0986,1.0203,0.5115,-1.9008,-1.1832,0,0,0
-0.0288,0.0977,1.0115,0.9771,-2.0153,-0.8855,0,0,0
-0.0337,0.1067,1.0085,0.7786,-2.7405,-0.6412,0,0,0
-0.0315,0.1001,1.0186,-0.2824,-3.229,-0.9313,0,0,0
-0.0295,0.0903,1.0198,-0.2443,-2.6107,-1.1221,0,0,0
-0.031,0.0894,1.0181,0.3893,-2.5649,-0.7023,0,0,0
-0.0339,0.0879,1.0188,0.5191,-2.8626,-0.5267,0,0,0
-0.0371,0.095,1.0183,-0.1756,-3.0687,-0.1145,0,0,0
-0.0283,0.0957,1.0256,-0.8626,-2.7863,0.084,0,0,0
-0.0356,0.0989,1.0278,-1.5878,-2.8473,0.3206,0,0,0
-0.0313,0.1001,1.0215,-2.0611,-2.6718,0.6183,0,0,0
-0.0305,0.1016,1.0273,-2.2443,-2.0611,0.4046,0,0,0
-0.0232,0.1016,1.0322,-2.9924,-1.4885,0.4198,0,0,0
-0.03,0.1084,1.0415,-3.4351,-0.9466,-0.0916,0,0,0
-0.0344,0.1113,1.0339,-4.3435,-0.6718,-0.0763,0,0,0
-0.0352,0.1042,1.0374,-5.1756,-0.5802,-0.0687,0,0,0
-0.0344,0.1057,1.0396,-4.9695,-0.4504,0.4198,0,0,0
-0.0293,0.0994,1.0413,-4.9389,-0.1145,0.626,0,0,0
-0.0278,0.0996,1.0544,-4.4656,0.1832,1.1603,0,0,0
-0.0264,0.1084,1.0515,-3.9618,0.9542,1.4733,0,0,0
-0.0293,0.1096,1.0496,-4.4198,1.0916,1.7405,0,0,0
-0.0322,0.116,1.063,-4.5573,1.3511,1.8855,0,0,0
-0.0212,0.1333,1.0596,-5.084,2.3435,1.4656,0,0,0
-0.02,0.1387,1.063,-7.3282,4.3511,0.5191,0,0,0
-0.0259,0.134,1.0649,-8.5649,6.1374,-0.3893,0,0,0
-0.0364,0.1187,1.0591,-9.3206,6.4885,-0.5038,0,0,0
-0.033,0.1052,1.0471,-8.6718,6.1679,0.6565,0,0,0
-0.0388,0.1033,1.042,-6.8015,5.5115,1.8397,0,0,0
-0.0378,0.1282,1.0408,-5.5573,4.9695,2.2977,0,0,0
-0.0183,0.1384,1.0632,-6.8779,6.0458,1.2901,0,0,0
0.0,0.1338,1.0786,-9.3206,10.0305,0.7786,0,0,0
-0.0117,0.127,1.0752,-11.4962,14.6183,0.771,0,0,0
-0.0198,0.1101,1.064,-12.0992,17.6031,0.8168,0,0,0
-0.033,0.0901,1.0476,-10.1756,18.8626,1.8779,0,0,0
-0.0432,0.0876,1.0405,-8.0076,19.5191,2.5649,0,0,0
-0.0464,0.0964,1.0391,-7.7023,20.2137,4.3817,0,0,0
-0.0298,0.1057,1.0608,-8.7023,22.6718,6.084,0,0,0
-0.3125,-0.0442,0.9653,-8.6947,29.1069,6.855,0,0,0
-0.0503,0.0583,1.0237,-6.1221,30.5191,8.2672,0,0,0
-0.0308,0.0876,1.0371,-3.9924,30.6641,8.0992,0,0,0
-0.0334,0.1162,1.0415,-5.0916,31.4885,8.458,0,0,0
-0.0691,0.0837,1.0322,-7.0305,33.0305,8.3893,0,0,0
-0.0828,0.0798,1.0327,-8.374,35.7786,7.8321,0,0,0
-0.0818,0.0713,1.0303,-8.3435,39.458,6.458,0,0,0
-0.0854,0.082,1.03,-6.542,38.0763,4.229,0,0,0
-0.1616,0.0615,0.9619,-4.771,33.0,3.8626,0,0,0
-0.134,0.0752,0.9663,-4.3206,29.0992,4.3282,0,0,0
-0.1638,0.0657,0.9548,-3.855,23.1603,4.8015,0,0,0
-0.1418,0.0723,0.9646,-3.7099,19.0305,5.3588,0,0,0
-0.1399,0.0732,0.9712,-5.2977,18.1756,5.0229,0,0,0
-0.1313,0.0547,0.9792,-5.2977,16.2748,5.229,0,0,0
-0.1311,0.0623,0.9829,-3.3511,14.6336,5.9389,0,0,0
-0.1467,0.0737,0.9895,-1.6489,13.2214,6.3206,0,0,0
-0.1396,0.0864,0.9968,-1.2366,12.5573,4.5267,0,0,0
-0.1467,0.0684,0.9783,1.8626,10.1374,4.7328,0,0,0
-0.1475,0.064,0.9768,6.0076,7.2366,5.5878,0,0,0
-0.1438,0.0591,0.9646,8.7176,6.3511,5.5115,0,0,0
-0.1475,0.0862,0.9556,9.7863,3.8321,5.9924,0,0,0
-0.1252,0.1028,0.9766,8.4275,2.9771,6.0076,0,0,0
-0.1431,0.0974,0.9685,7.2977,3.4122,5.8779,0,0,0
-0.1465,0.1262,0.9902,6.0153,1.9695,5.3664,0,0,0
-0.1523,0.0771,0.9209,6.9237,6.542,-2.0763,0,0,0
-0.158,0.0881,0.9771,9.6489,1.4504,1.855,1,0,0
-0.1626,0.1104,0.937,10.8015,-3.5115,1.7786,1,0,0
-0.1404,0.1196,0.9758,6.6947,-6.8092,1.9542,1,0,0
-0.1196,0.1384,1.0178,3.4046,-6.1221,2.8855,1,0,0
-0.1189,0.1194,1.0186,2.145,-4.6489,2.2519,1,0,0
-0.1133,0.1104,1.0327,2.2061,-2.4046,2.2061,1,0,0
-0.1348,0.1326,1.0222,2.6641,-0.8931,1.6641,1,0,0
-0.1418,0.144,1.0144,0.5725,-0.8092,0.3893,1,0,0
-0.146,0.1348,1.0056,-2.4351,-2.3969,0.1908,1,0,0
-0.135,0.1465,1.0117,-4.7252,-2.5344,-0.4046,1,0,0
-0.1301,0.156,1.0137,-8.4046,-1.7405,-1.6641,1,0,0
-0.1289,0.1509,1.0193,-11.9695,-1.2519,-2.1298,1,0,0
-0.1362,0.1521,1.0225,-16.4427,-1.2977,-3.145,1,0,0
-0.1416,0.1401,1.0232,-18.0153,-0.9924,-5.5191,1,0,0
-0.1521,0.0884,0.9829,-13.6489,0.3969,-10.8397,1,0,0
-0.1594,0.0439,0.9807,-8.3435,-3.229,-7.4122,1,0,0
-0.1582,0.1216,1.0093,-9.1374,-5.3893,-6.0382,1,0,0
-0.1482,0.103,1.0208,-8.3206,-5.229,-6.9542,1,0,0
-0.1492,0.0688,1.0081,-5.8397,-4.9008,-5.8244,1,0,0
-0.146,0.054,1.0181,-1.8931,-5.4198,-3.7481,1,0,0
-0.1404,0.0825,1.0173,0.8321,-6.0305,-1.8168,0,0,0
-0.1375,0.1033,1.02,0.0611,-5.5344,-1.0916,0,0,0
-0.1326,0.1052,1.022,-1.542,-5.313,-1.1985,0,0,0
-0.1367,0.0872,1.0183,-2.6107,-5.374,-0.3053,0,0,0
-0.1279,0.0891,1.0276,-1.542,-5.3893,0.3969,0,0,0
-0.1274,0.1079,1.0247,-1.7939,-4.7634,-0.1374,0,0,0
-0.1289,0.0928,1.0125,-1.626,-4.1679,-0.0534,0,0,0
-0.1309,0.0881,1.0244,-1.1985,-3.458,-0.5802,0,0,0
-0.1431,0.084,1.0103,-1.5649,-3.7786,-0.2061,0,0,0
-0.1392,0.0928,1.0176,-1.458,-3.9466,1.0916,0,0,0
-0.1348,0.094,1.0242,-1.8397,-3.9924,0.9771,0,0,0
-0.1311,0.094,1.0256,-1.6947,-3.2443,0.0,0,0,0
-0.1331,0.1106,1.0239,-1.6183,-2.916,-0.7252,0,0,0
-0.1338,0.1052,1.0129,-3.2366,-2.4962,-1.7023,0,0,0
-0.1287,0.0684,1.0159,-1.1298,-2.1145,-1.1374,0,0,0
-0.1311,0.0884,1.0168,-0.687,-1.7252,-1.1832,0,0,0
-0.1318,0.1055,1.0166,-2.5344,-1.4733,-1.3282,0,0,0
-0.1279,0.093,1.0154,-4.3282,-1.145,-1.5573,0,0,0
-0.1326,0.0725,1.0073,-4.8244,-1.7634,-0.5115,0,0,0
-0.1333,0.0762,1.0188,-3.8779,-1.8397,0.8244,0,0,0
-0.1338,0.0759,1.0176,-1.8092,-1.3053,1.2672,0,0,0
-0.146,0.0674,1.0183,0.1985,-2.7939,1.4656,0,0,0
-0.1301,0.0911,1.0259,1.1145,-3.2901,1.2824,0,0,0
-0.127,0.0842,1.0312,0.8779,-2.7252,-0.0916,0,0,0
-0.1348,0.0637,1.0176,1.2366,-4.5802,2.6947,0,0,0
-0.1121,0.084,1.0264,1.9008,-4.9237,5.2672,0,0,0
-0.104,0.0498,0.9648,6.2519,1.145,-3.1527,0,0,0
-0.1267,0.1343,1.0288,0.1298,1.4427,0.8626,0,0,0
-0.1426,0.1179,0.9949,-1.4198,-0.542,-0.2443,0,0,0
-0.1182,0.0659,1.0073,-2.4733,-1.5649,-1.8855,1,0,0
-0.114,0.0969,1.0134,-2.374,-1.1908,-0.9313,1,0,0
-0.1106,0.1067,1.0237,-2.8931,-0.1527,-2.2061,1,0,0
-0.1113,0.114,1.0376,-3.6641,0.9695,-3.1908,1,0,0
-0.116,0.1138,1.0244,-4.1756,1.6794,-4.1221,1,0,0
-0.1309,0.1033,1.0161,-4.7786,1.4122,-4.7786,1,0,0
-0.1211,0.1084,1.0137,-6.6336,1.2901,-4.5878,1,0,0
-0.1199,0.1108,1.0125,-8.9924,1.1832,-3.9313,1,0,0
-0.123,0.1069,1.0122,-10.8244,0.7252,-2.5802,1,0,0
-0.1252,0.0723,0.9758,-10.542,2.0611,-3.0992,1,0,0
-0.1401,0.0527,0.9797,-7.7557,-0.2977,-2.0992,1,0,0
-0.1355,0.0703,1.0081,-6.1145,-1.4656,-1.5496,1,0,0
-0.1262,0.0986,1.0122,-5.8702,-1.5496,-2.5038,1,0,0
-0.1316,0.0745,1.012,-5.145,-1.8855,-1.8626,1,0,0
-0.1326,0.0562,1.0139,-2.1679,-2.4504,0.1145,1,0,0
-0.1296,0.0864,1.0237,-0.0229,-3.229,1.084,1,0,0
-0.1191,0.0894,1.0161,-0.9237,-2.5496,1.1985,1,0,0
-0.1211,0.0776,1.0178,-0.8855,-2.3588,0.7023,1,0,0
-0.123,0.0842,1.0242,-1.3435,-2.2595,-0.1756,1,0,0
-0.123,0.0881,1.0195,-2.7405,-1.9771,-0.4809,1,0,0
-0.1304,0.0745,1.0225,-3.2137,-1.9771,-0.3893,0,0,0
-0.1304,0.0737,1.0295,-1.1679,-2.1985,-0.2366,0,0,0
-0.1233,0.095,1.0271,-1.7328,-1.8397,-1.0229,0,0,0
-0.1211,0.0884,1.0237,-2.1145,-1.4733,-1.2137,0,0,0
-0.1169,0.0872,1.0315,-3.0458,-0.4656,-1.7176,0,0,0
-0.1177,0.0728,1.0256,-3.4046,0.1985,-1.8244,0,0,0
-0.1189,0.0762,1.0305,-3.8702,0.8473,-1.6489,0,0,0
-0.1318,0.0674,1.0332,-4.3359,1.3664,-1.0611,0,0,0
-0.1318,0.0657,1.0361,-4.3053,1.5954,-0.2061,0,0,0
-0.1226,0.0684,1.0464,-3.8397,2.8244,-0.4733,0,0,0
-0.1145,0.0718,1.0547,-4.8244,5.0153,-0.6412,0,0,0
-0.1304,0.0718,1.0537,-5.8015,7.2519,0.1832,0,0,0
-0.1279,0.0605,1.0488,-5.9771,8.542,0.4656,0,0,0
-0.1418,0.0586,1.0586,-5.8626,9.0458,1.6183,0,0,0
-0.134,0.0625,1.0476,-6.687,9.626,2.4351,0,0,0
-0.1299,0.0737,1.0403,-7.4809,10.6031,3.0534,0,0,0
-0.1394,0.0774,1.0427,-8.8855,11.8626,2.8855,0,0,0
-0.1433,0.0742,1.032,-9.4733,12.5191,2.3969,0,0,0
-0.1436,0.073,1.0325,-10.6489,13.2824,2.0458,0,0,0
-0.1533,0.0698,1.0229,-11.3206,14.0305,2.3511,0,0,0
-0.1526,0.061,1.0205,-10.1603,13.4962,2.7176,0,0,0
-0.1506,0.0583,1.0171,-8.6412,13.2672,2.7099,0,0,0
-0.1597,0.061,1.0173,-5.9542,13.0,3.1679,0,0,0
-0.1575,0.0923,1.0178,-5.9466,12.9542,3.0534,0,0,0
-0.1619,0.0801,1.0132,-7.4656,12.5802,2.4885,0,0,0
-0.1643,0.0745,0.9968,-7.8779,12.1603,2.2901,0,0,0
-0.1619,0.0684,0.9973,-7.4275,11.0611,1.9618,0,0,0
-0.1619,0.062,0.9993,-6.1069,10.4198,1.4885,0,0,0
-0.1643,0.0613,0.991,-4.5115,9.1832,1.8321,0,0,0
-0.1604,0.0649,0.9954,-3.4504,7.855,2.1298,0,0,0
-0.1643,0.0688,1.0066,-3.1985,7.5267,2.5649,0,0,0
-0.1497,0.0742,1.0278,-4.1145,8.8473,3.145,0,0,0
-0.1521,0.0835,1.0334,-5.6031,10.9924,3.1985,0,0,0
-0.1702,0.0718,1.0181,-4.8931,11.9084,1.9084,0,0,0
-0.1855,0.072,1.0142,-4.0458,10.7634,0.9466,0,0,0
-0.198,0.061,1.0095,-1.9313,10.084,-0.9084,0,0,0
-0.1946,0.0359,0.9934,2.4351,6.7863,1.6794,0,0,0
-0.1582,0.0483,1.0068,4.8702,6.4885,4.7481,0,0,0
-0.157,0.0718,1.0056,5.9084,9.0992,3.9771,0,0,0
-0.1802,0.0837,0.979,5.5802,8.3053,4.145,0,0,0
-0.1433,0.1829,1.0259,4.1832,8.0305,-2.5496,0,0,0
-0.165,0.0229,0.9673,5.8168,3.7557,-0.7939,0,0,0
-0.1975,0.0869,0.9604,4.8168,0.5725,0.2824,1,0,0
-0.158,0.0576,0.9834,2.5802,-1.8244,0.2748,1,0,0
-0.1665,0.0977,1.0085,0.374,-0.1985,-1.3053,1,0,0
-0.1729,0.0942,1.0056,-1.9924,0.7176,-1.4885,1,0,0
-0.1814,0.0835,1.0007,-2.8397,-0.313,-2.4656,1,0,0
-0.1667,0.0833,1.0112,-2.6183,-0.0153,-2.7939,1,0,0
-0.1541,0.0991,1.0234,-5.6031,1.8397,-3.145,1,0,0
-0.1609,0.1047,1.0242,-10.2061,2.9847,-1.9389,1,0,0
-0.1755,0.0833,1.0105,-11.7481,2.7863,-1.6183,1,0,0
-0.188,0.0532,0.9998,-11.0458,4.9542,-4.2137,1,0,0
-0.1836,0.0247,0.9827,-6.8168,3.2366,-2.2748,1,0,0
-0.1985,0.0605,0.9829,-7.2672,1.8397,-1.6947,1,0,0
-0.2114,0.0566,0.9832,-7.0458,0.6183,-1.6641,1,0,0
-0.2026,0.0632,0.9836,-6.7252,-1.3969,-1.9618,1,0,0
-0.2026,0.0513,0.9915,-4.5954,-2.5573,-1.5191,1,0,0
-0.1934,0.0293,1.0139,-0.7252,-2.5878,0.0534,1,0,0
-0.1914,0.0527,1.0095,2.2366,-2.5496,0.9008,1,0,0
-0.1887,0.0681,1.0103,1.916,-2.6031,1.458,0,0,0
-0.1909,0.063,0.9993,1.2595,-2.8321,1.4046,0,0,0
-0.1943,0.0713,1.0007,-0.6107,-3.3359,0.6565,0,0,0
-0.1904,0.0586,1.0076,-1.1374,-4.2824,0.4656,0,0,0
-0.1846,0.0508,1.0085,-0.6336,-4.1679,0.7481,0,0,0
-0.1836,0.061,1.0208,-0.7786,-4.2901,1.2214,0,0,0
-0.1755,0.0662,1.019,-0.4275,-3.7099,1.4427,0,0,0
-0.1797,0.075,1.0293,-1.0382,-3.4351,0.5344,0,0,0
-0.1824,0.0774,1.02,-1.9771,-2.916,-0.6489,0,0,0
-0.1768,0.0723,1.0203,-3.1603,-2.4809,-1.3664,0,0,0
-0.1797,0.0537,1.0181,-3.4733,-1.7405,-1.771,0,0,0
-0.1792,0.0474,1.0115,-1.8092,-1.8473,-1.4656,0,0,0
-0.1768,0.0581,1.01,-1.3435,-1.8779,-1.6794,0,0,0
-0.1816,0.0483,0.9993,-1.2901,-2.9084,-1.4427,0,0,0
-0.1763,0.0444,0.9932,-1.6641,-4.9695,-1.1298,0,0,0
-0.1658,0.0481,0.9934,-2.8473,-6.5191,-1.7176,0,0,0
-0.1555,0.0425,0.9961,-4.4198,-8.2214,-1.4885,0,0,0
-0.1538,0.0254,0.9912,-4.8473,-9.2672,-0.4962,0,0,0
-0.1592,0.0276,0.9778,-4.9389,-11.4809,0.5115,0,0,0
-0.1667,0.0225,0.9568,-5.3511,-15.9008,2.6641,0,0,0
-0.1858,0.0046,0.9387,-4.6031,-22.0916,5.0611,0,0,0
-0.2053,-0.0103,0.9202,-1.4046,-30.6489,7.5649,0,0,0
-0.2002,-0.0322,0.9194,4.4275,-39.6107,11.9847,0,0,0
-0.1882,-0.0168,0.8977,10.5649,-47.4198,18.1756,0,0,0
-0.103,0.0667,0.8855,14.5725,-63.7939,23.855,0,0,0
-0.1689,0.0391,0.9238,15.7863,-64.7023,25.8092,0,0,0
-0.1348,0.0786,0.9438,14.8168,-67.8702,25.7557,0,0,0
-0.0525,0.1157,1.0151,13.2824,-70.4351,25.0611,0,0,0
-0.1602,0.0828,0.9597,9.8397,-72.2443,24.1603,0,0,0
-0.0798,0.1069,0.9731,6.2748,-73.3588,23.0076,0,0,0
-0.084,0.1003,0.957,3.4427,-77.3359,22.7405,0,0,0
-0.0049,0.0811,0.9727,5.4351,-78.8779,23.5802,0,0,0
0.0378,0.0515,0.9897,8.0916,-76.6412,24.8015,0,0,0
0.0627,0.0725,1.0593,12.6718,-68.8015,23.8168,0,0,0
0.0767,0.094,1.1182,17.1832,-56.2214,20.855,0,0,0
0.0876,0.1443,1.1318,18.0305,-41.9695,17.4733,0,0,0
0.0581,0.1868,1.1147,13.6336,-31.7939,13.5878,0,0,0
0.041,0.1692,1.0889,8.2214,-24.9313,9.9542,0,0,0
0.0291,0.1436,1.0645,5.1374,-21.1069,8.0153,0,0,0
0.0332,0.1252,1.0576,3.8092,-19.3588,7.6641,0,0,0
0.0447,0.1213,1.0586,2.1908,-17.0916,7.5573,0,0,0
0.0564,0.1118,1.0725,0.5191,-13.4733,6.8931,0,0,0
0.0491,0.1125,1.0793,-2.3053,-8.9618,6.5954,0,0,0
0.0405,0.105,1.0742,-5.7328,-5.5267,6.542,0,0,0
0.0261,0.1094,1.0625,-8.9618,-3.1145,8.0916,0,0,0
0.0203,0.0989,1.0522,-11.374,-2.6336,9.4351,0,0,0
0.0183,0.0999,1.0654,-12.8321,-2.0,10.084,0,0,0
0.0276,0.0906,1.0776,-11.9466,0.4504,10.7252,0,0,0
0.02,0.0925,1.0767,-9.7405,2.1527,10.5954,0,0,0
0.0198,0.103,1.0691,-7.3053,4.3588,10.1908,0,0,0
0.0083,0.1125,1.0691,-7.3817,5.1679,8.0916,0,0,0
0.0239,0.123,1.0886,-9.5344,6.4122,7.5115,0,0,0
0.032,0.1272,1.094,-13.9084,10.1679,7.3206,0,0,0
0.0181,0.1152,1.1001,-17.3664,12.9695,5.626,0,0,0
0.0164,0.0991,1.1023,-18.0305,15.2443,4.4962,0,0,0
0.0029,0.0835,1.084,-15.3435,16.6641,3.7099,0,0,0
0.012,0.0825,1.0879,-12.2824,17.9389,2.7099,0,0,0
0.0198,0.0967,1.0979,-10.3053,20.1221,2.4809,0,0,0
0.0232,0.1174,1.094,-11.7405,23.1603,1.4656,0,0,0
0.0151,0.1104,1.085,-13.771,25.4198,0.1985,0,0,0
-0.0037,0.0776,1.0486,-13.9313,26.1679,-1.3359,0,0,0
-0.022,0.0593,1.0208,-12.084,24.9924,-1.687,0,0,0
-0.032,0.0667,1.0039,-10.2519,20.9008,-1.1145,0,0,0
-0.03,0.0493,1.0085,-7.5038,18.2519,-0.8931,0,0,0
0.0068,0.0461,1.0186,-4.4427,17.084,-0.1908,0,0,0
0.0022,0.064,1.0232,-2.0076,17.9695,-0.0229,0,0,0
0.0012,0.0654,1.0271,-0.6336,19.0458,-0.1298,0,0,0
-0.0232,0.0674,1.0,-0.0076,17.0382,0.1832,0,0,0
0.0327,0.0774,1.03,-0.6107,19.771,0.542,0,0,0
-0.0261,0.0649,1.0176,-0.8855,20.542,-1.0992,0,0,0
-0.0076,0.0762,1.0251,-1.4275,22.2443,-0.7252,0,0,0
-0.0354,0.0889,1.0234,-3.626,25.0916,-1.458,0,0,0
-0.0674,0.0747,0.9778,-4.5496,21.5496,-1.8931,0,0,0
-0.0771,0.0667,0.9575,-3.9237,16.0458,-0.9389,0,0,0
-0.0559,0.0674,0.968,-2.2901,11.4733,-0.3435,0,0,0
-0.0623,0.0669,0.9587,-0.9771,6.9847,0.0611,0,0,0
-0.0466,0.0691,0.9683,-0.8321,4.313,0.9924,0,0,0
-0.0364,0.0657,0.9802,-1.9695,3.687,1.5649,0,0,0
-0.0393,0.0713,0.9751,-2.0687,3.1298,1.5115,0,0,0
-0.0464,0.0771,0.9783,-1.9389,2.2824,0.2061,0,0,0
-0.0588,0.0757,0.9753,-2.374,0.5267,0.0076,0,0,0
-0.0679,0.072,0.9683,-2.1527,-2.9313,0.1756,0,0,0
-0.0645,0.062,0.9836,-1.0534,-5.4962,0.1985,0,0,0
-0.0459,0.0591,1.0024,1.4427,-5.6336,0.4504,0,0,0
-0.0432,0.074,1.0059,2.6412,-5.2672,0.2519,0,0,0
-0.0413,0.0686,1.0276,1.9008,-4.3282,0.5115,0,0,0
-0.0408,0.0691,1.0332,1.1756,-3.4275,1.1374,0,0,0
-0.0454,0.0803,1.0339,0.3511,-3.2901,0.5725,0,0,0
-0.0488,0.0791,1.0364,-0.7939,-3.3664,-0.6107,0,0,0
-0.0474,0.0696,1.0513,-1.9542,-3.145,-0.9542,0,0,0
-0.0459,0.0742,1.0454,-1.5573,-1.6565,-0.8779,0,0,0
-0.0405,0.0818,1.0386,-1.9542,-0.9542,-1.6183,0,0,0
-0.052,0.0745,1.0305,-3.1145,-1.1908,-2.3817,0,0,0
-0.0503,0.061,1.031,-2.7863,-1.2672,-2.0458,0,0,0
-0.0391,0.0679,1.042,-2.4504,-0.916,-2.1603,0,0,0
-0.0364,0.0654,1.0408,-1.4962,0.6641,-2.7863,0,0,0
-0.0452,0.0771,1.0308,-0.8473,1.313,-3.5649,0,0,0
-0.0479,0.0796,1.0132,-1.7481,0.7023,-4.145,0,0,0
-0.0486,0.0764,1.0161,-3.4656,-0.5191,-4.1374,0,0,0
-0.041,0.063,1.0234,-5.084,-1.0763,-3.4733,0,0,0
-0.0337,0.0457,1.0342,-3.6794,-0.0687,-2.687,0,0,0
-0.0295,0.0427,1.0464,-0.1908,1.4427,-2.8244,0,0,0
-0.0425,0.0557,1.0376,3.0305,2.3206,-3.7939,0,0,0
-0.0547,0.0745,1.0225,2.7023,1.8626,-3.374,0,0,0
-0.0537,0.0806,1.0295,1.7557,0.3588,-4.2214,0,0,0
-0.0425,0.0759,1.0391,1.916,-0.0382,-5.0687,0,0,0
-0.0376,0.0813,1.0474,2.6718,1.0687,-5.7023,0,0,0
-0.0344,0.0742,1.0603,4.5267,2.9618,-7.1069,0,0,0
-0.0437,0.0874,1.0469,5.6183,5.2137,-7.7405,0,0,0
-0.0498,0.1011,1.0305,4.4122,6.1603,-8.4656,0,0,0
-0.054,0.0808,1.0415,3.9924,5.6794,-9.542,0,0,0
-0.0569,0.0547,1.0488,12.3435,6.1985,-13.6641,0,0,0
-0.0527,0.1121,1.042,18.4885,7.4122,-18.6794,0,0,0
-0.0549,0.1272,1.0325,20.9084,8.5725,-22.2977,0,0,0
-0.0691,0.1228,1.0276,21.7557,8.916,-23.2443,0,0,0
-0.0762,0.1196,1.0254,21.916,8.3664,-23.1374,0,0,0
-0.0862,0.1121,1.0161,25.7023,7.5802,-25.626,0,0,0
-0.0928,0.1438,1.0115,28.5725,5.5878,-28.9389,0,0,0
-0.0854,0.147,0.9939,29.8092,2.5954,-31.8244,0,0,0
-0.0908,0.1538,0.9832,29.9313,0.4046,-33.6107,0,0,0
-0.1006,0.1494,0.9683,29.9618,-3.9466,-34.5878,0,0,0
-0.0918,0.1421,0.9761,31.1908,-7.5344,-35.4198,0,0,0
-0.0664,0.146,1.0095,28.2977,-8.0458,-34.7099,0,0,0
-0.0532,0.1699,1.0356,24.9847,-5.145,-33.0611,0,0,0
-0.052,0.1633,1.0417,20.458,-1.1679,-31.7634,0,0,0
-0.0654,0.1482,1.0312,16.4351,0.8015,-29.4427,0,0,0
-0.0762,0.1331,1.0085,14.5954,-0.0534,-25.7328,0,0,0
-0.0769,0.1255,0.9944,14.8931,-2.5573,-25.374,0,0,0
-0.0674,0.1301,1.001,14.1832,-4.4351,-23.6183,0,0,0
-0.052,0.1328,1.0273,10.8626,-3.5038,-18.9618,0,0,0
-0.0579,0.1399,1.0332,6.8626,-1.3359,-14.6107,0,0,0
-0.0645,0.1274,1.0222,4.7481,-0.3206,-12.3588,0,0,0
-0.0708,0.1284,1.0105,3.5725,-0.4733,-10.5344,0,0,0
-0.0803,0.1311,0.9985,1.4122,-2.4656,-8.1145,0,0,0
-0.0723,0.1201,0.9998,0.7481,-4.2519,-5.7176,0,0,0
-0.0618,0.1157,1.0105,0.8779,-5.5267,-3.2061,0,0,0
-0.0496,0.1287,1.0239,1.0,-3.7252,-1.5954,0,0,0
-0.0557,0.1296,1.0312,1.3282,-1.8092,-1.0153,0,0,0
-0.0625,0.136,1.0251,1.458,-0.1908,-0.6947,0,0,0
-0.0696,0.1331,1.0161,0.4427,-0.4046,0.2137,0,0,0
-0.075,0.1331,1.0063,-0.626,-1.1527,1.0687,0,0,0
-0.0652,0.1411,1.0161,-1.2977,-1.9695,2.4198,0,0,0
-0.0547,0.1492,1.0286,-1.9771,-1.542,2.626,0,0,0
-0.0522,0.1472,1.0366,-2.4046,0.3053,2.4351,0,0,0
-0.0574,0.158,1.0332,-3.5725,2.3435,2.2137,0,0,0
-0.0676,0.1521,1.0222,-5.4733,3.5573,2.3282,0,0,0
-0.0693,0.1313,1.0154,-6.9313,3.855,3.2901,0,0,0
-0.0618,0.1338,1.0291,-9.1679,4.7328,5.6947,0,0,0
-0.0547,0.1309,1.0398,-11.9466,6.3893,9.8244,0,0,0
-0.0547,0.1343,1.0388,-15.3053,9.8702,13.9237,0,0,0
-0.0645,0.1277,1.0315,-19.3282,12.3435,17.855,0,0,0
-0.0742,0.1292,1.0151,-25.2672,13.2366,23.9771,0,0,0
-0.0928,0.1062,0.9744,-30.9084,11.916,31.7252,0,0,0
-0.0999,0.0811,0.9773,-35.229,7.6489,38.0229,0,0,0
-0.0833,0.0933,0.988,-40.3053,5.4046,44.3359,0,0,0
-0.0754,0.103,1.0029,-49.6489,2.3206,52.4122,0,0,0
-0.0586,0.094,1.0239,-59.6718,3.9466,60.7023,0,0,0
-0.0686,0.0796,1.02,-63.1145,4.9771,62.9313,0,0,0
-0.072,0.0398,1.0112,-60.0076,4.2901,60.3817,0,0,0
-0.092,0.071,0.9927,-55.7176,0.8244,57.3588,0,0,0
-0.0901,0.0581,1.0005,-52.145,-2.6794,56.1527,0,0,0
-0.0833,0.0752,1.0107,-48.9924,-4.6794,53.5344,0,0,0
-0.0535,0.0747,1.0435,-45.2443,-3.8473,47.5344,0,0,0
-0.0364,0.0732,1.0786,-39.0382,0.5115,39.7176,0,0,0
-0.1167,0.02,1.0752,-34.855,14.2137,32.8092,0,0,0
-0.1245,0.0598,1.0195,-28.687,5.8244,30.4427,0,0,0
-0.1201,0.0652,1.0044,-23.7634,1.0611,27.1527,0,0,0
-0.0811,0.0806,1.0164,-20.3664,-0.3893,22.0611,0,0,0
-0.0881,0.0525,1.0291,-17.6565,-1.5038,18.2366,0,0,0
-0.0762,0.0681,1.0413,-17.8244,-0.9847,17.6031,0,0,0
-0.0791,0.0662,1.0361,-18.5344,0.2748,16.916,0,0,0
-0.0952,0.0454,1.0161,-18.9542,-0.1527,16.1603,0,0,0
-0.1011,0.0315,0.9993,-18.0229,-1.9084,14.6565,0,0,0
-0.0952,0.0281,0.9998,-15.9389,-4.0,13.2595,0,0,0
-0.0791,0.0232,1.0254,-13.5115,-5.458,11.3511,0,0,0
-0.0522,0.0171,1.0447,-10.7176,-3.4809,10.8855,0,0,0
-0.0562,0.041,1.0208,-11.6489,-2.1832,12.0534,0,0,0
-0.083,0.0349,1.0107,-14.3588,-2.4656,12.0076,0,0,0
-0.0923,0.0117,1.0168,-16.0,-5.2443,11.8244,0,0,0
-0.0779,-0.0063,1.0254,-13.7557,-6.9847,11.2672,0,0,0
-0.0698,0.0007,1.0249,-9.2443,-7.6183,9.1145,0,0,0
-0.0532,0.0142,1.0374,-4.1298,-6.9237,6.5573,0,0,0
-0.0483,0.0244,1.0376,1.374,-4.4351,3.0382,0,0,0
-0.052,0.0229,1.0525,6.626,-2.1527,-1.0687,0,0,0
-0.0542,0.0256,1.053,12.229,0.1221,-3.9313,0,0,0
-0.0518,0.0198,1.0676,19.8015,2.4504,-7.9313,0,0,0
-0.0361,0.0178,1.1023,33.7328,6.0458,-15.8321,0,0,0
-0.0229,0.0447,1.1111,48.9847,13.3282,-26.3206,0,0,0
-0.0371,0.083,1.1096,59.084,20.6031,-35.2214,0,0,0
-0.0552,0.1289,1.0642,66.6183,24.6412,-46.5038,0,0,0
-0.0938,0.1174,1.03,71.9924,24.8244,-58.2977,0,0,0
-0.116,0.134,0.9963,77.8473,20.2595,-70.313,0,0,0
-0.1421,0.1121,0.9846,84.5725,13.5267,-80.1603,0,0,0
-0.1589,0.1128,0.9426,92.0,3.7481,-87.0382,0,0,0
-0.1499,0.1384,0.9753,95.3893,-5.5573,-89.374,0,0,0
-0.116,0.1721,0.9927,96.1756,-10.1679,-88.8702,0,0,0
-0.0969,0.1931,0.9934,90.8473,-8.5344,-88.2214,0,0,0
-0.0703,0.1748,1.0293,77.6641,-5.5573,-79.0611,0,0,0
-0.0767,0.1794,1.0278,59.4656,-0.7176,-64.4886,0,0,0
-0.0925,0.168,1.0315,41.5115,2.0534,-47.4198,0,0,0
-0.0891,0.1306,1.0168,27.8702,3.1985,-33.3893,0,0,0
-0.0923,0.113,1.0168,22.7863,2.7099,-25.0076,0,0,0
-0.094,0.1274,0.9995,21.9389,1.0687,-21.0305,0,0,0
-0.0984,0.1621,0.9775,20.7634,-0.5115,-18.4504,0,0,0
-0.1086,0.1829,0.9817,19.6183,-2.4809,-16.0229,0,0,0
-0.1052,0.1865,1.0056,17.2443,-3.5802,-13.8168,0,0,0
-0.1033,0.2095,1.0005,11.4504,-1.8473,-8.6565,0,0,0
-0.1003,0.2153,1.0142,4.313,-0.145,-3.7405,0,0,0
-0.1055,0.1963,1.0161,0.8244,2.1069,-0.9389,0,0,0
-0.1106,0.199,1.0027,-0.687,3.8015,1.3435,0,0,0
-0.1157,0.2017,0.9861,-2.6641,3.5115,2.4046,0,0,0
-0.1204,0.21,0.9819,-2.4962,2.313,2.4809,0,0,0
-0.1174,0.2163,0.9741,-3.3511,1.5954,1.3588,0,0,0
-0.1204,0.2205,0.9661,-5.5649,0.145,1.2977,0,0,0
-0.123,0.2112,0.9756,-6.6794,-0.6947,0.5878,0,0,0
-0.1152,0.2039,0.9919,-6.8702,-0.0916,0.9847,0,0,0
-0.115,0.2175,0.9958,-7.1832,0.4046,1.626,0,0,0
-0.1152,0.2205,0.9866,-10.0305,0.9466,2.4885,0,0,0
-0.1074,0.21,0.9915,-14.1832,2.1145,4.1069,0,0,0
-0.1135,0.196,0.9875,-19.0534,3.4351,6.855,0,0,0
-0.1086,0.1802,0.9978,-25.4656,4.626,12.3588,0,0,0
-0.0857,0.1626,1.0298,-36.3053,8.1832,23.7939,0,0,0
-0.0767,0.1641,1.0442,-52.3435,13.4198,42.1374,0,0,0
-0.0957,0.1584,1.0059,-69.9847,16.9237,61.8168,0,0,0
-0.1375,0.0811,0.9534,-80.0458,15.5954,74.4962,0,0,0
-0.1799,0.0676,0.9285,-82.8092,5.0458,79.3893,0,0,0
-0.1299,0.0784,0.9846,-89.6718,-3.5344,84.397,0,0,0
-0.0796,0.084,1.0237,-95.6336,-2.5725,92.1908,0,0,0
-0.0789,0.1125,1.0227,-98.1985,-1.2595,93.4275,0,0,0
-0.0823,0.0916,1.0334,-90.5878,3.2672,86.9313,0,0,0
0.2097,0.2021,1.1399,-79.9847,15.9313,73.2672,0,0,0
-0.2756,0.1003,0.9719,-60.6718,5.7557,55.0305,0,0,0
-0.1035,0.0686,1.0532,-40.7405,0.3588,40.1069,0,0,0
-0.0427,0.123,1.0645,-26.3511,3.6489,25.9542,0,0,0
-0.0911,0.1128,1.04,-16.8779,7.6183,15.5649,0,0,0
-0.0847,0.1201,1.0474,-11.6489,12.6641,8.0916,0,0,0
-0.1213,0.127,1.0261,-8.2748,14.6641,1.8931,0,0,0
-0.1401,0.1116,1.0093,-7.9084,12.7023,-3.6947,0,0,0
-0.1516,0.0859,0.988,-6.7634,8.7481,-6.3893,0,0,0
-0.1506,0.0728,0.9858,-5.3359,4.1756,-6.9237,0,0,0
-0.1287,0.0681,0.9771,-3.0382,1.626,-7.0153,0,0,0
-0.126,0.0662,0.9771,-0.2214,-1.1756,-7.8244,0,0,0
-0.1299,0.0618,0.9792,2.0229,-3.5344,-9.2824,0,0,0
-0.1116,0.0308,1.0015,11.9924,-4.8779,-16.3969,0,0,0
-0.0959,0.0623,1.0156,20.8626,-4.4122,-24.5573,0,0,0
-0.0947,0.1167,1.0171,21.9389,-2.5802,-28.1603,0,0,0
-0.1187,0.0862,1.021,27.626,-2.8244,-35.374,0,0,0
-0.0989,0.0825,1.0515,41.4122,-0.4046,-48.3664,0,0,0
-0.1243,0.1138,1.0044,62.9084,-0.0534,-68.1069,0,0,0
-0.1575,0.1562,0.9609,84.7863,-5.6031,-91.1603,0,0,0
-0.2021,0.1614,0.9131,108.1221,-18.1756,-113.4275,0,0,0
-0.2698,0.1658,0.8232,127.9084,-36.5649,-129.8321,0,0,0
-1.0459,0.2437,0.4741,138.4733,-76.0992,-131.0992,0,0,0
-0.075,0.2385,0.9348,131.229,-92.8779,-132.1832,0,0,0
-0.0105,0.3813,1.0667,110.3283,-95.2366,-115.5267,0,0,0
0.0957,0.2808,1.2437,85.7481,-75.2901,-100.2443,0,0,0
0.1733,0.2729,1.3015,55.8855,-38.771,-81.1603,0,0,0
0.1575,0.1421,1.2878,31.9618,-5.7252,-65.084,0,0,0
0.009,0.1245,1.1951,18.7252,14.8244,-47.1221,0,0,0
0.0303,0.1252,1.1348,10.8931,24.8626,-33.4275,0,0,0
-0.0486,0.1365,1.0415,8.5802,26.0458,-26.0763,0,0,0
-0.0999,0.1587,0.9905,6.4656,20.2977,-17.8702,0,0,0
-0.1123,0.1663,0.9443,3.3206,13.8092,-8.3206,0,0,0
-0.1287,0.1841,0.9346,-1.084,8.626,0.145,0,0,0
-0.1121,0.2129,0.9431,-8.4809,4.7557,8.9542,0,0,0
-0.1138,0.1902,0.9749,-11.7252,1.7634,12.3053,0,0,0
-0.084,0.1475,1.0483,-7.7405,1.855,12.0076,0,0,0
-0.0518,0.21,1.0813,-7.3435,8.1679,13.3511,0,0,0
-0.0413,0.2332,1.0627,-13.1069,17.5954,17.3511,0,0,0
-0.052,0.228,1.084,-21.4733,27.1145,24.3282,0,0,0
-0.0874,0.2266,1.031,-34.0382,35.229,36.9084,0,0,0
-0.1711,0.1804,0.9875,-55.2901,43.6489,54.3969,0,0,0
-0.1843,0.2021,0.9263,-76.9618,36.8626,76.6794,0,0,0
-0.1628,0.1208,0.8838,-92.397,28.313,95.8397,0,0,0
-0.1982,0.0747,0.8325,-101.0229,10.4504,108.626,0,0,0
-0.2002,0.0229,0.8535,-101.4657,-3.6489,113.8626,0,0,0
-0.0491,0.0112,0.9851,-98.229,-7.2977,114.3511,0,0,0
0.0708,0.0261,1.1387,-98.0611,4.6031,116.3283,0,0,0
-0.0337,0.1643,1.1047,-97.9618,22.7939,117.8855,0,0,0
-0.0098,0.0776,1.0955,-86.0382,33.6412,103.6565,0,0,0
-0.1423,0.0908,1.0344,-66.8855,35.2214,81.3511,0,0,0
-0.1685,0.1375,1.0085,-44.2672,27.8931,58.2366,0,0,0
-0.1692,0.1667,0.969,-27.9618,20.7481,37.1679,0,0,0
-0.1431,0.1638,0.9907,-20.3053,15.6947,21.9618,0,0,0
-0.1277,0.1616,0.9929,-18.5191,13.4427,14.4656,0,0,0
-0.1543,0.1094,1.0002,-19.3053,13.687,11.1832,0,0,0
-0.1946,0.0928,0.991,-18.8397,10.2901,8.5649,0,0,0
-0.2004,0.0759,0.9915,-18.1908,4.2901,4.6031,0,0,0
-0.165,0.0823,1.0012,-20.9008,1.2519,3.2061,0,0,0
-0.1465,0.073,0.9858,-23.0687,1.145,1.8931,0,0,0
-0.1335,0.0415,0.9836,-20.9618,0.6641,-0.1908,0,0,0
-0.1516,0.0212,0.99,-12.4122,-0.0153,-1.855,0,0,0
-0.1538,0.0112,0.9956,-2.1527,-1.9237,-3.1832,0,0,0
-0.1514,0.0371,0.981,6.687,-3.7634,-6.0229,0,0,0
-0.1516,0.0688,0.9924,10.5496,-5.2519,-9.3588,0,0,0
-0.1401,0.0693,0.9978,11.4962,-5.7176,-12.8015,0,0,0
-0.1333,0.0667,1.011,13.0687,-5.9084,-15.145,0,0,0
-0.1238,0.0525,1.03,21.8168,-5.5115,-22.626,0,0,0
-0.1104,0.0613,1.0535,37.2366,-3.6641,-34.7634,0,0,0
-0.1465,0.1145,1.0088,52.0382,-6.3893,-50.4351,0,0,0
-0.1704,0.1531,0.981,66.687,-11.7252,-67.0916,0,0,0
-0.1963,0.1526,0.9382,84.4122,-21.7023,-85.0763,0,0,0
-0.2351,0.1675,0.9297,103.5038,-33.0534,-102.397,0,0,0
-0.1226,0.2349,0.9246,114.9542,-62.6031,-109.5649,0,0,0
-0.1611,0.2021,0.9343,119.313,-76.4504,-115.2137,0,0,0
-0.0269,0.2656,1.0798,114.4428,-76.0534,-113.3053,0,0,0
0.1143,0.2312,1.2266,94.0992,-57.1603,-101.6947,0,0,0
0.0959,0.2717,1.2441,62.687,-28.2824,-81.6412,0,0,0
0.0479,0.2354,1.2041,28.6031,-3.9466,-62.7176,0,0,0
0.009,0.0857,1.1775,8.0305,14.3588,-44.5878,0,0,0
-0.0063,0.0496,1.1179,3.2061,22.5954,-30.2443,0,0,0
-0.0784,0.0068,1.0339,6.6336,23.0611,-20.5038,0,0,0
-0.1245,0.0566,0.9619,10.8626,15.374,-9.8931,0,0,0
-0.1387,0.095,0.9316,12.458,5.9695,-0.5344,0,0,0
-0.1216,0.1235,0.95,6.2443,-1.0611,10.1679,0,0,0
-0.0969,0.1423,0.9678,-3.9924,-3.1985,23.1069,0,0,0
-0.1079,0.1577,0.989,-13.771,-3.9618,32.1221,0,0,0
-0.0974,0.1201,1.0117,-16.6565,-4.5649,36.4275,0,0,0
-0.0996,0.1243,1.0151,-19.4656,-4.3969,40.771,0,0,0
-0.0618,0.1414,1.0686,-26.5954,-1.542,50.1374,0,0,0
-0.0334,0.1809,1.0881,-41.1298,8.0382,65.313,0,0,0
-0.0398,0.207,1.0906,-61.0305,17.3359,82.4198,0,0,0
-0.0498,0.1919,1.04,-85.855,22.2901,103.1374,0,0,0
-0.1873,0.075,0.9473,-110.3511,29.4427,122.7176,0,0,0
-0.126,0.0327,0.9561,-119.8855,15.8015,134.4733,0,0,0
-0.1094,-0.0356,0.969,-110.6794,8.2061,132.6717,0,0,0
-0.0342,0.0029,1.0039,-92.7557,4.2366,121.7176,0,0,0
-0.1038,0.1025,0.9753,-76.542,2.0687,108.6641,0,0,0
-0.1118,0.1729,0.9619,-61.3435,0.0916,90.9847,0,0,0
-0.0986,0.1655,0.9922,-45.5878,-2.7328,70.0229,0,0,0
-0.0842,0.197,1.0281,-30.8779,-2.9695,49.9924,0,0,0
-0.0823,0.1858,1.0417,-18.2214,-0.6794,32.8473,0,0,0
-0.0757,0.2065,1.0383,-8.7557,2.5267,18.6183,0,0,0
-0.0991,0.1953,1.0237,-4.4046,3.3893,9.0153,0,0,0
-0.1011,0.1936,1.0264,-0.855,3.0305,2.2977,0,0,0
-0.0774,0.1733,1.043,-0.6947,3.855,-1.2214,0,0,0
-0.0691,0.1606,1.0522,-2.3969,8.0229,-4.3206,0,0,0
-0.0918,0.1653,1.011,-4.2519,10.084,-7.5191,0,0,0
-0.104,0.1216,0.9888,-7.3664,8.9771,-11.5115,0,0,0
-0.1182,0.0701,0.9836,-7.5649,5.8397,-12.1069,0,0,0
-0.1101,0.0552,0.9783,-6.3359,2.5878,-11.5191,0,0,0
-0.0947,0.0557,0.9797,-5.8092,-0.1756,-10.1908,0,0,0
-0.095,0.0515,0.9758,-4.7481,-2.0534,-9.2366,0,0,0
-0.0896,0.051,0.981,-3.2977,-3.4733,-10.0916,0,0,0
-0.0952,0.0317,0.9873,-1.229,-4.6641,-10.4885,0,0,0
-0.0867,0.0352,1.0022,0.9237,-5.2443,-10.7176,0,0,0
-0.0886,0.0403,1.0061,1.3053,-6.7557,-11.0382,0,0,0
-0.092,0.0344,1.0322,0.0229,-7.7099,-10.2061,0,0,0
-0.0706,0.0378,1.0396,-1.5802,-7.0687,-8.229,0,0,0
-0.0696,0.0491,1.0435,-3.3435,-6.0992,-7.7863,0,0,0
-0.074,0.0496,1.0374,-3.9695,-5.2061,-7.9771,0,0,0
-0.0884,0.0498,1.0444,-4.0992,-5.3511,-7.8244,0,0,0
-0.0823,0.0518,1.0408,-3.5038,-5.9008,-7.5954,0,0,0
-0.0803,0.0659,1.0522,-3.2595,-6.0382,-8.145,0,0,0
-0.0789,0.0647,1.0508,-4.1145,-5.9924,-9.4122,0,0,0
-0.0686,0.052,1.0762,-5.687,-2.9542,-9.3206,0,0,0
-0.0703,0.0505,1.0625,-5.6947,0.2061,-9.6031,0,0,0
-0.073,0.0527,1.0579,-5.4046,2.458,-10.7328,0,0,0
-0.0808,0.0571,1.0317,-6.8244,2.4122,-11.8779,0,0,0
-0.0906,0.0527,1.0232,-9.2137,0.626,-12.4275,0,0,0
-0.0916,0.0396,1.0283,-11.5267,-1.771,-11.6641,0,0,0
-0.0854,0.019,1.0276,-10.7023,-3.5496,-9.9771,0,0,0
-0.0828,-0.001,1.0405,-5.2443,-4.8702,-10.0382,0,0,0
0.113,0.1204,1.0923,4.1527,-10.9237,-11.626,0,0,0
-0.1074,0.0408,1.0112,6.1908,-12.2748,-12.9466,0,0,0
-0.0796,0.0718,1.0312,4.9771,-14.6489,-12.542,0,0,0
-0.0181,0.0854,1.0818,0.8321,-12.3511,-8.5878,0,0,0
-0.0276,0.0852,1.0859,-1.1298,-7.8092,-6.3282,0,0,0
-0.0422,0.1067,1.0703,-2.7557,-5.3282,-6.374,0,0,0
-0.0605,0.1091,1.0447,-3.5802,-4.2672,-7.4885,0,0,0
-0.061,0.1426,1.0352,-2.7481,-8.0229,-10.4198,0,0,0
-0.0596,0.1541,1.0415,-0.7863,-7.3893,-16.2595,0,0,0
-0.0686,0.1826,1.0186,2.4656,-8.1603,-23.1985,0,0,0
-0.0732,0.2041,0.9944,2.7252,-9.1985,-29.0611,0,0,0
-0.1116,0.2097,0.9526,-0.5573,-14.1145,-34.0687,0,0,0
-0.082,0.1431,0.9678,-3.8779,-20.2214,-36.3435,0,0,0
-0.0562,0.0645,1.0071,-4.9084,-21.0687,-32.9542,0,0,0
-0.0383,0.0488,1.0396,-2.4427,-19.1374,-27.1908,0,0,0
-0.0334,0.0637,1.0342,0.2214,-15.2824,-24.5573,0,0,0
-0.0544,0.0681,1.01,0.2443,-12.6947,-23.626,0,0,0
-0.0698,0.0654,0.988,-1.9695,-13.3053,-23.5038,0,0,0
-0.0693,0.0681,0.9832,-3.3588,-16.0,-23.6336,0,0,0
-0.0693,0.0449,0.9731,-3.2977,-17.7099,-24.5191,0,0,0
-0.0278,0.0103,1.0186,-2.2672,-18.9084,-23.8397,0,0,0
-0.0168,-0.0066,1.0491,-1.687,-14.2214,-19.687,0,0,0
-0.0146,-0.0276,1.0542,1.2137,-8.9008,-15.7939,0,0,0
-0.0254,-0.0205,1.063,3.7863,-4.771,-12.5115,0,0,0
-0.0386,-0.0073,1.0459,5.9313,-1.7328,-11.4962,0,0,0
-0.0505,0.01,1.0437,6.2137,-1.3053,-10.3817,0,0,0
-0.0391,0.0308,1.0371,5.5267,-1.084,-10.6565,0,0,0
-0.0481,0.0374,1.0283,4.9847,0.0611,-10.7786,0,0,0
-0.0479,0.0381,1.0266,3.9237,0.4885,-10.0992,0,0,0
-0.0552,0.0178,1.0205,4.5878,0.4122,-8.9466,0,0,0
-0.0571,0.02,1.0117,5.3053,0.4962,-7.3588,0,0,0
-0.0681,0.0354,1.0103,5.6947,-1.5954,-6.3206,0,0,0
-0.0691,0.0376,1.011,7.6947,-3.0534,-6.1985,0,0,0
-0.071,0.0693,1.0068,8.2137,-4.1221,-6.8168,0,0,0
-0.0608,0.083,1.0117,7.1832,-5.5038,-8.7328,0,0,0
-0.052,0.0884,1.0149,7.5649,-5.9847,-10.9695,0,0,0
-0.0488,0.0962,1.0183,7.0458,-5.687,-11.8473,0,0,0
-0.0386,0.0918,1.0229,5.6641,-4.8244,-12.0382,0,0,0
-0.0464,0.0857,1.0281,3.7557,-3.5954,-11.4427,0,0,0
-0.0527,0.0891,1.0125,0.9008,-3.771,-10.9313,0,0,0
-0.0461,0.0745,1.01,-1.8473,-4.542,-10.8855,0,0,0
-0.0278,0.0588,1.0281,-0.7786,-4.4885,-11.7557,0,0,0
-0.0369,0.0708,1.0178,1.5115,-3.1374,-12.4275,0,0,0
-0.0161,0.0728,1.0281,0.9008,-2.4962,-12.5954,0,0,0
-0.0112,0.0669,1.0271,-0.8779,0.1298,-12.6489,0,0,0
-0.0208,0.0667,1.0203,-2.3282,1.3817,-12.145,0,0,0
-0.0347,0.0647,1.0117,-4.229,1.2901,-12.3511,0,0,0
-0.0349,0.0508,1.0056,-5.9466,-0.1298,-11.5267,0,0,0
-0.0266,0.0254,1.0125,-4.4122,-0.229,-10.9847,0,0,0
-0.0317,0.021,1.009,-1.4809,0.542,-9.542,0,0,0
-0.0371,0.0413,0.9917,-0.2519,0.5878,-8.7023,0,0,0
-0.041,0.0376,0.9795,-1.5496,-1.855,-7.3511,0,0,0
-0.0256,0.0471,1.0042,-2.687,-4.1527,-7.0,0,0,0
-0.0212,0.0422,1.0156,-2.5038,-4.1985,-7.6565,0,0,0
-0.0127,0.051,1.0298,-2.6947,-3.7099,-8.5038,0,0,0
-0.0176,0.0552,1.0315,-3.8931,-2.8855,-8.0076,0,0,0
-0.0247,0.0591,1.0242,-6.6336,-2.4122,-7.4733,0,0,0
-0.0144,0.074,1.031,-8.5954,-2.6107,-6.5878,0,0,0
-0.0315,0.0432,1.0176,-8.7939,-3.3588,-6.7481,0,0,0
-0.0208,0.032,1.0232,-6.8473,-4.3817,-6.7405,0,0,0
-0.0332,0.0535,1.019,-5.6641,-5.542,-6.2214,0,0,0
-0.0195,0.054,1.0288,-6.2595,-6.4198,-5.8702,0,0,0
-0.0181,0.054,1.0435,-7.6718,-4.7481,-5.229,0,0,0
-0.0251,0.0574,1.0413,-8.5344,-4.0153,-5.084,0,0,0
-0.0291,0.0564,1.0413,-10.2748,-3.6183,-5.229,0,0,0
-0.0339,0.0591,1.0308,-11.3053,-4.0458,-4.771,0,0,0
-0.0327,0.0574,1.0244,-10.8855,-4.9389,-5.3053,0,0,0
-0.0205,0.0374,1.0427,-8.4885,-4.4046,-5.4504,0,0,0
-0.0212,0.0298,1.0466,-4.855,-3.4656,-5.8168,0,0,0
-0.0205,0.0405,1.0479,-2.2443,-2.1298,-4.9237,0,0,0
-0.0286,0.0493,1.043,-1.8702,-2.3359,-3.7481,0,0,0
-0.0237,0.0552,1.0537,-2.8015,-3.1832,-3.8626,0,0,0
-0.0151,0.0513,1.0586,-4.3511,-3.2824,-4.0076,0,0,0
-0.0039,0.053,1.0742,-5.7634,-3.1679,-3.9008,0,0,0
0.0098,0.0469,1.084,-6.7939,-1.1832,-3.7863,0,0,0
0.0039,0.0256,1.0796,-5.374,0.771,-3.6489,0,0,0
0.0073,0.031,1.083,-3.5649,2.1756,-3.3969,0,0,0
-0.0015,0.0298,1.0671,-2.3588,3.0153,-2.9695,0,0,0
-0.0054,0.0386,1.0544,-1.8473,3.4809,-2.8702,0,0,0
-0.0161,0.0374,1.0413,-2.3893,3.0763,-2.1298,0,0,0
-0.0203,0.0293,1.0281,-2.3359,2.3969,-1.2443,0,0,0
-0.0256,0.0278,1.0303,-0.7481,1.8626,-0.9695,0,0,0
-0.0278,0.0215,1.0271,0.6641,0.8168,-1.1679,0,0,0
-0.03,0.03,1.0286,1.5496,0.7634,-0.6794,0,0,0
-0.0376,0.0342,1.0288,1.3282,1.1985,-0.084,0,0,0
-0.0317,0.0396,1.0339,0.2977,0.8779,0.4885,0,0,0
-0.0432,0.0283,1.033,-0.0992,1.0458,0.5496,0,0,0
-0.0364,0.0354,1.031,0.2137,1.0916,0.8015,0,0,0
-0.03,0.052,1.0415,-0.0458,0.7557,0.1756,0,0,0
-0.0247,0.0481,1.0393,-0.8397,0.3282,-0.5954,0,0,0
-0.0183,0.0435,1.0352,-1.9771,-0.4885,-0.6031,0,0,0
-0.0105,0.0393,1.0427,-2.1145,0.2748,-0.916,0,0,0
-0.0051,0.0449,1.0486,-2.4198,1.1908,-1.1374,0,0,0
0.0046,0.0349,1.0342,-3.5191,1.7176,-1.7252,0,0,0
0.0059,0.0242,1.0474,-3.6031,1.4656,-1.3282,0,0,0
0.019,0.0229,1.0554,-3.7634,2.0916,-0.5344,0,0,0
0.0054,0.021,1.0464,-4.7099,2.3359,0.374,0,0,0
0.0144,0.0137,1.0613,-4.2519,2.7557,1.2214,0,0,0
0.012,0.0183,1.0508,-3.0382,3.0763,2.3969,0,0,0
0.011,0.0295,1.0576,-2.4885,3.1145,3.7786,0,0,0
0.001,0.0334,1.0662,-2.5115,3.3588,4.6718,0,0,0
0.0046,0.0332,1.073,-1.8473,4.3588,5.3969,0,0,0
0.002,0.0469,1.0747,0.3053,6.0992,5.542,0,0,0
-0.01,0.0649,1.062,1.7328,7.2366,5.3969,0,0,0
-0.0237,0.0776,1.0635,1.5267,7.2519,5.1908,0,0,0
-0.0188,0.0793,1.0562,1.4122,7.313,5.4351,0,0,0
-0.0186,0.0896,1.05,1.6641,7.9847,4.7863,0,0,0
-0.0222,0.0874,1.0496,1.3206,8.8168,4.3435,0,0,0
-0.0256,0.0884,1.0364,-0.2061,9.6947,3.9771,0,0,0
-0.0393,0.0769,1.0237,-1.3664,9.3206,3.9084,0,0,0
-0.0405,0.0759,1.0186,-1.771,8.9771,4.0153,0,0,0
-0.0469,0.0789,1.0017,-2.2366,8.2672,4.0763,0,0,0
-0.0505,0.0688,0.9924,-2.0916,6.5191,4.374,0,0,0
-0.0408,0.0654,1.0017,-1.7863,5.7481,4.229,0,0,0
-0.0503,0.0552,0.9929,-0.1756,5.4427,4.1908,0,0,0
-0.0562,0.0549,0.9878,0.9313,5.2443,4.1985,0,0,0
-0.0549,0.0508,0.98,2.5191,4.9313,4.2595,0,0,0
-0.053,0.0474,0.9761,4.8321,3.8702,4.2748,0,0,0
-0.0605,0.0637,0.9785,6.1221,3.5344,4.3969,0,0,0
-0.0537,0.0737,0.9836,6.4504,3.542,4.0458,0,0,0
-0.064,0.0764,0.98,6.3664,3.6489,3.4122,0,0,0
-0.074,0.0867,0.9717,5.0229,2.8168,2.3588,0,0,0
-0.0764,0.0854,0.9724,3.229,1.4504,1.9847,0,0,0
-0.0759,0.0779,0.9807,2.313,0.4733,1.4809,0,0,0
-0.072,0.084,0.9841,1.1298,-0.1985,1.2137,0,0,0
-0.0676,0.0952,0.9873,0.2061,-0.3817,0.2366,0,0,0
-0.0547,0.0984,0.9988,-1.313,0.1527,-1.3435,0,0,0
-0.0503,0.1023,1.0066,-3.1069,0.5725,-2.4733,0,0,0
-0.0544,0.0986,1.0044,-4.1832,1.2672,-4.4351,0,0,0
-0.0667,0.0945,0.9968,-5.0916,1.2137,-6.0153,0,0,0
-0.0723,0.0916,0.9897,-7.2901,0.9389,-6.8702,0,0,0
-0.073,0.0801,0.9829,-8.6565,0.7557,-6.916,0,0,0
-0.0698,0.0664,0.9822,-9.1756,0.4122,-6.5725,0,0,0
-0.0674,0.0596,0.9902,-9.0916,0.0763,-6.229,0,0,0
-0.0671,0.0566,0.9866,-8.5038,-0.8168,-6.0076,0,0,0
-0.0667,0.0378,0.9863,-6.9542,-1.8321,-5.5649,0,0,0
-0.0703,0.0342,0.9915,-4.9695,-2.6336,-4.8092,0,0,0
-0.0752,0.0271,0.9897,-2.9008,-3.084,-4.2366,0,0,0
-0.0759,0.0295,0.9832,-2.0992,-4.5344,-2.5038,0,0,0
-0.0652,0.0337,0.9976,-1.0992,-5.2366,-1.1679,0,0,0
-0.0657,0.0466,1.0105,0.1298,-5.8015,-0.8779,0,0,0
-0.0608,0.0581,1.0198,-0.2366,-6.1832,-0.4962,0,0,0
-0.062,0.072,1.0132,-1.0076,-6.2443,-0.8626,0,0,0
-0.0603,0.0754,1.0144,-2.7023,-6.3282,-2.084,0,0,0
-0.061,0.0754,1.0098,-4.4885,-6.4122,-2.9771,0,0,0
-0.0505,0.0613,1.0095,-5.5878,-6.9313,-3.9466,0,0,0
-0.0471,0.061,1.0132,-6.0153,-6.7252,-3.8397,0,0,0
-0.0464,0.0574,1.0012,-5.9847,-7.6489,-4.0916,0,0,0
-0.0442,0.0566,0.9971,-5.6794,-8.3817,-4.4198,0,0,0
-0.043,0.053,1.001,-6.4733,-9.5115,-5.0916,0,0,0
-0.0527,0.0479,0.9888,-8.2901,-10.6107,-5.2137,0,0,0
-0.0452,0.0247,0.9827,-9.313,-12.0992,-4.9313,0,0,0
-0.0264,0.0066,0.9883,-8.9542,-13.5038,-3.8397,0,0,0
-0.0215,0.0105,0.9824,-8.3206,-15.2748,-2.9389,0,0,0
-0.019,0.0042,0.9783,-8.0687,-18.2672,-1.916,0,0,0
-0.0244,0.0012,0.9792,-7.855,-21.9008,-0.4504,0,0,0
-0.0183,-0.0229,0.9844,-6.4275,-25.8702,0.3206,0,0,0
-0.0156,-0.0229,0.9873,-3.8779,-29.3588,2.3282,0,0,0
-0.0034,-0.0042,1.0012,-2.8397,-34.3359,4.7176,0,0,0
0.0073,-0.03,1.0088,-2.5802,-39.4122,7.6107,0,0,0
0.0352,-0.0151,1.0281,-3.0153,-41.6107,10.8473,0,0,0
0.0449,-0.0137,1.0466,-2.4504,-42.229,11.8321,0,0,0
0.0564,-0.0088,1.0605,-1.2137,-40.4351,10.9008,0,0,0
0.0664,-0.0029,1.0906,1.2137,-38.2137,10.0382,0,0,0
0.0466,0.0061,1.072,2.4962,-35.1756,10.0687,0,0,0
0.0415,0.0024,1.0601,4.6031,-34.4733,10.7252,0,0,0
0.0281,0.0193,1.0525,5.4809,-35.9847,11.4351,0,0,0
0.0396,0.0505,1.0371,5.6489,-36.5267,11.0534,0,0,0
0.0212,0.0342,1.0261,4.6718,-39.5496,10.9389,0,0,0
0.0486,0.0471,1.0332,2.2443,-41.1069,11.1374,0,0,0
0.0603,0.0403,1.0398,0.2595,-41.7176,10.687,0,0,0
0.0803,0.0339,1.0378,2.6031,-46.1069,6.6641,0,0,0
0.1008,0.0354,1.0339,4.8168,-45.6794,5.6641,0,0,0
0.137,0.0454,1.0605,5.5191,-42.6947,5.687,0,0,0
0.1392,0.064,1.0823,8.2443,-36.9771,5.7786,0,0,0
0.1421,0.0759,1.084,10.4351,-31.4351,4.9237,0,0,0
0.1265,0.0852,1.0647,13.6107,-27.9084,3.7557,0,0,0
0.116,0.1155,1.0237,14.6947,-25.8397,1.2214,0,0,0
0.1382,0.1125,1.0039,13.9695,-25.7099,-2.0687,0,0,0
0.1272,0.1167,0.9919,13.4046,-28.6031,-2.4962,0,0,0
0.1606,0.1045,1.0059,10.7252,-29.8015,-2.0458,0,0,0
0.1511,0.1013,1.001,7.6031,-29.7328,-0.855,0,0,0
0.1887,0.1128,1.0271,4.4351,-28.4885,0.2366,0,0,0
0.1963,0.1094,1.0339,2.9542,-26.4275,0.3206,0,0,0
0.2053,0.1104,1.0374,1.5573,-24.1603,-0.9389,0,0,0
0.2212,0.1086,1.0688,1.1603,-21.8473,-2.0153,0,0,0
0.2273,0.1257,1.082,1.5267,-17.626,-3.0763,0,0,0
0.2354,0.1265,1.0903,0.3359,-12.7405,-4.1145,0,0,0
0.2334,0.123,1.0918,-1.3435,-8.5802,-4.374,0,0,0
0.2368,0.1196,1.0884,-3.6031,-4.1603,-5.2137,0,0,0
0.2292,0.1052,1.0801,-5.1603,-0.5267,-6.313,0,0,0
0.2126,0.1077,1.0667,-6.5344,1.5496,-6.4885,0,0,0
0.2029,0.0986,1.0559,-7.6565,2.1985,-5.8931,0,0,0
0.198,0.0933,1.0601,-7.7176,2.8168,-5.1527,0,0,0
0.2019,0.0947,1.0564,-7.687,4.0229,-4.7252,0,0,0
0.1914,0.0967,1.0422,-7.374,6.4962,-3.8626,0,0,0
0.1802,0.1096,1.0515,-8.6336,8.3359,-3.2214,0,0,0
0.168,0.1172,1.0305,-9.9542,10.374,-3.4885,0,0,0
0.1501,0.1082,1.0205,-10.0153,12.3664,-4.4733,0,0,0
0.1411,0.1089,0.9971,-9.0076,13.6107,-4.8321,0,0,0
0.126,0.0989,0.9556,-8.1145,13.4351,-6.084,0,0,0
0.1172,0.0955,0.9421,-8.3359,12.0687,-6.3664,0,0,0
0.1052,0.0728,0.9309,-8.145,8.9924,-6.5038,0,0,0
0.103,0.0454,0.9241,-5.7405,6.3588,-6.2366,0,0,0
0.1025,0.0359,0.9326,-2.0992,3.145,-5.2672,0,0,0
0.1123,0.0457,0.9458,0.5573,-0.313,-4.6031,0,0,0
0.1274,0.0479,0.9639,0.8626,-2.7176,-4.084,0,0,0
0.1436,0.0637,0.9858,-0.2901,-4.5038,-3.9313,0,0,0
0.1611,0.0547,1.0098,-1.5573,-4.1756,-4.8321,0,0,0
0.1687,0.0476,1.0244,-2.458,-3.084,-5.7176,0,0,0
0.1848,0.0364,1.0303,-2.5267,-2.4122,-6.2748,0,0,0
0.189,0.0225,1.033,-1.9084,-0.9771,-6.374,0,0,0
0.1951,0.0156,1.0398,-2.1756,-0.4122,-6.0458,0,0,0
0.1953,0.0212,1.0298,-4.0,0.229,-5.5725,0,0,0
0.1963,0.0127,1.0291,-5.855,1.3969,-4.2748,0,0,0
0.1924,0.0132,1.0276,-5.8321,2.4427,-3.7328,0,0,0
0.1846,0.0117,1.0122,-5.4733,3.374,-3.0458,0,0,0
0.1729,0.0176,1.0059,-4.374,3.5878,-2.458,0,0,0
0.1628,0.0183,0.9883,-3.0305,2.7939,-1.9466,0,0,0
0.1467,0.0203,0.9907,-0.8702,1.1221,-1.3588,0,0,0
0.1394,0.0305,0.9763,0.1527,-0.542,-0.3511,0,0,0
0.1279,0.0427,0.9895,0.7557,-1.7328,0.5267,0,0,0
0.1279,0.051,1.0015,1.6183,-3.0153,0.7634,0,0,0
0.1306,0.0664,1.0063,2.3359,-3.374,0.4275,0,0,0
0.1304,0.0833,1.0027,1.4809,-3.8321,-0.4275,0,0,0
0.1345,0.0745,1.0054,-0.1908,-5.1908,-1.1908,0,0,0
0.1423,0.0713,1.0286,-0.6031,-5.6565,-1.4656,0,0,0
0.1538,0.0703,1.03,-2.0305,-4.9313,-2.2137,0,0,0
0.1594,0.0549,1.041,-3.0763,-4.3053,-2.0992,0,0,0
0.1716,0.0508,1.0386,-3.0458,-2.7023,-2.4656,0,0,0
0.1716,0.0415,1.0413,-3.1756,-1.5267,-2.5954,0,0,0
0.1707,0.041,1.0391,-2.8397,-0.4198,-1.4809,0,0,0
0.1782,0.0361,1.0334,-1.7863,-0.1069,-1.1908,0,0,0
0.1758,0.042,1.0264,-1.5725,0.5344,-0.8397,0,0,0
0.1641,0.0391,1.0229,-2.0229,0.4275,-0.5649,0,0,0
0.1755,0.0295,1.0298,-1.0687,0.542,0.1679,0,0,0
0.1653,0.0415,1.0176,-0.7252,0.6718,0.8397,0,0,0
0.1626,0.04,1.0137,-1.2137,-0.0687,1.2748,0,0,0
0.1646,0.0315,1.02,-0.6336,-0.5573,1.8321,0,0,0
0.1648,0.0459,1.0225,0.458,-0.229,2.8931,0,0,0
0.1624,0.0637,1.0149,0.3664,-0.4656,3.6031,0,0,0
0.1606,0.0706,1.0171,-0.6107,-1.3053,3.084,0,0,0
0.1594,0.0718,1.0303,-0.6794,-2.3969,3.3817,0,0,0
0.1692,0.074,1.0339,0.4733,-2.2214,3.4656,0,0,0
0.1758,0.0793,1.0374,1.771,-1.6947,2.8092,0,0,0
0.1814,0.0815,1.0308,2.4198,-0.9389,1.9695,0,0,0
0.178,0.0808,1.0271,1.5802,0.1298,1.4122,0,0,0
0.1799,0.0781,1.0278,0.6947,0.5649,1.8092,0,0,0
0.1711,0.0876,1.0188,-0.7328,0.6947,1.9618,0,0,0
0.1731,0.0842,1.022,-2.2748,0.7939,1.3511,0,0,0
0.1692,0.0759,1.0156,-1.7634,1.2901,1.0076,0,0,0
0.1748,0.0671,1.0198,-0.5496,1.771,0.916,0,0,0
0.1719,0.0662,1.0134,1.8779,2.1069,1.0,0,0,0
0.1633,0.0884,0.9988,1.8397,1.0992,0.8015,0,0,0
0.1643,0.0845,0.9963,0.1221,-0.3664,0.687,0,0,0
0.1711,0.0757,1.0149,-0.2977,-0.7023,0.4733,0,0,0
0.1707,0.0791,1.0044,-0.3435,-0.4046,0.3359,0,0,0
0.1724,0.0833,0.9983,-1.1298,-0.2519,0.1603,0,0,0
0.176,0.0784,1.0088,-1.5649,-0.3435,0.1298,0,0,0
0.1702,0.0754,1.0081,-1.7405,0.2595,0.0305,0,0,0
0.1655,0.0828,0.999,-2.1756,-0.4885,-0.3053,0,0,0
0.1704,0.0728,1.0027,-1.8321,-0.8702,-0.4427,0,0,0
0.1763,0.0637,1.0046,-0.5802,-1.1908,-0.5573,0,0,0
0.1792,0.0684,1.0149,0.6489,-0.4122,-0.4504,0,0,0
0.1753,0.0686,1.0117,0.4962,-0.4733,-0.0458,0,0,0
0.1765,0.0828,1.0146,0.0,-0.6107,-0.2672,0,0,0
0.1765,0.0896,1.0083,-1.2824,-0.1603,-1.0,0,0,0
0.1682,0.085,1.0046,-2.5954,-0.626,-1.9008,0,0,0
0.1677,0.0674,1.0015,-3.2366,-1.4275,-2.1908,0,0,0
0.1685,0.0522,1.0068,-2.084,-1.4122,-1.4809,0,0,0
0.1697,0.0527,1.001,-0.5573,-1.9847,-0.5496,0,0,0
0.1638,0.0623,1.0076,-0.3282,-2.4962,-0.2824,0,0,0
0.1716,0.074,1.0139,0.0229,-2.4656,-0.1069,0,0,0
0.1743,0.0776,1.0212,-0.0687,-1.7939,-0.2748,0,0,0
0.1729,0.0759,1.0183,-0.3206,-1.5649,-0.9313,0,0,0
0.1733,0.0747,1.0159,-0.6947,-0.7863,-1.1679,0,0,0
0.1707,0.0701,1.0139,-0.4809,-0.5649,-1.3969,0,0,0
0.1663,0.0708,1.0063,-1.1832,-1.2061,-1.2366,0,0,0
0.1677,0.0725,1.011,-1.6489,-2.1985,-1.1221,0,0,0
0.1714,0.0647,1.011,-1.916,-2.8015,-1.5115,0,0,0
0.1702,0.0706,1.0186,-1.3969,-2.4885,-1.0,0,0,0
0.1738,0.0674,1.0186,-1.626,-2.0687,-1.374,0,0,0
0.1782,0.0632,1.0234,-1.4885,-1.5649,-1.3206,0,0,0
0.1814,0.0535,1.0237,-1.5954,-0.5496,-0.6794,0,0,0
0.1736,0.0576,1.0278,-0.6107,0.1679,-0.2977,0,0,0
0.1689,0.0752,1.0127,-1.3282,-0.5496,-0.1298,0,0,0
0.1689,0.0674,1.021,-2.4275,-1.0916,-0.5573,0,0,0
0.1746,0.063,1.0276,-2.1832,-0.8626,-0.2901,0,0,0
0.1731,0.0588,1.0247,-1.1985,-0.3053,-0.0687,0,0,0
0.1707,0.061,1.0186,-0.3053,0.229,0.1756,0,0,0
0.1692,0.0681,1.0095,-0.3435,0.5496,-0.0076,0,0,0
0.1682,0.0745,1.0173,-1.2977,0.4809,0.2061,0,0,0
0.1748,0.0762,1.0183,-2.3206,0.3588,-0.0611,0,0,0
0.1746,0.0603,1.0151,-2.4504,0.687,-0.3206,0,0,0
0.175,0.0569,1.0117,-2.2443,0.855,-0.3511,0,0,0
0.176,0.0591,1.0117,-2.0382,0.6641,-0.0687,0,0,0
0.1716,0.0515,1.0103,-2.9237,0.3435,1.0229,0,0,0
0.175,0.0371,1.0186,-2.2595,0.2748,1.7939,0,0,0
0.1802,0.0305,1.0283,-1.5954,1.4275,2.7328,0,0,0
0.1838,0.0261,1.0271,-1.1145,2.2748,4.1374,0,0,0
0.1934,0.0278,1.0515,-0.9313,2.4427,5.5954,0,0,0
0.1899,0.0342,1.053,-2.6107,5.8473,7.7481,0,0,0
0.1809,0.042,1.0686,-4.4885,7.0229,10.6336,0,0,0
0.1907,0.04,1.0608,-5.7252,10.2214,12.2748,0,0,0
0.1768,0.0183,1.05,-6.8473,11.7099,13.5802,0,0,0
0.1851,0.0356,1.0681,-8.4046,14.7023,16.6336,0,0,0
0.1868,0.0391,1.0774,-10.7328,18.2214,21.2748,0,0,0
0.1833,0.0605,1.0549,-17.9389,21.2748,29.374,0,0,0
0.1565,0.0645,1.0378,-26.6183,22.229,34.8855,0,0,0
0.1382,0.0427,1.0112,-33.9618,22.1603,40.1145,0,0,0
0.1223,0.0417,1.0027,-39.2672,21.9618,41.6718,0,0,0
0.1128,0.0208,0.9724,-42.0076,20.687,43.7405,0,0,0
0.1047,0.0286,0.9714,-44.0305,16.6183,46.1527,0,0,0
0.1111,-0.0046,0.9619,-42.0382,13.9847,44.6489,0,0,0
0.1155,-0.0022,0.9866,-36.9847,10.5115,42.2824,0,0,0
0.1235,-0.0132,1.0061,-28.7176,9.9084,37.8321,0,0,0
0.1484,-0.0161,1.0388,-20.855,12.4962,33.5878,0,0,0
0.1338,-0.0007,1.0337,-13.7023,15.9924,29.5191,0,0,0
0.1414,-0.0034,1.022,-9.5038,17.3053,26.2595,0,0,0
0.1172,-0.0027,1.0144,-6.8779,16.6489,24.855,0,0,0
0.1301,-0.032,1.0256,-6.374,15.2901,24.7481,0,0,0
0.1172,-0.0051,1.0315,-5.4504,15.8473,24.8931,0,0,0
0.1194,-0.0215,1.0278,-6.5267,15.4122,23.5649,0,0,0
0.1125,-0.0308,1.0125,-6.3282,14.9771,22.1221,0,0,0
0.1096,-0.0386,1.0225,-6.0763,13.8168,20.8092,0,0,0
0.103,-0.0366,1.0225,-5.7099,12.687,21.5725,0,0,0
0.106,-0.0352,1.0188,-6.8015,10.5115,24.1832,0,0,0
0.1125,-0.0576,1.0293,-7.6641,10.084,27.1145,0,0,0
0.104,-0.053,1.019,-6.5267,9.8321,26.8702,0,0,0
0.1018,-0.0679,1.0188,-4.6489,9.8702,24.9313,0,0,0
0.0852,-0.0608,1.0093,-2.4351,10.0611,24.2519,0,0,0
0.0842,-0.0664,1.001,0.0611,8.1145,24.6183,0,0,0
0.0818,-0.0767,1.022,2.8855,6.9237,26.2595,0,0,0
0.0808,-0.0552,1.0137,4.4885,5.855,27.8855,0,0,0
0.0713,-0.0371,1.0095,5.771,5.0992,27.3893,0,0,0
0.0708,-0.0256,1.0063,5.0687,3.4122,25.6565,0,0,0
0.0781,-0.0313,1.0095,4.8321,2.1679,23.8321,0,0,0
0.0811,-0.0298,1.0227,4.626,1.6489,23.3511,0,0,0
0.0955,-0.0386,1.0496,6.2977,2.6412,24.2977,0,0,0
0.0886,-0.0339,1.0474,6.7481,4.5573,26.0,0,0,0
0.0925,-0.0327,1.0496,8.3664,6.1603,26.2061,0,0,0
0.0806,-0.0112,1.0417,8.6107,7.4656,24.2366,0,0,0
0.0764,-0.0103,1.0544,7.626,7.4504,23.8397,0,0,0
0.0725,-0.019,1.0496,8.4656,7.2748,23.5725,0,0,0
0.0613,-0.0215,1.053,9.2748,6.9237,23.5114,0,0,0
0.0681,-0.0022,1.0549,11.5115,7.3359,22.5038,0,0,0
0.0789,-0.0017,1.0691,11.9237,8.2901,20.7634,0,0,0
0.0557,0.0083,1.0566,11.9084,8.7328,20.0305,0,0,0
0.0691,-0.0183,1.0608,13.0916,10.2214,19.1298,0,0,0
0.0659,-0.0056,1.0605,14.4733,11.3817,19.1985,0,0,0
0.061,0.0046,1.0452,15.0687,12.313,19.0305,0,0,0
0.0608,0.0039,1.0549,16.6565,12.8626,18.458,0,0,0
0.0596,-0.0032,1.0669,18.3893,13.6565,17.3893,0,0,0
0.054,0.0178,1.0664,20.0763,15.0992,18.3053,0,0,0
0.0515,0.0227,1.0544,20.5802,16.1069,18.145,0,0,0
0.0315,0.0344,1.0464,21.458,16.0076,17.1985,0,0,0
0.0422,0.0498,1.0479,21.084,15.5496,16.0153,0,0,0
0.0391,0.0557,1.0586,20.0534,17.1374,15.0458,0,0,0
0.0439,0.0498,1.0696,18.8244,18.1527,14.4122,0,0,0
0.0525,0.0696,1.0862,17.8855,20.6641,13.0992,0,0,0
0.0474,0.093,1.0776,15.4275,24.1832,10.855,0,0,0
0.0237,0.0891,1.0593,12.1527,26.5954,9.5725,0,0,0
0.0227,0.0806,1.0562,8.687,26.6489,8.0153,0,0,0
0.011,0.0688,1.052,8.3359,27.3206,7.8168,0,0,0
0.0103,0.0347,1.0593,9.9313,28.771,7.5038,0,0,0
0.0132,0.0527,1.0579,13.5649,30.5038,7.5725,0,0,0
0.0176,0.0535,1.0679,16.374,33.6183,5.6565,0,0,0
0.0195,0.0679,1.0647,18.0458,36.8321,3.6336,0,0,0
0.0088,0.1111,1.0405,15.9389,39.6641,3.5802,0,0,0
-0.0078,0.0974,1.0393,10.2519,39.626,2.7634,0,0,0
-0.1111,0.0559,0.9531,5.2672,33.7176,4.1679,0,0,0
0.0039,0.0881,0.9985,3.4885,26.5649,5.3893,0,0,0
-0.0569,0.0554,0.9841,3.2366,25.2824,3.2214,0,0,0
-0.0811,0.0664,0.9734,4.5038,20.4733,5.0458,0,0,0
-0.0562,0.0708,0.9851,4.1221,16.7099,5.5191,0,0,0
-0.0388,0.0745,1.0,2.542,15.1603,6.7481,0,0,0
-0.0435,0.0789,0.9922,0.7405,14.2748,8.5954,0,0,0
-0.0608,0.0813,0.9907,-1.313,12.9847,8.5573,0,0,0
-0.0693,0.0859,0.9915,-3.0305,10.4351,7.8244,0,0,0
-0.0491,0.0586,1.0015,-3.5573,8.3588,7.6489,0,0,0
-0.0457,0.0613,1.0125,0.6794,10.0458,7.9008,0,0,0
-0.0405,0.0925,1.0061,3.3511,10.8855,6.9771,0,0,0
-0.0601,0.123,1.0024,2.9771,10.8321,4.7557,0,0,0
-0.0645,0.125,0.9944,1.084,9.9008,2.7557,0,0,0
-0.0701,0.1252,0.9895,0.0305,8.916,0.5496,0,0,0
-0.0562,0.1108,0.9983,-1.9847,8.2137,-0.4275,0,0,0
-0.0642,0.0999,0.9993,-2.1908,8.6107,-0.6031,0,0,0
-0.0649,0.1021,0.9915,-1.2748,8.4427,-2.2977,0,0,0
-0.0764,0.1143,0.9812,0.1145,7.5267,-5.1374,0,0,0
-0.0833,0.1155,0.9773,3.7634,6.0076,-8.9008,0,0,0
-0.0762,0.1133,0.9861,10.5115,4.8473,-14.6336,0,0,0
-0.0669,0.124,0.9985,17.6641,5.3817,-21.2901,0,0,0
-0.0623,0.1418,1.0083,23.4962,6.8015,-26.1756,0,0,0
-0.064,0.1309,1.0151,29.0458,8.7939,-31.4351,0,0,0
-0.0627,0.1499,1.0059,33.5573,10.3435,-34.4427,0,0,0
-0.0894,0.1743,0.9827,33.5573,11.2366,-37.8779,0,0,0
-0.0771,0.1753,1.002,35.6336,11.0229,-43.2443,0,0,0
-0.0752,0.1709,1.0276,37.5878,13.2214,-49.0229,0,0,0
-0.0813,0.1775,1.041,42.2977,14.7328,-56.1298,0,0,0
-0.0691,0.1821,1.0476,47.2672,16.8092,-63.0,0,0,0
-0.0691,0.2012,1.0454,47.9542,21.6718,-66.1985,0,0,0
-0.0845,0.1821,1.0435,46.7557,24.916,-64.916,0,0,0
-0.1162,0.2163,1.0186,44.7176,26.1069,-64.7557,0,0,0
-0.1238,0.2202,1.0029,41.687,24.6336,-68.3511,0,0,0
-0.1311,0.22,1.0071,39.1527,22.1603,-73.8397,0,0,0
-0.1387,0.1914,0.9929,36.1908,20.6412,-74.374,0,0,0
-0.1548,0.1824,0.9761,32.1985,15.9466,-71.458,0,0,0
-0.155,0.1628,0.9888,26.0534,12.8397,-65.2443,0,0,0
-0.1565,0.1677,0.9883,21.2443,11.1221,-57.6641,0,0,0
-0.1584,0.1433,0.9807,17.7939,9.1908,-52.3969,0,0,0
-0.1606,0.1475,0.9832,14.626,8.1527,-47.2977,0,0,0
-0.1624,0.1365,0.9985,12.4962,6.374,-42.7023,0,0,0
-0.1375,0.145,1.0154,14.8397,7.3664,-43.6107,0,0,0
-0.1663,0.1479,0.9976,19.3359,8.9084,-42.145,0,0,0
-0.1802,0.1633,0.9792,21.7786,7.1221,-39.7176,0,0,0
-0.1926,0.1575,0.9753,22.7405,5.7634,-35.5649,0,0,0
-0.1963,0.1897,0.9622,24.0763,3.3282,-34.1221,0,0,0
-0.2034,0.2009,0.95,23.9542,0.5115,-35.1145,0,0,0
-0.2056,0.2351,0.957,21.2901,-2.3664,-34.8397,0,0,0
-0.1963,0.2231,0.9592,16.8626,-4.7557,-34.2519,0,0,0
-0.1875,0.2168,0.9568,14.5573,-5.3817,-33.7328,0,0,0
-0.0544,0.8196,0.9231,4.5649,3.0153,-29.6336,0,0,0
-0.2009,0.2537,0.9438,16.3053,-8.3511,-36.771,0,0,0
-0.177,0.1514,0.9849,19.7176,-8.1908,-34.0458,0,0,0
-0.1646,0.2144,0.9805,22.3206,-8.5344,-27.9237,0,0,0
-0.1628,0.2104,1.0059,20.542,-5.1527,-23.7939,0,0,0
-0.1899,0.2197,0.9851,17.7099,-4.7557,-25.8779,0,0,0
-0.1777,0.2395,0.9836,13.7786,-5.2214,-25.0305,0,0,0
-0.176,0.2463,0.9932,9.3511,-4.1908,-25.5802,0,0,0
-0.1682,0.2288,1.0037,5.8702,-2.9389,-25.4809,0,0,0
-0.1604,0.2253,1.0034,2.8015,-0.2595,-24.458,0,0,0
-0.1772,0.2097,0.991,0.9389,1.7863,-21.8168,0,0,0
-0.1802,0.2107,0.9922,0.5267,2.5191,-20.8244,0,0,0
-0.1907,0.1873,0.9878,2.5802,2.5878,-22.0611,0,0,0
-0.1907,0.196,0.981,5.9389,2.0382,-21.9542,0,0,0
-0.189,0.1853,0.9827,8.3435,2.0153,-20.855,0,0,0
-0.1934,0.2039,0.9783,8.8015,2.9847,-18.4962,0,0,0
-0.1882,0.2251,0.9929,7.1145,3.6183,-15.6107,0,0,0
-0.1951,0.2385,0.9817,3.5344,3.6794,-15.084,0,0,0
-0.1946,0.2424,0.9846,-0.7176,3.1679,-15.7863,0,0,0
-0.2031,0.2261,0.9834,-2.5725,2.8855,-16.3511,0,0,0
-0.2083,0.2041,0.9824,-2.3435,2.5191,-15.0153,0,0,0
-0.1992,0.2058,0.9949,1.3817,2.6412,-16.1374,0,0,0
-0.1982,0.2124,1.0042,4.0229,3.855,-16.9771,0,0,0
-0.2048,0.2417,0.9998,4.2214,5.6031,-16.8397,0,0,0
-0.2078,0.259,1.0005,2.0534,6.9389,-16.2061,0,0,0
-0.2339,0.2019,0.9775,-4.6412,6.6107,-17.1069,0,0,0
-0.2202,0.2002,1.0034,-5.2977,6.7863,-19.626,0,0,0
-0.2151,0.238,1.002,-1.9389,10.2137,-18.8244,0,0,0
-0.2178,0.1821,1.0029,2.542,8.5115,-17.8855,0,0,0
-0.2156,0.2146,1.0193,6.1374,10.4046,-21.0611,0,0,0
-0.2266,0.2422,1.0017,7.4351,11.8015,-23.2824,0,0,0
-0.2278,0.2498,1.001,4.3435,12.7099,-22.687,0,0,0
-0.2371,0.238,0.9919,1.5191,13.313,-20.4427,0,0,0
-0.2375,0.2317,1.0005,0.7863,13.2519,-20.145,0,0,0
-0.2356,0.2209,0.9863,0.2595,13.0229,-19.9389,0,0,0
-0.2434,0.2334,0.9832,-0.1221,12.8626,-19.7481,0,0,0
-0.2585,0.2158,0.9705,-0.1221,12.1298,-20.3664,0,0,0
-0.2576,0.2092,0.9563,0.4275,10.1069,-18.9618,0,0,0
-0.2522,0.2021,0.9521,0.7405,8.229,-16.374,0,0,0
-0.2549,0.2002,0.9514,2.5115,7.1908,-14.1527,0,0,0
-0.2539,0.2158,0.9631,2.2061,6.7023,-11.5344,0,0,0
-0.2524,0.2446,0.9607,-1.4733,6.7328,-8.7939,0,0,0
-0.21,0.4263,0.9893,-12.8397,16.8626,-7.4733,0,0,0
-0.1821,0.3201,0.9846,-11.2061,11.916,-13.8855,0,0,0
-0.3123,0.1689,0.9512,-8.7405,11.6718,-14.9313,0,0,0
-0.2493,0.1787,0.9587,-3.4733,10.6107,-11.1832,0,0,0
-0.2339,0.1829,0.9661,2.3206,10.9313,-11.3969,0,0,0
-0.2715,0.2068,0.9509,5.5954,10.6718,-14.0534,0,0,0
-0.2581,0.2388,0.9429,4.7328,10.0305,-14.313,0,0,0
-0.2634,0.2324,0.9463,1.626,9.9924,-13.458,0,0,0
-0.262,0.2332,0.9583,0.1679,9.9313,-15.1985,0,0,0
-0.2632,0.2366,0.9568,-1.1679,11.1374,-16.7023,0,0,0
-0.2712,0.2178,0.9497,-0.542,11.4275,-18.2595,0,0,0
-0.405,0.1489,0.8862,-5.313,16.0,-16.2519,0,0,0
-0.2424,0.2427,0.9563,-0.8168,14.7863,-19.1679,0,0,0
-0.3284,0.1875,0.9641,5.3969,13.6336,-19.5725,0,0,0
-0.3037,0.23,0.947,7.0229,13.0763,-20.0916,0,0,0
-0.2964,0.2578,0.9612,3.3435,12.8397,-20.0153,1,0,0
-0.3054,0.2319,0.9568,-2.771,12.7634,-18.7023,1,0,0
-0.3005,0.2104,0.9556,-4.5802,11.3511,-16.8321,1,0,0
-0.3196,0.1785,0.9463,-4.0916,9.8168,-17.3053,1,0,0
-0.3057,0.2161,0.9514,-3.8702,10.5802,-17.1527,1,0,0
-0.3193,0.2039,0.9434,-5.2061,7.9695,-15.5496,1,0,0
-0.3171,0.1716,0.9465,-6.8779,8.1527,-11.8092,1,0,0
-0.3228,0.1572,0.9329,-7.7557,7.0076,-6.7557,1,0,0
-0.3271,0.1555,0.9338,-7.4351,4.9313,-1.9237,1,0,0
-0.3105,0.1672,0.9346,-5.0382,2.6031,-1.3053,1,0,0
-0.3127,0.1836,0.9285,-3.687,0.6947,-1.4198,1,0,0
-0.2961,0.1873,0.937,-3.5344,0.229,-1.7176,1,0,0
-0.2832,0.1755,0.96,-1.8779,1.7328,-2.4122,1,0,0
-0.2878,0.1807,0.968,0.6412,4.4427,-3.8855,1,0,0
-0.2974,0.2034,0.9675,1.8473,6.3817,-4.1832,1,0,0
-0.3003,0.2058,0.9648,1.2519,8.8168,-5.3282,1,0,0
-0.3098,0.2078,0.9678,1.7863,10.542,-6.9695,1,0,0
-0.3267,0.2134,0.9639,3.6718,11.3511,-9.2748,1,0,0
-0.3362,0.2302,0.9358,2.8779,11.084,-10.2595,1,0,0
-0.3345,0.2466,0.9314,0.5267,9.3893,-11.3969,1,0,0
-0.3245,0.2156,0.9583,3.0687,9.3511,-16.542,1,0,0
-0.3501,0.2305,0.9424,4.5496,9.1908,-19.4351,1,0,0
-0.3474,0.2202,0.9402,2.4733,8.5954,-18.6412,1,0,0
-0.4419,0.0239,0.9832,-6.4275,12.0534,-14.6107,1,0,0
-0.364,0.179,0.9324,-7.1985,9.084,-15.1756,1,0,0
-0.3462,0.1975,0.9243,-5.7405,6.5038,-10.1527,1,0,0
-0.3257,0.1799,0.8984,-8.0992,4.3817,-3.3588,1,0,0
-0.3735,0.1165,0.8879,-11.4504,-0.5954,4.084,1,0,0
-0.3835,0.1216,0.8723,-14.2824,-6.9389,13.0305,1,0,0
-0.3459,0.1218,0.8879,-15.6031,-11.9389,20.0916,1,0,0
-0.3337,0.1287,0.9021,-13.8779,-16.3435,22.771,1,0,0
-0.3154,0.1387,0.926,-10.687,-18.4275,22.9924,1,0,0
-0.3079,0.157,0.9207,-9.5802,-19.1985,24.7252,1,0,0
-0.2952,0.1692,0.9358,-10.771,-19.1069,27.6107,1,0,0
-0.3098,0.168,0.9287,-11.6336,-19.2137,32.0153,1,0,0
-0.301,0.167,0.9275,-12.9389,-19.7863,34.9618,1,0,0
-0.3132,0.1653,0.9346,-11.7863,-21.229,35.7634,1,0,0
-0.2913,0.1804,0.9211,-11.9695,-22.8473,35.4656,1,0,0
-0.386,0.0571,0.8918,-13.1374,-28.0534,35.1298,1,0,0
-0.2813,0.1494,0.918,-15.1221,-31.1985,39.3282,1,0,0
-0.231,0.1609,0.9639,-10.9695,-31.5496,37.2901,1,0,0
-0.2676,0.1733,0.9468,-9.0458,-30.2061,38.1145,1,0,0
-0.2607,0.2236,0.9478,-11.0534,-30.4656,37.9771,1,0,0
-0.26,0.2114,0.9609,-12.0305,-30.0305,32.9542,1,0,0
-0.2537,0.1877,0.9502,-13.7939,-29.3435,31.1069,1,0,0
-0.2634,0.1965,0.9326,-15.1603,-32.9389,32.9008,1,0,0
-0.2666,0.1628,0.9253,-16.3511,-36.8015,37.4275,1,0,0
-0.231,0.1726,0.9363,-16.1603,-38.5191,39.1527,1,0,0
-0.2256,0.1777,0.9429,-14.687,-39.6718,38.3511,1,0,0
-0.2026,0.1794,0.9519,-13.7328,-40.1069,38.4809,0,0,0
-0.1941,0.1658,0.9614,-13.7176,-40.6718,40.084,0,0,0
-0.188,0.1733,0.9719,-12.5038,-42.6183,44.6947,0,0,0
-0.2173,0.1887,0.9629,-12.3206,-43.5878,46.771,0,0,0
-0.1934,0.2163,1.0215,-7.542,-44.7023,38.8626,0,0,0
-0.1636,0.2314,1.0498,-2.6947,-41.3359,27.5267,0,0,0
-0.1453,0.2744,1.0518,0.0229,-36.9771,20.3282,0,0,0
-0.1106,0.2522,1.0669,1.4122,-29.2977,13.9542,0,0,0
-0.127,0.2444,1.075,2.5038,-23.8168,11.4122,0,0,0
-0.1257,0.2493,1.0837,2.145,-17.458,10.2366,0,0,0
-0.1426,0.2561,1.0613,-0.145,-12.916,9.6794,0,0,0
-0.1602,0.2607,1.0461,-4.9618,-11.0611,9.3893,0,0,0
-0.167,0.2458,1.0137,-10.3282,-12.1221,9.2519,0,0,0
-0.1597,0.2166,1.0081,-14.1908,-14.313,9.3969,0,0,0
-0.1423,0.1775,1.0134,-13.6641,-16.9237,9.7939,0,0,0
-0.1396,0.1594,1.0212,-11.0382,-17.5954,11.8321,0,0,0
-0.1243,0.1731,1.0269,-8.6336,-16.9618,13.6336,0,0,0
-0.1284,0.1902,1.0291,-7.4885,-16.6107,14.2977,0,0,0
-0.1091,0.189,1.0513,-5.2214,-14.855,12.4351,0,0,0
-0.1157,0.2068,1.0522,-3.6412,-11.7023,10.7481,0,0,0
-0.1133,0.2153,1.0513,-4.5573,-10.0763,10.1756,0,0,0
-0.1062,0.2151,1.0527,-4.6107,-7.5267,8.626,0,0,0
-0.1079,0.2026,1.0452,-3.4962,-4.8397,7.5115,0,0,0
-0.1125,0.1985,1.0391,-2.1908,-3.5191,6.9008,0,0,0
-0.1101,0.1951,1.0247,-2.4733,-2.8779,6.687,0,0,0
-0.1235,0.187,1.0164,-3.4351,-3.4351,7.687,0,0,0
-0.1165,0.1824,1.0083,-4.5038,-4.4122,8.9771,0,0,0
-0.1226,0.1831,1.0103,-4.9924,-4.8092,10.4962,0,0,0
-0.1118,0.1875,1.0054,-5.8702,-5.3435,11.9771,0,0,0
-0.104,0.1892,1.0173,-5.7863,-5.5573,11.374,0,0,0
-0.1033,0.1917,1.0081,-3.8626,-5.3664,9.229,0,0,0
-0.1038,0.2002,1.0029,-3.0458,-4.6183,7.8168,0,0,0
-0.1074,0.2034,0.9907,-2.9237,-4.2672,7.2519,0,0,0
-0.1106,0.1941,0.9915,-3.4427,-5.1527,7.1679,0,0,0
-0.106,0.196,0.9907,-3.3969,-5.9695,7.0458,0,0,0
-0.0972,0.1953,0.9927,-3.458,-6.2519,6.3053,0,0,0
-0.0925,0.1978,1.0063,-3.9466,-5.626,5.7863,0,0,0
-0.0918,0.187,1.002,-3.9389,-5.0,5.3053,0,0,0
-0.084,0.1809,1.0005,-3.0916,-4.2824,5.0992,0,0,0
-0.0938,0.1833,0.9985,-2.4809,-3.9237,4.8015,0,0,0
-0.0957,0.1797,0.9878,-2.4656,-4.6489,4.8855,0,0,0
-0.0867,0.1829,0.9958,-2.0,-5.2366,4.626,0,0,0
-0.0874,0.1919,1.0029,-1.7023,-4.8473,3.4275,0,0,0
-0.0862,0.199,0.999,-1.771,-4.7557,2.8321,0,0,0
-0.0779,0.1919,1.0044,-2.1145,-3.9008,2.6336,0,0,0
-0.0862,0.1853,1.0122,-2.3817,-2.5038,1.8321,0,0,0
-0.0964,0.1846,0.9976,-2.8321,-3.145,1.9389,0,0,0
-0.1001,0.1919,1.0066,-3.4198,-3.5954,1.9542,0,0,0
-0.0947,0.1819,1.0081,-3.3969,-4.1832,2.374,0,0,0
-0.085,0.1758,1.0134,-2.0382,-4.7634,2.3511,0,0,0
-0.083,0.1782,1.0122,-0.687,-4.0229,2.0458,0,0,0
-0.0806,0.1914,1.0105,-0.6489,-3.1832,2.1679,0,0,0
-0.0867,0.1953,1.0178,-1.4809,-2.9542,1.9237,0,0,0
-0.0879,0.1885,1.0239,-1.6489,-2.8244,1.9084,0,0,0
-0.0906,0.1914,1.022,-0.8779,-2.1756,1.9084,0,0,0
-0.0886,0.1975,1.0205,-0.7786,-1.5496,1.5954,0,0,0
-0.0891,0.2043,1.019,-0.9771,-1.2672,1.3969,0,0,0
-0.0889,0.2068,1.0171,-1.5573,-0.8015,0.8931,0,0,0
-0.0862,0.2029,1.0049,-2.1298,-0.7634,0.6183,0,0,0
-0.0879,0.1946,1.0022,-2.1145,-1.4275,-0.1832,0,0,0
-0.0886,0.1843,1.0024,-2.1908,-2.0305,0.3664,0,0,0
-0.0942,0.1821,1.0154,-1.7939,-3.0,1.6183,0,0,0
-0.083,0.1836,1.0144,-1.4275,-3.2672,1.8702,0,0,0
-0.0793,0.1926,1.0222,-0.5496,-2.7939,1.5496,0,0,0
-0.0781,0.2007,1.0208,-0.2214,-1.9466,1.4198,0,0,0
-0.0796,0.2065,1.0193,-0.6794,-1.1298,0.626,0,0,0
-0.0793,0.1987,1.0225,-1.1145,-0.6336,0.1298,0,0,0
-0.0798,0.1868,1.0193,-0.1374,-0.1985,-0.5038,0,0,0
-0.0845,0.2065,1.0125,0.2901,-0.2824,-0.1832,0,0,0
-0.0798,0.1985,1.0056,-1.4656,-1.2519,-0.5573,0,0,0
-0.0769,0.1948,1.0127,-2.3817,-1.6107,-0.7481,0,0,0
-0.0796,0.1892,1.0125,-2.8092,-0.9313,-0.9389,0,0,0
-0.0764,0.1936,1.0054,-3.2366,-0.6183,-1.0992,0,0,0
-0.0774,0.1895,1.0056,-3.3664,0.0305,-1.1221,0,0,0
-0.0842,0.1963,0.9983,-3.1221,-0.4198,-1.1756,0,0,0
-0.082,0.1865,0.9915,-3.7557,-0.9542,-1.7786,0,0,0
-0.0815,0.1685,0.999,-3.2748,-1.3588,-1.7634,0,0,0
-0.0813,0.1646,1.0034,-0.7939,-1.374,-1.2977,0,0,0
-0.0874,0.1772,0.9954,0.2672,-1.687,-0.9618,0,0,0
-0.0889,0.178,0.9963,0.0153,-2.5649,-0.2672,0,0,0
-0.0735,0.1824,0.9988,-0.6412,-2.5649,0.3893,0,0,0
-0.0747,0.1912,1.0029,-1.8626,-1.7252,0.0916,0,0,0
-0.0757,0.1821,1.0054,-2.4275,-1.4733,-0.2595,0,0,0
-0.0691,0.175,1.0103,-1.855,-0.9847,-0.4198,0,0,0
-0.0796,0.1824,0.9963,-1.3359,-1.2595,-0.542,0,0,0
-0.0862,0.1858,0.9963,-2.3206,-2.5725,-0.2137,0,0,0
-0.0803,0.179,1.0002,-3.1832,-3.4351,-0.2366,0,0,0
-0.0757,0.1694,1.0088,-2.8931,-3.0763,0.5496,0,0,0
-0.075,0.1755,1.0063,-2.145,-2.9389,1.2748,0,0,0
-0.0732,0.1802,1.0081,-1.5267,-2.626,1.4427,0,0,0
-0.0823,0.1873,1.0098,-0.8855,-2.5954,1.2672,0,0,0
-0.0837,0.1909,1.0076,-1.2672,-2.3588,0.6412,0,0,0
-0.0852,0.1875,1.0095,-1.4351,-2.6489,0.374,0,0,0
-0.0764,0.1814,1.0186,-1.2061,-2.7176,0.7405,0,0,0
-0.0762,0.1946,1.0164,-1.4427,-2.6641,0.4885,0,0,0
-0.0735,0.1877,1.0161,-2.2672,-2.4962,0.7634,0,0,0
-0.0725,0.1887,1.02,-2.8321,-2.3282,0.771,0,0,0
-0.0676,0.1775,1.0247,-2.9771,-2.0153,0.7252,0,0,0
-0.0754,0.1814,1.0151,-2.1908,-2.0076,1.1374,0,0,0
-0.0762,0.1797,1.0166,-1.6565,-1.6565,1.1832,0,0,0
-0.0728,0.1799,1.0103,-1.1221,-1.7405,1.5115,0,0,0
-0.0701,0.1929,1.0212,-0.4962,-1.2443,1.4962,0,0,0
-0.072,0.196,1.0171,-1.7176,-1.2214,1.313,0,0,0
-0.0735,0.1951,1.0115,-3.1374,-1.0763,1.2901,0,0,0
-0.0759,0.1892,1.0122,-4.1756,-1.4351,1.4962,0,0,0
-0.0781,0.187,1.0103,-4.3511,-1.8855,1.5725,0,0,0
-0.0725,0.1841,1.0095,-3.7939,-2.3893,2.1221,0,0,0
-0.0798,0.1824,1.0034,-3.8244,-2.8015,1.7939,0,0,0
-0.0605,0.1946,1.0103,-3.5802,-2.6947,2.0534,0,0,0
-0.0671,0.1814,1.012,-3.0611,-2.3053,2.084,0,0,0
-0.0654,0.1848,1.01,-1.7634,-1.4656,1.6641,0,0,0
-0.0627,0.1829,1.0139,-1.5573,-0.7252,1.5496,0,0,0
-0.0667,0.1877,1.011,-1.5573,-0.6641,1.2443,0,0,0
-0.0686,0.1943,1.0073,-2.4809,-0.687,1.0687,0,0,0
-0.072,0.1973,1.0022,-4.0305,-1.4122,0.542,0,0,0
-0.0659,0.1953,0.9995,-5.1679,-1.5954,0.229,0,0,0
-0.0728,0.1819,1.0012,-5.1756,-2.5267,0.2595,0,0,0
-0.0698,0.1724,1.0039,-4.687,-2.313,1.1756,0,0,0
-0.064,0.1643,1.002,-3.7786,-2.7481,2.374,0,0,0
-0.0581,0.1699,0.9988,-3.1374,-3.2977,2.7405,0,0,0
-0.0635,0.1799,1.0022,-4.0305,-3.9466,3.7786,0,0,0
-0.0571,0.186,1.0046,-4.1679,-4.4962,2.9924,0,0,0
-0.0642,0.1763,1.0012,-4.687,-4.1221,2.7557,0,0,0
-0.062,0.1782,1.0005,-4.5344,-4.145,2.9237,0,0,0
-0.0586,0.176,1.0056,-3.7023,-4.4809,3.084,0,0,0
-0.0603,0.177,1.0039,-3.2443,-4.6565,3.5802,0,0,0
-0.0671,0.1826,1.0044,-4.1374,-4.5802,4.0458,0,0,0
-0.0566,0.1797,1.0012,-4.8931,-4.9008,4.3435,0,0,0
-0.0503,0.1804,1.0059,-4.9695,-4.771,4.1756,0,0,0
-0.0535,0.1846,1.0049,-4.8473,-4.4885,3.4504,0,0,0
-0.0522,0.1802,1.011,-4.8321,-4.7939,3.0763,0,0,0
-0.0581,0.1711,1.0095,-4.5344,-4.4809,2.8015,0,0,0
-0.0522,0.1677,1.0173,-3.916,-4.1756,2.9771,0,0,0
-0.0532,0.1741,1.0149,-2.7405,-4.0382,2.6489,0,0,0
-0.0562,0.1755,1.0164,-2.3053,-4.1908,2.9847,0,0,0
-0.0569,0.1855,1.0178,-2.6183,-3.9084,3.0458,0,0,0
-0.0518,0.1873,1.0198,-4.1603,-3.5878,2.8397,0,0,0
-0.0549,0.1838,1.0178,-4.9389,-3.7023,2.9008,0,0,0
-0.0532,0.1787,1.0151,-5.8321,-4.0611,3.6412,0,0,0
-0.0544,0.1738,1.0149,-5.2595,-3.7099,3.8473,0,0,0
-0.0435,0.1792,1.0232,-4.7023,-3.2443,3.5191,0,0,0
-0.0483,0.1812,1.0237,-4.2824,-2.7557,3.0153,0,0,0
-0.0471,0.1819,1.03,-4.3206,-2.0153,2.4427,0,0,0
-0.0532,0.1741,1.0325,-4.7405,-1.374,2.6947,0,0,0
-0.0493,0.179,1.0232,-5.2366,-1.4046,2.3588,0,0,0
-0.0557,0.1763,1.0181,-5.4275,-1.2748,2.9847,0,0,0
-0.0522,0.177,1.0168,-5.626,-1.4198,3.2137,0,0,0
-0.0491,0.1797,1.0178,-6.5725,-1.6183,3.3664,0,0,0
-0.0518,0.1719,1.0107,-6.7634,-2.0687,3.4122,0,0,0
-0.0515,0.1677,1.0078,-6.7939,-2.7252,3.3359,0,0,0
-0.0449,0.1626,1.0178,-6.2366,-2.5954,3.8779,0,0,0
-0.0393,0.1638,1.0293,-5.687,-1.313,3.9542,0,0,0
-0.0444,0.1658,1.0312,-4.9237,-0.7939,4.4656,0,0,0
-0.0398,0.1653,1.0205,-4.4275,-0.2519,4.1756,0,0,0
-0.0349,0.1738,1.0212,-4.2061,-0.1374,3.5878,0,0,0
-0.0454,0.1592,1.0037,-4.6107,-0.458,3.1985,0,0,0
-0.0432,0.1599,1.0098,-4.5191,-1.3511,2.4275,0,0,0
-0.0386,0.1531,1.0164,-3.7023,-1.4733,1.7634,0,0,0
-0.0391,0.1528,1.0188,-2.5191,-0.8321,1.7099,0,0,0
-0.0398,0.1611,1.0188,-1.9847,-0.1985,1.5725,0,0,0
-0.0449,0.1638,1.0139,-1.8244,-0.4733,1.6412,0,0,0
-0.0515,0.1648,0.9966,-2.0916,-0.8855,1.6947,0,0,0
-0.053,0.1641,1.001,-2.542,-1.374,1.3511,0,0,0
-0.0486,0.1643,0.9983,-2.8931,-2.2061,1.6565,0,0,0
-0.0447,0.1514,1.0071,-2.6489,-2.2901,1.7634,0,0,0
-0.04,0.1641,1.0083,-2.0534,-1.4885,1.2748,0,0,0
-0.0493,0.1692,1.0095,-2.5038,-1.4046,0.855,0,0,0
-0.0493,0.1694,1.0051,-2.916,-1.4733,0.4885,0,0,0
-0.0479,0.166,1.0039,-2.855,-2.1374,0.5649,0,0,0
-0.0486,0.1648,1.0049,-3.1374,-2.6412,0.7176,0,0,0
-0.0466,0.1609,1.0017,-2.9084,-2.8015,0.771,0,0,0
-0.0413,0.1536,1.0085,-2.3435,-3.3282,0.8092,0,0,0
-0.0376,0.1611,1.0132,-2.0076,-2.8855,0.5115,0,0,0
-0.0386,0.1626,1.0156,-2.0076,-2.7557,0.4427,0,0,0
-0.0361,0.1575,1.0225,-2.7863,-2.9847,0.458,0,0,0
-0.0327,0.165,1.0208,-2.687,-2.626,0.5802,0,0,0
-0.0354,0.1653,1.0144,-2.8321,-2.6565,0.6794,0,0,0
-0.0298,0.1594,1.0171,-2.7252,-2.458,0.3435,0,0,0
-0.0291,0.1577,1.0164,-1.771,-2.4656,0.3511,0,0,0
-0.0291,0.1619,1.0125,-0.8397,-2.5115,0.3588,0,0,0
-0.0361,0.1689,1.0139,-0.3511,-2.4275,0.5115,0,0,0
-0.0356,0.1694,1.0173,-0.771,-2.6412,0.3969,0,0,0
-0.0332,0.1731,1.0188,-1.0153,-2.5344,0.8168,0,0,0
-0.0332,0.1748,1.0198,-0.9389,-2.3435,0.5496,0,0,0
-0.032,0.1846,1.0239,-1.2595,-2.2748,0.2443,0,0,0
-0.0344,0.1765,1.0134,-1.6718,-2.5344,0.0534,0,0,0
-0.032,0.1848,1.012,-2.3435,-2.6794,-0.1298,0,0,0
-0.0376,0.1746,1.0256,-3.0382,-2.5191,-0.3359,0,0,0
-0.0339,0.1685,1.0251,-2.8244,-2.626,-0.4885,0,0,0
-0.0366,0.1721,1.0349,-1.1069,-2.084,-0.8473,0,0,0
-0.0383,0.1807,1.0276,-0.6947,-1.7405,-1.374,0,0,0
-0.0359,0.1804,1.0293,-0.8092,-2.084,-2.3664,0,0,0
-0.0332,0.1711,1.0315,-1.3282,-1.7863,-2.5038,0,0,0
-0.0354,0.1658,1.0293,-1.9237,-1.4885,-2.4046,0,0,0
-0.0303,0.1606,1.022,-2.4885,-1.2061,-2.5496,0,0,0
-0.0378,0.1548,1.0176,-2.2519,-0.3817,-2.3282,0,0,0
-0.0425,0.1504,1.0066,-2.0076,-0.1527,-1.7863,0,0,0
-0.042,0.1499,1.009,-2.0305,-0.4046,-1.6031,0,0,0
-0.0471,0.1509,1.0039,-1.7176,-0.7786,-1.3053,0,0,0
-0.0396,0.144,1.0088,-0.4885,-1.0611,-0.6183,0,0,0
-0.0405,0.1538,1.01,0.6183,-1.0229,-0.2672,0,0,0
-0.0405,0.1602,1.0095,0.7634,-1.7557,-0.7634,0,0,0
-0.0293,0.1653,1.0125,-0.6031,-2.8855,-0.771,0,0,0
-0.0256,0.1621,1.0271,-1.4656,-2.626,-1.6107,0,0,0
-0.0244,0.155,1.0203,-2.5649,-1.9847,-2.2061,0,0,0
-0.0295,0.136,1.0173,-2.2901,-1.542,-1.8244,0,0,0
-0.0271,0.1394,1.0164,-1.4733,-0.8092,-0.8626,0,0,0
-0.0398,0.1462,1.0095,-1.5725,-1.0763,-0.6641,0,0,0
-0.0337,0.1396,1.0164,-1.2137,-1.1298,-0.3969,0,0,0
-0.0322,0.147,1.0161,-0.9389,-1.5878,0.1221,0,0,0
-0.0359,0.156,1.0149,-1.3817,-1.916,-0.1527,0,0,0
-0.0291,0.155,1.0171,-2.1756,-2.1908,0.3053,0,0,0
-0.0237,0.1506,1.0186,-1.9618,-1.8779,0.0153,0,0,0
-0.0215,0.1467,1.0271,-2.0076,-0.7252,-0.2443,0,0,0
-0.0239,0.1555,1.019,-3.1756,0.0,-0.0916,0,0,0
-0.0278,0.1543,1.02,-4.0458,-0.0076,0.0305,0,0,0
-0.0278,0.1597,1.011,-4.4962,0.2595,0.4122,0,0,0
-0.0276,0.1621,1.0051,-4.9313,0.2748,0.1145,0,0,0
-0.0281,0.1592,0.9993,-4.3817,0.0687,-0.1679,0,0,0
-0.032,0.1636,1.0017,-3.8931,0.3969,-0.374,0,0,0
-0.032,0.1628,0.9851,-4.2595,-0.1298,-1.1221,0,0,0
-0.0339,0.158,0.9873,-4.1221,-0.8626,-1.084,0,0,0
-0.0396,0.1458,0.9871,-3.3282,-1.5344,-0.542,0,0,0
-0.0369,0.1396,0.9922,-2.5573,-2.7634,0.3511,0,0,0
-0.0347,0.1477,0.9951,-1.7939,-3.4809,1.1679,0,0,0
-0.0278,0.1614,1.0061,-1.7481,-3.7863,1.7176,0,0,0
-0.0271,0.165,1.0146,-2.6641,-4.4809,1.3053,0,0,0
-0.0283,0.165,1.0212,-2.7634,-4.4504,1.3511,0,0,0
-0.0242,0.1594,1.0208,-2.1069,-4.5191,1.0763,0,0,0
-0.021,0.1577,1.0259,-0.8473,-4.0458,1.1679,0,0,0
-0.0234,0.1631,1.0317,-0.3969,-3.7863,1.0992,0,0,0
-0.021,0.1736,1.0315,-0.4427,-3.2977,0.7252,0,0,0
-0.02,0.1724,1.0251,-0.5115,-2.6489,0.5038,0,0,0
-0.0286,0.1819,1.0229,-1.2061,-2.4885,-0.1221,0,0,0
-0.0295,0.1719,1.0188,-2.0916,-2.3511,-0.4885,0,0,0
-0.033,0.1699,1.0269,-1.9313,-2.8321,-0.6183,0,0,0
-0.0283,0.1699,1.0298,-2.1756,-2.7099,-1.0305,0,0,0
-0.0249,0.1648,1.0332,-2.2366,-2.6412,-1.3359,0,0,0
-0.0249,0.166,1.0269,-2.6336,-2.0687,-1.5191,0,0,0
-0.0261,0.167,1.0259,-3.5191,-1.2443,-2.3664,0,0,0
-0.0278,0.1526,1.0337,-3.4046,-1.3511,-2.2137,0,0,0
-0.0215,0.1436,1.0244,-2.7634,-1.0687,-2.1374,0,0,0
-0.0273,0.1472,1.0205,-1.8702,-0.6336,-1.6412,0,0,0
-0.0288,0.1477,1.0117,-1.6947,-1.1298,-1.7405,0,0,0
-0.0276,0.1509,1.0208,-1.0992,-1.3053,-1.6641,0,0,0
-0.0222,0.1458,1.0217,-0.7863,-1.5038,-1.5038,0,0,0
-0.0215,0.1519,1.0166,-0.4885,-1.4427,-1.2977,0,0,0
-0.0193,0.1455,1.022,-0.0534,-1.5725,-0.9389,0,0,0
-0.0232,0.1443,1.0139,0.0763,-1.3435,-0.6489,0,0,0
-0.0164,0.1572,1.0254,-0.3282,-1.4275,-0.4198,0,0,0
-0.0229,0.1528,1.0154,-0.5725,-0.916,-0.4427,0,0,0
-0.0239,0.144,1.0198,-0.1985,-0.9313,-0.1298,0,0,0
-0.0237,0.1528,1.0188,0.3969,-0.5573,0.2137,0,0,0
-0.0256,0.1584,1.0125,0.687,-1.3053,0.3893,0,0,0
-0.0271,0.1636,1.0188,0.5038,-1.2443,0.313,0,0,0
-0.0298,0.1594,1.021,-0.4198,-1.3588,-0.229,0,0,0
-0.0208,0.157,1.0161,-0.2748,-1.6947,-0.3969,0,0,0
-0.0212,0.1592,1.02,0.313,-1.229,-0.2748,0,0,0
-0.0208,0.1599,1.0264,0.2672,-1.5267,0.2137,0,0,0
-0.0205,0.1682,1.0259,0.084,-1.1832,0.0076,0,0,0
-0.0173,0.1714,1.022,-0.6489,-0.7634,0.0992,0,0,0
-0.0146,0.1653,1.0173,-1.145,-0.8779,0.2443,0,0,0
-0.0117,0.168,1.0264,-1.2977,-0.374,0.2748,0,0,0
-0.0107,0.1699,1.0146,-2.0229,-0.2137,0.1679,0,0,0
-0.0107,0.1714,1.0181,-2.313,-0.4427,0.1298,0,0,0
-0.0039,0.1787,1.0181,-2.8931,-0.0458,-0.3664,0,0,0
-0.0044,0.176,1.0159,-2.8702,0.1985,-0.5725,0,0,0
-0.0063,0.1826,1.0159,-3.2137,0.145,-1.3053,0,0,0
-0.0015,0.1785,1.0073,-3.5802,0.1908,-0.9466,0,0,0
-0.0076,0.1731,1.0081,-3.3206,0.7023,-0.7328,0,0,0
-0.0078,0.1787,1.0068,-2.3893,0.4656,-0.8015,0,0,0
-0.0073,0.187,0.9973,-1.7023,0.3435,-1.0992,0,0,0
-0.0161,0.1921,0.9946,-1.3893,-0.4198,-1.4427,0,0,0
-0.0171,0.1819,0.9949,-1.3053,-0.9084,-1.7099,0,0,0
-0.0166,0.177,0.999,-0.5267,-1.0687,-1.626,0,0,0
-0.0146,0.1809,0.9849,0.2595,-1.2061,-2.1221,0,0,0
-0.0203,0.1833,0.9868,0.2977,-1.7176,-2.4733,0,0,0
-0.0259,0.179,0.989,-0.4504,-2.0763,-3.2137,0,0,0
-0.0303,0.166,0.9934,-1.7557,-3.0458,-3.3588,0,0,0
-0.0317,0.1477,0.9993,-1.5344,-3.9313,-3.084,0,0,0
-0.0396,0.1489,1.0071,-1.3359,-4.0992,-2.542,0,0,0
-0.0374,0.1497,1.0051,-1.3893,-4.6336,-2.6031,0,0,0
-0.03,0.1438,1.0276,-2.0992,-4.8702,-2.3053,0,0,0
-0.0283,0.1411,1.0391,-1.9618,-3.4427,-2.3893,0,0,0
-0.0266,0.1353,1.0342,-1.5496,-2.771,-2.3053,0,0,0
-0.0256,0.127,1.0327,-1.916,-2.4351,-2.0611,0,0,0
-0.0261,0.1392,1.0388,-1.7481,-2.4962,-1.7939,0,0,0
-0.0205,0.1335,1.0371,-2.5038,-2.4809,-1.0763,0,0,0
-0.0134,0.1321,1.0378,-2.6412,-2.3359,-0.4046,0,0,0
-0.0044,0.1333,1.0483,-2.7481,-1.6183,0.0763,0,0,0
-0.0044,0.1392,1.0542,-2.6107,-0.7023,0.2366,0,0,0
-0.0066,0.1396,1.0483,-2.2443,0.3817,0.7023,0,0,0
-0.0056,0.1462,1.0312,-1.7328,1.4275,0.916,0,0,0
-0.0037,0.1572,1.0264,-1.626,1.458,1.3206,0,0,0
-0.0107,0.1592,1.0244,-1.6031,0.916,1.1756,0,0,0
-0.0098,0.1646,1.021,-1.2672,0.5344,1.0305,0,0,0
-0.0134,0.1682,1.019,-0.3435,0.7939,1.2748,0,0,0
-0.0137,0.1794,1.0129,0.1298,0.5954,0.6031,0,0,0
-0.0098,0.1812,1.0066,-0.0992,0.2366,0.374,0,0,0
-0.0127,0.1882,1.0115,-1.0305,0.0305,0.0992,0,0,0
-0.0144,0.179,1.0024,-1.2748,-0.4275,-0.3588,0,0,0
-0.0166,0.1787,0.999,-1.0992,-0.5496,-0.8168,0,0,0
-0.0181,0.175,1.0042,-0.6641,-1.3588,-0.9695,0,0,0
-0.012,0.1794,1.0061,-0.4504,-1.8015,-1.0305,0,0,0
-0.0178,0.1814,1.0037,-0.7099,-2.0,-0.9695,0,0,0
-0.0212,0.1741,1.0056,-0.8473,-2.1221,-1.6336,0,0,0
-0.0161,0.1709,1.0103,-0.1832,-1.9924,-1.687,0,0,0
-0.0168,0.1733,1.0105,-0.0534,-2.4427,-1.6336,0,0,0
-0.0178,0.1702,1.0066,0.5649,-2.5496,-1.5191,0,0,0
-0.0115,0.1746,1.0173,0.0611,-2.2214,-1.3206,0,0,0
-0.0151,0.1714,1.0034,-0.2672,-2.2519,-1.626,0,0,0
-0.0127,0.1594,1.01,-0.3664,-2.3206,-1.6947,0,0,0
-0.0127,0.1555,1.0093,0.1145,-1.9924,-1.4198,0,0,0
-0.0203,0.1614,1.0146,0.5496,-2.2519,-1.0763,0,0,0
-0.0142,0.1597,1.0127,0.4885,-2.8473,-1.0305,0,0,0
-0.0166,0.1504,1.0083,0.4122,-2.9695,-0.8092,0,0,0
-0.0095,0.1621,1.0151,0.3817,-3.3893,-0.9389,0,0,0
-0.0098,0.1611,1.02,-0.2061,-3.1298,-0.9084,0,0,0
-0.009,0.1565,1.0261,-1.0687,-2.9924,-1.0763,0,0,0
-0.0049,0.1633,1.0198,-1.7863,-2.3206,-0.916,0,0,0
-0.0078,0.1602,1.0249,-1.9466,-1.855,-1.1756,0,0,0
-0.0056,0.1577,1.0227,-2.2519,-1.5954,-1.2061,0,0,0
-0.0056,0.1589,1.0291,-2.0458,-1.3282,-1.0153,0,0,0
-0.0015,0.1621,1.0217,-1.7099,-1.4275,-0.8473,0,0,0
0.0017,0.1687,1.0276,-2.313,-1.3435,-1.6336,0,0,0
-0.0037,0.1682,1.0256,-3.0305,-0.8473,-1.4275,0,0,0
-0.001,0.1692,1.0251,-3.1374,-0.2824,-1.5802,0,0,0
-0.0029,0.1699,1.0198,-2.9389,0.1832,-1.7099,0,0,0
-0.0029,0.1672,1.0232,-3.2137,0.2366,-1.7252,0,0,0
-0.001,0.1665,1.0159,-3.2672,0.4198,-1.4427,0,0,0
-0.0024,0.1616,1.0042,-2.5573,0.5496,-1.4046,0,0,0
-0.0083,0.1699,1.0042,-1.5496,0.687,-1.0382,0,0,0
-0.0095,0.179,0.9934,-1.8397,0.1298,-1.4122,0,0,0
-0.0137,0.1755,0.9851,-2.4351,-1.1145,-1.3969,0,0,0
-0.0156,0.1797,0.9949,-2.8244,-1.6412,-1.771,0,0,0
-0.0151,0.1724,0.9988,-3.0992,-2.229,-1.7786,0,0,0
-0.011,0.1665,1.0039,-2.7405,-2.7252,-1.542,0,0,0
-0.0068,0.1738,1.0181,-2.0076,-2.3435,-1.3282,0,0,0
