ax,ay,az,gx,gy,gz,left_click,right_click
-0.3635,-0.259,0.887,-0.1145,-3.8092,-0.5191,0,0,0
-0.3604,-0.2544,0.8872,0.0611,-5.0,-0.1374,0,0,0
-0.3472,-0.2358,0.9009,-0.3282,-6.5344,0.3969,0,0,0
-0.3618,-0.2368,0.9062,-1.3969,-8.2595,0.2061,0,0,0
-0.3474,-0.2385,0.9219,-2.1145,-9.4198,0.1298,0,0,0
-0.3452,-0.2324,0.937,-2.2977,-9.8321,0.0305,0,0,0
-0.3477,-0.2378,0.9363,-2.2595,-9.8092,-0.771,0,0,0
-0.3445,-0.2363,0.9399,-3.6947,-8.7634,-1.2519,0,0,0
-0.3306,-0.2444,0.9458,-4.4733,-7.2366,-1.771,0,0,0
-0.3296,-0.2485,0.9446,-5.0611,-6.1527,-1.6794,0,0,0
-0.3208,-0.2549,0.9482,-5.145,-5.4656,-1.2366,0,0,0
-0.3296,-0.2488,0.948,-4.771,-4.9466,-1.2214,0,0,0
-0.3416,-0.2493,0.9431,-4.4275,-5.4962,-1.0305,0,0,0
-0.3257,-0.2527,0.9502,-4.0763,-5.5191,-1.7481,0,0,0
-0.3379,-0.2546,0.9485,-3.0992,-4.8397,-2.0458,0,0,0
-0.3296,-0.2441,0.9363,-4.1298,-5.2366,-2.313,0,0,0
-0.3242,-0.2625,0.9375,-5.5954,-5.1221,-2.2672,0,0,0
-0.3257,-0.2686,0.949,-4.9771,-4.8855,-2.0076,0,0,0
-0.3232,-0.2686,0.9487,-3.916,-4.4809,-1.626,0,0,0
-0.325,-0.2585,0.9451,-3.5802,-3.8092,-1.2901,0,0,0
-0.3289,-0.2561,0.9363,-4.1298,-3.3511,-1.9618,0,0,0
-0.3254,-0.2668,0.9426,-4.374,-3.1374,-2.4122,0,0,0
-0.3286,-0.2742,0.9346,-3.9466,-3.3969,-2.4656,0,0,0
-0.3274,-0.2781,0.9211,-3.4275,-4.2824,-1.9542,0,0,0
-0.325,-0.2854,0.9263,-2.1908,-5.5878,-1.0,0,0,0
-0.3308,-0.2771,0.938,-1.0763,-6.2366,-1.0305,0,0,0
-0.3281,-0.2756,0.9272,-0.0687,-7.0611,-0.9466,0,0,0
-0.3289,-0.2698,0.9275,0.1527,-7.5878,-1.3282,0,0,0
-0.3223,-0.2771,0.9282,-0.3359,-7.3664,-1.0687,0,0,0
-0.3147,-0.2759,0.9348,-0.6565,-6.9771,-0.5038,0,0,0
-0.3145,-0.2722,0.9387,-0.3435,-6.1603,0.1679,0,0,0
-0.3057,-0.2722,0.9402,-0.6947,-4.7939,0.6947,0,0,0
-0.3252,-0.2666,0.9302,-0.5802,-3.458,0.7023,0,0,0
-0.3223,-0.2681,0.9214,-1.4198,-3.8092,0.542,0,0,0
-0.3271,-0.28,0.917,-1.8321,-4.1985,0.4046,0,0,0
-0.3164,-0.2949,0.926,-0.9695,-5.0076,1.1221,0,0,0
-0.3174,-0.3032,0.9238,-0.145,-6.1145,2.5649,0,0,0
-0.3142,-0.301,0.9265,0.5267,-6.145,4.084,0,0,0
-0.3042,-0.2966,0.9419,0.5344,-5.1527,5.5496,0,0,0
-0.3062,-0.2886,0.9507,-0.5115,-3.8321,7.4656,0,0,0
-0.3032,-0.282,0.9529,-1.9008,-2.542,8.7405,0,0,0
-0.304,-0.2778,0.9587,-3.1756,-0.6565,8.7481,0,0,0
-0.3059,-0.2737,0.9636,-3.7481,-0.0076,8.9542,0,0,0
-0.3015,-0.2864,0.9636,-4.4198,0.4198,9.0611,0,0,0
-0.304,-0.2883,0.9751,-4.2672,1.6794,11.2366,0,0,0
-0.2959,-0.2866,0.9836,-4.4046,3.3893,12.8473,0,0,0
-0.3,-0.2686,0.99,-4.6489,5.5191,14.7481,0,0,0
-0.2974,-0.2502,0.9924,-6.7099,8.6336,14.6336,0,0,0
-0.2917,-0.2336,0.9941,-8.9618,10.9924,13.7328,0,0,0
-0.3022,-0.2417,0.9968,-11.4122,13.229,13.1985,0,0,0
-0.3193,-0.248,0.9841,-12.7557,14.5954,13.1679,0,0,0
-0.3157,-0.2522,0.9778,-12.4046,15.0916,13.4885,0,0,0
-0.3149,-0.2544,0.981,-11.4198,15.687,14.3206,0,0,0
-0.3406,-0.249,0.9653,-9.5878,16.1298,14.4351,0,0,0
-0.3406,-0.23,0.95,-9.458,15.916,13.3969,0,0,0
-0.3503,-0.229,0.9353,-10.2366,15.6107,12.5649,0,0,0
-0.3435,-0.2349,0.9309,-10.1908,14.5649,11.7863,0,0,0
-0.3389,-0.2361,0.9351,-9.8473,15.7557,12.2443,0,0,0
-0.3494,-0.2446,0.9412,-9.5191,16.3588,13.2901,0,0,0
-0.3403,-0.2429,0.9524,-10.313,18.0229,13.855,0,0,0
-0.354,-0.2266,0.9397,-11.6565,20.2443,13.8855,0,0,0
-0.3469,-0.2322,0.9583,-14.626,23.145,13.8779,0,0,0
-0.3733,-0.2332,0.9194,-18.0763,25.0229,13.458,0,0,0
-0.3809,-0.2549,0.8943,-19.2061,23.5802,12.6107,0,0,0
-0.3884,-0.281,0.8936,-16.7786,21.7634,11.0763,0,0,0
-0.4016,-0.291,0.8845,-12.9847,19.771,11.1145,0,0,0
-0.3823,-0.2903,0.8906,-9.7252,18.5344,11.771,0,0,0
-0.3982,-0.2598,0.886,-8.4504,18.229,12.1069,0,0,0
-0.3899,-0.2625,0.896,-9.9008,18.6947,12.4962,0,0,0
-0.4053,-0.2644,0.8975,-11.687,19.5114,12.5496,0,0,0
-0.396,-0.2791,0.9065,-11.7634,19.7863,12.6336,0,0,0
-0.3948,-0.2727,0.9124,-11.771,20.9237,12.5344,0,0,0
-0.3936,-0.2773,0.915,-11.8855,22.9542,13.855,0,0,0
-0.4038,-0.2649,0.9121,-12.4656,25.2824,13.4351,0,0,0
-0.4216,-0.2639,0.8975,-13.3053,27.2519,11.9237,0,0,0
-0.4341,-0.2683,0.8872,-13.4275,27.1374,9.9542,0,0,0
-0.4424,-0.2866,0.8645,-12.5802,25.6031,8.6489,0,0,0
-0.4253,-0.302,0.884,-9.5573,24.1069,9.626,0,0,0
-0.4387,-0.2881,0.8904,-7.5115,24.5954,11.0382,0,0,0
-0.4336,-0.2578,0.8972,-6.9084,26.4351,11.8473,0,0,0
-0.4587,-0.2412,0.877,-9.1756,27.313,11.2366,0,0,0
-0.4639,-0.2517,0.8579,-12.1374,27.2519,9.2519,0,0,0
-0.4692,-0.2693,0.8547,-11.8626,26.5191,7.2366,0,0,0
-0.4639,-0.2983,0.8508,-9.8015,25.7252,7.1221,0,0,0
-0.4719,-0.2913,0.864,-6.5573,25.3893,7.7939,0,0,0
-0.4824,-0.2622,0.8369,-5.5802,23.1985,7.542,0,0,0
-0.5015,-0.2517,0.8188,-5.9618,21.3282,5.8244,0,0,0
-0.499,-0.2722,0.8108,-6.229,18.374,4.916,0,0,0
-0.5088,-0.2693,0.8054,-4.1527,14.4962,4.0382,0,0,0
-0.5027,-0.2773,0.8101,-2.6641,11.1145,3.8015,0,0,0
-0.5012,-0.2688,0.8152,-0.8931,9.0382,3.2748,0,0,0
-0.4917,-0.2517,0.8208,-0.4885,8.5649,2.7939,0,0,0
-0.5059,-0.2593,0.8162,-0.374,7.3206,2.2214,0,0,0
-0.489,-0.2561,0.8306,-0.7634,6.9924,0.9847,0,0,0
-0.5027,-0.2722,0.824,0.1374,6.3664,0.4122,0,0,0
-0.4988,-0.2698,0.8235,1.5344,6.0305,0.3893,0,0,0
-0.5027,-0.2578,0.8352,1.7786,5.2443,0.3511,0,0,0
-0.509,-0.261,0.8369,1.229,4.4656,-0.8321,0,0,0
-0.5093,-0.2637,0.8459,1.7863,2.313,-1.2595,0,0,0
-0.5112,-0.2571,0.8499,2.2366,0.4427,-2.4733,0,0,0
-0.5083,-0.2725,0.8354,3.5496,-1.2901,-3.2443,0,0,0
-0.5105,-0.2673,0.8442,4.6718,-2.5191,-4.2214,0,0,0
-0.4985,-0.2673,0.8435,7.4198,-3.5344,-5.6336,0,0,0
-0.4973,-0.2571,0.8503,9.2519,-3.1221,-7.0687,0,0,0
-0.4961,-0.2322,0.8564,10.6489,-2.0611,-9.7557,0,0,0
-0.4893,-0.2498,0.8574,13.0763,-1.0534,-15.229,0,0,0
-0.4888,-0.2476,0.8533,16.2748,0.9542,-18.3435,0,0,0
-0.4902,-0.2473,0.854,17.7405,1.6947,-18.1603,0,0,0
-0.4968,-0.2412,0.8555,16.9084,1.6565,-16.7863,0,0,0
-0.5032,-0.231,0.8472,14.6794,1.0076,-15.1908,0,0,0
-0.4958,-0.2297,0.842,11.1069,0.2824,-15.1832,0,0,0
-0.4885,-0.2422,0.8545,9.2595,0.1221,-14.9695,0,0,0
-0.4897,-0.2556,0.8589,7.6565,0.1298,-14.626,0,0,0
-0.4792,-0.2629,0.8682,6.916,1.2901,-14.0153,0,0,0
-0.4731,-0.2644,0.8765,5.1527,3.4122,-11.4122,0,0,0
-0.4727,-0.2708,0.8848,4.1069,5.9695,-9.5725,0,0,0
-0.4858,-0.2751,0.877,3.3206,8.6031,-9.855,0,0,0
-0.4912,-0.2683,0.876,3.2137,9.8626,-10.6947,0,0,0
-0.4985,-0.2717,0.8682,2.9542,10.3969,-11.5344,0,0,0
-0.4878,-0.2883,0.8674,3.2595,9.6794,-11.4427,0,0,0
-0.4939,-0.2917,0.864,2.7481,10.9847,-10.0916,0,0,0
-0.4844,-0.2898,0.8818,2.8397,12.0992,-8.7252,0,0,0
-0.49,-0.2795,0.8682,2.1298,15.0076,-7.6947,0,0,0
-0.5005,-0.2844,0.8662,1.145,17.2824,-6.8626,0,0,0
-0.5083,-0.2712,0.8494,0.7939,17.7176,-7.2824,0,0,0
-0.5037,-0.2544,0.8442,1.2214,18.6107,-9.9313,0,0,0
-0.4963,-0.2603,0.8523,3.6947,20.5191,-15.084,0,0,0
-0.5002,-0.2615,0.8604,8.084,23.6336,-20.5649,0,0,0
-0.4871,-0.2551,0.8711,12.8855,27.6565,-23.9695,0,0,0
-0.4846,-0.2683,0.8696,16.0382,32.374,-25.084,0,0,0
-0.5251,-0.2561,0.8535,18.8779,34.3893,-23.2443,0,0,0
-0.5105,-0.2222,0.8525,18.9771,35.2748,-23.4046,0,0,0
-0.5674,-0.2756,0.8225,17.7405,37.0,-23.2824,0,0,0
-0.5073,-0.2146,0.7959,23.1832,27.6565,-19.1908,0,0,0
-0.5356,-0.22,0.7825,24.5496,23.5954,-20.771,0,0,0
-0.5886,-0.2146,0.7661,20.6489,18.5802,-20.2901,0,0,0
-0.6021,-0.2327,0.7695,19.7099,11.8779,-21.4122,0,0,0
-0.5791,-0.2349,0.7788,21.5573,5.2977,-23.374,0,0,0
-0.5364,-0.2468,0.793,22.6565,2.0305,-24.5038,0,0,0
-0.5366,-0.2581,0.7998,22.3053,0.8702,-24.4122,0,0,0
-0.5364,-0.2532,0.8142,22.3893,0.8473,-22.2519,0,0,0
-0.5454,-0.2493,0.8157,22.0076,0.8015,-21.7252,0,0,0
-0.5425,-0.2405,0.8276,21.6336,0.3664,-23.7786,0,0,0
-0.5413,-0.2493,0.8306,22.7099,0.4275,-26.7023,0,0,0
-0.5464,-0.2686,0.8203,25.084,-0.7634,-29.771,0,0,0
-0.5476,-0.2737,0.8167,27.1527,-3.3053,-29.7481,0,0,0
-0.4912,-0.2703,0.8391,27.1527,-3.5344,-26.4733,0,0,0
-0.5227,-0.241,0.8452,21.3359,-1.7328,-19.6489,0,0,0
-0.5295,-0.2178,0.8547,14.9237,-0.2519,-16.916,0,0,0
-0.5232,-0.2092,0.8574,9.2137,1.4733,-18.4427,0,0,0
-0.5295,-0.2273,0.8394,5.7328,1.7405,-21.0534,0,0,0
-0.5317,-0.2493,0.8298,5.0992,1.0076,-21.6565,0,0,0
-0.5325,-0.2839,0.8386,5.771,-0.6947,-21.5344,0,0,0
-0.5173,-0.2854,0.8342,7.4656,-0.1145,-17.2443,0,0,0
-0.5139,-0.2827,0.8437,7.9695,1.2748,-12.855,0,0,0
-0.5186,-0.2681,0.8508,8.9389,2.0687,-10.9618,0,0,0
-0.5188,-0.2407,0.8479,10.0382,2.7939,-12.7481,0,0,0
-0.5225,-0.2366,0.8372,9.8779,3.7176,-15.313,0,0,0
-0.5361,-0.2349,0.8252,9.2366,3.0916,-16.2443,0,0,0
-0.5391,-0.2502,0.8279,7.8702,1.1298,-15.4504,0,0,0
-0.5259,-0.2454,0.8262,6.9618,-0.084,-15.0,0,0,0
-0.5215,-0.2517,0.8469,6.9618,-0.1145,-14.0458,0,0,0
-0.5149,-0.2395,0.8538,7.0,1.0229,-13.3053,0,0,0
-0.519,-0.2358,0.8538,6.6641,1.9466,-13.3969,0,0,0
-0.5308,-0.2302,0.8442,6.0534,1.855,-14.4427,0,0,0
-0.5288,-0.2339,0.832,6.0382,0.7252,-15.1679,0,0,0
-0.5322,-0.2415,0.8347,6.6718,-0.8473,-16.5344,0,0,0
-0.5303,-0.2417,0.824,7.3664,-2.2443,-16.4656,0,0,0
-0.5193,-0.2588,0.8352,6.9924,-4.145,-15.7786,0,0,0
-0.5151,-0.2507,0.8286,5.7099,-4.1985,-12.6718,0,0,0
-0.5181,-0.2505,0.8345,3.5878,-4.2519,-10.1679,0,0,0
-0.5186,-0.2551,0.8364,2.6565,-4.4656,-9.1756,0,0,0
-0.5178,-0.2483,0.8245,3.4046,-4.9847,-9.4885,0,0,0
-0.5164,-0.2458,0.8323,4.4809,-5.6412,-10.9008,0,0,0
-0.51,-0.2583,0.8362,5.626,-6.5649,-11.0763,0,0,0
-0.5073,-0.2603,0.8433,4.9542,-6.2137,-8.8397,0,0,0
-0.5132,-0.2563,0.8511,3.8244,-6.2977,-6.2824,0,0,0
-0.5144,-0.2405,0.8506,3.1298,-6.8931,-6.8321,0,0,0
-0.5105,-0.2429,0.8508,3.1221,-7.5038,-8.1985,0,0,0
-0.5034,-0.2405,0.8574,1.3664,-7.6031,-9.0305,0,0,0
-0.4915,-0.2637,0.8665,0.9313,-6.4046,-6.458,0,0,0
-0.499,-0.2568,0.8606,1.4046,-4.9237,-4.7252,0,0,0
-0.4932,-0.2566,0.8594,1.9466,-3.9313,-3.9389,0,0,0
-0.4985,-0.2456,0.8484,1.5878,-3.3359,-3.6107,0,0,0
-0.5046,-0.2449,0.8445,0.5191,-3.1298,-2.3893,0,0,0
-0.5115,-0.2454,0.8413,-0.8855,-3.2824,-1.6641,0,0,0
-0.5063,-0.2529,0.8535,-1.2977,-3.6565,-1.2901,0,0,0
-0.4966,-0.2551,0.845,-0.0687,-3.6107,-1.1221,0,0,0
-0.4966,-0.2488,0.8528,0.5115,-2.9924,-0.9847,0,0,0
-0.4958,-0.2424,0.8584,1.2977,-2.2214,-2.3435,0,0,0
-0.4995,-0.2393,0.8625,1.5267,-1.9237,-3.1145,0,0,0
-0.5042,-0.2312,0.8582,-0.0916,-1.2748,-2.7023,0,0,0
-0.5017,-0.241,0.8555,-1.6641,-1.084,-1.6031,0,0,0
-0.5022,-0.2463,0.8574,-2.2672,-1.4809,-0.7405,0,0,0
-0.498,-0.2429,0.8516,-2.9466,-1.687,-0.0076,0,0,0
-0.4985,-0.2407,0.8464,-3.7099,-2.3817,0.6107,0,0,0
-0.5027,-0.2466,0.8445,-4.6107,-3.2443,1.3053,0,0,0
-0.4983,-0.2664,0.8557,-3.7786,-3.145,1.9695,0,0,0
-0.4954,-0.2632,0.8623,-2.313,-2.9924,2.7939,0,0,0
-0.4902,-0.2515,0.8555,-1.5573,-2.3435,3.4427,0,0,0
-0.4963,-0.2295,0.8611,-2.1832,-1.8779,3.5115,0,0,0
-0.4937,-0.2327,0.8706,-2.5573,-1.6031,0.8092,0,0,0
-0.4868,-0.231,0.8765,-2.9542,-0.6718,-0.5267,0,0,0
-0.4907,-0.2358,0.8835,-2.9924,0.9237,-0.7786,0,0,0
-0.4956,-0.2502,0.8899,-2.5725,2.1527,-0.2595,0,0,0
-0.4958,-0.2415,0.8779,-1.8015,3.6489,0.4733,0,0,0
-0.4968,-0.2332,0.8713,-1.3282,4.3435,-0.1145,0,0,0
-0.5007,-0.229,0.8584,-1.9695,4.1679,-0.8092,0,0,0
-0.499,-0.2278,0.8594,-3.4656,4.4427,-0.916,0,0,0
-0.4973,-0.2368,0.8684,-4.6565,5.2595,-0.9695,0,0,0
-0.4788,-0.2495,0.8867,-5.3664,8.2824,0.1756,0,0,0
-0.4771,-0.2478,0.8799,-5.5344,12.2366,1.0076,0,0,0
-0.5034,-0.2458,0.8743,-4.9618,13.9847,0.9542,0,0,0
-0.5139,-0.2415,0.853,-4.7634,13.7557,-0.3817,0,0,0
-0.5215,-0.2378,0.8411,-4.7634,12.2061,-1.6412,0,0,0
-0.5259,-0.2451,0.8345,-4.4122,9.1832,-1.8855,0,0,0
-0.5227,-0.2524,0.8237,-3.1298,6.5344,-3.4809,0,0,0
-0.5271,-0.2439,0.8154,-1.229,3.7634,-5.1145,0,0,0
-0.5234,-0.2473,0.8005,0.8015,1.4351,-6.5573,0,0,0
-0.5278,-0.2522,0.804,2.1756,-1.0229,-6.771,0,0,0
-0.5151,-0.2559,0.8264,2.5878,-1.8855,-5.1221,0,0,0
-0.5149,-0.2473,0.8267,1.7252,-1.5954,-2.4733,0,0,0
-0.5261,-0.2361,0.8271,0.9924,-1.7634,-1.2977,0,0,0
-0.5195,-0.2295,0.8296,-1.2366,-3.1527,-1.0534,0,0,0
-0.5229,-0.2402,0.833,-2.8855,-4.8779,-0.7023,0,0,0
-0.5168,-0.2566,0.8486,-2.3282,-5.4809,-0.4122,0,0,0
-0.4929,-0.2683,0.8589,-1.4427,-4.3053,0.7405,0,0,0
-0.5012,-0.2627,0.8735,-0.2443,-2.313,1.4351,0,0,0
-0.5066,-0.2495,0.8579,-0.313,-0.5878,1.5802,0,0,0
-0.5142,-0.2373,0.8555,-1.6183,-0.6031,1.5496,0,0,0
-0.5129,-0.2405,0.8501,-2.6183,-1.5954,0.8397,0,0,0
-0.5142,-0.2397,0.8501,-2.9542,-2.0305,0.1527,0,0,0
-0.5085,-0.2451,0.8452,-2.5038,-2.5725,-0.5267,0,0,0
-0.5073,-0.2424,0.8469,-1.1908,-2.4275,-0.9084,0,0,0
-0.509,-0.2466,0.853,-0.1069,-2.2748,-1.8931,0,0,0
-0.5029,-0.2312,0.8459,0.1374,-1.4198,-1.916,0,0,0
-0.5093,-0.2268,0.8484,-1.1908,-0.8473,-1.4809,0,0,0
-0.5144,-0.229,0.844,-2.5878,-1.3053,-1.6718,0,0,0
-0.5225,-0.2258,0.8369,-4.542,-2.1374,-1.4809,0,0,0
-0.5173,-0.2383,0.8413,-5.8779,-3.4504,-1.3053,0,0,0
-0.5073,-0.2524,0.8435,-4.6183,-4.1145,-0.9084,0,0,0
-0.5066,-0.2566,0.8457,-2.3511,-4.7023,-1.2977,0,0,0
-0.5054,-0.252,0.8472,-0.5115,-5.0,-1.5191,0,0,0
-0.5002,-0.2542,0.8447,0.3359,-3.9847,-0.5191,0,0,0
-0.4988,-0.2375,0.8538,0.4427,-3.0458,-0.5878,0,0,0
-0.5029,-0.2393,0.8584,-0.5191,-2.7863,-1.8015,0,0,0
-0.5032,-0.24,0.8535,-0.9924,-2.8092,-2.7023,0,0,0
-0.5071,-0.2573,0.8577,-0.6412,-3.1221,-3.1985,0,0,0
-0.4995,-0.2527,0.8652,-0.0076,-3.4809,-2.6947,0,0,0
-0.4958,-0.25,0.8677,-0.7481,-2.4046,-1.2824,0,0,0
-0.4983,-0.252,0.8777,-1.2366,-1.8855,-0.5496,0,0,0
-0.5015,-0.2432,0.8699,-2.8168,-0.8244,-0.7252,0,0,0
-0.5022,-0.2549,0.8669,-2.9389,-0.687,-0.8702,0,0,0
-0.4998,-0.2493,0.8591,-2.5038,-0.5267,-0.7099,0,0,0
-0.5024,-0.2485,0.8508,-1.5267,-1.0382,-0.5267,0,0,0
-0.5007,-0.2507,0.8442,-1.2595,-0.9389,0.3053,0,0,0
-0.5012,-0.2434,0.8494,-1.4656,-0.8092,0.374,0,0,0
-0.5042,-0.2302,0.8425,-1.8626,-1.2519,-0.2824,0,0,0
-0.5056,-0.2292,0.8357,-2.0992,-1.1832,-1.3817,0,0,0
-0.5056,-0.2395,0.835,-2.1756,-1.7634,-2.084,0,0,0
-0.5044,-0.2502,0.8513,-0.9008,-2.1145,-2.8931,0,0,0
-0.5056,-0.2471,0.8562,1.6565,-1.9695,-4.4427,0,0,0
-0.5022,-0.2388,0.8574,3.2366,-2.2824,-5.6794,0,0,0
-0.4985,-0.2395,0.8721,3.5115,-2.313,-5.0,0,0,0
-0.5039,-0.23,0.8696,1.4275,-2.3053,-3.4275,0,0,0
-0.501,-0.23,0.8669,-0.9924,-2.3282,-2.8092,0,0,0
-0.4985,-0.2329,0.8691,-2.8244,-2.1832,-2.3053,0,0,0
-0.4946,-0.2468,0.8628,-3.7481,-1.542,-2.7099,0,0,0
-0.4963,-0.2502,0.8633,-3.2366,-1.313,-2.5344,0,0,0
-0.4932,-0.2678,0.8611,-3.1298,-1.1832,-1.313,0,0,0
-0.498,-0.2725,0.8618,-1.7176,-1.4427,-0.1145,0,0,0
-0.4968,-0.2534,0.8525,-1.4962,-1.2137,0.6947,0,0,0
-0.4934,-0.2507,0.8477,-0.6565,-0.7863,-0.916,0,0,0
-0.4924,-0.2466,0.8479,-0.2977,-0.2748,-2.1145,0,0,0
-0.5012,-0.2549,0.845,0.1527,-0.3817,-2.7023,0,0,0
-0.5029,-0.2546,0.8345,0.6412,-1.6412,-2.1756,0,0,0
-0.4993,-0.2522,0.8464,0.2977,-2.5649,-1.2901,0,0,0
-0.4963,-0.2451,0.8569,-0.9771,-2.9237,-0.1679,0,0,0
-0.4968,-0.2385,0.8596,-2.9389,-2.9542,0.9695,0,0,0
-0.4978,-0.2341,0.8665,-5.1985,-3.0916,1.0534,0,0,0
-0.4924,-0.2473,0.8721,-5.7786,-3.084,0.7252,0,0,0
-0.4858,-0.26,0.8735,-4.0611,-2.0611,0.6107,0,0,0
-0.4895,-0.2651,0.8745,-0.8931,-1.0305,0.8473,0,0,0
-0.4941,-0.2524,0.8623,1.1985,0.0305,1.2672,0,0,0
-0.5002,-0.2444,0.8528,1.6336,-0.0763,1.3588,0,0,0
-0.5085,-0.2258,0.8462,0.0534,-1.1679,1.4809,0,0,0
-0.4963,-0.2212,0.8491,-2.5954,-1.8321,0.8244,0,0,0
-0.4946,-0.2419,0.8467,-3.6107,-2.916,0.374,0,0,0
-0.4968,-0.248,0.8577,-3.0229,-3.2824,0.5267,0,0,0
-0.491,-0.2651,0.8582,-1.2977,-2.8015,0.5115,0,0,0
-0.4895,-0.262,0.866,0.9313,-2.2137,0.7481,0,0,0
-0.4897,-0.2485,0.8599,2.2443,-1.3664,0.542,0,0,0
-0.4907,-0.2515,0.8672,3.0534,-0.6947,0.9924,0,0,0
-0.498,-0.2263,0.8574,2.7176,-1.0916,1.2595,0,0,0
-0.49,-0.2317,0.8679,0.7176,-1.6489,1.6489,0,0,0
-0.4971,-0.2371,0.8611,-0.1145,-1.0153,1.0534,0,0,0
-0.498,-0.238,0.8618,-1.313,-0.5038,0.458,0,0,0
-0.4922,-0.2212,0.8701,-3.6336,-0.5954,-0.4656,1,0,0
-0.4907,-0.24,0.8608,-3.5115,-0.2519,-0.7634,1,0,0
-0.4946,-0.2444,0.8589,-2.9084,-0.1603,-0.8855,1,0,0
-0.4976,-0.2405,0.8555,-1.9313,-0.229,-0.8168,1,0,0
-0.4958,-0.2417,0.8677,-1.542,0.1069,-0.8779,1,0,0
-0.4944,-0.2432,0.8533,-1.5115,0.2977,0.2519,1,0,0
-0.4917,-0.2305,0.8545,-1.4656,0.5115,0.0534,1,0,0
-0.4937,-0.2334,0.8591,-1.5649,-0.5649,-0.2824,1,0,0
-0.4958,-0.2329,0.8555,-2.4046,-1.0229,-0.9237,1,0,0
-0.4998,-0.2522,0.856,-0.8397,-0.8321,-0.626,1,0,0
-0.4934,-0.2534,0.8599,0.7405,-0.6183,-0.5802,1,0,0
-0.4998,-0.2358,0.8481,0.687,-0.8473,-0.6031,1,0,0
-0.4978,-0.2253,0.8494,-0.458,-1.8855,-0.4885,1,0,0
-0.4944,-0.2253,0.8594,-2.2748,-2.6489,-0.4809,1,0,0
-0.491,-0.2288,0.8611,-3.9084,-2.6489,-1.0534,1,0,0
-0.4868,-0.2344,0.8804,-5.145,-2.4275,-0.8015,1,0,0
-0.4885,-0.2256,0.8848,-6.1298,-1.0,-1.1298,1,0,0
-0.4873,-0.2346,0.8745,-6.5954,0.542,-2.0,1,0,0
-0.489,-0.2314,0.8743,-6.2977,1.3893,-2.7481,1,0,0
-0.4927,-0.2336,0.8604,-6.4656,2.8015,-4.9618,1,0,0
-0.4912,-0.2729,0.845,-5.4427,1.6947,-2.2672,1,0,0
-0.4956,-0.2563,0.8547,-3.6412,1.229,-1.6641,1,0,0
-0.4985,-0.251,0.8518,-2.313,0.9237,-2.687,1,0,0
-0.4988,-0.2466,0.8442,-2.5115,0.4198,-2.2366,1,0,0
-0.4954,-0.2544,0.8538,-3.1679,0.6107,-0.9084,1,0,0
-0.4939,-0.2583,0.8491,-3.084,0.6183,-0.4427,1,0,0
-0.5017,-0.238,0.842,-2.7405,-0.4733,-0.5954,1,0,0
-0.5002,-0.2395,0.8386,-3.6412,-1.4275,-1.145,1,0,0
-0.4915,-0.2573,0.8489,-2.9847,-2.0229,-0.9084,1,0,0
-0.4895,-0.2551,0.8479,-1.5802,-1.7481,-0.7023,1,0,0
-0.4958,-0.2483,0.8516,-1.3511,-1.4122,-0.7939,1,0,0
-0.4905,-0.2527,0.8621,-0.8321,-0.9618,0.0687,1,0,0
-0.4973,-0.2527,0.8586,-0.7405,-1.2443,-0.0305,1,0,0
-0.4971,-0.2444,0.8596,-1.5725,-1.5954,0.2061,1,0,0
-0.4949,-0.241,0.8621,-1.8626,-1.542,0.0,1,0,0
-0.4871,-0.2434,0.8625,-2.5038,-0.916,-0.1985,1,0,0
-0.4915,-0.2717,0.866,-0.2519,-0.6031,0.9466,1,0,0
-0.4963,-0.2612,0.8582,3.0687,-0.8168,1.0458,1,0,0
-0.4951,-0.2488,0.8613,4.9771,-1.0687,0.6489,1,0,0
-0.5007,-0.2676,0.8523,7.4046,-1.542,1.6336,1,0,0
-0.5093,-0.2607,0.8391,10.8855,-3.2443,4.0687,1,0,0
-0.4998,-0.2183,0.8105,7.6947,-7.0229,5.8397,1,0,0
-0.4858,-0.3105,0.8464,8.8855,-8.6183,-3.4656,1,0,0
-0.5137,-0.1873,0.8772,7.4427,-4.6412,1.6107,1,0,0
-0.4785,-0.2251,0.854,4.687,-7.7252,-0.7557,1,0,0
-0.4636,-0.2275,0.8843,1.9771,-4.6947,0.5115,1,0,0
-0.4902,-0.2283,0.8767,0.7023,-3.5573,-2.3359,1,0,0
-0.488,-0.2268,0.885,-0.229,-3.7786,-1.2443,1,0,0
-0.4817,-0.1975,0.8801,-3.6183,-4.3435,-1.0534,1,0,0
-0.4731,-0.2029,0.8938,-8.4427,-2.855,-2.0076,1,0,0
-0.4766,-0.2214,0.8904,-11.916,-1.374,-2.8244,1,0,0
-0.4785,-0.2312,0.8989,-12.5954,0.4198,-3.542,1,0,0
-0.4778,-0.2412,0.887,-13.0382,2.0763,-4.313,1,0,0
-0.4873,-0.2603,0.8899,-10.8321,3.3206,-4.8779,1,0,0
-0.4839,-0.2446,0.8887,-7.0534,6.2901,-6.8397,1,0,0
-0.4941,-0.2595,0.8555,-2.0763,5.3282,-7.2977,1,0,0
-0.4868,-0.2515,0.8394,1.2366,3.542,-4.3282,1,0,0
-0.5076,-0.2053,0.8496,-1.6947,2.1527,-4.7786,1,0,0
-0.5027,-0.2261,0.8369,-4.5954,0.7634,-2.3282,1,0,0
-0.4851,-0.2375,0.8345,-6.5038,0.5954,-1.7405,1,0,0
-0.4858,-0.2495,0.8376,-6.0305,0.2443,-1.5802,1,0,0
-0.5017,-0.2524,0.8369,-4.7405,-0.771,-1.6565,1,0,0
-0.4939,-0.2517,0.8445,-3.8931,-2.0382,-0.687,1,0,0
-0.4927,-0.2671,0.8518,-1.4198,-3.0076,0.1756,1,0,0
-0.4846,-0.2617,0.8655,0.6336,-2.9237,-0.2061,1,0,0
-0.481,-0.2576,0.8708,2.1985,-1.8626,0.0763,1,0,0
-0.4836,-0.25,0.863,2.9313,-1.229,-0.6947,1,0,0
-0.4888,-0.2385,0.8628,2.3969,-1.0611,-0.8702,1,0,0
-0.4907,-0.2368,0.8674,0.5573,-1.2366,-0.8702,1,0,0
-0.4897,-0.2354,0.8699,-1.5725,-2.2519,-0.3969,1,0,0
-0.4873,-0.2383,0.8757,-3.4885,-2.5191,-0.3359,1,0,0
-0.4819,-0.2432,0.875,-4.6794,-2.1069,-0.4198,1,0,0
-0.4797,-0.2595,0.8794,-4.1908,-0.7786,-0.8855,1,0,0
-0.4827,-0.2566,0.8889,-2.8473,0.3664,-0.8168,1,0,0
-0.4863,-0.2522,0.8694,-2.916,1.229,-0.5344,1,0,0
-0.4829,-0.2583,0.8728,-2.0153,1.7099,0.0,1,0,0
-0.4915,-0.249,0.8577,-0.6641,1.7405,-0.2901,1,0,0
-0.4875,-0.2498,0.8494,0.0534,0.9847,-0.5573,1,0,0
-0.4939,-0.2292,0.8516,-0.2366,0.2443,-0.9389,1,0,0
-0.4937,-0.2329,0.8604,-1.9313,-0.7405,-0.8779,1,0,0
-0.4844,-0.2471,0.8669,-3.2137,-0.313,0.0382,1,0,0
-0.4832,-0.2498,0.8647,-2.6107,0.8931,0.3435,1,0,0
-0.4836,-0.2603,0.8625,-0.7176,1.6107,-0.0458,1,0,0
-0.4902,-0.2686,0.8608,3.3206,1.6031,-0.2061,1,0,0
-0.5005,-0.2612,0.8579,6.2977,-0.2366,1.0916,1,0,0
-0.5088,-0.2605,0.8486,8.6489,-2.4427,3.3206,1,0,0
-0.4937,-0.2388,0.8328,8.771,-5.6183,6.084,1,0,0
-0.4468,-0.3259,0.8264,11.6565,-8.3206,1.0763,1,0,0
-0.5247,-0.1853,0.8601,10.4885,-4.4656,3.7939,1,0,0
-0.4868,-0.208,0.8577,5.6336,-8.0229,1.2366,1,0,0
-0.4717,-0.2053,0.8765,1.6412,-5.8244,2.0153,1,0,0
-0.4775,-0.2029,0.8833,-2.7939,-4.1603,-1.0611,1,0,0
-0.481,-0.2231,0.8909,-5.0916,-3.3359,-1.4427,1,0,0
-0.4749,-0.2134,0.8938,-6.9313,-2.9771,-1.4733,1,0,0
-0.4697,-0.2173,0.9036,-9.5038,-0.8397,-1.626,1,0,0
-0.4729,-0.2385,0.9036,-10.6489,1.3206,-2.2748,1,0,0
-0.4763,-0.239,0.8943,-9.4427,2.8397,-2.8244,1,0,0
-0.4856,-0.2432,0.884,-7.916,3.5802,-3.3511,1,0,0
-0.4854,-0.25,0.8718,-6.0458,3.8931,-4.3664,1,0,0
-0.4805,-0.2246,0.874,-4.9924,6.0916,-7.0229,1,0,0
-0.4788,-0.2688,0.8372,-1.3893,4.6183,-5.5115,1,0,0
-0.4946,-0.2092,0.8479,-2.5725,4.0153,-5.5649,1,0,0
-0.4973,-0.2271,0.8428,-5.0153,2.2824,-4.542,1,0,0
-0.4897,-0.2407,0.8357,-7.3969,0.3511,-2.2137,1,0,0
-0.4875,-0.2598,0.8398,-7.9847,-0.3588,-1.3588,1,0,0
-0.4817,-0.2749,0.8533,-4.3053,0.1221,-0.3435,1,0,0
-0.4917,-0.2593,0.8447,-0.855,-0.7176,-0.8168,1,0,0
-0.4812,-0.259,0.8557,1.2595,-1.6107,-0.4275,1,0,0
-0.4834,-0.2388,0.8645,2.1374,-1.0229,-0.0534,1,0,0
-0.489,-0.2275,0.8589,0.2748,-1.2901,-0.2824,1,0,0
-0.4773,-0.229,0.8662,-2.2901,-0.9008,-0.6107,1,0,0
-0.4871,-0.2407,0.873,-4.0076,-0.8473,-0.9695,1,0,0
-0.4824,-0.2515,0.8721,-4.3282,-0.6183,-0.855,1,0,0
-0.4897,-0.2559,0.8752,-3.3588,-0.2748,-0.8855,1,0,0
-0.4819,-0.2668,0.8855,-1.6336,0.5115,-0.771,1,0,0
-0.4822,-0.2566,0.8804,0.6412,1.2061,-0.9084,1,0,0
-0.4829,-0.2456,0.8667,1.2977,1.7481,-0.6107,1,0,0
-0.4893,-0.2251,0.8611,0.1221,1.9618,-0.7176,1,0,0
-0.4871,-0.2244,0.8545,-1.6031,1.5649,-0.9771,1,0,0
-0.4858,-0.2351,0.8564,-3.3817,1.5725,-1.3969,1,0,0
-0.488,-0.238,0.863,-3.0076,2.0458,-1.3359,1,0,0
-0.4822,-0.238,0.8679,-3.1374,2.4122,-1.0916,1,0,0
-0.4839,-0.2361,0.8738,-4.5267,3.2214,-1.3588,1,0,0
-0.4883,-0.2505,0.8743,-4.7328,3.9542,-1.2443,1,0,0
-0.49,-0.2495,0.8738,-4.9008,5.1145,-1.4504,1,0,0
-0.4841,-0.2576,0.8738,-3.8779,5.8244,-1.6947,1,0,0
-0.4885,-0.2593,0.8696,-2.8092,6.374,-0.9389,1,0,0
-0.4919,-0.2495,0.8618,-2.5344,6.1679,0.4198,1,0,0
-0.4927,-0.2439,0.8518,-3.3435,6.8015,1.5191,1,0,0
-0.4966,-0.2378,0.8582,-4.8473,6.5267,1.6489,1,0,0
-0.5059,-0.2261,0.8472,-7.7023,5.4198,0.8473,1,0,0
-0.5005,-0.2434,0.8457,-8.458,4.1908,0.5344,1,0,0
-0.4978,-0.2642,0.8416,-7.3588,3.2214,-0.0382,1,0,0
-0.4949,-0.2656,0.8562,-4.7405,3.2519,-0.1069,1,0,0
-0.4941,-0.2783,0.845,-1.1298,4.3053,0.0992,1,0,0
-0.5002,-0.2654,0.8491,2.1527,4.2366,0.3817,1,0,0
-0.5034,-0.2458,0.8337,3.7023,3.5954,0.0382,1,0,0
-0.5085,-0.231,0.8357,3.4733,2.0763,-0.4198,1,0,0
-0.5139,-0.2258,0.8281,1.687,0.1679,-0.8092,1,0,0
-0.5024,-0.217,0.8506,-1.6412,-0.5344,-1.4809,1,0,0
-0.5,-0.2292,0.8523,-5.0687,0.5496,-2.0687,1,0,0
-0.4976,-0.2454,0.854,-5.7405,1.3817,-1.8092,1,0,0
-0.5017,-0.2703,0.8567,-3.855,1.3588,-1.2824,1,0,0
-0.5049,-0.2776,0.8643,0.4046,1.084,-1.313,1,0,0
-0.5132,-0.2856,0.8423,5.458,-0.5038,-1.0382,1,0,0
-0.5159,-0.2542,0.845,8.2595,-1.6489,0.6183,1,0,0
-0.5117,-0.2295,0.8362,7.9466,-3.4504,0.6565,1,0,0
-0.5127,-0.2214,0.8467,5.5725,-4.2901,0.6947,1,0,0
-0.5029,-0.2292,0.8538,2.9847,-4.1832,0.3282,1,0,0
-0.4978,-0.2271,0.854,0.8702,-3.6107,0.0076,1,0,0
-0.4871,-0.2251,0.8701,-1.0229,-2.6031,-0.6565,1,0,0
-0.4709,-0.2659,0.8655,0.6412,-1.4809,-3.3893,1,0,0
-0.5015,-0.2456,0.8723,3.4046,0.0916,-0.8321,1,0,0
-0.5063,-0.2375,0.8511,2.9084,-1.9847,-1.4885,1,0,0
-0.4988,-0.2271,0.8638,1.5038,-2.0229,-0.1985,1,0,0
-0.4946,-0.2195,0.866,-1.5115,-2.5496,-1.1985,1,0,0
-0.4893,-0.2173,0.8696,-4.5038,-1.8855,-1.6641,1,0,0
-0.4873,-0.2092,0.8694,-8.9313,-0.2366,-2.2214,1,0,0
-0.4939,-0.2241,0.8809,-12.6718,1.3359,-3.0687,1,0,0
-0.4934,-0.2585,0.8765,-13.2061,2.687,-4.0305,1,0,0
-0.4998,-0.2615,0.8684,-10.4427,3.5115,-5.7023,1,0,0
-0.4968,-0.2813,0.8638,-7.6565,3.0153,-4.2443,1,0,0
-0.52,-0.2654,0.8484,-3.7786,3.4198,-2.4351,1,0,0
-0.5088,-0.2385,0.8513,-3.0076,2.2595,-3.8015,1,0,0
-0.5061,-0.2278,0.8381,-4.5267,1.5115,-4.5649,1,0,0
-0.4983,-0.2395,0.8386,-6.229,0.9847,-3.9237,1,0,0
-0.501,-0.2402,0.8406,-7.542,0.8397,-3.8015,1,0,0
-0.5042,-0.2371,0.8345,-8.855,0.4275,-3.9389,1,0,0
-0.5088,-0.2368,0.8381,-10.7634,-0.2824,-4.0229,1,0,0
-0.5022,-0.2363,0.845,-11.8244,-1.3282,-4.0534,1,0,0
-0.5039,-0.2244,0.8464,-13.3053,-2.1145,-4.313,1,0,0
-0.5032,-0.2053,0.8535,-16.8626,-2.3511,-5.6336,1,0,0
-0.5029,-0.186,0.8655,-22.0229,-1.8473,-6.1679,1,0,0
-0.5112,-0.1453,0.8684,-30.5191,-0.9924,-8.0534,1,0,0
-0.52,-0.1238,0.8716,-42.6794,-1.1374,-12.3969,1,0,0
-0.5154,-0.1438,0.8613,-55.9618,-3.1221,-16.0229,1,0,0
-0.5027,-0.2187,0.8792,-63.2061,-3.9237,-17.3282,1,0,0
-0.4871,-0.2974,0.8809,-62.6031,-3.8779,-17.7099,1,0,0
-0.4663,-0.4082,0.8855,-51.2824,-1.458,-15.9542,1,0,0
-0.4719,-0.4338,0.8723,-34.2748,1.8702,-14.1298,1,0,0
-0.47,-0.4358,0.8486,-16.8855,4.9771,-11.8321,1,0,0
-0.4822,-0.3884,0.8103,-4.8397,7.4351,-10.4809,1,0,0
-0.4897,-0.3452,0.772,-0.229,8.0153,-10.5496,1,0,0
-0.5005,-0.3235,0.7554,-1.458,7.6183,-10.6641,1,0,0
-0.509,-0.3057,0.7375,-6.4122,5.2901,-10.7023,1,0,0
-0.5127,-0.313,0.7354,-13.5191,1.1756,-10.3511,1,0,0
-0.5195,-0.323,0.7373,-21.5496,-4.374,-9.1221,1,0,0
-0.5215,-0.3435,0.7576,-28.1832,-10.7481,-7.9542,1,0,0
-0.5073,-0.3611,0.791,-32.6565,-15.2061,-6.7252,1,0,0
-0.4817,-0.3845,0.8257,-34.8855,-17.374,-6.4656,1,0,0
-0.4521,-0.4355,0.8625,-32.2977,-15.6718,-4.4885,1,0,0
-0.4451,-0.4463,0.8796,-26.4733,-11.3053,-2.9847,1,0,0
-0.4375,-0.4729,0.8943,-17.9618,-6.0687,-2.4656,1,0,0
-0.4517,-0.4548,0.8865,-8.2366,-1.4046,-1.3969,0,0,0
-0.4612,-0.4331,0.8669,-2.2824,1.0305,-0.3206,0,0,0
-0.4705,-0.3896,0.8523,0.4733,2.8244,0.2977,0,0,0
-0.4702,-0.3672,0.835,-0.6183,4.0458,-0.0611,0,0,0
-0.4783,-0.3372,0.825,-3.9924,4.458,-0.145,0,0,0
-0.489,-0.3252,0.8064,-9.9695,4.4046,-0.9237,0,0,0
-0.4929,-0.3328,0.7993,-15.5191,3.3588,-1.7023,0,0,0
-0.4976,-0.3401,0.7864,-19.771,0.9771,-1.626,0,0,0
-0.4922,-0.3711,0.7881,-21.7099,-1.3664,-1.5267,0,0,0
-0.4841,-0.3889,0.7996,-20.8779,-2.4656,-1.2748,0,0,0
-0.4775,-0.3967,0.8022,-18.2672,-2.0687,-0.2061,0,0,0
-0.4836,-0.3989,0.802,-15.4122,-1.8702,0.2824,0,0,0
-0.4812,-0.3938,0.791,-12.229,-1.7634,0.0,0,0,0
-0.4751,-0.3914,0.7988,-9.4427,-1.8779,-0.3817,0,0,0
-0.4841,-0.3792,0.7976,-7.9466,-1.4122,-0.8702,0,0,0
-0.4844,-0.3816,0.802,-6.3206,-1.626,-1.0153,0,0,0
-0.4841,-0.3823,0.8081,-5.3893,-2.3359,-0.626,0,0,0
-0.4866,-0.3765,0.8088,-5.5115,-2.6565,-0.4427,0,0,0
-0.4861,-0.373,0.8169,-6.3817,-3.4504,-0.9771,0,0,0
-0.4775,-0.3831,0.8298,-7.0992,-3.0611,-1.2672,0,0,0
-0.4827,-0.394,0.8359,-7.1145,-2.9695,-0.3817,0,0,0
-0.478,-0.3882,0.8328,-6.6183,-2.8092,-0.0458,0,0,0
-0.4792,-0.3923,0.8379,-7.2519,-2.542,-0.2748,0,0,0
-0.4778,-0.3955,0.8318,-7.687,-1.7328,1.1756,0,0,0
-0.4822,-0.4092,0.8105,-7.7863,-2.1603,2.9924,0,0,0
-0.4834,-0.416,0.7937,-7.8855,-3.2214,5.2901,0,0,0
-0.4814,-0.4116,0.7896,-8.6183,-3.855,8.6107,0,0,0
-0.48,-0.4048,0.7844,-10.2214,-4.0382,10.1221,0,0,0
-0.4773,-0.4106,0.7825,-12.1374,-5.2214,12.5191,0,0,0
-0.4797,-0.4077,0.7864,-12.9771,-5.6718,14.6107,0,0,0
-0.4783,-0.4197,0.7844,-14.1298,-6.3511,17.1527,0,0,0
-0.4861,-0.4026,0.7939,-14.6947,-6.6794,18.7557,0,0,0
-0.4976,-0.3755,0.7896,-12.2061,-14.7023,20.7252,0,0,0
-0.429,-0.384,0.8179,-12.4733,-10.1069,16.1298,0,0,0
-0.4592,-0.3831,0.811,-13.5496,-7.9618,14.3588,0,0,0
-0.4998,-0.395,0.8206,-14.5496,-6.229,14.0534,0,0,0
-0.481,-0.3904,0.8196,-14.1832,-5.9847,13.3435,0,0,0
-0.4651,-0.3943,0.8274,-13.8626,-4.9847,12.0687,0,0,0
-0.4668,-0.4009,0.8335,-13.0382,-3.9542,11.9466,0,0,0
-0.5015,-0.4043,0.8276,-11.1221,-4.6641,10.5802,0,0,0
-0.459,-0.3752,0.834,-9.5954,-2.1069,6.8244,0,0,0
-0.4639,-0.3704,0.8386,-10.5649,1.0992,3.8855,0,0,0
-0.4814,-0.3889,0.8308,-11.2366,3.8092,3.3664,0,0,0
-0.4763,-0.4106,0.8262,-10.6565,5.6412,3.374,0,0,0
-0.4734,-0.4111,0.8057,-9.6794,6.8855,4.5115,0,0,0
-0.4817,-0.4165,0.7981,-8.7099,7.1145,6.687,0,0,0
-0.4919,-0.3987,0.7893,-8.1832,6.9313,8.0305,0,0,0
-0.5032,-0.3992,0.7834,-9.0916,6.0763,8.3588,0,0,0
-0.4995,-0.4087,0.7771,-9.5649,4.4198,8.4504,0,0,0
-0.4946,-0.4199,0.7751,-10.1832,4.0076,9.5344,0,0,0
-0.4971,-0.4326,0.7803,-11.0916,3.1298,12.4504,0,0,0
-0.4941,-0.4341,0.7825,-8.9542,2.6183,14.6107,0,0,0
-0.4971,-0.4229,0.7766,-7.084,1.8321,14.1985,0,0,0
-0.4893,-0.4177,0.7898,-6.3053,2.1527,14.0153,0,0,0
-0.5022,-0.4045,0.7954,-5.3817,2.6718,13.5344,0,0,0
-0.5061,-0.4058,0.801,-4.6183,1.7786,12.2748,0,0,0
-0.5054,-0.4014,0.7852,-4.2901,1.0458,12.1298,0,0,0
-0.5042,-0.4033,0.7854,-4.3664,0.916,12.7252,0,0,0
-0.5056,-0.3997,0.7842,-5.1145,0.8473,14.2748,0,0,0
-0.5095,-0.395,0.7773,-5.3359,0.3206,14.9237,0,0,0
-0.5156,-0.3721,0.7771,-5.8702,-0.0611,13.1145,0,0,0
-0.5105,-0.3647,0.7859,-5.7099,-0.2672,8.5878,0,0,0
-0.5085,-0.3738,0.7759,-5.6641,-0.1069,4.8473,0,0,0
-0.5186,-0.3723,0.7681,-5.1374,-0.2061,2.2519,0,0,0
-0.5144,-0.3953,0.7729,-3.4962,-0.6794,1.3893,0,0,0
-0.5134,-0.4038,0.7744,-2.0611,-1.0534,2.2824,0,0,0
-0.5188,-0.3987,0.78,0.2137,-1.7786,3.4427,0,0,0
-0.5183,-0.3784,0.7751,0.7176,-2.855,2.9847,0,0,0
-0.5068,-0.3777,0.79,0.4809,-3.0916,1.7786,0,0,0
-0.5056,-0.3877,0.7981,0.2366,-2.4198,1.0611,0,0,0
-0.5117,-0.3801,0.7986,-0.1069,-1.7099,1.4656,0,0,0
-0.5093,-0.3818,0.7966,-1.0076,-1.4351,1.0305,0,0,0
-0.5049,-0.387,0.7979,-1.6641,-0.9466,1.1832,0,0,0
-0.5117,-0.3767,0.791,-2.6947,-0.6641,0.4275,0,0,0
-0.5088,-0.3789,0.7952,-3.8779,-0.4198,0.1298,0,0,0
-0.5149,-0.3826,0.7786,-4.0076,-0.7634,-0.229,0,0,0
-0.5164,-0.386,0.7805,-3.771,-1.1298,-0.9542,0,0,0
-0.5134,-0.4028,0.7798,-2.7252,-1.9008,-0.9924,0,0,0
-0.5061,-0.3943,0.7822,-0.7786,-1.1527,-0.5954,0,0,0
-0.5078,-0.3831,0.7808,0.145,-0.9008,-0.7557,0,0,0
-0.5125,-0.3767,0.7822,-0.1908,-1.3053,-1.2519,0,0,0
-0.5132,-0.3723,0.7832,-1.0687,-1.4656,-1.8092,0,0,0
-0.512,-0.396,0.7893,-1.2901,-2.1069,-2.0229,0,0,0
-0.5127,-0.3909,0.7898,-0.2061,-2.2977,-1.2748,0,0,0
-0.5066,-0.3958,0.7852,0.4198,-2.6183,-1.5191,0,0,0
-0.5032,-0.3899,0.7961,-0.084,-2.2366,-1.8015,0,0,0
-0.5071,-0.3901,0.7979,0.0916,-1.5344,-1.7405,0,0,0
-0.5012,-0.3853,0.7874,-0.6489,-1.0916,-1.9084,0,0,0
-0.5029,-0.3855,0.8037,-2.1069,-0.2977,-2.0305,0,0,0
-0.5115,-0.4011,0.7991,-2.4504,-0.0763,-1.2061,0,0,0
-0.5095,-0.3948,0.7979,-2.2672,-0.3588,-0.9542,0,0,0
-0.5083,-0.3958,0.7966,-1.916,-0.3359,-1.2977,0,0,0
-0.5098,-0.3906,0.7886,-1.5344,-0.3817,-1.0992,0,0,0
-0.5105,-0.3892,0.7957,-1.687,-0.7634,-1.1298,0,0,0
-0.5039,-0.3789,0.7993,-2.6565,0.2595,-1.6031,0,0,0
-0.5115,-0.3926,0.7905,-3.2443,0.3206,-1.8321,0,0,0
-0.511,-0.3921,0.7847,-2.4351,-0.0305,-2.4275,0,0,0
-0.5085,-0.386,0.783,-2.1756,-0.6031,-2.5038,0,0,0
-0.51,-0.3855,0.7905,-2.0992,-0.5573,-3.2214,0,0,0
-0.5168,-0.3953,0.7842,-1.4962,-0.9924,-3.7328,0,0,0
-0.5105,-0.3867,0.7791,-0.1374,-1.2595,-4.3817,0,0,0
-0.4983,-0.3921,0.7969,-0.0992,-0.7099,-4.7328,0,0,0
-0.5027,-0.4014,0.7964,0.2595,0.7023,-4.626,0,0,0
-0.5037,-0.396,0.7974,0.6183,1.7176,-4.7939,0,0,0
-0.5012,-0.3987,0.7942,0.1221,2.3893,-4.0992,0,0,0
-0.5105,-0.3982,0.7969,-0.084,2.9695,-3.5649,0,0,0
-0.5071,-0.3948,0.7871,-0.7023,2.3053,-3.7099,0,0,0
-0.5032,-0.3977,0.7935,-1.0992,2.1374,-4.3435,0,0,0
-0.4878,-0.4155,0.8157,0.2977,3.2061,-5.5496,0,0,0
-0.4939,-0.418,0.8176,1.7634,5.3893,-5.0687,0,0,0
-0.4941,-0.418,0.8054,3.8473,7.6412,-3.7557,0,0,0
-0.5076,-0.3989,0.7944,3.8931,8.4809,-4.2443,0,0,0
-0.5151,-0.3997,0.7898,2.9084,7.7023,-4.6565,0,0,0
-0.512,-0.4119,0.7827,2.6947,6.7023,-3.8855,0,0,0
-0.5115,-0.4104,0.7808,2.145,6.4809,-1.9008,0,0,0
-0.5127,-0.4385,0.7856,4.458,6.6336,-0.0534,0,0,0
-0.51,-0.4138,0.7942,8.542,7.3664,-2.1069,0,0,0
-0.5022,-0.4119,0.8052,15.687,8.6031,-5.855,0,0,0
-0.5134,-0.3943,0.7954,21.4809,10.0229,-8.7099,0,0,0
-0.5107,-0.4026,0.7861,25.7634,11.1069,-7.9924,0,0,0
-0.5198,-0.4038,0.7715,29.7481,10.9847,-6.6641,0,0,0
-0.5247,-0.3838,0.7666,31.5573,10.0992,-4.771,0,0,0
-0.5217,-0.3635,0.7598,31.6336,8.9084,-2.4504,0,0,0
-0.5327,-0.3342,0.7683,28.8092,7.0229,-2.2137,0,0,0
-0.5464,-0.3142,0.7661,24.0458,4.8473,-2.5344,0,0,0
-0.5388,-0.3105,0.7715,18.0458,2.9084,-2.6412,0,0,0
-0.5405,-0.3115,0.7661,11.1985,0.1145,-2.229,0,0,0
-0.5361,-0.3081,0.7739,3.916,-2.3893,-2.6336,0,0,0
-0.5225,-0.3269,0.7983,-1.8168,-3.5878,-3.229,0,0,0
-0.5117,-0.3655,0.8203,-1.3969,-2.6412,-7.1679,0,0,0
-0.5022,-0.3752,0.8298,2.2748,-0.3511,-9.5725,0,0,0
-0.4973,-0.3955,0.8335,7.1985,3.4733,-9.0,0,0,0
-0.5205,-0.3977,0.8201,12.1298,5.4427,-7.1527,0,0,0
-0.5288,-0.3713,0.7996,14.9542,5.0229,-5.2901,0,0,0
-0.5381,-0.3438,0.7891,13.1145,2.8779,-4.3359,0,0,0
-0.5403,-0.3203,0.7854,9.2595,0.374,-3.8626,0,0,0
-0.5337,-0.3137,0.78,3.9924,-1.855,-4.0916,0,0,0
-0.5232,-0.3345,0.7998,-0.4656,-2.9924,-4.4351,0,0,0
-0.5166,-0.3452,0.803,-2.3435,-2.9924,-3.9466,0,0,0
-0.5225,-0.3572,0.8059,-1.8855,-2.6336,-4.4275,0,0,0
-0.5188,-0.3633,0.7983,-0.3053,-2.9542,-5.4351,0,0,0
-0.5146,-0.3608,0.7976,1.6031,-2.9771,-6.5954,0,0,0
-0.5186,-0.3494,0.7969,2.0458,-3.5344,-6.8779,0,0,0
-0.521,-0.356,0.7883,2.3053,-4.2748,-6.1603,0,0,0
-0.5266,-0.3401,0.7947,2.6336,-6.0992,-7.5344,0,0,0
-0.5146,-0.3337,0.7974,1.8321,-7.5878,-8.9008,0,0,0
-0.4995,-0.3408,0.8145,0.7328,-6.8855,-10.2061,0,0,0
-0.4924,-0.3467,0.8318,-0.2137,-3.4504,-8.3969,0,0,0
-0.5032,-0.355,0.8242,-0.8779,-0.5038,-7.2901,0,0,0
-0.5081,-0.3674,0.8164,-0.8092,0.771,-6.229,0,0,0
-0.5159,-0.3589,0.7981,-0.3435,0.2519,-5.0916,0,0,0
-0.5225,-0.3621,0.7908,-0.2672,-1.4504,-4.229,0,0,0
-0.5183,-0.3599,0.7847,0.3435,-3.1756,-5.0458,0,0,0
-0.5088,-0.3743,0.7986,2.458,-4.0458,-5.9466,0,0,0
-0.5039,-0.3557,0.8035,3.9695,-3.2824,-6.542,0,0,0
-0.4973,-0.3723,0.8062,5.4733,-2.2214,-6.7481,0,0,0
-0.5032,-0.3501,0.803,5.2901,-1.9237,-7.3435,0,0,0
-0.5012,-0.354,0.8113,3.3817,-1.1908,-6.2061,0,0,0
-0.5059,-0.3555,0.8088,0.7939,-1.1298,-4.7786,0,0,0
-0.5125,-0.3618,0.8103,-1.771,-2.0916,-3.4122,0,0,0
-0.5071,-0.3655,0.8147,-3.3893,-2.855,-2.1298,0,0,0
-0.502,-0.3782,0.8157,-3.9542,-3.542,-0.6336,0,0,0
-0.4983,-0.386,0.8206,-2.6412,-3.4504,0.2137,0,0,0
-0.4941,-0.3789,0.8237,-1.0611,-2.7786,1.313,0,0,0
-0.4895,-0.3699,0.8274,0.5267,-1.1756,1.2443,0,0,0
-0.491,-0.3552,0.8228,0.9084,0.542,0.9466,0,0,0
-0.4971,-0.345,0.8135,0.084,1.6947,-0.4656,0,0,0
-0.5073,-0.356,0.8069,-0.1908,1.7786,-1.1298,0,0,0
-0.5132,-0.3577,0.7988,0.1145,0.7634,-1.0076,0,0,0
-0.51,-0.3523,0.8083,0.1603,-0.374,-0.313,0,0,0
-0.5066,-0.3606,0.8162,0.0229,-1.3664,1.0458,0,0,0
-0.5059,-0.3418,0.8147,-0.771,-1.8779,1.5191,0,0,0
-0.4971,-0.345,0.8259,-2.1069,-0.9542,1.4504,0,0,0
-0.5012,-0.3452,0.824,-2.5954,0.4962,0.8855,0,0,0
-0.5005,-0.345,0.8167,-2.542,1.229,0.2443,0,0,0
-0.5049,-0.3513,0.8135,-1.9237,1.0534,-0.2977,0,0,0
-0.5105,-0.3523,0.8096,-1.2214,0.7176,-0.3282,0,0,0
-0.5107,-0.3555,0.8118,-0.9924,-0.2672,0.7481,0,0,0
-0.5066,-0.363,0.811,-0.7557,-0.9313,2.0229,0,0,0
-0.5112,-0.3721,0.8113,0.9466,-1.6565,2.374,0,0,0
-0.5081,-0.3438,0.804,1.4275,-1.8092,1.4504,1,0,0
-0.5073,-0.3545,0.8018,2.2672,-2.0687,0.9542,1,0,0
-0.5012,-0.3489,0.8079,1.6336,-1.9847,1.6718,1,0,0
-0.4985,-0.3513,0.8015,1.8931,-0.8092,1.3664,1,0,0
-0.5085,-0.3389,0.8176,1.8092,-0.5802,0.626,1,0,0
-0.4966,-0.3398,0.8044,2.4427,-0.9008,-2.3664,1,0,0
-0.509,-0.3479,0.8188,3.3969,0.374,-1.1832,1,0,0
-0.5154,-0.3301,0.8071,1.9771,-2.0229,-2.0305,1,0,0
-0.5029,-0.3364,0.811,1.6718,-2.8626,-1.0229,1,0,0
-0.5044,-0.3333,0.8159,-0.1985,-3.3435,-1.0687,1,0,0
-0.5044,-0.3386,0.8083,-2.1298,-3.8779,-0.8473,1,0,0
-0.4905,-0.3398,0.8223,-3.7863,-3.9084,-0.1832,1,0,0
-0.4944,-0.3401,0.8303,-3.9313,-2.8626,-0.5115,1,0,0
-0.4905,-0.355,0.8337,-4.3359,-1.9847,-0.7252,1,0,0
-0.4993,-0.3542,0.8291,-3.6947,-0.9466,-0.7023,1,0,0
-0.5017,-0.3574,0.8225,-3.2977,-0.2672,-0.9237,1,0,0
-0.5017,-0.3433,0.8271,-3.2824,-0.0229,-1.8321,1,0,0
-0.5029,-0.3584,0.8071,-2.9847,0.145,-2.7023,1,0,0
-0.5049,-0.3621,0.7954,-3.0611,-1.1527,-1.626,1,0,0
-0.5066,-0.333,0.8083,-4.3969,-1.8702,-0.9237,1,0,0
-0.5012,-0.3455,0.8091,-5.9695,-1.6947,-1.3893,1,0,0
-0.4912,-0.3623,0.8247,-5.0992,-1.5344,-0.7863,1,0,0
-0.4954,-0.3616,0.8218,-3.8473,-1.1298,-0.6336,1,0,0
-0.4976,-0.3628,0.8247,-1.9695,-0.3969,-0.374,1,0,0
-0.5027,-0.3589,0.8162,-1.6183,-0.2366,-0.1069,1,0,0
-0.5088,-0.3506,0.8118,-1.5344,-1.0,0.3511,1,0,0
-0.5,-0.3511,0.8174,-1.5725,-1.0534,0.5038,1,0,0
-0.4993,-0.3457,0.8052,-0.8626,-1.5496,0.0382,1,0,0
-0.4937,-0.3455,0.8188,-1.9084,-1.2366,0.0382,1,0,0
-0.4946,-0.3418,0.8188,-1.7099,-0.3053,-0.5038,1,0,0
-0.4976,-0.3352,0.8091,-2.1374,0.4427,-1.1832,1,0,0
-0.5076,-0.3376,0.8147,-3.5191,0.3206,-1.5878,1,0,0
-0.5068,-0.3423,0.814,-3.5115,0.2137,-1.6336,1,0,0
-0.509,-0.3474,0.8096,-3.687,-0.313,-1.7405,1,0,0
-0.5032,-0.3628,0.8052,-2.3282,-1.5649,-1.4733,1,0,0
-0.4973,-0.3669,0.8198,0.1145,-1.5802,-1.0153,1,0,0
-0.5002,-0.3533,0.8157,2.8244,-1.3206,-0.8626,1,0,0
-0.5,-0.3457,0.8118,2.8702,-0.9313,-1.5725,1,0,0
-0.4934,-0.3533,0.8242,3.3969,-0.2366,-2.1374,1,0,0
-0.5029,-0.3289,0.8201,2.5496,0.0763,-2.7939,1,0,0
-0.5054,-0.3447,0.8159,1.7481,0.229,-3.3359,1,0,0
-0.5037,-0.3438,0.8176,2.4885,-0.1908,-4.8168,1,0,0
-0.4929,-0.3459,0.8159,3.7099,-0.3359,-6.1603,1,0,0
-0.5022,-0.3435,0.8191,4.687,-0.2137,-6.3817,1,0,0
-0.5032,-0.3645,0.8208,4.4046,-0.3817,-4.3282,1,0,0
-0.502,-0.3472,0.8113,4.5038,0.0229,-2.1374,1,0,0
-0.5034,-0.3357,0.8057,3.2824,-0.8244,-1.8168,1,0,0
-0.4954,-0.3435,0.8093,2.1527,-1.313,-2.7634,1,0,0
-0.4968,-0.3469,0.8193,2.8702,-1.1679,-3.8931,1,0,0
-0.4934,-0.3567,0.821,2.8321,-0.7099,-3.5802,1,0,0
-0.4922,-0.3657,0.8213,3.0305,-0.0458,-1.4351,1,0,0
-0.502,-0.3538,0.811,2.2748,-0.4046,-0.3817,1,0,0
-0.502,-0.3403,0.8147,-0.2366,-1.0458,0.5115,1,0,0
-0.4956,-0.3467,0.8123,-1.687,-1.7328,0.6794,1,0,0
-0.4907,-0.3474,0.8232,-0.8015,-1.0076,-1.084,1,0,0
-0.4846,-0.3599,0.833,0.3893,0.1069,-1.9695,1,0,0
-0.4915,-0.3538,0.8352,2.0916,0.5038,-0.9542,1,0,0
-0.5002,-0.3511,0.8264,1.5649,0.3359,0.4427,1,0,0
-0.5017,-0.3359,0.8237,-0.0534,0.0763,1.4656,1,0,0
-0.501,-0.3247,0.8206,-3.1145,-0.7023,1.7863,1,0,0
-0.5051,-0.3232,0.8179,-5.6183,-1.1603,1.8931,1,0,0
-0.4983,-0.3499,0.8105,-5.8702,-2.0611,2.1756,1,0,0
-0.4976,-0.3635,0.824,-2.6565,-2.1985,2.6947,1,0,0
-0.4932,-0.3689,0.8225,1.5344,-1.145,3.1221,1,0,0
-0.4946,-0.3457,0.8203,5.0076,-0.2519,3.0687,1,0,0
-0.5061,-0.3267,0.8035,5.8321,-0.7405,3.0229,1,0,0
-0.5078,-0.3228,0.8037,5.1756,-1.1603,2.9237,1,0,0
-0.5071,-0.3186,0.8105,3.1221,-2.6489,2.3206,1,0,0
-0.4785,-0.3286,0.8228,0.8168,-3.9771,0.2748,1,0,0
-0.499,-0.3181,0.8308,-0.084,-1.9389,1.0229,1,0,0
-0.4878,-0.3169,0.8325,-2.374,-2.8321,0.2672,1,0,0
-0.4841,-0.333,0.8555,-1.7099,-1.0153,0.4809,1,0,0
-0.4976,-0.3198,0.8306,-2.8702,-0.313,-1.4351,1,0,0
-0.4966,-0.3181,0.8301,-5.3206,-0.8092,-1.4275,1,0,0
-0.4988,-0.3125,0.8303,-8.1985,-1.0076,-1.4198,1,0,0
-0.49,-0.3264,0.8389,-11.0153,-0.3969,-2.0,1,0,0
-0.4902,-0.3413,0.8521,-12.2748,1.3664,-2.8397,1,0,0
-0.4944,-0.3679,0.8437,-8.8244,3.6336,-4.1298,1,0,0
-0.488,-0.4048,0.8247,-2.3511,4.2748,-3.1679,1,0,0
-0.4929,-0.3457,0.8091,2.4962,5.0076,-2.0305,1,0,0
-0.5234,-0.3083,0.8081,1.0992,2.458,-4.0534,1,0,0
-0.5015,-0.3171,0.8015,-1.458,0.771,-3.2443,1,0,0
-0.5024,-0.3184,0.7964,-4.458,0.084,-2.4733,1,0,0
-0.5032,-0.3228,0.7996,-6.3664,-0.6947,-2.8626,1,0,0
-0.4976,-0.3447,0.8049,-6.4733,-1.542,-1.6718,1,0,0
-0.501,-0.3586,0.8079,-5.1221,-2.3282,-0.7557,1,0,0
-0.5017,-0.3582,0.8044,-2.6565,-2.5573,-0.7939,1,0,0
-0.4971,-0.3521,0.8096,0.5496,-2.6565,-0.8779,1,0,0
-0.4922,-0.3467,0.8174,1.8855,-3.1527,-1.5802,1,0,0
-0.4944,-0.3403,0.8193,2.1145,-2.8855,-1.5344,1,0,0
-0.4907,-0.3435,0.8323,1.4122,-2.1832,-1.4351,1,0,0
-0.4961,-0.3379,0.8394,-0.2366,-1.4504,-1.4885,1,0,0
-0.4915,-0.3433,0.833,-1.2672,-1.0,-1.3817,1,0,0
-0.4995,-0.3416,0.835,-2.2595,-1.1145,-1.6565,1,0,0
-0.491,-0.356,0.8301,-1.4656,-1.1145,-1.9695,1,0,0
-0.4944,-0.3418,0.8235,-0.5954,-0.9695,-2.4122,1,0,0
-0.4944,-0.3489,0.8198,0.7099,-1.2137,-3.3359,1,0,0
-0.4912,-0.3516,0.8232,2.8321,-1.2901,-3.5954,1,0,0
-0.4958,-0.3391,0.8357,3.4504,-0.9313,-3.8321,1,0,0
-0.4878,-0.3374,0.8276,3.0076,-0.1679,-3.9771,1,0,0
-0.4973,-0.3286,0.8262,2.5496,0.1603,-3.9924,1,0,0
-0.4966,-0.3105,0.8367,0.8626,0.458,-5.6031,1,0,0
-0.489,-0.3262,0.8447,1.3511,1.1374,-9.6718,1,0,0
-0.4897,-0.3269,0.8354,3.3588,2.0382,-13.1298,1,0,0
-0.4949,-0.3352,0.8333,3.9847,2.7863,-13.8244,1,0,0
-0.4939,-0.3425,0.8191,4.229,2.7863,-11.6565,1,0,0
-0.5007,-0.3384,0.8206,3.6183,2.3588,-8.5649,1,0,0
-0.4939,-0.3523,0.821,3.1145,2.0,-5.3893,1,0,0
-0.4949,-0.3513,0.8188,4.2366,1.7023,-3.916,1,0,0
-0.4912,-0.343,0.8149,3.8015,1.0229,-2.9771,1,0,0
-0.4961,-0.3401,0.8142,2.6489,0.3053,-2.0534,1,0,0
-0.4971,-0.3401,0.8159,1.7252,-1.0153,-1.9695,1,0,0
-0.4866,-0.3481,0.8179,1.084,-1.9313,-2.6107,1,0,0
-0.4807,-0.3357,0.8367,3.1145,-0.4809,-6.8702,1,0,0
-0.4729,-0.3396,0.8408,6.3969,1.5725,-11.7634,1,0,0
-0.4768,-0.3342,0.8477,7.1145,4.2214,-13.4733,1,0,0
-0.4897,-0.3501,0.842,6.0382,6.0153,-9.9847,1,0,0
-0.5059,-0.3386,0.8262,2.9924,5.1603,-7.4275,1,0,0
-0.5051,-0.3423,0.8257,0.7481,2.8779,-5.3359,1,0,0
-0.5044,-0.3379,0.8066,-0.542,0.1908,-2.7786,1,0,0
-0.4971,-0.3472,0.8213,-2.2443,-1.5649,-1.0382,1,0,0
-0.489,-0.3418,0.8123,-2.2748,-1.9389,0.2061,1,0,0
-0.4819,-0.3494,0.8286,-1.4046,-1.2214,-0.8244,1,0,0
-0.4844,-0.3491,0.8215,-0.8244,-0.2901,-0.542,1,0,0
-0.4861,-0.3408,0.8186,-1.0687,0.7405,-0.1908,1,0,0
-0.4888,-0.356,0.8137,0.916,0.9771,-2.2901,1,0,0
-0.4958,-0.3342,0.8125,3.3053,0.6565,-3.374,1,0,0
-0.4912,-0.3506,0.8154,3.2366,0.8168,-3.5496,1,0,0
-0.4944,-0.3645,0.8274,5.0916,0.2061,-2.3969,1,0,0
-0.4971,-0.3442,0.823,7.9313,-0.8397,-2.1298,1,0,0
-0.4856,-0.332,0.8213,6.9008,-1.084,-0.8397,1,0,0
-0.4917,-0.3164,0.8201,4.5649,-1.5115,0.916,1,0,0
-0.5012,-0.2998,0.822,0.1374,-2.3206,1.2901,1,0,0
-0.4985,-0.3079,0.823,-5.2214,-3.5267,0.7481,1,0,0
-0.489,-0.3311,0.8308,-7.855,-3.9466,1.1298,1,0,0
-0.4824,-0.343,0.8398,-7.5725,-3.916,1.1756,1,0,0
-0.4778,-0.3743,0.8428,-3.0763,-2.3359,-0.4656,1,0,0
-0.4749,-0.3687,0.8425,3.7939,-0.3359,-1.0687,1,0,0
-0.4846,-0.355,0.8367,9.2824,1.4198,-0.9313,1,0,0
-0.4907,-0.3445,0.8198,12.5496,1.3817,-0.7023,1,0,0
-0.502,-0.3291,0.8159,14.6183,0.1603,-0.7939,1,0,0
-0.4971,-0.2964,0.8142,13.6336,-1.0992,-0.8779,1,0,0
-0.4995,-0.3008,0.8118,11.2595,-2.7328,-1.2137,1,0,0
-0.4924,-0.2969,0.8101,9.4351,-3.6641,-2.3435,1,0,0
-0.4858,-0.3237,0.8323,11.9008,-3.5802,-4.3893,1,0,0
-0.4907,-0.3079,0.8289,14.7786,-3.4046,-6.5344,1,0,0
-0.4839,-0.3208,0.8401,18.8168,-3.1374,-8.7328,1,0,0
-0.4885,-0.2969,0.8372,20.5344,-2.9389,-10.4656,1,0,0
-0.4951,-0.292,0.8342,17.6031,-2.9313,-8.2824,1,0,0
-0.4988,-0.271,0.8354,11.6489,-3.6565,-6.1603,1,0,0
-0.5632,-0.3484,0.8286,-0.7557,-5.626,-3.1832,1,0,0
-0.489,-0.3037,0.8464,-5.2366,-7.3588,-4.5725,1,0,0
-0.4683,-0.3435,0.8699,-4.1832,-6.3053,-2.313,1,0,0
-0.4509,-0.3313,0.8721,-0.2901,-4.6641,-2.7099,1,0,0
-0.4648,-0.3376,0.8584,3.5344,-2.8779,-4.626,1,0,0
-0.48,-0.3455,0.8677,4.8168,-0.7023,-3.6107,1,0,0
-0.4832,-0.3171,0.8508,3.6183,0.8855,-0.2748,1,0,0
-0.4805,-0.2964,0.844,-0.2137,-0.1298,0.5496,1,0,0
-0.4785,-0.2939,0.8347,-5.3282,-1.6947,-0.1756,1,0,0
-0.4802,-0.3013,0.8269,-9.1985,-2.9618,0.3435,1,0,0
-0.4866,-0.3171,0.8286,-12.3206,-5.0458,1.3817,1,0,0
-0.4746,-0.3381,0.8408,-11.2672,-5.5802,1.626,1,0,0
-0.4614,-0.3613,0.8374,-4.9847,-3.7023,0.8626,1,0,0
-0.47,-0.3433,0.8401,3.1374,-2.4122,0.3588,1,0,0
-0.4795,-0.3206,0.8384,8.1603,-1.6183,0.2672,1,0,0
-0.4973,-0.2913,0.8328,8.916,-2.5115,0.8168,1,0,0
-0.4971,-0.269,0.8276,5.0382,-4.7634,1.0382,1,0,0
-0.4861,-0.2556,0.8364,-1.0687,-6.1603,1.2519,1,0,0
-0.4797,-0.2659,0.8501,-6.8855,-7.4656,0.3893,1,0,0
-0.4795,-0.2991,0.8591,-10.7023,-7.9313,0.5725,1,0,0
-0.4734,-0.3201,0.8579,-11.7099,-8.4809,0.9084,1,0,0
-0.4746,-0.3247,0.876,-11.0916,-8.771,1.687,1,0,0
-0.4634,-0.3467,0.8745,-10.0458,-8.7786,3.4275,1,0,0
-0.4619,-0.3584,0.8733,-6.6565,-7.7939,5.626,1,0,0
-0.459,-0.3447,0.8657,-4.458,-7.3893,6.8702,1,0,0
-0.4675,-0.324,0.8494,-5.1221,-7.0229,8.2824,1,0,0
-0.4795,-0.3235,0.8333,-8.7939,-8.6183,10.7176,1,0,0
-0.4277,-0.3086,0.8306,-13.0076,-14.229,14.2061,1,0,0
-0.4812,-0.3201,0.8206,-17.4885,-15.6336,16.4351,1,0,0
-0.5083,-0.3259,0.8025,-23.6489,-20.9771,20.0,1,0,0
-0.5029,-0.3281,0.7939,-29.5878,-27.3664,23.3435,1,0,0
-0.4797,-0.324,0.8057,-36.4275,-33.6947,26.4122,1,0,0
-0.4446,-0.3865,0.8611,-36.8244,-34.4046,26.7252,1,0,0
-0.4143,-0.4026,0.8953,-22.771,-32.0,21.0687,1,0,0
-0.4001,-0.3467,0.886,-7.4198,-25.5114,13.1298,1,0,0
-0.3838,-0.3289,0.9124,2.7863,-15.3206,8.0458,1,0,0
-0.4226,-0.3079,0.9021,7.6107,-5.5573,5.9237,1,0,0
-0.4363,-0.2893,0.894,8.9313,0.0229,5.8015,1,0,0
-0.4504,-0.2773,0.8655,7.8473,0.9847,6.3588,1,0,0
-0.4595,-0.2937,0.843,6.9924,-1.7099,7.3817,1,0,0
-0.4539,-0.249,0.865,4.9389,-3.5802,6.9847,1,0,0
-0.4619,-0.2632,0.8523,1.9466,-4.6336,7.7634,1,0,0
-0.4463,-0.2671,0.856,0.1298,-6.3893,6.3969,1,0,0
-0.4238,-0.271,0.8601,1.9695,-7.7557,-0.2443,1,0,0
-0.4688,-0.302,0.894,2.6412,-2.3893,-0.2901,1,0,0
-0.4231,-0.2507,0.8804,1.4962,-3.229,-2.3588,1,0,0
-0.4409,-0.3257,0.8889,1.2901,-1.3893,-3.0611,1,0,0
-0.4392,-0.2832,0.8816,0.0458,-1.5115,-3.771,1,0,0
-0.4397,-0.2979,0.8738,-2.8015,-1.1145,-4.4504,1,0,0
-0.4321,-0.2937,0.8853,-7.145,-1.2672,-4.6412,1,0,0
-0.4277,-0.3179,0.8911,-10.0916,0.2519,-5.0076,1,0,0
-0.4282,-0.3362,0.8936,-11.4427,1.4198,-4.2748,1,0,0
-0.436,-0.3503,0.8845,-9.8931,3.4122,-4.5725,1,0,0
-0.4277,-0.356,0.8735,-6.4351,4.9771,-6.5573,1,0,0
-0.4346,-0.3599,0.8582,-2.916,5.2366,-5.8931,1,0,0
-0.4436,-0.3308,0.8516,-1.313,5.0153,-5.3053,1,0,0
-0.4458,-0.3179,0.8552,-1.8855,5.0076,-4.5267,1,0,0
-0.4558,-0.3159,0.8403,-3.2748,3.7786,-3.0763,1,0,0
-0.4519,-0.3164,0.8396,-5.1756,1.855,-0.855,1,0,0
-0.4509,-0.3254,0.8384,-5.8779,0.5191,0.1756,1,0,0
-0.4539,-0.3203,0.8359,-5.687,-0.4885,0.2137,1,0,0
-0.4485,-0.3279,0.8484,-4.687,-1.3359,0.8931,1,0,0
-0.4419,-0.3162,0.8586,-2.8702,-1.6336,0.7634,1,0,0
-0.4363,-0.321,0.8604,-1.5267,-0.9771,0.4046,1,0,0
-0.4438,-0.3259,0.8647,0.3893,0.1374,0.3206,1,0,0
-0.4438,-0.3137,0.8616,1.4962,0.7939,-0.1069,1,0,0
-0.4482,-0.3032,0.8628,0.7863,0.5954,-0.5191,1,0,0
-0.4473,-0.2959,0.8594,-1.4122,-0.1145,-0.2519,1,0,0
-0.4502,-0.3118,0.8638,-3.0687,-0.5191,0.0153,1,0,0
-0.4453,-0.3091,0.8684,-4.374,-1.4809,-0.1221,1,0,0
-0.4443,-0.3198,0.8696,-5.1908,-1.1374,-0.5573,1,0,0
-0.4375,-0.3225,0.8701,-4.4504,-0.1985,-0.4504,1,0,0
-0.4414,-0.3176,0.8662,-4.3664,0.7252,-1.084,1,0,0
-0.4319,-0.3333,0.8755,-3.1603,2.2443,-1.5496,1,0,0
-0.4407,-0.3354,0.874,-1.8397,4.3893,-0.8931,1,0,0
-0.4402,-0.3391,0.8672,0.1527,6.6794,0.0,1,0,0
-0.4465,-0.3188,0.8523,0.5878,7.3817,-0.0687,1,0,0
-0.46,-0.3157,0.8484,0.1374,6.2137,-0.7405,1,0,0
-0.4778,-0.3423,0.8335,0.5344,2.7176,0.7405,1,0,0
-0.4751,-0.3674,0.853,3.2061,-1.1985,4.3511,1,0,0
-0.4917,-0.3672,0.8289,8.374,-5.5344,11.2672,1,0,0
-0.4436,-0.2891,0.8193,12.7328,-8.7634,10.0763,1,0,0
-0.3982,-0.4353,0.9009,13.5802,-5.5725,6.6031,1,0,0
-0.5044,-0.1995,0.8291,9.0458,-7.6947,5.9618,1,0,0
-0.425,-0.2712,0.843,0.0305,-7.3817,1.6336,1,0,0
-0.4619,-0.2935,0.8623,-3.3435,-6.8321,1.1374,1,0,0
-0.4302,-0.2817,0.8613,-5.9237,-5.374,-1.542,1,0,0
-0.4502,-0.3,0.8569,-9.2901,-5.8779,-0.7328,1,0,0
-0.4326,-0.3149,0.8813,-11.7328,-6.0458,0.0305,1,0,0
-0.4316,-0.3308,0.8967,-10.8931,-4.3588,0.7252,1,0,0
-0.4302,-0.3157,0.895,-9.4351,-2.0153,1.0076,1,0,0
-0.4365,-0.2991,0.8884,-9.4275,0.2214,-0.1832,1,0,0
-0.4407,-0.2898,0.8953,-9.7863,1.9084,-2.8168,1,0,0
-0.4373,-0.2983,0.887,-10.313,3.8626,-4.5649,1,0,0
-0.4187,-0.2795,0.9141,-11.3664,7.4046,-7.1145,1,0,0
-0.4487,-0.3364,0.8481,-9.8168,7.2595,-5.8855,1,0,0
-0.4587,-0.3079,0.8503,-8.5725,4.0992,-4.916,1,0,0
-0.4629,-0.2842,0.8528,-11.9695,2.8702,-4.2748,1,0,0
-0.4553,-0.3174,0.8437,-13.2901,1.9389,-4.8397,1,0,0
-0.4521,-0.3508,0.8472,-12.2748,1.2137,-2.9466,1,0,0
-0.4546,-0.3481,0.8523,-9.1832,0.5038,-1.6183,1,0,0
-0.45,-0.3521,0.8437,-7.3282,-0.2443,-1.4656,1,0,0
-0.4417,-0.3582,0.8457,-5.2748,0.2595,-0.5344,1,0,0
-0.4458,-0.354,0.8472,-4.687,-0.0305,0.4122,1,0,0
-0.4531,-0.3499,0.8523,-6.1679,-0.6336,1.0382,1,0,0
-0.437,-0.3582,0.8545,-7.0229,-0.5267,2.2595,1,0,0
-0.4346,-0.3538,0.8652,-6.8321,0.542,1.7328,1,0,0
-0.4409,-0.3586,0.8616,-5.458,1.4198,0.2748,1,0,0
-0.4402,-0.3562,0.8599,-3.5344,2.1145,1.0229,1,0,0
-0.4526,-0.345,0.8511,-3.3511,2.2137,1.5191,1,0,0
-0.459,-0.3481,0.8516,-2.5267,1.1145,2.3588,1,0,0
-0.4551,-0.3257,0.8423,-1.5878,0.0611,3.4351,1,0,0
-0.4497,-0.3179,0.845,-2.1908,-0.7099,3.0763,1,0,0
-0.4485,-0.3137,0.8486,-3.0305,-1.0229,2.9466,1,0,0
-0.4539,-0.3123,0.8433,-3.8015,-0.8092,2.2137,1,0,0
-0.4438,-0.3184,0.8479,-5.6336,-0.2443,2.8626,1,0,0
-0.4402,-0.3196,0.8601,-6.4885,1.1527,3.145,1,0,0
-0.4441,-0.3101,0.8728,-7.084,2.8702,2.1069,1,0,0
-0.4426,-0.3008,0.8779,-9.5725,5.0458,0.5954,1,0,0
-0.4468,-0.3274,0.8701,-11.8473,6.9313,0.5573,1,0,0
-0.446,-0.3506,0.8816,-11.4809,8.458,1.5115,1,0,0
-0.4331,-0.3542,0.8804,-10.7176,11.5802,3.5038,1,0,0
-0.4563,-0.3574,0.873,-10.2366,13.9695,6.4733,1,0,0
-0.4568,-0.3567,0.8601,-11.1527,14.7481,8.3664,1,0,0
-0.4631,-0.3396,0.8503,-11.9313,14.3817,9.6718,1,0,0
-0.4729,-0.3516,0.834,-13.8092,12.6641,10.6183,1,0,0
-0.4766,-0.3647,0.8264,-15.229,10.5496,12.3893,1,0,0
-0.4773,-0.3623,0.8208,-16.9389,9.0992,15.6794,1,0,0
-0.4824,-0.3962,0.8108,-16.9695,7.5802,18.8244,1,0,0
-0.4705,-0.3809,0.8193,-15.6565,7.1145,21.8244,1,0,0
-0.4807,-0.3669,0.8064,-14.6031,7.0687,22.0076,1,0,0
-0.4768,-0.3535,0.8052,-14.9542,6.8244,21.0229,1,0,0
-0.4893,-0.3447,0.8052,-15.1145,5.7023,19.7252,1,0,0
-0.4949,-0.3413,0.8103,-15.374,4.4885,18.1145,1,0,0
-0.4919,-0.3428,0.8098,-13.8321,3.2137,14.8626,1,0,0
-0.4807,-0.3313,0.8225,-10.6031,4.5115,10.5344,1,0,0
-0.4814,-0.3381,0.832,-5.8626,6.9237,6.2977,1,0,0
-0.4829,-0.321,0.8376,-1.6336,9.7405,2.4656,1,0,0
-0.4905,-0.321,0.8252,2.2061,11.4046,-0.3053,1,0,0
-0.4966,-0.3123,0.8364,3.5954,12.5802,-0.9084,1,0,0
-0.4961,-0.3198,0.8328,5.1527,13.7252,-2.9466,1,0,0
-0.4971,-0.3123,0.844,5.9847,15.5573,-1.7939,1,0,0
-0.5154,-0.3225,0.8276,6.3359,16.8855,-1.5344,1,0,0
-0.512,-0.3015,0.8237,5.7252,15.8855,-1.5573,1,0,0
-0.5195,-0.2825,0.8076,3.7557,14.8855,-4.2595,0,0,0
-0.5127,-0.2927,0.8157,2.0305,12.6107,-8.4198,0,0,0
-0.4919,-0.311,0.8381,6.2595,14.2595,-15.9618,0,0,0
-0.5024,-0.3301,0.832,11.8626,16.5802,-22.9313,0,0,0
-0.522,-0.3518,0.8096,16.8702,15.7328,-22.458,0,0,0
-0.5,-0.3496,0.8208,18.8702,16.8702,-18.2901,0,0,0
-0.5244,-0.3411,0.7971,17.3664,15.9313,-13.4275,0,0,0
-0.5388,-0.3245,0.7964,14.916,12.9618,-10.2137,0,0,0
-0.5293,-0.3105,0.8054,15.626,11.2748,-16.5573,0,0,0
-0.5083,-0.2949,0.8149,16.3893,12.5496,-22.7023,0,0,0
-0.5129,-0.3318,0.8108,16.458,13.9008,-24.3435,0,0,0
-0.5217,-0.3433,0.8062,16.6565,15.145,-21.9695,0,0,0
-0.5303,-0.3489,0.7971,16.0458,12.8855,-19.0916,0,0,0
-0.5376,-0.343,0.7837,14.9389,11.0382,-15.7557,0,0,0
-0.541,-0.3335,0.782,12.7176,7.9389,-14.0382,0,0,0
-0.5283,-0.323,0.7942,10.4122,6.3817,-13.5115,0,0,0
-0.5337,-0.3171,0.7947,6.6641,5.0458,-12.7481,0,0,0
-0.5288,-0.3315,0.7881,1.9771,3.4275,-10.855,0,0,0
-0.5317,-0.3423,0.7832,-2.5573,2.3817,-9.0,0,0,0
-0.5247,-0.3674,0.7959,-4.145,0.8244,-7.4733,0,0,0
-0.5171,-0.3799,0.7993,-2.2672,0.6794,-5.5802,1,0,0
-0.5215,-0.373,0.7898,-1.3206,-0.2443,-3.5115,1,0,0
-0.5273,-0.3711,0.7927,-0.8931,-0.5802,-0.7405,1,0,0
-0.5273,-0.3633,0.8008,0.1145,-1.0382,0.7939,1,0,0
-0.5195,-0.3428,0.7917,1.4885,-1.6641,-1.374,1,0,0
-0.5168,-0.3303,0.8037,2.8015,-1.7405,-3.6183,1,0,0
-0.5176,-0.3386,0.8081,4.7939,-1.1145,-4.8931,1,0,0
-0.5261,-0.3374,0.8052,8.3206,-0.9237,-5.7176,1,0,0
-0.5278,-0.3201,0.8103,9.2519,-2.0916,-6.2977,1,0,0
-0.5249,-0.3086,0.8022,7.7786,-3.0534,-5.2901,1,0,0
-0.5237,-0.2937,0.8022,5.2595,-3.6336,-3.8092,1,0,0
-0.5313,-0.2898,0.8091,0.7252,-4.6794,-3.2901,1,0,0
-0.5205,-0.2996,0.8103,-3.9008,-5.9084,-2.5344,1,0,0
-0.5198,-0.322,0.8176,-5.3359,-5.6794,-2.1145,1,0,0
-0.5117,-0.3459,0.8171,-4.6183,-5.2824,-1.3817,1,0,0
-0.5139,-0.3481,0.8162,-0.9237,-4.7252,-2.0534,1,0,0
-0.511,-0.3503,0.8093,2.4504,-4.6412,-2.0992,1,0,0
-0.5156,-0.3403,0.8103,3.7863,-5.0153,-1.5344,1,0,0
-0.5205,-0.3215,0.8066,3.7481,-5.6947,-1.3435,1,0,0
-0.5164,-0.3174,0.8062,1.5802,-6.5802,-2.1679,1,0,0
-0.51,-0.3174,0.8042,-1.1908,-7.6107,-2.3969,1,0,0
-0.5103,-0.3325,0.812,-3.1756,-7.8015,-1.8779,1,0,0
-0.5134,-0.3325,0.8081,-4.0305,-8.6794,-1.6794,1,0,0
-0.5103,-0.3511,0.8152,-3.6947,-8.9924,-1.374,1,0,0
-0.5032,-0.3569,0.8264,-1.6947,-9.084,-0.6794,1,0,0
-0.4998,-0.3403,0.8242,-0.0229,-7.5267,1.0382,1,0,0
-0.4922,-0.3398,0.8311,0.2595,-6.4122,1.5954,1,0,0
-0.4978,-0.3264,0.8433,-0.0153,-4.6336,1.6336,1,0,0
-0.498,-0.3225,0.8303,-0.5191,-3.8092,0.9389,1,0,0
-0.4983,-0.3203,0.8403,-1.7176,-3.1145,1.145,1,0,0
-0.5005,-0.3267,0.8457,-3.0763,-2.5267,1.4504,1,0,0
-0.5027,-0.3335,0.8437,-3.4275,-2.2824,1.8015,1,0,0
-0.4993,-0.3303,0.842,-2.0763,-1.916,2.3053,1,0,0
-0.5002,-0.321,0.8347,-1.9695,-1.3588,1.7405,1,0,0
-0.4988,-0.3218,0.8428,-1.7328,-0.7099,0.7863,1,0,0
-0.5049,-0.314,0.8247,-1.0534,-0.4809,0.2366,1,0,0
-0.5024,-0.3093,0.8315,-2.1985,0.4885,-0.6412,1,0,0
-0.5029,-0.3167,0.8291,-3.1908,1.2366,-0.8092,1,0,0
-0.5083,-0.3213,0.8174,-3.7405,0.6107,-0.7939,1,0,0
-0.511,-0.3201,0.8262,-4.8244,0.0534,-0.6107,1,0,0
-0.5068,-0.3335,0.8237,-4.2595,0.0229,-0.5649,1,0,0
-0.5029,-0.3425,0.8245,-2.2061,-0.3511,0.2137,1,0,0
-0.5022,-0.3381,0.8206,-0.1298,-0.0687,-0.6412,1,0,0
-0.502,-0.3225,0.8062,0.6336,-0.313,-0.7939,1,0,0
-0.5015,-0.3218,0.8176,-0.1374,-0.6489,-0.4198,1,0,0
-0.5017,-0.3196,0.8154,-1.6718,-0.7863,-0.4656,1,0,0
-0.5044,-0.3098,0.8113,-3.2824,-0.3359,-0.7481,1,0,0
-0.5039,-0.3345,0.8154,-4.6718,0.1756,-0.7252,1,0,0
-0.5034,-0.3433,0.822,-4.145,-0.4351,0.3664,1,0,0
-0.5051,-0.3367,0.824,-2.9008,-0.8702,0.2366,1,0,0
-0.5,-0.3433,0.8298,-2.2137,-1.3664,0.3359,1,0,0
-0.4968,-0.3433,0.8386,-1.6183,-0.6794,0.9237,1,0,0
-0.5056,-0.334,0.8242,-1.5802,-0.4885,1.7786,1,0,0
-0.5093,-0.3198,0.8184,-1.9542,-0.6183,1.916,1,0,0
-0.4995,-0.3206,0.8284,-4.0229,-0.9771,2.0534,1,0,0
-0.5029,-0.3193,0.8308,-6.1985,-0.1908,3.0687,1,0,0
-0.5027,-0.3149,0.8296,-8.6565,0.2137,3.0076,1,0,0
-0.5044,-0.334,0.8342,-8.8092,0.9695,1.8779,1,0,0
-0.5115,-0.3323,0.8284,-6.3893,0.4962,1.1145,1,0,0
-0.5117,-0.3357,0.8179,-4.4809,0.4275,0.8092,1,0,0
-0.511,-0.3398,0.812,-2.1069,-0.4198,0.4504,1,0,0
-0.5132,-0.3252,0.8113,-0.6412,-2.145,0.9466,1,0,0
-0.5027,-0.3152,0.8152,-1.3359,-2.1756,1.0305,1,0,0
-0.4951,-0.3213,0.8184,-2.0229,-0.8397,2.1985,1,0,0
-0.5027,-0.3186,0.8213,-2.2519,0.5115,2.0611,1,0,0
-0.5034,-0.3147,0.8188,-4.0611,0.7481,2.3359,1,0,0
-0.5054,-0.3171,0.812,-5.8244,1.3893,2.9542,1,0,0
-0.5105,-0.3306,0.8186,-7.9313,0.5573,4.4962,1,0,0
-0.5093,-0.3379,0.8137,-10.4351,0.2901,6.4733,1,0,0
-0.5132,-0.3623,0.8179,-12.229,-0.2061,9.3359,1,0,0
-0.5156,-0.3591,0.8022,-13.9695,-2.0229,13.6183,1,0,0
-0.5132,-0.3672,0.8074,-15.7863,-4.0153,16.7023,1,0,0
-0.5029,-0.3589,0.8152,-15.8015,-4.1527,17.1756,1,0,0
-0.4985,-0.3594,0.8169,-14.0916,-3.687,15.2443,1,0,0
-0.5007,-0.3413,0.8218,-13.1603,-2.2977,11.916,1,0,0
-0.4993,-0.3381,0.8208,-12.3511,-0.4198,9.7786,1,0,0
-0.5129,-0.3433,0.8049,-11.771,0.1985,8.8168,1,0,0
-0.5269,-0.3503,0.7996,-11.1374,-1.3053,9.3664,1,0,0
-0.5271,-0.3582,0.8013,-7.7557,-2.7176,11.0687,1,0,0
-0.5227,-0.3279,0.8035,-5.3053,-4.6794,11.2901,1,0,0
-0.5122,-0.3059,0.814,-4.145,-5.3969,9.2901,1,0,0
-0.5093,-0.2813,0.8208,-4.229,-4.1527,6.626,1,0,0
-0.5095,-0.2896,0.8298,-4.0611,-2.6794,3.3359,1,0,0
-0.5149,-0.2964,0.823,-3.2824,-1.771,1.3282,1,0,0
-0.5117,-0.3044,0.8325,-1.5191,-1.2748,0.626,1,0,0
-0.5161,-0.3113,0.8286,0.1221,-1.4809,0.4733,1,0,0
-0.519,-0.3076,0.8281,1.1679,-1.4427,0.0763,1,0,0
-0.5144,-0.2947,0.8374,0.3435,-1.4656,-0.0229,1,0,0
-0.5349,-0.3044,0.8303,-1.9389,-0.4122,-1.0534,1,0,0
-0.4851,-0.2976,0.8284,-3.9771,0.3206,-2.0916,1,0,0
-0.5105,-0.323,0.823,-4.9008,0.2595,-4.1374,1,0,0
-0.5156,-0.3472,0.8149,-3.2443,0.4733,-4.2824,1,0,0
-0.5193,-0.3481,0.8049,-2.0611,-0.2519,-4.458,1,0,0
-0.51,-0.3586,0.7979,-1.1985,-0.6489,-3.2595,1,0,0
-0.5063,-0.3618,0.8103,-0.6947,-0.2748,-2.1374,1,0,0
-0.5073,-0.3574,0.8054,-0.7786,-0.145,-0.9084,1,0,0
-0.511,-0.3513,0.7922,-0.5038,0.4962,-0.374,1,0,0
-0.5181,-0.3469,0.7927,-1.7252,-0.7481,-0.5191,1,0,0
-0.5112,-0.3513,0.7927,-2.9924,-2.2137,0.7252,1,0,0
-0.5173,-0.354,0.8093,-3.2748,-3.1145,1.8626,1,0,0
-0.5078,-0.3477,0.8118,-3.2824,-3.2748,2.5573,1,0,0
-0.5056,-0.3418,0.813,-2.5115,-3.3893,2.6183,1,0,0
-0.5056,-0.3337,0.8179,-3.0382,-2.4122,2.374,1,0,0
-0.5217,-0.3367,0.8213,-3.9313,-1.3588,2.1069,1,0,0
-0.499,-0.3359,0.8264,-3.6641,-1.4122,2.855,1,0,0
-0.5105,-0.3225,0.8215,-3.1527,-1.374,2.8244,1,0,0
-0.5129,-0.3232,0.8176,-3.8779,-1.2595,2.7939,1,0,0
-0.52,-0.323,0.8169,-4.4885,-1.5191,2.8244,1,0,0
-0.5137,-0.3152,0.8167,-5.6489,-1.8015,2.4275,1,0,0
-0.5073,-0.3088,0.821,-6.542,-1.9313,2.0763,1,0,0
-0.4993,-0.3281,0.825,-5.1985,-0.4351,0.9618,1,0,0
-0.5115,-0.3318,0.8311,-3.1527,0.7939,-0.3053,1,0,0
-0.5117,-0.3362,0.8203,-0.4275,1.5725,-0.1298,1,0,0
-0.5137,-0.322,0.814,0.6336,2.0916,0.0763,1,0,0
-0.5125,-0.3181,0.823,-0.145,2.2824,-0.229,1,0,0
-0.5125,-0.3215,0.812,-0.4427,2.7481,0.0534,1,0,0
-0.5168,-0.323,0.8081,-0.5344,2.4122,-0.2519,1,0,0
-0.5178,-0.3213,0.8032,-0.5954,1.9237,-1.2137,1,0,0
-0.522,-0.3298,0.7991,-0.8015,0.7405,-1.5878,1,0,0
-0.5125,-0.332,0.8081,-1.3359,-0.5496,-1.145,1,0,0
-0.5093,-0.3381,0.8213,-2.1832,0.1679,0.0992,1,0,0
-0.5071,-0.3501,0.8271,-2.2366,1.5878,1.1527,1,0,0
-0.5115,-0.3516,0.8354,-0.4351,3.0611,1.1298,1,0,0
-0.52,-0.3398,0.8079,0.4427,2.9618,0.2595,1,0,0
-0.5247,-0.3499,0.7952,0.9466,0.8702,0.4656,1,0,0
-0.5278,-0.3379,0.7971,2.1908,-1.1756,0.3664,1,0,0
-0.5137,-0.3254,0.8108,0.5496,-2.1069,0.5115,1,0,0
-0.5039,-0.3318,0.8232,-1.1603,-0.6794,1.4122,1,0,0
-0.5093,-0.335,0.8313,-1.2748,2.084,2.1679,1,0,0
-0.5161,-0.333,0.834,0.6794,3.8626,0.9618,1,0,0
-0.5212,-0.3325,0.8113,2.9924,4.4885,0.2824,1,0,0
-0.5273,-0.3247,0.7988,3.3588,2.6947,0.5954,1,0,0
-0.5374,-0.3103,0.7832,3.4809,-0.0382,0.0229,1,0,0
-0.5139,-0.3245,0.8152,1.9924,0.2137,-2.2672,1,0,0
-0.5354,-0.3008,0.8052,0.8321,-0.145,-0.5191,1,0,0
-0.5083,-0.314,0.8088,-1.4656,-1.9466,0.1908,1,0,0
-0.5151,-0.3,0.8096,-3.4198,-1.0458,0.0916,1,0,0
-0.5132,-0.3162,0.8188,-6.771,-0.687,-1.1603,1,0,0
-0.512,-0.3247,0.8284,-7.8244,0.9618,-0.7863,1,0,0
-0.5154,-0.3606,0.8252,-5.2901,2.687,-0.8931,1,0,0
-0.5225,-0.363,0.8062,0.1985,2.9847,-1.1069,1,0,0
-0.521,-0.3521,0.7991,4.2977,2.313,-0.8626,1,0,0
-0.5254,-0.3328,0.8037,6.0763,1.7939,-1.0153,1,0,0
-0.5342,-0.3086,0.7935,4.6641,0.4275,-1.1527,1,0,0
-0.5247,-0.3008,0.8015,0.7863,-0.2137,-1.3588,1,0,0
-0.5178,-0.3064,0.8123,-3.229,-0.5115,-1.2519,1,0,0
-0.5176,-0.3359,0.8223,-4.8321,-0.1221,-1.2672,1,0,0
-0.5073,-0.3633,0.8362,-3.313,1.2214,-0.5954,1,0,0
-0.5027,-0.3513,0.8428,-1.2901,3.2214,2.2214,1,0,0
-0.4976,-0.3323,0.8508,-1.1679,6.3282,4.0916,1,0,0
-0.4963,-0.3257,0.8733,-3.6718,10.6718,4.8626,1,0,0
-0.4919,-0.3159,0.8794,-8.7252,15.687,5.7786,1,0,0
-0.4866,-0.334,0.8906,-14.0382,23.0229,7.5496,1,0,0
-0.4961,-0.3413,0.9058,-17.7328,30.3435,8.7252,1,0,0
-0.5037,-0.3433,0.895,-22.2061,37.0229,11.4962,1,0,0
-0.5117,-0.3557,0.8806,-25.2595,42.6794,14.0458,1,0,0
-0.5,-0.3604,0.8796,-29.6412,47.8397,18.4275,1,0,0
-0.5391,-0.3713,0.832,-31.1756,52.3511,23.4198,1,0,0
-0.5659,-0.3767,0.7876,-31.5344,52.6947,25.8473,1,0,0
-0.5952,-0.3528,0.7563,-28.5191,49.0076,23.6641,1,0,0
-0.6055,-0.3318,0.7195,-25.3817,43.2748,18.5191,1,0,0
-0.5762,-0.3345,0.7219,-24.7099,42.2214,20.916,1,0,0
-0.6436,-0.334,0.6938,-25.2901,41.3359,14.9313,1,0,0
-0.6807,-0.3525,0.6807,-20.9008,31.5954,12.5954,1,0,0
-0.625,-0.3242,0.6519,-18.0229,28.2214,11.3664,1,0,0
-0.6602,-0.3057,0.6411,-16.4046,21.4122,9.4504,1,0,0
-0.655,-0.2874,0.6323,-15.7939,14.9847,9.9313,1,0,0
-0.6467,-0.271,0.6184,-15.9847,9.4198,5.9389,1,0,0
-0.679,-0.2896,0.6267,-13.771,1.3359,0.7634,1,0,0
-0.6697,-0.2964,0.6204,-10.8397,-6.9313,-3.7557,1,0,0
-0.6465,-0.2949,0.6279,-8.8168,-14.2366,-6.9924,1,0,0
-0.6304,-0.2769,0.6641,-9.5802,-17.7176,-9.8244,1,0,0
-0.6094,-0.3262,0.6604,-12.1221,-19.8168,-12.229,1,0,0
-0.5991,-0.3772,0.6831,-9.9771,-19.6031,-11.8244,1,0,0
-0.6089,-0.3601,0.7178,-8.2519,-18.687,-11.6565,1,0,0
-0.6064,-0.376,0.7163,-8.626,-17.2824,-8.1527,1,0,0
-0.6006,-0.3977,0.7292,-6.5038,-16.4885,-5.9542,1,0,0
-0.5925,-0.4172,0.7478,-2.5573,-14.626,-4.0229,1,0,0
-0.5959,-0.4124,0.7449,1.8321,-13.1221,-3.5115,1,0,0
-0.5994,-0.3997,0.7356,5.2595,-13.0458,-3.4351,1,0,0
-0.5986,-0.3828,0.7402,5.6412,-13.5954,-2.5954,1,0,0
-0.594,-0.366,0.7571,3.7863,-14.0916,-2.0,0,0,0
-0.5769,-0.3682,0.7683,-0.0534,-12.6031,-0.7634,0,0,0
-0.575,-0.3552,0.7866,-4.2672,-9.6336,-0.374,0,0,0
-0.583,-0.3767,0.7839,-6.4122,-6.2901,-1.542,0,0,0
-0.5833,-0.3906,0.7695,-4.9618,-5.145,-0.9084,0,0,0
-0.5935,-0.3728,0.7625,-3.3511,-5.0305,-0.6412,0,0,0
-0.5928,-0.3718,0.7512,-3.0305,-5.4656,-0.4122,0,0,0
-0.5864,-0.3721,0.7512,-1.0382,-5.771,1.3206,0,0,0
-0.5874,-0.3538,0.7461,0.1145,-6.5725,0.9313,0,0,0
-0.585,-0.3325,0.7502,-1.2061,-5.7176,0.1679,0,0,0
-0.582,-0.3311,0.7546,-3.0305,-5.2595,-0.3969,0,0,0
-0.5879,-0.3308,0.749,-5.0305,-4.4656,-1.0458,0,0,0
-0.5881,-0.3472,0.7378,-5.8321,-5.084,-1.916,0,0,0
-0.5859,-0.3584,0.7417,-5.0,-5.8626,-1.9618,0,0,0
-0.5942,-0.3655,0.7427,-3.8702,-7.0916,-1.6489,0,0,0
-0.5842,-0.3708,0.7522,-1.4885,-8.0687,-1.771,0,0,0
-0.5674,-0.3726,0.7625,0.5496,-6.4885,-2.1298,0,0,0
-0.5562,-0.3921,0.7898,2.313,-2.084,-0.542,0,0,0
-0.5537,-0.3845,0.7927,3.0992,3.145,2.1756,0,0,0
-0.5691,-0.3811,0.7759,3.7328,6.9008,3.9389,0,0,0
-0.5867,-0.3757,0.7573,4.7634,7.0763,5.1679,0,0,0
-0.5852,-0.3645,0.7625,3.5649,6.4122,5.1527,0,0,0
-0.5752,-0.397,0.7786,3.8092,7.0534,6.8321,0,0,0
-0.5659,-0.3665,0.7876,2.6412,9.8473,10.5649,0,0,0
-0.5696,-0.345,0.7937,-0.5878,12.5725,12.8244,0,0,0
-0.5857,-0.3274,0.7676,-4.6336,13.8702,12.084,0,0,0
-0.5881,-0.3506,0.7754,-9.2519,14.0305,10.3435,0,0,0
-0.5862,-0.364,0.7791,-11.1527,16.5114,10.7405,0,0,0
-0.5957,-0.394,0.7888,-8.6489,18.626,10.9466,0,0,0
-0.5955,-0.3801,0.7708,-4.2214,20.2901,11.6336,0,0,0
-0.6147,-0.3484,0.7366,-0.8779,19.8626,9.9466,0,0,0
-0.6309,-0.3274,0.6948,0.3435,16.9389,7.2595,1,0,0
-0.6348,-0.3145,0.6838,-0.5191,12.6031,3.8626,1,0,0
-0.6067,-0.343,0.7026,-1.9466,11.3893,0.9389,1,0,0
-0.6362,-0.301,0.6987,-3.9008,10.5115,3.5267,1,0,0
-0.615,-0.3108,0.6987,-6.1298,8.4046,2.2443,1,0,0
-0.6172,-0.3181,0.6973,-6.7328,8.1527,2.916,1,0,0
-0.6367,-0.3149,0.6919,-7.145,6.6641,0.7252,1,0,0
-0.6375,-0.3242,0.686,-6.4962,3.8473,-0.3664,1,0,0
-0.6348,-0.3252,0.6953,-6.4046,1.3893,-2.2977,1,0,0
-0.6318,-0.3345,0.6902,-6.374,-0.855,-3.7252,1,0,0
-0.6257,-0.3391,0.6956,-6.9618,-2.8397,-4.1298,1,0,0
-0.6094,-0.3513,0.7219,-8.3282,-1.9924,-2.7481,1,0,0
-0.6143,-0.3506,0.7273,-7.9237,0.2061,-2.9313,1,0,0
-0.6196,-0.386,0.7102,-6.3969,0.5878,-2.2977,1,0,0
-0.6272,-0.3723,0.7041,-4.2061,-1.0763,-1.6947,1,0,0
-0.635,-0.3625,0.7036,-3.3511,-3.0,-1.916,1,0,0
-0.6323,-0.3782,0.7126,-3.4656,-4.8626,-1.2748,1,0,0
-0.6104,-0.3679,0.717,-4.0076,-5.3817,1.3511,1,0,0
-0.6042,-0.3711,0.7295,-5.458,-4.8855,2.7481,1,0,0
-0.6077,-0.3633,0.7375,-6.8702,-3.0229,3.9695,1,0,0
-0.613,-0.3589,0.7393,-8.145,-1.4733,3.4962,1,0,0
-0.627,-0.3525,0.7217,-9.2214,-1.2901,2.1832,1,0,0
-0.6238,-0.3547,0.7222,-10.3282,-1.8244,1.6107,1,0,0
-0.6262,-0.3643,0.7161,-9.3282,-2.1298,1.2672,1,0,0
-0.6152,-0.3699,0.717,-7.1603,-2.6947,2.0611,1,0,0
-0.6174,-0.3586,0.7251,-5.1756,-1.916,1.8244,1,0,0
-0.6196,-0.3696,0.7268,-2.7252,-1.1756,1.9695,1,0,0
-0.6196,-0.356,0.7236,0.7481,-0.5725,1.9084,1,0,0
-0.6233,-0.3254,0.717,1.8321,-0.8702,0.4809,1,0,0
-0.6191,-0.3208,0.7217,0.4275,-1.0687,-0.2595,1,0,0
-0.6189,-0.3191,0.7214,-0.5649,-1.1985,-0.5038,1,0,0
-0.6248,-0.3325,0.7295,-2.6031,-0.8779,-1.458,1,0,0
-0.616,-0.3416,0.7275,-3.2901,-0.1908,-1.2595,1,0,0
-0.6218,-0.3452,0.7192,-3.7557,-0.1679,-1.4733,1,0,0
-0.6145,-0.3625,0.7314,-4.4198,-0.3282,-1.9389,1,0,0
-0.6121,-0.3848,0.7324,-3.5038,1.3511,-1.3664,1,0,0
-0.6155,-0.387,0.7327,-1.5573,2.229,-0.0153,1,0,0
-0.6233,-0.3696,0.7146,-0.0458,1.9389,0.1374,1,0,0
-0.6274,-0.3562,0.7085,0.1374,0.8397,-1.1221,1,0,0
-0.6304,-0.3569,0.6968,-0.2824,-1.4122,-1.855,1,0,0
-0.6299,-0.3582,0.7019,-1.0458,-3.0,-2.0992,1,0,0
-0.6294,-0.363,0.7009,-0.7023,-4.1603,-1.855,1,0,0
-0.6213,-0.364,0.7012,0.2901,-5.8931,-2.1527,1,0,0
-0.6223,-0.353,0.6992,1.0763,-7.0916,-2.5649,1,0,0
-0.6213,-0.345,0.7065,1.5191,-8.4962,-3.0687,1,0,0
-0.6306,-0.342,0.6968,1.1069,-10.4885,-4.0382,1,0,0
-0.6311,-0.3315,0.698,0.9542,-13.2595,-4.7252,1,0,0
-0.6223,-0.3413,0.7007,1.3511,-15.9847,-7.0763,1,0,0
-0.6184,-0.3472,0.7021,3.3206,-17.5191,-8.5267,1,0,0
-0.6099,-0.3384,0.72,3.6565,-18.2443,-9.1298,1,0,0
-0.5989,-0.342,0.73,4.4962,-17.7939,-9.9237,1,0,0
-0.6047,-0.344,0.7168,5.626,-17.8321,-11.3588,1,0,0
-0.6057,-0.345,0.72,7.4046,-18.9008,-12.8168,1,0,0
-0.5952,-0.3545,0.7397,8.9695,-20.145,-14.8397,1,0,0
-0.5801,-0.3403,0.7551,8.8702,-18.9237,-14.6412,1,0,0
-0.5669,-0.3611,0.7803,8.2137,-15.2824,-12.2443,1,0,0
-0.5725,-0.3528,0.7747,10.3359,-12.313,-8.855,1,0,0
-0.5771,-0.3584,0.7615,10.7939,-10.7252,-7.9618,1,0,0
-0.5818,-0.323,0.7563,7.8626,-11.1603,-9.3664,1,0,0
-0.5767,-0.3542,0.76,6.374,-11.0076,-9.7252,1,0,0
-0.5747,-0.3809,0.7712,7.1985,-10.9389,-8.8473,1,0,0
-0.5564,-0.3733,0.7837,9.3282,-9.2901,-7.9008,1,0,0
-0.563,-0.3691,0.7837,11.6107,-7.1527,-8.7252,1,0,0
-0.5657,-0.3801,0.7805,13.2595,-5.229,-9.2214,1,0,0
-0.5576,-0.3462,0.7847,12.4962,-2.7863,-8.8473,1,0,0
-0.5662,-0.3257,0.7783,7.1069,-1.916,-7.1069,1,0,0
-0.5713,-0.3479,0.7727,3.1832,-2.3588,-7.6641,1,0,0
-0.5632,-0.3652,0.7808,0.5496,-2.0382,-6.2824,1,0,0
-0.5508,-0.3955,0.7786,0.542,-1.0458,-3.771,1,0,0
-0.5669,-0.385,0.7749,2.9618,-0.5267,-0.7786,1,0,0
-0.5657,-0.3633,0.7773,3.7099,-0.6641,0.2061,1,0,0
-0.5601,-0.3589,0.7703,3.4122,0.0611,0.626,1,0,0
-0.5684,-0.3721,0.7698,3.7023,-0.3969,1.6336,1,0,0
-0.5718,-0.3528,0.7693,4.1756,-0.6107,1.8473,1,0,0
-0.5588,-0.3406,0.7734,2.4504,-0.0153,1.5802,1,0,0
-0.5588,-0.3394,0.7695,0.1374,0.9466,0.9237,1,0,0
-0.5662,-0.3574,0.7778,0.1145,1.0534,1.1908,1,0,0
-0.5693,-0.3601,0.7712,0.8092,1.7557,1.6183,1,0,0
-0.5747,-0.3569,0.7651,2.6794,1.313,2.1908,1,0,0
-0.5718,-0.3501,0.7617,3.855,0.1603,3.1298,1,0,0
-0.5647,-0.3337,0.7539,4.7023,-0.4351,2.8321,1,0,0
-0.5703,-0.3203,0.7595,2.9847,-0.9847,1.5725,1,0,0
-0.5715,-0.3091,0.7578,-0.2061,-1.4504,0.4504,1,0,0
-0.5691,-0.3027,0.7617,-4.5344,-2.0153,-0.8244,1,0,0
-0.5669,-0.3081,0.7686,-8.2824,-2.0229,-1.5954,1,0,0
-0.5732,-0.3286,0.7712,-10.7939,-2.2748,-2.313,1,0,0
-0.5728,-0.3411,0.7705,-11.2824,-2.6641,-2.9313,1,0,0
-0.5566,-0.3616,0.7959,-10.771,-0.7481,-3.5115,1,0,0
-0.5452,-0.4094,0.8135,-7.4198,3.2443,-2.0382,1,0,0
-0.54,-0.4019,0.8123,-1.2519,8.5191,2.7023,1,0,0
-0.5615,-0.3657,0.7791,4.1679,12.374,3.7557,1,0,0
-0.5796,-0.3335,0.7563,5.3511,11.1756,2.6489,1,0,0
-0.5942,-0.3213,0.7417,3.9847,8.3206,1.1603,1,0,0
-0.5967,-0.3362,0.7329,3.4962,4.0,-0.2672,1,0,0
-0.5959,-0.3318,0.7256,0.8473,0.0458,-0.1756,1,0,0
-0.5938,-0.3201,0.7317,-1.6183,-3.7863,-1.0305,1,0,0
-0.5815,-0.3303,0.738,-4.5878,-5.4885,-1.3282,1,0,0
-0.5667,-0.3372,0.761,-5.8779,-5.3053,-1.3664,1,0,0
-0.5569,-0.3496,0.7808,-5.9847,-3.5649,-1.7099,1,0,0
-0.5615,-0.356,0.7749,-4.9466,-1.3282,-1.3359,1,0,0
-0.5725,-0.3535,0.7756,-4.5344,-0.7863,-2.0382,1,0,0
-0.5774,-0.3389,0.7627,-5.1908,-1.0305,-2.6183,1,0,0
-0.5771,-0.3425,0.7661,-6.542,-2.4733,-2.6565,1,0,0
-0.572,-0.3352,0.781,-7.8931,-2.8855,-3.7557,1,0,0
-0.5681,-0.3369,0.7817,-8.3511,-2.0153,-5.8397,1,0,0
-0.563,-0.355,0.7649,-9.0305,-2.3511,-5.5725,1,0,0
-0.5642,-0.353,0.7747,-9.0305,-1.2977,-5.5878,1,0,0
-0.5706,-0.3599,0.7664,-7.3511,0.9466,-6.5115,1,0,0
-0.5728,-0.3799,0.7693,-3.8855,1.7405,-6.4885,1,0,0
-0.5679,-0.3665,0.7563,-0.771,1.4809,-4.5573,1,0,0
-0.5708,-0.3472,0.7422,0.2595,0.3969,-4.1527,1,0,0
-0.5767,-0.3496,0.7527,0.1603,-0.458,-3.6641,1,0,0
-0.5693,-0.3545,0.7478,-1.0534,-1.7481,-2.229,1,0,0
-0.5723,-0.3459,0.7544,-2.2061,-2.2672,-1.3588,1,0,0
-0.564,-0.3557,0.7581,-3.1908,-1.626,-1.8931,1,0,0
-0.5674,-0.3684,0.7644,-2.5878,-1.1985,-2.5573,1,0,0
-0.5608,-0.3674,0.7649,-0.9924,-0.6489,-1.8321,1,0,0
-0.5728,-0.3777,0.7673,0.5115,-0.2977,-1.8473,1,0,0
-0.5703,-0.3796,0.7603,2.1069,-0.8473,-0.7863,1,0,0
-0.5681,-0.3486,0.7673,1.8321,-0.8702,-0.8168,1,0,0
-0.5625,-0.3457,0.762,0.1221,-0.8244,-1.4046,1,0,0
-0.5645,-0.3511,0.7676,-0.5573,-0.3969,-1.9771,1,0,0
-0.5605,-0.355,0.7849,-1.9313,0.5191,-2.229,1,0,0
-0.5627,-0.3635,0.782,-2.7939,2.0611,-1.3206,1,0,0
-0.5686,-0.3643,0.78,-2.7328,3.1298,-1.145,1,0,0
-0.5645,-0.3596,0.7827,-2.7863,3.4275,-1.4962,1,0,0
-0.563,-0.3735,0.7769,-3.0916,4.7176,-0.8473,1,0,0
-0.5693,-0.3716,0.7668,-1.6565,5.4427,0.0916,1,0,0
-0.572,-0.3503,0.761,-1.1221,4.7786,-0.458,1,0,0
-0.5728,-0.3491,0.7534,-1.4046,3.8397,-1.2977,1,0,0
-0.5706,-0.3508,0.7661,-2.0763,2.9542,-1.5802,1,0,0
-0.5723,-0.3545,0.7637,-3.0763,2.9237,-0.8855,1,0,0
-0.5674,-0.3472,0.7686,-3.9542,4.1221,-1.1527,1,0,0
-0.5688,-0.3689,0.7837,-4.1985,5.8779,-1.4351,1,0,0
-0.5669,-0.3679,0.7722,-3.1069,7.0229,-0.8321,1,0,0
-0.573,-0.364,0.7637,-1.8779,7.771,-1.5878,1,0,0
-0.5798,-0.3684,0.7666,0.5191,7.7634,-2.4275,1,0,0
-0.5811,-0.3677,0.7534,2.7252,7.2824,-2.7099,1,0,0
-0.5806,-0.3564,0.7527,3.9084,6.9695,-2.8473,1,0,0
-0.5796,-0.3484,0.7542,3.8473,6.5038,-3.6183,1,0,0
-0.5771,-0.3503,0.7566,4.2366,6.8473,-3.6947,1,0,0
-0.575,-0.3486,0.7603,3.916,7.7023,-3.8702,1,0,0
-0.5691,-0.353,0.7664,2.9466,8.9542,-3.8092,1,0,0
-0.5796,-0.3503,0.7615,3.0534,10.374,-2.9771,1,0,0
-0.5845,-0.3621,0.7542,2.8473,10.4122,-2.4733,1,0,0
-0.6035,-0.3606,0.7437,1.7863,12.6489,-2.0,1,0,0
-0.5803,-0.3491,0.7502,3.1756,10.1374,-1.9084,1,0,0
-0.573,-0.3679,0.7661,4.7939,10.313,-1.626,1,0,0
-0.5747,-0.3337,0.7737,5.4504,12.6336,-2.0916,1,0,0
-0.5837,-0.3376,0.7603,4.1374,14.9389,-3.3893,1,0,0
-0.5957,-0.3438,0.7556,4.4351,15.9618,-4.9847,1,0,0
-0.5901,-0.332,0.7476,5.0534,16.8779,-7.6107,1,0,0
-0.5933,-0.3528,0.7439,7.4962,16.7863,-10.1145,1,0,0
-0.595,-0.3596,0.7415,9.3359,16.3817,-9.3435,1,0,0
-0.6091,-0.3599,0.7224,10.8473,16.4427,-7.9008,1,0,0
-0.6082,-0.3308,0.7246,10.9924,14.9771,-7.4351,1,0,0
-0.6179,-0.333,0.7141,11.8702,13.1298,-10.0153,1,0,0
-0.6079,-0.3245,0.7117,11.0916,11.3511,-11.7405,1,0,0
-0.6096,-0.3367,0.7136,9.7557,10.4351,-10.6336,1,0,0
-0.6228,-0.3545,0.7053,8.8321,9.0916,-9.2901,1,0,0
-0.603,-0.3533,0.7271,9.687,8.3435,-8.0229,1,0,0
-0.6099,-0.3428,0.7202,10.4962,7.9084,-8.687,1,0,0
-0.6182,-0.3315,0.7178,9.9237,7.374,-9.8397,1,0,0
-0.6155,-0.3271,0.7124,6.9466,6.3206,-8.9084,1,0,0
-0.6184,-0.3457,0.7109,3.3053,4.5802,-7.2366,1,0,0
-0.6128,-0.3564,0.7209,1.2214,3.2672,-5.5725,1,0,0
-0.6038,-0.3745,0.7356,2.3511,3.1069,-5.7176,1,0,0
-0.6069,-0.3608,0.7346,4.0229,3.626,-6.4809,1,0,0
-0.6116,-0.356,0.7324,4.1298,3.4427,-5.9084,1,0,0
-0.6143,-0.3599,0.7268,2.9771,2.313,-5.0,1,0,0
-0.6155,-0.3618,0.7219,1.0611,1.0382,-3.4962,1,0,0
-0.6184,-0.3604,0.7195,-0.1832,-0.5496,-1.7481,1,0,0
-0.6155,-0.3557,0.7205,-1.4733,-1.2214,-1.0153,1,0,0
-0.6062,-0.3481,0.7224,-2.0687,-1.4733,-1.5725,1,0,0
-0.606,-0.3574,0.7163,-1.2519,-1.2137,-2.0382,1,0,0
-0.615,-0.3508,0.7136,-0.4198,-2.084,-2.2595,1,0,0
-0.6108,-0.354,0.7175,0.1832,-2.8244,-1.5267,1,0,0
-0.6152,-0.3569,0.7217,0.1603,-3.5496,-0.229,1,0,0
-0.6145,-0.3455,0.7275,0.1069,-4.1069,0.9313,1,0,0
-0.6104,-0.3416,0.738,-0.855,-4.1908,1.4198,1,0,0
-0.6113,-0.3369,0.7375,-1.5038,-4.2061,1.0763,1,0,0
-0.6057,-0.3411,0.7505,-1.6107,-4.1221,1.0076,1,0,0
-0.6069,-0.3474,0.7473,-0.2214,-3.4809,0.6183,1,0,0
-0.6033,-0.3411,0.7498,0.313,-2.8092,-0.2519,1,0,0
-0.6008,-0.3364,0.7505,0.145,-2.1298,0.0382,1,0,0
-0.6001,-0.3391,0.7515,0.1603,-1.084,-0.4198,1,0,0
-0.6062,-0.3435,0.7463,1.4733,-0.7023,-0.7557,1,0,0
-0.6155,-0.3359,0.7375,2.0,-1.3817,-1.2214,1,0,0
-0.6167,-0.3347,0.7378,1.5802,-2.6718,-1.1221,1,0,0
-0.6182,-0.3411,0.7393,1.9695,-3.4733,-0.8092,1,0,0
-0.6084,-0.3582,0.7356,2.1908,-4.3359,1.0,1,0,0
-0.5972,-0.3538,0.7461,3.687,-4.0305,2.7252,1,0,0
-0.6084,-0.3455,0.7134,5.6718,-4.1069,2.3435,1,0,0
-0.5801,-0.3794,0.7424,7.7405,-2.1145,-1.8702,1,0,0
-0.6277,-0.2883,0.7361,6.7176,-1.542,-0.9237,1,0,0
-0.5981,-0.3196,0.7446,2.2366,-3.6565,-2.1756,1,0,0
-0.5967,-0.3193,0.7441,-0.855,-3.2214,-0.8321,1,0,0
-0.6003,-0.3235,0.7566,-4.1221,-3.3359,-2.3282,1,0,0
-0.6035,-0.3252,0.7622,-6.4885,-3.2061,-1.1221,1,0,0
-0.5942,-0.3311,0.7551,-8.3359,-2.916,-1.2977,1,0,0
-0.5942,-0.3396,0.752,-9.2672,-2.3435,-1.3893,1,0,0
-0.5886,-0.3689,0.7683,-7.9084,-0.1908,-1.3893,1,0,0
-0.5986,-0.363,0.7583,-4.0153,0.7252,-0.4809,1,0,0
-0.6057,-0.3408,0.748,-2.542,0.7557,-0.7099,1,0,0
-0.6089,-0.332,0.7432,-2.9847,0.3664,-0.9847,1,0,0
-0.6033,-0.324,0.7419,-4.2214,0.0992,-1.4122,1,0,0
-0.5991,-0.3286,0.7312,-5.4046,0.0229,-2.7557,1,0,0
-0.6025,-0.3235,0.7346,-7.0534,-0.6031,-2.6718,1,0,0
-0.6038,-0.3271,0.7434,-8.9313,-0.9618,-2.7405,1,0,0
-0.6011,-0.3389,0.7502,-9.0229,-0.1374,-3.1679,1,0,0
-0.5959,-0.354,0.7515,-7.9466,0.542,-2.5115,1,0,0
-0.5984,-0.3745,0.7563,-4.0534,1.1603,-1.4733,1,0,0
-0.6084,-0.3589,0.7373,-0.5725,1.0458,-0.7023,1,0,0
-0.6108,-0.3359,0.7317,-0.1221,-0.9618,-0.6565,1,0,0
-0.6069,-0.3318,0.7307,-1.0,-1.6336,-0.9466,1,0,0
-0.604,-0.325,0.719,-2.8931,-2.3206,-1.4962,1,0,0
-0.5989,-0.334,0.7146,-3.5344,-2.5725,-2.7481,1,0,0
-0.5928,-0.3455,0.7354,-3.0611,-2.229,-3.8015,1,0,0
-0.5981,-0.3589,0.7371,-2.0,-2.0534,-3.771,1,0,0
-0.5984,-0.3638,0.7356,0.9313,-1.3969,-3.0992,1,0,0
-0.5989,-0.3433,0.7429,1.3817,-1.4885,-3.458,1,0,0
-0.5964,-0.3401,0.7463,1.4122,-1.6718,-4.626,1,0,0
-0.6035,-0.3508,0.7424,2.0229,-1.8397,-4.4962,1,0,0
-0.6096,-0.343,0.741,1.7786,-3.374,-4.4733,1,0,0
-0.6025,-0.3384,0.7434,1.1298,-4.6107,-4.374,1,0,0
-0.5959,-0.3425,0.7429,1.0687,-4.7481,-5.0992,1,0,0
-0.5918,-0.3337,0.741,0.9924,-4.7328,-5.8626,1,0,0
-0.592,-0.3423,0.7505,1.0611,-4.4809,-7.0763,1,0,0
-0.5935,-0.3481,0.7463,2.0687,-3.9695,-5.7863,1,0,0
-0.5928,-0.3628,0.7454,2.6947,-4.1221,-4.5954,1,0,0
-0.5969,-0.3535,0.7458,3.9771,-4.1832,-3.6947,1,0,0
-0.595,-0.3413,0.749,4.3893,-5.0763,-3.8168,1,0,0
-0.5896,-0.3418,0.7532,3.1985,-5.0153,-4.0,1,0,0
-0.5796,-0.3413,0.7585,1.6412,-4.3969,-3.4198,1,0,0
-0.5774,-0.345,0.7698,-0.1985,-3.3969,-2.8092,1,0,0
-0.5859,-0.3523,0.7566,-1.6336,-2.4198,-2.6565,1,0,0
-0.5886,-0.3521,0.75,-1.9237,-2.5954,-2.8626,1,0,0
-0.5835,-0.3523,0.7493,-2.5496,-2.7252,-3.0458,1,0,0
-0.585,-0.3594,0.7532,-2.1756,-3.1603,-2.9924,1,0,0
-0.5835,-0.3525,0.7581,-0.0076,-2.9389,-4.8244,1,0,0
-0.5837,-0.3469,0.7517,1.9084,-2.6718,-6.4427,1,0,0
-0.5823,-0.3545,0.76,3.5038,-2.4885,-7.8931,1,0,0
-0.5847,-0.3567,0.7708,4.0076,-1.374,-6.6565,1,0,0
-0.5852,-0.3572,0.7732,2.7481,0.542,-3.8931,1,0,0
-0.5942,-0.3445,0.7468,1.0076,-0.0153,-0.6107,1,0,0
-0.5916,-0.3269,0.751,-1.5725,-1.9847,-0.3435,1,0,0
-0.5857,-0.3369,0.759,-4.2366,-2.9924,-0.7557,1,0,0
-0.584,-0.3523,0.7573,-4.3435,-3.3817,-0.458,1,0,0
-0.5769,-0.3579,0.7529,-3.771,-3.3893,-0.5725,1,0,0
-0.5684,-0.3643,0.7698,-2.0611,-1.771,-0.8015,1,0,0
-0.5693,-0.3733,0.7627,0.4962,0.626,-0.4733,1,0,0
-0.5842,-0.3611,0.7588,3.0458,1.7786,0.6794,1,0,0
-0.5913,-0.3455,0.7336,4.1756,0.2901,1.0382,1,0,0
-0.5906,-0.3416,0.7385,2.8015,-1.5878,-0.1221,1,0,0
-0.5862,-0.3398,0.7515,1.2366,-2.7328,0.9542,1,0,0
-0.5808,-0.3445,0.7476,-0.3511,-3.9466,1.6794,1,0,0
-0.5796,-0.3435,0.7688,-1.3511,-3.7099,2.1069,1,0,0
-0.5857,-0.3564,0.7595,-0.4275,-3.626,3.687,1,0,0
-0.5789,-0.345,0.7537,1.2824,-3.6794,3.6183,1,0,0
-0.5818,-0.3398,0.7607,1.8626,-3.1679,1.7939,1,0,0
-0.5967,-0.3625,0.7358,3.4427,-3.9771,2.3206,1,0,0
-0.5745,-0.375,0.7637,5.7023,-3.7252,0.1527,1,0,0
-0.6006,-0.3135,0.7554,4.6947,-3.7786,0.4656,1,0,0
-0.5769,-0.3259,0.7776,2.8473,-4.3511,0.1679,1,0,0
-0.5759,-0.3279,0.781,1.4962,-3.5496,0.3511,1,0,0
-0.575,-0.3301,0.7883,-0.0687,-3.0611,-0.9924,1,0,0
-0.5718,-0.3245,0.7813,-0.5115,-2.1069,-1.0382,1,0,0
-0.5703,-0.3198,0.781,-1.9618,-1.0611,-1.5802,1,0,0
-0.5708,-0.3159,0.7849,-5.1908,-0.1527,-2.0,1,0,0
-0.5742,-0.3215,0.7832,-8.8931,1.2443,-2.8168,1,0,0
-0.5786,-0.3313,0.7798,-11.5038,2.6031,-3.8626,1,0,0
-0.5762,-0.345,0.7761,-12.0076,2.9618,-4.0382,1,0,0
-0.5842,-0.3469,0.7549,-11.8702,2.2214,-3.8626,1,0,0
-0.585,-0.3367,0.7566,-11.1069,1.084,-4.4504,1,0,0
-0.5793,-0.353,0.749,-10.687,0.2748,-4.0992,1,0,0
-0.5896,-0.3384,0.7456,-10.4275,-0.2672,-4.2214,1,0,0
-0.5857,-0.3271,0.7441,-10.145,-0.1069,-5.7099,1,0,0
-0.5779,-0.3345,0.7427,-10.1985,-0.5496,-7.0763,1,0,0
-0.5774,-0.3379,0.7441,-11.2977,-0.8931,-7.0916,1,0,0
-0.5845,-0.3281,0.7581,-12.8397,-1.1069,-7.6565,1,0,0
-0.582,-0.325,0.759,-15.5954,-1.8168,-7.6183,1,0,0
-0.5889,-0.3201,0.7615,-19.6183,-2.4656,-8.0229,1,0,0
-0.5896,-0.3218,0.762,-23.542,-4.1221,-8.1145,1,0,0
-0.5896,-0.3088,0.7578,-28.687,-5.4122,-10.2366,1,0,0
-0.5835,-0.3186,0.7585,-34.4809,-6.4427,-12.374,1,0,0
-0.5718,-0.335,0.7637,-39.4733,-6.3359,-14.0763,1,0,0
-0.5669,-0.3606,0.77,-43.3893,-5.4809,-14.2748,1,0,0
-0.5635,-0.3896,0.7649,-44.8092,-4.6489,-14.0763,1,0,0
-0.5625,-0.427,0.7607,-43.3817,-3.7176,-13.771,1,0,0
-0.5522,-0.4417,0.7576,-39.3435,-2.374,-12.6718,1,0,0
-0.5498,-0.4575,0.7561,-33.4427,-0.626,-11.9008,0,0,0
-0.55,-0.4619,0.7483,-27.3435,1.229,-10.9313,0,0,0
-0.5469,-0.4502,0.7324,-22.4198,2.8092,-10.3588,0,0,0
-0.5552,-0.447,0.7241,-19.2519,4.458,-10.4198,0,0,0
-0.5654,-0.4492,0.7095,-17.4122,4.8244,-9.9008,0,0,0
-0.5613,-0.4553,0.6992,-15.8931,4.4122,-8.8473,0,0,0
-0.5696,-0.4634,0.6831,-13.6718,2.6412,-7.542,0,0,0
-0.5669,-0.4534,0.6833,-12.3053,0.5267,-5.6947,0,0,0
-0.5669,-0.4492,0.6841,-11.8626,-1.0992,-5.2901,0,0,0
-0.563,-0.4509,0.6914,-11.4962,-2.0687,-4.9771,0,0,0
-0.5586,-0.4529,0.6938,-11.0763,-2.8168,-4.2672,0,0,0
-0.5559,-0.4473,0.696,-10.7176,-2.3282,-4.5344,0,0,0
-0.551,-0.4729,0.7102,-9.3969,-2.0763,-4.374,0,0,0
-0.5527,-0.4712,0.7058,-6.6489,-1.4198,-4.1145,0,0,0
-0.5581,-0.4729,0.7051,-4.2519,-1.9466,-3.0382,0,0,0
-0.5576,-0.4631,0.7139,-2.6794,-2.0534,-2.1069,0,0,0
-0.5574,-0.4458,0.7124,-2.0687,-2.0534,-1.4504,0,0,0
-0.5583,-0.4475,0.719,-2.6031,-2.0763,-1.9771,0,0,0
-0.5583,-0.4426,0.7207,-2.626,-2.4198,-2.1832,0,0,0
-0.5635,-0.4473,0.7185,-3.1298,-2.9771,-2.5038,0,0,0
-0.5618,-0.4551,0.7158,-3.7328,-3.6565,-1.8321,0,0,0
-0.5566,-0.4463,0.7161,-3.3893,-3.7252,-1.3435,0,0,0
-0.552,-0.4551,0.7275,-3.9389,-3.6794,-1.8244,0,0,0
-0.5469,-0.4595,0.7246,-2.7939,-3.0916,-1.2443,0,0,0
-0.5471,-0.4495,0.7302,-2.7557,-1.4962,-1.3969,0,0,0
-0.553,-0.4478,0.7234,-3.0687,-1.4504,-1.5038,0,0,0
-0.5571,-0.4509,0.7268,-2.9695,-1.5725,-1.5725,0,0,0
-0.5554,-0.4504,0.7141,-2.8092,-1.771,-1.9771,0,0,0
-0.5574,-0.4614,0.7119,-2.8626,-2.3435,-2.2977,0,0,0
-0.5562,-0.4539,0.7112,-2.1069,-2.8855,-1.5954,0,0,0
-0.5535,-0.4465,0.7063,-2.0992,-3.9237,-1.4656,0,0,0
-0.5547,-0.4595,0.7231,-1.8168,-4.8931,-1.8168,0,0,0
-0.5513,-0.4714,0.7317,0.0153,-4.3282,-0.4962,0,0,0
-0.5466,-0.4619,0.7351,1.8473,-3.9924,0.2748,0,0,0
-0.5471,-0.4387,0.7537,1.1908,-3.4504,0.0611,0,0,0
-0.5391,-0.4338,0.7595,-0.2748,-2.2519,-0.1221,0,0,0
-0.5432,-0.4363,0.76,-2.2977,-0.0687,-1.2824,0,0,0
-0.5491,-0.4556,0.751,-2.5878,1.084,-1.3893,0,0,0
-0.5542,-0.4395,0.7441,-2.4962,1.4198,-1.0076,0,0,0
-0.5562,-0.4397,0.7292,-3.2595,1.0305,-2.3359,0,0,0
-0.5547,-0.4475,0.7234,-2.7557,0.4656,-2.8168,0,0,0
-0.5522,-0.4546,0.7151,-0.9542,0.0611,-2.8092,0,0,0
-0.5515,-0.4392,0.7102,-0.145,0.0458,-2.6031,0,0,0
-0.5496,-0.4358,0.7068,-1.1374,-0.2061,-2.8092,0,0,0
-0.5527,-0.437,0.7065,-1.8702,-0.2519,-2.8321,0,0,0
-0.55,-0.4409,0.7056,-2.8931,-0.458,-3.2443,0,0,0
-0.5574,-0.4497,0.6941,-2.855,-1.1374,-3.7099,0,0,0
-0.5522,-0.4556,0.7017,-1.5802,-1.9084,-3.4122,0,0,0
-0.5503,-0.4568,0.7017,-0.458,-2.3511,-3.3359,0,0,0
-0.5437,-0.4685,0.7048,0.4809,-3.0076,-3.0458,0,0,0
-0.5483,-0.4536,0.7144,0.8168,-2.458,-2.1679,0,0,0
-0.5513,-0.4602,0.7048,0.2137,-2.7939,-1.5344,0,0,0
-0.5474,-0.4619,0.7153,-0.4809,-3.4885,-1.4122,0,0,0
-0.5422,-0.4587,0.7229,-1.4275,-3.5878,-1.5115,0,0,0
-0.5452,-0.4722,0.7361,-1.8702,-3.7252,-1.7863,0,0,0
-0.5359,-0.4783,0.7427,-1.6183,-2.4733,-1.2214,0,0,0
-0.5396,-0.4834,0.7563,-1.0229,-1.229,-0.8397,0,0,0
-0.5369,-0.4753,0.7537,-0.374,0.2443,-0.1298,0,0,0
-0.5415,-0.4651,0.749,-0.5344,1.3893,0.1603,0,0,0
-0.543,-0.4636,0.7385,-0.7634,1.3588,0.229,0,0,0
-0.5513,-0.4519,0.7219,-1.8092,0.6031,0.0916,0,0,0
-0.5513,-0.4507,0.7209,-3.2748,-0.0992,0.3664,0,0,0
-0.5471,-0.4546,0.7246,-4.0916,-0.4962,0.1908,0,0,0
-0.5461,-0.4629,0.731,-3.2748,-0.7328,0.3206,0,0,0
-0.5447,-0.4617,0.7212,-2.1069,-0.9237,0.0763,0,0,0
-0.5496,-0.4604,0.7139,-1.1374,-1.3359,0.1985,0,0,0
-0.5518,-0.4602,0.7144,0.0229,-2.0992,0.2519,0,0,0
-0.5483,-0.4463,0.7117,-0.3588,-2.7634,0.0229,0,0,0
-0.5422,-0.4502,0.7195,-1.229,-2.8092,0.6947,0,0,0
-0.5464,-0.4487,0.729,-2.0,-2.4733,0.8015,0,0,0
-0.5447,-0.4504,0.7275,-2.6412,-2.0763,1.084,0,0,0
-0.542,-0.4548,0.7266,-3.0687,-2.2061,0.8626,0,0,0
-0.5508,-0.4585,0.7168,-2.4809,-2.8092,1.084,0,0,0
-0.55,-0.4602,0.7168,-2.1069,-3.3588,1.4046,0,0,0
-0.5479,-0.4609,0.719,-1.0458,-4.1527,1.8931,0,0,0
-0.5503,-0.4556,0.718,-1.0763,-4.9389,3.8092,0,0,0
-0.5447,-0.447,0.7319,-2.084,-5.0229,5.6107,0,0,0
-0.5447,-0.446,0.7183,-3.5802,-5.6107,7.229,0,0,0
-0.5476,-0.4451,0.729,-5.7786,-6.458,7.9008,0,0,0
-0.5481,-0.4514,0.7156,-7.7099,-7.4733,9.4046,0,0,0
-0.5435,-0.4614,0.7229,-9.7863,-8.1985,11.8244,0,0,0
-0.5488,-0.4561,0.7307,-9.1221,-8.6565,11.0458,0,0,0
-0.5364,-0.4592,0.7295,-8.0,-7.6947,8.3588,0,0,0
-0.5315,-0.4543,0.7354,-6.3664,-6.2672,6.7481,0,0,0
-0.5383,-0.4531,0.7341,-6.1603,-4.9924,6.9695,0,0,0
-0.5474,-0.4585,0.7285,-6.6107,-4.771,7.3435,0,0,0
-0.551,-0.4561,0.7251,-6.4809,-4.8244,7.9313,0,0,0
-0.5811,-0.467,0.7134,-6.916,-4.9542,8.542,0,0,0
-0.4363,-0.4331,0.7283,-6.3359,-9.1374,10.9695,0,0,0
-0.5615,-0.4346,0.7151,-7.7023,-10.3435,11.0763,0,0,0
-0.5454,-0.4463,0.7219,-9.0687,-11.2901,11.5802,0,0,0
-0.5459,-0.438,0.7283,-10.1985,-11.5191,11.3435,0,0,0
-0.5391,-0.4431,0.731,-12.771,-11.7176,13.5115,0,0,0
-0.5488,-0.49,0.7214,-13.0916,-12.7405,16.0763,0,0,0
-0.532,-0.4641,0.7358,-10.1908,-13.3817,16.4046,0,0,0
-0.5276,-0.4238,0.7429,-7.7405,-12.0916,13.4733,0,0,0
-0.5337,-0.4395,0.7451,-7.626,-9.0076,9.8626,0,0,0
-0.5247,-0.4358,0.7532,-6.0382,-6.4275,6.1756,0,0,0
-0.5369,-0.429,0.7542,-4.9695,-4.1221,3.3053,0,0,0
-0.5386,-0.4568,0.7422,-3.1145,-3.5344,2.771,0,0,0
-0.5447,-0.4397,0.7402,-1.5649,-3.626,3.3893,0,0,0
-0.5405,-0.4314,0.7388,-2.9389,-3.8779,4.4809,0,0,0
-0.551,-0.427,0.7307,-4.1908,-4.7634,5.3893,0,0,0
-0.5532,-0.4231,0.7334,-6.8092,-6.1374,6.4962,0,0,0
-0.541,-0.4163,0.7209,-10.6107,-7.4656,9.1221,0,0,0
-0.5618,-0.4526,0.7017,-12.8931,-10.2366,11.1756,0,0,0
-0.5388,-0.4492,0.7263,-11.8168,-13.2214,10.5344,0,0,0
-0.5142,-0.4446,0.7485,-9.6641,-11.1908,7.1145,0,0,0
-0.5232,-0.4329,0.7642,-8.3053,-7.6336,3.9008,0,0,0
-0.5249,-0.4441,0.7507,-7.8626,-4.4885,1.7863,0,0,0
-0.5339,-0.4575,0.7373,-6.2901,-2.7557,1.4733,0,0,0
-0.5486,-0.4519,0.7195,-5.2748,-3.1679,2.2366,0,0,0
-0.5505,-0.4634,0.7202,-5.5573,-5.145,3.1908,0,0,0
-0.5469,-0.4548,0.7183,-5.8855,-6.626,5.2748,0,0,0
-0.5374,-0.4575,0.7292,-6.0687,-7.855,6.9771,0,0,0
-0.5269,-0.4319,0.752,-5.626,-7.1985,5.8092,0,0,0
-0.5203,-0.4221,0.7544,-5.2824,-4.4885,2.0458,0,0,0
-0.5178,-0.4304,0.7576,-4.5878,-2.2748,-1.9924,0,0,0
-0.5256,-0.4404,0.7466,-2.8168,0.084,-3.7176,0,0,0
-0.5239,-0.459,0.759,-0.8855,1.9466,-4.1832,0,0,0
-0.5195,-0.4583,0.7798,2.2214,4.6336,-3.6412,0,0,0
-0.5247,-0.4441,0.7744,4.9313,7.2519,-2.9542,0,0,0
-0.5359,-0.4263,0.7676,6.1603,8.687,-2.9695,0,0,0
-0.5444,-0.4263,0.7529,6.084,9.4809,-3.916,0,0,0
-0.54,-0.4209,0.7573,4.4885,9.5344,-3.8092,0,0,0
-0.5454,-0.4263,0.7539,2.7557,9.4275,-4.2137,0,0,0
-0.54,-0.4346,0.7629,0.771,10.6336,-3.6794,0,0,0
-0.5454,-0.4338,0.749,-0.2366,10.9237,-2.7099,0,0,0
-0.5427,-0.4436,0.7444,-1.916,10.4962,-1.8473,0,0,0
-0.542,-0.4426,0.7239,-3.1374,10.3053,-1.7099,0,0,0
-0.5564,-0.4521,0.7136,-4.084,8.6947,-1.2824,0,0,0
-0.5466,-0.4663,0.7156,-3.6641,7.3664,-0.0916,0,0,0
-0.5469,-0.4644,0.7107,-3.229,6.855,0.5802,0,0,0
-0.5535,-0.4617,0.7043,-3.3206,6.2901,1.3817,0,0,0
-0.5569,-0.4563,0.7073,-3.687,5.2366,1.5038,0,0,0
-0.55,-0.4553,0.7144,-3.9008,4.7176,0.9542,0,0,0
-0.5498,-0.4614,0.7068,-2.8473,3.7099,0.0305,0,0,0
-0.562,-0.4568,0.7083,-2.0076,2.7176,-0.7786,0,0,0
-0.5574,-0.4561,0.7102,-1.2748,2.0382,-0.6031,0,0,0
-0.5481,-0.4631,0.7183,0.0611,2.313,-0.3969,0,0,0
-0.5457,-0.4661,0.72,1.7939,3.0305,-0.3511,0,0,0
-0.5396,-0.4509,0.7256,3.6565,4.3664,-0.2137,0,0,0
-0.5569,-0.4475,0.7383,4.313,5.3817,0.0458,0,0,0
-0.562,-0.4377,0.7314,3.9084,6.0229,-0.0382,0,0,0
-0.5581,-0.4331,0.7297,4.0458,5.1908,0.4962,0,0,0
-0.5583,-0.4202,0.7241,2.5878,5.2748,0.2366,0,0,0
-0.5657,-0.4297,0.7271,1.9237,4.7939,-0.4656,0,0,0
-0.5579,-0.4185,0.7229,1.5496,4.5954,-1.5954,0,0,0
-0.561,-0.4236,0.729,1.0153,5.4504,-2.8321,0,0,0
-0.5698,-0.4355,0.7214,1.7328,5.5573,-3.7481,0,0,0
-0.5674,-0.4463,0.7266,3.1374,4.7939,-3.5038,0,0,0
-0.5615,-0.4541,0.7346,4.8015,3.8473,-2.0611,0,0,0
-0.5566,-0.4429,0.7307,5.5649,4.9008,-0.4275,0,0,0
-0.5493,-0.4329,0.7476,3.9389,6.0153,0.7634,0,0,0
-0.5525,-0.4319,0.751,2.3588,7.9695,1.2443,0,0,0
-0.5623,-0.4355,0.7415,0.2519,9.4275,0.5725,0,0,0
-0.5745,-0.4351,0.7351,-1.7405,9.3359,-0.2901,0,0,0
-0.575,-0.4375,0.7202,-2.1374,8.145,-0.7023,0,0,0
-0.5718,-0.4441,0.7153,-1.9542,7.0687,-1.0611,0,0,0
-0.5652,-0.4543,0.7114,0.0458,7.0,-0.9618,0,0,0
-0.5681,-0.4563,0.7114,3.1985,7.2901,-1.4275,0,0,0
-0.5676,-0.4309,0.709,4.5038,8.2824,-1.6794,0,0,0
-0.5752,-0.4265,0.697,4.5878,7.9924,-2.2748,0,0,0
-0.5957,-0.4287,0.6809,4.4275,6.2901,-2.6565,0,0,0
-0.5854,-0.4385,0.686,4.542,3.6183,-2.0458,0,0,0
-0.5842,-0.4226,0.6995,5.1908,2.3969,-2.7252,0,0,0
-0.5725,-0.4377,0.7163,5.8244,1.3511,-2.7557,0,0,0
-0.5591,-0.4294,0.7253,8.3969,2.5038,-3.626,0,0,0
-0.5637,-0.415,0.729,11.1603,4.1832,-8.4351,0,0,0
-0.5635,-0.3989,0.7385,11.8015,6.3969,-11.1603,0,0,0
-0.5696,-0.4268,0.7371,11.2901,8.313,-11.1298,0,0,0
-0.5857,-0.4143,0.7231,10.2595,8.2137,-9.5954,0,0,0
-0.5896,-0.4111,0.7244,7.6565,5.8779,-8.0687,0,0,0
-0.5852,-0.3962,0.7129,2.7328,4.4885,-6.0458,0,0,0
-0.585,-0.4128,0.7087,-0.9771,2.2519,-4.145,0,0,0
-0.585,-0.4194,0.7117,-3.6031,0.4046,-3.0382,0,0,0
-0.5701,-0.4294,0.7102,-4.3282,-0.1832,-3.2443,0,0,0
-0.572,-0.4509,0.7141,-1.5115,-0.0458,-3.8473,0,0,0
-0.5669,-0.458,0.709,2.1679,0.5802,-4.2672,0,0,0
-0.5679,-0.439,0.7117,6.0153,1.626,-5.3588,0,0,0
-0.5735,-0.4333,0.697,8.5954,1.7557,-6.687,0,0,0
-0.5784,-0.4287,0.7007,8.5725,1.0305,-6.9771,0,0,0
-0.583,-0.4182,0.6968,5.6183,0.6107,-4.9542,0,0,0
-0.5889,-0.4263,0.7041,2.5038,-1.5802,-3.9618,0,0,0
-0.583,-0.4255,0.7058,-0.1679,-3.3588,-2.9924,0,0,0
-0.5723,-0.4355,0.7214,-2.3359,-4.3893,-2.0611,0,0,0
-0.5647,-0.439,0.7375,-3.5725,-3.8855,-0.9542,0,0,0
-0.5652,-0.4487,0.7439,-3.458,-2.7481,-0.374,0,0,0
-0.5654,-0.4583,0.7385,-1.9542,-2.1145,-0.0229,0,0,0
-0.5605,-0.4614,0.7375,0.6183,-0.855,0.2748,0,0,0
-0.5679,-0.4436,0.7268,2.9542,0.0458,1.0763,0,0,0
-0.574,-0.418,0.7178,2.5878,-0.5267,1.2595,0,0,0
-0.5737,-0.4067,0.7097,-0.1069,-1.0992,0.7176,0,0,0
-0.5757,-0.4043,0.7075,-2.8626,-1.5344,0.7252,0,0,0
-0.5676,-0.4121,0.7026,-4.8244,-1.9389,0.7481,0,0,0
-0.571,-0.4111,0.719,-5.8626,-1.9389,0.3588,0,0,0
-0.5732,-0.4316,0.7229,-4.9084,-1.3511,-0.1527,0,0,0
-0.5732,-0.4521,0.7222,-0.771,-0.6947,-0.3053,0,0,0
-0.5789,-0.4304,0.7139,1.9695,-1.2901,0.145,0,0,0
-0.5732,-0.4124,0.7239,2.9695,-1.374,-0.0763,0,0,0
-0.5669,-0.418,0.7278,2.5954,-1.6947,0.4351,0,0,0
-0.5823,-0.4124,0.7292,1.9542,-1.9695,1.1908,0,0,0
-0.5767,-0.4128,0.7317,0.5649,-3.0382,2.0458,0,0,0
-0.5762,-0.4124,0.731,-0.3664,-3.4046,1.313,0,0,0
-0.5696,-0.4182,0.7402,-1.6489,-3.5267,0.9084,0,0,0
-0.5613,-0.4329,0.7585,-1.5038,-1.771,0.5573,0,0,0
-0.5679,-0.4309,0.7437,0.6947,0.5115,0.6336,0,0,0
-0.5723,-0.4153,0.7361,0.6947,0.7481,0.8626,0,0,0
-0.5808,-0.4343,0.7251,1.8168,1.0382,-1.374,0,0,0
-0.583,-0.4204,0.7061,2.2519,-0.0229,-1.8244,1,0,0
-0.5908,-0.3662,0.7112,0.6947,-0.1221,-5.084,1,0,0
-0.5491,-0.4858,0.7134,2.5115,-0.4504,-5.0,1,0,0
-0.5771,-0.3945,0.7056,1.7252,-1.6107,-3.1374,1,0,0
-0.5547,-0.4241,0.7146,0.9389,-2.6107,-3.7176,1,0,0
-0.571,-0.3999,0.7144,-0.9389,-2.1832,-2.5954,1,0,0
-0.5618,-0.4058,0.7212,-5.0305,-2.4962,-3.2595,1,0,0
-0.5591,-0.408,0.7322,-8.1298,-2.3893,-2.8015,1,0,0
-0.5569,-0.4028,0.741,-11.6565,-2.9618,-2.084,1,0,0
-0.5605,-0.4167,0.7437,-15.2137,-3.5878,-1.3359,1,0,0
-0.5637,-0.4116,0.7532,-16.9542,-2.6565,-3.0687,1,0,0
-0.5635,-0.4719,0.7515,-15.5573,0.3969,-3.3435,1,0,0
-0.5576,-0.5002,0.7507,-9.6031,3.1069,-1.6031,1,0,0
-0.5735,-0.4712,0.7275,-3.687,3.687,-0.5038,1,0,0
-0.5825,-0.4309,0.709,-1.5267,2.5115,-0.7328,1,0,0
-0.5771,-0.4114,0.7048,-2.4275,0.9847,-1.2443,1,0,0
-0.5696,-0.4121,0.7046,-4.458,0.5115,-1.8168,1,0,0
-0.5679,-0.4221,0.708,-5.6641,0.626,-2.3359,1,0,0
-0.5759,-0.4229,0.7087,-6.2824,-0.1985,-2.5878,1,0,0
-0.5737,-0.4329,0.7134,-6.2366,-1.8855,-1.8779,1,0,0
-0.5732,-0.4451,0.7144,-5.1908,-2.458,-1.2366,1,0,0
-0.5757,-0.4426,0.7207,-2.6565,-2.1908,-0.5954,1,0,0
-0.5688,-0.4443,0.7185,-1.3359,-2.229,-0.7252,0,0,0
-0.5605,-0.4434,0.7273,-0.5496,-1.3969,-0.7099,0,0,0
-0.5645,-0.4309,0.7266,-0.7939,-0.2366,-0.3359,0,0,0
-0.5662,-0.4204,0.7227,-2.0076,0.0229,-0.8626,0,0,0
-0.5657,-0.4265,0.7212,-3.7328,-0.3206,-1.0153,0,0,0
-0.5693,-0.4302,0.7236,-4.2214,-0.6641,-0.7939,0,0,0
-0.5742,-0.4414,0.7258,-3.8626,-0.7405,-1.2672,0,0,0
-0.5691,-0.4355,0.7124,-3.1603,-1.3053,-0.7786,0,0,0
-0.5728,-0.4209,0.7051,-3.7023,-2.1374,-0.8168,0,0,0
-0.5667,-0.4338,0.7295,-4.4198,-2.9618,-1.4122,0,0,0
-0.5588,-0.448,0.7319,-4.2443,-2.0153,-1.229,0,0,0
-0.5662,-0.468,0.7253,-1.2901,-1.855,0.2748,0,0,0
-0.5728,-0.4338,0.7087,0.5649,-2.5344,0.229,0,0,0
-0.5649,-0.4231,0.7019,0.1756,-3.5954,-0.7786,0,0,0
-0.561,-0.4309,0.7124,-0.8015,-4.1069,-0.7939,0,0,0
-0.5625,-0.4268,0.728,-2.0305,-2.6412,-0.4962,0,0,0
-0.5554,-0.4409,0.7188,-2.5038,-1.9695,-0.5649,0,0,0
-0.5613,-0.429,0.7141,-2.6183,-2.0382,-0.6336,0,0,0
-0.5654,-0.426,0.7222,-3.5649,-2.5191,-1.2443,0,0,0
-0.5642,-0.4277,0.7239,-4.3282,-2.5115,-2.1069,0,0,0
-0.5627,-0.4451,0.7295,-4.458,-2.6031,-2.6718,0,0,0
-0.5652,-0.4604,0.7273,-3.2748,-2.8168,-1.6718,0,0,0
-0.562,-0.4487,0.7253,-1.2061,-3.0382,-1.0611,0,0,0
-0.5664,-0.4304,0.7249,-0.4504,-3.6718,-1.4198,0,0,0
-0.561,-0.4233,0.7158,-1.2214,-4.5725,-1.3206,0,0,0
-0.5623,-0.417,0.7212,-2.8092,-4.6641,-1.916,0,0,0
-0.5605,-0.4265,0.7158,-4.5802,-4.8092,-2.4809,0,0,0
-0.5562,-0.4375,0.7239,-4.2214,-4.5573,-2.687,0,0,0
-0.5649,-0.4543,0.7192,-1.313,-4.6641,-2.8931,0,0,0
-0.5593,-0.4414,0.7185,0.8168,-5.0076,-3.0916,0,0,0
-0.5583,-0.449,0.7292,2.6412,-5.7099,-3.5191,0,0,0
-0.5562,-0.4358,0.728,3.4275,-5.916,-3.4198,0,0,0
-0.5547,-0.4287,0.7314,2.7328,-5.6336,-3.0229,0,0,0
-0.5557,-0.4331,0.7168,1.2214,-4.9618,-2.458,0,0,0
-0.5505,-0.429,0.7239,-0.1145,-5.313,-2.6107,0,0,0
-0.5581,-0.4248,0.7212,-1.4275,-5.9389,-2.8931,0,0,0
-0.5593,-0.4429,0.7244,-2.084,-6.6031,-2.6947,0,0,0
-0.5588,-0.4536,0.719,-0.9237,-7.8244,-2.7328,0,0,0
-0.5581,-0.4553,0.7209,1.5038,-9.2137,-3.4198,0,0,0
-0.5566,-0.4517,0.7151,4.0992,-10.9695,-4.145,0,0,0
-0.5532,-0.4512,0.7261,5.1298,-11.9771,-3.5954,0,0,0
-0.5374,-0.4397,0.7283,4.4733,-11.771,-1.3664,0,0,0
-0.5361,-0.4197,0.7285,2.5191,-11.2672,-0.3053,0,0,0
-0.5342,-0.4189,0.7371,-0.2977,-10.8931,-0.8473,0,0,0
-0.5383,-0.4365,0.7419,-1.7023,-10.626,-2.2824,0,0,0
-0.5396,-0.4424,0.7458,-1.4122,-10.5115,-2.5573,0,0,0
-0.5391,-0.4465,0.7476,-0.4046,-10.5267,-2.2061,0,0,0
-0.5322,-0.4468,0.7583,-0.0229,-10.7786,-1.5344,0,0,0
-0.5232,-0.4402,0.7642,0.1985,-9.3893,-0.7023,0,0,0
-0.5198,-0.4443,0.7781,0.2519,-7.229,0.7328,0,0,0
-0.5254,-0.4355,0.7605,0.2748,-5.2672,1.0076,0,0,0
-0.5281,-0.4187,0.7649,-0.4656,-4.229,0.229,0,0,0
-0.5195,-0.4211,0.7581,-0.3359,-5.9847,-0.6031,0,0,0
-0.5083,-0.4463,0.7659,-1.2137,-2.5954,-1.2748,0,0,0
-0.5261,-0.4348,0.7705,-1.6107,-1.3511,-0.6412,0,0,0
-0.5286,-0.4419,0.77,-2.4656,0.0992,-0.2137,0,0,0
-0.5347,-0.4351,0.7627,-3.1069,-0.0229,-0.2061,0,0,0
-0.522,-0.437,0.7661,-3.084,0.4046,-0.2366,0,0,0
-0.5276,-0.4468,0.7615,-1.2137,0.7252,-1.1603,0,0,0
-0.5344,-0.4382,0.7505,0.7252,0.4809,-1.4809,0,0,0
-0.5356,-0.4363,0.748,1.2672,0.1908,-1.542,0,0,0
-0.5332,-0.4199,0.7395,-0.5191,0.0916,-1.0611,0,0,0
-0.531,-0.4263,0.7388,-1.458,-0.1832,-1.6718,0,0,0
-0.5325,-0.426,0.7373,-1.5496,-0.9542,-2.3511,0,0,0
-0.5317,-0.4419,0.7424,-0.9924,-1.5573,-2.5573,0,0,0
-0.5361,-0.4436,0.7385,-0.1679,-1.855,-2.7481,0,0,0
-0.5332,-0.4407,0.7517,0.313,-2.4809,-2.2824,0,0,0
-0.5234,-0.4478,0.7505,1.4427,-2.1145,-1.9313,0,0,0
-0.5208,-0.4377,0.7488,1.7328,-1.4198,-1.3053,0,0,0
-0.5251,-0.4287,0.751,1.3664,-0.542,-1.458,0,0,0
-0.5378,-0.4324,0.7473,0.6107,-0.3969,-1.8168,0,0,0
-0.5288,-0.4299,0.7583,0.3511,-0.9618,-1.8931,0,0,0
-0.5273,-0.4319,0.7588,0.6794,-1.7634,-2.6336,0,0,0
-0.5283,-0.4387,0.7607,0.6412,-1.4733,-2.7557,0,0,0
-0.5227,-0.4294,0.7671,0.3969,-0.7405,-2.1679,0,0,0
-0.5249,-0.4336,0.7595,0.5267,0.4351,-2.3817,0,0,0
-0.522,-0.4331,0.7717,0.4351,0.7023,-3.2137,0,0,0
-0.522,-0.4294,0.7708,-0.0534,1.7786,-2.9924,0,0,0
-0.53,-0.4351,0.7576,-0.5344,2.0305,-2.2672,0,0,0
-0.5354,-0.439,0.7542,-1.145,1.1832,-1.2901,0,0,0
-0.5354,-0.4316,0.7507,-1.5725,-0.0458,-0.9389,0,0,0
-0.531,-0.4316,0.7451,-1.8092,-0.5496,-0.8244,0,0,0
-0.5254,-0.4397,0.7488,-2.2061,-0.855,-0.7099,0,0,0
-0.5234,-0.4385,0.7561,-2.5267,-0.9008,-0.7328,0,0,0
-0.5193,-0.4412,0.7537,-3.5038,-0.5115,0.2443,0,0,0
-0.5222,-0.4507,0.7549,-4.8702,0.8473,1.3588,0,0,0
-0.5254,-0.4529,0.7561,-5.5267,1.1298,2.8473,0,0,0
-0.5229,-0.46,0.75,-5.4656,1.4733,3.8015,0,0,0
-0.5298,-0.459,0.7468,-5.4275,0.6107,5.3359,0,0,0
-0.5293,-0.449,0.7371,-6.1221,0.0763,6.8473,0,0,0
-0.5303,-0.4517,0.7429,-7.5878,-0.4809,7.8015,0,0,0
-0.5298,-0.449,0.7488,-9.1679,-0.7786,9.0916,0,0,0
-0.5303,-0.4404,0.75,-11.0076,-1.0534,10.2595,0,0,0
-0.5349,-0.4377,0.7397,-12.6031,-1.3817,11.7252,0,0,0
-0.5325,-0.4446,0.7263,-14.8473,-0.626,12.916,0,0,0
-0.5364,-0.4583,0.7336,-14.5649,-3.0611,14.0229,0,0,0
-0.5476,-0.439,0.7417,-13.4885,-4.2214,13.3664,0,0,0
-0.543,-0.4431,0.7449,-9.145,-4.8702,8.7863,0,0,0
-0.5344,-0.4253,0.748,-3.374,-4.2595,3.8168,0,0,0
-0.5449,-0.4343,0.7544,0.9084,-4.9313,0.9695,0,0,0
-0.5339,-0.4265,0.7605,2.0458,-1.5496,1.8015,0,0,0
-0.5486,-0.4155,0.7529,1.9084,-1.7176,2.7863,0,0,0
-0.5378,-0.4006,0.7595,-0.0305,-1.5573,3.0,0,0,0
-0.5396,-0.3879,0.7563,-2.4809,-0.9695,2.3206,0,0,0
-0.5371,-0.3909,0.7639,-4.3588,-1.0458,1.4885,0,0,0
-0.532,-0.3975,0.752,-5.7634,-0.3435,0.0916,0,0,0
-0.5371,-0.4285,0.751,-4.6489,0.2137,-1.5573,0,0,0
-0.5376,-0.4399,0.7415,-1.5878,0.0611,-1.7786,0,0,0
-0.5349,-0.437,0.7507,1.4809,0.4656,-1.5954,0,0,0
-0.5381,-0.4177,0.7427,1.7023,0.8244,-1.1603,0,0,0
-0.5366,-0.4094,0.74,1.2443,1.0305,-2.2519,0,0,0
-0.5366,-0.4312,0.7478,1.5496,0.9542,-3.9084,0,0,0
-0.5369,-0.4343,0.7505,2.313,0.8092,-3.9313,0,0,0
-0.5371,-0.4346,0.7493,1.4046,0.7023,-3.771,0,0,0
-0.5383,-0.4348,0.738,-0.5573,-0.3053,-3.4275,0,0,0
-0.5361,-0.4485,0.7419,-0.6718,-0.8855,-3.6489,0,0,0
-0.5291,-0.4521,0.7461,-0.6641,-0.7939,-3.084,0,0,0
-0.5332,-0.4507,0.749,-1.7328,-1.0611,-1.2519,0,0,0
-0.5342,-0.4434,0.7524,-3.3893,-0.7405,0.6947,0,0,0
-0.5349,-0.4487,0.7424,-5.0916,-0.7023,3.1603,0,0,0
-0.53,-0.4612,0.7417,-5.4351,-0.687,5.4427,0,0,0
-0.5313,-0.4539,0.7441,-5.1527,-0.4427,6.8168,0,0,0
-0.5378,-0.4482,0.7388,-4.6107,-0.6565,5.9542,0,0,0
-0.5371,-0.4468,0.7383,-4.6031,-1.7939,6.0076,0,0,0
-0.5376,-0.4348,0.7439,-5.0992,-2.0611,5.5267,0,0,0
-0.5361,-0.428,0.7427,-6.542,-2.1221,5.8092,0,0,0
-0.5354,-0.4365,0.7415,-8.7328,-2.0687,7.0458,0,0,0
-0.5374,-0.4287,0.7471,-11.2443,-2.2748,8.8397,0,0,0
-0.5493,-0.436,0.7361,-13.6794,-3.2595,11.2977,0,0,0
-0.5313,-0.4321,0.7292,-14.687,-6.4504,14.1298,0,0,0
-0.5413,-0.4441,0.7312,-15.229,-7.7939,16.3053,0,0,0
-0.5552,-0.4463,0.7224,-15.0687,-10.0153,17.9924,0,0,0
-0.5515,-0.4451,0.7358,-14.229,-12.0687,18.3511,0,0,0
-0.5361,-0.4314,0.7395,-14.084,-11.2214,17.542,0,0,0
-0.5291,-0.4277,0.7402,-14.2137,-10.4885,16.6794,0,0,0
-0.5422,-0.4265,0.7383,-13.6412,-9.1527,14.5649,0,0,0
-0.5415,-0.4309,0.7488,-12.1603,-8.4733,11.916,0,0,0
-0.5549,-0.4375,0.7383,-9.9924,-8.084,9.4351,0,0,0
-0.532,-0.4255,0.7534,-7.5802,-7.0153,7.4733,0,0,0
-0.54,-0.4258,0.7524,-6.1679,-6.3893,6.0153,0,0,0
-0.5386,-0.4226,0.7593,-3.9466,-5.0076,5.4809,0,0,0
-0.5391,-0.4167,0.7642,-2.4351,-3.916,5.1069,0,0,0
-0.5334,-0.4058,0.7588,-2.5649,-2.687,5.0305,0,0,0
-0.543,-0.4009,0.7549,-3.6183,-2.4351,4.2366,0,0,0
-0.54,-0.4172,0.7571,-3.9847,-1.9084,4.0229,0,0,0
-0.5364,-0.4155,0.7642,-4.0,-1.2214,3.9008,0,0,0
-0.5386,-0.4143,0.7583,-3.9924,-0.7939,3.1832,0,0,0
-0.5344,-0.4114,0.7515,-4.5344,-0.2748,2.313,0,0,0
-0.5383,-0.4131,0.7542,-4.5496,0.4351,1.0076,0,0,0
-0.5442,-0.4324,0.7578,-4.3511,0.9542,0.2901,0,0,0
-0.5393,-0.4397,0.748,-3.0153,1.4504,0.5802,0,0,0
-0.5454,-0.4463,0.7439,-1.3435,1.3435,1.0687,0,0,0
-0.5371,-0.4351,0.7458,-0.3282,1.145,1.1908,0,0,0
-0.5415,-0.4324,0.7473,-0.2595,1.1298,1.4733,0,0,0
-0.5386,-0.4272,0.751,-0.5878,1.2901,0.8855,0,0,0
-0.5393,-0.4243,0.7395,-1.8702,1.5802,1.1221,0,0,0
-0.541,-0.417,0.7419,-3.8397,1.7786,0.9618,0,0,0
-0.5415,-0.4253,0.7441,-5.3664,2.5267,1.0153,0,0,0
-0.5491,-0.4351,0.7451,-6.1145,2.687,0.7099,0,0,0
-0.5461,-0.4368,0.7522,-6.1145,3.084,1.1527,0,0,0
-0.5422,-0.4465,0.7417,-5.7328,3.2366,2.3359,0,0,0
-0.5332,-0.4412,0.7456,-5.8168,4.6336,3.6183,0,0,0
-0.5459,-0.436,0.7358,-6.3206,4.8702,4.1679,0,0,0
-0.5452,-0.4377,0.7417,-6.8702,5.5038,4.5344,0,0,0
-0.5496,-0.4353,0.7375,-6.4351,4.9466,4.5878,0,0,0
-0.5476,-0.4294,0.7417,-7.2519,5.4427,3.9389,0,0,0
-0.5493,-0.4399,0.7412,-7.374,6.0,3.374,0,0,0
-0.551,-0.4358,0.7305,-7.1298,6.5802,3.5649,0,0,0
-0.5608,-0.426,0.7278,-7.0382,6.4427,3.1832,0,0,0
-0.5681,-0.4285,0.7268,-6.9695,5.5344,2.3511,0,0,0
-0.5701,-0.4382,0.717,-5.9924,4.313,1.7939,0,0,0
-0.5671,-0.4341,0.7156,-4.1069,2.374,1.0611,0,0,0
-0.561,-0.4263,0.7188,-3.5191,1.5725,0.9924,0,0,0
-0.5615,-0.4153,0.7207,-3.1679,1.2595,0.7786,0,0,0
-0.5613,-0.4246,0.7234,-2.6107,1.2748,0.1298,0,0,0
-0.5581,-0.4133,0.7244,-3.0153,1.5878,-0.3511,0,0,0
-0.5637,-0.4131,0.7227,-3.8015,1.6718,-0.5649,0,0,0
-0.5669,-0.4294,0.7173,-3.8244,1.2901,-0.6412,0,0,0
-0.5691,-0.4351,0.7131,-2.7939,0.3893,-0.3969,0,0,0
-0.5674,-0.4395,0.7207,-1.542,-0.7328,-0.7328,0,0,0
-0.5647,-0.4341,0.7195,-0.5038,-1.1374,-0.6183,0,0,0
-0.5576,-0.4319,0.7256,0.0,-1.1221,-0.855,0,0,0
-0.5564,-0.4265,0.7236,-0.2366,-0.9466,-1.3053,0,0,0
-0.5547,-0.425,0.7271,-0.9695,-0.6031,-1.8702,0,0,0
-0.5642,-0.4331,0.7227,-1.6489,-0.6641,-1.7863,0,0,0
-0.5645,-0.4358,0.7205,-1.687,-1.0611,-1.2061,0,0,0
-0.5635,-0.4421,0.7173,-1.2137,-2.2137,-1.0916,0,0,0
-0.5601,-0.4446,0.7358,-0.626,-2.2443,-1.0,0,0,0
-0.5552,-0.4497,0.7332,0.0534,-2.084,-0.0153,0,0,0
-0.5503,-0.4429,0.7393,0.5649,-1.2977,0.3435,0,0,0
-0.5574,-0.425,0.7395,-0.084,-0.1603,-0.0229,0,0,0
-0.5522,-0.4282,0.7434,-1.8702,0.7176,-0.4046,0,0,0
-0.553,-0.4246,0.7412,-3.4809,2.2672,-0.3664,0,0,0
-0.5593,-0.4136,0.7417,-6.1069,2.8779,-0.8321,0,0,0
-0.5667,-0.4351,0.731,-7.771,2.3588,-0.6412,0,0,0
-0.562,-0.4429,0.7319,-7.0916,1.7557,-0.0611,0,0,0
-0.5601,-0.4514,0.7332,-6.3893,1.7481,0.4809,0,0,0
-0.5549,-0.4534,0.7368,-4.626,2.0305,1.6336,0,0,0
-0.5583,-0.4331,0.7334,-3.8779,3.2901,2.1908,0,0,0
-0.563,-0.4248,0.7258,-3.8015,3.6794,0.916,0,0,0
-0.5662,-0.4299,0.7202,-3.7252,4.0,0.2443,0,0,0
-0.5767,-0.4336,0.7034,-3.5115,2.6183,-0.5878,0,0,0
-0.5825,-0.4355,0.689,-2.0458,-0.1679,-0.7863,0,0,0
-0.5725,-0.4375,0.7039,-1.2214,-2.542,-1.0,0,0,0
-0.5618,-0.4397,0.7148,-0.7786,-2.9771,-0.8015,0,0,0
-0.5613,-0.4324,0.7234,-0.916,-1.6718,0.5649,0,0,0
-0.5579,-0.4429,0.7327,-1.1145,-0.7939,0.6412,0,0,0
-0.5586,-0.4329,0.7271,-1.1603,0.6641,0.0305,0,0,0
-0.5625,-0.4324,0.7212,-1.1908,0.5038,-0.5802,0,0,0
-0.5571,-0.4377,0.7354,-1.2443,0.7557,-1.1221,0,0,0
-0.5574,-0.4368,0.7354,-1.9771,2.1832,-1.1145,0,0,0
-0.5542,-0.4441,0.7422,-3.3359,2.8015,-0.4046,0,0,0
-0.553,-0.4307,0.7458,-5.229,4.0,0.5878,0,0,0
-0.5693,-0.4417,0.7385,-6.6031,4.3511,1.3435,0,0,0
-0.5676,-0.4409,0.7339,-7.0153,4.3511,1.2977,0,0,0
-0.5789,-0.4382,0.7214,-7.0611,4.2214,0.6947,0,0,0
-0.5732,-0.4407,0.7126,-6.0611,3.3435,0.2901,0,0,0
-0.5742,-0.4473,0.6995,-4.084,1.916,-0.0305,0,0,0
-0.5859,-0.4424,0.6873,-1.4733,0.4427,-0.4198,0,0,0
-0.5759,-0.4402,0.679,0.6183,-1.2901,-0.0382,0,0,0
-0.5625,-0.4233,0.7009,0.9847,-1.3282,0.7405,0,0,0
-0.5598,-0.4116,0.7048,-0.6336,-0.6794,0.2366,0,0,0
-0.5649,-0.4116,0.7156,-3.3664,0.5344,-0.7481,0,0,0
-0.5693,-0.4224,0.7224,-4.5649,0.6107,-1.771,0,0,0
-0.5754,-0.4387,0.7188,-4.9084,0.6412,-1.9389,0,0,0
-0.5796,-0.4558,0.7085,-2.6412,-0.7863,-1.5878,0,0,0
-0.5764,-0.449,0.7148,-1.4504,-2.4885,-1.3511,0,0,0
-0.5674,-0.4395,0.731,-1.1908,-2.0458,-0.7405,0,0,0
-0.5583,-0.4336,0.7388,-1.8321,-0.2443,-0.6031,0,0,0
-0.5581,-0.4355,0.7351,-3.2977,1.0916,-0.8244,0,0,0
-0.5691,-0.4441,0.7219,-4.3053,0.6718,-0.9084,0,0,0
-0.5781,-0.4463,0.7173,-4.2595,0.4656,-0.3588,0,0,0
-0.572,-0.4465,0.7183,-4.0534,-0.0611,0.0229,0,0,0
-0.5664,-0.4395,0.7251,-4.0687,-0.1756,0.1298,0,0,0
-0.5706,-0.4497,0.7178,-3.0916,0.0,-0.2061,0,0,0
-0.573,-0.448,0.7117,-1.8397,0.0305,-0.2748,0,0,0
-0.574,-0.4446,0.7095,-0.6718,-0.9542,-0.5496,0,0,0
-0.5688,-0.4358,0.7087,-0.6107,-1.0458,0.0153,0,0,0
-0.5625,-0.4355,0.7197,-1.8321,-0.1145,0.4885,0,0,0
-0.5537,-0.4282,0.7336,-3.4046,2.0153,0.9389,0,0,0
-0.5554,-0.4255,0.7363,-4.9084,4.4046,0.1603,0,0,0
-0.5625,-0.4399,0.7344,-5.7786,5.5115,-0.4809,0,0,0
-0.5647,-0.4443,0.7346,-6.0458,6.4198,-1.0305,0,0,0
-0.5806,-0.4443,0.7168,-5.7863,5.7863,-1.8397,0,0,0
-0.5742,-0.4482,0.7139,-4.2137,4.5802,-1.0229,0,0,0
-0.5886,-0.4446,0.7056,-3.3435,3.2595,-1.2748,0,0,0
-0.5803,-0.4512,0.6919,-1.7252,1.7023,-0.3893,0,0,0
-0.5798,-0.4397,0.6848,0.0076,-0.5191,-0.1527,0,0,0
-0.5801,-0.4268,0.6841,0.0916,-1.4504,-0.1145,0,0,0
-0.5757,-0.4358,0.688,-0.0534,-2.313,0.0992,0,0,0
-0.571,-0.4341,0.6929,-0.0305,-2.1832,0.1145,0,0,0
-0.5732,-0.4375,0.7031,-0.3664,-2.2901,-0.458,0,0,0
-0.5688,-0.4377,0.7046,-1.0458,-2.2137,-0.7863,0,0,0
-0.5708,-0.4399,0.7209,-1.687,-0.8855,-0.916,0,0,0
-0.5718,-0.457,0.7188,-1.374,-0.1145,-1.0763,0,0,0
-0.5715,-0.4507,0.7183,-0.1832,-0.7863,-0.6718,0,0,0
-0.5796,-0.4419,0.7102,0.3511,-1.7863,-0.5954,0,0,0
-0.5754,-0.4446,0.709,0.2519,-2.084,-0.1298,0,0,0
-0.5767,-0.4404,0.7192,0.3206,-2.5115,-0.084,0,0,0
-0.5745,-0.4319,0.7153,-0.1221,-2.8931,0.0229,0,0,0
-0.5745,-0.427,0.7107,-0.8473,-2.5954,-0.145,0,0,0
-0.572,-0.4307,0.7117,-1.0763,-3.0916,-0.5038,0,0,0
-0.5618,-0.4453,0.7244,-1.4046,-2.5344,-0.4122,0,0,0
-0.5676,-0.4443,0.7212,0.0076,-1.2443,0.3664,0,0,0
-0.5718,-0.4365,0.7253,0.2214,-0.8244,0.0763,0,0,0
-0.5625,-0.4329,0.7324,-1.2214,0.2214,-0.4656,0,0,0
-0.5649,-0.4382,0.7302,-1.9771,1.5878,-0.3206,0,0,0
-0.5735,-0.4263,0.7302,-3.313,1.9771,-0.9237,0,0,0
-0.574,-0.4314,0.7153,-4.5573,1.8168,-1.4046,0,0,0
-0.5769,-0.4431,0.7095,-4.5115,1.2519,-1.1985,0,0,0
-0.5825,-0.447,0.7122,-3.5344,0.458,-0.4809,0,0,0
-0.5706,-0.4421,0.7192,-2.5573,0.2519,0.5573,0,0,0
-0.5688,-0.4319,0.7124,-2.626,1.5954,0.084,0,0,0
-0.5664,-0.4209,0.7231,-3.6412,2.5191,-0.7099,0,0,0
-0.5664,-0.4258,0.719,-5.3893,3.5878,-1.5038,0,0,0
-0.5696,-0.4338,0.7322,-6.3282,5.1985,-1.5573,0,0,0
-0.5791,-0.4475,0.7212,-6.6336,6.0382,-2.3664,0,0,0
-0.5764,-0.4644,0.7131,-5.0611,5.6107,-1.771,0,0,0
-0.571,-0.4595,0.7178,-3.6947,5.5344,-0.1374,0,0,0
-0.5791,-0.4475,0.6924,-3.1756,4.916,0.3893,0,0,0
-0.5894,-0.4495,0.6904,-2.6947,3.2977,-0.4046,0,0,0
-0.5872,-0.4451,0.6902,-1.855,1.1679,-0.771,0,0,0
-0.5862,-0.4448,0.6724,-1.2061,-0.6031,-0.5649,0,0,0
-0.5852,-0.4507,0.6707,-0.4962,-2.4427,-0.7786,0,0,0
-0.574,-0.4531,0.6838,0.9313,-3.5038,-0.3053,0,0,0
-0.5706,-0.4514,0.6887,2.2901,-3.1527,0.8015,0,0,0
-0.5728,-0.439,0.6992,2.0687,-1.8855,1.2061,0,0,0
-0.5786,-0.426,0.7029,0.7863,-1.6947,0.3511,0,0,0
-0.5806,-0.4365,0.6951,-0.0076,-2.1832,-0.4351,0,0,0
-0.5793,-0.4492,0.7102,0.2443,-3.458,-0.8015,0,0,0
-0.5776,-0.4443,0.7305,0.4351,-3.0382,-1.2977,0,0,0
-0.5779,-0.4446,0.7302,-0.0687,-2.8626,-1.0534,0,0,0
-0.5781,-0.449,0.7283,-0.3359,-2.9389,-0.8397,0,0,0
-0.5713,-0.4434,0.7236,-0.4046,-2.4351,-0.2366,0,0,0
-0.5728,-0.4382,0.731,-0.626,-2.0,-0.1145,0,0,0
-0.5718,-0.4453,0.7253,0.2214,-1.0687,0.7328,0,0,0
-0.5781,-0.4336,0.7163,0.9695,-0.8855,0.458,0,0,0
-0.5767,-0.4248,0.7087,1.2443,-1.0687,-0.0687,0,0,0
-0.575,-0.427,0.7036,1.3588,-1.1145,-0.6565,0,0,0
-0.5681,-0.4324,0.7085,0.9618,-0.5878,-0.2443,0,0,0
-0.5735,-0.4338,0.7092,0.9695,-0.0534,0.2748,0,0,0
-0.5789,-0.4358,0.7087,1.1908,0.0763,0.2443,0,0,0
-0.5859,-0.4546,0.709,2.542,-0.4351,-0.4198,0,0,0
-0.583,-0.446,0.7102,3.8702,-1.7176,0.3664,0,0,0
-0.5811,-0.4341,0.7063,4.0229,-2.9237,0.8397,0,0,0
-0.564,-0.4417,0.7146,4.5344,-3.2748,0.2061,0,0,0
-0.5581,-0.4453,0.7271,5.084,-1.5267,0.0153,0,0,0
-0.5706,-0.4373,0.7402,4.5267,0.1221,0.6412,0,0,0
-0.5764,-0.437,0.7336,4.1832,1.916,2.8168,0,0,0
-0.5776,-0.425,0.731,2.4198,1.9924,3.8702,0,0,0
-0.5779,-0.4136,0.7249,0.1221,1.3359,3.0229,1,0,0
-0.5959,-0.3813,0.708,0.0229,0.8702,-2.3588,1,0,0
-0.5796,-0.4673,0.7278,2.2901,1.6947,-0.8244,1,0,0
-0.5847,-0.4058,0.7102,2.5802,0.4962,-0.8397,1,0,0
-0.5674,-0.4106,0.7139,1.5802,0.7176,0.0305,1,0,0
-0.5725,-0.429,0.7307,-1.0382,1.8397,0.4809,1,0,0
-0.5811,-0.4185,0.7117,-0.1832,2.3359,0.0534,1,0,0
-0.5796,-0.4109,0.7046,-0.1069,1.1298,-0.5802,1,0,0
-0.5847,-0.4133,0.7031,-1.3053,0.1298,-0.855,1,0,0
-0.5842,-0.4119,0.7075,-2.313,-0.9389,-1.2977,1,0,0
-0.5793,-0.4255,0.7146,-2.8626,-1.0229,-1.3282,1,0,0
-0.5769,-0.4358,0.7175,-1.9618,-0.7939,-0.4351,1,0,0
-0.5769,-0.4338,0.719,-0.4275,-0.0382,-0.3817,1,0,0
-0.5762,-0.4338,0.7197,0.8092,0.7786,0.2519,1,0,0
-0.5803,-0.4282,0.7185,1.855,0.2595,-0.2977,1,0,0
-0.5823,-0.4207,0.708,1.0992,-0.5267,-0.6489,1,0,0
-0.5796,-0.4243,0.7102,-0.5344,-1.2595,-0.8244,1,0,0
-0.5771,-0.4231,0.7146,-2.1374,-1.6107,-0.2824,1,0,0
-0.5732,-0.4355,0.7253,-3.0687,-1.4733,0.0076,1,0,0
-0.573,-0.4368,0.7124,-3.7176,-1.2214,1.0382,1,0,0
-0.5745,-0.4353,0.7202,-3.9237,-1.2672,1.3969,1,0,0
-0.5789,-0.439,0.7239,-4.3817,-1.0305,1.4122,1,0,0
-0.5735,-0.4482,0.7261,-4.229,-0.4351,2.2977,1,0,0
-0.5732,-0.4517,0.7266,-4.542,0.6565,3.1756,1,0,0
-0.5698,-0.4502,0.7302,-6.2824,1.1832,4.4885,1,0,0
-0.5708,-0.4507,0.7305,-10.542,2.0229,6.0916,1,0,0
-0.5803,-0.4487,0.7104,-14.2901,1.7557,7.1985,1,0,0
-0.5808,-0.4602,0.7119,-17.2977,0.9542,8.2672,1,0,0
-0.5754,-0.4602,0.7046,-19.626,0.4962,10.0382,1,0,0
-0.5818,-0.4424,0.71,-22.3588,0.771,10.9618,1,0,0
-0.593,-0.4099,0.7034,-28.8473,-0.2214,11.9237,1,0,0
-0.5916,-0.429,0.6951,-35.1756,-0.9847,13.5649,1,0,0
-0.5869,-0.4353,0.6946,-37.9313,-1.7099,14.8931,1,0,0
-0.5933,-0.4443,0.6929,-37.9542,-3.4962,14.1374,1,0,0
-0.5889,-0.4556,0.6987,-36.2977,-4.0611,14.9924,1,0,0
-0.5918,-0.4521,0.707,-33.3206,-3.9847,16.4275,1,0,0
-0.5867,-0.4624,0.7126,-29.0076,-3.3893,17.9542,1,0,0
-0.5854,-0.4434,0.6978,-25.2595,-3.2977,19.1145,1,0,0
-0.5845,-0.3955,0.6802,-23.4656,-2.6183,19.5725,1,0,0
-0.5591,-0.4014,0.7039,-19.8931,-8.6565,18.3435,1,0,0
-0.5876,-0.4236,0.7009,-16.5191,-4.3588,15.4275,1,0,0
-0.6047,-0.418,0.6963,-14.2519,-4.2901,13.5267,1,0,0
-0.5979,-0.4023,0.6926,-13.6489,-4.4656,11.4046,1,0,0
-0.6101,-0.3984,0.6794,-12.9542,-4.3359,8.3435,1,0,0
-0.6091,-0.4138,0.6746,-12.8015,-5.4427,4.771,1,0,0
-0.6008,-0.4197,0.6731,-10.3206,-6.229,2.0305,1,0,0
-0.606,-0.4458,0.676,-6.4198,-7.8473,0.8473,1,0,0
-0.6111,-0.448,0.6685,-2.1527,-9.4504,0.7481,1,0,0
-0.5935,-0.447,0.6582,1.3893,-11.0076,0.8855,1,0,0
-0.5886,-0.4263,0.667,3.1221,-11.9389,-0.0992,1,0,0
-0.5952,-0.4192,0.6655,3.4275,-11.687,-1.8702,1,0,0
-0.594,-0.4255,0.6765,4.0687,-12.1603,-3.5573,1,0,0
-0.5632,-0.4355,0.6982,4.9924,-10.4427,-4.7481,1,0,0
-0.5684,-0.4399,0.7068,6.7863,-7.9084,-5.1527,1,0,0
-0.571,-0.4441,0.7275,10.6794,-4.3511,-10.7634,1,0,0
-0.5723,-0.4377,0.7258,14.6641,-1.7939,-14.5344,1,0,0
-0.5747,-0.4333,0.731,17.0305,-0.0763,-16.6947,1,0,0
-0.5745,-0.4482,0.7307,17.3664,1.458,-16.1298,1,0,0
-0.5801,-0.4395,0.7249,17.5038,2.8092,-15.7252,1,0,0
-0.5728,-0.4299,0.7288,16.9466,3.2137,-16.3817,1,0,0
-0.572,-0.4321,0.7356,17.0611,6.3359,-17.8244,1,0,0
-0.5747,-0.4373,0.7354,17.0153,7.4504,-18.313,1,0,0
-0.5669,-0.4258,0.7341,15.9542,8.2214,-18.3893,1,0,0
-0.5471,-0.4324,0.7522,14.1069,10.6718,-17.0763,1,0,0
-0.5408,-0.4324,0.749,11.7099,15.9237,-16.2901,1,0,0
-0.5886,-0.4851,0.7412,10.7634,21.6107,-17.5191,1,0,0
-0.5308,-0.4502,0.7671,16.2595,24.5802,-22.1908,1,0,0
-0.5454,-0.4417,0.7532,20.0076,29.8626,-25.3893,1,0,0
-0.5718,-0.4622,0.728,20.6718,33.5267,-23.1756,1,0,0
-0.5967,-0.4617,0.7009,17.374,32.4046,-17.374,1,0,0
-0.6086,-0.4475,0.6809,11.916,29.8397,-11.5878,1,0,0
-0.6021,-0.4331,0.6814,5.6489,26.2672,-7.9924,1,0,0
-0.5894,-0.4436,0.6875,-0.5496,25.2672,-6.6947,1,0,0
-0.5776,-0.4556,0.7007,-4.4504,26.6565,-5.3588,1,0,0
-0.5806,-0.4802,0.71,-8.0458,28.6183,-3.4504,1,0,0
-0.5786,-0.4954,0.7056,-11.3206,32.7863,0.4885,1,0,0
-0.6035,-0.5085,0.6782,-13.5725,35.0534,3.2977,1,0,0
-0.603,-0.4978,0.6665,-15.5496,34.7176,6.2061,1,0,0
-0.6038,-0.4836,0.668,-18.8931,34.1679,8.3664,1,0,0
-0.5916,-0.48,0.6826,-25.4351,35.5496,12.0534,1,0,0
-0.6016,-0.4536,0.686,-30.6794,36.5649,14.8626,1,0,0
-0.6462,-0.47,0.6658,-35.5649,36.9313,18.1221,1,0,0
-0.6436,-0.4434,0.6548,-39.4656,36.1527,18.8779,1,0,0
-0.6533,-0.4448,0.6255,-43.7939,32.8779,18.3435,1,0,0
-0.6541,-0.4595,0.6697,-51.4504,35.1832,23.8855,1,0,0
-0.636,-0.4697,0.6653,-53.7252,38.3435,30.6412,1,0,0
-0.6738,-0.4546,0.6152,-54.4885,39.229,30.7634,1,0,0
-0.7065,-0.4832,0.5845,-49.3435,36.6183,28.2595,1,0,0
-0.7124,-0.4646,0.5442,-40.7023,31.5114,21.8168,1,0,0
-0.7104,-0.4719,0.5374,-31.7557,26.4504,18.4427,1,0,0
-0.7065,-0.4543,0.5098,-25.1145,21.2824,16.2748,1,0,0
-0.7122,-0.4341,0.5073,-20.1908,17.3817,15.0458,1,0,0
-0.7117,-0.4153,0.5051,-17.7328,14.458,14.6183,1,0,0
-0.7205,-0.4019,0.4971,-16.3817,11.3282,12.9237,1,0,0
-0.7185,-0.3865,0.4956,-16.0458,7.7939,10.229,1,0,0
-0.7307,-0.4063,0.4792,-14.1527,2.9924,6.0916,1,0,0
-0.7102,-0.4253,0.4907,-10.4733,-1.2824,2.6794,1,0,0
-0.6897,-0.4321,0.5034,-6.3359,-1.7863,1.3893,1,0,0
-0.688,-0.4507,0.5364,-2.5038,-1.1298,1.1832,1,0,0
-0.6956,-0.4365,0.5271,-0.5038,0.2519,0.5344,1,0,0
-0.7104,-0.4424,0.53,0.1145,-0.3588,-0.9771,1,0,0
-0.719,-0.4453,0.5171,0.9542,-2.4656,-3.0229,1,0,0
-0.7102,-0.4592,0.5281,1.4733,-4.229,-4.0153,1,0,0
-0.7034,-0.4688,0.5366,1.7176,-5.9618,-3.5038,1,0,0
-0.688,-0.4663,0.5596,0.0229,-5.2824,-2.1679,1,0,0
-0.6948,-0.4785,0.5642,-1.2137,-3.458,-0.9466,1,0,0
-0.6941,-0.4829,0.5747,-1.7786,-2.5496,-0.9695,1,0,0
-0.6885,-0.4766,0.5837,-2.4351,-1.458,-0.6336,1,0,0
-0.7014,-0.4746,0.5747,-2.7328,-0.3817,-1.1832,1,0,0
-0.7017,-0.4883,0.5684,-3.4962,-0.5802,-1.3893,1,0,0
-0.7009,-0.4829,0.5771,-3.5725,0.2824,-1.2519,1,0,0
-0.7007,-0.4866,0.5735,-3.0611,0.7557,-0.8702,1,0,0
-0.7009,-0.4944,0.5762,-0.9084,1.2672,-0.4046,1,0,0
-0.666,-0.426,0.5364,2.9313,2.0763,-3.8931,1,0,0
-0.7053,-0.457,0.5671,8.7023,3.1756,-6.0534,1,0,0
-0.6951,-0.4475,0.5686,9.8855,3.5496,-6.4733,1,0,0
-0.6931,-0.4348,0.5591,8.2061,5.4198,-4.9466,1,0,0
-0.7085,-0.4268,0.5464,5.2443,5.458,-4.1985,1,0,0
-0.71,-0.4255,0.5452,2.3817,4.0382,-4.0153,1,0,0
-0.7139,-0.4419,0.5457,-0.084,2.7023,-4.3206,1,0,0
-0.709,-0.4563,0.5405,-1.3511,1.313,-4.1679,1,0,0
-0.7139,-0.4805,0.543,-0.4122,-0.4427,-4.2061,1,0,0
-0.71,-0.4866,0.5452,1.0382,-2.084,-3.458,1,0,0
-0.6877,-0.4922,0.5642,1.9847,-2.2366,-1.6641,1,0,0
-0.6799,-0.4822,0.5745,3.5267,0.3511,-1.6718,1,0,0
-0.6855,-0.4675,0.5762,4.6565,2.8015,-2.8626,1,0,0
-0.7014,-0.4731,0.5698,4.8397,3.6565,-4.5878,1,0,0
-0.7139,-0.4692,0.5549,3.9084,2.5267,-4.8473,1,0,0
-0.7185,-0.4751,0.5447,2.2366,-0.4046,-3.6336,1,0,0
-0.7051,-0.4746,0.5493,0.374,-2.3893,-1.6794,1,0,0
-0.6948,-0.4712,0.5703,-2.0534,-2.5267,0.1832,1,0,0
-0.689,-0.47,0.5686,-2.9618,-1.5344,1.1145,1,0,0
-0.6936,-0.4768,0.5662,-3.3053,-0.2672,1.0,1,0,0
-0.6963,-0.467,0.563,-2.6183,0.084,0.4885,1,0,0
-0.6934,-0.4702,0.5586,-2.0,-0.0382,0.4885,1,0,0
-0.6985,-0.4639,0.5581,-1.8321,0.8855,1.0687,1,0,0
-0.7007,-0.4575,0.5637,-2.3511,0.9618,1.8473,1,0,0
-0.7026,-0.4431,0.5659,-3.9313,1.1679,2.2366,1,0,0
-0.7034,-0.4475,0.561,-5.5115,1.1145,0.9389,1,0,0
-0.7087,-0.4609,0.5496,-4.9924,0.0,0.0076,1,0,0
-0.7124,-0.4658,0.5552,-3.0,-1.2214,-0.4427,1,0,0
-0.7046,-0.4619,0.5549,-1.9466,-2.1832,-0.2672,1,0,0
-0.6946,-0.4548,0.5581,-1.8779,-2.4733,0.4351,1,0,0
-0.6948,-0.4417,0.5615,-2.6412,-1.3588,0.5573,1,0,0
-0.7051,-0.4397,0.5554,-4.0763,-1.3206,-0.8321,1,0,0
-0.7051,-0.4463,0.551,-5.2061,-1.9542,-2.1298,1,0,0
-0.7053,-0.4585,0.5518,-5.6107,-3.2977,-2.4809,1,0,0
-0.7041,-0.4614,0.5437,-5.0153,-4.5267,-2.6641,1,0,0
-0.6951,-0.4531,0.5466,-5.7939,-5.8473,-2.8244,1,0,0
-0.7017,-0.4424,0.5515,-6.9313,-6.1756,-4.2061,1,0,0
-0.6919,-0.4412,0.5532,-9.9389,-7.1832,-4.916,1,0,0
-0.7017,-0.4226,0.5417,-14.5649,-9.5344,-4.5954,1,0,0
-0.6997,-0.4707,0.5249,-16.9237,-9.9618,-6.0611,1,0,0
-0.6924,-0.5173,0.5359,-12.1145,-11.8321,-5.8092,1,0,0
-0.7014,-0.4854,0.5569,-10.2366,-12.4275,-6.8855,1,0,0
-0.6716,-0.4795,0.5852,-9.9542,-9.0992,-8.6794,1,0,0
-0.6719,-0.478,0.5889,-8.4351,-6.4198,-8.0382,1,0,0
-0.6772,-0.5068,0.5637,-6.9008,-4.8779,-8.5802,1,0,0
-0.6846,-0.5015,0.563,-4.8473,-4.3664,-8.0992,1,0,0
-0.6926,-0.5117,0.5647,-2.9771,-4.7099,-6.1603,1,0,0
-0.6765,-0.512,0.5706,-0.4885,-4.0611,-3.9313,1,0,0
-0.6738,-0.4854,0.5803,1.3511,-3.0534,-2.2672,1,0,0
-0.6753,-0.4895,0.5674,1.5573,-1.7099,-1.3969,1,0,0
-0.6819,-0.481,0.5671,1.9084,-1.5038,-1.4504,1,0,0
-0.6892,-0.4734,0.5598,2.0076,-1.6107,-2.4809,1,0,0
-0.6931,-0.4802,0.5569,2.3053,-3.1679,-2.1985,1,0,0
-0.6833,-0.4766,0.5615,1.0076,-4.5038,-1.1527,1,0,0
-0.6785,-0.4651,0.572,-0.0305,-4.5115,-0.4275,1,0,0
-0.6702,-0.46,0.5808,-2.0611,-2.9313,-0.5649,1,0,0
-0.6765,-0.4639,0.5869,-3.4122,-0.9237,-1.7099,1,0,0
-0.6802,-0.4685,0.5723,-4.5115,-0.8015,-2.9084,1,0,0
-0.6792,-0.4788,0.5627,-5.1603,-0.6336,-3.4809,1,0,0
-0.6829,-0.5022,0.5649,-3.5115,-0.7252,-2.8855,1,0,0
-0.688,-0.4902,0.5657,-1.687,-1.0916,-3.1908,1,0,0
-0.6831,-0.4941,0.5645,-0.0382,-1.6947,-3.4351,1,0,0
-0.6768,-0.4839,0.5708,0.7939,-1.4351,-2.5878,1,0,0
-0.6694,-0.4709,0.574,0.0076,-0.7176,-2.1145,1,0,0
-0.6748,-0.4788,0.5693,-2.0382,-0.3588,-1.626,1,0,0
-0.6848,-0.4753,0.562,-3.374,-0.8931,-2.0153,1,0,0
-0.6826,-0.4907,0.564,-3.4885,-1.2366,-2.3969,1,0,0
-0.6821,-0.5002,0.5569,-2.4656,-2.2214,-2.5344,1,0,0
-0.6785,-0.4944,0.5659,-1.4351,-2.2824,-2.5878,1,0,0
-0.6753,-0.4963,0.5652,-0.9542,-2.2977,-2.4504,1,0,0
-0.6743,-0.4934,0.5669,-1.0992,-1.7405,-2.1069,1,0,0
-0.668,-0.4927,0.5667,-1.374,-0.5191,-1.374,1,0,0
-0.6746,-0.4988,0.5679,-0.2443,-0.2519,-0.9084,1,0,0
-0.679,-0.4915,0.5684,-0.2977,-0.8473,-1.2137,1,0,0
-0.6685,-0.5024,0.5869,-0.2519,-0.5038,0.2214,1,0,0
-0.6648,-0.5044,0.5947,0.5038,0.9389,1.3817,1,0,0
-0.6677,-0.5073,0.6035,3.2824,2.6794,2.9542,1,0,0
-0.6689,-0.4956,0.6082,3.6183,5.6718,3.3893,1,0,0
-0.6855,-0.4888,0.592,2.4504,7.3588,5.1832,1,0,0
-0.6926,-0.4749,0.5842,1.6641,6.9924,5.7481,1,0,0
-0.6899,-0.4658,0.5679,-0.2443,5.6641,4.7328,1,0,0
-0.6907,-0.4646,0.5579,-0.5038,4.7023,2.5496,1,0,0
-0.6973,-0.4761,0.5657,-0.2137,2.9695,0.9847,1,0,0
-0.6929,-0.4749,0.5623,-0.2366,1.8702,0.084,1,0,0
-0.689,-0.5085,0.5664,1.8092,1.1298,1.4046,1,0,0
-0.6863,-0.512,0.5723,6.4351,1.0076,3.8092,1,0,0
-0.6775,-0.4966,0.5562,9.2672,0.9313,4.5267,1,0,0
-0.6567,-0.5251,0.55,10.2672,2.1832,-0.374,1,0,0
-0.7073,-0.4585,0.564,8.4351,3.8015,2.1298,1,0,0
-0.6487,-0.4656,0.5901,3.0382,4.6031,3.3664,1,0,0
-0.6575,-0.4758,0.6121,1.0305,9.7099,6.5115,1,0,0
-0.6851,-0.4861,0.6028,0.5649,12.3359,7.5496,1,0,0
-0.6997,-0.4846,0.5906,0.7252,12.687,7.0229,1,0,0
-0.7043,-0.48,0.5718,0.8855,11.0763,5.8473,1,0,0
-0.6995,-0.4695,0.5681,-0.5191,9.6183,4.3817,1,0,0
-0.6794,-0.4883,0.5806,-2.3893,10.4198,5.2977,1,0,0
-0.6709,-0.5051,0.5923,-0.0076,14.5115,7.5725,1,0,0
-0.6672,-0.4907,0.5952,3.145,18.7939,9.458,1,0,0
-0.6804,-0.4839,0.5732,3.7099,22.9084,9.7481,1,0,0
-0.7012,-0.4441,0.5562,2.9924,24.7863,8.0305,1,0,0
-0.7222,-0.4285,0.5398,0.1603,24.458,5.1756,1,0,0
-0.7253,-0.4165,0.5332,-4.855,21.7786,3.2214,1,0,0
-0.7058,-0.4578,0.5518,-9.4275,21.3588,6.0611,1,0,0
-0.6848,-0.4614,0.5657,-9.229,23.2519,8.3664,1,0,0
-0.8523,-0.4905,0.5195,-9.458,26.4046,8.2137,1,0,0
-0.738,-0.4485,0.52,-7.5649,25.0076,7.0382,1,0,0
-0.7395,-0.4448,0.4956,-6.8321,22.2214,4.5191,1,0,0
-0.7563,-0.4619,0.4902,-5.9466,17.7176,3.3817,1,0,0
-0.7461,-0.4585,0.4976,-4.5115,15.9542,3.9008,1,0,0
-0.7393,-0.4419,0.4905,-4.3435,14.3435,4.3206,1,0,0
-0.7368,-0.4114,0.4905,-4.8473,13.2977,2.9618,1,0,0
-0.7537,-0.4194,0.4819,-6.4427,10.9695,-0.374,1,0,0
-0.7583,-0.4451,0.4731,-5.626,8.3435,-2.2824,1,0,0
-0.7573,-0.4565,0.4702,-3.771,6.0458,-2.0687,1,0,0
-0.7563,-0.4617,0.458,-2.1603,2.9466,-1.7557,1,0,0
-0.7258,-0.4692,0.4922,0.1298,2.2595,0.0382,1,0,0
-0.7354,-0.4563,0.4883,2.2443,2.9389,0.8626,1,0,0
-0.7478,-0.4329,0.4805,2.6031,1.7939,-0.4809,1,0,0
-0.7581,-0.4272,0.4673,0.9389,-0.8244,-2.7557,1,0,0
-0.752,-0.4485,0.481,-1.1374,-3.5115,-3.7252,1,0,0
-0.7449,-0.4629,0.4919,-1.687,-4.7557,-2.4504,1,0,0
-0.7478,-0.4639,0.4954,-0.2824,-5.9618,-2.2366,1,0,0
-0.7222,-0.4768,0.5264,-0.4351,-5.4275,-1.5878,1,0,0
-0.7163,-0.4641,0.5452,-0.2901,-1.6183,-0.1832,1,0,0
-0.7307,-0.4612,0.533,-0.5038,0.5802,-1.1603,1,0,0
-0.7449,-0.457,0.5168,-1.4504,0.2366,-1.8473,1,0,0
-0.7559,-0.4558,0.5083,-2.5878,-1.2977,-1.7786,1,0,0
-0.7473,-0.4648,0.5195,-1.9618,-3.1603,-1.8931,1,0,0
-0.7283,-0.4746,0.5222,-1.9618,-3.1145,-1.2137,1,0,0
-0.7253,-0.4578,0.5205,-2.4046,-2.1832,-0.2824,1,0,0
-0.7241,-0.4592,0.5334,-2.145,-0.4275,-0.145,1,0,0
-0.7336,-0.4504,0.5222,-1.8473,1.229,-0.4351,1,0,0
-0.7461,-0.4509,0.5081,-1.6183,0.7328,-1.3206,1,0,0
-0.7542,-0.4512,0.5027,-1.8702,-1.2901,-1.542,1,0,0
-0.7517,-0.4507,0.4988,-1.3511,-2.8473,-1.8702,1,0,0
-0.7517,-0.4517,0.4949,-0.6794,-4.8321,-2.5191,1,0,0
-0.7458,-0.4475,0.4934,1.0,-6.4656,-3.3969,1,0,0
-0.7412,-0.4507,0.4939,1.626,-7.9466,-4.542,1,0,0
-0.738,-0.4373,0.4854,1.0076,-9.2672,-5.2137,1,0,0
-0.7222,-0.4517,0.5164,-0.916,-10.3511,-5.6947,1,0,0
-0.699,-0.4321,0.5417,-3.9389,-7.3282,-4.9389,1,0,0
-0.6948,-0.436,0.5601,-6.6947,-2.5191,-6.5191,1,0,0
-0.718,-0.4631,0.5356,-8.2748,1.1221,-9.4046,1,0,0
-0.7449,-0.4641,0.5127,-7.1069,-0.9695,-10.2748,1,0,0
-0.7395,-0.4763,0.5325,-8.4809,-2.313,-9.6336,1,0,0
-0.7349,-0.4985,0.5315,-8.1221,-2.9847,-7.3359,1,0,0
-0.73,-0.5093,0.5374,-5.5878,-2.6489,-4.9389,1,0,0
-0.7212,-0.4985,0.5291,-2.7328,-1.6336,-2.5725,1,0,0
-0.7195,-0.4788,0.5234,-1.8473,-0.6336,-1.7557,1,0,0
-0.7261,-0.4761,0.5229,-1.2137,-0.2748,-1.3893,1,0,0
-0.7234,-0.4797,0.5171,-0.3969,-0.5191,-0.3969,1,0,0
-0.7168,-0.4695,0.5288,-0.9237,1.374,0.6794,1,0,0
-0.7192,-0.4563,0.5237,-1.5725,2.4656,0.7786,1,0,0
-0.728,-0.4626,0.5156,-2.4656,3.1527,-0.2672,1,0,0
-0.7334,-0.4692,0.5117,-3.2443,2.7405,-0.1069,1,0,0
-0.7327,-0.4905,0.512,-2.3282,1.5038,0.4198,1,0,0
-0.731,-0.4753,0.5095,-0.8015,0.8626,2.0,1,0,0
-0.7251,-0.4636,0.5256,-0.3664,0.3282,1.2137,1,0,0
-0.7102,-0.4668,0.5361,-1.4733,2.7405,1.9847,1,0,0
-0.7229,-0.4797,0.5288,-1.626,4.5496,3.7863,1,0,0
-0.7334,-0.4783,0.5195,-0.5802,4.8931,4.9084,1,0,0
-0.7463,-0.4553,0.5164,-0.9008,3.9237,4.2672,1,0,0
-0.741,-0.4714,0.5115,-0.5878,1.8855,4.3282,1,0,0
-0.7332,-0.4775,0.5264,0.0076,1.0076,5.1908,1,0,0
-0.7266,-0.478,0.5205,1.1298,1.458,5.4427,1,0,0
-0.7339,-0.4836,0.5234,3.7252,2.7405,4.6412,1,0,0
-0.7334,-0.489,0.5281,6.2672,4.0382,4.3053,1,0,0
-0.7292,-0.4141,0.5259,5.374,5.1221,4.0763,1,0,0
-0.7146,-0.4983,0.4966,5.2366,5.9695,0.6031,1,0,0
-0.7771,-0.4082,0.4792,3.6565,3.5267,0.1908,1,0,0
-0.7378,-0.4321,0.4934,-1.855,0.5878,-1.313,1,0,0
-0.7419,-0.4348,0.5039,-4.3588,-0.0382,0.1603,1,0,0
-0.7288,-0.4443,0.5144,-7.0534,0.2901,0.3053,1,0,0
-0.7244,-0.4495,0.5193,-7.7405,1.313,0.4198,1,0,0
-0.7305,-0.4546,0.5193,-7.4351,2.1221,-0.3817,1,0,0
-0.7417,-0.4487,0.5149,-7.2824,1.8702,-0.9847,1,0,0
-0.7495,-0.4321,0.5039,-8.6107,0.626,-2.7634,1,0,0
-0.7483,-0.4434,0.5012,-11.2061,-1.5038,-3.7176,1,0,0
-0.7427,-0.425,0.5222,-13.3969,-1.2519,-5.8244,1,0,0
-0.7217,-0.4932,0.5215,-14.2519,1.0153,-6.2672,1,0,0
-0.7271,-0.53,0.5173,-7.7176,3.4122,-4.0611,1,0,0
-0.738,-0.4902,0.5117,-0.7328,3.687,-3.2214,1,0,0
-0.7412,-0.4783,0.5095,0.9542,2.0916,-2.626,1,0,0
-0.7393,-0.4775,0.4917,2.5267,1.3588,-0.1221,1,0,0
-0.7441,-0.448,0.4976,1.8168,0.1985,0.1374,1,0,0
-0.7424,-0.4368,0.479,-1.2824,-1.4198,-0.5649,1,0,0
-0.7378,-0.4531,0.4897,-4.3588,-2.5038,-0.8168,1,0,0
-0.7275,-0.4797,0.4988,-4.9389,-1.6336,-0.4351,1,0,0
-0.7209,-0.5032,0.5093,-2.374,-0.3664,0.2595,1,0,0
-0.7324,-0.4846,0.502,0.0229,1.1298,0.3053,1,0,0
-0.7405,-0.4775,0.4988,0.5878,0.8397,0.6718,1,0,0
-0.74,-0.4695,0.5071,0.3282,1.687,1.0153,1,0,0
-0.7371,-0.4573,0.5125,-0.8626,2.0382,1.4504,1,0,0
-0.739,-0.4558,0.5115,-2.0305,1.6336,1.8092,1,0,0
-0.7461,-0.4583,0.5098,-3.542,1.5191,1.1069,1,0,0
-0.7417,-0.4583,0.5095,-3.9008,1.3511,0.7252,1,0,0
-0.7434,-0.4719,0.509,-2.687,1.1069,0.1756,1,0,0
-0.7432,-0.4773,0.5093,-0.3817,0.8702,0.5267,1,0,0
-0.7395,-0.4551,0.4968,0.6183,0.8931,0.7405,1,0,0
-0.7354,-0.4521,0.4963,0.2137,1.0076,1.0611,1,0,0
-0.7476,-0.4561,0.5005,-0.3206,1.3282,0.5573,1,0,0
-0.7466,-0.4502,0.4888,0.3435,0.6031,-0.2824,1,0,0
-0.7485,-0.4431,0.491,0.0153,-0.8626,-1.458,1,0,0
-0.7354,-0.4507,0.4932,-0.1679,-1.3435,-2.7786,1,0,0
-0.7415,-0.4585,0.4922,-0.1374,-1.8473,-3.0534,1,0,0
-0.7429,-0.4509,0.4985,-0.084,-2.9695,-3.1374,1,0,0
-0.7454,-0.4583,0.4976,-0.3588,-3.8168,-3.2901,1,0,0
-0.7485,-0.4685,0.488,0.5115,-5.4809,-3.313,1,0,0
-0.7439,-0.4622,0.4897,1.4351,-7.084,-3.8855,1,0,0
-0.7483,-0.4771,0.4839,3.2901,-8.2672,-4.7252,1,0,0
-0.7522,-0.4851,0.4917,7.9466,-10.0534,-5.0,1,0,0
-0.7637,-0.4705,0.4695,13.0153,-13.9695,-7.0458,1,0,0
-0.7739,-0.4519,0.4482,17.5496,-20.0,-10.6183,1,0,0
-0.7759,-0.4395,0.429,22.771,-27.7176,-13.5878,1,0,0
-0.769,-0.4404,0.4451,26.7252,-35.6107,-15.4885,1,0,0
-0.7061,-0.425,0.4617,29.2366,-41.687,-15.771,1,0,0
-0.6973,-0.4209,0.4968,28.7481,-43.5802,-14.3893,1,0,0
-0.6719,-0.4075,0.5283,24.313,-42.4733,-10.8321,1,0,0
-0.6926,-0.4209,0.5549,18.7023,-39.2824,-7.916,1,0,0
-0.6685,-0.4209,0.584,14.3282,-35.687,-8.916,1,0,0
-0.6631,-0.4368,0.5986,11.0534,-32.2672,-10.8931,1,0,0
-0.6313,-0.4619,0.6521,6.5344,-26.1679,-8.8702,1,0,0
-0.6243,-0.4805,0.6816,2.3053,-15.8626,-3.7863,1,0,0
-0.6506,-0.5073,0.6868,1.1832,-7.2824,-2.1908,1,0,0
-0.6731,-0.5146,0.6812,1.7634,-1.7786,-2.5496,1,0,0
-0.6873,-0.5049,0.6721,2.3282,0.6031,-2.916,1,0,0
-0.7026,-0.5117,0.6494,1.229,-0.4733,-1.8397,1,0,0
-0.6892,-0.5046,0.6484,0.4504,-0.5191,0.3053,1,0,0
-0.6755,-0.4749,0.6416,-1.2595,1.0076,1.2901,1,0,0
-0.675,-0.4612,0.6235,-4.0687,3.4504,1.1221,1,0,0
-0.6731,-0.4482,0.6028,-6.1145,5.4427,1.2595,1,0,0
-0.6707,-0.4575,0.5896,-7.1908,7.2061,1.1985,1,0,0
-0.6743,-0.468,0.5891,-7.6412,9.1603,2.7634,1,0,0
-0.689,-0.4722,0.571,-5.8321,10.4198,3.9542,1,0,0
-0.7034,-0.4609,0.5537,-3.2595,9.6641,3.7939,1,0,0
-0.7053,-0.4539,0.5486,-2.4809,7.3206,3.4809,1,0,0
-0.6909,-0.4429,0.5562,-3.0763,6.2901,4.7252,1,0,0
-0.6899,-0.4351,0.5703,-5.4809,6.7405,5.0382,1,0,0
-0.6938,-0.439,0.5725,-8.6947,7.8855,3.9618,1,0,0
-0.6978,-0.4468,0.5667,-10.5878,8.8015,3.5344,1,0,0
-0.7036,-0.4539,0.5608,-10.6183,8.2672,3.0076,1,0,0
-0.7102,-0.478,0.5564,-9.4885,6.6489,2.916,1,0,0
-0.7029,-0.4832,0.5635,-6.4122,5.9924,3.5496,1,0,0
-0.7131,-0.48,0.5586,-4.0763,5.2443,4.7099,1,0,0
-0.7119,-0.4614,0.551,-1.7176,3.8473,4.458,1,0,0
-0.7075,-0.437,0.5337,-1.3053,1.855,2.855,1,0,0
-0.7136,-0.4338,0.5325,-1.7023,-0.313,1.0382,1,0,0
-0.7151,-0.4304,0.5349,-2.0305,-2.5878,-0.374,1,0,0
-0.7039,-0.4375,0.5488,-3.2366,-3.2519,-0.6641,1,0,0
-0.6956,-0.4446,0.5503,-3.626,-2.4122,-0.1832,1,0,0
-0.6958,-0.4575,0.5708,-1.6031,-1.4122,0.1527,1,0,0
-0.7017,-0.4385,0.5613,-0.1679,-0.3969,-0.2443,1,0,0
-0.7126,-0.439,0.5637,1.0229,-0.4656,-1.6183,1,0,0
-0.7136,-0.4282,0.5679,1.5038,-1.2901,-2.9695,1,0,0
-0.7119,-0.4299,0.5627,1.687,-2.2672,-4.2519,1,0,0
-0.7073,-0.4048,0.5591,1.0611,-3.1603,-6.145,1,0,0
-0.6938,-0.4114,0.5818,-2.5115,-3.0229,-8.0,1,0,0
-0.6941,-0.4021,0.5823,-6.6183,-1.6183,-8.084,1,0,0
-0.6931,-0.4146,0.5742,-10.0611,0.0687,-9.4198,1,0,0
-0.6992,-0.4067,0.5854,-13.9695,1.2443,-11.4656,1,0,0
-0.7026,-0.4006,0.5808,-18.2061,1.4885,-15.0534,1,0,0
-0.7065,-0.4312,0.5662,-22.1679,1.084,-17.8092,1,0,0
-0.6982,-0.4668,0.573,-23.4504,0.2061,-19.0229,1,0,0
-0.6858,-0.5132,0.5928,-24.6641,0.8397,-19.7023,1,0,0
-0.6921,-0.5405,0.5879,-22.374,2.0,-16.6183,1,0,0
-0.6772,-0.5474,0.5842,-19.1069,3.145,-11.5725,1,0,0
-0.6755,-0.5369,0.5618,-17.1069,4.0534,-9.4198,1,0,0
-0.6868,-0.5322,0.5415,-15.5344,5.4122,-7.9008,0,0,0
-0.6902,-0.5222,0.5242,-12.7634,4.6336,-7.1145,0,0,0
-0.6814,-0.5144,0.5015,-11.8626,3.8855,-7.3206,0,0,0
-0.6848,-0.5244,0.5046,-11.1756,3.6947,-6.9542,0,0,0
-0.6865,-0.5278,0.5081,-8.7252,2.7939,-6.0687,0,0,0
-0.6985,-0.5278,0.4912,-6.3435,1.8244,-4.7328,0,0,0
-0.6992,-0.5388,0.4949,-4.0916,-0.5573,-2.2443,0,0,0
-0.6917,-0.5173,0.509,-1.4351,-2.4427,-1.3053,0,0,0
-0.6946,-0.5032,0.5183,-0.6718,-4.1298,-0.458,0,0,0
-0.6904,-0.4988,0.5261,-0.9008,-4.6336,-1.9389,0,0,0
-0.6736,-0.499,0.5439,-0.8092,-3.7557,-2.6031,0,0,0
-0.6719,-0.4697,0.5439,-1.7786,-1.1908,-4.7863,0,0,0
-0.6812,-0.489,0.5483,-2.2061,0.3359,-6.7939,0,0,0
-0.6895,-0.4932,0.5581,-1.8931,1.145,-8.1145,0,0,0
-0.6985,-0.5007,0.55,-1.626,0.5496,-7.0305,0,0,0
-0.6968,-0.5005,0.551,-1.9084,-1.0,-5.5191,0,0,0
-0.6851,-0.5012,0.5569,-1.4733,-1.3817,-4.4427,0,0,0
-0.6799,-0.4875,0.551,-1.5267,-1.2137,-3.5954,0,0,0
-0.6843,-0.4919,0.5437,-1.7634,-1.1069,-2.9313,0,0,0
-0.6924,-0.499,0.5439,-1.4656,-1.1145,-3.2061,0,0,0
-0.6824,-0.4978,0.5459,-0.8779,-1.3817,-3.4504,0,0,0
-0.6807,-0.512,0.5476,-0.8473,-1.1527,-3.542,0,0,0
-0.6738,-0.5005,0.5588,-0.3664,0.4504,-2.6565,0,0,0
-0.6741,-0.5081,0.562,-1.4122,1.2137,-1.1069,0,0,0
-0.6853,-0.511,0.5518,-2.6947,2.374,-2.1527,0,0,0
-0.686,-0.5078,0.541,-2.7176,2.0534,-2.4962,0,0,0
-0.689,-0.5227,0.5352,-2.9542,0.8015,-1.4885,0,0,0
-0.6899,-0.5239,0.532,-2.7863,0.1679,-0.9084,0,0,0
-0.6782,-0.5183,0.5364,-2.2443,-0.3053,-0.5649,0,0,0
-0.6775,-0.5142,0.5332,-1.9084,-0.7634,-0.4275,0,0,0
-0.6824,-0.5205,0.5308,-1.9695,-0.8244,-0.7786,0,0,0
-0.6821,-0.5112,0.5308,-1.8092,-0.5191,-0.1298,0,0,0
-0.6836,-0.5034,0.5369,-2.2061,-0.6183,0.1527,0,0,0
-0.6846,-0.5017,0.543,-3.1527,-1.1069,-0.3817,0,0,0
-0.6865,-0.5105,0.5466,-3.542,-1.2519,-0.5725,0,0,0
-0.6851,-0.4983,0.5447,-4.0382,-1.2672,-0.145,0,0,0
-0.676,-0.5061,0.543,-5.1527,-0.5344,-0.2214,0,0,0
-0.679,-0.5249,0.5557,-3.8473,1.1679,0.2748,0,0,0
-0.677,-0.5173,0.542,-1.7176,1.8626,0.6947,0,0,0
-0.689,-0.5007,0.5398,-2.1374,1.855,-0.2061,0,0,0
-0.6899,-0.5107,0.5342,-3.1603,0.9771,-0.5802,0,0,0
-0.6946,-0.511,0.5435,-2.9542,-0.0916,-0.6489,0,0,0
-0.6807,-0.5154,0.5496,-2.9313,-0.1603,1.0763,0,0,0
-0.6851,-0.5046,0.5437,-2.6031,0.1145,0.7863,0,0,0
-0.6812,-0.5115,0.551,-2.8779,0.2214,0.4809,0,0,0
-0.6851,-0.5078,0.5364,-2.6565,0.4733,0.0916,0,0,0
-0.6951,-0.5061,0.5313,-3.0076,-0.0687,-0.0534,0,0,0
-0.6924,-0.5107,0.54,-4.0611,-0.5954,0.2977,0,0,0
-0.6865,-0.5251,0.5361,-2.2824,-0.3053,0.916,0,0,0
-0.6772,-0.5164,0.552,-1.2061,0.1298,0.9466,0,0,0
-0.6755,-0.5059,0.5481,-1.3511,1.6718,0.8473,0,0,0
-0.6816,-0.5176,0.5535,-1.2366,3.3282,0.4351,0,0,0
-0.6917,-0.5081,0.5396,-0.6412,3.3359,0.6718,0,0,0
-0.6929,-0.5005,0.5273,-1.1832,2.3282,0.2824,0,0,0
-0.6929,-0.501,0.5229,-3.0534,1.3969,0.4656,0,0,0
-0.6914,-0.5183,0.5283,-3.0611,0.4275,1.1145,0,0,0
-0.6824,-0.5127,0.5447,-2.1145,0.9389,2.0076,0,0,0
-0.6826,-0.5076,0.5383,-2.4504,1.2061,2.458,0,0,0
-0.6802,-0.5073,0.5425,-2.8855,2.6565,3.1221,0,0,0
-0.6919,-0.512,0.5376,-2.2061,3.5038,2.0305,0,0,0
-0.6936,-0.5132,0.533,-2.2519,3.7099,1.8244,0,0,0
-0.6929,-0.5149,0.5317,-1.2214,3.145,1.1527,0,0,0
-0.7026,-0.4963,0.5305,-0.687,3.0076,0.5115,0,0,0
-0.7056,-0.4868,0.5237,-1.3588,1.7634,-0.8626,0,0,0
-0.687,-0.5066,0.5322,-2.5038,1.6947,-0.8473,0,0,0
-0.6921,-0.4939,0.5352,-1.8168,1.9847,-0.3817,0,0,0
-0.6826,-0.5134,0.5369,-1.3282,2.2672,0.8015,0,0,0
-0.6948,-0.498,0.5232,-0.9008,2.9008,0.6412,0,0,0
-0.6943,-0.5098,0.5134,-0.7557,2.0305,0.4504,0,0,0
-0.6938,-0.4995,0.5146,-0.3206,1.1832,-0.1145,0,0,0
-0.6951,-0.4995,0.5159,-0.0382,0.4351,-0.5344,0,0,0
-0.6926,-0.5066,0.5215,0.687,-0.1221,-0.2061,0,0,0
-0.6917,-0.4939,0.5205,0.0305,-0.3893,-0.2137,0,0,0
-0.6897,-0.4988,0.5298,-0.3817,-0.4046,0.7481,1,0,0
-0.6912,-0.5046,0.5244,-0.9237,-0.2748,0.9847,1,0,0
-0.6992,-0.5071,0.5273,-2.0229,-1.0229,0.9618,1,0,0
-0.6899,-0.5071,0.5391,-2.7405,-1.0153,1.0458,1,0,0
-0.6909,-0.5149,0.5483,-2.8321,0.7405,1.0229,1,0,0
-0.6951,-0.5151,0.5466,-1.7176,1.7252,1.229,1,0,0
-0.7021,-0.5046,0.5374,-1.0,1.9695,0.2366,1,0,0
-0.6992,-0.5046,0.5359,-0.8092,1.6183,-0.1756,1,0,0
-0.7041,-0.5002,0.5251,-0.4885,0.5344,-0.542,1,0,0
-0.6963,-0.491,0.52,-0.6565,-0.0687,-0.916,1,0,0
-0.6882,-0.4934,0.5251,-1.4885,-0.3893,-0.5496,1,0,0
-0.6865,-0.4937,0.5256,-1.771,0.0992,0.4427,1,0,0
-0.6897,-0.4819,0.5259,-1.6336,1.1756,0.3206,1,0,0
-0.6948,-0.4985,0.5269,-1.6565,1.4351,0.3435,1,0,0
-0.6987,-0.491,0.519,-0.3664,1.5115,0.5191,1,0,0
-0.7083,-0.4961,0.5205,-0.2443,0.2672,-0.2214,1,0,0
-0.7058,-0.4934,0.5178,0.0076,-0.9542,-0.6565,1,0,0
-0.7048,-0.498,0.5212,0.0229,-2.5725,-1.2214,1,0,0
-0.6941,-0.5005,0.5405,-0.7023,-2.1832,-1.084,1,0,0
-0.6909,-0.5061,0.541,-1.4504,-1.0687,-0.3206,1,0,0
-0.6792,-0.5037,0.5439,-2.2901,0.374,-0.2977,1,0,0
-0.6833,-0.5063,0.5469,-3.1374,1.9008,-0.229,1,0,0
-0.698,-0.5195,0.5503,-3.1908,2.7634,0.0534,1,0,0
-0.7012,-0.5144,0.5474,-2.9084,2.542,0.9389,1,0,0
-0.6985,-0.5129,0.5527,-4.7786,2.4122,1.7863,1,0,0
-0.6821,-0.5188,0.5544,-5.4962,3.4885,3.4046,1,0,0
-0.6787,-0.5071,0.5657,-6.855,6.0229,5.0153,1,0,0
-0.6821,-0.5247,0.5645,-9.3435,9.2443,5.5802,1,0,0
-0.6829,-0.5083,0.5596,-10.7023,11.7023,7.4351,1,0,0
-0.6833,-0.5103,0.5674,-13.5573,15.9237,8.1832,1,0,0
-0.6875,-0.5022,0.5603,-16.5038,19.458,8.2748,1,0,0
-0.6907,-0.5054,0.552,-19.6031,22.1908,9.5573,1,0,0
-0.6982,-0.5134,0.5427,-21.0458,24.9847,11.4275,1,0,0
-0.7112,-0.5286,0.5173,-20.4427,26.1145,12.916,1,0,0
-0.7405,-0.5198,0.5039,-18.7481,24.8702,12.7176,1,0,0
-0.7346,-0.521,0.4985,-17.5878,24.0992,13.1069,1,0,0
-0.7239,-0.5127,0.5132,-16.8473,23.6947,12.9695,1,0,0
-0.7288,-0.4797,0.4976,-18.084,25.542,12.8168,1,0,0
-0.7761,-0.5107,0.4885,-20.2443,28.6107,12.2901,1,0,0
-0.6982,-0.4917,0.5171,-21.7099,31.5802,11.0229,1,0,0
-0.6162,-0.4543,0.5386,-20.771,43.626,9.6794,1,0,0
-0.7891,-0.5044,0.4648,-13.7405,35.6412,7.8626,1,0,0
-0.769,-0.4915,0.4275,-9.3969,34.2366,6.5267,1,0,0
-0.7634,-0.4756,0.4297,-8.1298,30.6183,6.6718,1,0,0
-0.7476,-0.4841,0.4553,-9.1145,29.3893,9.3664,1,0,0
-0.6953,-0.5271,0.4893,-7.5115,35.1679,12.7939,1,0,0
-0.698,-0.5317,0.4895,-3.2214,42.3588,15.8855,1,0,0
-0.7388,-0.5144,0.4358,1.5191,49.5038,14.771,1,0,0
-0.7576,-0.4475,0.4219,4.1679,47.8397,11.3588,1,0,0
-0.7917,-0.4226,0.3579,3.9542,45.9389,6.4656,1,0,0
-0.8391,-0.4241,0.3218,0.4275,37.374,4.2672,1,0,0
-0.8123,-0.4314,0.3342,-4.1527,29.0382,3.0076,1,0,0
-0.8169,-0.4556,0.3391,-6.6718,24.8244,2.3206,1,0,0
-0.8044,-0.4597,0.3455,-7.1832,20.2214,1.855,1,0,0
-0.8022,-0.4727,0.334,-5.8855,18.8473,0.5344,1,0,0
-0.8,-0.4761,0.3293,-3.0305,15.1985,-0.7634,1,0,0
-0.813,-0.4875,0.3113,0.4351,11.7099,-1.1603,1,0,0
-0.811,-0.4888,0.3088,3.5038,7.5802,-1.1756,1,0,0
-0.7993,-0.479,0.3118,5.5115,4.0916,-0.1145,1,0,0
-0.7871,-0.4614,0.3235,4.6718,2.1679,0.4427,1,0,0
-0.7993,-0.457,0.3335,3.1527,0.7786,0.0305,1,0,0
-0.7952,-0.4622,0.3367,0.7863,-1.1527,-0.6641,1,0,0
-0.7898,-0.4822,0.3574,-1.0,-2.1221,-1.5191,1,0,0
-0.7886,-0.5037,0.3774,-0.3588,-1.2672,-1.5802,1,0,0
-0.7952,-0.5076,0.3823,0.8397,-1.2061,-1.3282,1,0,0
-0.793,-0.499,0.3884,1.1145,-1.7405,-0.9389,1,0,0
-0.7891,-0.4836,0.3938,-0.6489,-0.8092,0.8473,1,0,0
-0.793,-0.4924,0.3923,-2.4504,-0.0458,0.6031,1,0,0
-0.8054,-0.4897,0.3794,-1.7634,-0.0763,0.0305,1,0,0
-0.8059,-0.4841,0.377,-1.4962,-1.7099,-0.2977,1,0,0
-0.8018,-0.5005,0.3721,0.0,-2.1603,0.2977,1,0,0
-0.7886,-0.4832,0.3892,1.9389,-2.3435,0.4504,1,0,0
-0.7898,-0.4514,0.3928,1.3359,-1.6336,0.6641,1,0,0
-0.7937,-0.4482,0.3718,-0.8931,-1.0916,-1.2672,1,0,0
-0.8066,-0.4456,0.3828,-3.1374,-1.6412,-2.1221,1,0,0
-0.7988,-0.4675,0.3801,-4.8092,-2.5344,-2.4351,1,0,0
-0.7996,-0.4944,0.3767,-2.626,-2.5954,-1.5344,1,0,0
-0.7878,-0.5034,0.3884,-0.0916,-2.6641,-0.3588,1,0,0
-0.7808,-0.4941,0.3865,1.9618,-1.5649,0.2214,1,0,0
-0.7834,-0.4883,0.3994,2.855,-0.0076,0.6031,1,0,0
-0.7949,-0.4561,0.394,1.3435,1.5344,-0.5954,1,0,0
-0.8042,-0.4666,0.3804,-1.4275,0.2595,-2.2519,1,0,0
-0.7981,-0.4746,0.3901,-4.0611,0.0992,-2.0229,1,0,0
-0.7881,-0.4902,0.3894,-5.0916,-0.2214,-0.8855,1,0,0
-0.793,-0.4912,0.3855,-4.5038,-0.5725,-0.7863,1,0,0
-0.7957,-0.4885,0.3779,-2.4122,0.3053,-1.3893,1,0,0
-0.7969,-0.4883,0.3672,0.0534,-0.374,-1.4198,1,0,0
-0.7908,-0.4695,0.366,0.7176,-1.2748,-2.0992,1,0,0
-0.7957,-0.4656,0.3591,-0.0229,-1.8779,-2.9466,1,0,0
-0.8,-0.4707,0.3491,1.1985,-3.0992,-3.0611,1,0,0
-0.7983,-0.447,0.3577,0.6336,-4.5573,-4.0916,1,0,0
-0.7964,-0.4661,0.3569,-0.6489,-6.1374,-5.2366,1,0,0
-0.7871,-0.4797,0.3586,-0.084,-7.2443,-5.7481,1,0,0
-0.7883,-0.4958,0.3767,2.0458,-6.687,-6.9008,1,0,0
-0.7942,-0.4736,0.3809,3.145,-5.9466,-9.6641,1,0,0
-0.7925,-0.4631,0.3799,4.8321,-4.6641,-13.0687,1,0,0
-0.7917,-0.4792,0.3821,3.9771,-4.626,-14.916,1,0,0
-0.7668,-0.4963,0.4133,4.8931,-3.2672,-13.8015,1,0,0
-0.7571,-0.5022,0.4187,3.0687,-0.771,-10.9847,0,0,0
-0.7686,-0.5605,0.4126,4.687,1.0534,-9.2366,0,0,0
-0.7778,-0.5439,0.4175,7.7634,1.9237,-5.7328,0,0,0
-0.7813,-0.5288,0.406,10.0916,2.7481,-4.7405,0,0,0
-0.7932,-0.5283,0.3838,12.9313,1.7939,-2.6336,0,0,0
-0.792,-0.4705,0.3997,11.542,0.3359,-2.6641,0,0,0
-0.782,-0.5071,0.3933,10.8092,-0.2214,-1.0305,0,0,0
-0.7861,-0.4377,0.3909,5.2824,-0.374,-0.7252,0,0,0
-0.7695,-0.4858,0.3982,0.1985,-1.0,-0.4275,0,0,0
-0.7795,-0.4802,0.395,-2.145,-1.1679,-0.2519,0,0,0
-0.7769,-0.5037,0.3975,-1.2824,-0.9542,-0.4809,0,0,0
-0.7795,-0.5017,0.4016,1.0153,-1.1985,-0.1603,0,0,0
-0.7837,-0.4802,0.4084,1.8779,-1.3817,-0.5115,0,0,0
-0.7759,-0.4719,0.4116,0.4351,-1.2901,-0.6183,0,0,0
-0.7783,-0.4836,0.4092,-0.2977,-0.2061,-0.4351,0,0,0
-0.7729,-0.4836,0.418,1.3893,1.0382,-0.1985,0,0,0
-0.7822,-0.4578,0.4153,0.9466,1.8779,-1.7328,0,0,0
-0.7866,-0.4678,0.4109,-0.6565,1.4656,-2.0382,0,0,0
-0.79,-0.458,0.4106,-2.9695,1.4733,-1.7328,0,0,0
-0.772,-0.4824,0.4146,-4.0534,2.3359,-1.0916,0,0,0
-0.7717,-0.4841,0.4167,-3.8931,4.2214,-1.4275,0,0,0
-0.7878,-0.4946,0.4043,-1.6107,5.0229,-2.2595,0,0,0
-0.792,-0.5056,0.3875,-0.1679,3.4122,-2.771,0,0,0
-0.7954,-0.4988,0.3662,1.229,0.9618,-2.1679,0,0,0
-0.7878,-0.4932,0.374,1.4122,-1.4275,-1.7328,0,0,0
-0.7712,-0.488,0.3792,0.4198,-1.9542,-0.5725,0,0,0
-0.7644,-0.4895,0.3848,0.2137,-1.4885,-0.0611,0,0,0
-0.7778,-0.4778,0.374,-0.374,-1.4885,-1.4122,0,0,0
-0.7827,-0.4954,0.3813,-1.0763,-2.855,-1.8244,0,0,0
-0.7825,-0.4795,0.3948,-3.0992,-3.4198,-1.7481,0,0,0
-0.7722,-0.5229,0.3979,-1.7252,-2.5038,-0.8931,0,0,0
-0.7781,-0.5181,0.3972,0.458,-1.374,-0.2443,0,0,0
-0.7783,-0.5063,0.4055,1.4504,-1.0229,-0.4122,0,0,0
-0.7881,-0.4932,0.4065,1.5038,-1.458,-0.3053,0,0,0
-0.7949,-0.4858,0.4063,0.6794,-2.4733,0.0916,0,0,0
-0.7927,-0.4739,0.3938,-0.3435,-4.0382,-0.3053,0,0,0
-0.7866,-0.4734,0.3938,-1.6336,-6.0611,-1.0,0,0,0
-0.7803,-0.4729,0.396,-2.374,-6.7328,-1.2824,0,0,0
-0.7737,-0.4905,0.4175,-0.1756,-6.0305,-0.6183,0,0,0
-0.7722,-0.481,0.4023,1.687,-4.5878,-0.4351,0,0,0
-0.7842,-0.4873,0.3928,3.0992,-4.8397,-0.9542,0,0,0
-0.7842,-0.4622,0.3977,3.2595,-5.8244,-1.3664,0,0,0
-0.7937,-0.4529,0.396,1.4656,-6.7099,-2.6641,0,0,0
-0.8069,-0.4868,0.3953,0.5954,-9.2137,-4.0076,0,0,0
-0.8022,-0.4868,0.3906,1.5878,-12.229,-4.6794,0,0,0
-0.7976,-0.48,0.3823,3.771,-15.8015,-5.8779,0,0,0
-0.8184,-0.4722,0.3701,6.2366,-20.9237,-8.4504,0,0,0
-0.8389,-0.4636,0.3325,8.1221,-29.1527,-12.458,0,0,0
-0.854,-0.4695,0.3027,12.687,-40.771,-16.3359,0,0,0
-0.8704,-0.5034,0.2715,20.3206,-56.7634,-16.7481,0,0,0
-0.8691,-0.4773,0.2532,27.1756,-75.0611,-15.6336,0,0,0
-0.8147,-0.4919,0.262,36.4885,-94.1985,-15.6183,0,0,0
-1.1165,-0.5239,0.1831,46.2519,-113.687,-12.1298,0,0,0
-0.7427,-0.4731,0.2676,58.7252,-135.8397,-13.4504,0,0,0
-0.6687,-0.4661,0.3625,68.3206,-146.8015,-15.0305,0,0,0
-0.4941,-0.3782,0.491,71.6565,-147.084,-11.1985,0,0,0
-0.5942,-0.436,0.5293,70.7939,-140.4809,-7.9695,0,0,0
-0.5342,-0.4182,0.6409,66.1145,-130.6565,-4.5954,0,0,0
-0.4778,-0.4153,0.7551,59.0534,-114.771,-2.626,0,0,0
-0.4507,-0.3767,0.8213,49.2214,-92.0992,-3.4504,0,0,0
-0.5525,-0.4272,0.8245,40.1603,-74.2977,-8.0076,0,0,0
-0.5391,-0.4626,0.8284,34.9008,-59.084,-13.0229,0,0,0
-0.5525,-0.4509,0.8206,32.4885,-49.7481,-17.4504,0,0,0
-0.5857,-0.4695,0.7732,30.1527,-46.5038,-20.374,0,0,0
-0.5854,-0.4976,0.7656,28.916,-46.6183,-18.2824,0,0,0
-0.561,-0.4795,0.769,25.5725,-47.7634,-14.0611,0,0,0
-0.5112,-0.4768,0.8184,19.0611,-41.8855,-5.6794,0,0,0
-0.5017,-0.48,0.8496,14.0153,-31.2977,1.9084,0,0,0
-0.5139,-0.4319,0.8381,9.2672,-20.9771,5.4733,0,0,0
-0.5132,-0.4041,0.8384,3.3053,-9.6107,4.1832,0,0,0
-0.5122,-0.385,0.8252,-1.8931,0.1985,0.4198,0,0,0
-0.5471,-0.3928,0.7808,-6.084,6.5649,-2.916,0,0,0
-0.5598,-0.4087,0.7505,-8.3817,8.8092,-3.8931,0,0,0
-0.5728,-0.4587,0.7266,-6.5649,8.7863,-3.8779,0,0,0
-0.5715,-0.4646,0.7141,-2.4809,7.1603,-1.0763,0,0,0
-0.5835,-0.4421,0.71,-0.1679,5.1985,1.0534,0,0,0
-0.5728,-0.4109,0.7087,-0.7405,4.0153,2.5496,0,0,0
-0.5535,-0.396,0.7104,-4.4885,5.6107,2.6565,0,0,0
-0.5466,-0.4126,0.7329,-9.7786,9.1069,2.3435,0,0,0
-0.5474,-0.4241,0.7415,-14.2061,14.4885,2.9771,0,0,0
-0.5615,-0.4387,0.728,-17.8626,18.8473,2.9313,0,0,0
-0.5771,-0.4658,0.7185,-20.3282,20.1832,2.1908,0,0,0
-0.5881,-0.4895,0.707,-19.6794,18.3511,4.0382,0,0,0
-0.5942,-0.4912,0.6973,-18.1298,16.1374,5.687,0,0,0
-0.5947,-0.4863,0.6848,-17.4809,13.9847,9.229,0,0,0
-0.5801,-0.4785,0.6975,-18.4962,13.0076,12.7557,0,0,0
-0.5811,-0.4568,0.7139,-20.9237,14.3282,15.1603,0,0,0
-0.5901,-0.4373,0.7073,-25.0687,16.0458,17.9542,0,0,0
-0.6042,-0.4514,0.6919,-29.7328,16.5114,20.7634,0,0,0
-0.6301,-0.4375,0.6655,-33.2748,14.2901,21.4427,0,0,0
-0.613,-0.3931,0.6616,-39.8702,11.8702,19.3588,0,0,0
-0.6448,-0.4329,0.6592,-45.0229,7.3511,18.4046,0,0,0
-0.6191,-0.4478,0.6775,-46.8244,5.4809,18.5802,0,0,0
-0.5957,-0.4663,0.6907,-45.5038,7.1603,20.5725,0,0,0
-0.6133,-0.4651,0.6858,-43.458,10.1985,21.9313,0,0,0
-0.6084,-0.4741,0.6899,-40.6336,12.3511,22.6107,0,0,0
-0.6252,-0.4646,0.6682,-36.2519,13.6947,23.3206,0,0,0
-0.6414,-0.4575,0.6558,-31.4733,12.6107,22.3893,0,0,0
-0.6343,-0.4343,0.6575,-28.2366,12.2443,22.1221,0,0,0
-0.6375,-0.4348,0.6428,-26.5954,13.687,21.6336,0,0,0
-0.647,-0.4258,0.6323,-26.2977,13.4885,21.7786,0,0,0
-0.646,-0.448,0.6421,-26.8473,13.0687,21.9084,0,0,0
-0.6301,-0.4294,0.6377,-28.626,13.9084,23.1756,0,0,0
-0.6548,-0.416,0.6501,-31.855,15.3817,23.4809,0,0,0
-0.6558,-0.4312,0.6157,-37.4885,14.6107,28.1298,0,0,0
-0.6904,-0.4739,0.6018,-40.8931,10.7176,31.084,0,0,0
-0.7012,-0.4717,0.5857,-41.3511,7.1603,28.5725,0,0,0
-0.7036,-0.4702,0.5725,-40.8015,2.5649,23.8244,0,0,0
-0.6787,-0.439,0.5823,-41.0,-0.4275,20.9924,0,0,0
-0.6633,-0.4602,0.5874,-40.4504,-0.2443,18.3511,0,0,0
-0.6689,-0.4907,0.5737,-38.8779,1.9008,18.8931,0,0,0
-0.6641,-0.4536,0.5776,-37.5802,4.5954,15.7634,0,0,0
-0.6787,-0.4692,0.562,-34.2595,3.3893,13.1374,0,0,0
-0.6855,-0.4695,0.5525,-31.3969,2.8626,10.4962,0,0,0
-0.6882,-0.5083,0.5593,-24.6641,0.1832,10.084,0,0,0
-0.6743,-0.5313,0.5574,-17.2443,0.1298,13.7634,0,0,0
-0.6738,-0.5303,0.5686,-7.3817,1.6412,15.5496,0,0,0
-0.677,-0.4729,0.5837,-2.2672,4.2137,15.0916,0,0,0
-0.6028,-0.4294,0.5972,-2.3435,7.2672,12.0076,0,0,0
-0.6741,-0.4382,0.5938,-3.6183,9.5878,8.1527,0,0,0
-0.7017,-0.4397,0.5723,-3.542,9.6183,5.6412,0,0,0
-0.6777,-0.4668,0.5769,-3.5344,11.2901,4.3969,0,0,0
-0.6829,-0.49,0.5686,-2.5649,13.8168,6.0687,0,0,0
-0.696,-0.5002,0.5854,1.3817,14.5038,7.5802,0,0,0
-0.7004,-0.4766,0.5613,6.9313,15.4885,7.3359,0,0,0
-0.7014,-0.5168,0.5642,15.626,15.4656,7.1832,0,0,0
-0.6958,-0.5227,0.5488,28.1069,14.4656,7.5496,0,0,0
-0.6943,-0.4629,0.5383,39.1679,16.4046,6.7481,0,0,0
-0.7,-0.4063,0.522,40.5038,16.4656,4.9466,0,0,0
-0.7283,-0.3572,0.4993,34.8397,13.8702,5.0305,0,0,0
-0.7451,-0.3521,0.4849,25.3282,9.0305,3.7634,0,0,0
-0.7488,-0.3826,0.4949,17.7863,3.0229,1.6336,0,0,0
-0.7319,-0.4043,0.5005,14.084,-2.0,-0.8168,0,0,0
-0.7209,-0.4404,0.5205,14.0687,-3.8092,-2.0305,0,0,0
-0.7163,-0.4495,0.5381,15.9695,-5.2366,-1.6107,0,0,0
-0.7075,-0.4243,0.5369,16.6183,-5.7328,-0.8092,0,0,0
-0.718,-0.446,0.5513,16.5802,-6.3817,-1.1908,0,0,0
-0.7246,-0.4612,0.5618,18.5267,-8.0076,-1.6718,0,0,0
-0.7244,-0.4666,0.5525,23.5878,-10.3511,-1.9466,0,0,0
-0.7222,-0.457,0.5488,29.0611,-13.5038,-3.7023,0,0,0
-0.7393,-0.4465,0.5422,33.7786,-16.855,-4.4427,0,0,0
-0.7234,-0.4336,0.5527,38.916,-20.2214,-7.3435,0,0,0
-0.739,-0.4155,0.5483,41.8473,-23.6641,-10.3359,0,0,0
-0.7227,-0.3962,0.5701,43.1756,-27.6336,-12.8244,0,0,0
-0.7036,-0.3816,0.5808,43.9389,-32.5878,-13.4733,0,0,0
-0.6631,-0.3789,0.6248,44.1679,-31.1985,-14.916,0,0,0
-0.6541,-0.4023,0.6338,46.8779,-29.4962,-15.4656,0,0,0
-0.6575,-0.3718,0.6611,48.6412,-25.4198,-14.6641,0,0,0
-0.6699,-0.3491,0.6697,47.855,-23.084,-15.7481,0,0,0
-0.6716,-0.3416,0.6863,46.0534,-20.9542,-18.0687,0,0,0
-0.678,-0.343,0.6833,47.2901,-20.3435,-21.7405,0,0,0
-0.6619,-0.3425,0.6787,48.1603,-21.0763,-25.6794,0,0,0
-0.6628,-0.3235,0.6746,49.0305,-21.8931,-27.9313,0,0,0
-0.6555,-0.3276,0.6907,44.9008,-21.542,-28.2137,0,0,0
-0.636,-0.3159,0.6863,39.4275,-20.7786,-27.8855,0,0,0
-0.6516,-0.3623,0.696,36.2061,-20.8473,-26.313,0,0,0
-0.6267,-0.3513,0.6938,33.916,-21.0458,-23.6718,0,0,0
-0.6194,-0.3635,0.7268,33.7176,-19.626,-22.0076,0,0,0
-0.6047,-0.356,0.7358,30.9008,-16.0,-19.4122,0,0,0
-0.6211,-0.3359,0.7285,27.9924,-13.8626,-19.3206,0,0,0
-0.6255,-0.3379,0.7322,22.5802,-12.8473,-18.6031,0,0,0
-0.6133,-0.3533,0.7322,18.0076,-12.1679,-18.1069,0,0,0
-0.5979,-0.3608,0.7605,11.4504,-8.9771,-16.0305,0,0,0
-0.5957,-0.3662,0.7437,5.0153,-5.1985,-12.9618,0,0,0
-0.6021,-0.3787,0.7539,-0.6183,-3.2519,-10.7786,0,0,0
-0.6152,-0.3835,0.7307,-3.229,-2.145,-10.4427,0,0,0
-0.6162,-0.3862,0.7214,-4.9313,-2.6947,-10.0382,0,0,0
-0.6162,-0.4011,0.7224,-4.6489,-4.3969,-9.2824,0,0,0
-0.6133,-0.4148,0.7053,-3.0916,-5.771,-7.9618,0,0,0
-0.6152,-0.4263,0.7114,-0.0687,-6.4351,-5.4427,0,0,0
-0.6033,-0.4077,0.7129,1.6641,-6.458,-2.0382,0,0,0
-0.6094,-0.3982,0.7122,2.2977,-6.4656,-0.1603,0,0,0
-0.613,-0.4058,0.6997,3.1908,-7.5115,1.2595,0,0,0
-0.6169,-0.3767,0.7075,3.2519,-9.5115,3.0687,0,0,0
-0.613,-0.3896,0.6868,2.6412,-11.7939,4.5191,0,0,0
-0.6177,-0.4026,0.7131,2.1756,-14.2366,5.8092,0,0,0
-0.5879,-0.3879,0.7266,2.8702,-12.9313,6.7786,0,0,0
-0.5786,-0.3652,0.76,2.4275,-9.7405,6.2519,0,0,0
-0.594,-0.3579,0.761,1.8931,-6.7023,5.626,0,0,0
-0.6028,-0.3345,0.7722,1.2443,-5.6412,5.1221,0,0,0
-0.5884,-0.3496,0.7676,0.5038,-4.9618,5.9084,0,0,0
-0.5942,-0.363,0.7683,0.626,-4.0916,7.3206,0,0,0
-0.5889,-0.3845,0.7722,0.2519,-1.9924,10.0611,0,0,0
-0.6094,-0.3584,0.7832,1.8702,-1.5267,12.6412,0,0,0
-0.5972,-0.3481,0.7686,3.2061,-0.9008,12.1145,0,0,0
-0.6128,-0.3274,0.769,3.8168,-1.0916,11.084,0,0,0
-0.5989,-0.3809,0.7551,6.1221,-1.8168,12.1985,0,0,0
-0.6277,-0.3821,0.7231,10.6489,-4.3969,14.2519,0,0,0
-0.5947,-0.3853,0.7153,14.4656,-5.4504,15.6107,0,0,0
-0.6018,-0.3638,0.7131,17.8855,-4.9618,16.8168,0,0,0
-0.5776,-0.3401,0.7283,16.2672,-0.7023,18.1374,0,0,0
-0.6042,-0.3176,0.7451,10.7405,3.4046,17.855,0,0,0
-0.6113,-0.2861,0.7673,3.7634,5.6947,15.9389,0,0,0
-0.5896,-0.3218,0.8125,-3.8779,7.5954,15.8855,0,0,0
-0.5588,-0.3628,0.8416,-9.4351,14.6183,20.626,0,0,0
-0.574,-0.3691,0.8313,-11.6336,22.4427,27.2824,0,0,0
-0.6155,-0.3735,0.8096,-13.1145,27.8473,31.9008,0,0,0
-0.6255,-0.2959,0.7786,-15.9008,29.3817,31.3053,0,0,0
-0.6182,-0.2881,0.7883,-20.9313,31.7939,27.2824,0,0,0
-0.5913,-0.3076,0.821,-24.5649,37.6336,23.0,0,0,0
-0.5833,-0.3198,0.8506,-26.0229,48.8702,22.3359,0,0,0
-0.5786,-0.3252,0.8582,-25.0458,61.4504,22.3969,0,0,0
-0.6169,-0.3306,0.8401,-24.9008,73.4504,23.9618,0,0,0
-0.6323,-0.3191,0.7646,-21.145,79.8702,22.9008,0,0,0
-0.7185,-0.3237,0.7085,-17.7557,80.1832,20.084,0,0,0
-0.8264,-0.3699,0.5793,-16.9389,73.6947,17.2672,0,0,0
-0.7107,-0.26,0.6172,-15.1069,63.0458,16.3206,0,0,0
-0.698,-0.2729,0.6165,-17.8702,62.6641,12.2901,0,0,0
-0.7488,-0.313,0.604,-16.855,60.6565,12.7099,0,0,0
-0.7439,-0.3042,0.5901,-13.6794,60.7023,11.771,0,0,0
-0.6848,-0.2751,0.5811,-11.374,61.9008,9.5496,0,0,0
-0.7095,-0.2852,0.573,-10.5954,64.0687,7.9618,0,0,0
-0.7278,-0.259,0.5542,-9.1603,63.8015,6.313,0,0,0
-0.8066,-0.3188,0.5,-7.7252,59.3588,1.3511,0,0,0
-0.8069,-0.2546,0.4624,-5.4046,49.8626,-2.4962,0,0,0
-0.8313,-0.3123,0.4539,-7.0916,39.2824,-4.5115,0,0,0
-0.811,-0.3164,0.4668,-4.5802,31.8244,-3.9313,0,0,0
-0.791,-0.321,0.4866,-0.8092,25.855,-3.0916,0,0,0
-0.7998,-0.2981,0.4834,2.2595,22.8855,-1.855,0,0,0
-0.7808,-0.3052,0.4917,1.8473,19.4656,1.4656,0,0,0
-0.7883,-0.3105,0.4924,3.5191,17.7023,2.5115,0,0,0
-0.8252,-0.2961,0.4683,4.0992,13.8015,1.9084,0,0,0
-0.8291,-0.2749,0.4622,2.2214,8.1679,0.4198,0,0,0
-0.8142,-0.2847,0.48,0.4275,2.3893,-0.771,0,0,0
-0.8118,-0.2939,0.4727,-0.5725,-1.3588,-0.4809,0,0,0
-0.7979,-0.2983,0.4841,-1.4885,-4.2672,0.5802,0,0,0
-0.7957,-0.3186,0.4946,0.6641,-6.2443,-0.0916,0,0,0
-0.7781,-0.3088,0.5247,1.7405,-6.6031,-0.626,0,0,0
-0.7839,-0.3086,0.5251,2.2443,-5.3053,-0.0076,0,0,0
-0.7974,-0.3027,0.5193,1.7634,-6.2443,-0.4427,0,0,0
-0.8022,-0.2913,0.5173,0.8855,-8.6947,-1.9466,0,0,0
-0.8132,-0.2957,0.5154,-1.1527,-13.1603,-2.8168,0,0,0
-0.7932,-0.3237,0.5244,-1.0,-15.9771,-1.1298,0,0,0
-0.7869,-0.3208,0.5369,0.1374,-17.3511,0.1221,0,0,0
-0.7915,-0.3101,0.5356,0.3511,-18.7405,0.5878,0,0,0
-0.8032,-0.2961,0.5281,0.1908,-21.0,0.6183,0,0,0
-0.783,-0.3118,0.5483,-0.4046,-23.9466,1.1908,0,0,0
-0.7617,-0.2981,0.5818,-0.5191,-23.1679,1.3969,0,0,0
-0.762,-0.2915,0.5876,-0.855,-19.7786,0.3969,0,0,0
-0.7593,-0.27,0.5972,-0.9313,-17.5496,-1.2901,0,0,0
-0.7671,-0.2856,0.5769,-2.0992,-15.229,-3.855,0,0,0
-0.782,-0.3042,0.5764,-0.3435,-16.229,-4.3359,0,0,0
-0.7776,-0.3164,0.5735,0.1298,-17.5954,-2.9924,0,0,0
-0.7634,-0.335,0.5999,1.3969,-18.8855,-1.2366,0,0,0
-0.7476,-0.2964,0.6135,2.7252,-16.3664,0.5115,0,0,0
-0.7529,-0.2961,0.6069,0.6794,-14.5038,0.6794,0,0,0
-0.7493,-0.2969,0.6035,0.0763,-12.1756,0.4656,0,0,0
-0.7385,-0.3127,0.6135,-0.1069,-8.5954,0.1145,0,0,0
-0.7515,-0.3281,0.6169,1.6641,-5.9542,0.5115,0,0,0
-0.6628,-0.282,0.6184,2.1145,-7.8321,2.0382,0,0,0
-0.7581,-0.3098,0.6199,3.1832,-3.6183,0.7176,0,0,0
-0.75,-0.3083,0.6189,2.9466,-2.3969,2.1221,0,0,0
-0.7627,-0.2988,0.6101,0.6489,-2.1069,2.5344,0,0,0
-0.7451,-0.302,0.6165,-1.2748,-2.0534,2.3893,0,0,0
-0.7427,-0.2949,0.6143,-2.084,0.3588,1.7176,0,0,0
-0.7456,-0.3035,0.6257,-2.1527,2.7328,1.7634,0,0,0
-0.7495,-0.2991,0.6106,-1.771,5.1908,2.2366,0,0,0
-0.7578,-0.2954,0.5979,-0.5878,7.1908,1.6947,0,0,0
-0.769,-0.2937,0.5837,0.2977,6.1374,1.9847,0,0,0
-0.7747,-0.2874,0.5793,0.7405,4.8244,1.0916,0,0,0
-0.7695,-0.2915,0.5774,0.5649,3.2748,0.2824,0,0,0
-0.7693,-0.282,0.5752,0.0153,1.8168,-0.2901,0,0,0
-0.7649,-0.2817,0.5745,-0.0229,0.916,-0.0458,0,0,0
-0.7617,-0.2751,0.5879,-1.1145,-0.2824,-0.5878,0,0,0
-0.7578,-0.2832,0.5972,-1.1603,1.0458,-1.687,0,0,0
-0.7588,-0.2832,0.592,-1.0458,1.0382,-2.3969,0,0,0
-0.7571,-0.2917,0.5867,-0.6183,1.5496,-2.8321,0,0,0
-0.7642,-0.2988,0.5842,0.626,1.3282,-3.6489,0,0,0
-0.7683,-0.3074,0.5833,2.1908,0.8321,-3.8855,0,0,0
-0.7727,-0.3015,0.5796,3.7863,0.084,-3.8168,0,0,0
-0.772,-0.2981,0.5786,4.4733,-1.4885,-3.6947,0,0,0
-0.7686,-0.2859,0.5803,4.687,-2.8092,-4.3969,0,0,0
-0.7673,-0.2852,0.5771,3.687,-3.771,-5.6107,0,0,0
-0.7578,-0.2729,0.5784,2.6489,-3.7863,-6.8931,0,0,0
-0.748,-0.2839,0.5979,1.1374,-2.7405,-8.2061,0,0,0
-0.751,-0.291,0.5925,2.3206,-1.3206,-7.9542,0,0,0
-0.7566,-0.2915,0.5991,2.3359,-0.9618,-7.9618,0,0,0
-0.76,-0.3064,0.5986,1.9084,-0.9924,-7.7405,0,0,0
-0.7642,-0.3123,0.6101,2.2901,-2.0687,-5.0458,0,0,0
-0.7483,-0.3035,0.6028,1.6641,-1.8168,-2.6031,0,0,0
-0.7468,-0.2927,0.6111,0.4351,-0.0763,-3.084,0,0,0
-0.7473,-0.2903,0.616,-0.8321,1.7328,-4.1374,0,0,0
-0.7542,-0.3262,0.6152,-1.5191,3.7786,-4.1985,0,0,0
-0.7581,-0.3276,0.6099,-0.2977,4.1603,-3.3664,0,0,0
-0.7693,-0.3259,0.6038,0.0305,3.5496,-2.1985,0,0,0
-0.7607,-0.3125,0.6072,0.3588,3.4275,-1.7252,0,0,0
-0.7595,-0.3203,0.6003,2.5191,3.9542,-1.6107,0,0,0
-0.7583,-0.2983,0.5942,2.5038,3.6489,-0.8092,0,0,0
-0.7554,-0.3088,0.6001,2.7405,4.4885,-0.1985,0,0,0
-0.7595,-0.3289,0.6033,4.9542,6.3282,0.313,0,0,0
-0.7678,-0.3262,0.5911,8.8168,6.1527,1.3282,0,0,0
-0.7634,-0.3037,0.5859,11.2824,5.2824,0.9389,0,0,0
-0.7581,-0.2705,0.5896,9.6947,4.8092,-0.229,0,0,0
-0.7686,-0.2791,0.5884,8.4962,4.8321,-0.5496,0,0,0
-0.7666,-0.2854,0.5938,7.1374,4.2824,0.313,0,0,0
-0.769,-0.2646,0.5762,5.4885,3.5496,-0.5191,1,0,0
-0.7581,-0.283,0.5952,4.2748,3.7481,-0.6565,1,0,0
-0.7651,-0.2905,0.594,4.3893,4.626,-1.1221,1,0,0
-0.7605,-0.2764,0.5708,5.6794,4.2137,-2.6107,1,0,0
-0.7605,-0.292,0.5906,4.3359,5.1145,-3.7634,1,0,0
-0.7705,-0.2773,0.5762,3.4198,3.5802,-4.855,1,0,0
-0.7732,-0.2903,0.5725,3.8092,2.6336,-5.8397,1,0,0
-0.7773,-0.2778,0.5613,2.9237,1.1298,-6.3511,1,0,0
-0.7737,-0.2725,0.5601,-0.4122,-0.9924,-6.6183,1,0,0
-0.7695,-0.2617,0.5691,-4.542,-2.1374,-6.8855,1,0,0
-0.7632,-0.2825,0.5845,-7.5725,-2.8321,-6.7939,1,0,0
-0.77,-0.2979,0.5818,-8.916,-3.6183,-5.5954,1,0,0
-0.7751,-0.2961,0.5793,-7.8244,-5.2366,-4.9237,1,0,0
-0.7649,-0.3242,0.585,-7.4733,-6.0153,-4.1603,1,0,0
-0.7354,-0.3154,0.6016,-6.855,-4.6489,-2.6031,1,0,0
-0.759,-0.304,0.5986,-6.374,-2.6718,-3.8244,1,0,0
-0.7524,-0.3113,0.6069,-6.4046,-1.0382,-4.4885,1,0,0
-0.7585,-0.3218,0.6025,-5.0229,-0.4122,-3.9847,1,0,0
-0.7678,-0.3093,0.5952,-4.1985,-0.9771,-4.0458,1,0,0
-0.7656,-0.3093,0.5916,-4.0763,-1.2443,-4.2672,1,0,0
-0.7676,-0.3088,0.5903,-3.6183,-2.0992,-4.6031,1,0,0
-0.7607,-0.3003,0.5852,-4.0611,-2.9618,-4.6489,1,0,0
-0.7622,-0.2849,0.5757,-3.9542,-3.5802,-6.1298,1,0,0
-0.7537,-0.2937,0.5808,-3.9771,-3.7405,-7.5725,1,0,0
-0.7576,-0.303,0.5901,-3.7405,-3.4885,-7.7786,1,0,0
-0.7773,-0.302,0.5842,-2.8855,-4.9542,-8.0382,1,0,0
-0.7598,-0.2952,0.5803,-3.5573,-6.3817,-7.8626,0,0,0
-0.7646,-0.3115,0.5793,-2.1679,-8.2137,-10.3511,0,0,0
-0.7698,-0.3127,0.575,2.8931,-10.3588,-12.3588,0,0,0
-0.7524,-0.3225,0.5762,6.2672,-11.5802,-12.9389,0,0,0
-0.7668,-0.323,0.5767,9.5496,-14.2519,-13.313,0,0,0
-0.7595,-0.2871,0.5764,10.5344,-15.9542,-13.3588,0,0,0
-0.7664,-0.3079,0.5759,11.5649,-17.5954,-15.2137,0,0,0
-0.7498,-0.2798,0.574,15.2214,-19.9389,-16.9084,0,0,0
-0.7527,-0.3081,0.5662,17.3206,-21.4809,-19.0763,0,0,0
-0.7239,-0.3052,0.6047,18.2519,-23.0382,-17.0382,0,0,0
-1.0325,-0.376,0.5071,14.9771,-28.1527,-8.2519,0,0,0
-0.6221,-0.3374,0.6499,10.2748,-18.1527,-6.1527,0,0,0
-0.7351,-0.3154,0.6404,7.2214,-15.4351,-3.4198,0,0,0
-0.7097,-0.3162,0.6523,5.6489,-13.4962,-4.8626,0,0,0
-0.7173,-0.3232,0.6528,5.2901,-12.1908,-5.6718,0,0,0
-0.7102,-0.3315,0.6672,3.9313,-10.1832,-5.7634,0,0,0
-0.71,-0.3376,0.6787,1.6031,-7.6031,-4.5878,0,0,0
-0.7153,-0.3418,0.6748,-0.8397,-5.2595,-2.8855,0,0,0
-0.7041,-0.3591,0.678,-1.9008,-3.5191,-1.7252,0,0,0
-0.7034,-0.3547,0.6797,-1.5725,-0.9008,-0.5573,0,0,0
-0.7141,-0.3433,0.6626,-0.5496,1.1527,-0.4275,0,0,0
-0.7104,-0.3384,0.6501,-0.7023,2.2824,-0.0534,0,0,0
-0.7185,-0.3254,0.6438,-1.1603,2.4427,0.7786,0,0,0
-0.717,-0.314,0.6274,-3.2061,2.0763,0.8397,0,0,0
-0.7224,-0.3042,0.6321,-5.4046,1.0076,0.8931,0,0,0
-0.7222,-0.3164,0.6335,-6.4427,0.2366,0.7023,0,0,0
-0.7227,-0.3276,0.6255,-6.1832,0.3053,0.916,0,0,0
-0.7209,-0.3335,0.6331,-3.7863,0.5038,1.7099,0,0,0
-0.7144,-0.3328,0.6211,-0.8321,1.0763,2.3893,0,0,0
-0.7217,-0.3267,0.624,0.9542,0.4656,3.1145,0,0,0
-0.7229,-0.3081,0.6384,2.0687,0.084,3.771,0,0,0
-0.7207,-0.3,0.6328,1.5191,0.1756,3.0916,0,0,0
-0.7231,-0.3032,0.6287,0.4656,0.1756,3.9237,0,0,0
-0.7251,-0.3081,0.6292,0.4427,-0.0458,2.916,0,0,0
-0.7322,-0.3083,0.6282,1.5954,-0.9542,1.8855,0,0,0
-0.7295,-0.3071,0.6357,2.313,-1.7481,1.6794,0,0,0
-0.7141,-0.3074,0.6555,2.313,-0.6794,1.5649,0,0,0
-0.7061,-0.2991,0.6626,1.8015,1.916,0.8321,0,0,0
-0.7131,-0.293,0.6694,0.7023,4.2901,0.0382,0,0,0
-0.7205,-0.312,0.666,1.6412,6.6336,-0.7405,1,0,0
-0.729,-0.3284,0.6328,3.4351,6.5496,-0.8397,1,0,0
-0.7419,-0.3252,0.6113,6.7863,3.8779,-2.2061,1,0,0
-0.7302,-0.3179,0.6169,7.8244,2.1298,-1.3969,1,0,0
-0.7295,-0.2922,0.626,5.5344,0.8626,-0.3664,1,0,0
-0.7158,-0.2827,0.6379,2.0305,1.1145,0.1145,1,0,0
-0.7227,-0.2715,0.6177,-2.084,1.2214,-0.8244,1,0,0
-0.7283,-0.2769,0.6216,-6.2901,0.3435,-2.374,1,0,0
-0.7336,-0.2874,0.6182,-8.9084,-1.2061,-3.3588,1,0,0
-0.7319,-0.3035,0.6204,-10.4122,-2.6565,-3.4733,1,0,0
-0.7314,-0.3252,0.6287,-10.2443,-3.1145,-3.9695,1,0,0
-0.7231,-0.3386,0.6299,-7.9847,-2.4656,-3.9618,1,0,0
-0.7202,-0.3232,0.6514,-6.1527,-1.4733,-4.7023,1,0,0
-0.718,-0.3313,0.6323,-5.0229,-0.2977,-2.3893,1,0,0
-0.7283,-0.3232,0.6326,-3.4046,0.8855,-1.5725,1,0,0
-0.7322,-0.322,0.6206,-3.7863,-0.8168,-1.1908,1,0,0
-0.7344,-0.3174,0.6206,-3.4733,-2.4885,-0.313,1,0,0
-0.7295,-0.3096,0.6194,-4.855,-4.2901,-0.0992,1,0,0
-0.7224,-0.3049,0.6443,-6.626,-4.0611,-0.3511,1,0,0
-0.707,-0.3169,0.655,-7.5725,-1.9313,-0.687,1,0,0
-0.7043,-0.3262,0.6575,-8.4962,0.9389,0.5496,1,0,0
-0.7112,-0.3269,0.6489,-9.2137,3.1069,1.7405,1,0,0
-0.7178,-0.3208,0.6467,-10.8626,4.7023,3.2061,1,0,0
-0.7339,-0.3445,0.645,-11.9389,4.5496,4.7786,1,0,0
-0.7336,-0.3389,0.6514,-11.458,4.0,6.9084,1,0,0
-0.7324,-0.323,0.6443,-12.7863,3.3206,9.8244,1,0,0
-0.7126,-0.3335,0.6504,-14.4733,4.1603,12.0611,1,0,0
-0.708,-0.3418,0.6567,-14.2748,7.4962,12.3969,1,0,0
-0.7244,-0.3445,0.6497,-12.5725,10.0763,12.1145,1,0,0
-0.728,-0.3074,0.635,-12.771,10.3282,11.7252,0,0,0
-0.7424,-0.2915,0.6172,-15.3588,10.3588,10.6412,0,0,0
-0.7507,-0.2998,0.6101,-17.3664,8.9466,8.1298,0,0,0
-0.752,-0.3181,0.606,-16.084,8.4962,5.3206,0,0,0
-0.7476,-0.3298,0.6035,-12.3282,7.9542,3.2366,0,0,0
-0.7422,-0.3262,0.5996,-7.3053,6.6107,2.1985,0,0,0
-0.7361,-0.3162,0.5972,-3.1985,5.6718,1.8473,0,0,0
-0.75,-0.2979,0.5903,-1.8015,5.229,1.3511,0,0,0
-0.7354,-0.2876,0.5962,-1.3664,5.2595,1.1069,0,0,0
-0.738,-0.2839,0.6013,-2.3053,5.6794,0.9771,0,0,0
-0.7446,-0.2769,0.6064,-4.4198,6.145,-0.3588,0,0,0
-0.7471,-0.2986,0.6064,-5.7405,6.0229,-0.9542,0,0,0
-0.7502,-0.3147,0.5989,-4.8092,5.5878,-1.3588,0,0,0
-0.7549,-0.3206,0.5986,-3.145,5.2748,-1.7863,0,0,0
-0.7444,-0.3289,0.5996,-1.7099,4.1145,-1.5878,0,0,0
-0.7329,-0.3186,0.5996,-1.3206,5.3206,-0.4885,0,0,0
-0.7446,-0.3171,0.6143,-1.084,6.7939,-0.8244,0,0,0
-0.7402,-0.3274,0.6089,-1.626,8.0229,-0.3206,0,0,0
-0.7466,-0.3269,0.6064,-1.7023,9.5954,0.4427,0,0,0
-0.7607,-0.3223,0.5864,-1.2214,9.0687,-0.2901,0,0,0
-0.771,-0.3291,0.5781,-0.5115,7.2366,-1.4427,0,0,0
-0.77,-0.334,0.5745,0.7863,4.5802,-1.7786,0,0,0
-0.759,-0.3491,0.5698,2.5954,2.2061,0.1221,0,0,0
-0.7498,-0.3359,0.5874,5.3588,1.8779,1.2443,0,0,0
-0.7556,-0.314,0.5869,6.1908,1.4885,1.3359,0,0,0
-0.7578,-0.2913,0.5793,5.0458,1.7405,-0.0763,0,0,0
-0.7717,-0.2954,0.5566,4.1985,0.3282,-1.5344,0,0,0
-0.7546,-0.302,0.5674,1.8855,-1.771,-1.8626,0,0,0
-0.7612,-0.333,0.5586,1.9542,-4.9008,-1.4198,0,0,0
-0.7437,-0.3357,0.5684,3.145,-5.8855,-2.4198,0,0,0
-0.751,-0.2866,0.605,3.3511,-3.1145,-1.2748,1,0,0
-0.7434,-0.302,0.6045,3.9847,-2.6641,-0.6565,1,0,0
-0.7446,-0.3086,0.6118,3.9008,-1.0916,-1.2977,1,0,0
-0.7637,-0.2935,0.5967,2.2901,-1.3435,-2.626,1,0,0
-0.7686,-0.2922,0.5955,0.458,-2.7099,-2.8779,1,0,0
-0.7634,-0.3013,0.6013,-2.4427,-4.8397,-3.0992,1,0,0
-0.7502,-0.3127,0.6196,-3.6718,-4.9924,-2.7634,1,0,0
-0.7422,-0.3113,0.605,-4.313,-3.8321,-2.0,1,0,0
-0.7466,-0.3108,0.6162,-5.2595,-3.145,-1.8168,1,0,0
-0.7483,-0.3174,0.6106,-5.0076,-1.3282,-2.1069,1,0,0
-0.7361,-0.345,0.6084,-2.8702,0.2366,-1.4275,1,0,0
-0.7437,-0.312,0.5955,-2.145,0.9695,-0.7023,1,0,0
-0.7539,-0.2952,0.5908,-3.9389,0.3435,-1.313,1,0,0
-0.7603,-0.3005,0.5962,-5.9695,-0.3435,-2.1069,1,0,0
-0.7471,-0.3257,0.5906,-6.0611,-0.4275,-2.0534,1,0,0
-0.7485,-0.3418,0.5876,-3.374,-0.3969,-1.7481,1,0,0
-0.7581,-0.3254,0.5872,-1.5344,-1.6641,-1.4962,1,0,0
-0.7549,-0.3076,0.5828,-1.0382,-2.9618,-1.8626,1,0,0
-0.7478,-0.3088,0.5994,-2.3282,-3.6107,-0.8931,1,0,0
-0.75,-0.3083,0.595,-2.8015,-2.9924,-0.4046,1,0,0
-0.7551,-0.3081,0.5896,-2.8092,-3.2061,-0.9466,1,0,0
-0.7488,-0.3162,0.5925,-3.6031,-3.8779,-1.7863,1,0,0
-0.7402,-0.3301,0.5969,-2.4122,-3.8473,-1.7252,1,0,0
-0.7437,-0.3115,0.6003,-1.5802,-3.3664,-1.4046,1,0,0
-0.7463,-0.2952,0.5962,-3.3817,-3.1603,-2.3435,1,0,0
-0.751,-0.2927,0.592,-6.1603,-4.1298,-3.626,1,0,0
-0.7539,-0.3262,0.6028,-6.9924,-4.145,-4.3817,1,0,0
-0.7466,-0.3704,0.6106,-4.1069,-4.2137,-1.8015,1,0,0
-0.7432,-0.335,0.604,0.1756,-3.9237,-0.4122,1,0,0
-0.7419,-0.3069,0.606,1.0763,-3.8855,-1.9084,1,0,0
-0.7537,-0.2957,0.6033,-0.3206,-4.1069,-3.6565,1,0,0
-0.7532,-0.301,0.5977,-2.4962,-4.9847,-4.687,1,0,0
-0.7429,-0.3179,0.6147,-3.6183,-6.3206,-4.8702,1,0,0
-0.7246,-0.3237,0.6245,-4.7863,-5.1069,-2.6183,1,0,0
-0.7288,-0.3179,0.6318,-5.4046,-2.6641,-1.7099,1,0,0
-0.7346,-0.3254,0.6287,-5.2061,-0.3435,-2.7023,1,0,0
-0.7461,-0.3445,0.6045,-3.5878,-0.1298,-2.7405,1,0,0
-0.7544,-0.3398,0.5972,-2.0305,-1.6412,-2.6718,1,0,0
-0.7483,-0.3298,0.5962,-1.5725,-3.5344,-2.7634,1,0,0
-0.7449,-0.3401,0.5938,-0.6107,-5.1145,-2.0992,1,0,0
-0.7366,-0.3337,0.593,0.5954,-5.5267,-1.1527,1,0,0
-0.7412,-0.3179,0.5918,0.5954,-5.6641,-1.687,1,0,0
-0.7339,-0.3147,0.6006,0.1221,-6.2061,-2.5344,1,0,0
-0.729,-0.3079,0.6057,-1.3359,-5.9008,-2.771,1,0,0
-0.7305,-0.3071,0.6133,-3.2595,-5.5344,-3.1221,1,0,0
-0.7351,-0.3113,0.6172,-4.8626,-5.0229,-3.5191,1,0,0
-0.7393,-0.3208,0.6191,-5.6718,-4.6489,-4.9389,1,0,0
-0.7437,-0.3354,0.6223,-3.916,-5.1145,-6.3893,1,0,0
-0.7363,-0.325,0.6196,-2.4809,-5.2366,-7.5573,1,0,0
-0.7358,-0.3403,0.6116,-1.8092,-5.7176,-7.7252,1,0,0
-0.7231,-0.3484,0.6228,-0.0763,-5.8931,-5.8626,1,0,0
-0.7283,-0.3247,0.6213,0.0458,-5.458,-3.0305,1,0,0
-0.7285,-0.3142,0.6106,-0.8244,-5.1298,-2.4275,1,0,0
-0.7344,-0.3181,0.6121,-2.0305,-5.084,-2.7557,1,0,0
-0.731,-0.3206,0.6155,-2.3435,-5.9618,-3.5038,1,0,0
-0.7393,-0.3262,0.6008,-2.2137,-6.8702,-4.1145,1,0,0
-0.7378,-0.3369,0.6084,-1.7023,-8.5725,-4.9389,1,0,0
-0.731,-0.3342,0.6082,-0.6336,-10.1374,-5.3817,1,0,0
-0.7319,-0.3572,0.6016,1.2748,-9.9313,-5.855,1,0,0
-0.7231,-0.3674,0.603,4.5344,-11.1985,-3.9313,1,0,0
-0.7244,-0.3335,0.5981,6.7634,-12.4809,-2.9618,1,0,0
-0.729,-0.3184,0.5952,5.6031,-14.2824,-3.3588,1,0,0
-1.114,-0.4346,0.4695,4.6107,-22.9771,-1.1298,1,0,0
-0.6118,-0.3022,0.5891,1.9542,-21.7481,-4.0992,1,0,0
-0.7388,-0.3196,0.5881,-0.1527,-23.0076,-4.5878,1,0,0
-0.707,-0.3169,0.6072,-0.9695,-25.7328,-3.0,1,0,0
-0.708,-0.3398,0.6179,-0.6947,-25.9618,-3.2748,1,0,0
-0.6741,-0.3716,0.6604,-1.5802,-24.3817,-1.9313,1,0,0
-0.6628,-0.363,0.6936,-0.0153,-18.0153,-0.4504,1,0,0
-0.6614,-0.3533,0.7117,2.2137,-11.7176,0.1221,1,0,0
-0.6812,-0.344,0.7041,2.7863,-7.6107,0.0687,1,0,0
-0.6931,-0.3311,0.6934,1.8473,-6.1069,-0.4962,1,0,0
-0.7058,-0.3403,0.7031,-0.5878,-6.7557,-0.7405,1,0,0
-0.6951,-0.3364,0.7002,-2.9237,-6.687,0.0076,1,0,0
-0.6868,-0.3293,0.7073,-4.916,-5.7176,1.7405,1,0,0
-0.6777,-0.3318,0.7068,-6.3893,-3.7863,1.8015,1,0,0
-0.6748,-0.3245,0.7065,-6.626,-0.855,1.0,1,0,0
-0.6768,-0.3247,0.6904,-6.9389,2.5038,1.1756,1,0,0
-0.6877,-0.3313,0.6677,-5.8244,4.687,0.5725,1,0,0
-0.6946,-0.3337,0.6492,-4.3817,5.5649,0.9313,1,0,0
-0.7021,-0.3218,0.636,-2.9466,4.374,1.4427,1,0,0
-0.7109,-0.3135,0.6301,-3.5649,2.3664,1.9389,1,0,0
-0.7007,-0.3223,0.6338,-4.9771,0.8168,1.855,1,0,0
-0.6865,-0.3184,0.6587,-6.2901,1.916,2.7786,1,0,0
-0.6824,-0.3225,0.6621,-7.5496,3.9084,2.5878,1,0,0
-0.6951,-0.3318,0.6628,-8.5878,6.2137,2.3359,1,0,0
-0.6924,-0.3296,0.6636,-8.916,7.855,1.6718,1,0,0
-0.6987,-0.3501,0.6606,-9.542,8.4275,1.5573,1,0,0
-0.7104,-0.3503,0.6514,-9.1298,8.2748,1.313,1,0,0
-0.6987,-0.353,0.6545,-9.7328,8.2672,1.771,1,0,0
-0.6814,-0.3403,0.668,-11.0076,10.3206,2.6107,1,0,0
-0.7175,-0.3577,0.6577,-12.7176,13.3588,2.2595,1,0,0
-0.6951,-0.3508,0.6602,-12.8473,13.6336,2.9847,1,0,0
-0.7046,-0.353,0.6411,-12.0611,14.145,2.4885,1,0,0
-0.7341,-0.3545,0.625,-11.4962,13.0153,1.9924,1,0,0
-0.7327,-0.3481,0.6113,-10.0763,10.9237,2.374,1,0,0
-0.7227,-0.3418,0.6177,-8.7328,9.1756,3.4504,1,0,0
-0.7007,-0.3318,0.636,-8.5954,8.3359,4.7939,1,0,0
-0.7019,-0.3257,0.6384,-9.313,10.771,6.4122,1,0,0
-0.7126,-0.3213,0.6279,-10.771,12.4046,6.2595,1,0,0
-0.7219,-0.3154,0.6243,-10.6489,13.3588,4.3206,1,0,0
-0.7263,-0.3311,0.6172,-9.7252,13.2519,1.9466,1,0,0
-0.7307,-0.3523,0.6245,-7.8397,12.4046,2.084,1,0,0
-0.7317,-0.3643,0.6248,-4.8702,12.4809,4.0,1,0,0
-0.7266,-0.3428,0.6335,-3.4504,12.2061,5.313,1,0,0
-0.7297,-0.3259,0.6272,-3.6489,13.2672,4.5496,1,0,0
-0.7385,-0.3276,0.6125,-3.2748,13.4351,4.0534,1,0,0
-0.7473,-0.3225,0.5957,-3.1832,12.5191,1.9771,1,0,0
-0.7466,-0.3518,0.585,-2.0763,10.9313,1.5802,1,0,0
-0.7422,-0.3547,0.5938,-0.6794,10.0992,3.1603,1,0,0
-0.7383,-0.3491,0.5889,0.6412,8.9313,3.3282,1,0,0
-0.7361,-0.3337,0.5703,0.1221,7.8779,3.6412,1,0,0
-0.7625,-0.3218,0.5632,-1.3511,6.4733,-0.1908,1,0,0
-0.7236,-0.3579,0.5952,-0.4198,6.2519,0.1985,1,0,0
-0.7554,-0.3184,0.5918,-0.916,5.6794,-0.4809,1,0,0
-0.74,-0.3328,0.6011,-2.1832,5.3969,-1.0076,1,0,0
-0.7319,-0.3323,0.5984,-3.7176,6.4504,-0.8397,1,0,0
-0.7439,-0.3418,0.5962,-3.145,6.1221,-1.2748,1,0,0
-0.7649,-0.3352,0.5808,-2.5115,4.3053,-1.8321,1,0,0
-0.7561,-0.3276,0.5752,-2.5191,1.6412,-2.3817,1,0,0
-0.7473,-0.3188,0.5798,-3.8321,0.0076,-3.374,1,0,0
-0.7444,-0.3066,0.5806,-5.9237,-0.5649,-4.2519,1,0,0
-0.7456,-0.313,0.5735,-8.7405,-1.4656,-4.4962,1,0,0
-0.7539,-0.3142,0.5798,-10.4198,-2.542,-4.626,1,0,0
-0.7422,-0.3589,0.5845,-10.3511,-1.7557,-4.9542,1,0,0
-0.7456,-0.3811,0.5825,-4.8244,-1.5115,-3.5954,1,0,0
-0.7439,-0.3542,0.5857,-0.4427,-1.855,-3.4351,1,0,0
-0.7402,-0.3396,0.5852,0.687,-2.1679,-3.8702,1,0,0
-0.7451,-0.3384,0.5796,0.626,-2.4504,-3.4198,1,0,0
-0.7446,-0.3328,0.5867,-1.626,-2.9466,-2.9084,1,0,0
-0.7388,-0.3369,0.593,-3.8092,-2.5802,-2.3817,1,0,0
-0.7354,-0.3506,0.6062,-5.2061,-1.5954,-2.7176,1,0,0
-0.7324,-0.3665,0.6091,-4.7176,-0.0916,-2.6183,1,0,0
-0.739,-0.3745,0.5967,-3.3206,0.6183,-2.3435,1,0,0
-0.749,-0.3604,0.5901,-2.2366,-0.2977,-1.7099,1,0,0
-0.7537,-0.364,0.5913,-2.9466,-2.0305,-1.2595,1,0,0
-0.7468,-0.365,0.5818,-1.1985,-2.6107,-0.4962,1,0,0
-0.7476,-0.363,0.5759,0.5725,-3.5496,-0.2748,1,0,0
-0.7419,-0.3479,0.571,0.7863,-5.0305,-0.4198,1,0,0
-0.7346,-0.3364,0.5818,-0.6489,-4.9008,0.1527,1,0,0
-0.7356,-0.3308,0.5984,-2.5344,-4.4733,-0.3511,1,0,0
-0.7324,-0.3347,0.5955,-4.0458,-3.2672,-0.7176,1,0,0
-0.738,-0.3354,0.6011,-4.4122,-2.9237,-1.1374,1,0,0
-0.7437,-0.3311,0.6006,-4.7328,-3.2214,-2.3435,1,0,0
-0.7439,-0.3367,0.5913,-4.9924,-4.229,-3.0763,0,0,0
-0.7385,-0.3494,0.5977,-4.4198,-5.145,-3.2366,0,0,0
-0.7378,-0.3535,0.584,-3.4351,-6.2366,-3.0305,0,0,0
-0.7415,-0.3271,0.5981,-3.8168,-6.2214,-3.8702,0,0,0
-0.739,-0.3257,0.5947,-5.6336,-5.4427,-5.1679,0,0,0
-0.7214,-0.3589,0.6011,-6.1527,-5.0763,-4.4122,0,0,0
-0.7285,-0.353,0.6116,-5.7481,-3.9084,-3.9237,0,0,0
-0.7351,-0.3242,0.6028,-6.6794,-2.771,-4.916,0,0,0
-0.7375,-0.3657,0.5967,-7.5115,-2.9542,-5.9008,0,0,0
-0.7366,-0.384,0.6001,-4.9008,-2.3282,-7.4656,0,0,0
-0.7324,-0.374,0.5991,-1.8779,-1.5573,-8.229,0,0,0
-0.7209,-0.3833,0.604,0.0153,-1.7481,-6.2519,0,0,0
-0.7188,-0.3892,0.5972,1.2519,-1.4122,-4.1298,0,0,0
-0.7253,-0.3774,0.6042,2.8092,-0.6412,-1.4885,0,0,0
-0.7607,-0.3606,0.606,2.6031,-1.0076,-0.6183,0,0,0
-0.7305,-0.356,0.5999,0.7786,-2.6107,-0.2672,0,0,0
-0.7241,-0.3672,0.6006,0.5725,-2.8779,0.8168,0,0,0
-0.7219,-0.356,0.6021,0.7634,-1.6947,1.5802,0,0,0
-0.7261,-0.3569,0.6001,0.0687,-1.1756,0.7328,0,0,0
-0.7292,-0.3396,0.6113,-0.6718,-1.1069,-0.1985,0,0,0
-0.7297,-0.3462,0.606,-2.5573,-0.7176,-0.8855,0,0,0
-0.73,-0.3577,0.6123,-2.3282,-0.7099,-0.2901,0,0,0
-0.7332,-0.3579,0.6011,-1.855,-0.771,-0.7023,0,0,0
-0.7336,-0.3564,0.6042,-1.6412,-1.0229,-0.4656,0,0,0
-0.7249,-0.3608,0.5981,-0.8321,-0.9771,-0.1298,0,0,0
-0.7266,-0.3508,0.6033,-0.0305,-0.5496,-0.5725,0,0,0
-0.729,-0.3335,0.5938,-0.6412,-0.771,-1.3969,0,0,0
-0.731,-0.3362,0.6028,-3.0534,-1.9313,-2.313,0,0,0
-0.7241,-0.3818,0.6025,-2.916,-1.4427,-0.145,0,0,0
-0.7229,-0.3687,0.615,-0.3359,-0.0076,1.7481,0,0,0
-0.728,-0.3323,0.6118,-0.6412,0.7328,0.0916,0,0,0
-0.7366,-0.345,0.6023,-1.8779,-0.1221,-1.8168,0,0,0
-0.728,-0.3704,0.6035,-2.9542,-1.3282,-2.0992,0,0,0
-0.72,-0.3726,0.623,-3.374,-0.8244,0.9084,0,0,0
-0.7175,-0.3728,0.6321,-3.6489,0.4885,5.1527,0,0,0
-0.7178,-0.3801,0.6143,-3.2366,2.0458,7.771,0,0,0
-0.7246,-0.3704,0.6082,-1.916,2.9847,7.6412,0,0,0
-0.7319,-0.356,0.5964,-1.0992,3.3511,4.9695,0,0,0
-0.7412,-0.3457,0.595,-2.2977,3.5191,3.5267,0,0,0
-0.7417,-0.3655,0.5815,-2.5573,2.145,2.7863,0,0,0
-0.7449,-0.3506,0.5842,-2.8779,0.7099,2.2137,0,0,0
-0.7249,-0.3264,0.606,-6.2443,1.0382,2.6718,0,0,0
-0.7117,-0.3657,0.6245,-8.2061,3.916,3.771,0,0,0
-0.7183,-0.3691,0.6233,-6.4733,7.9389,5.2443,0,0,0
-0.7393,-0.3462,0.6038,-4.9084,8.8092,6.5191,0,0,0
-0.7495,-0.3584,0.5911,-4.4046,8.2443,5.4885,0,0,0
-0.7488,-0.3401,0.5886,-3.542,5.4046,4.8779,0,0,0
-0.7522,-0.325,0.5791,-4.2901,4.6412,2.626,0,0,0
-0.7522,-0.3354,0.5732,-4.5344,3.1374,0.7023,0,0,0
-0.7483,-0.3281,0.574,-5.0382,1.9542,-0.6794,0,0,0
-0.7522,-0.3562,0.5706,-4.8168,0.4504,-0.9924,0,0,0
-0.7419,-0.3599,0.5737,-3.0076,-0.8931,0.4885,0,0,0
-0.7349,-0.3462,0.5857,-1.626,-0.4656,0.5115,0,0,0
-0.7366,-0.345,0.5938,-1.1679,0.5573,-0.1908,0,0,0
-0.7375,-0.3418,0.5957,-0.3206,0.9771,-0.6183,0,0,0
-0.7429,-0.3386,0.5879,-0.0916,0.1374,-0.7634,0,0,0
-0.7456,-0.3408,0.5874,-1.2137,-0.374,-1.5954,0,0,0
-0.75,-0.3611,0.5793,-0.9237,-1.7863,-1.1069,0,0,0
-0.7476,-0.3459,0.5869,-1.0076,-3.0076,-0.3511,0,0,0
-0.7415,-0.3528,0.5869,-1.6641,-3.2061,-0.3053,0,0,0
-0.738,-0.3606,0.5933,-1.1145,-2.0,-0.2366,0,0,0
-0.7373,-0.3479,0.5969,-1.2901,-1.0382,-0.145,0,0,0
-0.7351,-0.3464,0.5974,-1.7176,-0.2366,-0.0534,0,0,0
-0.7437,-0.3538,0.5935,-1.8015,-0.1756,0.5954,0,0,0
-0.7463,-0.3557,0.5845,-2.3893,-1.2748,1.855,0,0,0
-0.7385,-0.3604,0.595,-2.6718,-2.145,2.229,0,0,0
-0.7378,-0.3638,0.6023,-2.3511,-1.2977,1.9924,0,0,0
-0.7292,-0.3625,0.614,-2.9542,-0.1145,3.0382,0,0,0
-0.7214,-0.3628,0.6204,-3.9313,3.0382,3.8779,0,0,0
-0.7273,-0.355,0.6282,-3.6794,6.1145,4.855,0,0,0
-0.7434,-0.3582,0.6057,-4.2443,7.7023,3.916,0,0,0
-0.7437,-0.3479,0.6023,-4.4733,8.3588,3.1374,0,0,0
-0.7405,-0.3523,0.6121,-4.8855,8.6947,3.3969,0,0,0
-0.7378,-0.3428,0.6062,-4.8321,9.1908,4.9389,0,0,0
-0.7542,-0.3328,0.5906,-6.5802,9.3511,4.8702,0,0,0
-0.7603,-0.3313,0.5654,-7.1374,7.7405,3.7023,0,0,0
-0.7612,-0.3425,0.5693,-7.9542,5.5344,2.7863,0,0,0
-0.72,-0.3149,0.5854,-9.313,7.2824,2.7252,0,0,0
-0.7344,-0.3665,0.5952,-8.7328,11.3206,1.9695,0,0,0
-0.7373,-0.3262,0.5823,-6.3282,13.7405,3.8855,0,0,0
-0.7651,-0.3594,0.5562,-6.626,13.7557,2.0153,0,0,0
-0.7813,-0.3479,0.5474,-4.8321,10.2748,1.9313,0,0,0
-0.76,-0.335,0.5439,-5.7557,8.4198,1.229,0,0,0
-0.7703,-0.3572,0.5427,-5.3435,5.5191,0.8931,0,0,0
-0.7529,-0.3474,0.5576,-6.3206,4.0916,3.5649,0,0,0
-0.7397,-0.3406,0.5669,-7.4733,5.7099,3.8855,0,0,0
-0.7639,-0.3357,0.5603,-8.9389,6.4275,3.5496,0,0,0
-0.7585,-0.344,0.5669,-9.313,7.8321,2.0153,0,0,0
-0.761,-0.3538,0.5486,-8.6183,8.2519,0.9389,0,0,0
-0.7722,-0.3606,0.5427,-6.7023,6.7099,0.7481,0,0,0
-0.7935,-0.3767,0.5344,-3.0916,4.4427,1.9313,0,0,0
-0.7778,-0.3596,0.5417,0.2443,3.1985,3.855,0,0,0
-0.7732,-0.3325,0.5378,1.1145,1.313,3.3282,0,0,0
-0.7744,-0.323,0.5303,0.6107,-0.0153,2.3359,0,0,0
-0.7747,-0.3206,0.5242,0.3893,-1.8168,0.8855,0,0,0
-0.7686,-0.3191,0.5283,0.5573,-3.7252,-0.6336,0,0,0
-0.7678,-0.3159,0.5532,-1.1908,-4.0916,-1.2061,0,0,0
-0.7517,-0.3264,0.5715,-2.9924,-3.2366,-1.3511,0,0,0
-0.7578,-0.3359,0.5706,-4.0992,-1.7176,-0.145,0,0,0
-0.7668,-0.3433,0.5728,-3.3053,-0.0229,-0.4962,0,0,0
-0.7725,-0.3462,0.5623,-1.1221,0.5954,-1.1069,0,0,0
-0.7732,-0.3633,0.5632,1.7557,-0.8702,-1.145,0,0,0
-0.7673,-0.3469,0.5605,2.626,-1.5344,-0.5191,0,0,0
-0.7612,-0.3333,0.5566,2.5649,-1.8931,-0.6183,0,0,0
-0.7559,-0.3271,0.5652,0.1832,-1.1756,-0.5725,0,0,0
-0.7578,-0.3372,0.5686,-2.2595,-0.0916,-0.6183,0,0,0
-0.7671,-0.3364,0.5688,-3.7099,1.5802,-1.0076,0,0,0
-0.7708,-0.3691,0.5791,-2.4275,2.3817,-0.8473,0,0,0
-0.7749,-0.3618,0.5667,0.1145,2.3588,-0.3588,0,0,0
-0.7676,-0.3545,0.5605,0.7863,1.1298,-0.9466,0,0,0
-0.7671,-0.3462,0.5496,1.8321,0.7786,-1.3282,0,0,0
-0.7683,-0.3462,0.5442,1.9771,-0.2366,-1.2443,0,0,0
-0.7671,-0.3313,0.5464,0.8092,-0.5725,-1.0,0,0,0
-0.7629,-0.3457,0.5525,-0.3359,-0.2137,0.229,0,0,0
-0.7588,-0.3479,0.5557,0.0382,0.3588,1.3893,0,0,0
-0.7661,-0.3538,0.5571,1.5115,0.0611,1.2214,0,0,0
-0.7708,-0.3462,0.5447,2.542,-0.0382,0.1756,0,0,0
-0.7778,-0.354,0.5452,4.1603,-0.6336,-0.5038,0,0,0
-0.7722,-0.3386,0.5637,4.2824,-1.1908,-0.5878,0,0,0
-0.7705,-0.3303,0.561,3.3588,-1.7176,-1.0,0,0,0
-0.7598,-0.3303,0.5718,1.4046,-1.1145,-0.8779,0,0,0
-0.7642,-0.3401,0.5688,-0.1221,-0.2137,-0.5038,0,0,0
-0.7681,-0.3352,0.5771,-0.3435,0.5115,0.2214,0,0,0
-0.7715,-0.3398,0.5747,-0.4351,1.1298,-0.1527,0,0,0
-0.7722,-0.356,0.563,1.5115,1.5267,-0.5802,0,0,0
-0.7703,-0.343,0.5649,3.4427,0.9008,-0.6947,0,0,0
-0.7698,-0.3254,0.5562,3.3893,-0.0992,-0.9084,1,0,0
-0.7705,-0.3215,0.5403,1.3435,-1.1908,-0.8931,1,0,0
-0.7673,-0.3242,0.5503,-0.3817,-1.7405,-1.4046,1,0,0
-0.7588,-0.3333,0.5598,-1.2901,-1.9389,-1.3893,1,0,0
-0.7603,-0.345,0.562,-1.0,-0.3206,-1.1069,1,0,0
-0.7666,-0.3494,0.5667,0.6794,0.2061,-0.771,1,0,0
-0.7651,-0.3367,0.5613,1.1374,0.2977,-0.2672,1,0,0
-0.7734,-0.3269,0.5679,0.9847,0.2672,-0.4504,1,0,0
-0.769,-0.3452,0.5657,0.9084,0.0992,-0.1832,1,0,0
-0.7722,-0.3345,0.5657,1.2595,0.4198,-0.2366,1,0,0
-0.7712,-0.3242,0.5667,0.7176,0.4046,-1.458,1,0,0
-0.7673,-0.3274,0.5664,-0.5267,-0.2137,-1.8779,1,0,0
-0.7603,-0.3259,0.5737,-2.1145,0.4733,-2.0153,1,0,0
-0.7588,-0.324,0.5647,-2.9084,1.5878,-2.1985,1,0,0
-0.7664,-0.3442,0.5466,-2.5191,1.1679,-1.855,1,0,0
-0.7754,-0.3528,0.5454,-0.5802,0.6183,-1.9237,1,0,0
-0.7698,-0.3503,0.541,1.6183,-0.771,-0.8931,1,0,0
-0.7681,-0.3401,0.5366,2.4046,-2.2366,-0.7099,1,0,0
-0.7617,-0.3252,0.5527,1.1985,-3.1985,-0.4198,1,0,0
-0.7656,-0.3196,0.5618,-0.5496,-2.5954,-0.3206,1,0,0
-0.7683,-0.3337,0.5654,-0.9237,-1.8244,-0.6336,1,0,0
-0.7659,-0.3369,0.5684,0.7786,-1.0076,-1.2366,1,0,0
-0.7698,-0.3467,0.5615,2.0229,-1.3435,-1.6183,1,0,0
-0.7705,-0.3496,0.5603,4.3969,-2.687,-1.916,1,0,0
-0.78,-0.333,0.5537,5.5267,-4.1679,-1.771,1,0,0
-0.7751,-0.3174,0.5566,5.1985,-5.6718,-2.3282,1,0,0
-0.771,-0.3196,0.5527,4.6183,-7.8015,-3.3893,1,0,0
-0.7747,-0.3108,0.5471,4.7939,-8.9084,-4.7557,1,0,0
-0.7751,-0.3284,0.5447,6.5573,-10.5038,-6.5344,1,0,0
-0.7688,-0.332,0.5371,9.9237,-12.3969,-7.5954,1,0,0
-0.7778,-0.3396,0.532,12.9847,-15.8168,-8.5573,1,0,0
-0.7585,-0.3271,0.5508,14.6641,-17.8855,-6.3206,1,0,0
-0.7473,-0.3291,0.5754,15.9084,-18.1603,-6.2672,1,0,0
-0.7454,-0.3042,0.5847,16.145,-17.7786,-7.0916,1,0,0
-0.7478,-0.2727,0.5759,13.8244,-18.4198,-8.7252,1,0,0
-0.7646,-0.2917,0.5854,9.3588,-19.7481,-10.6031,1,0,0
-0.7627,-0.3101,0.5767,6.1145,-22.4504,-11.2672,1,0,0
-0.7676,-0.3362,0.5735,4.8473,-26.0916,-10.2672,1,0,0
-0.7678,-0.3701,0.574,6.8473,-30.0534,-8.5725,1,0,0
-0.7542,-0.3665,0.5735,10.4351,-33.0611,-7.0763,1,0,0
-1.0923,-0.4224,0.4443,13.0611,-50.626,0.5649,1,0,0
-0.6555,-0.3308,0.6763,12.0076,-27.5649,0.1527,1,0,0
-0.6748,-0.3257,0.6941,8.1374,-18.542,1.3511,1,0,0
-0.6809,-0.3115,0.7029,3.0305,-10.771,-0.3664,1,0,0
-0.6995,-0.3252,0.6892,-2.1679,-5.9618,-2.1756,1,0,0
-0.7153,-0.3677,0.6875,-3.1832,-4.5725,-1.4275,1,0,0
-0.7131,-0.3735,0.6858,-2.2137,-5.0763,-0.1908,1,0,0
-0.7136,-0.3674,0.6943,-1.6947,-4.4198,1.4504,1,0,0
-0.7058,-0.3577,0.6902,-0.9771,-2.9542,2.6641,1,0,0
-0.7051,-0.324,0.6855,-0.8015,-0.4885,2.9847,1,0,0
-0.6956,-0.3132,0.6667,-2.3817,1.7023,2.2977,1,0,0
-0.7114,-0.321,0.6438,-2.4504,3.5954,1.7328,1,0,0
-0.7227,-0.2996,0.6223,-1.7634,2.9695,0.9389,1,0,0
-0.7212,-0.2974,0.6226,-3.145,1.5725,0.9313,1,0,0
-0.7095,-0.2922,0.6292,-4.4733,1.2519,1.7023,1,0,0
-0.719,-0.2954,0.6321,-4.6412,1.855,1.0992,1,0,0
-0.7136,-0.3008,0.635,-4.9008,1.8321,0.7939,1,0,0
-0.7185,-0.3088,0.6394,-3.5649,1.9389,-0.3664,1,0,0
-0.7168,-0.3254,0.6418,-2.5344,1.8321,0.1221,1,0,0
-0.7166,-0.3264,0.6445,-1.3435,2.8626,0.8244,1,0,0
-0.7039,-0.3293,0.6492,-1.8015,3.9313,1.7099,1,0,0
-0.7087,-0.3167,0.6479,-3.0458,5.5802,2.4656,1,0,0
-0.707,-0.3269,0.657,-6.3664,6.5954,2.0916,1,0,0
-0.6931,-0.3203,0.6689,-9.2748,10.3893,3.2519,1,0,0
-0.7043,-0.3445,0.6692,-12.1298,13.9084,4.3359,1,0,0
-0.7163,-0.3442,0.6643,-13.0916,16.9313,4.6947,1,0,0
-0.7163,-0.354,0.647,-13.0382,18.3893,4.5725,1,0,0
-0.741,-0.3604,0.6362,-11.3664,19.3664,4.8702,1,0,0
-0.7388,-0.3401,0.6116,-10.8321,17.6183,5.1908,1,0,0
-0.7202,-0.3325,0.6155,-11.8931,17.9695,6.3969,1,0,0
-0.7239,-0.3325,0.6194,-13.1908,19.2977,7.687,1,0,0
-0.7363,-0.3203,0.6143,-14.5115,21.0153,8.6183,1,0,0
-0.7388,-0.3013,0.6008,-14.9847,22.1527,7.229,1,0,0
-0.7507,-0.3245,0.5906,-14.9237,21.2366,5.0,1,0,0
-0.7471,-0.3467,0.6135,-12.7634,20.9771,4.6412,1,0,0
-0.74,-0.3357,0.6047,-10.7252,23.1679,5.6031,1,0,0
-0.7646,-0.3374,0.5891,-8.1069,22.8092,5.2061,1,0,0
-0.7771,-0.3123,0.5637,-6.7252,20.6718,3.7481,1,0,0
-0.7959,-0.3074,0.5359,-5.3282,16.1832,1.9847,1,0,0
-0.7905,-0.3057,0.5249,-4.5954,11.0076,0.7481,1,0,0
-0.7749,-0.2986,0.531,-4.6031,6.8168,0.626,1,0,0
-0.7632,-0.3037,0.5447,-3.916,5.0229,1.0992,1,0,0
-0.7542,-0.3135,0.5544,-3.0229,4.1832,1.0687,1,0,0
-0.7583,-0.2949,0.5518,-2.7405,4.6031,0.6336,1,0,0
-0.7654,-0.314,0.5559,-3.1985,4.1069,-0.4122,1,0,0
-0.7688,-0.3254,0.5588,-2.0305,3.5115,0.0687,1,0,0
-0.7659,-0.3284,0.561,-0.6031,3.1298,0.5038,1,0,0
-0.7498,-0.3296,0.5715,-0.6641,3.687,1.8702,1,0,0
-0.7522,-0.3186,0.5825,-0.7939,5.7252,1.9695,1,0,0
-0.7588,-0.3232,0.5911,-2.4733,7.313,1.5954,1,0,0
-0.7649,-0.3164,0.5876,-4.4504,9.0305,0.229,1,0,0
-0.7449,-0.2903,0.5752,-6.9695,10.458,-0.0382,1,0,0
-0.7849,-0.3486,0.5564,-6.8626,9.458,-1.5649,1,0,0
-0.7817,-0.3464,0.5483,-5.0992,6.5344,0.4198,1,0,0
-0.783,-0.343,0.5417,-4.1832,5.0,0.7405,1,0,0
-0.7627,-0.3352,0.5596,-4.5802,4.3282,2.4275,1,0,0
-0.7573,-0.3247,0.5667,-4.9008,6.5878,2.5649,1,0,0
-0.7737,-0.3142,0.5537,-5.0534,7.9618,1.1679,1,0,0
-0.7776,-0.2874,0.5293,-5.5573,7.7023,-0.7481,1,0,0
-0.7944,-0.3279,0.5293,-5.1527,4.5802,-1.855,1,0,0
-0.7827,-0.325,0.5337,-5.5649,2.1985,0.687,1,0,0
-0.7771,-0.3311,0.5564,-5.0534,1.7557,1.8626,1,0,0
-0.7739,-0.3276,0.5603,-4.6336,2.6183,2.1527,1,0,0
-0.7678,-0.3262,0.5527,-4.2443,3.1603,1.9389,1,0,0
-0.7817,-0.3342,0.5503,-3.313,4.0992,1.4198,1,0,0
-0.7888,-0.3281,0.5342,-1.8626,3.4198,1.1145,1,0,0
-0.7991,-0.3201,0.5203,-1.9771,1.0458,0.3969,1,0,0
-0.7896,-0.3289,0.533,-2.5573,-1.7863,-0.0229,1,0,0
-0.7651,-0.3347,0.5691,-3.1832,-0.9008,2.1298,1,0,0
-0.7585,-0.333,0.5771,-2.4809,2.2137,2.6107,1,0,0
-0.7749,-0.322,0.572,-3.4046,4.0763,1.5802,1,0,0
-0.7844,-0.3289,0.5645,-3.7023,5.1145,0.7786,1,0,0
-0.7844,-0.3193,0.5574,-3.4427,4.626,0.9237,1,0,0
-0.7864,-0.3125,0.5486,-4.5267,3.9466,-0.1145,1,0,0
-0.7939,-0.3372,0.5527,-4.5496,2.7786,-0.2061,1,0,0
-0.7725,-0.3181,0.5588,-4.7863,3.8168,2.0076,1,0,0
-0.7781,-0.3308,0.5596,-4.6641,4.9084,2.7405,1,0,0
-0.7781,-0.3186,0.554,-4.2901,6.7405,2.458,1,0,0
-0.7795,-0.3115,0.5315,-3.0534,7.9008,1.0,1,0,0
-0.7927,-0.3252,0.52,-2.8015,6.9618,-1.0382,1,0,0
-0.8132,-0.314,0.5107,-0.6794,3.3893,-1.4427,1,0,0
-0.8079,-0.3035,0.498,-0.4198,0.1069,-1.7328,1,0,0
-0.8042,-0.3198,0.5032,-0.3893,-3.5878,-2.1679,1,0,0
-0.7747,-0.3296,0.5317,-0.3053,-5.0687,0.1527,1,0,0
-0.762,-0.3215,0.5378,0.6489,-2.7252,1.1985,1,0,0
-0.7722,-0.3079,0.5491,-0.313,-1.1069,-0.0153,1,0,0
-0.7744,-0.2988,0.5486,-2.3282,0.2672,-0.5344,1,0,0
-0.7927,-0.3169,0.5442,-3.9237,1.1298,-1.1069,1,0,0
-0.801,-0.325,0.5339,-4.2061,0.2061,-2.0382,1,0,0
-0.8083,-0.3323,0.5271,-3.2366,-2.1298,-2.3053,1,0,0
-0.7883,-0.3555,0.5398,-1.4504,-3.1221,-1.4198,1,0,0
-0.7847,-0.3474,0.554,1.3206,-3.1221,0.1985,1,0,0
-0.769,-0.3308,0.553,2.1908,-0.6489,0.7252,1,0,0
-0.7827,-0.303,0.5405,1.1908,0.7252,-0.5725,1,0,0
-0.7966,-0.3008,0.5227,-1.229,-0.1756,-1.855,1,0,0
-0.8022,-0.3049,0.5239,-2.771,-2.458,-2.0076,1,0,0
-0.8076,-0.3267,0.5215,-2.7405,-5.4962,-2.1985,1,0,0
-0.7991,-0.3269,0.5264,-0.542,-7.7786,-2.3053,1,0,0
-0.7935,-0.3286,0.531,1.6947,-9.626,-2.6794,1,0,0
-0.7822,-0.333,0.543,4.2214,-10.2595,-2.3588,1,0,0
-0.7766,-0.3196,0.5513,5.2519,-9.855,-2.0992,1,0,0
-0.7815,-0.3032,0.5493,4.8779,-9.0229,-3.4504,1,0,0
-0.7881,-0.3057,0.5476,4.6718,-10.2366,-4.7481,1,0,0
-0.792,-0.3135,0.5361,5.5496,-12.0076,-5.8779,1,0,0
-0.7971,-0.3259,0.5229,7.0992,-15.4122,-7.0153,1,0,0
-0.7915,-0.335,0.5186,9.3664,-18.5573,-7.8931,1,0,0
-0.7708,-0.334,0.5403,11.5267,-21.5344,-7.7176,1,0,0
-0.7527,-0.3218,0.5522,12.0916,-20.9466,-6.2443,1,0,0
-0.7422,-0.312,0.5732,9.6641,-19.2061,-4.4733,1,0,0
-0.7517,-0.2993,0.5769,6.7481,-17.0534,-3.4885,1,0,0
-0.7556,-0.3167,0.5752,3.4122,-15.6336,-4.1069,1,0,0
-0.7551,-0.3391,0.5776,3.5649,-14.6183,-4.2595,1,0,0
-0.7605,-0.3491,0.5862,5.5038,-14.5649,-4.0305,1,0,0
-0.7444,-0.355,0.6018,5.9008,-13.4046,-2.3893,1,0,0
-0.7451,-0.3335,0.6116,5.5573,-11.5038,-1.145,1,0,0
-0.7561,-0.3342,0.6145,6.0076,-10.687,-0.6031,1,0,0
-0.7524,-0.2991,0.6074,3.8626,-9.8855,-0.8779,1,0,0
-0.7498,-0.2952,0.6038,1.0992,-9.3817,-2.1832,1,0,0
-0.7532,-0.2964,0.6047,-1.0458,-8.542,-2.8931,1,0,0
-0.7573,-0.3208,0.6062,-0.9771,-8.1679,-3.7863,1,0,0
-0.7537,-0.335,0.5991,2.2137,-8.2443,-4.5115,1,0,0
-0.7573,-0.3379,0.5913,6.4275,-8.8168,-4.229,1,0,0
-0.7476,-0.3284,0.5869,9.1145,-9.916,-4.5573,1,0,0
-0.7571,-0.3154,0.6001,10.8931,-11.2443,-3.7099,1,0,0
-0.7297,-0.2966,0.6047,8.2824,-10.2443,-2.4427,1,0,0
-0.7446,-0.2971,0.6101,4.6718,-10.1832,-3.6183,1,0,0
-0.7422,-0.3103,0.6101,2.8626,-9.6565,-3.3969,1,0,0
-0.7407,-0.3267,0.614,2.7176,-9.8015,-4.0153,1,0,0
-0.7388,-0.3284,0.6113,3.4656,-9.4885,-4.3282,1,0,0
-1.0247,-0.4199,0.5391,6.0229,-16.5038,-1.4809,1,0,0
-0.6865,-0.3218,0.6365,3.8473,-8.0229,-2.8092,1,0,0
-0.7329,-0.3237,0.6292,3.3969,-8.0,-3.6718,1,0,0
-0.7498,-0.3105,0.6228,2.771,-7.6489,-3.6947,1,0,0
-0.7539,-0.321,0.6218,2.5191,-9.0687,-4.145,1,0,0
-0.7322,-0.3345,0.6284,2.6565,-10.3206,-3.8702,1,0,0
-0.7107,-0.3433,0.6416,4.3664,-9.3588,-2.145,1,0,0
-0.7134,-0.3206,0.6443,5.1985,-7.1679,-0.1603,1,0,0
-0.7119,-0.3079,0.6514,2.4962,-3.8168,0.2061,1,0,0
-0.7197,-0.3037,0.6543,-0.1756,-0.6947,-0.1145,1,0,0
-0.7317,-0.3015,0.6538,-1.687,0.458,-1.9313,1,0,0
-0.7271,-0.3196,0.6506,-2.7023,1.0763,-2.1221,1,0,0
-0.7373,-0.3213,0.6362,-3.1527,0.8168,-1.2748,1,0,0
-0.7329,-0.3247,0.6409,-3.1985,0.1145,-0.4046,1,0,0
-0.7273,-0.3206,0.6379,-3.5038,0.5267,0.1603,1,0,0
-0.7134,-0.3289,0.6506,-4.2519,2.4122,1.2977,1,0,0
-0.7124,-0.3132,0.6582,-4.5802,5.9847,2.4351,1,0,0
-0.7146,-0.3162,0.6604,-5.7786,9.6794,2.2137,1,0,0
-0.7207,-0.3152,0.6492,-6.2748,12.7557,2.2824,1,0,0
-0.729,-0.3271,0.6406,-6.4504,14.1069,2.2519,1,0,0
-0.7344,-0.333,0.6404,-5.7939,15.1527,2.6947,1,0,0
-0.7375,-0.3274,0.6338,-5.9389,15.5725,3.4885,1,0,0
-0.739,-0.311,0.6243,-7.4122,16.1832,3.7405,1,0,0
-0.7319,-0.3093,0.6289,-10.5649,16.6183,4.1756,1,0,0
-0.7175,-0.3176,0.6406,-13.771,20.3969,5.5496,1,0,0
-0.7405,-0.3337,0.6296,-13.8931,23.3817,5.9695,1,0,0
-0.7458,-0.3276,0.6177,-12.1985,25.2748,5.9924,1,0,0
-0.7654,-0.3154,0.5818,-10.6794,25.1069,4.6336,1,0,0
-0.7759,-0.3176,0.5649,-9.9542,22.9771,2.229,1,0,0
-0.749,-0.3296,0.5869,-9.084,21.084,2.458,1,0,0
-0.708,-0.3003,0.5813,-9.6107,23.626,3.6641,1,0,0
-0.8005,-0.3162,0.5566,-9.7099,20.5725,4.4733,1,0,0
-0.7859,-0.2954,0.5376,-10.1603,18.2366,4.0229,1,0,0
-0.7754,-0.2878,0.5178,-10.8702,16.2061,2.5878,1,0,0
-0.8074,-0.3311,0.5059,-6.374,10.8397,0.4733,1,0,0
-0.7861,-0.3347,0.5146,-1.8092,6.0305,0.8473,1,0,0
-0.7585,-0.3127,0.5168,-0.5878,5.2443,2.313,1,0,0
-0.7566,-0.3015,0.55,-1.5802,5.8931,4.1756,1,0,0
-0.7405,-0.282,0.5645,-4.8702,9.4122,5.0687,1,0,0
-0.7629,-0.2905,0.5674,-7.5573,13.0305,3.9771,1,0,0
-0.7776,-0.2837,0.5513,-9.7481,14.2519,2.3282,1,0,0
-0.812,-0.3467,0.5344,-9.3206,12.1527,-0.4504,1,0,0
-0.8184,-0.3401,0.5137,-4.6031,6.9389,-1.4122,1,0,0
-0.8181,-0.3359,0.4951,-0.9542,1.4656,-0.7557,1,0,0
-0.7805,-0.3413,0.5447,0.0076,-1.5038,0.9771,1,0,0
-0.7566,-0.304,0.5652,-1.0153,0.6336,2.5878,1,0,0
-0.7563,-0.2981,0.5696,-3.5802,3.9847,2.6489,1,0,0
-0.7693,-0.2805,0.5593,-6.8015,6.7786,0.5649,1,0,0
-0.7937,-0.3086,0.5444,-8.687,6.5725,-1.2977,1,0,0
-0.8088,-0.3203,0.5315,-8.1145,4.5115,-1.9008,1,0,0
-0.8049,-0.3335,0.521,-7.2519,0.6718,-1.7099,1,0,0
-0.8088,-0.3528,0.5142,-4.3053,-3.084,-0.6031,1,0,0
-0.8032,-0.3369,0.5151,-0.145,-6.9847,0.0,1,0,0
-0.7991,-0.3157,0.5039,2.0763,-10.3282,-0.145,1,0,0
-0.791,-0.2903,0.5046,1.9924,-12.855,-0.8397,1,0,0
-0.8052,-0.2815,0.5059,1.8397,-14.9084,-2.5344,1,0,0
-0.8025,-0.2659,0.4805,1.5267,-19.7328,-5.1374,1,0,0
-0.8047,-0.2874,0.4844,1.8397,-25.7786,-7.5038,1,0,0
-0.7959,-0.2993,0.4958,3.8321,-31.2137,-8.8702,1,0,0
-0.7869,-0.3125,0.5098,6.9618,-35.855,-9.8015,1,0,0
-0.7795,-0.3223,0.5283,10.2901,-40.5038,-9.8092,1,0,0
-0.7407,-0.3301,0.5747,11.374,-41.2519,-6.771,1,0,0
-0.7375,-0.3176,0.5933,12.1603,-38.3664,-3.7328,1,0,0
-0.7234,-0.3198,0.6133,12.3282,-36.0076,-1.7252,1,0,0
-0.8828,-0.3491,0.5989,9.7405,-33.084,-1.0611,1,0,0
-0.5825,-0.2681,0.6589,9.4046,-29.3359,-4.1069,1,0,0
-0.739,-0.2864,0.6409,8.0763,-26.6794,-8.1756,1,0,0
-0.7261,-0.3223,0.6438,5.7939,-25.6107,-8.6565,1,0,0
-0.7229,-0.3535,0.6606,4.6336,-23.5802,-6.9847,1,0,0
-0.7109,-0.3467,0.6682,2.6336,-20.2214,-4.9466,1,0,0
-0.7275,-0.3438,0.6733,1.1527,-17.9389,-3.0687,1,0,0
-0.7217,-0.3394,0.6484,1.4198,-16.6794,-2.4198,1,0,0
-0.731,-0.3459,0.6396,1.7786,-17.0382,-2.4962,1,0,0
-0.6826,-0.3586,0.6719,1.8397,-13.2366,-0.0763,1,0,0
-0.6855,-0.3372,0.6887,3.0534,-7.8244,2.0611,1,0,0
-0.7012,-0.3059,0.6892,2.0458,-2.5802,1.2366,1,0,0
-0.7168,-0.2932,0.6721,-0.916,-0.2748,0.4885,1,0,0
-0.7161,-0.2993,0.6714,-4.0763,0.2595,0.1832,1,0,0
-0.7185,-0.3086,0.6597,-5.6794,0.6641,0.6412,1,0,0
-0.717,-0.3118,0.6702,-6.1603,1.3053,0.8473,1,0,0
-0.7122,-0.2986,0.6733,-6.3817,3.3588,1.2443,1,0,0
-0.7058,-0.2996,0.6685,-7.3893,5.3969,1.3511,1,0,0
-0.7134,-0.3013,0.6672,-7.6107,8.9695,1.1832,1,0,0
-0.7263,-0.3174,0.6504,-6.771,11.0,0.7557,1,0,0
-0.7258,-0.3149,0.6331,-4.9084,10.6641,1.0229,1,0,0
-0.7085,-0.3267,0.6514,-4.2366,11.9313,1.2901,1,0,0
-0.7048,-0.3101,0.6626,-4.5954,15.8855,2.5725,1,0,0
-0.7112,-0.3228,0.6611,-6.7099,19.2595,3.2366,1,0,0
-0.7012,-0.3118,0.6609,-10.3511,24.7557,5.5802,1,0,0
-0.7268,-0.3206,0.6372,-12.5115,26.7481,5.1145,1,0,0
-0.7476,-0.3188,0.6255,-14.0916,27.6336,2.9924,1,0,0
-0.7627,-0.3333,0.6038,-14.4275,26.1298,1.4198,1,0,0
-0.7549,-0.3547,0.5945,-13.1908,25.0992,2.2824,1,0,0
-0.7566,-0.3547,0.5994,-9.9313,24.0763,3.626,1,0,0
-0.7485,-0.3467,0.595,-7.7557,24.5038,5.2901,1,0,0
-0.7544,-0.3279,0.5823,-8.7023,25.0076,7.1679,1,0,0
-0.7639,-0.3008,0.5703,-10.8855,24.9237,6.4198,1,0,0
-0.7507,-0.312,0.5796,-13.1374,25.7863,5.9924,1,0,0
-0.7612,-0.3042,0.5759,-14.2977,27.9618,5.9237,1,0,0
-0.7793,-0.3145,0.5618,-15.0458,27.1145,3.771,1,0,0
-0.7896,-0.3145,0.5405,-13.7405,25.0763,2.6489,1,0,0
-0.8074,-0.334,0.5173,-10.6183,21.2443,1.6718,1,0,0
-0.8081,-0.3259,0.5059,-6.3588,16.6565,1.0382,1,0,0
-0.7991,-0.3162,0.5088,-4.6412,11.3053,1.5496,1,0,0
-0.7781,-0.343,0.5293,-5.0458,10.2137,3.542,1,0,0
-0.7822,-0.3088,0.5193,-2.6794,9.4885,4.374,1,0,0
-0.7881,-0.2837,0.512,-2.8626,8.6489,2.9389,1,0,0
-0.7903,-0.2805,0.5129,-4.6031,6.7405,0.8931,1,0,0
-0.7954,-0.2959,0.5076,-5.9084,4.1832,-0.4122,1,0,0
-0.7935,-0.3157,0.5134,-5.1145,2.5267,-1.0992,1,0,0
-0.7839,-0.3232,0.521,-3.8015,1.7863,-0.3817,1,0,0
-0.79,-0.3215,0.533,-2.771,0.8626,0.1298,1,0,0
-0.7854,-0.3174,0.5376,-2.5038,0.4733,0.1069,1,0,0
-0.7739,-0.3169,0.5557,-2.5954,1.2748,0.3053,1,0,0
-0.7839,-0.3218,0.5645,-2.7863,2.687,0.3588,1,0,0
-0.7881,-0.3142,0.5535,-3.6641,3.2748,-0.145,1,0,0
-0.7903,-0.324,0.5596,-4.7863,3.9237,0.2977,1,0,0
-0.7844,-0.3152,0.5449,-5.5573,4.1527,-0.1603,1,0,0
-0.8174,-0.3389,0.5242,-3.229,2.2214,-1.3817,1,0,0
-0.79,-0.3352,0.5293,-1.7099,0.2061,-0.5725,1,0,0
-0.7844,-0.3279,0.5354,-1.7786,0.5038,0.0305,1,0,0
-0.7729,-0.314,0.5425,-3.7252,1.3206,1.1527,1,0,0
-0.7749,-0.313,0.5483,-4.626,2.9237,1.4504,1,0,0
-0.7854,-0.3164,0.5459,-5.8092,4.4809,0.9313,1,0,0
-0.7883,-0.3291,0.5586,-5.6641,6.1145,0.1985,1,0,0
-0.7991,-0.3159,0.5417,-4.8931,6.8015,0.2366,1,0,0
-0.8081,-0.356,0.5303,-5.3588,5.6947,-0.8855,1,0,0
-0.8018,-0.3315,0.5315,-2.916,3.0229,-0.7176,1,0,0
-0.7681,-0.3313,0.5576,-3.2748,3.9237,2.3588,1,0,0
-0.769,-0.3191,0.5613,-3.9924,7.0992,2.8168,1,0,0
-0.7917,-0.3062,0.5544,-5.2366,9.1221,1.687,1,0,0
-0.7881,-0.2954,0.5374,-7.6489,10.1985,0.145,1,0,0
-0.8206,-0.3569,0.5134,-6.1221,9.5267,-0.855,1,0,0
-0.8206,-0.3416,0.499,-1.4809,5.8779,0.2595,1,0,0
-0.8376,-0.3342,0.4778,1.4962,0.3893,0.145,1,0,0
-0.8274,-0.3191,0.4741,3.7252,-5.687,-0.8015,1,0,0
-0.8218,-0.3057,0.4722,5.229,-10.145,-1.5038,1,0,0
-0.8157,-0.302,0.4736,5.2519,-13.855,-3.1374,1,0,0
-0.8101,-0.3,0.4624,7.1603,-17.8473,-4.9008,1,0,0
-0.7913,-0.3098,0.4771,10.229,-21.1298,-6.0687,1,0,0
-0.7944,-0.301,0.4761,13.9313,-23.1221,-7.3511,1,0,0
-0.8022,-0.2927,0.4719,16.4656,-25.855,-8.4809,1,0,0
-0.8118,-0.2795,0.4731,17.6794,-30.3435,-10.2214,1,0,0
-0.8054,-0.2749,0.4756,17.4427,-36.3664,-12.4809,1,0,0
-0.7546,-0.2854,0.5325,14.3893,-39.7405,-9.7557,1,0,0
-0.7429,-0.2998,0.5642,10.5038,-37.5115,-4.3588,1,0,0
-0.7476,-0.3013,0.5747,7.1908,-35.4885,-1.0229,1,0,0
-0.7637,-0.2881,0.5906,4.9695,-34.3435,-2.1908,1,0,0
-0.8035,-0.2898,0.5913,0.6718,-32.7023,-3.7634,1,0,0
-0.6313,-0.3225,0.6145,-1.5115,-36.084,-4.4275,1,0,0
-0.7092,-0.3257,0.6304,2.2214,-35.5344,-5.8015,1,0,0
-0.7563,-0.3572,0.6208,4.3893,-32.4656,-5.0611,1,0,0
-0.6978,-0.3792,0.6575,9.0534,-29.9924,-4.9924,1,0,0
-0.6968,-0.3557,0.6838,10.6565,-24.3588,-2.916,1,0,0
-0.6848,-0.3242,0.7024,8.8473,-15.9008,-0.8015,1,0,0
-0.7017,-0.3035,0.6892,5.3893,-9.1756,-1.2595,1,0,0
-0.7251,-0.2935,0.6724,0.8168,-5.7099,-3.0076,1,0,0
-0.7446,-0.322,0.6594,-1.6031,-4.3053,-3.7405,1,0,0
-0.7456,-0.3293,0.6367,-1.3282,-4.687,-3.9008,1,0,0
-0.7498,-0.3362,0.624,-0.6183,-6.7939,-3.6794,1,0,0
-0.7407,-0.3276,0.6169,0.5038,-8.7786,-2.4122,1,0,0
-0.7256,-0.3193,0.616,1.1527,-9.4733,-1.9084,1,0,0
-0.731,-0.3108,0.604,2.1374,-9.2748,-1.7634,1,0,0
-0.7234,-0.2959,0.5989,6.0992,-7.8092,-3.5267,1,0,0
-0.7402,-0.2886,0.5989,5.5191,-9.0534,-3.5344,1,0,0
-0.7361,-0.2976,0.6035,4.626,-11.7176,-3.687,1,0,0
-0.7324,-0.3115,0.615,3.542,-13.9466,-4.0458,1,0,0
-0.7251,-0.3113,0.6321,3.4809,-14.9847,-3.8473,1,0,0
-0.7144,-0.3176,0.6414,3.7405,-15.5954,-3.7252,1,0,0
-0.7041,-0.3101,0.644,3.6718,-14.5573,-3.8244,1,0,0
-0.696,-0.3167,0.6553,3.7939,-13.2366,-4.2366,1,0,0
-0.7048,-0.3381,0.6697,4.9008,-10.9008,-3.458,1,0,0
-0.7046,-0.3296,0.6787,5.9466,-9.542,-2.3817,1,0,0
-0.7043,-0.3247,0.6797,5.9924,-8.3969,-1.8092,1,0,0
-0.7131,-0.3071,0.6748,4.5344,-7.6412,-2.2214,1,0,0
-0.7068,-0.3152,0.6831,2.3588,-6.9084,-2.3893,1,0,0
-0.6936,-0.314,0.6853,0.5878,-5.0763,-1.916,1,0,0
-0.7009,-0.3215,0.6875,-0.9466,-3.084,-1.0382,1,0,0
-0.7026,-0.3191,0.6738,-1.5878,-2.1908,-1.3969,1,0,0
-0.7063,-0.3145,0.668,-2.2977,-0.8931,-1.4504,1,0,0
-0.7078,-0.3191,0.6587,-2.7099,-0.8397,-0.7939,1,0,0
-0.71,-0.3123,0.6516,-2.2443,-0.8244,-0.7099,1,0,0
-0.7102,-0.3167,0.658,-1.5496,-2.0992,-1.1298,1,0,0
-0.7031,-0.3154,0.6545,-1.2443,-2.8321,-0.6336,1,0,0
-0.7078,-0.3188,0.6619,-0.6947,-2.1908,0.2443,1,0,0
-0.7097,-0.3198,0.6628,0.3053,-2.0611,0.6718,1,0,0
-0.7024,-0.3123,0.6665,0.9695,-1.9542,0.1069,1,0,0
-0.6948,-0.3147,0.6697,0.3664,-1.1679,0.229,1,0,0
-0.6931,-0.3086,0.6587,-0.2214,0.4962,1.1756,1,0,0
-0.697,-0.2981,0.6699,-0.7405,1.855,0.8473,1,0,0
-0.7134,-0.2871,0.6707,-2.687,2.4885,-0.3817,1,0,0
-0.7122,-0.2998,0.6643,-5.6489,1.9618,-1.0687,1,0,0
-0.7065,-0.3279,0.6687,-6.4504,1.9542,-0.3511,1,0,0
-0.709,-0.3269,0.6633,-4.5802,1.9771,0.3893,1,0,0
-0.7112,-0.3213,0.6494,-2.8626,1.5344,0.4809,1,0,0
-0.6985,-0.3252,0.6716,-2.1069,2.1145,0.6107,1,0,0
-0.6982,-0.3145,0.6812,-0.9084,4.1374,1.0229,1,0,0
-0.6953,-0.3076,0.6809,-1.7939,6.0916,1.2595,1,0,0
-0.7024,-0.3093,0.6858,-3.7863,8.7023,2.2595,1,0,0
-0.6704,-0.302,0.7163,-6.626,12.0382,3.374,1,0,0
-0.6794,-0.3054,0.7268,-10.5191,18.4275,4.0382,1,0,0
-0.7351,-0.3069,0.7083,-14.0763,21.0763,5.0,1,0,0
-0.6965,-0.3164,0.6997,-16.3206,22.9389,5.1298,1,0,0
-0.7185,-0.342,0.6724,-16.7863,24.5496,5.0229,1,0,0
-0.7288,-0.3689,0.6716,-14.7939,24.9695,6.542,1,0,0
-0.7158,-0.3367,0.6687,-13.0,27.7252,8.8244,1,0,0
-0.7256,-0.3281,0.6597,-13.626,28.9847,9.4504,1,0,0
-0.7224,-0.3042,0.6338,-15.9466,31.0076,9.3053,1,0,0
-0.7378,-0.3105,0.6177,-18.2901,31.0763,8.6794,1,0,0
-0.7395,-0.3149,0.6047,-19.1756,30.9618,7.9771,1,0,0
-0.75,-0.3276,0.5969,-18.7634,30.1679,7.5725,1,0,0
-0.7434,-0.3379,0.5925,-17.4046,30.2748,8.1603,1,0,0
-0.7688,-0.3416,0.5869,-14.1069,30.0534,8.0916,1,0,0
-0.7554,-0.3081,0.5681,-12.7176,29.8473,7.2901,1,0,0
-0.7761,-0.3196,0.5491,-10.5649,26.9008,6.9618,1,0,0
-0.7939,-0.3018,0.5374,-9.1756,24.0458,7.374,1,0,0
-0.7627,-0.3093,0.5649,-9.1679,21.9542,7.9466,1,0,0
-0.7485,-0.2893,0.5625,-11.7328,25.0,7.8626,1,0,0
-0.7778,-0.3035,0.5649,-9.0992,25.5878,6.855,1,0,0
-0.7839,-0.2617,0.5381,-9.3053,26.0382,5.8855,1,0,0
-0.8005,-0.3108,0.5264,-9.5878,22.9771,2.9542,1,0,0
-0.812,-0.2947,0.5225,-8.5954,19.0,3.3588,1,0,0
-0.7961,-0.3079,0.5251,-7.9008,15.5267,3.5649,1,0,0
-0.7922,-0.2981,0.5242,-7.1603,14.5344,3.916,1,0,0
-0.7869,-0.3132,0.5339,-6.0,14.458,3.0458,1,0,0
-0.7854,-0.3076,0.5339,-4.626,15.6565,2.6718,1,0,0
-0.7937,-0.3057,0.5332,-4.5344,16.1908,2.4046,1,0,0
-0.7844,-0.293,0.5193,-7.1298,17.229,2.855,1,0,0
-0.8101,-0.3328,0.5281,-6.6107,15.9237,2.6183,1,0,0
-0.8071,-0.3135,0.5237,-5.3511,15.9008,3.626,1,0,0
-0.8115,-0.3059,0.5061,-6.0076,14.0382,3.1527,1,0,0
-0.8154,-0.3093,0.4998,-6.5725,12.1221,2.687,1,0,0
-0.8257,-0.3203,0.491,-4.9618,9.7176,1.3969,1,0,0
-0.8206,-0.3242,0.488,-4.1221,7.0382,0.6031,1,0,0
-0.7935,-0.3374,0.5129,-2.8473,5.3893,2.084,1,0,0
-0.7947,-0.3252,0.5225,-2.2595,6.8321,3.8244,1,0,0
-0.79,-0.2903,0.5325,-3.4351,9.1832,4.4656,1,0,0
-0.7888,-0.2937,0.5371,-5.687,12.5038,2.8168,1,0,0
-0.8069,-0.2981,0.5195,-6.8321,14.3359,2.2137,1,0,0
-0.7896,-0.2715,0.4968,-7.5191,14.3511,3.7176,1,0,0
-0.8518,-0.3364,0.48,-6.5267,11.5496,1.5267,1,0,0
-0.8406,-0.3083,0.4622,-2.6412,6.8321,1.374,1,0,0
-0.8503,-0.3032,0.4438,-0.5649,1.3206,0.9695,1,0,0
-0.8379,-0.2954,0.4517,0.1298,-3.7405,0.8092,1,0,0
-0.8086,-0.293,0.467,1.1374,-6.3282,0.2901,1,0,0
-0.8025,-0.2761,0.4766,0.6183,-6.5878,0.2443,1,0,0
-0.7891,-0.2678,0.4946,-2.145,-5.0153,0.4046,1,0,0
-0.802,-0.2788,0.4973,-3.7405,-2.4504,-0.5573,1,0,0
-0.8154,-0.2734,0.4839,-5.3969,-1.6641,-1.916,1,0,0
-0.825,-0.2813,0.4783,-6.4198,-3.8092,-4.2672,1,0,0
-0.8174,-0.2869,0.4873,-7.3206,-5.6412,-6.0916,1,0,0
-0.8105,-0.2817,0.4968,-8.7786,-6.9313,-6.4885,1,0,0
-0.8113,-0.2993,0.4978,-10.5191,-7.8931,-7.374,1,0,0
-0.8167,-0.3276,0.5071,-12.084,-8.7405,-6.4733,0,0,0
-0.812,-0.3271,0.511,-11.0,-8.9237,-4.313,0,0,0
-0.8074,-0.3228,0.5156,-10.3969,-8.8244,-4.2061,0,0,0
-0.7988,-0.3425,0.522,-8.5954,-7.6031,-3.2595,0,0,0
-0.8022,-0.3403,0.521,-5.5649,-6.4198,-2.1374,0,0,0
-0.8027,-0.3176,0.52,-4.6031,-5.7863,-2.0,0,0,0
-0.8049,-0.3206,0.5132,-4.1832,-5.4504,-2.7634,0,0,0
-0.8071,-0.3247,0.5083,-4.6794,-6.4198,-2.8779,0,0,0
-0.8071,-0.3135,0.5186,-5.0,-6.5802,-2.5496,0,0,0
-0.8027,-0.3269,0.5134,-5.6565,-6.6794,-2.5954,0,0,0
-0.7891,-0.3386,0.5247,-4.6412,-4.9313,-1.9771,0,0,0
-0.7903,-0.3352,0.5286,-2.8244,-3.4885,-1.6489,0,0,0
-0.7866,-0.3157,0.5188,-3.1221,-2.1603,-0.313,0,0,0
-0.8066,-0.3193,0.5044,-3.9695,-2.7405,-0.0687,0,0,0
-0.8169,-0.3188,0.4988,-4.6183,-4.2901,-0.1679,0,0,0
-0.8184,-0.3306,0.4939,-4.8321,-6.7786,-0.6947,0,0,0
-0.8125,-0.3164,0.4932,-4.3053,-9.1908,-1.8015,0,0,0
-0.7983,-0.3396,0.5044,-3.7786,-10.9084,-2.3893,0,0,0
-0.7991,-0.3196,0.5125,-3.0534,-10.855,-1.8015,0,0,0
-0.8057,-0.3208,0.5095,-3.9084,-11.9466,-2.0534,0,0,0
-0.8057,-0.3022,0.4922,-6.1985,-13.2137,-2.4351,0,0,0
-0.811,-0.3147,0.4927,-8.3511,-15.9771,-3.7252,0,0,0
-0.8093,-0.3433,0.4971,-7.145,-18.4809,-5.5878,0,0,0
-0.8105,-0.3354,0.4976,-3.6183,-21.0229,-6.916,0,0,0
-0.782,-0.3318,0.5203,-2.5954,-22.8168,-7.4427,0,0,0
-0.7681,-0.323,0.543,-1.8168,-20.5802,-6.1603,0,0,0
-0.7759,-0.3391,0.5342,-2.6107,-19.145,-4.2214,0,0,0
-0.7861,-0.3054,0.5322,-5.084,-20.6565,-2.0611,0,0,0
-0.7197,-0.3184,0.5439,-8.374,-25.3969,-1.6107,0,0,0
-0.7607,-0.3225,0.5442,-10.8168,-24.7939,-2.8931,0,0,0
-0.772,-0.3777,0.5693,-8.9389,-24.9847,-2.916,0,0,0
-0.7478,-0.3818,0.5835,-3.687,-22.2366,-2.0916,0,0,0
-0.739,-0.3376,0.5979,-1.6718,-18.0992,-1.6107,0,0,0
-0.7722,-0.3191,0.5681,-3.7176,-17.313,-0.7328,0,0,0
-0.7771,-0.3291,0.5608,-8.4351,-18.7634,0.3969,0,0,0
-0.7922,-0.355,0.5574,-10.6412,-20.0687,-0.6031,0,0,0
-0.7668,-0.3792,0.5696,-9.3282,-20.9695,-0.1985,0,0,0
-0.7468,-0.3665,0.5735,-5.7099,-20.7557,-0.0916,0,0,0
-0.7388,-0.3455,0.603,-3.3511,-18.7634,0.1985,0,0,0
-0.7412,-0.3425,0.5881,-1.9771,-14.7939,0.3588,0,0,0
-0.7563,-0.2856,0.5718,-5.0305,-13.6031,0.2519,0,0,0
-0.7769,-0.3411,0.5664,-8.1374,-14.5191,-0.2366,0,0,0
-0.761,-0.3386,0.5828,-8.1527,-16.5573,-0.9542,0,0,0
-0.741,-0.3611,0.5889,-3.7634,-17.3206,-0.3359,0,0,0
-0.7393,-0.3362,0.6008,-0.4962,-15.3588,-0.9313,0,0,0
-0.7371,-0.3501,0.5996,1.4427,-13.3359,-0.9771,0,0,0
-0.7446,-0.3403,0.5981,1.4885,-12.9618,0.8779,0,0,0
-0.7598,-0.2915,0.5647,-2.084,-13.687,0.9847,0,0,0
-0.7712,-0.3379,0.5837,-6.2519,-17.1603,-0.3435,0,0,0
-0.7219,-0.3433,0.6179,-6.9924,-18.2519,-0.8473,0,0,0
-0.7073,-0.3757,0.6375,-2.6031,-14.7023,-0.9695,0,0,0
-0.7156,-0.3628,0.623,2.0687,-10.1679,-1.1908,0,0,0
-0.7268,-0.3311,0.613,3.3282,-7.8626,-2.2595,0,0,0
-0.7332,-0.3398,0.6025,1.5496,-6.8321,-3.0992,0,0,0
-0.7415,-0.3435,0.6008,0.4885,-8.0611,-2.9084,0,0,0
-0.7307,-0.3459,0.6108,0.1145,-8.0076,-2.7939,0,0,0
-0.7175,-0.3452,0.6277,0.1527,-7.4046,-1.2519,0,0,0
-0.7292,-0.3442,0.6104,0.8168,-6.2824,-0.2519,0,0,0
-0.7266,-0.3413,0.6072,1.6107,-5.9771,-0.374,0,0,0
-0.7185,-0.3269,0.6086,1.5191,-5.6336,-0.3206,0,0,0
-0.7205,-0.3284,0.6223,1.1527,-4.626,-0.9924,0,0,0
-0.72,-0.3105,0.625,-1.0458,-3.0458,-1.4122,0,0,0
-0.7231,-0.3323,0.6365,-3.7557,-1.0611,-1.7328,0,0,0
-0.7102,-0.3315,0.6465,-4.9084,1.6641,-0.7023,0,0,0
-0.7095,-0.3428,0.6587,-6.6794,4.9695,0.6489,0,0,0
-0.7156,-0.3367,0.6477,-7.8168,8.2748,2.5649,0,0,0
-0.7351,-0.3228,0.6345,-10.4809,9.4733,3.0916,0,0,0
-0.7317,-0.3518,0.6255,-11.7099,7.8702,4.145,0,0,0
-0.7395,-0.3608,0.6187,-11.3893,7.3435,5.6718,0,0,0
-0.7324,-0.3679,0.6355,-10.0229,6.374,7.5496,0,0,0
-0.7244,-0.3708,0.6277,-8.5344,7.2443,9.1603,0,0,0
-0.7322,-0.3298,0.6082,-8.4275,9.3511,9.0458,0,0,0
-0.7419,-0.3389,0.6011,-9.6794,10.4046,7.8168,0,0,0
-0.7278,-0.3608,0.5947,-10.0763,12.5191,6.6565,0,0,0
-0.7529,-0.3469,0.5903,-9.8473,13.8702,5.0305,0,0,0
-0.7678,-0.342,0.5828,-12.4275,12.0153,4.0687,0,0,0
-0.7651,-0.3486,0.5728,-16.0763,8.4122,4.8931,0,0,0
-0.7456,-0.3706,0.5713,-17.0382,6.3893,6.626,0,0,0
-0.7395,-0.4036,0.5845,-16.5038,6.7252,8.2137,0,0,0
-0.7234,-0.3826,0.604,-14.0076,9.2214,9.0916,0,0,0
-0.7178,-0.354,0.6108,-15.8168,13.0992,11.7786,0,0,0
-0.7356,-0.3499,0.605,-20.1069,16.0687,13.6947,0,0,0
-0.7502,-0.3933,0.5928,-21.2366,19.2214,14.7405,0,0,0
-0.7781,-0.386,0.5396,-16.0382,19.3893,14.9695,0,0,0
-0.7947,-0.356,0.5095,-11.5725,15.4351,15.5802,0,0,0
-0.7917,-0.3406,0.5081,-11.4885,9.3664,15.0763,0,0,0
-0.7813,-0.3105,0.5273,-11.6412,6.1832,14.3206,0,0,0
-0.7668,-0.3267,0.5508,-11.8015,5.0153,14.0992,0,0,0
-0.7458,-0.3181,0.5588,-11.0153,6.1756,17.3435,0,0,0
-0.7649,-0.322,0.5344,-8.5878,8.3969,17.8092,0,0,0
-0.7634,-0.2947,0.5049,-6.6183,8.4275,20.8321,0,0,0
-0.7861,-0.3188,0.502,-4.2061,4.4198,18.4046,0,0,0
-0.7925,-0.2935,0.4973,-1.1069,3.626,15.1374,0,0,0
-0.8071,-0.3179,0.509,1.3511,-0.7863,11.6641,0,0,0
-0.7903,-0.2881,0.5547,0.7252,-2.0458,9.4656,0,0,0
-0.7795,-0.2917,0.5706,-1.9847,-0.0763,7.5725,0,0,0
-0.771,-0.2871,0.5857,-4.1603,2.4733,4.5954,0,0,0
-0.7708,-0.2834,0.5862,-5.5802,5.0229,1.5649,0,0,0
-0.7837,-0.3123,0.5811,-8.0763,6.0382,-0.9237,0,0,0
-0.7869,-0.334,0.6052,-7.4733,6.4656,0.7252,0,0,0
-0.7625,-0.3308,0.6204,-5.3282,9.3817,5.3893,0,0,0
-0.7795,-0.3291,0.594,-5.3969,12.4962,6.5725,0,0,0
-0.791,-0.3257,0.5806,-4.1298,13.2824,7.9924,0,0,0
-0.7888,-0.3159,0.5503,-4.3969,13.8931,6.916,0,0,0
-0.7993,-0.3337,0.5466,-3.4427,13.145,5.1908,0,0,0
-0.7773,-0.2866,0.5569,-3.7939,14.7252,4.916,0,0,0
-0.7991,-0.3137,0.5547,-5.2595,15.8092,1.7786,0,0,0
-0.7942,-0.3044,0.5479,-5.6565,17.5573,0.7176,0,0,0
-0.8032,-0.3203,0.5354,-5.4198,18.1527,-0.6641,0,0,0
-0.7786,-0.3198,0.5217,-5.5038,20.1221,0.0763,0,0,0
-0.8071,-0.3547,0.5212,-0.3588,19.916,-1.1603,0,0,0
-0.7903,-0.3308,0.5154,3.0916,21.6412,0.9008,0,0,0
-0.7913,-0.2671,0.4985,1.1603,22.1069,2.9237,0,0,0
-0.8066,-0.3418,0.5046,-4.1527,22.0153,4.7863,0,0,0
-0.8142,-0.3335,0.5122,-1.9084,22.3664,7.084,0,0,0
-0.8298,-0.3281,0.4839,-0.2137,21.3206,6.374,0,0,0
-0.8401,-0.3115,0.4724,-0.6947,18.3053,4.5649,0,0,0
-0.8386,-0.3079,0.4585,-1.0916,14.855,3.8168,0,0,0
-0.8281,-0.2986,0.4731,-2.542,13.1603,2.7252,0,0,0
-0.8245,-0.2942,0.4814,-2.6031,12.145,1.542,0,0,0
-0.8252,-0.3369,0.4844,-1.9237,12.4198,2.0229,0,0,0
-0.8157,-0.3259,0.4751,1.3817,11.6412,6.2366,0,0,0
-0.8381,-0.3154,0.4697,3.6794,10.626,7.7786,0,0,0
-0.8506,-0.2917,0.4578,4.5878,7.3893,5.3511,0,0,0
-0.8406,-0.3047,0.4546,4.7863,4.2901,5.2366,0,0,0
-0.8352,-0.2859,0.4604,5.9618,2.8779,4.4885,0,0,0
-0.823,-0.2878,0.4727,5.4885,2.8092,3.0763,0,0,0
-0.8208,-0.2888,0.4873,4.3588,3.1908,2.8931,0,0,0
-0.8237,-0.301,0.4829,3.4809,4.7176,3.3053,0,0,0
-0.8257,-0.3062,0.4846,3.9618,4.7099,5.8855,0,0,0
-0.8457,-0.311,0.4648,6.8855,2.8702,8.1603,0,0,0
-0.8474,-0.312,0.4485,10.8473,0.6031,7.3435,0,0,0
-0.8391,-0.2688,0.4319,13.4885,-1.6794,6.1603,0,0,0
-0.8608,-0.2695,0.4426,12.5496,-5.2061,2.6794,0,0,0
-0.822,-0.2646,0.4917,9.3664,-5.084,2.5878,0,0,0
-0.7981,-0.2722,0.5251,5.7863,-1.5725,2.5649,0,0,0
-0.8005,-0.3142,0.52,6.7939,3.8168,4.0,0,0,0
-0.8281,-0.26,0.5144,7.4351,7.4198,4.0458,1,0,0
-0.8525,-0.2727,0.4871,6.2443,7.4504,0.8702,1,0,0
-0.8582,-0.2764,0.479,6.3588,4.8015,-1.4275,1,0,0
-0.8584,-0.2639,0.4785,4.5573,1.7481,-3.2443,1,0,0
-0.8442,-0.28,0.4932,4.0,0.1374,-3.9466,1,0,0
-0.8313,-0.2915,0.4944,5.3511,-0.916,-1.2061,1,0,0
-0.8276,-0.2673,0.4854,4.8092,-1.2214,-0.6336,1,0,0
-0.8193,-0.2695,0.4893,2.4885,-0.9542,-0.6183,1,0,0
-0.8262,-0.2529,0.4802,0.4809,-0.0229,-1.8931,1,0,0
-0.834,-0.2346,0.47,-2.3893,0.5191,-4.8931,1,0,0
-0.843,-0.2566,0.4661,-5.3969,-0.7099,-7.145,1,0,0
-0.845,-0.2871,0.4636,-6.5954,-2.7939,-7.2901,1,0,0
-0.8457,-0.2808,0.4812,-6.626,-3.6947,-7.7481,1,0,0
-0.8342,-0.3232,0.4917,-3.5649,-2.084,-8.1603,1,0,0
-0.8235,-0.3057,0.4937,-0.2061,-0.9237,-7.6412,1,0,0
-0.8303,-0.2998,0.4873,2.4198,-1.1221,-5.0305,1,0,0
-0.8352,-0.2998,0.4863,2.9008,-2.5191,-2.9237,1,0,0
-0.8452,-0.2756,0.4841,1.626,-3.6718,-3.2901,1,0,0
-0.842,-0.2595,0.4883,-1.5038,-5.3588,-4.8473,1,0,0
-0.8293,-0.2649,0.498,-5.2443,-5.4656,-7.2748,1,0,0
-0.8186,-0.3042,0.5027,-5.5725,-4.7634,-8.374,0,0,0
-0.8201,-0.2898,0.488,-4.458,-3.5038,-8.916,0,0,0
-0.8323,-0.2749,0.4832,-5.4733,-3.4962,-12.1374,0,0,0
-0.8359,-0.2903,0.467,-4.542,-4.0611,-15.9618,0,0,0
-0.8381,-0.27,0.4695,-5.2595,-4.3053,-21.0,0,0,0
-0.8354,-0.259,0.4797,-7.626,-5.229,-25.4122,0,0,0
-0.8103,-0.3223,0.4714,-9.229,-5.9084,-21.5802,0,0,0
-0.7925,-0.3438,0.4951,-7.6794,-6.0611,-11.8931,0,0,0
-0.8064,-0.3311,0.5022,-6.3969,-3.9237,-8.2214,0,0,0
-0.8252,-0.364,0.4797,-3.2366,-4.5344,-8.542,0,0,0
-0.8293,-0.3464,0.4893,0.9466,-6.0916,-7.3969,0,0,0
-0.8235,-0.3313,0.5071,1.7481,-6.8626,-7.4046,0,0,0
-0.8071,-0.3088,0.5188,1.855,-6.5649,-6.2137,0,0,0
-0.8025,-0.2942,0.5024,-0.9924,-5.8244,-6.6031,0,0,0
-0.8066,-0.2974,0.5083,-4.542,-4.7634,-7.7939,0,0,0
-0.8108,-0.3223,0.5068,-5.3893,-2.8855,-8.6641,0,0,0
-0.8225,-0.3333,0.4998,-4.855,-2.8473,-8.542,0,0,0
-0.811,-0.3416,0.4993,-4.1298,-3.6412,-7.9847,0,0,0
-0.7991,-0.3455,0.5264,-1.7863,-2.5954,-6.0763,0,0,0
-0.7976,-0.3367,0.5239,0.3893,-0.9695,-4.5573,0,0,0
-0.801,-0.3364,0.5178,-0.0305,-0.626,-1.6794,0,0,0
-0.8171,-0.3298,0.5098,-0.0763,-0.4733,-0.2519,0,0,0
-0.8225,-0.3154,0.501,-0.4656,-1.1603,-0.5191,0,0,0
-0.8198,-0.3171,0.4924,-1.458,-2.6183,-1.0534,0,0,0
-0.8193,-0.3145,0.4968,-1.3206,-3.458,-1.8397,0,0,0
-0.8113,-0.3218,0.5012,-1.6489,-4.9466,-2.2595,0,0,0
-0.7981,-0.345,0.5115,-0.2901,-3.4351,-2.2595,0,0,0
-0.7974,-0.3333,0.509,1.8779,-0.9313,-1.6565,0,0,0
-0.8113,-0.2961,0.4888,1.7252,-0.1527,-3.9313,0,0,0
-0.8188,-0.3074,0.4861,1.229,-1.6489,-6.1374,0,0,0
-0.8193,-0.3171,0.4807,2.7328,-3.0534,-8.145,0,0,0
-0.8218,-0.3301,0.4729,4.5725,-5.7252,-9.8855,0,0,0
-0.8086,-0.2644,0.4951,6.1374,-5.8321,-12.8626,0,0,0
-0.7905,-0.2717,0.5166,2.7557,-2.9695,-17.687,0,0,0
-0.7805,-0.2651,0.5369,1.0916,0.2519,-20.5802,0,0,0
-0.7878,-0.3049,0.5347,0.8626,4.0153,-22.771,0,0,0
-0.8027,-0.3132,0.5151,3.313,4.7252,-25.084,0,0,0
-0.8206,-0.312,0.5129,6.5115,4.2137,-27.5191,0,0,0
-0.8274,-0.3208,0.5029,8.5267,1.5802,-29.4351,0,0,0
-0.8325,-0.3076,0.5076,9.4504,-1.5115,-30.0,0,0,0
-0.8093,-0.3235,0.5083,7.9313,-3.9313,-31.3511,0,0,0
-0.7979,-0.3201,0.5146,7.313,-5.7634,-31.7328,0,0,0
-0.7896,-0.3054,0.5066,5.7023,-6.7099,-33.8626,0,0,0
-0.8013,-0.3154,0.4915,2.7634,-9.0763,-35.2366,0,0,0
-0.8093,-0.3521,0.4661,1.2748,-13.4962,-36.5267,0,0,0
-0.8115,-0.3789,0.4578,3.3664,-19.7481,-35.687,0,0,0
-0.7786,-0.4355,0.4751,6.3664,-24.145,-33.1145,0,0,0
-0.7493,-0.4412,0.5027,9.4733,-24.7557,-26.3969,0,0,0
-0.7468,-0.4385,0.5044,12.4809,-23.1145,-20.9084,0,0,0
-0.7498,-0.4294,0.4976,13.4198,-21.9924,-18.5878,0,0,0
-0.7605,-0.4153,0.4856,13.5725,-22.7252,-19.1756,0,0,0
-0.7515,-0.4275,0.5132,13.0458,-24.1756,-20.7328,0,0,0
-0.7292,-0.4082,0.541,10.3435,-23.6641,-20.9313,0,0,0
-0.9106,-0.4167,0.4954,5.9695,-25.9771,-17.1527,0,0,0
-0.6897,-0.4509,0.5881,2.4656,-21.0458,-16.3053,0,0,0
-0.7183,-0.4951,0.5913,2.1908,-17.7405,-11.9847,0,0,0
-0.7268,-0.4976,0.5979,4.0153,-15.5038,-7.7099,0,0,0
-0.7329,-0.4573,0.6125,6.8473,-15.3588,-1.9466,0,0,0
-0.7095,-0.4336,0.6282,3.8092,-11.6031,2.0229,0,0,0
-0.7046,-0.4297,0.6462,1.229,-6.7481,4.0229,0,0,0
-0.7095,-0.4177,0.6392,0.0992,-2.2137,5.3206,0,0,0
-0.7144,-0.4045,0.6294,-0.7405,1.8244,4.9695,0,0,0
-0.7253,-0.3979,0.6155,-2.1985,4.6641,4.9771,0,0,0
-0.7249,-0.4243,0.6077,-2.0534,7.0305,6.3588,0,0,0
-0.7173,-0.4241,0.6191,1.1221,10.9389,9.2443,0,0,0
-0.728,-0.4155,0.6091,3.5038,13.4122,12.2901,0,0,0
-0.7339,-0.3843,0.5952,4.5878,15.5344,14.5267,0,0,0
-0.7476,-0.3667,0.5884,6.374,16.7176,14.5344,0,0,0
-0.7288,-0.3528,0.5857,6.8473,18.2366,13.0382,0,0,0
-0.7476,-0.384,0.5894,5.3817,20.3282,13.8702,0,0,0
-0.7415,-0.3606,0.5884,2.9237,22.5344,15.9542,0,0,0
-0.7327,-0.3396,0.5842,-0.0305,26.4427,16.8092,0,0,0
-0.7434,-0.332,0.5728,-2.7176,29.2443,14.3817,0,0,0
-0.7495,-0.3547,0.5701,-4.0458,30.8626,12.2061,0,0,0
-0.7803,-0.3669,0.5542,-2.8321,32.9771,9.7939,0,0,0
-0.7483,-0.3694,0.5525,-1.9847,33.2137,9.6031,0,0,0
-0.7617,-0.3818,0.5435,-1.3817,34.8092,11.1527,0,0,0
-0.8032,-0.3794,0.5188,1.7557,33.6107,12.0229,0,0,0
-0.7869,-0.3215,0.5,0.1145,32.7634,11.2595,0,0,0
-0.8267,-0.344,0.4651,-0.1603,26.9542,7.6565,0,0,0
-0.8037,-0.3425,0.4675,-0.771,23.5954,7.0763,0,0,0
-0.8054,-0.3301,0.4668,-1.6947,20.626,5.7557,0,0,0
-0.8057,-0.3459,0.4751,-0.6336,17.2137,4.1527,0,0,0
-0.8015,-0.312,0.4751,-2.1985,16.2137,4.2061,0,0,0
-0.793,-0.3313,0.4995,-4.626,15.0763,3.5115,0,0,0
-0.7764,-0.3167,0.5198,-7.0763,17.4656,4.8397,0,0,0
-0.7861,-0.3423,0.521,-6.9771,21.7863,5.5115,0,0,0
-0.7844,-0.3618,0.5068,-5.7863,25.9924,5.2824,0,0,0
-0.8208,-0.4084,0.4907,2.3893,24.5496,5.7176,0,0,0
-0.8157,-0.3755,0.478,7.5573,25.6031,6.6947,0,0,0
-0.8235,-0.3699,0.4553,10.9924,24.4885,6.8931,0,0,0
-0.8123,-0.334,0.4629,12.4656,22.626,5.8397,0,0,0
-0.8367,-0.2905,0.4517,8.771,20.8244,5.2901,0,0,0
-0.8386,-0.3079,0.4478,4.1908,19.5802,3.1756,0,0,0
-0.802,-0.3169,0.4441,1.2137,20.0687,2.4885,0,0,0
-0.8315,-0.3452,0.4468,0.1908,18.6489,1.2366,0,0,0
-0.8296,-0.3513,0.438,1.374,17.7863,2.3053,0,0,0
-0.8447,-0.3545,0.4331,5.4733,18.2214,1.5115,0,0,0
-0.8413,-0.3491,0.4331,9.5725,17.2519,0.7557,0,0,0
-0.8174,-0.3364,0.4412,13.1221,17.1603,-0.4962,0,0,0
-0.8264,-0.3362,0.4438,15.8244,16.1374,-1.313,0,0,0
-0.8315,-0.3176,0.4463,15.7099,17.1603,-0.7328,0,0,0
-0.8247,-0.2922,0.4395,14.9008,18.5649,-3.7634,0,0,0
-0.8496,-0.2791,0.4424,11.3282,16.313,-6.771,0,0,0
-0.8411,-0.2971,0.4365,7.9847,15.1069,-7.4351,0,0,0
-0.8577,-0.3169,0.4258,6.1985,14.0992,-8.0916,0,0,0
-0.8577,-0.3469,0.4189,8.084,10.8855,-7.4198,0,0,0
-0.8384,-0.3274,0.4285,10.1603,9.6107,-6.9924,0,0,0
-0.823,-0.3586,0.4561,13.9618,11.5038,-8.8702,0,0,0
-0.8081,-0.3511,0.4778,24.1069,14.0992,-14.0076,0,0,0
-0.8088,-0.2891,0.4561,26.7099,19.4656,-17.3893,0,0,0
-0.8435,-0.2817,0.4331,23.9389,20.0305,-18.0992,0,0,0
-0.8105,-0.3242,0.4539,18.5267,18.7786,-15.9771,0,0,0
-0.9062,-0.3369,0.386,17.0611,15.8779,-13.1603,0,0,0
-0.9072,-0.3296,0.3879,16.4504,7.6565,-11.0992,0,0,0
-0.8191,-0.3608,0.4351,19.1221,6.1603,-9.5954,0,0,0
-0.8103,-0.3508,0.4363,21.8321,9.5878,-9.542,0,0,0
-0.8508,-0.323,0.4094,22.5267,9.9237,-10.4656,0,0,0
-0.8672,-0.3147,0.3904,20.9542,7.313,-11.6489,0,0,0
-0.8589,-0.3269,0.3887,17.4962,4.6565,-11.7481,0,0,0
-0.8462,-0.3245,0.4065,12.7328,2.3893,-10.5115,0,0,0
-0.8284,-0.3101,0.4233,6.2748,2.2977,-7.8931,0,0,0
-0.8362,-0.3157,0.4307,-0.5191,3.7023,-6.6565,0,0,0
-0.8586,-0.3555,0.4258,-3.2672,3.0611,-6.2595,0,0,0
-0.8547,-0.387,0.4265,-1.6107,1.8244,-5.6336,0,0,0
-0.8391,-0.4053,0.4404,3.6641,1.8779,-4.9008,0,0,0
-0.8442,-0.4067,0.4448,14.2519,2.7481,-8.1908,0,0,0
-0.8237,-0.3491,0.4451,20.0229,3.8779,-9.7863,0,0,0
-0.8167,-0.2971,0.4385,17.8779,5.7786,-10.5496,0,0,0
-0.8184,-0.3,0.4463,16.0305,5.6641,-12.5038,0,0,0
-0.9326,-0.3069,0.4082,13.7252,4.916,-14.4733,0,0,0
-0.8628,-0.312,0.4185,11.1527,2.1679,-11.9924,0,0,0
-0.8428,-0.3289,0.4282,9.313,1.0992,-12.3435,0,0,0
-0.8477,-0.3423,0.4307,9.855,0.8015,-12.9389,0,0,0
-0.8491,-0.3352,0.4309,11.7023,0.7863,-12.3511,0,0,0
-0.8337,-0.3506,0.4329,12.771,0.5954,-12.1221,0,0,0
-0.8313,-0.3291,0.4285,12.7939,0.458,-11.3206,0,0,0
-0.8206,-0.3274,0.4275,11.3206,0.8015,-10.2672,0,0,0
-0.8171,-0.321,0.4331,9.7786,0.3511,-9.5878,0,0,0
-0.8928,-0.3582,0.4094,8.4885,-1.1069,-9.1756,0,0,0
-0.835,-0.3547,0.4246,8.8931,-2.5038,-8.2824,0,0,0
-0.8335,-0.3689,0.4319,7.7252,-3.8015,-6.7252,0,0,0
-0.8247,-0.3657,0.4458,5.3053,-2.7405,-3.9542,0,0,0
-0.8235,-0.3652,0.4438,3.771,-1.5496,-2.3893,0,0,0
-0.8323,-0.3557,0.4395,3.1756,-1.3588,-3.2595,0,0,0
-0.8291,-0.3474,0.4336,2.229,-1.1985,-5.0305,0,0,0
-0.8354,-0.3562,0.4248,1.1298,-2.5191,-5.0611,0,0,0
-0.842,-0.3601,0.4182,-0.0687,-4.2519,-4.5725,0,0,0
-0.8376,-0.356,0.438,-1.8092,-5.2824,-3.1908,0,0,0
-0.8176,-0.3718,0.4453,-2.7023,-4.8397,-0.3664,0,0,0
-0.8181,-0.385,0.4526,-1.0076,-3.229,1.6794,0,0,0
-0.8257,-0.3618,0.4443,0.7405,-1.9237,2.7405,0,0,0
-0.8284,-0.3574,0.4453,1.916,-1.8702,1.8779,0,0,0
-0.8296,-0.3401,0.4609,1.7481,-1.8931,1.1298,0,0,0
-0.825,-0.3257,0.4722,-0.4275,-0.6794,0.9618,0,0,0
-0.8335,-0.323,0.4619,-2.626,-0.0229,0.7023,0,0,0
-0.8357,-0.3186,0.4524,-5.5649,-0.0076,-0.0076,0,0,0
-0.8379,-0.3279,0.4458,-7.2061,-0.5496,-0.8473,0,0,0
-0.8345,-0.3401,0.4402,-7.2519,-0.6412,-1.7328,0,0,0
-0.8306,-0.3733,0.4446,-4.3053,-0.3893,-1.5344,0,0,0
-0.8296,-0.3833,0.4507,0.9924,-0.2137,-0.6718,0,0,0
-0.824,-0.3569,0.4451,4.4962,-0.687,-0.0229,0,0,0
-0.8254,-0.324,0.4431,4.0229,0.5038,0.4046,0,0,0
-0.8315,-0.3237,0.4504,1.4656,0.6565,0.1527,0,0,0
-0.8455,-0.3254,0.4438,-0.2366,0.2137,-1.1679,0,0,0
-0.8391,-0.3462,0.4448,0.1221,-0.9008,-2.3282,0,0,0
-0.835,-0.365,0.4509,3.5802,-1.313,-3.9847,0,0,0
-0.8328,-0.3845,0.4502,8.0153,-1.0076,-5.0229,0,0,0
-0.8311,-0.3569,0.4458,12.1832,-0.8626,-5.8244,0,0,0
-0.8313,-0.3403,0.4497,12.4046,-0.8015,-5.3053,0,0,0
-0.8186,-0.3208,0.4417,8.5649,-1.0,-4.4198,0,0,0
-0.8257,-0.3198,0.4551,3.6947,-0.4351,-3.2443,0,0,0
-0.8313,-0.3269,0.4436,0.4885,-0.0611,-2.9313,0,0,0
-0.8333,-0.343,0.4473,-1.2061,-1.0763,-3.5191,0,0,0
-0.8379,-0.3591,0.4468,-1.5954,-2.458,-3.1679,0,0,0
-0.8267,-0.3647,0.4504,-1.5802,-2.9389,-1.9847,0,0,0
-0.8064,-0.3708,0.4641,-1.8397,-1.6412,-0.3053,0,0,0
-0.8186,-0.3821,0.4675,0.8931,0.3511,0.5496,0,0,0
-0.8289,-0.3547,0.4475,2.8244,0.6107,-0.0305,0,0,0
-0.8389,-0.3472,0.4465,2.9542,-0.0305,-1.6412,0,0,0
-0.8418,-0.3257,0.4363,2.4122,-1.542,-2.3282,0,0,0
-0.8372,-0.3352,0.4387,0.9313,-3.3206,-3.1527,0,0,0
-0.824,-0.3364,0.4553,-0.2214,-3.8779,-2.8855,0,0,0
-0.8066,-0.3313,0.4719,-2.6794,-2.2595,-0.9695,0,0,0
-0.8149,-0.3398,0.467,-5.0305,-0.4962,-0.3282,0,0,0
-0.8269,-0.3362,0.4666,-6.5344,0.4504,-0.5038,0,0,0
-0.8418,-0.3457,0.4563,-7.2672,0.1756,-1.2519,0,0,0
-0.8354,-0.3623,0.4575,-5.6718,-1.1145,-0.855,0,0,0
-0.8323,-0.3613,0.4539,-2.9618,-1.2748,-0.9771,0,0,0
-0.8279,-0.3547,0.4497,-0.0916,-1.313,-1.3664,0,0,0
-0.8325,-0.3418,0.4441,1.0229,-1.9008,-2.0,0,0,0
-0.835,-0.3342,0.4363,1.0458,-2.8092,-2.1145,0,0,0
-0.8215,-0.3284,0.4399,-0.1985,-3.6183,-1.7786,0,0,0
-0.8245,-0.333,0.4382,0.2901,-4.0,-3.2977,0,0,0
-0.8286,-0.3257,0.4412,0.1069,-4.2061,-4.229,0,0,0
-0.8298,-0.3462,0.4436,-0.5725,-4.7023,-5.1145,0,0,0
-0.8406,-0.3503,0.4424,1.0916,-6.2443,-4.3817,0,0,0
-0.8147,-0.3354,0.4436,-0.1908,-6.7557,-4.6412,0,0,0
-0.814,-0.3572,0.4639,-1.0229,-7.3359,-4.7939,0,0,0
-0.7986,-0.353,0.4736,-1.542,-4.5038,-3.2061,0,0,0
-0.8062,-0.3735,0.4797,-1.8321,-1.8092,-1.313,0,0,0
-0.8181,-0.3669,0.4702,-1.0458,-0.6336,-0.4504,0,0,0
-0.8301,-0.3679,0.4658,-0.229,-1.3053,-0.6641,0,0,0
-0.8223,-0.3647,0.4644,0.5191,-2.0153,-1.0153,0,0,0
-0.8301,-0.3579,0.4526,1.0992,-2.9924,-1.5038,0,0,0
-0.8213,-0.3406,0.4592,-0.4962,-4.084,-2.0992,0,0,0
-0.8171,-0.3408,0.467,-2.5115,-2.8779,-1.6718,0,0,0
-0.8164,-0.3599,0.4678,-3.2977,-2.4351,-1.3511,0,0,0
-0.8159,-0.3552,0.4675,-2.8092,-0.7863,-0.8244,0,0,0
-0.8174,-0.3584,0.4614,-1.7023,-0.5878,-0.8397,0,0,0
-0.8262,-0.3547,0.4573,-0.5649,-1.2977,-0.8321,0,0,0
-0.8318,-0.3411,0.459,-0.2214,-2.6031,-0.9084,0,0,0
-0.811,-0.3374,0.4741,-2.3664,-2.8321,-0.1069,0,0,0
-0.812,-0.3367,0.467,-4.9466,-1.5725,0.084,0,0,0
-0.8188,-0.3464,0.4819,-5.5954,-0.8321,-0.1679,0,0,0
-0.8188,-0.3557,0.4729,-5.313,0.1221,-1.0534,0,0,0
-0.823,-0.3752,0.4685,-2.1221,0.5878,-0.7786,0,0,0
-0.8193,-0.3652,0.4631,0.4962,0.3053,-0.5115,0,0,0
-0.8186,-0.366,0.4602,4.084,0.1527,-1.7252,0,0,0
-0.8149,-0.3286,0.4604,5.1374,0.4504,-2.4733,0,0,0
-0.8101,-0.3213,0.4631,1.2137,0.9237,-2.8626,0,0,0
-0.8223,-0.3257,0.4604,-3.2443,1.2214,-2.5496,0,0,0
-0.8293,-0.3359,0.4602,-5.9847,1.5725,-1.9237,0,0,0
-0.8179,-0.3733,0.4617,-5.4962,1.7557,-1.2824,0,0,0
-0.8127,-0.384,0.4722,-1.9542,2.5725,0.5267,0,0,0
-0.8203,-0.3821,0.4739,0.1069,2.626,1.8779,0,0,0
-0.8315,-0.3621,0.4678,-0.0992,1.9695,2.3359,0,0,0
-0.8262,-0.3621,0.4595,-2.2519,0.9084,4.5725,0,0,0
-0.8064,-0.355,0.4651,-3.9924,1.2672,5.4046,0,0,0
-0.8132,-0.3579,0.4666,-6.2061,3.3893,5.1756,0,0,0
-0.821,-0.3716,0.4619,-4.2595,4.084,3.7405,0,0,0
-0.825,-0.3547,0.4595,-3.5573,3.4885,2.6565,0,0,0
-0.8394,-0.3389,0.4419,-3.4962,2.4275,0.9084,0,0,0
-0.8489,-0.3479,0.4355,-2.3969,0.6489,-0.8092,0,0,0
-0.8389,-0.3118,0.4429,-5.1908,-2.0916,-0.7863,0,0,0
-0.8167,-0.3225,0.4492,-7.374,-2.9084,-1.2977,0,0,0
-0.8101,-0.3469,0.4709,-6.2824,-1.5802,-0.4351,0,0,0
-0.8113,-0.3477,0.4644,-4.2901,0.3053,0.1221,0,0,0
-0.832,-0.3508,0.4558,-2.2519,1.0,0.1603,0,0,0
-0.8367,-0.3411,0.4512,-0.1221,0.1221,-0.2519,0,0,0
-0.8313,-0.3381,0.4524,1.229,-0.5344,-1.0687,1,0,0
-0.8193,-0.3208,0.4619,-0.3282,-1.3206,-1.5954,1,0,0
-0.8203,-0.3298,0.4609,-2.2748,-0.9924,-1.3588,1,0,0
-0.8228,-0.3372,0.4578,-3.6718,-1.0992,-1.2519,1,0,0
-0.8225,-0.3591,0.459,-4.6031,-0.8321,-1.1221,1,0,0
-0.8215,-0.3699,0.4558,-4.1298,-0.1908,0.0382,1,0,0
-0.821,-0.3635,0.4551,-4.0076,0.4733,0.0305,1,0,0
-0.8269,-0.3755,0.446,-2.9771,0.0229,-0.3435,1,0,0
-0.8298,-0.3826,0.4326,-1.6412,-1.4351,0.0458,1,0,0
-0.8174,-0.3601,0.4514,-1.5878,-2.0916,-0.2672,1,0,0
-0.8115,-0.3684,0.4548,-2.1145,-0.8321,-0.916,1,0,0
-0.8174,-0.3503,0.4656,-3.1908,0.0458,0.1374,1,0,0
-0.8247,-0.3394,0.4607,-6.0076,0.5496,0.5496,1,0,0
-0.8198,-0.3708,0.459,-5.8168,1.3206,1.2366,1,0,0
-0.8267,-0.3696,0.4587,-4.458,1.4122,1.9237,1,0,0
-0.8296,-0.3528,0.4548,-2.3511,1.0534,1.3206,1,0,0
-0.835,-0.3347,0.4509,-1.6183,0.0,0.2214,1,0,0
-0.8389,-0.3284,0.45,-2.5878,-2.0992,-0.687,1,0,0
-0.8303,-0.3188,0.4431,-4.5344,-3.5267,-1.2595,1,0,0
-0.8164,-0.3328,0.4604,-5.5115,-3.3282,-1.8702,1,0,0
-0.8015,-0.3486,0.4734,-4.6412,-1.0916,-1.2519,1,0,0
-0.8066,-0.3564,0.4707,-3.2672,0.9008,0.1298,1,0,0
-0.8284,-0.3564,0.4636,-1.3817,2.2977,0.2977,1,0,0
-0.842,-0.345,0.4514,-0.5802,1.6336,-0.3893,1,0,0
-0.8408,-0.3474,0.4463,-0.6565,-0.313,-1.0687,1,0,0
-0.8308,-0.3464,0.4424,-1.1374,-1.2672,-1.6336,1,0,0
-0.8323,-0.3413,0.4451,-2.0687,-2.7481,-2.7252,1,0,0
-0.823,-0.3564,0.4534,-3.1221,-3.2061,-3.8626,1,0,0
-0.8,-0.3535,0.4792,-4.0916,-0.4351,-2.5878,1,0,0
-0.8105,-0.3757,0.4731,-3.7557,1.7023,-0.4351,1,0,0
-0.8271,-0.3889,0.4641,-1.9771,2.0382,0.5878,1,0,0
-0.8381,-0.3682,0.4504,-0.0076,1.6947,1.0382,1,0,0
-0.8254,-0.3574,0.4424,0.7023,0.5115,0.3817,1,0,0
-0.8257,-0.3499,0.45,-0.2748,-0.145,0.0305,1,0,0
-0.8328,-0.3486,0.4338,-1.1679,-1.1832,-0.7176,1,0,0
-0.8303,-0.342,0.4346,-2.9771,-2.4809,-1.2519,1,0,0
-0.821,-0.3462,0.4575,-4.1221,-2.8626,-1.458,1,0,0
-0.8123,-0.3533,0.4514,-4.1374,-2.4885,-0.8855,1,0,0
-0.8169,-0.3557,0.4705,-3.9389,-0.8244,-1.2061,1,0,0
-0.8235,-0.3594,0.4768,-2.5954,0.0076,-1.687,0,0,0
-0.835,-0.3657,0.4695,-0.0153,1.0229,-1.9466,0,0,0
-0.8318,-0.365,0.4661,3.5802,1.0458,-1.5115,0,0,0
-0.8357,-0.3481,0.4563,5.2137,0.1832,-1.7786,0,0,0
-0.8379,-0.3394,0.45,5.6565,-1.2366,-2.7099,0,0,0
-0.8262,-0.3191,0.4487,4.1603,-1.8015,-2.9313,0,0,0
-0.8137,-0.3186,0.4431,1.7557,-2.1603,-3.6641,0,0,0
-0.821,-0.3372,0.4487,0.8931,-1.9008,-5.5954,0,0,0
-0.8203,-0.3521,0.449,2.0534,-2.0763,-6.5267,0,0,0
-0.8262,-0.3633,0.4355,4.2443,-2.8855,-6.0916,0,0,0
-0.8269,-0.3704,0.438,6.4198,-3.8473,-5.9847,0,0,0
-0.8152,-0.3645,0.4524,7.7634,-4.0534,-4.9847,0,0,0
-0.811,-0.3582,0.4663,6.7863,-2.7023,-3.3053,0,0,0
-0.8145,-0.3687,0.47,5.8931,-2.1985,-1.771,0,0,0
-0.8193,-0.3499,0.4675,4.374,-1.1985,-1.3817,0,0,0
-0.8198,-0.3616,0.4641,4.1221,-1.3664,-2.9924,0,0,0
-0.8157,-0.3708,0.4763,6.0458,-0.626,-4.5267,0,0,0
-0.8059,-0.3691,0.4961,7.4962,0.9618,-5.3893,0,0,0
-0.8037,-0.3369,0.4895,5.9771,2.6107,-4.7939,0,0,0
-0.8218,-0.3467,0.4807,2.7099,3.771,-4.3893,0,0,0
-0.8411,-0.3262,0.4683,-0.5649,2.7023,-3.6183,0,0,0
-0.8396,-0.3335,0.4653,-4.4198,0.4351,-3.3206,0,0,0
-0.8228,-0.3535,0.4695,-5.5649,-0.7786,-2.5115,0,0,0
-0.8083,-0.363,0.4751,-4.5725,-0.7557,-1.7176,0,0,0
-0.8101,-0.3745,0.4741,-3.5649,0.4809,-0.5954,0,0,0
-0.8083,-0.3672,0.4622,-1.4656,1.4656,0.0458,0,0,0
-0.8174,-0.3572,0.4465,-0.458,1.5573,-0.4351,0,0,0
-0.8291,-0.3425,0.4436,-1.2519,0.6794,-0.8931,0,0,0
-0.824,-0.342,0.4424,-3.5725,-0.1221,-0.6489,0,0,0
-0.8157,-0.3572,0.4541,-5.3206,-0.4885,-0.7786,0,0,0
-0.8135,-0.3799,0.4609,-3.1374,0.5725,-0.2366,0,0,0
-0.8191,-0.3792,0.4597,-0.9008,0.8244,0.7252,0,0,0
-0.8164,-0.3748,0.4612,0.6489,0.2901,1.1374,0,0,0
-0.8252,-0.3586,0.4792,0.7176,0.2366,1.916,0,0,0
-0.8169,-0.3567,0.4934,-0.3893,0.6336,3.3511,0,0,0
-0.8188,-0.3499,0.4863,-1.6641,2.5725,3.8015,0,0,0
-0.8188,-0.3618,0.488,-2.084,3.8855,3.2901,0,0,0
-0.8311,-0.3499,0.4817,-2.4198,4.2519,2.0534,0,0,0
-0.8315,-0.3479,0.4727,-2.7863,4.1908,1.5115,0,0,0
-0.8296,-0.3467,0.4548,-2.7023,3.1527,0.3511,0,0,0
-0.8247,-0.3511,0.4648,-2.3664,2.9695,0.7786,0,0,0
-0.823,-0.3652,0.4536,-0.8855,3.4427,0.855,0,0,0
-0.8293,-0.356,0.4436,0.8855,2.7176,0.4809,1,0,0
-0.8145,-0.3401,0.4392,1.2824,2.2977,0.5344,1,0,0
-0.8264,-0.3384,0.4399,0.8321,2.4733,-0.9313,1,0,0
-0.8298,-0.334,0.4277,0.1908,1.1145,-1.9847,1,0,0
-0.8303,-0.3391,0.4233,-0.2748,-1.1069,-2.7863,1,0,0
-0.8271,-0.3301,0.4373,-2.5115,-2.2672,-2.6565,1,0,0
-0.8171,-0.3479,0.4521,-3.7481,-2.5191,-2.0,1,0,0
-0.803,-0.3616,0.4595,-5.0611,-0.8931,-0.9466,1,0,0
-0.8108,-0.3616,0.4641,-4.6489,-0.0763,-0.229,1,0,0
-0.8223,-0.3577,0.457,-4.2977,-0.6183,-0.145,1,0,0
-0.8311,-0.3552,0.4639,-4.8397,-1.4809,0.084,1,0,0
-0.8333,-0.3474,0.4607,-6.4275,-1.9847,-0.7939,1,0,0
-0.8298,-0.3535,0.4585,-7.458,-1.9542,-2.1832,1,0,0
-0.8186,-0.3835,0.4521,-6.5725,-1.7786,-1.9847,1,0,0
-0.8281,-0.3931,0.4609,-3.6947,-1.0153,-1.0229,1,0,0
-0.8074,-0.3765,0.4778,-1.1832,0.5038,0.1908,1,0,0
-0.8259,-0.3469,0.4663,-0.4122,1.8321,-0.1298,1,0,0
-0.8342,-0.3293,0.4517,-2.0305,1.1756,-0.5725,1,0,0
-0.8386,-0.3159,0.4548,-5.3893,0.0382,-1.7634,1,0,0
-0.8359,-0.3289,0.4595,-8.229,-1.4046,-3.4122,1,0,0
-0.8293,-0.3496,0.4666,-8.5649,-1.3969,-4.0611,1,0,0
-0.8215,-0.373,0.4602,-6.6336,-0.7481,-3.5802,1,0,0
-0.8198,-0.3716,0.4619,-3.1527,-0.0611,-3.6031,1,0,0
-0.8242,-0.3806,0.4451,1.3435,0.229,-4.2137,0,0,0
-0.8181,-0.3533,0.4419,3.4275,0.1908,-4.4962,0,0,0
-0.822,-0.3245,0.446,1.2519,-0.0153,-5.2977,0,0,0
-0.8276,-0.3389,0.446,-2.0611,-0.9389,-5.7405,0,0,0
-0.8201,-0.3381,0.4592,-4.7328,-0.771,-6.374,0,0,0
-0.8186,-0.3586,0.458,-6.8702,-0.7328,-6.5038,0,0,0
-0.8198,-0.3757,0.4644,-6.5191,-0.6794,-5.1985,0,0,0
-0.8218,-0.3877,0.446,-4.9313,-1.0992,-3.3588,0,0,0
-0.8208,-0.3982,0.4609,-2.9084,-1.6565,-2.1145,0,0,0
-0.8237,-0.3765,0.4507,0.1527,-1.7099,-1.9924,0,0,0
-0.8105,-0.3679,0.4502,0.2137,-1.8244,-2.0687,0,0,0
-0.8049,-0.3643,0.4651,-1.6183,-0.2824,-2.1908,0,0,0
-0.8188,-0.3582,0.4658,-2.9237,1.2519,-2.2977,0,0,0
-0.8252,-0.3604,0.4541,-4.6183,1.0305,-2.5573,0,0,0
-0.8262,-0.3738,0.4565,-4.0534,0.4656,-2.6718,0,0,0
-0.8281,-0.3713,0.4534,-2.9466,-0.6794,-3.2061,0,0,0
-0.8235,-0.3723,0.4438,-1.9008,-1.1221,-3.0534,0,0,0
-0.824,-0.3738,0.4485,-0.5496,-2.084,-2.8397,0,0,0
-0.8252,-0.3521,0.4424,-0.6641,-3.0992,-3.1832,0,0,0
-0.8091,-0.3604,0.4502,-2.1679,-2.9466,-3.1832,0,0,0
-0.8037,-0.355,0.4517,-3.6107,-1.8397,-1.4656,0,0,0
-0.8052,-0.3625,0.4541,-5.0305,-1.2366,-1.3588,0,0,0
-0.8198,-0.3611,0.4575,-6.2672,0.458,-2.6718,0,0,0
-0.8274,-0.3804,0.4558,-5.7786,0.3282,-3.9847,0,0,0
-0.6125,-0.1223,0.4958,-5.2214,2.4427,-4.1756,0,0,0
-0.8137,-0.3364,0.459,-6.7786,-1.6641,-4.5038,0,0,0
-0.8086,-0.387,0.4778,-7.7634,-1.916,-1.5649,0,0,0
-0.8081,-0.3613,0.4729,-10.8168,-1.2519,-2.145,0,0,0
-0.8123,-0.3596,0.469,-13.1756,-0.5038,-1.1221,0,0,0
-0.8086,-0.3806,0.4631,-15.3053,0.7481,0.313,0,0,0
-0.8147,-0.3855,0.4592,-15.7328,1.9618,1.4198,0,0,0
-0.8157,-0.3945,0.4509,-16.0076,2.1374,1.9771,0,0,0
-0.8235,-0.4097,0.4426,-14.4504,1.9389,4.458,0,0,0
-0.8259,-0.4038,0.4353,-12.3282,1.0153,6.3206,0,0,0
-0.8318,-0.3896,0.4255,-11.5496,-1.3359,7.5496,0,0,0
-0.8091,-0.3594,0.4319,-13.2824,-1.8779,8.8321,0,0,0
-0.804,-0.3672,0.4402,-18.2366,-1.3359,9.9084,0,0,0
-0.8154,-0.364,0.4346,-21.4656,-1.1679,10.5267,0,0,0
-0.8213,-0.3711,0.4326,-24.8015,-1.2901,10.7786,0,0,0
-0.8308,-0.3821,0.4385,-25.7023,-2.1679,10.1298,0,0,0
-0.8298,-0.3774,0.4402,-26.2366,-2.4733,9.3359,0,0,0
-0.8308,-0.3765,0.4377,-27.4122,-3.1069,9.0458,0,0,0
-0.8713,-0.4299,0.4297,-28.3435,-4.687,10.0382,0,0,0
-0.814,-0.3699,0.4417,-33.0,-4.0153,13.8244,0,0,0
-0.8379,-0.3745,0.4329,-37.0076,-5.1221,17.2672,0,0,0
-0.8501,-0.3938,0.4253,-39.6412,-5.8626,17.771,0,0,0
-0.842,-0.4209,0.4219,-36.4046,-6.9084,17.916,0,0,0
-0.8337,-0.4009,0.4324,-30.3817,-8.0992,15.9847,0,0,0
-0.811,-0.4065,0.4292,-25.3435,-7.5725,14.1374,0,0,0
-0.8132,-0.3779,0.4368,-23.9771,-5.9924,14.5573,0,0,0
-0.822,-0.3486,0.4299,-26.5573,-5.1527,15.6412,0,0,0
-0.8435,-0.3259,0.4099,-33.9084,-6.6794,18.2366,0,0,0
-0.8711,-0.3445,0.3938,-39.9313,-9.9542,18.3588,0,0,0
-0.8801,-0.323,0.4063,-43.2443,-14.9695,13.8168,0,0,0
-0.8672,-0.3015,0.4019,-46.6489,-18.4351,6.2443,0,0,0
-0.8557,-0.3167,0.4087,-49.6794,-21.3053,-0.9237,0,0,0
-0.8208,-0.3547,0.4211,-50.916,-21.2443,-4.9847,0,0,0
-0.8188,-0.3721,0.4285,-52.4198,-22.5496,-4.0382,0,0,0
-0.8435,-0.4348,0.4104,-50.0687,-25.0916,1.8779,0,0,0
-0.8091,-0.4453,0.3862,-49.6718,-24.8244,5.5802,0,0,0
-0.8003,-0.449,0.4067,-42.5802,-23.6718,6.0305,0,0,0
-0.6978,-0.4204,0.4438,-34.458,-27.2824,5.6336,0,0,0
-0.7881,-0.394,0.4414,-29.8244,-20.5114,1.0916,0,0,0
-0.8203,-0.3921,0.4246,-27.313,-18.9466,-0.8015,0,0,0
-0.8645,-0.4019,0.3965,-24.6641,-21.6412,-2.4962,0,0,0
-0.8652,-0.3809,0.3755,-24.9542,-28.6641,-1.6412,0,0,0
-0.9067,-0.3694,0.3254,-26.9847,-39.9313,-1.5115,0,0,0
-0.8889,-0.395,0.3254,-28.458,-52.5115,-2.4885,0,0,0
-0.8818,-0.3987,0.3091,-28.771,-66.2214,-3.0,0,0,0
-0.7742,-0.4094,0.3708,-30.3206,-72.7176,-3.374,0,0,0
-0.7202,-0.4231,0.4487,-31.374,-70.2901,1.0153,0,0,0
-0.7124,-0.4568,0.4873,-29.1145,-61.3282,3.4046,0,0,0
-0.7168,-0.4651,0.5149,-23.1527,-53.0229,3.2443,0,0,0
-0.7356,-0.4536,0.4941,-17.0611,-45.9618,1.6947,0,0,0
-0.7581,-0.4526,0.4758,-9.4885,-43.084,-0.687,0,0,0
-0.7859,-0.4685,0.4626,-0.8015,-44.8092,-2.145,0,0,0
-0.7964,-0.4592,0.4412,5.8931,-49.6336,-1.1527,0,0,0
-0.8022,-0.4395,0.4302,9.5649,-56.6183,0.7863,0,0,0
-0.7981,-0.4089,0.4446,12.1069,-65.4046,2.3893,0,0,0
-0.7693,-0.4011,0.4497,13.6183,-71.626,1.6183,0,0,0
-0.7864,-0.4006,0.4417,15.8855,-79.2137,-0.5649,0,0,0
-0.7563,-0.3647,0.4431,17.855,-86.1832,-5.5954,0,0,0
-0.7378,-0.3623,0.4382,21.3511,-93.3283,-11.3893,0,0,0
-0.751,-0.3965,0.4348,25.3969,-101.9466,-15.2824,0,0,0
-0.6931,-0.3979,0.4512,29.3282,-107.145,-16.1221,0,0,0
-0.6606,-0.3823,0.4873,34.0076,-112.5573,-12.6489,0,0,0
-0.6606,-0.4055,0.5149,37.3969,-116.6641,-11.6718,0,0,0
-0.6487,-0.3992,0.5439,38.9466,-122.2824,-9.5038,0,0,0
-0.6277,-0.4058,0.574,39.0458,-123.0153,-8.9924,0,0,0
-0.5869,-0.4182,0.6072,39.5115,-124.1985,-9.9847,0,0,0
-0.5654,-0.4153,0.6455,41.0382,-124.1985,-10.6412,0,0,0
-0.519,-0.4302,0.7026,44.2901,-123.3588,-8.8626,0,0,0
-0.5012,-0.4739,0.7527,49.5573,-120.4275,-6.5038,0,0,0
-0.4736,-0.4558,0.8057,52.2977,-112.7939,-3.4275,0,0,0
-0.4512,-0.4165,0.8792,50.855,-103.6565,2.2137,0,0,0
-0.4617,-0.4084,0.9153,46.542,-91.4351,6.2214,0,0,0
-0.4407,-0.3145,0.9519,38.3664,-74.5496,2.4427,0,0,0
-0.4358,-0.3662,0.9641,37.0458,-64.9237,7.3359,0,0,0
-0.446,-0.3618,0.9492,30.5114,-53.3817,6.4351,0,0,0
-0.4536,-0.3486,0.9487,22.0611,-44.5115,7.7863,0,0,0
-0.4307,-0.3311,0.9524,11.8626,-35.0229,9.7863,0,0,0
-0.45,-0.3311,0.9619,0.5038,-26.6565,12.6412,0,0,0
-0.4358,-0.3354,0.9558,-8.9389,-19.7481,15.4198,0,0,0
-0.439,-0.3262,0.939,-16.4809,-13.5496,16.2595,0,0,0
-0.4424,-0.3313,0.9231,-21.6641,-7.0916,16.3435,0,0,0
-0.4683,-0.3401,0.8589,-17.7252,6.084,13.6031,0,0,0
-0.4739,-0.314,0.8425,-14.0382,7.7405,12.542,0,0,0
-0.4954,-0.3,0.8162,-12.8473,6.7634,11.1221,0,0,0
-0.4937,-0.2908,0.8096,-12.0076,3.771,10.145,0,0,0
-0.5149,-0.2954,0.7871,-11.0458,0.6336,9.5954,0,0,0
-0.499,-0.2893,0.7915,-10.0,-2.4198,8.9924,0,0,0
-0.5015,-0.2944,0.7859,-9.0687,-3.7328,8.3282,0,0,0
-0.4937,-0.2795,0.7925,-6.9389,-3.9695,6.687,0,0,0
-0.5029,-0.2708,0.7617,-6.1298,-3.8626,4.4427,0,0,0
-0.5051,-0.269,0.772,-5.6947,-5.2672,1.3664,0,0,0
-0.5024,-0.2744,0.7883,-5.5267,-8.542,-0.5191,0,0,0
-0.5042,-0.2747,0.7932,-6.4122,-12.2824,-1.4046,0,0,0
-0.4983,-0.2773,0.8022,-8.1374,-17.3511,-0.6794,0,0,0
-0.4937,-0.282,0.8127,-9.9008,-21.9313,-1.3969,0,0,0
-0.4919,-0.2915,0.8184,-10.9542,-25.7023,-3.0153,0,0,0
-0.4651,-0.3154,0.8352,-9.8168,-26.2672,-4.5115,0,0,0
-0.457,-0.311,0.8567,-7.0763,-23.9084,-5.7176,0,0,0
-0.4644,-0.3108,0.8401,-4.916,-22.084,-7.6183,0,0,0
-0.4502,-0.3,0.8318,-4.1985,-21.2137,-9.7557,0,0,0
-0.4587,-0.3103,0.8223,-4.5573,-21.1374,-11.5038,0,0,0
-0.4539,-0.3164,0.823,-4.771,-22.3817,-11.9084,0,0,0
-0.4407,-0.3315,0.8381,-5.3588,-22.2977,-11.8473,0,0,0
-0.4478,-0.3171,0.8315,-5.9924,-22.0916,-12.1374,0,0,0
-0.3,-0.2529,0.79,-4.6489,-22.2595,-11.0611,0,0,0
-0.4441,-0.3406,0.8496,-8.8931,-22.8244,-14.5725,0,0,0
-0.4304,-0.364,0.8726,-6.8168,-25.4122,-12.9237,0,0,0
-0.3958,-0.3765,0.8906,-4.5344,-22.5878,-11.6336,0,0,0
-0.4053,-0.3557,0.8936,-2.916,-19.9237,-10.6183,0,0,0
-0.3918,-0.3601,0.8999,-3.9389,-17.0763,-10.8779,0,0,0
-0.3999,-0.3538,0.9033,-5.8626,-13.6107,-11.6107,0,0,0
-0.3958,-0.3828,0.9036,-6.916,-11.1069,-12.0916,0,0,0
-0.3958,-0.4026,0.8906,-7.2443,-9.0534,-11.5802,0,0,0
-0.397,-0.4067,0.8809,-6.0687,-8.1756,-11.6641,0,0,0
-0.3992,-0.416,0.8906,-5.3282,-8.374,-10.5649,0,0,0
-0.394,-0.4141,0.8899,-4.7939,-8.5878,-10.1221,0,0,0
-0.3911,-0.417,0.8977,-5.1908,-8.0916,-9.2748,0,0,0
-0.3904,-0.4202,0.8967,-5.5115,-7.5344,-8.4275,0,0,0
-0.3838,-0.4214,0.8931,-5.5191,-6.7481,-7.8397,0,0,0
-0.3884,-0.4321,0.8901,-5.2901,-5.7328,-7.1221,0,0,0
-0.3757,-0.4375,0.8933,-4.8321,-3.855,-5.771,0,0,0
-0.3738,-0.437,0.8997,-4.2519,-0.3511,-3.8015,0,0,0
-0.3826,-0.4263,0.8982,-3.9695,1.7405,-2.7176,0,0,0
-0.3835,-0.4199,0.8757,-4.2214,3.3282,-2.6794,0,0,0
-0.3953,-0.4556,0.8774,-1.6565,3.3206,-2.313,0,0,0
-0.397,-0.4397,0.8718,4.1145,2.5115,-2.687,0,0,0
-0.3901,-0.4419,0.8691,8.0763,1.4733,-1.6794,0,0,0
-0.3967,-0.4312,0.8679,11.2824,0.7634,0.374,0,0,0
-0.3943,-0.4023,0.8606,11.9466,0.5191,1.5267,0,0,0
-0.3994,-0.3706,0.8601,9.8855,-0.2214,1.145,0,0,0
-0.3979,-0.3804,0.8772,6.6412,0.2748,1.8702,0,0,0
-0.3894,-0.3745,0.8877,5.8855,1.5878,1.8244,0,0,0
-0.3843,-0.3555,0.8936,4.2519,2.0153,2.2824,0,0,0
-0.3989,-0.3577,0.8916,1.9695,4.3817,1.3511,0,0,0
-0.4094,-0.353,0.8804,-0.5267,4.0611,0.8931,0,0,0
-0.4028,-0.3445,0.8816,-2.916,3.0305,0.2748,0,0,0
-0.4014,-0.3589,0.8848,-5.1069,2.4809,-0.3664,0,0,0
-0.3979,-0.3579,0.8848,-5.9847,1.6641,0.1527,0,0,0
-0.4043,-0.3572,0.8779,-6.3588,1.2748,0.3053,0,0,0
-0.395,-0.364,0.8865,-7.2672,1.7405,0.0076,0,0,0
-0.395,-0.3528,0.8799,-6.9389,3.4351,-0.3282,0,0,0
-0.3984,-0.3494,0.8735,-7.5573,5.2443,-1.0382,0,0,0
-0.4104,-0.3442,0.8621,-8.0458,6.3817,-2.4198,0,0,0
-0.4016,-0.3628,0.8484,-7.5038,6.6107,-2.5191,0,0,0
-0.4121,-0.3628,0.8472,-6.1145,6.5496,-2.9313,0,0,0
-0.4214,-0.3706,0.8286,-5.1298,5.458,-2.9313,0,0,0
-0.4224,-0.3699,0.8286,-4.6031,3.9695,-2.084,0,0,0
-0.427,-0.3616,0.824,-4.7252,1.3511,-2.1145,0,0,0
-0.4189,-0.3604,0.8228,-5.374,-0.8244,-2.3435,0,0,0
-0.417,-0.3706,0.8237,-5.9542,-2.4809,-2.8015,0,0,0
-0.4143,-0.4087,0.8384,-4.2214,-2.4656,-2.374,0,0,0
-0.4185,-0.4016,0.8474,-1.1756,-2.9695,-2.0611,0,0,0
-0.4014,-0.4036,0.8518,0.9466,-3.2748,-1.4733,0,0,0
-0.406,-0.3938,0.8477,1.7405,-3.1756,-2.0305,0,0,0
-0.4048,-0.3997,0.8599,1.5496,-3.229,-2.4122,0,0,0
-0.4033,-0.4065,0.8652,1.7481,-3.6947,-1.5344,0,0,0
-0.4026,-0.4128,0.8833,1.5954,-3.9695,-1.2061,0,0,0
-0.3955,-0.4192,0.8901,1.2519,-4.2443,-0.3511,0,0,0
-0.3833,-0.4099,0.9109,-0.4275,-3.1374,1.3435,0,0,0
-0.3865,-0.384,0.9141,-3.3359,-0.4427,3.3435,0,0,0
-0.3882,-0.3721,0.9109,-6.9237,1.5954,3.9389,0,0,0
-0.3923,-0.3745,0.9021,-9.4427,3.7786,3.1221,0,0,0
-0.397,-0.3877,0.8921,-9.5267,6.458,2.7481,0,0,0
-0.3982,-0.4006,0.886,-6.3435,7.4733,1.8473,0,0,0
-0.4031,-0.3853,0.8713,-3.4962,7.6031,1.9008,0,0,0
-0.4087,-0.3782,0.8616,-2.2672,6.542,2.5038,0,0,0
-0.4146,-0.3711,0.8691,-2.0534,5.5802,3.2595,0,0,0
-0.4058,-0.3601,0.8635,-2.7634,6.2901,3.229,0,0,0
-0.4158,-0.3513,0.8464,-4.0458,6.3588,2.458,0,0,0
-0.417,-0.3413,0.8423,-5.8015,6.771,1.4733,0,0,0
-0.4126,-0.354,0.8281,-7.6412,7.8473,0.8015,0,0,0
-0.4275,-0.3679,0.8254,-6.8397,8.0763,1.1908,0,0,0
-0.4287,-0.3713,0.8105,-5.4351,8.0153,1.0458,0,0,0
-0.4368,-0.3782,0.8196,-3.1756,7.5115,0.4733,0,0,0
-0.4407,-0.3645,0.803,-1.4046,5.6718,-0.3511,0,0,0
-0.4385,-0.3579,0.7937,-1.7099,3.1221,-1.5191,0,0,0
-0.4412,-0.3704,0.8008,-2.2137,0.3969,-2.3588,0,0,0
-0.4299,-0.3867,0.8164,-2.2672,-1.6336,-1.9313,0,0,0
-0.4229,-0.3914,0.8254,-1.9542,-2.0305,-1.145,0,0,0
-0.4294,-0.395,0.8345,-0.374,-2.2137,-0.5115,0,0,0
-0.4211,-0.3918,0.8501,0.2595,-1.7557,-0.4885,0,0,0
-0.4197,-0.3958,0.8672,0.9313,-1.5267,-0.2137,0,0,0
-0.4155,-0.3958,0.8721,0.1374,-1.0916,0.3359,0,0,0
-0.4192,-0.407,0.8716,-0.4198,-0.5191,0.9771,0,0,0
-0.4136,-0.3877,0.8699,-1.4122,0.8855,1.3053,0,0,0
-0.4199,-0.3867,0.8552,-4.4275,2.3435,1.1221,0,0,0
-0.4199,-0.3884,0.8396,-6.4351,4.229,1.229,0,0,0
-0.4338,-0.4019,0.8213,-6.8626,4.4275,1.2901,0,0,0
-0.4351,-0.4177,0.8015,-4.9237,3.6565,1.313,0,0,0
-0.4458,-0.4097,0.7957,-3.4198,1.6183,1.855,0,0,0
-0.4407,-0.4146,0.7961,-2.8397,-1.313,2.5573,0,0,0
-0.4409,-0.4089,0.7979,-2.2214,-3.8244,3.7252,0,0,0
-0.4436,-0.3936,0.8054,-2.1603,-5.6641,3.8931,0,0,0
-0.4338,-0.3992,0.811,-2.4427,-6.8855,3.626,0,0,0
-0.4285,-0.408,0.814,-1.5954,-7.1374,3.6336,0,0,0
-0.4182,-0.4131,0.8281,-0.2672,-7.458,4.0229,0,0,0
-0.4285,-0.4114,0.8296,1.3969,-8.1145,4.1908,0,0,0
-0.4211,-0.4138,0.8562,3.3588,-8.5115,5.0687,0,0,0
-0.4163,-0.406,0.8599,4.145,-9.3817,6.5573,0,0,0
-0.4158,-0.3948,0.8721,2.5191,-9.2595,7.5573,0,0,0
-0.4102,-0.3987,0.8835,1.2366,-8.0229,8.1069,0,0,0
-0.4043,-0.394,0.895,0.8092,-5.9847,8.7863,0,0,0
-0.4116,-0.3794,0.8828,-0.3817,-3.4351,8.7252,0,0,0
-0.4058,-0.384,0.8889,-1.4427,-1.2748,9.4885,0,0,0
-0.4155,-0.3726,0.8799,-2.2061,1.0076,9.4122,0,0,0
-0.418,-0.3606,0.8669,-3.313,2.0763,9.4275,0,0,0
-0.4165,-0.353,0.863,-3.3053,1.7328,8.5496,0,0,0
-0.4128,-0.3555,0.853,-3.8168,2.4656,8.2977,0,0,0
-0.4287,-0.3521,0.8481,-3.3664,3.3206,8.5496,0,0,0
-0.425,-0.3467,0.8416,-2.8092,3.6336,8.8855,0,0,0
-0.4326,-0.3474,0.8389,-2.1985,4.3435,7.916,0,0,0
-0.436,-0.345,0.8293,-1.8931,3.7557,6.3053,0,0,0
-0.438,-0.3589,0.824,-1.2977,2.0076,5.2366,0,0,0
-0.4304,-0.3708,0.8298,0.0382,-0.2214,5.4656,0,0,0
-0.439,-0.3743,0.8445,1.855,-2.5725,5.8702,0,0,0
-0.4224,-0.3806,0.8831,3.4809,-2.5878,6.5115,0,0,0
-0.4197,-0.3716,0.8943,4.8244,-0.626,6.1985,0,0,0
-0.4092,-0.3511,0.9097,4.6794,2.9389,5.5496,0,0,0
-0.4165,-0.3416,0.8911,3.0382,6.9618,4.4885,0,0,0
-0.4189,-0.3435,0.8745,0.4351,8.9542,3.8473,0,0,0
-0.4392,-0.355,0.8484,-1.2214,9.5344,4.0763,0,0,0
-0.4443,-0.3694,0.8257,-1.3969,8.2977,4.9466,0,0,0
-0.45,-0.3811,0.8208,-0.7863,5.7557,6.4504,0,0,0
-0.4597,-0.376,0.8086,-1.4885,4.8931,7.7405,0,0,0
-0.4641,-0.3689,0.7976,-1.313,3.5954,8.5191,0,0,0
-0.4595,-0.3708,0.8071,-1.1145,3.3359,7.8321,0,0,0
-0.4443,-0.3667,0.8142,-1.1527,4.3359,7.4504,0,0,0
-0.4441,-0.3608,0.8196,-1.2061,5.8473,7.8931,0,0,0
-0.4438,-0.3645,0.8149,-2.7176,6.5878,8.3206,0,0,0
-0.4353,-0.375,0.854,-3.626,6.2824,9.6183,0,0,0
-0.4348,-0.3665,0.8672,-4.2824,8.9542,11.626,0,0,0
-0.4155,-0.3728,0.9121,-7.0153,14.5573,13.4733,0,0,0
-0.405,-0.3677,0.9363,-7.6947,24.2061,14.6412,0,0,0
-0.4177,-0.3838,0.9429,-6.1221,34.5191,14.7328,0,0,0
-0.4233,-0.3987,0.9382,-1.458,42.9008,14.0229,0,0,0
-0.436,-0.3999,0.9236,3.5649,50.4275,13.771,0,0,0
-0.4539,-0.4045,0.9248,8.0687,55.2824,15.0153,0,0,0
-0.4509,-0.3582,0.9221,11.6794,59.9847,16.7786,0,0,0
-0.4883,-0.3123,0.9136,10.6489,62.0687,16.5496,0,0,0
-0.4893,-0.2878,0.8943,7.7176,62.5649,17.3053,0,0,0
-0.5276,-0.2451,0.8452,4.5954,60.4046,15.5038,0,0,0
-0.5647,-0.2156,0.8167,-2.9847,56.5649,13.2748,0,0,0
-0.5847,-0.2241,0.7803,-11.4733,51.145,10.6565,0,0,0
-0.5742,-0.2117,0.7651,-19.2443,45.6718,8.5115,0,0,0
-0.552,-0.2429,0.7771,-24.7099,42.6565,6.8397,0,0,0
-0.5737,-0.272,0.7598,-24.7557,43.0076,6.5496,0,0,0
-0.5991,-0.3179,0.7456,-21.7481,42.084,5.626,0,0,0
-0.5662,-0.3252,0.7446,-14.458,40.4885,4.3893,0,0,0
-0.6187,-0.3237,0.6975,-9.0382,38.8931,4.1679,0,0,0
-0.6086,-0.3115,0.7034,-6.7557,35.1069,4.2748,0,0,0
-0.6021,-0.2976,0.7021,-8.7252,32.3664,4.7634,0,0,0
-0.5996,-0.3333,0.7087,-11.2214,31.1298,4.8321,0,0,0
-0.6001,-0.3452,0.7258,-13.1679,31.6947,6.0153,0,0,0
-0.6074,-0.3457,0.7202,-14.3511,34.0534,6.5115,0,0,0
-0.6238,-0.3521,0.7004,-14.4351,33.374,6.0305,0,0,0
-0.6375,-0.3408,0.6814,-16.4046,31.3969,6.4351,0,0,0
-0.6353,-0.3772,0.6812,-18.8931,29.1832,7.6031,0,0,0
-0.6323,-0.3699,0.6899,-18.9618,27.7252,9.5191,0,0,0
-0.6311,-0.3696,0.6899,-20.6489,28.9924,12.5038,0,0,0
-0.6533,-0.3726,0.6699,-21.5038,28.1221,15.0611,0,0,0
-0.6731,-0.3547,0.6455,-24.2595,25.7863,15.8321,0,0,0
-0.6768,-0.3579,0.6377,-25.6031,20.2824,15.9924,0,0,0
-0.6921,-0.3396,0.6091,-28.0992,14.4962,15.0763,0,0,0
-0.6877,-0.3296,0.5967,-31.6489,7.0153,14.7328,0,0,0
-0.7102,-0.3511,0.603,-36.313,-0.6412,15.1756,0,0,0
-0.6978,-0.3242,0.6084,-42.3588,-6.7099,15.8092,0,0,0
-0.7146,-0.3452,0.6174,-52.4427,-13.3588,19.0305,0,0,0
-0.707,-0.3464,0.594,-62.5573,-21.3435,20.6718,0,0,0
-0.7102,-0.3909,0.6082,-69.1069,-29.5649,21.8855,0,0,0
-0.6577,-0.4341,0.6472,-69.542,-33.5115,23.8626,0,0,0
-0.6707,-0.4683,0.6563,-65.0305,-35.0305,27.8626,0,0,0
-0.625,-0.4692,0.6782,-58.5878,-34.0153,31.0611,0,0,0
-0.6296,-0.4204,0.6978,-51.2443,-29.7634,31.145,0,0,0
-0.6155,-0.3918,0.7012,-47.1756,-23.916,27.0611,0,0,0
-0.624,-0.3545,0.698,-46.7481,-19.1527,24.3511,0,0,0
-0.6353,-0.3542,0.6912,-48.1374,-16.5649,21.8779,0,0,0
-0.6565,-0.3472,0.6836,-49.4351,-15.5725,18.3511,0,0,0
-0.646,-0.3428,0.6755,-50.3435,-15.9847,15.8473,0,0,0
-0.6528,-0.3611,0.6677,-50.9771,-16.8397,13.3282,0,0,0
-0.646,-0.3674,0.6721,-53.9084,-17.8626,12.2137,0,0,0
-0.6323,-0.387,0.6995,-53.9847,-16.4809,12.2748,0,0,0
-0.6201,-0.3982,0.7075,-50.9847,-12.6183,12.626,0,0,0
-0.6309,-0.4058,0.699,-47.1908,-8.7863,12.4733,0,0,0
-0.6191,-0.4106,0.6821,-43.313,-7.9466,10.4427,0,0,0
-0.6409,-0.4224,0.6672,-38.9084,-6.7939,7.9695,0,0,0
-0.6272,-0.4702,0.6785,-33.4733,-6.2977,6.771,0,0,0
-0.6226,-0.4922,0.6897,-25.4504,-5.8321,7.2137,0,0,0
-0.6096,-0.4753,0.7021,-18.2824,-1.9466,8.771,0,0,0
-0.6355,-0.4412,0.6741,-15.5802,-0.0076,9.2595,0,0,0
-0.636,-0.4194,0.6682,-16.855,1.9542,8.5115,0,0,0
-0.6396,-0.4163,0.6497,-20.0763,2.8397,6.8779,0,0,0
-0.6418,-0.436,0.6567,-23.1069,3.0611,6.687,0,0,0
-0.6379,-0.4607,0.657,-24.6412,3.9237,7.9389,0,0,0
-0.6594,-0.4482,0.6462,-25.2824,5.916,9.5878,0,0,0
-0.6475,-0.4155,0.637,-30.7634,5.2443,9.8015,0,0,0
-0.6541,-0.4114,0.6348,-35.9466,5.626,8.4198,0,0,0
-0.647,-0.4338,0.6177,-39.4427,6.0382,6.6107,0,0,0
-0.6558,-0.4685,0.6296,-39.3817,4.4275,5.3893,0,0,0
-0.6401,-0.5195,0.644,-35.9924,8.1298,6.7481,0,0,0
-0.6602,-0.5166,0.6323,-30.5725,9.2672,8.9695,0,0,0
-0.6475,-0.4607,0.6265,-27.9466,10.8015,9.771,0,0,0
-0.6689,-0.448,0.6086,-28.9084,9.1908,9.458,0,0,0
-0.6709,-0.4346,0.5989,-31.229,8.0153,8.5115,0,0,0
-0.6689,-0.4651,0.5967,-32.687,6.4351,8.542,0,0,0
-0.6733,-0.4678,0.5977,-32.9466,6.084,8.8015,0,0,0
-0.6709,-0.4524,0.593,-33.5878,4.542,9.6412,0,0,0
-0.6797,-0.4739,0.5786,-34.2366,5.3893,9.3053,0,0,0
-0.6697,-0.4536,0.5669,-34.4275,4.4198,7.7252,0,0,0
-0.6741,-0.478,0.5781,-33.4885,4.2748,7.3359,0,0,0
-0.6765,-0.4753,0.562,-30.5954,3.229,6.6336,0,0,0
-0.6748,-0.4758,0.5525,-29.5191,2.9695,6.0382,0,0,0
-0.6802,-0.4871,0.5378,-27.6641,2.0382,7.0229,0,0,0
-0.6943,-0.4802,0.533,-26.2061,-0.4122,7.7939,0,0,0
-0.6936,-0.4756,0.5269,-24.7557,-3.3359,7.9008,0,0,0
-0.6755,-0.4783,0.5315,-23.5954,-5.8092,7.3282,0,0,0
-0.6814,-0.4895,0.5376,-20.9466,-7.3664,6.4733,0,0,0
-0.6863,-0.5022,0.543,-17.9924,-7.8168,5.5649,0,0,0
-0.6753,-0.5149,0.5415,-11.8397,-7.6183,5.4198,0,0,0
-0.6809,-0.4954,0.541,-7.5115,-7.7328,5.6107,0,0,0
-0.6792,-0.4717,0.5317,-5.9771,-8.6412,4.9771,0,0,0
-0.6838,-0.4556,0.5376,-5.9084,-10.0916,3.4198,0,0,0
-0.6768,-0.4734,0.5339,-5.8626,-11.0076,2.4809,0,0,0
-0.6829,-0.468,0.5288,-5.7252,-13.0763,1.9389,0,0,0
-0.6814,-0.4646,0.5352,-5.0305,-15.3817,0.9466,0,0,0
-0.6636,-0.5066,0.572,-3.3282,-15.5649,2.0611,0,0,0
-0.6682,-0.4766,0.5872,-2.8473,-13.2443,3.3053,0,0,0
-0.6677,-0.4539,0.5979,-5.9924,-11.8092,2.5725,0,0,0
-0.6733,-0.4775,0.5972,-8.771,-11.0076,1.313,0,0,0
-0.6699,-0.5015,0.5935,-8.145,-11.1374,0.6183,0,0,0
-0.6704,-0.5056,0.5881,-5.855,-11.5496,0.5344,0,0,0
-0.6619,-0.5015,0.5901,-5.1679,-13.3435,1.771,0,0,0
-0.6584,-0.4824,0.5879,-6.4427,-13.5191,2.084,0,0,0
-0.6538,-0.4719,0.5879,-7.458,-15.8321,2.313,0,0,0
-0.6843,-0.4709,0.5696,-8.6183,-16.771,1.4656,0,0,0
-0.6814,-0.4409,0.5356,-12.0687,-19.1603,1.6183,0,0,0
-0.6846,-0.4414,0.5261,-17.8702,-25.0153,1.5725,0,0,0
-0.6509,-0.4563,0.5635,-21.6794,-30.2519,2.1756,0,0,0
-0.6587,-0.4734,0.575,-27.2443,-32.1374,2.8473,0,0,0
-0.6194,-0.4756,0.6221,-30.2672,-29.8779,2.8092,0,0,0
-0.5952,-0.4963,0.6394,-30.2595,-25.0992,1.5573,0,0,0
-0.6116,-0.5327,0.6462,-28.4427,-21.6718,1.8168,0,0,0
-0.6365,-0.5566,0.6326,-24.9389,-17.9008,1.9084,0,0,0
-0.6313,-0.5669,0.6353,-21.8092,-15.7786,2.9084,0,0,0
-0.6375,-0.5474,0.6353,-18.6718,-14.4885,3.6794,0,0,0
-0.6292,-0.5068,0.6262,-17.458,-12.2901,3.1298,0,0,0
-0.7417,-0.6399,0.4421,-15.3282,-12.1908,2.5115,0,0,0
-0.6274,-0.3765,0.5791,-10.4885,-8.1679,5.9542,0,0,0
-0.6477,-0.4749,0.5864,-10.8244,-8.5267,-0.3969,0,0,0
-0.6194,-0.5479,0.6016,-7.0458,-9.1679,-1.0229,0,0,0
-0.615,-0.5623,0.627,3.8473,-5.7176,-1.2595,0,0,0
-0.6294,-0.5164,0.6216,15.771,-2.8779,-2.6718,0,0,0
-0.6072,-0.4861,0.6277,22.7786,0.0,-4.458,0,0,0
-0.6262,-0.4282,0.6047,21.687,1.0458,-5.7405,0,0,0
-0.6394,-0.4619,0.6001,19.2214,-0.3206,-7.3206,0,0,0
-0.6423,-0.4839,0.5962,18.626,-1.8855,-7.9618,0,0,0
-0.6445,-0.5288,0.5947,22.7481,-4.0992,-9.5191,0,0,0
-0.634,-0.5193,0.6038,28.9542,-6.1145,-9.1756,0,0,0
-0.6213,-0.5012,0.6084,33.374,-6.5954,-8.8092,0,0,0
-0.625,-0.4956,0.6206,35.6641,-5.9313,-9.6412,0,0,0
-0.6267,-0.4893,0.6189,37.1985,-5.0916,-9.9695,0,0,0
-0.6289,-0.4619,0.6169,36.4351,-4.458,-11.2214,0,0,0
-0.6353,-0.4841,0.6086,35.6794,-5.5954,-12.9847,0,0,0
-0.6255,-0.4927,0.6116,36.6718,-5.6718,-13.0763,0,0,0
-0.634,-0.4692,0.6016,35.8931,-6.8321,-14.1832,0,0,0
-0.6382,-0.4707,0.5994,33.2748,-9.9618,-14.7099,0,0,0
-0.6108,-0.5146,0.6345,32.2824,-9.2366,-14.5802,0,0,0
-0.6165,-0.5144,0.6628,34.3588,-8.3359,-13.0611,0,0,0
-0.5918,-0.5024,0.6736,37.7557,-4.2672,-12.6336,0,0,0
-0.6052,-0.4919,0.6697,39.8855,-1.1985,-12.5573,0,0,0
-0.6045,-0.4827,0.6643,42.0763,1.3664,-13.7023,0,0,0
-0.5896,-0.469,0.6804,42.374,3.3435,-15.2672,0,0,0
-0.616,-0.4941,0.6958,44.458,4.9618,-14.2214,0,0,0
-0.6055,-0.5,0.6921,46.2901,7.9237,-13.6031,0,0,0
-0.6152,-0.4675,0.6602,47.7099,7.3893,-10.9389,0,0,0
-0.6223,-0.4795,0.6404,47.2748,5.6718,-7.0687,0,0,0
-0.6172,-0.4678,0.6543,50.9084,4.0763,-6.0916,0,0,0
-0.6199,-0.429,0.6521,53.6489,1.6412,-6.626,0,0,0
-0.6064,-0.4048,0.6797,50.916,0.145,-7.229,0,0,0
-0.6079,-0.377,0.6975,46.8779,2.4733,-8.6107,0,0,0
-0.5869,-0.3679,0.7319,42.2366,5.8779,-8.9237,0,0,0
-0.5898,-0.4468,0.7439,41.6794,11.771,-8.0076,0,0,0
-0.6221,-0.4229,0.7141,45.0305,14.0305,-5.6107,0,0,0
-0.6499,-0.3997,0.6755,42.8168,12.9542,-3.6336,0,0,0
-0.6375,-0.3594,0.6672,35.9237,7.0534,-1.3893,0,0,0
-0.655,-0.3301,0.6821,25.2137,-0.3969,-1.2061,0,0,0
-0.6101,-0.3354,0.7175,12.6947,-4.3359,-1.4122,0,0,0
-0.5962,-0.377,0.7527,6.0076,-1.5496,-1.6947,0,0,0
-0.5771,-0.5015,0.7751,12.9618,6.4809,-1.9466,0,0,0
-0.5823,-0.5073,0.7712,32.771,13.7786,-2.5267,0,0,0
-0.5928,-0.4617,0.7532,48.2061,19.5802,-2.9542,0,0,0
-0.604,-0.3396,0.7175,53.2366,22.0687,-3.3588,0,0,0
-0.6472,-0.314,0.6833,46.084,21.4427,-2.0763,0,0,0
-0.6543,-0.3213,0.6677,38.6794,15.8015,-0.771,0,0,0
-0.6543,-0.3445,0.6702,34.7099,9.6412,-0.1832,0,0,0
-0.6399,-0.3499,0.6775,35.5191,4.9389,-1.4198,0,0,0
-0.6462,-0.3936,0.6868,42.145,1.916,-2.5725,0,0,0
-0.6284,-0.3604,0.697,51.9084,0.6336,-5.6794,0,0,0
-0.6194,-0.3618,0.7239,60.2214,1.2137,-8.2443,0,0,0
-0.5969,-0.2737,0.7246,61.2061,4.0916,-8.4504,0,0,0
-0.6367,-0.2681,0.7192,56.7557,6.771,-7.6718,0,0,0
-0.6428,-0.2563,0.7163,49.7786,7.2824,-7.5038,0,0,0
-0.6399,-0.2407,0.7051,40.9237,4.3817,-7.1069,0,0,0
-0.6357,-0.3108,0.7202,37.9313,3.0916,-9.2824,0,0,0
-0.6382,-0.344,0.728,46.0534,2.374,-11.626,0,0,0
-0.6189,-0.325,0.7197,55.8779,2.1374,-13.2214,0,0,0
-0.6343,-0.2869,0.7253,62.9466,1.4198,-16.6947,0,0,0
-0.6375,-0.2417,0.7332,63.9084,-0.3053,-19.0916,0,0,0
-0.6204,-0.1838,0.7295,54.4275,-2.1679,-14.8092,0,0,0
-0.6531,-0.2302,0.6987,42.2672,-7.5191,-9.1908,0,0,0
-0.6699,-0.2664,0.7053,35.1679,-14.6947,-5.4885,0,0,0
-0.6467,-0.2866,0.7214,34.771,-20.8397,-5.0534,0,0,0
-0.6526,-0.2678,0.7122,36.6794,-27.0458,-7.2061,0,0,0
-0.6353,-0.2898,0.7097,41.1603,-32.9924,-9.3511,0,0,0
-0.6455,-0.2517,0.7019,43.2443,-39.1145,-11.2366,0,0,0
-0.6421,-0.2456,0.6973,40.3206,-46.1145,-11.2214,0,0,0
-0.5935,-0.2605,0.738,36.3359,-50.458,-8.229,0,0,0
-0.5979,-0.2607,0.7576,34.0687,-50.8015,-4.542,0,0,0
-0.5654,-0.239,0.801,31.7023,-49.4275,-2.0992,0,0,0
-0.5776,-0.2285,0.8118,29.3588,-46.6718,-0.7863,0,0,0
-0.5251,-0.166,0.8425,25.2901,-41.9924,-0.7405,0,0,0
-0.5735,-0.1846,0.834,20.3435,-40.2748,-1.9771,0,0,0
-0.5583,-0.1653,0.8401,14.2443,-36.9771,-3.1298,0,0,0
-0.5215,-0.1768,0.8691,7.0916,-35.1374,-2.7252,0,0,0
-0.498,-0.1902,0.9031,4.0229,-31.3588,-1.3664,0,0,0
-0.5012,-0.2122,0.9231,4.9695,-26.6565,-0.1832,0,0,0
-0.4763,-0.1892,0.9504,8.5038,-20.2748,-0.3206,0,0,0
-0.4893,-0.1782,0.9429,11.9466,-15.0763,-1.4504,0,0,0
-0.4958,-0.1658,0.925,11.9618,-9.7023,-2.4733,0,0,0
-0.5032,-0.1829,0.9084,12.4122,-5.8702,-3.2061,0,0,0
-0.5071,-0.1523,0.8958,12.5802,-3.4122,-4.1374,0,0,0
-0.5071,-0.1602,0.895,11.374,-1.6947,-4.4885,0,0,0
-0.511,-0.1616,0.8953,10.2595,0.313,-5.2519,0,0,0
-0.5139,-0.1814,0.8862,10.8931,2.5878,-5.9542,0,0,0
-0.491,-0.1948,0.9109,12.6565,7.6031,-5.7023,0,0,0
-0.4929,-0.1733,0.9102,15.084,12.7786,-7.4733,0,0,0
-0.4897,-0.1611,0.9109,14.6107,18.9847,-9.3359,0,0,0
-0.4883,-0.1929,0.9275,14.2748,26.5038,-10.5344,0,0,0
-0.4956,-0.1665,0.9292,15.4809,31.8015,-10.9618,0,0,0
-0.5134,-0.1738,0.9038,13.7176,36.374,-11.1756,0,0,0
-0.5393,-0.1711,0.8845,8.0458,37.5038,-7.855,0,0,0
-0.5266,-0.175,0.8762,1.4962,40.5344,-3.4962,0,0,0
-0.5488,-0.1997,0.8682,-3.7405,40.687,-0.9008,0,0,0
-0.5239,-0.1904,0.8826,-6.7099,44.0153,1.8092,0,0,0
-0.509,-0.1775,0.9036,-8.4198,51.7939,3.9924,0,0,0
-0.5298,-0.1846,0.8982,-9.3588,60.7099,4.1756,0,0,0
-0.5671,-0.1621,0.8589,-11.374,65.9924,3.7634,0,0,0
-0.5918,-0.1497,0.8279,-16.0458,66.4886,2.3664,0,0,0
-0.6309,-0.1794,0.7832,-18.1145,62.1298,0.7405,0,0,0
-0.6375,-0.2161,0.7546,-14.2824,55.5802,0.5649,0,0,0
-0.6213,-0.2007,0.7405,-9.0305,49.1145,0.7099,0,0,0
-0.6699,-0.1687,0.7166,-7.0992,43.9466,1.8321,0,0,0
-0.6594,-0.1621,0.7146,-8.1908,40.6107,1.7481,0,0,0
-0.6145,-0.1846,0.7205,-7.4351,38.9695,2.2748,0,0,0
-0.6465,-0.1621,0.7007,-4.1985,38.9847,-0.2443,0,0,0
-0.6633,-0.176,0.7017,-3.9466,37.3206,-1.5115,0,0,0
-0.6577,-0.1611,0.7192,-5.6947,37.0611,-1.4962,0,0,0
-0.6611,-0.1477,0.7085,-6.7481,35.9466,-1.8168,0,0,0
-0.6599,-0.1995,0.7095,-6.7176,34.8244,-4.0687,0,0,0
-0.6672,-0.2122,0.7417,-5.8626,33.8855,-2.5191,0,0,0
-0.6936,-0.199,0.718,-4.3817,32.6489,-1.2672,0,0,0
-0.696,-0.2041,0.6985,-5.2672,29.4504,0.3282,0,0,0
-0.7156,-0.1821,0.6672,-6.5191,25.1756,-0.0534,0,0,0
-0.7219,-0.2324,0.6853,-7.5191,18.6794,-0.1527,0,0,0
-0.6909,-0.2451,0.6956,-3.7176,16.7328,-0.687,0,0,0
-0.7036,-0.2107,0.696,-1.1069,14.5115,-1.6489,0,0,0
-0.708,-0.1985,0.679,-2.3664,12.4046,-0.3359,0,0,0
-0.6887,-0.198,0.6807,-4.8321,10.542,1.0992,0,0,0
-0.6978,-0.2446,0.6921,-2.9084,10.9084,2.7176,0,0,0
-0.7144,-0.2253,0.6912,-1.1374,11.3588,4.3893,0,0,0
-0.6948,-0.1953,0.6926,-1.8015,9.7481,4.145,0,0,0
-0.7175,-0.1978,0.6865,-4.4046,8.2748,4.8015,0,0,0
-0.7275,-0.2131,0.6711,-5.5267,5.0458,5.8702,0,0,0
-0.7097,-0.2708,0.6809,-2.3359,3.687,8.6412,0,0,0
-0.6855,-0.229,0.7014,0.7481,3.5725,12.0611,0,0,0
-0.6843,-0.1982,0.7239,-1.0382,7.0763,16.0382,0,0,0
-0.6768,-0.1643,0.7446,-5.8244,11.9466,17.9542,0,0,0
-0.7166,-0.1548,0.7368,-14.9695,13.8931,20.7481,0,0,0
-0.7378,-0.1848,0.7244,-24.0382,10.8015,24.8015,0,0,0
-0.7588,-0.1882,0.6826,-30.0,6.2748,28.8473,0,0,0
-0.7512,-0.2522,0.7095,-31.0992,1.8702,29.1832,0,0,0
-0.7341,-0.2039,0.6985,-30.5344,-0.5115,27.9542,0,0,0
-0.7,-0.2212,0.7271,-25.7786,3.7099,25.4351,0,0,0
-0.6978,-0.1543,0.7153,-27.2595,8.1908,25.1221,0,0,0
-0.6982,-0.1189,0.6875,-36.2443,11.6031,25.4656,0,0,0
-0.7546,-0.1057,0.6567,-48.687,11.1756,23.1221,0,0,0
-0.7639,-0.1401,0.647,-55.4275,6.687,21.2366,0,0,0
-0.7742,-0.2207,0.6194,-51.7023,0.2824,18.7786,0,0,0
-0.7258,-0.3232,0.634,-37.2672,-4.9313,16.8779,0,0,0
-0.7366,-0.199,0.616,-27.2366,-10.1221,18.8702,0,0,0
-0.7083,-0.1357,0.6506,-29.4351,-11.145,22.3206,0,0,0
-0.7083,-0.0891,0.6621,-36.9618,-10.5496,20.3664,0,0,0
-0.7349,-0.1938,0.6589,-41.3511,-7.0687,17.542,0,0,0
-0.7317,-0.1799,0.6448,-36.9084,-7.1374,15.2748,0,0,0
-0.7566,-0.2896,0.6404,-27.8702,-9.7481,13.3053,0,0,0
-0.7173,-0.2722,0.6738,-17.7939,-12.9771,13.8626,0,0,0
-0.719,-0.1321,0.6743,-19.1298,-12.229,16.1145,0,0,0
-0.7173,-0.1411,0.6938,-25.9008,-11.7099,15.2519,0,0,0
-0.7112,-0.158,0.7009,-32.6947,-9.2824,14.9313,0,0,0
-0.7278,-0.2034,0.6877,-34.1221,-7.5496,12.9389,0,0,0
-0.7292,-0.271,0.6899,-24.3817,-8.7405,11.9466,0,0,0
-0.7312,-0.2942,0.7012,-10.9542,-8.8092,11.5267,0,0,0
-0.7261,-0.1707,0.6804,-7.084,-9.5267,10.2901,0,0,0
-0.7161,-0.1494,0.7148,-13.6947,-9.2214,7.9389,0,0,0
-0.7104,-0.1355,0.7085,-19.5496,-6.3817,6.1985,0,0,0
-0.7168,-0.1646,0.697,-22.1908,-4.687,4.1985,0,0,0
-0.7163,-0.177,0.6929,-24.7863,-3.0611,2.6489,0,0,0
-0.7085,-0.2466,0.7178,-19.5114,-2.084,2.7939,0,0,0
-0.7231,-0.2498,0.7063,-10.5191,0.1527,1.9237,0,0,0
-0.7151,-0.1963,0.6848,-5.6565,1.4656,0.3664,0,0,0
-0.7251,-0.1736,0.6829,-4.8321,0.7939,-1.9542,0,0,0
-0.719,-0.2324,0.6733,-1.6183,0.4885,-3.1069,0,0,0
-0.7197,-0.2153,0.6653,4.3282,-0.4275,-2.8931,0,0,0
-0.7024,-0.1992,0.6804,5.9466,-1.3664,-0.9847,0,0,0
-0.709,-0.189,0.6956,6.7099,-0.0153,-1.7481,0,0,0
-0.6995,-0.2222,0.7036,10.2366,2.6489,-3.1298,0,0,0
-0.7141,-0.1938,0.699,14.3969,4.5191,-4.7252,0,0,0
-0.7234,-0.1702,0.6824,13.8168,5.2824,-5.8321,0,0,0
-0.7346,-0.2004,0.6831,12.3359,5.1298,-7.7099,0,0,0
-0.7285,-0.2415,0.6868,17.0382,4.6489,-8.7557,0,0,0
-0.7231,-0.2139,0.6685,20.2595,3.4885,-6.0611,0,0,0
-0.731,-0.2275,0.6599,21.0916,1.5267,-5.0687,0,0,0
-0.738,-0.2141,0.6428,21.542,-0.2061,-3.3282,0,0,0
-0.7283,-0.2217,0.637,21.6794,-2.5802,-2.6565,0,0,0
-0.7402,-0.1855,0.6265,22.5954,-4.9084,-4.5954,0,0,0
-0.7415,-0.179,0.6299,21.2977,-8.0305,-7.8931,0,0,0
-0.7363,-0.1853,0.6423,20.084,-8.5802,-9.4275,0,0,0
-0.7178,-0.1736,0.658,20.0916,-9.2137,-12.3969,0,0,0
-0.7029,-0.1445,0.6672,15.5954,-8.8092,-12.2519,0,0,0
-0.7141,-0.197,0.6812,13.4427,-7.7252,-11.0382,0,0,0
-0.7214,-0.198,0.6775,16.4122,-8.2443,-11.1832,0,0,0
-0.7251,-0.1636,0.6758,20.229,-9.4046,-14.1145,0,0,0
-0.7397,-0.1238,0.6599,22.4046,-11.3511,-18.4504,0,0,0
-0.7144,-0.1541,0.6677,22.8702,-14.4733,-23.2672,0,0,0
-0.6748,-0.1599,0.7009,21.8855,-15.2748,-23.1985,0,0,0
-0.6716,-0.1982,0.7402,22.6336,-10.9389,-18.2748,0,0,0
-0.6829,-0.156,0.719,18.8779,-8.8473,-10.3053,0,0,0
-0.7004,-0.1384,0.7097,9.5802,-8.6947,-6.8015,0,0,0
-0.7183,-0.1194,0.7239,1.2519,-9.5649,-7.9542,0,0,0
-0.7109,-0.1414,0.7261,-3.4962,-10.3817,-10.9084,0,0,0
-0.7041,-0.1904,0.7244,-4.0153,-11.7099,-14.4351,0,0,0
-0.7192,-0.2578,0.7163,2.1527,-13.8092,-16.0687,0,0,0
-0.7173,-0.2327,0.7048,10.4122,-16.1298,-16.8855,0,0,0
-0.6484,-0.2539,0.7627,13.1679,-15.4427,-15.6412,0,0,0
-0.636,-0.1814,0.7661,13.5115,-7.5573,-11.4046,0,0,0
-0.6682,-0.2007,0.7593,9.6031,-2.6412,-8.4733,0,0,0
-0.6917,-0.1919,0.7366,6.855,-1.0153,-8.6183,0,0,0
-0.7051,-0.1982,0.7158,5.2214,-1.8779,-9.3206,0,0,0
-0.7012,-0.23,0.7039,6.0763,-4.8397,-10.1603,0,0,0
-0.7058,-0.2373,0.7046,11.2748,-7.5878,-11.313,0,0,0
-0.6897,-0.2258,0.709,15.8473,-8.5191,-12.1832,0,0,0
-0.6802,-0.2017,0.7156,17.4198,-9.0305,-12.4809,0,0,0
-0.6599,-0.1492,0.719,12.2748,-9.3511,-8.3588,0,0,0
-0.6836,-0.1748,0.7256,4.9542,-9.1756,-5.3664,0,0,0
-0.6914,-0.1682,0.7249,0.229,-10.4656,-4.4504,0,0,0
-0.6802,-0.2021,0.728,-0.0534,-11.0763,-5.2214,0,0,0
-0.6826,-0.189,0.7231,3.0992,-12.5878,-7.0229,0,0,0
-0.6938,-0.196,0.7102,7.4504,-16.1985,-8.8092,0,0,0
-0.6907,-0.2102,0.708,8.8015,-19.4351,-9.1298,0,0,0
-0.6689,-0.1931,0.7085,8.687,-21.9847,-7.7405,0,0,0
-0.657,-0.2163,0.7556,12.8626,-22.3588,-7.0076,0,0,0
-0.6208,-0.1584,0.7695,12.4733,-18.3817,-4.5725,0,0,0
-0.6406,-0.1477,0.7725,6.9466,-15.855,-3.5954,0,0,0
-0.6592,-0.1479,0.7754,1.6947,-13.3206,-4.855,0,0,0
-0.655,-0.1624,0.7651,-0.8397,-13.1527,-6.7557,0,0,0
-0.6672,-0.1931,0.7561,0.6718,-15.0916,-7.9924,0,0,0
-0.6843,-0.1992,0.7546,3.1832,-17.5802,-9.4656,0,0,0
-0.6475,-0.1699,0.751,3.3053,-20.4809,-9.5191,0,0,0
-0.615,-0.207,0.7957,4.6947,-19.3588,-7.3359,0,0,0
-0.6016,-0.1899,0.8088,7.1298,-15.0763,-5.7328,0,0,0
-0.6213,-0.1602,0.792,7.2595,-10.7252,-4.9618,0,0,0
-0.6184,-0.1575,0.7837,5.542,-7.7481,-6.084,0,0,0
-0.6316,-0.1401,0.7783,3.0153,-5.9466,-8.3053,0,0,0
-0.6355,-0.1619,0.7825,-0.0687,-6.1221,-10.1527,0,0,0
-0.6257,-0.1926,0.7849,-0.1985,-5.9924,-10.6489,0,0,0
-0.6274,-0.2129,0.7954,2.0382,-5.3053,-10.6031,0,0,0
-0.6301,-0.198,0.801,4.4962,-3.084,-10.5878,0,0,0
-0.6174,-0.1919,0.7974,5.855,-0.3817,-12.5267,0,0,0
-0.6099,-0.1921,0.7959,9.4962,3.1221,-14.2214,0,0,0
-0.6143,-0.187,0.7942,12.7023,6.0534,-15.9618,0,0,0
-0.6206,-0.1826,0.7959,12.855,8.1908,-16.0,0,0,0
-0.6387,-0.1743,0.7893,11.8092,8.1527,-16.0229,0,0,0
-0.6392,-0.1907,0.7805,10.5878,7.2901,-15.1603,0,0,0
-0.6399,-0.199,0.7795,11.6412,6.3206,-14.1756,0,0,0
-0.6453,-0.1997,0.7825,13.4351,4.8473,-14.458,0,0,0
-0.635,-0.1882,0.7756,15.4046,3.8244,-14.1679,0,0,0
-0.6426,-0.1746,0.7664,14.9466,2.229,-13.4427,0,0,0
-0.6328,-0.177,0.7673,10.3969,1.2443,-11.9847,0,0,0
-0.6428,-0.1787,0.7642,6.4351,0.0458,-11.1374,0,0,0
-0.6394,-0.2119,0.761,4.6412,-1.0687,-10.4427,0,0,0
-0.6257,-0.2236,0.7727,6.542,-0.5496,-10.2443,0,0,0
-0.6499,-0.2727,0.759,14.1374,-0.855,-9.7328,0,0,0
-0.6487,-0.2522,0.7659,22.9084,-2.8168,-9.3359,0,0,0
-0.6563,-0.2148,0.7388,28.1908,-5.4733,-9.2595,0,0,0
-0.6506,-0.1765,0.738,31.1756,-8.2672,-11.1145,0,0,0
-0.6389,-0.167,0.739,30.6183,-11.542,-13.2366,0,0,0
-0.6362,-0.1423,0.7371,29.0534,-14.3053,-14.2519,0,0,0
-0.6382,-0.1492,0.7439,27.2214,-16.687,-15.2443,0,0,0
-0.6172,-0.1396,0.759,26.0076,-18.8473,-16.7099,0,0,0
-0.6079,-0.1272,0.78,24.0687,-18.0687,-17.1145,0,0,0
-0.5913,-0.1233,0.7947,21.6718,-17.0,-18.7786,1,0,0
-0.5891,-0.0886,0.8225,17.7481,-12.5267,-18.9389,1,0,0
-0.5923,-0.1157,0.8369,13.7557,-9.0687,-19.3206,1,0,0
-0.5837,-0.145,0.8423,11.1985,-5.2672,-18.2672,1,0,0
-0.5725,-0.1807,0.8774,9.2824,-1.8855,-13.8626,1,0,0
-0.5981,-0.1624,0.8623,7.9695,1.7939,-10.2061,1,0,0
-0.5901,-0.1531,0.8613,4.9084,3.5802,-8.1679,1,0,0
-0.6133,-0.1455,0.8425,0.7252,4.1985,-7.8244,1,0,0
-0.6157,-0.1443,0.8296,-4.7863,2.8244,-6.7786,1,0,0
-0.6121,-0.1599,0.8167,-9.7176,1.687,-6.0458,1,0,0
-0.594,-0.1882,0.8293,-13.2061,1.7863,-3.9466,1,0,0
-0.6069,-0.2019,0.8196,-13.5191,2.9771,-2.0916,1,0,0
-0.6003,-0.2114,0.8103,-12.0763,4.7176,-0.5725,1,0,0
-0.6082,-0.2065,0.7913,-9.6336,5.2519,0.3359,1,0,0
-0.6125,-0.1943,0.7783,-7.7328,6.0076,0.9847,1,0,0
-0.625,-0.1799,0.7585,-7.7176,4.2366,0.5267,1,0,0
-0.6277,-0.1741,0.7576,-8.6565,2.0382,0.6336,1,0,0
-0.6213,-0.2085,0.7637,-6.7405,0.1985,1.2214,1,0,0
-0.6204,-0.1882,0.7571,-2.9466,-2.3053,1.3588,1,0,0
-0.6138,-0.1846,0.7627,-1.687,-3.2748,1.9389,1,0,0
-0.6086,-0.1653,0.7703,-1.4427,-4.1908,2.4962,1,0,0
-0.6101,-0.1433,0.7727,-3.3893,-4.3053,2.626,1,0,0
-0.6157,-0.1392,0.7769,-5.3511,-4.9313,2.1374,1,0,0
-0.6072,-0.1641,0.7908,-6.4351,-5.1527,1.1756,1,0,0
-0.605,-0.1794,0.7917,-3.3282,-5.3893,0.313,1,0,0
-0.6125,-0.1638,0.7939,-1.2901,-6.3359,-0.374,1,0,0
-0.6096,-0.1599,0.8047,-1.5954,-6.458,-0.7023,1,0,0
-0.6106,-0.1685,0.811,-1.1908,-6.1756,-0.626,1,0,0
-0.6074,-0.1604,0.8113,-0.1069,-5.3588,-0.7863,1,0,0
-0.6045,-0.1545,0.8127,-0.2672,-5.2672,-1.5954,1,0,0
-0.5967,-0.146,0.8184,-2.2443,-4.5878,-2.3435,1,0,0
-0.5967,-0.1584,0.8196,-4.0534,-2.8855,-2.4885,1,0,0
-0.5969,-0.1611,0.8171,-4.1603,-2.1527,-2.626,1,0,0
-0.6033,-0.1682,0.8142,-3.0153,-1.626,-3.2443,1,0,0
-0.5906,-0.1804,0.8113,-2.0534,-1.542,-3.8626,1,0,0
-0.6045,-0.1912,0.8022,2.3359,-1.1985,-4.3588,1,0,0
-0.6067,-0.1758,0.7969,4.7481,-2.0534,-5.1221,1,0,0
-0.6104,-0.1709,0.7954,4.229,-2.4046,-4.4427,1,0,0
-0.6062,-0.1543,0.7961,2.0305,-2.4427,-4.5115,1,0,0
-0.6072,-0.1443,0.7886,-2.0916,-3.0229,-4.8397,1,0,0
-0.6062,-0.1519,0.7886,-5.687,-3.4656,-5.4351,1,0,0
-0.6038,-0.1545,0.791,-9.2519,-3.8092,-5.8702,1,0,0
-0.5952,-0.1934,0.7957,-9.9847,-3.4885,-5.229,1,0,0
-0.5991,-0.1841,0.8037,-8.8321,-3.6107,-3.9771,1,0,0
-0.5969,-0.178,0.8064,-8.3053,-3.8321,-3.4885,1,0,0
-0.5801,-0.2192,0.8188,-6.5496,-3.0534,-3.0687,1,0,0
-0.5999,-0.1909,0.812,-3.6183,-2.0076,-3.3282,1,0,0
-0.5981,-0.1741,0.7988,-3.5496,-1.626,-3.5191,1,0,0
-0.6021,-0.1689,0.7986,-4.9618,-2.4733,-4.0916,1,0,0
-0.5935,-0.168,0.7974,-7.2977,-3.2672,-4.3817,1,0,0
-0.5969,-0.165,0.7981,-9.3511,-3.8779,-4.3817,1,0,0
-0.5916,-0.1926,0.8054,-10.8092,-4.4504,-3.9313,1,0,0
-0.5908,-0.2327,0.824,-7.0229,-3.2366,-3.1527,1,0,0
-0.5935,-0.2075,0.8115,-2.0687,-2.5267,-2.7863,1,0,0
-0.5957,-0.1792,0.8035,-0.7481,-2.3435,-3.145,1,0,0
-0.5945,-0.1526,0.7964,-3.2977,-3.229,-4.4809,1,0,0
-0.5876,-0.1797,0.8076,-6.2824,-3.2137,-3.7405,1,0,0
-0.5894,-0.1965,0.814,-6.1298,-2.4733,-3.229,1,0,0
-0.592,-0.1816,0.8052,-5.5725,-2.4656,-3.0534,1,0,0
-0.5862,-0.1716,0.8005,-7.5038,-2.4809,-3.313,1,0,0
-0.5818,-0.1738,0.8113,-9.3588,-2.3282,-3.1679,1,0,0
-0.595,-0.2126,0.8147,-7.6412,-1.1527,-3.8931,1,0,0
-0.5928,-0.2144,0.8059,-2.5038,-0.4885,-4.5191,1,0,0
-0.5891,-0.208,0.7979,0.8702,-0.5496,-5.0534,1,0,0
-0.595,-0.1792,0.7815,1.4351,-1.4733,-5.0687,1,0,0
-0.5999,-0.1633,0.7849,-1.5344,-3.1221,-5.2137,1,0,0
-0.5901,-0.2017,0.8018,-3.3359,-3.8015,-5.0305,1,0,0
-0.5876,-0.2092,0.801,-1.3893,-3.5344,-5.0382,1,0,0
-0.5881,-0.2061,0.8037,0.3282,-3.2901,-5.5649,1,0,0
-0.5874,-0.1936,0.791,0.8473,-3.5038,-6.0763,1,0,0
-0.5972,-0.1912,0.7954,-0.9847,-4.7405,-5.229,1,0,0
-0.5879,-0.1863,0.793,-4.0382,-5.5038,-4.3053,1,0,0
-0.584,-0.2119,0.8071,-5.2366,-5.687,-4.2901,1,0,0
-0.583,-0.2249,0.8123,-3.229,-5.3435,-4.1985,1,0,0
-0.5752,-0.2283,0.8142,-1.6412,-4.9084,-4.2824,1,0,0
-0.5759,-0.2268,0.8245,0.0916,-4.4198,-3.1908,1,0,0
-0.5813,-0.2048,0.823,-0.0916,-3.8092,-2.7634,1,0,0
-0.5781,-0.2029,0.8252,-2.2748,-3.1603,-2.8473,1,0,0
-0.5764,-0.2166,0.8328,-2.9313,-1.6489,-3.0382,1,0,0
-0.5737,-0.2139,0.8176,-2.9542,-0.7252,-2.5725,1,0,0
-0.584,-0.1995,0.8064,-3.6031,-1.0,-2.855,1,0,0
-0.5781,-0.2034,0.8035,-6.1985,-1.5115,-2.855,1,0,0
-0.5837,-0.2349,0.8105,-4.458,-2.0534,-2.6031,1,0,0
-0.5823,-0.2363,0.801,-0.8397,-2.7786,-1.7405,1,0,0
-0.5801,-0.2043,0.8005,0.855,-3.3282,-1.2901,1,0,0
-0.5779,-0.1843,0.8066,-0.9389,-3.916,-2.1908,1,0,0
-0.5674,-0.2068,0.813,-2.8321,-2.771,-2.1069,1,0,0
-0.5759,-0.2124,0.814,-1.6489,-2.1756,-2.0382,1,0,0
-0.5764,-0.2197,0.8176,-0.542,-1.7634,-1.4809,1,0,0
-0.5798,-0.1965,0.7986,-0.0534,-1.9771,-1.3359,1,0,0
-0.5874,-0.1841,0.7988,-2.2061,-3.2519,-1.3053,1,0,0
-0.583,-0.1958,0.8003,-4.3588,-4.8092,-1.7634,1,0,0
-0.5759,-0.2104,0.8152,-4.3969,-5.4351,-1.4427,1,0,0
-0.5701,-0.2078,0.8115,-3.1069,-5.3282,-1.3817,1,0,0
-0.5757,-0.1899,0.8118,-2.6412,-4.7863,-1.8015,1,0,0
-0.5801,-0.1716,0.8159,-4.9618,-5.3359,-2.5496,1,0,0
-0.5679,-0.1965,0.8257,-7.6107,-6.2901,-3.3435,1,0,0
-0.5681,-0.2402,0.8386,-5.8626,-5.6183,-1.9924,1,0,0
-0.5674,-0.2351,0.843,-1.5649,-4.3511,-1.7252,1,0,0
-0.5566,-0.2244,0.8411,1.7634,-3.1908,-1.4733,1,0,0
-0.562,-0.2112,0.8398,2.8702,-1.6183,-1.2214,1,0,0
-0.5657,-0.1897,0.8359,0.5878,-0.2672,-1.1603,1,0,0
-0.5664,-0.2012,0.8425,-1.3893,1.0916,-1.8473,1,0,0
-0.5662,-0.2056,0.8247,-2.1908,1.9695,-2.1985,1,0,0
-0.5725,-0.2031,0.8215,-3.4733,1.771,-2.4656,1,0,0
-0.5745,-0.2078,0.8125,-4.4427,0.916,-2.6718,1,0,0
-0.5718,-0.2083,0.8135,-5.084,-0.5649,-2.5725,1,0,0
-0.572,-0.2119,0.8064,-6.229,-1.6794,-2.1069,1,0,0
-0.5674,-0.2288,0.8159,-5.687,-1.7863,-1.2214,1,0,0
-0.5674,-0.22,0.8164,-4.1603,-0.9084,-1.1145,1,0,0
-0.5615,-0.2246,0.8257,-3.0763,-0.1679,-0.8244,1,0,0
-0.5679,-0.2134,0.8289,-2.7252,1.2977,-0.9924,1,0,0
-0.564,-0.2227,0.8237,-3.2061,2.0,-0.9542,1,0,0
-0.5706,-0.2173,0.8254,-2.7557,2.4351,-0.9008,1,0,0
-0.5757,-0.2126,0.8191,-3.3664,1.7176,-1.0,1,0,0
-0.5776,-0.2185,0.8098,-3.5649,0.6107,-1.0611,1,0,0
-0.5789,-0.2234,0.8057,-3.0534,-0.6947,-1.2214,1,0,0
-0.5715,-0.2117,0.8054,-2.9313,-1.6183,-0.916,1,0,0
-0.5664,-0.2,0.8142,-4.4046,-0.8473,-0.4046,1,0,0
-0.55,-0.2039,0.8391,-6.9313,0.7557,0.4733,1,0,0
-0.5581,-0.1841,0.8457,-10.2672,4.8321,-0.5191,1,0,0
-0.5667,-0.2048,0.8503,-12.8702,7.374,-2.0763,1,0,0
-0.5662,-0.2117,0.8396,-13.3359,9.0458,-3.084,1,0,0
-0.582,-0.2141,0.8176,-13.7252,9.0534,-3.4885,1,0,0
-0.593,-0.2322,0.8049,-12.9313,6.5725,-3.1221,1,0,0
-0.5981,-0.2305,0.7852,-10.9542,3.229,-2.6947,1,0,0
-0.5959,-0.2256,0.7791,-10.1832,-0.5878,-2.6565,1,0,0
-0.5828,-0.2517,0.7781,-7.6565,-3.1679,-2.4351,1,0,0
-0.5811,-0.2505,0.7683,-1.2443,-4.2901,-3.0153,1,0,0
-0.5774,-0.248,0.7761,2.7557,-5.313,-3.2519,1,0,0
-0.5688,-0.2249,0.7759,4.3817,-4.2214,-1.8702,1,0,0
-0.584,-0.209,0.7861,2.9847,-4.8168,-0.8779,1,0,0
-0.5781,-0.2053,0.803,-0.4046,-5.2137,-1.1298,1,0,0
-0.573,-0.2231,0.8042,-2.0763,-5.9618,-0.542,1,0,0
-0.5696,-0.2349,0.8235,-1.4656,-6.6565,-0.4656,1,0,0
-0.5667,-0.2271,0.8296,-0.5115,-6.2595,-0.4427,1,0,0
-0.5642,-0.2148,0.8403,-1.7252,-4.7939,-1.3282,1,0,0
-0.5579,-0.2119,0.8391,-3.2901,-2.7481,-2.229,1,0,0
-0.563,-0.2097,0.8406,-5.9237,-1.1374,-3.4733,1,0,0
-0.5552,-0.2397,0.8394,-5.8779,0.7176,-3.6718,1,0,0
-0.5647,-0.2354,0.8391,-5.0,2.4885,-4.4962,1,0,0
-0.5681,-0.2214,0.8252,-4.916,3.8321,-5.5038,1,0,0
-0.5681,-0.2068,0.8215,-6.8321,4.4809,-6.3053,1,0,0
-0.5681,-0.2144,0.813,-8.5496,4.4046,-7.1527,1,0,0
-0.5688,-0.24,0.8132,-8.5191,5.5115,-7.0229,1,0,0
-0.5762,-0.2222,0.8,-7.6336,5.4046,-7.8168,0,0,0
-0.5798,-0.2095,0.7878,-9.2824,4.8092,-9.5573,0,0,0
-0.574,-0.2249,0.7983,-10.6641,4.1069,-11.626,0,0,0
-0.5681,-0.2334,0.8032,-12.626,3.3511,-11.6183,0,0,0
-0.5632,-0.2451,0.8247,-12.0458,4.0992,-10.9847,0,0,0
-0.6018,-0.2769,0.8037,-10.9389,3.1298,-9.0076,0,0,0
-0.5574,-0.2605,0.804,-7.4198,3.4351,-7.5191,0,0,0
-0.5852,-0.2705,0.791,-5.4962,1.2672,-6.7863,0,0,0
-0.5701,-0.2534,0.8076,-5.4809,0.8397,-5.0458,0,0,0
-0.5693,-0.2415,0.8113,-7.9771,1.9618,-5.1603,0,0,0
-0.5747,-0.2598,0.8179,-8.7405,2.9084,-5.6565,0,0,0
-0.5645,-0.2769,0.8081,-7.3817,3.7557,-5.084,0,0,0
-0.5698,-0.2864,0.7949,-4.4809,4.4885,-4.9618,0,0,0
-0.582,-0.2749,0.7844,-3.2137,4.2061,-4.3053,0,0,0
-0.5837,-0.2817,0.7744,-1.2901,2.7328,-4.1145,0,0,0
-0.5879,-0.2654,0.7769,-1.084,0.3511,-3.0076,0,0,0
-0.5823,-0.2769,0.7759,-0.7405,-1.2595,-1.9084,0,0,0
-0.5845,-0.2622,0.7744,-0.1832,-2.9313,-1.3206,0,0,0
-0.5659,-0.2549,0.7791,-1.6641,-3.5115,-1.4809,0,0,0
-0.5684,-0.2568,0.7893,-2.313,-2.5649,-1.8244,0,0,0
-0.5752,-0.2444,0.7959,-2.9771,-1.4122,-2.3359,0,0,0
-0.5784,-0.2686,0.791,-2.4198,-1.8702,-1.542,0,0,0
-0.5684,-0.2852,0.8052,0.5573,-1.9771,-0.3893,0,0,0
-0.5752,-0.2595,0.7952,2.374,-2.771,-0.2443,0,0,0
-0.5764,-0.2454,0.8018,1.7481,-3.7863,-0.1985,0,0,0
-0.5681,-0.2317,0.8093,-0.6794,-3.9847,-0.5573,0,0,0
-0.5625,-0.2522,0.8164,-1.7557,-2.8702,-1.313,0,0,0
-0.5642,-0.2483,0.8157,-1.8779,-1.5496,-1.916,0,0,0
-0.5688,-0.2505,0.8145,-1.8244,-1.145,-2.1832,0,0,0
-0.5762,-0.2524,0.8081,-2.0153,-1.4122,-2.1069,0,0,0
-0.5679,-0.2639,0.8105,-2.0534,-1.8473,-1.1603,0,0,0
-0.5747,-0.2646,0.8137,-1.3588,-1.145,-0.4962,0,0,0
-0.572,-0.2542,0.8132,-0.6031,-1.2824,-1.1298,0,0,0
-0.5608,-0.2566,0.8174,-0.7634,-0.229,-1.2748,0,0,0
-0.563,-0.2583,0.825,-0.8321,1.5115,-1.7176,0,0,0
-0.571,-0.2578,0.8201,-0.6031,2.7176,-1.8855,0,0,0
-0.5796,-0.2563,0.8054,-0.8015,1.9542,-2.2519,0,0,0
-0.5715,-0.2637,0.8096,-1.4198,1.3206,-1.5115,0,0,0
-0.5679,-0.2568,0.8083,-2.3206,1.5878,-0.5802,0,0,0
-0.5762,-0.2483,0.8083,-3.5878,1.8702,-0.9084,0,0,0
-0.5662,-0.248,0.7981,-4.9237,2.084,-1.8855,0,0,0
-0.5674,-0.2617,0.7986,-5.6947,2.7252,-1.6183,0,0,0
-0.5771,-0.2751,0.7869,-3.8779,3.8779,-1.6718,0,0,0
-0.5842,-0.2671,0.782,-1.6641,2.7176,-1.1221,0,0,0
-0.5854,-0.2537,0.7734,-1.1221,1.2977,-1.1679,0,0,0
-0.5874,-0.2534,0.7639,-1.4427,-1.2748,-0.9618,0,0,0
-0.5825,-0.2507,0.7771,-2.229,-2.8092,-0.9771,0,0,0
-0.5735,-0.2539,0.7964,-2.3588,-3.687,-0.8397,0,0,0
-0.5723,-0.2556,0.7952,-2.2595,-3.3664,-0.6565,0,0,0
-0.5632,-0.2578,0.8052,-2.4275,-2.1527,-0.8015,0,0,0
-0.5728,-0.2642,0.8125,-2.4427,-0.8855,-1.0534,0,0,0
-0.5681,-0.2539,0.8074,-2.5267,-0.4046,-1.5725,0,0,0
-0.5701,-0.2642,0.8154,-2.7328,0.229,-1.6794,0,0,0
-0.5701,-0.2666,0.8115,-2.7176,0.2672,-1.4198,0,0,0
-0.573,-0.2583,0.8176,-3.771,0.1145,-1.0916,0,0,0
-0.5623,-0.2676,0.8179,-5.0916,0.9847,-0.3588,0,0,0
-0.5615,-0.2695,0.8276,-5.9771,2.3893,1.1069,0,0,0
-0.5483,-0.2712,0.835,-8.771,5.2061,3.1221,0,0,0
-0.5422,-0.2634,0.8408,-12.1679,9.7405,5.1679,0,0,0
-0.5608,-0.2539,0.8303,-17.7176,13.5191,7.0687,0,0,0
-0.5681,-0.2551,0.8503,-24.0992,16.1603,8.229,0,0,0
-0.5576,-0.2761,0.8369,-29.0458,18.6641,10.4504,0,0,0
-0.5786,-0.2932,0.8401,-34.0229,22.7481,13.687,0,0,0
-0.5654,-0.3245,0.8616,-35.1985,24.8779,17.1298,0,0,0
-0.531,-0.3552,0.864,-34.9695,32.4351,21.8244,0,0,0
-0.5732,-0.3289,0.8252,-34.313,36.3969,24.4885,0,0,0
-0.6003,-0.3035,0.8127,-35.5496,37.4656,26.771,0,0,0
-0.6135,-0.2896,0.7793,-39.5573,37.9924,26.0,0,0,0
-0.6011,-0.2915,0.7788,-44.0305,39.626,24.0153,0,0,0
-0.6277,-0.3403,0.7578,-44.374,41.1069,24.3664,0,0,0
-0.6196,-0.3369,0.7529,-42.9084,43.1221,26.6183,0,0,0
-0.6504,-0.3279,0.7102,-41.9924,42.8015,29.5573,0,0,0
-0.6816,-0.3247,0.6938,-40.6336,39.4504,31.5649,0,0,0
-0.6863,-0.3088,0.676,-39.3664,34.3206,30.2977,0,0,0
-0.6855,-0.3022,0.6614,-36.5954,29.4656,27.9771,0,0,0
-0.6631,-0.2969,0.6782,-32.7328,28.2214,25.3053,0,0,0
-0.6675,-0.2864,0.6917,-30.4122,27.7634,23.6489,0,0,0
-0.677,-0.2607,0.6821,-30.687,28.6794,23.4198,0,0,0
-0.6855,-0.2415,0.6702,-32.9389,27.5114,23.1298,0,0,0
-0.7205,-0.2808,0.6299,-33.4809,24.0153,21.687,0,0,0
-0.7295,-0.2834,0.6184,-30.9618,17.1756,19.313,0,0,0
-0.7195,-0.2959,0.6316,-26.4504,12.2137,16.4962,0,0,0
-0.7004,-0.3193,0.6509,-20.5878,9.1374,15.8168,0,0,0
-0.699,-0.3074,0.6504,-12.1145,8.8702,15.2748,0,0,0
-0.6943,-0.2551,0.6401,-9.9466,8.2748,14.2214,0,0,0
-0.7073,-0.2317,0.6313,-11.6947,7.7405,13.2443,0,0,0
-0.7161,-0.2156,0.6155,-17.2366,5.5267,11.7557,0,0,0
-0.717,-0.2449,0.623,-22.5802,2.7481,9.8092,0,0,0
-0.7051,-0.3018,0.6387,-21.9389,1.855,8.8779,0,0,0
-0.7007,-0.3491,0.646,-14.4198,1.9924,9.916,0,0,0
-0.7014,-0.3193,0.6428,-4.7481,2.5954,9.7634,0,0,0
-0.7068,-0.2832,0.6311,0.0,3.5191,7.9008,0,0,0
-0.7175,-0.2498,0.6194,-1.1756,2.2748,6.1145,0,0,0
-0.7178,-0.2705,0.6157,-4.4656,0.4046,5.687,0,0,0
-0.7202,-0.2776,0.6216,-5.0611,-1.3282,6.3893,0,0,0
-0.7249,-0.3171,0.6433,-3.9084,-2.6947,6.5573,0,0,0
-0.7188,-0.301,0.6489,0.2748,-3.145,5.8092,0,0,0
-0.7046,-0.3032,0.6553,3.2366,-2.4962,3.7557,0,0,0
-0.6965,-0.2729,0.6838,4.7023,0.1985,2.2595,0,0,0
-0.6914,-0.2578,0.6736,3.5344,3.4962,-0.374,0,0,0
-0.709,-0.2642,0.6599,1.1679,5.2672,-2.1679,0,0,0
-0.7222,-0.2725,0.6431,-0.6336,4.5344,-2.3817,0,0,0
-0.731,-0.2998,0.6462,-0.8779,2.1221,-1.5191,0,0,0
-0.7266,-0.2976,0.6467,0.0534,-0.5573,-0.4275,0,0,0
-0.7166,-0.3037,0.657,2.8626,-1.1985,0.5038,0,0,0
-0.7019,-0.2781,0.6716,4.0534,-0.2366,-0.1298,1,0,0
-0.7046,-0.2795,0.6545,4.1908,2.0153,-0.626,1,0,0
-0.7131,-0.2703,0.6555,4.7557,3.0382,-1.8702,1,0,0
-0.7085,-0.2756,0.6467,3.9847,3.6565,-3.4275,1,0,0
-0.708,-0.2737,0.6572,4.1298,4.7176,-3.7939,1,0,0
-0.7185,-0.2712,0.6531,2.687,4.6641,-4.2977,1,0,0
-0.7327,-0.2839,0.647,1.916,3.3435,-4.4046,1,0,0
-0.7305,-0.2964,0.647,2.313,1.6947,-3.4046,1,0,0
-0.7263,-0.2947,0.6663,3.458,0.4656,-2.8702,1,0,0
-0.7068,-0.2979,0.6646,4.8168,1.0305,-3.9924,1,0,0
-0.71,-0.2788,0.6572,6.0,1.4046,-4.6183,1,0,0
-0.7056,-0.2673,0.6482,4.8397,2.3435,-5.3053,1,0,0
-0.7209,-0.2825,0.6499,3.7405,2.1679,-6.1603,1,0,0
-0.7227,-0.2837,0.6421,3.9695,1.5115,-6.9084,1,0,0
-0.738,-0.2886,0.6362,3.8855,0.4198,-6.1832,1,0,0
-0.7217,-0.2983,0.6267,5.2672,-1.7863,-6.3053,1,0,0
-0.7249,-0.2993,0.6284,7.4885,-3.0611,-6.0534,1,0,0
-0.7292,-0.2937,0.6257,8.5649,-4.7557,-7.1069,1,0,0
-0.7327,-0.2898,0.6099,10.5191,-7.7634,-7.5725,1,0,0
-0.7271,-0.2666,0.6167,11.0076,-10.1527,-9.4046,1,0,0
-0.7329,-0.2639,0.6057,12.0076,-13.855,-11.6412,1,0,0
-0.7139,-0.2644,0.6174,12.6565,-16.5802,-13.9008,1,0,0
-0.7129,-0.2747,0.6296,15.6718,-18.4962,-15.855,1,0,0
-0.7078,-0.3047,0.6443,21.145,-18.7481,-17.0153,1,0,0
-0.7085,-0.2905,0.6416,27.9618,-20.229,-19.3206,1,0,0
-0.7144,-0.2876,0.6438,34.4427,-22.0611,-21.6947,1,0,0
-0.7043,-0.2629,0.6553,40.3359,-24.9924,-23.8931,1,0,0
-0.6912,-0.2405,0.6628,40.2519,-26.9924,-24.145,1,0,0
-0.6833,-0.2512,0.6863,37.3435,-27.3511,-22.8931,1,0,0
-0.6724,-0.2493,0.7043,35.9618,-27.7405,-22.4885,1,0,0
-0.6807,-0.2583,0.7078,35.9084,-27.8168,-22.7557,1,0,0
-0.6785,-0.2483,0.7024,37.1145,-28.0076,-24.5038,1,0,0
-0.6799,-0.2476,0.6934,36.7176,-30.9389,-26.3359,1,0,0
-0.6477,-0.2593,0.7163,35.3053,-32.5344,-26.3511,1,0,0
-0.6326,-0.2634,0.7393,32.2901,-31.8855,-23.3359,1,0,0
-0.6333,-0.2703,0.7573,29.3588,-28.7786,-18.8473,1,0,0
-0.6157,-0.2727,0.7761,24.7405,-25.4046,-14.0229,1,0,0
-0.6042,-0.2554,0.804,19.5496,-20.1298,-10.9466,1,0,0
-0.6094,-0.261,0.8179,13.7863,-14.4427,-9.6336,1,0,0
-0.616,-0.2705,0.8147,8.855,-10.1603,-8.3664,1,0,0
-0.6331,-0.272,0.8137,4.1756,-8.3893,-8.8321,1,0,0
-0.6335,-0.2695,0.8105,-1.2443,-7.3053,-8.8015,1,0,0
-0.627,-0.2922,0.8064,-6.1985,-6.771,-8.9695,1,0,0
-0.6094,-0.3362,0.8193,-7.1985,-4.8397,-5.9466,1,0,0
-0.6084,-0.3293,0.8149,-7.229,-0.9618,-1.9008,1,0,0
-0.6089,-0.311,0.7957,-8.1527,1.5954,1.5954,1,0,0
-0.6162,-0.2859,0.7715,-11.0153,3.7786,2.6412,1,0,0
-0.6235,-0.2883,0.7532,-13.4122,4.0458,3.8779,1,0,0
-0.6323,-0.2671,0.7375,-16.5496,4.1221,5.1069,1,0,0
-0.6379,-0.2822,0.7295,-18.8397,3.916,5.7557,1,0,0
-0.6318,-0.2854,0.7393,-19.855,4.0,6.8931,1,0,0
-0.6194,-0.2771,0.7297,-21.1374,4.1298,8.3588,1,0,0
-0.6357,-0.2834,0.7368,-24.0458,4.3282,10.3817,1,0,0
-0.6409,-0.2534,0.7417,-27.8015,3.5496,12.5496,1,0,0
-0.647,-0.3115,0.7407,-28.4504,2.9542,14.0458,1,0,0
-0.614,-0.311,0.7454,-25.0916,2.4427,16.3053,1,0,0
-0.6423,-0.2981,0.7454,-23.6031,2.229,18.0076,1,0,0
-0.6394,-0.2451,0.7417,-26.8244,1.458,19.5573,0,0,0
-0.6387,-0.2505,0.7324,-33.374,1.0687,19.2672,0,0,0
-0.6482,-0.2913,0.7415,-37.9924,1.313,18.6183,0,0,0
-0.6228,-0.2876,0.7612,-39.7481,3.2595,18.3893,0,0,0
-0.6272,-0.3306,0.7756,-39.2977,7.7481,19.0611,0,0,0
-0.6328,-0.3406,0.7703,-37.0611,13.1679,20.145,0,0,0
-0.6377,-0.2969,0.7666,-36.2443,16.5114,19.6183,0,0,0
-0.6545,-0.3186,0.751,-33.4962,19.6947,16.5038,0,0,0
-0.6553,-0.3103,0.7317,-29.4962,20.7939,13.3359,0,0,0
-0.6533,-0.3362,0.7263,-24.5878,21.0305,11.9771,0,0,0
-0.6614,-0.3328,0.7158,-19.3053,21.9466,12.5496,0,0,0
-0.6719,-0.2913,0.709,-15.542,21.8779,12.1298,0,0,0
-0.645,-0.2703,0.7222,-16.3588,23.5725,12.5954,0,0,0
-0.6758,-0.249,0.6924,-19.145,24.2748,14.5496,0,0,0
-0.6838,-0.2417,0.6892,-21.9771,24.6183,12.1679,0,0,0
-0.6921,-0.2996,0.6816,-19.4122,24.458,10.4275,0,0,0
-0.6929,-0.3198,0.6895,-13.5802,22.916,10.8626,0,0,0
-0.6819,-0.2883,0.6814,-7.2519,23.8092,9.6336,0,0,0
-0.6895,-0.2661,0.6753,-6.4275,24.313,9.1221,0,0,0
-0.6892,-0.2439,0.6838,-9.5802,25.0153,9.6336,0,0,0
-0.6846,-0.251,0.6765,-12.4656,26.8855,8.374,0,0,0
-0.6997,-0.2751,0.6638,-12.7252,28.4962,6.7176,0,0,0
-0.7207,-0.2917,0.6421,-11.5573,28.3511,4.313,0,0,0
-0.7126,-0.2827,0.6433,-9.6565,27.7557,2.2672,0,0,0
-0.739,-0.2769,0.6323,-9.0611,25.855,1.084,0,0,0
-0.7163,-0.303,0.6404,-7.9618,23.6412,2.0153,0,0,0
-0.739,-0.2788,0.624,-10.9084,21.8321,1.4427,0,0,0
-0.7456,-0.3252,0.6238,-9.7405,20.6794,0.6031,0,0,0
-0.7434,-0.3237,0.6086,-5.1908,18.1145,-0.2672,0,0,0
-0.7534,-0.3115,0.5747,-1.458,14.2214,-0.313,0,0,0
-0.7585,-0.3235,0.5496,3.9389,9.9237,2.1298,0,0,0
-0.7312,-0.3232,0.5742,5.2595,7.2672,3.7786,0,0,0
-0.7153,-0.2651,0.5923,2.9084,8.1069,3.8626,0,0,0
-0.7185,-0.2576,0.6052,-0.4885,11.8855,2.1756,0,0,0
-0.7283,-0.283,0.6099,-1.7481,13.4504,0.6718,0,0,0
-0.7595,-0.3181,0.5911,-0.8855,13.9084,-0.4427,0,0,0
-0.7708,-0.3035,0.5664,0.5191,9.0992,-1.1298,0,0,0
-0.7656,-0.2957,0.5798,0.0916,4.1832,-0.1145,0,0,0
-0.7556,-0.29,0.5979,-0.8473,1.229,0.2595,0,0,0
-0.7449,-0.2898,0.6167,-2.0763,-0.0763,1.0382,0,0,0
-0.7397,-0.3103,0.624,-0.5115,0.542,1.3206,0,0,0
-0.7395,-0.3062,0.613,2.6718,1.1527,0.9466,0,0,0
-0.7444,-0.2979,0.5933,5.7405,-0.3817,0.5878,0,0,0
-0.7407,-0.2664,0.5828,4.7786,-1.1527,0.9084,0,0,0
-0.7407,-0.248,0.6021,1.2061,-1.2519,0.2977,0,0,0
-0.7429,-0.2778,0.6128,-0.9008,-0.6412,0.0763,0,0,0
-0.7456,-0.2769,0.6047,-1.3511,-0.6794,-1.2748,0,0,0
-0.7542,-0.2817,0.6045,-1.9618,-2.3817,-2.3282,0,0,0
-0.7532,-0.2991,0.6099,-1.7328,-4.5038,-3.1527,0,0,0
-0.7373,-0.3032,0.6228,-0.4733,-4.5954,-2.771,0,0,0
-0.7417,-0.2883,0.6191,-0.8626,-4.5725,-3.1298,0,1,0
-0.7454,-0.2725,0.6162,-2.8779,-4.9924,-4.5649,0,1,0
-0.7329,-0.2949,0.625,-5.3206,-4.2443,-5.374,0,1,0
-0.7383,-0.3059,0.6338,-6.1985,-3.458,-4.5573,0,1,0
-0.7366,-0.3293,0.6401,-6.1145,-3.0076,-3.229,0,1,0
-0.7344,-0.3293,0.6328,-4.0534,-1.6489,-2.2748,0,1,0
-0.7444,-0.3337,0.6306,-1.2901,-1.7099,-1.1221,0,1,0
-0.7473,-0.3196,0.6174,0.855,-2.1069,-0.0687,0,1,0
-0.7544,-0.3052,0.6045,2.084,-4.5267,0.1832,0,1,0
-0.7585,-0.2922,0.5991,1.9695,-7.1832,-0.0916,0,1,0
-0.7588,-0.2793,0.5876,0.9542,-10.2824,-1.0153,0,1,0
-0.7451,-0.2834,0.5894,-0.5954,-13.1908,-2.7176,0,1,0
-0.7488,-0.2878,0.583,-0.6412,-16.3893,-3.4275,0,1,0
-0.751,-0.2861,0.5767,-0.9771,-19.0992,-5.0305,0,1,0
-0.7576,-0.2883,0.5605,-0.3206,-23.3511,-6.1527,0,1,0
-0.7344,-0.312,0.5898,-1.0611,-29.1756,-6.313,0,1,0
-0.7212,-0.3083,0.6121,-0.3893,-30.1374,-3.9847,0,1,0
-0.6824,-0.3108,0.6541,0.8397,-27.6336,-3.458,0,0,0
-0.7061,-0.2649,0.6448,1.8321,-26.4275,-4.4427,0,0,0
-0.7051,-0.2937,0.644,2.0,-25.374,-7.9237,0,0,0
-0.7236,-0.2949,0.627,4.8779,-29.0382,-9.7023,0,0,0
-0.7312,-0.3069,0.6189,8.7328,-34.687,-11.0229,0,0,0
-0.7068,-0.2971,0.6465,10.4046,-39.1832,-10.2824,0,0,0
-0.6479,-0.3083,0.719,8.0992,-35.8473,-6.1221,0,0,0
-0.6743,-0.3137,0.7314,6.3359,-30.6489,-1.7252,0,0,0
-0.6575,-0.2942,0.7429,4.458,-26.229,-0.1603,0,0,0
-0.656,-0.2739,0.7209,3.2366,-21.4198,-2.5878,0,0,0
-0.646,-0.3018,0.7407,2.0305,-16.5267,-3.4733,0,0,0
-0.6353,-0.2961,0.7629,-0.3588,-9.4733,-2.5573,0,0,0
-0.6514,-0.2922,0.7656,-2.7176,-2.6412,-2.2977,0,0,0
-0.6606,-0.3113,0.7544,-4.9389,0.9313,-1.8702,0,0,0
-0.6633,-0.321,0.7502,-3.3435,3.2366,-1.0916,0,0,0
-0.6777,-0.3281,0.7473,-1.8702,4.7786,-0.7557,0,0,0
-0.6755,-0.3186,0.7415,-2.2977,6.0687,0.313,0,0,0
-0.6694,-0.3088,0.7507,-3.855,8.7786,1.8168,0,0,0
-0.6753,-0.2961,0.7395,-4.4275,11.2977,1.2061,0,0,0
-0.6719,-0.2959,0.7151,-4.2366,13.0458,-0.4962,0,0,0
-0.6497,-0.2959,0.7244,-3.5038,17.229,-2.5191,0,0,0
-0.6858,-0.3035,0.6658,-2.1527,15.0458,-2.1908,0,0,0
-0.696,-0.2991,0.6716,-0.9084,14.3435,-1.4046,0,0,0
-0.6858,-0.3013,0.6365,-0.5649,14.2824,-2.313,0,1,0
-0.7039,-0.322,0.6743,2.0153,13.3511,-1.7176,0,1,0
-0.6721,-0.2827,0.6892,0.1298,15.1908,-1.8931,0,1,0
-0.6897,-0.3,0.6758,1.313,17.6031,-2.0153,0,1,0
-0.71,-0.3044,0.658,1.8244,16.9618,-2.145,0,1,0
-0.73,-0.2827,0.6387,-0.374,13.687,-1.9847,0,1,0
-0.7244,-0.2842,0.6248,-3.0611,8.6336,-2.5496,0,1,0
-0.7354,-0.2852,0.6099,-6.0534,3.542,-3.7405,0,1,0
-0.7258,-0.3027,0.6116,-7.5725,-1.0763,-5.0229,0,1,0
-0.7051,-0.3123,0.6323,-7.3282,-3.7023,-4.9924,0,1,0
-0.6936,-0.3235,0.6392,-5.6565,-4.6336,-2.9618,0,1,0
-0.6875,-0.3333,0.6401,-2.3893,-3.8855,-1.5725,0,1,0
-0.7058,-0.3164,0.6313,-0.7557,-3.5496,-1.5344,0,1,0
-0.7141,-0.2961,0.6436,-0.5496,-3.5649,-2.0611,0,1,0
-0.7075,-0.2959,0.6499,-1.2901,-4.6107,-3.0611,0,1,0
-0.6975,-0.3037,0.6616,-2.8092,-5.4733,-2.8855,0,1,0
-0.6992,-0.3086,0.6741,-3.3053,-5.4885,-3.3053,0,1,0
-0.6846,-0.3298,0.6873,-2.6336,-4.3435,-2.3893,0,1,0
-0.688,-0.3159,0.6997,-2.4885,-2.458,-1.0305,0,0,0
-0.6873,-0.3008,0.7,-2.8702,-1.0992,-1.0611,0,0,0
-0.7,-0.2952,0.6931,-3.9466,-0.6489,-2.1603,0,0,0
-0.6963,-0.2983,0.6785,-4.2443,-0.5344,-3.0076,0,0,0
-0.7058,-0.3037,0.6748,-4.6794,-1.5496,-3.374,0,0,0
-0.6997,-0.3147,0.6726,-3.4809,-2.5496,-3.084,0,0,0
-0.6926,-0.3279,0.6609,-1.1298,-2.4809,-1.5344,0,0,0
-0.6919,-0.3154,0.6641,0.9847,-2.5649,-0.3969,0,0,0
-0.6963,-0.2915,0.6533,1.5344,-1.9924,-0.7099,0,0,0
-0.7019,-0.2859,0.6362,0.9542,-2.9313,-2.2214,0,0,0
-0.6909,-0.2883,0.6443,-0.458,-4.0229,-2.8244,0,0,0
-0.6968,-0.2988,0.6506,-0.5573,-4.3053,-2.8855,0,0,0
-0.689,-0.3044,0.6577,-1.0,-4.5115,-3.3359,0,0,0
-0.6917,-0.311,0.6648,-0.4809,-4.6336,-4.6794,0,0,0
-0.689,-0.3125,0.6794,-1.2748,-4.7863,-3.5802,0,0,0
-0.6907,-0.3188,0.6816,-2.9008,-4.8321,-1.8702,0,0,0
-0.6885,-0.3235,0.6882,-3.8092,-4.4046,-1.1145,0,0,0
-0.6868,-0.323,0.698,-3.8626,-3.0992,-1.145,0,0,0
-0.6833,-0.3206,0.6902,-3.5191,-1.4733,-2.084,0,0,0
-0.6802,-0.3147,0.6794,-3.1832,-0.2672,-2.1298,0,0,0
-0.6899,-0.3306,0.6685,-2.7557,-0.313,-1.8321,0,0,0
-0.6882,-0.321,0.6653,-2.5115,-0.9924,-1.0229,0,0,0
-0.6963,-0.3181,0.6697,-3.1298,-1.7328,0.1221,0,0,0
-0.6926,-0.3284,0.6714,-1.9618,-1.8702,0.1985,0,0,0
-0.6873,-0.3313,0.6741,-0.5191,-2.3359,0.2672,0,0,0
-0.6963,-0.3181,0.6611,2.4809,-3.0305,1.0,0,0,0
-0.6975,-0.3076,0.6594,3.5038,-4.2443,1.2137,0,0,0
-0.696,-0.2988,0.6694,2.7176,-5.2519,1.4351,0,0,0
-0.6809,-0.2729,0.6689,0.4733,-4.4885,0.8931,0,0,0
-0.6833,-0.27,0.6882,-2.8626,-3.4427,-0.7863,0,0,0
-0.6855,-0.2893,0.6907,-5.2824,-2.3969,-2.0763,0,0,0
-0.6826,-0.3198,0.6892,-4.3817,-1.4198,-2.7939,0,0,0
-0.6904,-0.3223,0.6812,-1.4046,-1.6489,-2.9008,0,0,0
-0.6899,-0.3235,0.675,-0.3435,-2.3206,-2.4962,0,0,0
-0.6746,-0.3289,0.6902,1.8015,-2.2443,-1.0534,0,0,0
-0.6838,-0.2905,0.6809,1.145,-1.2061,-0.9771,0,0,0
-0.6772,-0.2891,0.6855,-0.9008,-0.4733,-1.7557,0,0,0
-0.6875,-0.3008,0.6814,-2.1069,0.4351,-2.313,0,0,0
-0.6846,-0.3242,0.6799,-1.9389,0.0611,-2.4885,0,0,0
-0.6807,-0.3208,0.6672,0.0611,-0.1985,-2.2519,0,0,0
-0.6836,-0.3198,0.686,0.9924,0.0687,-1.8168,0,0,0
-0.6812,-0.314,0.6907,0.6947,1.2595,-1.0229,0,0,0
-0.6843,-0.312,0.6865,-0.4046,1.3282,-0.7939,0,0,0
-0.6855,-0.3008,0.6831,-2.6107,1.4046,-0.8015,0,0,0
-0.6895,-0.301,0.6782,-4.9924,1.7863,-1.9618,0,0,0
-0.6863,-0.3337,0.6641,-4.626,1.3206,-1.8397,0,0,0
-0.6914,-0.3384,0.6707,-2.6947,0.374,-0.9771,0,0,0
-0.6836,-0.3206,0.6799,-2.4962,0.1832,0.145,0,0,0
-0.6804,-0.3252,0.6855,-2.7557,0.9237,0.8321,0,0,0
-0.675,-0.3154,0.6963,-2.9084,2.3588,0.2595,0,0,0
-0.6812,-0.3086,0.6934,-4.0,3.1985,0.2824,0,0,0
-0.6921,-0.2961,0.6821,-5.4962,3.3588,-0.0382,0,0,0
-0.6943,-0.3066,0.6838,-7.1374,2.8321,-0.0229,0,0,0
-0.688,-0.3281,0.6853,-7.2901,2.2977,1.313,0,0,0
-0.6899,-0.3325,0.6885,-5.3511,2.0916,1.9389,0,0,0
-0.6895,-0.3328,0.6853,-3.5038,2.9389,1.6183,0,0,0
-0.6885,-0.2969,0.6814,-3.3664,3.8931,1.6031,0,0,0
-0.6841,-0.2881,0.688,-6.1298,4.4351,1.3511,0,0,0
-0.6812,-0.2983,0.6877,-9.3969,5.2824,1.7252,0,0,0
-0.6868,-0.3044,0.6814,-10.7176,6.2443,0.5573,0,0,0
-0.7017,-0.3286,0.6577,-9.3893,6.0687,-0.8931,0,0,0
-0.708,-0.3723,0.6599,-4.3511,5.1527,-0.8244,0,0,0
-0.699,-0.3398,0.6611,-0.5954,4.3893,0.084,0,0,0
-0.7012,-0.3147,0.6487,-0.1985,3.2519,0.4351,0,0,0
-0.7024,-0.2996,0.6289,-1.4046,1.5725,0.6336,0,0,0
-0.7039,-0.3184,0.627,-1.9618,-0.3588,0.3206,0,0,0
-0.6968,-0.325,0.6245,-0.3511,-1.9008,0.2672,0,0,0
-0.7058,-0.3198,0.6179,1.4809,-3.8092,0.2672,1,0,0
-0.6521,-0.3479,0.6707,3.1908,-2.313,-1.4122,1,0,0
-0.7012,-0.2861,0.6589,1.145,-1.855,0.1374,1,0,0
-0.679,-0.3208,0.6821,0.3893,0.5115,-0.8473,1,0,0
-0.6953,-0.3015,0.6577,-0.0763,0.8168,-1.7786,1,0,0
-0.7031,-0.2986,0.6602,-2.8779,-0.9084,-2.5267,1,0,0
-0.7031,-0.3184,0.6575,-4.4351,-2.5802,-1.4046,1,0,0
-0.7026,-0.3203,0.6709,-4.4122,-3.9771,-0.9618,1,0,0
-0.6897,-0.324,0.6785,-4.3893,-4.0382,-0.4885,1,0,0
-0.6816,-0.3291,0.7014,-2.7405,-2.3588,-0.5573,1,0,0
-0.6724,-0.3167,0.7063,-0.3893,1.2214,-1.0,1,0,0
-0.6763,-0.3223,0.6746,1.3282,3.6489,-1.7023,1,0,0
-0.7041,-0.3213,0.6458,3.5344,2.6641,-0.0229,1,0,0
-0.718,-0.2756,0.6428,1.458,-0.0458,-0.7405,1,0,0
-0.7104,-0.2683,0.6443,-3.4504,-3.1221,-1.7099,1,0,0
-0.7007,-0.2913,0.6611,-6.7405,-4.3053,-2.374,1,0,0
-0.6794,-0.3264,0.6887,-7.626,-3.3664,-2.1603,1,0,0
-0.6802,-0.3428,0.6907,-4.2672,-0.6183,-1.0916,1,0,0
-0.6853,-0.3323,0.6682,-1.5038,1.0153,-1.1221,1,0,0
-0.6956,-0.321,0.6609,0.3435,1.8244,-1.145,1,0,0
-0.7004,-0.3083,0.6497,0.458,0.9084,-1.4198,1,0,0
-0.7112,-0.3096,0.6445,-0.6412,-1.374,-2.0763,1,0,0
-0.698,-0.3152,0.6511,-1.1298,-3.542,-1.2901,1,0,0
-0.6938,-0.3103,0.6543,-3.0076,-4.6412,-0.3969,1,0,0
-0.6858,-0.3206,0.6553,-3.5038,-4.3435,-0.7939,1,0,0
-0.6812,-0.3289,0.6672,-2.8321,-2.6947,-1.0611,1,0,0
-0.6865,-0.3298,0.6792,-1.7863,-1.3588,-1.0916,1,0,0
-0.6855,-0.3333,0.6865,-0.6412,0.2061,-0.5191,1,0,0
-0.6975,-0.3235,0.6836,0.0611,0.5344,-0.8779,1,0,0
-0.6975,-0.3274,0.6763,0.0687,-0.4733,-0.6718,1,0,0
-0.6948,-0.3206,0.6829,-0.6794,-1.0611,0.6031,1,0,0
-0.6943,-0.3049,0.6777,-1.3893,-1.1908,0.7863,1,0,0
-0.6909,-0.2939,0.667,-3.084,-1.4427,-0.229,1,0,0
-0.686,-0.3076,0.676,-4.855,-0.8092,-1.0153,1,0,0
-0.6907,-0.3289,0.6707,-3.7481,0.0687,-0.2901,1,0,0
-0.6973,-0.3213,0.6646,-1.2595,0.2519,-0.1374,1,0,0
-0.697,-0.3098,0.6521,-0.4733,-0.5878,-1.1985,1,0,0
-0.6943,-0.3142,0.668,0.4427,-1.3664,-1.7481,1,0,0
-0.6948,-0.2993,0.6577,0.4198,-2.1069,-1.9771,1,0,0
-0.6948,-0.2964,0.6589,-0.8931,-2.9008,-1.9618,1,0,0
-0.6921,-0.3203,0.6687,-0.6336,-2.6412,-1.8015,1,0,0
-0.6921,-0.3171,0.6667,-0.0229,-3.0687,-1.8092,1,0,0
-0.6919,-0.3125,0.667,-0.4122,-3.4427,-2.374,1,0,0
-0.6804,-0.3252,0.6726,0.8321,-3.1985,-2.0229,1,0,0
-0.6895,-0.3264,0.6785,1.9466,-2.3206,-2.2595,1,0,0
-0.6924,-0.3137,0.6714,2.2748,-2.1908,-3.7023,1,0,0
-0.6914,-0.3125,0.6755,1.5038,-2.1985,-4.2061,1,0,0
-0.6875,-0.3149,0.6765,-0.229,-2.1832,-3.855,1,0,0
-0.6897,-0.3159,0.6677,-1.3435,-2.1832,-3.2824,1,0,0
-0.6877,-0.3367,0.6658,-0.8244,-2.7099,-2.9008,1,0,0
-0.6914,-0.3364,0.6753,2.0687,-2.5344,-2.7252,1,0,0
-0.6831,-0.3269,0.6724,3.9237,-2.6565,-2.1908,1,0,0
-0.6816,-0.3035,0.6704,2.8473,-2.4198,-0.9695,1,0,0
-0.6917,-0.3047,0.6716,0.2901,-2.8702,-1.145,1,0,0
-0.6931,-0.3027,0.6672,-1.2824,-3.1985,-1.2672,1,0,0
-0.6855,-0.3064,0.677,-2.229,-3.0611,-1.6565,1,0,0
-0.6797,-0.3301,0.6775,-1.5649,-3.4962,-1.313,1,0,0
-0.6782,-0.3218,0.6804,0.3588,-2.5954,-1.3511,1,0,0
-0.6799,-0.3291,0.6882,1.626,-1.8168,-1.0763,1,0,0
-0.6816,-0.3152,0.6929,1.6183,-1.2595,-0.1985,1,0,0
-0.6853,-0.2986,0.6802,0.916,-0.9237,-0.7099,1,0,0
-0.6919,-0.3032,0.676,-0.2824,-1.1832,-1.5573,1,0,0
-0.6812,-0.3093,0.6736,-0.5038,-1.8626,-2.4351,1,0,0
-0.6846,-0.3191,0.676,0.8702,-1.8168,-3.9924,1,0,0
-0.6875,-0.3245,0.6785,2.8321,-2.771,-5.6183,1,0,0
-0.6836,-0.3206,0.6829,4.1679,-3.4275,-5.8092,1,0,0
-0.6824,-0.3127,0.6787,3.9237,-2.7939,-5.8321,1,0,0
-0.677,-0.314,0.687,2.9237,-2.229,-5.5954,1,0,0
-0.677,-0.3125,0.6895,2.0382,-1.374,-4.5038,1,0,0
-0.6736,-0.3242,0.6853,1.0916,-1.3206,-3.7099,1,0,0
-0.6777,-0.3237,0.6777,1.687,-1.2061,-2.3206,1,0,0
-0.6826,-0.3147,0.6648,2.7328,-1.8473,-2.3817,1,0,0
-0.6841,-0.3213,0.6741,3.8397,-3.0611,-3.0534,1,0,0
-0.6863,-0.313,0.666,4.8015,-4.9313,-3.4504,1,0,0
-0.679,-0.3103,0.6738,4.0305,-5.5496,-3.9542,1,0,0
-0.677,-0.3071,0.6714,3.1527,-5.6718,-3.7405,1,0,0
-0.6738,-0.3193,0.6829,2.8244,-5.1679,-3.9618,1,0,0
-0.6716,-0.3203,0.687,2.8855,-4.6031,-3.4046,1,0,0
-0.6685,-0.3264,0.7068,2.3359,-3.2214,-1.9313,1,0,0
-0.6726,-0.3152,0.6938,1.916,-2.5725,-1.0305,1,0,0
-0.6663,-0.3228,0.7144,0.855,-1.1221,0.458,1,0,0
-0.6729,-0.3254,0.7131,1.0229,-0.2366,1.1603,1,0,0
-0.6812,-0.3171,0.7092,0.4809,-0.1908,1.2901,1,0,0
-0.6785,-0.3057,0.7114,-0.7023,-0.4122,1.3664,1,0,0
-0.6738,-0.2961,0.6978,-3.9008,-0.2214,1.5038,1,0,0
-0.6804,-0.3118,0.6956,-5.8702,0.3206,1.1679,1,0,0
-0.6765,-0.3235,0.6899,-4.6794,0.9771,0.855,1,0,0
-0.6812,-0.3191,0.6736,-1.916,0.458,0.1756,1,0,0
-0.6785,-0.3123,0.6614,0.6641,-0.9008,-0.2977,1,0,0
-0.679,-0.2979,0.6636,1.7634,-2.3206,0.0153,1,0,0
-0.6772,-0.2937,0.667,1.3511,-3.0076,0.1221,1,0,0
-0.6709,-0.2896,0.6782,1.145,-3.5267,0.2443,1,0,0
-0.6697,-0.2847,0.6919,-0.6641,-3.0687,-0.2748,1,0,0
-0.6641,-0.2961,0.6919,-2.1603,-2.7634,-0.2595,1,0,0
-0.6663,-0.311,0.7122,-2.2443,-1.3435,0.1679,1,0,0
-0.668,-0.3201,0.7122,-2.0763,-0.1221,0.3969,1,0,0
-0.6775,-0.3228,0.7112,-0.5878,0.4656,0.4504,1,0,0
-0.6724,-0.3113,0.7063,-0.7786,0.916,0.2901,1,0,0
-0.6785,-0.3105,0.6946,-0.8931,0.4504,0.3588,1,0,0
-0.677,-0.311,0.6992,-1.7405,0.4733,0.3588,1,0,0
-0.6743,-0.3269,0.7014,-2.145,1.0611,2.145,1,0,0
-0.6765,-0.3152,0.7041,-1.5573,1.5038,2.7557,1,0,0
-0.679,-0.303,0.6968,-4.0,1.5573,2.9237,1,0,0
-0.6768,-0.3184,0.6851,-4.4351,1.8321,2.7557,1,0,0
-0.6824,-0.3186,0.6863,-2.9847,1.7557,1.8092,1,0,0
-0.6785,-0.3057,0.6807,-1.8626,1.6565,1.229,1,0,0
-0.6838,-0.3015,0.6763,-0.542,0.9237,-0.0763,1,0,0
-0.6736,-0.3081,0.6829,0.7481,1.229,0.2977,1,0,0
-0.6729,-0.3066,0.6841,2.9771,0.7786,0.1221,1,0,0
-0.678,-0.2957,0.689,2.5573,1.1908,0.2519,1,0,0
-0.6692,-0.2817,0.679,1.9847,1.5878,-1.229,1,0,0
-0.6782,-0.2793,0.6775,0.2519,1.4351,-2.6031,1,0,0
-0.6812,-0.2878,0.6675,-1.4351,0.0763,-2.9771,1,0,0
-0.6838,-0.2959,0.6719,-2.2977,-1.7405,-3.1298,1,0,0
-0.6873,-0.2961,0.6738,-3.4733,-3.7252,-3.0916,1,0,0
-0.6829,-0.2922,0.6809,-5.3664,-4.8397,-2.7634,1,0,0
-0.6658,-0.3062,0.7014,-6.7481,-4.5573,-3.0153,1,0,0
-0.6709,-0.3254,0.7119,-5.6947,-2.5878,-3.2214,1,0,0
-0.6719,-0.3325,0.7097,-2.5267,0.0458,-3.374,1,0,0
-0.6667,-0.3264,0.7097,0.0763,2.3435,-4.1908,1,0,0
-0.6829,-0.3398,0.676,1.6641,0.7557,-2.7557,1,0,0
-0.6765,-0.303,0.6833,0.6183,-1.1756,-0.3511,1,0,0
-0.6821,-0.2751,0.6885,-2.9466,-1.5267,-1.2519,1,0,0
-0.6738,-0.2957,0.6868,-5.9924,-1.8931,-1.229,1,0,0
-0.6655,-0.3232,0.6934,-6.3282,-0.8626,-0.8244,1,0,0
-0.666,-0.3293,0.6951,-4.3435,1.2061,-0.5267,1,0,0
-0.676,-0.3198,0.6863,-2.1527,1.4122,-0.6565,1,0,0
-0.6809,-0.3152,0.6758,-0.6412,0.7023,-1.0153,1,0,0
-0.6846,-0.3032,0.6772,0.0305,-0.4962,-1.4275,1,0,0
-0.6777,-0.2925,0.6809,-1.0382,-1.4275,-1.3435,1,0,0
-0.6731,-0.2966,0.6711,-2.9389,-1.626,-1.626,1,0,0
-0.6689,-0.2957,0.6787,-4.4351,-1.771,-1.5038,1,0,0
-0.6721,-0.3044,0.6882,-5.6718,-2.0687,-0.9618,1,0,0
-0.6736,-0.3201,0.7007,-4.7252,-1.6489,-0.1756,1,0,0
-0.6768,-0.3367,0.6973,-2.5344,-1.6641,0.4275,1,0,0
-0.676,-0.3198,0.7065,-0.229,-1.458,0.8092,1,0,0
-0.6741,-0.301,0.696,0.2519,-1.4504,0.2061,1,0,0
-0.6731,-0.2939,0.6938,-1.5496,-1.1527,-0.7863,1,0,0
-0.6687,-0.3015,0.7041,-2.7405,-0.4733,-1.458,1,0,0
-0.6726,-0.2944,0.7041,-4.4275,-0.1527,-1.855,1,0,0
-0.675,-0.3164,0.7078,-5.6031,0.3893,-1.4504,1,0,0
-0.6738,-0.3164,0.6917,-5.0992,0.4809,-1.2366,1,0,0
-0.6682,-0.3252,0.6921,-4.6336,0.7023,-1.0992,1,0,0
-0.6785,-0.322,0.686,-3.6489,1.1832,0.145,1,0,0
-0.6799,-0.3218,0.6743,-2.2366,1.0534,0.0534,1,0,0
-0.6711,-0.3179,0.6804,-1.313,0.2824,0.2443,1,0,0
-0.6736,-0.3103,0.6875,-1.3511,0.4656,1.1985,1,0,0
-0.6948,-0.3279,0.6697,-0.8321,0.6412,2.1298,1,0,0
-0.6829,-0.3188,0.6909,0.229,-0.6412,3.1145,1,0,0
-0.6716,-0.3005,0.6802,-1.1985,-0.8168,3.5496,1,0,0
-0.6743,-0.3181,0.6787,-1.4656,-1.5496,3.8092,1,0,0
-0.6741,-0.3242,0.6863,-0.1908,-1.9771,3.3435,1,0,0
-0.6812,-0.3215,0.6931,0.9695,-2.2748,3.3817,1,0,0
-0.6794,-0.3015,0.7021,0.1832,-2.0305,4.3282,1,0,0
-0.6997,-0.3057,0.6892,2.0382,-1.4427,1.4427,1,0,0
-0.686,-0.3174,0.7109,2.5038,2.1679,-0.0458,1,0,0
-0.6719,-0.2695,0.687,0.6794,1.0611,-1.4885,1,0,0
-0.6821,-0.302,0.6851,-1.1908,0.7023,-2.3435,1,0,0
-0.6843,-0.2878,0.6765,-2.1298,-0.9237,-3.6565,1,0,0
-0.6855,-0.2896,0.6689,-4.1069,-2.9771,-3.1908,1,0,0
-0.6775,-0.2874,0.6875,-6.6489,-4.4122,-2.4504,1,0,0
-0.6567,-0.3049,0.696,-7.4122,-3.7557,-2.0916,1,0,0
-0.6726,-0.3064,0.7031,-7.4122,-1.6183,-2.8855,1,0,0
-0.675,-0.2996,0.6973,-6.458,0.6107,-4.771,1,0,0
-0.6689,-0.332,0.6907,-6.0305,1.6412,-4.8168,1,0,0
-0.6846,-0.3469,0.6887,-3.9237,0.3282,-3.1298,1,0,0
-0.6831,-0.3298,0.688,-1.5573,-0.8092,-1.3206,1,0,0
-0.6753,-0.3101,0.6863,-1.313,-2.2137,-0.6565,1,0,0
-0.6707,-0.314,0.6956,-1.6336,-2.0382,-0.0916,1,0,0
-0.667,-0.314,0.6873,-1.6565,-0.9771,-0.855,1,0,0
-0.6697,-0.3101,0.6863,-1.5344,-1.1603,-1.7405,1,0,0
-0.6697,-0.302,0.6736,-2.1527,-0.771,-1.8092,1,0,0
-0.6765,-0.3076,0.6807,-3.458,-1.1603,-1.9389,1,0,0
-0.6768,-0.3269,0.686,-3.1374,-0.8244,-1.3664,1,0,0
-0.6746,-0.3269,0.6897,-1.7405,-0.7405,-1.1832,1,0,0
-0.6814,-0.3071,0.687,-1.2061,-1.1756,-0.8321,1,0,0
-0.6782,-0.3032,0.6865,-2.8244,-2.4962,-1.2901,1,0,0
-0.6758,-0.3218,0.6873,-3.1145,-2.5878,-1.9847,1,0,0
-0.6741,-0.3313,0.6848,-1.0534,-2.9313,-1.855,1,0,0
-0.6707,-0.3198,0.6831,0.5344,-3.0916,-2.1069,1,0,0
-0.6721,-0.302,0.6934,0.6947,-3.7023,-2.3206,1,0,0
-0.6741,-0.303,0.6985,-0.8779,-1.0992,-1.8855,0,0,0
-0.6628,-0.3176,0.7002,-1.2901,-0.2824,-2.0458,0,0,0
-0.6731,-0.3135,0.6968,-1.0,-0.5496,-0.8092,0,0,0
-0.6885,-0.3184,0.6855,0.1832,-2.374,-1.5038,0,0,0
-0.6792,-0.3113,0.6768,-0.2901,-4.1908,-1.5649,0,0,0
-0.688,-0.2849,0.6589,-2.7481,-7.1985,-1.4656,0,0,0
-0.6753,-0.3223,0.677,-2.2214,-8.7023,-2.6641,0,0,0
-0.6494,-0.3076,0.7019,-2.0,-7.7863,-3.2595,0,0,0
-0.6675,-0.3,0.7019,-3.5038,-5.7099,-4.4504,0,0,0
-0.6567,-0.3027,0.7031,-5.0076,-4.0763,-5.1756,0,0,0
-0.6609,-0.3181,0.6956,-5.5573,-3.7481,-5.3511,0,0,0
-0.6814,-0.3184,0.6733,-5.5878,-5.0916,-5.1832,0,0,0
-0.6738,-0.3333,0.6846,-4.771,-8.2137,-4.3206,0,0,0
-0.6658,-0.3152,0.6982,-6.6107,-10.2137,-4.7481,0,0,0
-0.6509,-0.3601,0.7026,-3.855,-11.0076,-1.1145,0,0,0
-0.6377,-0.3608,0.7156,0.313,-8.1374,1.8244,0,0,0
-0.6389,-0.2935,0.7209,1.2595,-4.8092,1.5649,0,0,0
-0.6516,-0.3044,0.7051,-0.9924,-2.8015,0.374,0,0,0
-0.666,-0.3142,0.6997,-2.8397,-2.6489,-0.9847,0,0,0
-0.665,-0.314,0.7051,-4.145,-3.6107,-0.771,0,0,0
-0.6467,-0.3306,0.7305,-4.9313,-2.2824,0.0763,0,0,0
-0.6484,-0.3396,0.7341,-3.6947,-0.5038,0.7023,0,0,0
-0.657,-0.335,0.7249,-2.3282,0.7176,0.5344,0,0,0
-0.6553,-0.3262,0.7271,-1.3817,2.0,0.3206,0,0,0
-0.6626,-0.3167,0.7085,-1.3817,1.313,0.8702,0,0,0
-0.6504,-0.3259,0.6946,-1.2443,0.5649,2.1145,0,0,0
-0.647,-0.3115,0.7095,-1.9618,1.8855,2.7023,0,0,0
-0.6501,-0.312,0.707,-3.8473,3.3435,2.9008,0,0,0
-0.6555,-0.3142,0.7144,-4.6947,5.3511,2.7328,0,0,0
-0.6665,-0.323,0.7009,-4.3206,5.2901,2.7252,0,0,0
-0.6672,-0.3301,0.698,-3.4733,4.5267,2.2748,0,0,0
-0.6743,-0.3345,0.689,-1.5038,3.7099,1.8779,0,0,0
-0.6624,-0.332,0.6995,0.2748,2.7405,2.145,0,0,0
-0.6609,-0.3049,0.7039,0.5267,3.1832,2.4122,0,0,0
-0.6606,-0.3,0.699,-0.626,3.5802,2.0687,0,0,0
-0.6724,-0.3081,0.6877,-2.1679,3.458,0.2443,0,0,0
-0.6694,-0.3081,0.6855,-2.3588,2.6947,-0.5954,0,0,0
-0.6636,-0.3296,0.675,-1.4046,1.9008,-0.6183,0,0,0
-0.667,-0.3259,0.677,0.2443,1.1527,-0.4427,0,0,0
-0.6602,-0.313,0.6875,0.5573,1.0992,0.0763,0,0,0
-0.6602,-0.304,0.689,-0.7481,1.9237,0.145,0,0,0
-0.6646,-0.3025,0.6904,-2.6107,1.7939,-0.8397,0,0,0
-0.6672,-0.3135,0.6897,-3.916,2.3817,-1.4504,0,0,0
-0.6704,-0.3301,0.6985,-4.3053,2.4351,-1.4809,0,0,0
-0.6719,-0.3391,0.6921,-2.1756,2.4198,-1.0687,0,0,0
-0.6758,-0.3384,0.6746,-0.0076,1.3053,-0.9237,0,0,0
-0.6763,-0.3208,0.679,1.0229,-0.4122,-0.5267,0,0,0
-0.6572,-0.3169,0.6958,-0.084,-0.3359,0.6336,0,0,0
-0.668,-0.3101,0.6934,-1.4122,0.0611,1.7786,0,0,0
-0.6729,-0.304,0.6907,-2.9466,-0.2748,0.687,0,0,0
-0.6653,-0.3142,0.6958,-4.0229,-0.0076,-0.1679,0,0,0
-0.668,-0.3328,0.7078,-3.3817,0.9695,0.5344,0,0,0
-0.6477,-0.3364,0.7244,-1.7786,2.9237,2.1756,0,0,0
-0.6533,-0.3115,0.7222,-2.3893,5.7634,1.8015,0,0,0
-0.6653,-0.3145,0.7129,-3.4351,7.3359,1.2748,0,0,0
-0.6633,-0.3127,0.7092,-3.8092,8.6794,0.8168,0,0,0
-0.6692,-0.3184,0.7041,-4.3282,8.9313,0.3664,0,0,0
-0.6653,-0.332,0.7073,-4.6641,9.8473,1.1145,0,0,0
-0.6487,-0.3154,0.7104,-4.3282,12.6489,2.542,0,0,0
-0.6758,-0.3118,0.6965,-6.3817,14.5496,2.3282,0,0,0
-0.679,-0.3062,0.6931,-8.4046,16.2672,1.6565,0,0,0
-0.6887,-0.3181,0.678,-8.1908,16.313,0.2977,0,0,0
-0.697,-0.3296,0.6597,-6.771,15.458,-0.1603,0,0,0
-0.6982,-0.3391,0.657,-4.3206,12.1679,0.5191,0,0,0
-0.6848,-0.3267,0.6628,-2.1832,11.2137,1.2824,0,0,0
-0.6997,-0.3159,0.6533,-0.7176,10.2137,0.9466,0,0,0
-0.7031,-0.2861,0.6394,-1.9466,9.0229,-0.1603,0,0,0
-0.7166,-0.2908,0.6248,-4.5191,6.0611,-1.2748,0,0,0
-0.7139,-0.321,0.6218,-5.7557,1.8015,-1.6031,0,0,0
-0.6965,-0.3345,0.6318,-3.7634,-1.5496,-0.7786,0,0,0
-0.6987,-0.3247,0.6433,-1.6718,-2.7634,-0.2519,0,0,0
-0.6926,-0.2927,0.6404,-1.8702,-2.8626,-0.2137,0,0,0
-0.6934,-0.323,0.6545,-3.145,-2.9771,-0.5573,0,0,0
-0.6899,-0.342,0.6626,0.0916,-2.6641,-1.229,0,0,0
-0.6985,-0.334,0.6504,3.6489,-3.3282,-1.0992,0,0,0
-0.7021,-0.3174,0.6545,4.3435,-4.9084,-0.5802,0,0,0
-0.6912,-0.2954,0.6633,2.0763,-6.2824,-0.5649,0,0,0
-0.6838,-0.3,0.6765,-1.3206,-6.1832,-0.9466,0,0,0
-0.6768,-0.3198,0.6863,-2.7328,-5.1679,-0.8702,0,0,0
-0.6846,-0.3167,0.679,-3.0916,-4.4733,-1.145,0,0,0
-0.6868,-0.333,0.6895,-2.8702,-3.7863,-0.9313,0,0,0
-0.6865,-0.3291,0.6755,-0.5802,-3.3817,-0.4351,0,0,0
-0.6907,-0.3225,0.6746,0.9924,-3.6031,-1.1298,0,0,0
-0.6858,-0.3064,0.6743,1.7023,-3.9771,-0.9237,0,0,0
-0.6899,-0.2957,0.6653,0.8015,-4.7023,-1.2977,0,0,0
-0.6953,-0.3013,0.6494,-0.5038,-6.3435,-1.8473,0,0,0
-0.6936,-0.3167,0.6511,-0.2061,-8.3893,-1.916,0,0,0
-0.6802,-0.3032,0.6531,0.3664,-10.1908,-1.2519,0,0,0
-0.6804,-0.3164,0.6567,1.0153,-10.5496,-1.4656,0,0,0
-0.6816,-0.3098,0.6648,1.0534,-10.5115,-2.0305,0,0,0
-0.6658,-0.3254,0.6853,1.8092,-9.771,-2.771,0,0,0
-0.6689,-0.3203,0.6926,2.7939,-7.8015,-1.5267,0,0,0
-0.6714,-0.3242,0.6934,2.1756,-6.6031,-1.0916,0,0,0
-0.667,-0.2988,0.7007,0.7328,-4.8473,-1.8168,0,0,0
-0.6672,-0.3184,0.6987,-0.2748,-3.2366,-2.4885,1,0,0
-0.6704,-0.3171,0.7058,-1.1145,-1.9084,-2.2214,1,0,0
-0.6812,-0.3201,0.7046,-1.5954,-2.2901,-1.6565,1,0,0
-0.6741,-0.3206,0.7063,-3.0153,-2.7099,-1.3053,1,0,0
-0.6768,-0.325,0.7075,-3.6412,-3.0763,-0.7328,1,0,0
-0.6743,-0.314,0.6982,-3.8473,-2.5267,-0.3817,1,0,0
-0.6716,-0.3086,0.7,-4.1145,-1.9618,-1.1679,1,0,0
-0.6753,-0.3159,0.6797,-3.8626,-1.4046,-2.2748,1,0,0
-0.6692,-0.3337,0.6758,-1.9237,-1.2214,-1.7405,1,0,0
-0.6704,-0.3274,0.6716,0.9618,-1.3511,-0.5573,1,0,0
-0.6768,-0.3042,0.6782,1.3817,-1.1298,-0.8779,1,0,0
-0.6699,-0.2966,0.6809,-0.2443,-1.3969,-0.7939,1,0,0
-0.6711,-0.3,0.6895,-1.9389,-1.2672,-0.8168,1,0,0
-0.6775,-0.3198,0.7029,-2.7252,-1.8473,-0.5725,1,0,0
-0.6782,-0.3301,0.699,-1.6107,-2.0305,-0.2443,1,0,0
-0.677,-0.3198,0.7024,-0.7786,-2.4046,0.229,1,0,0
-0.668,-0.3115,0.7007,-1.6641,-1.3588,-0.5344,1,0,0
-0.6663,-0.314,0.707,-2.7023,-0.3206,-1.687,1,0,0
-0.666,-0.3279,0.7087,-3.2977,0.9924,-1.5954,1,0,0
-0.6682,-0.3337,0.6987,-2.916,2.771,-0.8473,1,0,0
-0.677,-0.3345,0.6853,-1.9389,2.916,-0.6107,1,0,0
-0.6816,-0.3171,0.6709,-1.4351,1.6489,-0.2672,1,0,0
-0.6851,-0.3171,0.6716,-1.9313,-0.458,-0.3053,1,0,0
-0.6841,-0.3196,0.6729,-1.6183,-1.771,-0.2672,1,0,0
-0.6753,-0.3186,0.6775,-1.4656,-2.5573,-0.5725,1,0,0
-0.6709,-0.3193,0.6794,-1.6107,-2.4809,-0.4351,1,0,0
-0.6648,-0.3174,0.6824,-1.771,-0.8931,-0.0992,1,0,0
-0.6704,-0.3035,0.6804,-2.2595,-0.1527,-0.916,1,0,0
-0.6726,-0.304,0.6826,-3.9008,-0.1985,-1.8015,1,0,0
-0.6799,-0.3286,0.6865,-2.9847,-0.6718,-1.9008,1,0,0
-0.6738,-0.3396,0.6997,-0.687,-1.2366,-1.5344,1,0,0
-0.6799,-0.3245,0.7068,0.6412,-1.5649,-0.7634,1,0,0
-0.6704,-0.3049,0.6902,0.0076,-1.6794,-0.6031,1,0,0
-0.6687,-0.2932,0.697,-2.9466,-1.3511,-0.6412,1,0,0
-0.658,-0.304,0.7048,-6.0458,0.8092,-0.9084,1,0,0
-0.6526,-0.3118,0.7144,-8.1145,3.8626,-2.0076,1,0,0
-0.6584,-0.3352,0.7029,-8.1832,6.9542,-3.0916,1,0,0
-0.6694,-0.3406,0.7061,-6.9771,8.4504,-2.6641,1,0,0
-0.6992,-0.3201,0.6877,-7.6336,8.8702,-2.5725,1,0,0
-0.6965,-0.3152,0.677,-5.9008,6.7863,-2.8015,0,0,0
-0.6963,-0.3174,0.6731,-7.2366,4.9313,-4.5344,0,0,0
-0.687,-0.3342,0.6719,-6.2901,3.0687,-5.7557,0,0,0
-0.677,-0.3335,0.6843,-6.145,2.6641,-6.1908,0,0,0
-0.6677,-0.3313,0.6729,-5.9618,2.6794,-3.6947,0,0,0
-0.6709,-0.3184,0.6521,-6.0305,2.2366,-2.2824,0,0,0
-0.6824,-0.3044,0.6619,-8.3435,3.5649,-3.7176,0,0,0
-0.686,-0.3618,0.6563,-6.0458,3.3282,-4.4809,0,0,0
-0.6865,-0.3613,0.6609,-1.9313,1.5344,-3.0458,0,0,0
-0.6821,-0.3376,0.6599,0.2137,-0.145,-1.4427,0,0,0
-0.6704,-0.3196,0.6807,-0.8168,-0.1145,-1.0153,0,0,0
-0.6794,-0.3279,0.6816,-1.4504,0.145,-1.1374,0,0,0
-0.6753,-0.3464,0.6792,-0.5954,-0.2366,-0.8473,0,0,0
-0.6821,-0.3245,0.6877,0.1527,-0.0916,-0.4275,0,0,0
-0.6841,-0.3374,0.6726,0.8321,-0.9542,-0.6489,0,0,0
-0.6843,-0.3345,0.6709,1.9466,-2.1374,-0.0992,0,0,0
-0.6814,-0.3284,0.6709,2.9084,-3.1832,0.1603,0,0,0
-0.6616,-0.3149,0.6853,2.0611,-1.9084,0.4809,0,0,0
-0.6699,-0.3066,0.6926,-0.2519,0.5115,-0.2519,0,0,0
-0.676,-0.3022,0.6851,-3.0611,1.3435,-0.8855,0,0,0
-0.6807,-0.3352,0.6814,-3.6336,1.4122,-1.1756,0,0,0
-0.6838,-0.3467,0.6716,-1.4198,0.4733,-0.916,0,0,0
-0.6858,-0.3357,0.6677,0.2977,-0.3969,-0.916,0,0,0
-0.6851,-0.3206,0.6729,-0.4656,-1.9313,-0.9542,0,0,0
-0.6716,-0.334,0.6782,-1.3969,-1.4809,-0.7099,0,0,0
-0.668,-0.3333,0.6841,-1.1908,-0.1374,-0.6489,0,0,0
-0.6699,-0.3308,0.6719,-1.0992,1.0229,-0.4122,0,0,0
-0.6855,-0.3198,0.6589,-1.6031,0.0534,-0.7557,0,0,0
-0.6809,-0.3335,0.6687,-2.687,-1.1069,-0.4275,0,0,0
-0.6726,-0.3464,0.677,-1.7023,-1.0,0.7786,0,0,0
-0.675,-0.3228,0.6836,0.0153,0.1145,0.855,0,0,0
-0.6816,-0.3025,0.6726,-1.2214,0.0763,-0.7939,0,0,0
-0.6848,-0.3159,0.6687,-2.4809,-0.8473,-1.7252,0,0,0
-0.6821,-0.3423,0.6716,-1.4885,-2.0153,-1.4046,0,0,0
-0.677,-0.3259,0.6736,-0.1908,-2.7481,-0.7252,0,0,0
-0.6733,-0.3069,0.6716,-1.2901,-2.8244,-0.084,0,0,0
-0.6699,-0.2988,0.6833,-3.9771,-0.9695,-0.9313,0,0,0
-0.679,-0.3303,0.6831,-3.5954,-0.0458,-1.9542,0,0,0
-0.6799,-0.3367,0.6897,-2.5573,-0.3359,-1.7099,0,0,0
-0.6812,-0.3376,0.6897,-1.3206,-0.2519,-0.8321,0,0,0
-0.6785,-0.3252,0.6775,-0.4809,-0.3359,-1.1832,0,0,0
-0.6824,-0.3284,0.6765,-0.145,-1.4504,-1.2824,0,0,0
-0.676,-0.3276,0.679,-0.3893,-1.3359,-1.0687,0,0,0
-0.6738,-0.3088,0.6758,-1.2824,-1.7328,-0.4046,0,0,0
-0.6675,-0.3291,0.6846,-4.0992,-1.1603,-0.9313,0,0,0
-0.6724,-0.3193,0.6877,-4.6794,1.0153,-1.4656,0,0,0
-0.6763,-0.3384,0.6899,-5.0153,2.313,-2.2901,0,0,0
-0.6829,-0.3462,0.6785,-4.0992,1.8626,-2.2748,0,0,0
-0.6899,-0.3467,0.667,-2.3969,-0.0305,-1.855,0,0,0
-0.6841,-0.3496,0.658,-0.9466,-1.7405,-1.3359,0,0,0
-0.675,-0.3401,0.6692,-0.4122,-2.7939,0.3206,0,0,0
-0.6711,-0.3357,0.676,-0.916,-2.4427,1.0229,0,0,0
-0.678,-0.3193,0.6699,-1.1221,-1.9695,1.0916,0,0,0
-0.6768,-0.3142,0.6685,-2.6107,-1.9924,0.6565,0,0,0
-0.6812,-0.3176,0.6785,-3.6641,-2.687,0.0153,0,0,0
-0.6843,-0.3289,0.6768,-4.0076,-3.2366,-0.5573,0,0,0
-0.6775,-0.3335,0.6821,-3.6031,-3.2366,0.0992,0,0,0
-0.6699,-0.3416,0.6855,-3.4198,-2.9847,0.6412,0,0,0
-0.6667,-0.3494,0.6858,-1.145,-2.2901,0.916,0,0,0
-0.6699,-0.3401,0.6899,1.687,-1.7252,1.8626,0,0,0
-0.6765,-0.3076,0.6831,0.3511,-1.916,0.7405,0,0,0
-0.6746,-0.3005,0.6914,-3.4656,-1.5191,-0.7023,0,0,0
-0.6682,-0.3171,0.6992,-6.8702,0.0611,-1.145,0,0,0
-0.6682,-0.3455,0.6917,-7.3817,0.7863,-0.4733,0,0,0
-0.6702,-0.3547,0.6982,-6.5344,1.5344,1.3359,0,0,0
-0.6787,-0.3438,0.6929,-5.6718,2.8855,2.1145,0,0,0
-0.6775,-0.3457,0.6875,-5.4656,3.1908,3.687,0,0,0
-0.688,-0.3069,0.6655,-8.6183,1.5191,3.5649,0,0,0
-0.6558,-0.3479,0.697,-9.458,1.3664,4.5191,0,0,0
-0.6621,-0.3533,0.6851,-12.2824,2.0305,5.0992,0,0,0
-0.7083,-0.3633,0.6794,-11.3511,2.3969,5.9389,0,0,0
-0.6638,-0.332,0.6709,-10.4275,4.4046,5.458,0,0,0
-0.6875,-0.3733,0.6731,-9.1374,3.5725,4.2672,0,0,0
-0.6719,-0.335,0.6606,-7.0458,5.0763,4.1069,0,0,0
-0.6902,-0.3547,0.6685,-5.5878,5.5038,4.3664,0,0,0
-0.6777,-0.335,0.6643,-3.5725,5.1221,4.5344,0,0,0
-0.6953,-0.3455,0.6621,-3.2672,5.2901,5.2214,0,0,0
-0.6926,-0.3296,0.665,-2.4198,3.3282,5.9924,0,0,0
-0.7312,-0.3521,0.6685,-0.1145,0.8168,6.5725,0,0,0
-0.6882,-0.3132,0.6702,-0.3664,2.6412,5.2519,0,0,0
-0.6729,-0.303,0.6711,-1.313,3.1069,3.8168,0,0,0
-0.6816,-0.3035,0.6851,-1.3359,4.4962,2.9389,0,0,0
-0.679,-0.3225,0.7,-2.0305,6.687,2.1145,0,0,0
-0.6873,-0.3223,0.6885,-0.1908,8.1374,1.9466,0,0,0
-0.6865,-0.3176,0.6841,1.084,9.2137,1.771,0,0,0
-0.6951,-0.3135,0.6836,1.1069,9.1679,0.687,0,0,0
-0.6897,-0.293,0.6775,0.1679,10.2977,-0.1985,0,0,0
-0.6987,-0.3254,0.6682,-0.7863,9.5954,-1.6031,0,0,0
-0.6875,-0.3289,0.6604,0.0305,11.2366,-2.4046,0,0,0
-0.6943,-0.3323,0.6582,1.6947,10.8321,-2.229,0,0,0
-0.6997,-0.324,0.6011,4.458,10.0611,-2.3053,0,1,0
-0.7268,-0.2883,0.6321,2.7634,5.8244,-1.9771,0,1,0
-0.7048,-0.3086,0.616,-0.0916,4.6412,-3.1603,0,1,0
-0.7192,-0.3079,0.606,-1.4885,1.2901,-3.9542,0,1,0
-0.7168,-0.3359,0.6133,-2.1527,-2.0229,-3.5725,0,1,0
-0.7107,-0.3184,0.6221,-3.2061,-4.8092,-3.0611,0,1,0
-0.6951,-0.314,0.6379,-7.0534,-5.6031,-2.0458,0,1,0
-0.6992,-0.3137,0.6521,-10.2214,-5.1298,-2.7481,0,1,0
-0.6846,-0.3345,0.6648,-13.3206,-4.6489,-3.9847,0,1,0
-0.6917,-0.3811,0.6555,-10.4427,-3.0763,-3.5267,0,1,0
-0.7,-0.3794,0.6704,-5.7099,-2.4198,-2.3359,0,1,0
-0.7029,-0.3386,0.6663,-4.0916,-1.4885,-1.5038,0,1,0
-0.6982,-0.3259,0.6592,-5.2366,-1.6412,-1.4122,0,1,0
-0.7007,-0.3245,0.657,-6.2137,-1.6947,-1.8702,0,1,0
-0.7031,-0.3252,0.6465,-6.4962,-2.2595,-2.8092,0,1,0
-0.7046,-0.3196,0.6365,-6.5725,-3.6031,-3.1908,0,1,0
-0.6973,-0.3289,0.6409,-6.626,-4.5878,-3.084,0,1,0
-0.6968,-0.3376,0.6426,-4.9084,-4.2901,-3.1832,0,0,0
-0.6941,-0.3428,0.6472,-1.9542,-4.5344,-2.9618,0,0,0
-0.6938,-0.3459,0.636,0.374,-4.7557,-1.229,0,0,0
-0.7058,-0.3154,0.6323,0.2977,-6.0916,-1.7176,0,0,0
-0.6941,-0.3315,0.6279,0.4275,-7.6718,-2.1908,0,0,0
-0.6926,-0.334,0.6392,0.9008,-8.0305,-2.5725,0,0,0
-0.6763,-0.3501,0.6648,0.8397,-7.2137,-1.4198,0,0,0
-0.6816,-0.3423,0.676,1.6412,-5.3511,-0.855,0,0,0
-0.6882,-0.3257,0.6687,0.7176,-3.6489,-1.7634,0,0,0
-0.6895,-0.3337,0.6787,-1.0611,-2.5344,-2.9313,0,0,0
-0.6895,-0.3445,0.679,-2.0,-1.6107,-3.6412,0,0,0
-0.6912,-0.3562,0.6868,-1.7863,-1.8702,-2.9618,0,0,0
-0.6882,-0.3474,0.6931,-1.8168,-1.1832,-2.8626,0,0,0
-0.6836,-0.354,0.6858,-1.7099,-0.6641,-1.5954,0,0,0
-0.6853,-0.3464,0.6792,-1.7328,-0.313,-0.626,0,0,0
-0.6763,-0.3438,0.6721,-0.9924,-0.0076,0.0,0,0,0
-0.6838,-0.3376,0.6553,-0.4275,1.0763,-0.1221,0,0,0
-0.688,-0.3223,0.6519,-0.8473,1.1374,-1.084,0,0,0
-0.6873,-0.3252,0.6602,-1.916,1.4427,-1.0153,0,0,0
-0.6924,-0.3467,0.6594,-1.2977,2.1832,-0.6412,0,0,0
-0.6919,-0.3457,0.6504,0.4962,2.5878,-0.2595,0,0,0
-0.6953,-0.3213,0.6365,1.229,1.3588,-0.084,0,0,0
-0.7026,-0.3086,0.6399,-0.5191,-0.2901,-0.8321,0,0,0
-0.7012,-0.3325,0.6482,-1.0534,-2.0,-0.6718,0,0,0
-0.6909,-0.3281,0.6599,-1.8702,-2.5725,-0.458,0,0,0
-0.6821,-0.3604,0.676,-0.5115,-1.8626,0.8015,0,0,0
-0.689,-0.3584,0.6685,2.8473,-1.6489,1.229,0,0,0
-0.6963,-0.335,0.6611,3.8473,-2.0458,1.0534,0,0,0
-0.688,-0.3162,0.6584,2.1221,-2.5725,0.145,0,0,0
-0.687,-0.301,0.6707,-2.2748,-2.8626,-1.3359,0,0,0
-0.6829,-0.3264,0.6812,-5.5878,-1.7328,-2.0763,0,1,0
-0.6831,-0.3357,0.6826,-7.4122,-1.0534,-2.6107,0,1,0
-0.6824,-0.3418,0.6831,-7.5725,-0.4885,-3.1374,0,1,0
-0.686,-0.3494,0.6719,-7.7252,-0.3969,-2.7939,0,1,0
-0.6938,-0.3564,0.6653,-6.1298,-0.4122,-2.1298,0,1,0
-0.6885,-0.3467,0.6599,-5.229,-0.4885,-1.5267,0,1,0
-0.6743,-0.3423,0.667,-4.3435,0.6565,-1.0153,0,1,0
-0.6868,-0.3508,0.656,-2.6336,2.5496,-0.0458,0,1,0
-0.6877,-0.3347,0.6394,-1.0763,2.7023,-0.5496,0,1,0
-0.6956,-0.3237,0.6318,-0.3969,1.6031,-1.2824,0,1,0
-0.6907,-0.3345,0.6392,-0.3893,0.0687,-0.9695,0,1,0
-0.6973,-0.3215,0.636,-0.687,-1.313,-1.1145,0,0,0
-0.6938,-0.3289,0.6416,-1.1069,-3.3206,-1.4122,0,0,0
-0.6848,-0.3352,0.6548,-1.1679,-3.6031,-1.3969,0,0,0
-0.687,-0.3374,0.6548,-0.6565,-3.3588,-1.6947,0,0,0
-0.6848,-0.3181,0.656,-1.6107,-3.2137,-2.6947,0,0,0
-0.6943,-0.3269,0.6538,-3.4733,-3.1069,-3.8779,0,0,0
-0.6929,-0.3542,0.6624,-3.9389,-3.7252,-3.9084,0,0,0
-0.6992,-0.3748,0.6553,-2.2595,-5.145,-2.5954,0,0,0
-0.6738,-0.3555,0.677,0.9771,-6.7328,-2.1145,0,0,0
-0.6924,-0.3403,0.6653,2.1374,-6.6031,-2.5267,0,0,0
-0.6826,-0.3293,0.6746,0.6183,-6.1069,-3.2519,0,0,0
-0.6709,-0.3083,0.678,-0.9771,-5.6794,-3.9542,0,0,0
-0.6763,-0.3044,0.6641,-4.687,-5.4122,-5.3511,0,0,0
-0.6785,-0.3105,0.6626,-7.5573,-5.5878,-6.3053,0,0,0
-0.6919,-0.3284,0.6514,-9.3817,-7.1603,-7.8702,0,0,0
-0.6973,-0.356,0.6526,-8.4427,-8.8168,-8.916,0,0,0
-0.6809,-0.3672,0.6689,-5.7405,-8.9237,-8.1679,0,0,0
-0.6753,-0.3708,0.6665,-1.3893,-9.2901,-8.3053,0,0,0
-0.6836,-0.353,0.6584,2.3664,-10.3435,-8.0916,0,0,0
-0.679,-0.3411,0.6523,4.2748,-10.9924,-9.3969,0,0,0
-0.6868,-0.3494,0.6375,4.3893,-13.8397,-8.4656,0,0,0
-0.6763,-0.3591,0.6355,4.7099,-17.0992,-6.2137,0,0,0
-0.6714,-0.3354,0.644,5.7252,-19.3359,-6.9771,0,0,0
-0.6763,-0.325,0.6521,5.1069,-21.0458,-10.3969,0,0,0
-0.6792,-0.3281,0.6619,5.0916,-23.8855,-13.9695,0,0,0
-0.6533,-0.3679,0.677,7.7634,-25.2901,-15.8779,0,0,0
-0.6326,-0.3875,0.7053,11.3206,-23.5267,-15.4504,0,0,0
-0.5967,-0.3584,0.7412,12.2824,-18.916,-12.1221,0,0,0
-0.6321,-0.3521,0.7297,12.2595,-14.2519,-9.5725,0,0,0
-0.6218,-0.3293,0.7263,8.4885,-11.1908,-8.1603,0,0,0
-0.6267,-0.3613,0.7275,7.5496,-9.7405,-8.084,0,0,0
-0.6384,-0.3696,0.7168,9.7786,-9.458,-8.8702,0,0,0
-0.6362,-0.3474,0.7322,11.1298,-9.3664,-9.5496,0,0,0
-0.6233,-0.3596,0.7339,9.2824,-7.2366,-8.7252,0,0,0
-0.6238,-0.3518,0.7361,8.5496,-5.374,-6.7405,0,0,0
-0.6345,-0.3406,0.729,6.626,-3.313,-6.6107,0,0,0
-0.6318,-0.3345,0.7139,4.7099,-3.6412,-6.687,0,0,0
-0.6306,-0.3557,0.7024,4.2748,-4.8015,-6.3588,0,0,0
-0.6375,-0.3521,0.707,5.5115,-6.0458,-7.1832,0,0,0
-0.6292,-0.3613,0.6968,8.4427,-7.145,-8.9237,0,0,0
-0.6299,-0.345,0.707,10.9542,-7.9313,-9.6412,0,0,0
-0.6323,-0.325,0.7095,10.5115,-8.8168,-8.0305,0,0,0
-0.6323,-0.3167,0.7102,7.2672,-10.7939,-6.6183,0,0,0
-0.6199,-0.3145,0.709,2.2977,-12.5649,-4.8626,0,0,0
-0.6057,-0.3257,0.6992,-2.1756,-12.4046,-3.5038,0,0,0
-0.6367,-0.3635,0.6931,-5.6183,-14.2519,-0.7634,0,0,0
-0.6282,-0.3708,0.6995,-6.2366,-16.1679,0.8321,0,0,0
-0.6211,-0.3704,0.7151,-4.3282,-17.4885,0.8702,0,0,0
-0.5979,-0.3718,0.7419,-2.2443,-16.7176,-0.2366,0,0,0
-0.5945,-0.364,0.7666,-1.0458,-13.5267,-0.458,0,0,0
-0.5913,-0.3638,0.7781,-1.0611,-8.542,0.7252,0,0,0
-0.5903,-0.3474,0.7883,-2.9771,-4.3817,0.229,0,0,0
-0.6072,-0.3584,0.7715,-5.0076,-2.0153,0.2366,0,0,0
-0.6038,-0.3523,0.7339,-6.1908,-2.3435,0.9924,0,0,0
-0.606,-0.373,0.7456,-5.8015,-2.9313,1.6336,0,0,0
-0.6079,-0.3489,0.7529,-5.8855,-3.2901,2.1069,0,0,0
-0.6008,-0.3474,0.7598,-5.5649,-2.3435,1.5267,0,0,0
-0.6016,-0.3269,0.73,-7.4122,-2.6336,2.9542,0,0,0
-0.5928,-0.3406,0.7363,-11.855,-2.7176,5.4656,0,0,0
-0.582,-0.3501,0.7751,-14.3053,0.2366,6.8015,0,0,0
-0.5952,-0.3459,0.7827,-15.3817,2.9389,5.626,0,0,0
-0.5752,-0.3342,0.802,-13.0229,7.1985,3.3817,0,0,0
-0.6016,-0.3376,0.77,-11.2519,10.1069,0.3053,0,0,0
-0.5964,-0.3196,0.7231,-13.7863,10.7557,1.4122,0,0,0
-0.6194,-0.3411,0.7039,-19.1298,7.7557,2.771,0,0,0
-0.6428,-0.3499,0.7263,-22.4122,3.3817,3.1527,0,0,0
-0.6277,-0.4023,0.7551,-19.4275,2.3511,3.0229,0,0,0
-0.5925,-0.3105,0.7437,-5.6183,4.5954,2.6183,0,0,0
-0.5979,-0.3242,0.74,-3.4198,8.229,-1.3435,0,0,0
-0.5977,-0.3337,0.7229,-7.5115,12.0916,-1.7481,0,0,0
-0.5999,-0.3242,0.7476,-10.3206,16.0687,-2.0229,0,0,0
-0.6069,-0.3777,0.7495,-9.7328,21.3893,-4.374,0,0,0
-0.627,-0.3801,0.761,-4.8779,25.4427,-6.9618,0,0,0
-0.5957,-0.387,0.759,-0.3664,30.3511,-7.5573,0,0,0
-0.5969,-0.3875,0.7471,1.8244,34.3359,-5.4733,0,0,0
-0.6299,-0.3682,0.7432,4.0458,37.9237,-4.8015,0,0,0
-0.626,-0.3833,0.7476,7.3817,41.0763,-7.7939,0,0,0
-0.626,-0.3337,0.708,9.2672,40.8473,-7.458,0,0,0
-0.6431,-0.3628,0.6987,4.7405,41.2672,-6.0916,0,0,0
-0.6414,-0.3904,0.7107,2.916,41.9313,-3.3817,0,0,0
-0.6382,-0.3801,0.708,6.5344,45.6489,-5.8244,0,0,0
-0.6445,-0.3625,0.7036,10.6565,47.626,-8.5267,0,0,0
-0.6436,-0.3479,0.6946,13.0229,51.3664,-12.6107,0,0,0
-0.6565,-0.353,0.677,13.2824,52.9466,-11.5496,0,0,0
-0.6743,-0.3225,0.6045,5.916,47.6412,-0.9924,0,0,0
-0.7988,-0.4197,0.5403,-0.2824,36.0,6.3969,0,0,0
-0.7234,-0.386,0.5664,0.1985,23.9771,9.1985,0,0,0
-0.7192,-0.3726,0.5737,2.3511,20.6947,5.5573,0,0,0
-0.7344,-0.3499,0.5649,2.0229,17.2137,2.2061,0,0,0
-0.7173,-0.3606,0.5771,2.2977,14.855,-0.374,0,0,0
-0.6748,-0.3755,0.5889,2.9008,13.0458,-0.4885,0,0,0
-0.7161,-0.3708,0.5327,0.8244,7.8092,3.0534,0,0,0
-0.7175,-0.3948,0.5525,0.8702,4.145,5.7176,0,0,0
-0.7212,-0.3577,0.571,-0.1756,0.5191,7.3588,0,0,0
-0.7129,-0.353,0.5852,-0.7099,-1.5573,5.4427,0,0,0
-0.7124,-0.3457,0.6013,-0.5496,-3.626,1.9924,0,0,0
-0.7153,-0.3638,0.6072,-1.3435,-5.9313,0.6412,0,0,0
-0.7095,-0.356,0.6355,-1.7557,-7.1985,0.1603,0,0,0
-0.7058,-0.3689,0.6438,-0.4733,-7.9695,0.9847,0,0,0
-0.7029,-0.3601,0.657,-0.6794,-8.3359,1.771,0,0,0
-0.7068,-0.3555,0.6472,-0.229,-8.3893,3.1985,0,0,0
-0.6997,-0.3433,0.6636,-0.3282,-8.8931,2.8931,0,0,0
-0.688,-0.3389,0.6677,0.0229,-6.9618,3.0687,0,0,0
-0.6882,-0.3284,0.6565,0.771,-4.771,1.5954,0,0,0
-0.7021,-0.3201,0.6609,0.1756,-3.9542,-0.2595,0,0,0
-0.698,-0.333,0.6567,0.0229,-4.0,-0.1603,0,0,0
-0.7051,-0.3035,0.644,-1.1832,-3.7252,0.3969,0,0,0
-0.6978,-0.3252,0.6567,-2.7863,-3.916,-1.2061,0,0,0
-0.7021,-0.3276,0.647,-3.1603,-3.9237,-2.9084,0,0,0
-0.7009,-0.3496,0.6462,-1.8779,-4.8855,-3.7786,0,0,0
-0.6985,-0.3594,0.6387,-0.1985,-4.7099,-2.6183,0,0,0
-0.6973,-0.3623,0.6462,1.0992,-5.2901,-1.8702,0,0,0
-0.679,-0.354,0.6499,0.8168,-3.8168,-0.9847,0,0,0
-0.6799,-0.355,0.6675,-0.2977,-1.4733,-0.7634,0,0,0
-0.6882,-0.3408,0.6553,-1.1298,0.7634,-1.084,0,0,0
-0.6995,-0.3457,0.6462,-2.7099,1.0305,-1.2748,0,0,0
-0.7063,-0.3682,0.6262,-2.6641,0.7099,-0.5496,0,0,0
-0.7102,-0.3643,0.6416,-2.4733,-0.2977,-0.2214,0,0,0
-0.7039,-0.3486,0.6392,-1.6412,-2.084,-0.3206,0,0,0
-0.6982,-0.3413,0.6335,-2.7176,-4.1832,-0.9084,0,0,0
-0.6702,-0.3228,0.6531,-4.0,-4.1374,-2.2137,0,0,0
-0.6941,-0.3562,0.6125,-5.1145,-4.7481,-2.4504,0,0,0
-0.6931,-0.3533,0.6274,-2.8168,-4.8931,-3.2443,0,0,0
-0.6907,-0.3655,0.6318,-0.6336,-4.8855,-3.4275,0,0,0
-0.6934,-0.3567,0.6282,2.5191,-5.3664,-4.0382,0,0,0
-0.7068,-0.3398,0.6338,4.6107,-8.3206,-4.9008,0,0,0
-0.7063,-0.3181,0.6035,3.084,-11.6947,-5.5267,0,0,0
-0.7192,-0.3267,0.6316,0.8702,-15.1832,-6.626,0,0,0
-0.667,-0.3264,0.6455,-0.626,-18.1985,-7.5267,0,0,0
-0.6587,-0.3567,0.665,-0.0382,-16.4504,-8.3588,0,0,0
-0.6504,-0.3667,0.6882,0.9084,-10.3588,-6.771,0,0,0
-0.6643,-0.3616,0.6853,0.7252,-7.3588,-4.5878,0,0,0
-0.6826,-0.3635,0.6836,2.0992,-5.8855,-4.8015,0,0,0
-0.6921,-0.3816,0.6702,4.2595,-6.1985,-4.9618,0,0,0
-0.6809,-0.3486,0.677,4.5344,-6.7481,-5.229,0,0,0
-0.6892,-0.333,0.6641,1.7405,-7.2901,-5.4122,0,0,0
-0.6682,-0.344,0.6787,-1.2214,-5.626,-4.5725,0,0,0
-0.6777,-0.3467,0.665,-4.5191,-6.2595,-5.313,0,0,0
-0.6699,-0.3596,0.6736,-5.4962,-5.5649,-5.0992,0,0,0
-0.6721,-0.3921,0.6785,-4.3282,-5.084,-4.9924,0,0,0
-0.6616,-0.3958,0.6934,-0.8473,-3.4046,-3.9466,0,0,0
-0.6653,-0.374,0.686,2.1145,-1.3053,-3.0,0,0,0
-0.6667,-0.3635,0.679,3.2214,-0.9084,-2.4427,0,0,0
-0.6765,-0.3462,0.658,2.2672,-1.8244,-2.5115,0,0,0
-0.6768,-0.3438,0.655,0.5496,-3.5802,-2.3206,0,0,0
-0.6748,-0.3494,0.6567,-0.5267,-4.8702,-3.0458,0,0,0
-0.6704,-0.3464,0.6697,-0.9542,-6.4427,-3.1908,0,0,0
-0.6716,-0.3601,0.6636,-1.7557,-6.6107,-3.2824,0,0,0
-0.6816,-0.3691,0.6516,-0.9466,-6.2672,-2.313,0,0,0
-0.6631,-0.3682,0.6692,0.7099,-4.9618,-3.0534,0,0,0
-0.658,-0.3674,0.6729,1.6412,-4.2977,-3.2824,0,0,0
-0.6599,-0.3694,0.6733,2.687,-3.8168,-3.145,0,0,0
-0.6724,-0.363,0.6707,3.2443,-4.4504,-3.0305,0,0,0
-0.6689,-0.3579,0.6807,2.3969,-5.1679,-2.6718,0,0,0
-0.657,-0.3604,0.6855,0.4656,-5.1298,-1.3511,0,0,0
-0.6589,-0.3562,0.6846,-1.4198,-5.1908,-0.2214,0,0,0
-0.655,-0.3528,0.6919,-3.1985,-4.4275,-0.2061,0,0,0
-0.658,-0.353,0.6997,-3.8321,-3.2672,-0.7328,0,0,0
-0.6636,-0.3662,0.6895,-4.1374,-2.458,-1.6412,0,0,0
-0.6497,-0.3755,0.7073,-2.9542,-1.5802,-1.0153,0,0,0
-0.657,-0.3652,0.6943,-1.1908,-0.1756,-1.1145,0,0,0
-0.6602,-0.3545,0.6792,-1.6107,-0.9695,-1.3893,0,0,0
-0.6609,-0.3667,0.6809,-2.0,-0.9542,-0.8779,0,0,0
-0.6616,-0.366,0.6758,-0.9695,-1.7328,-0.0153,0,0,0
-0.6565,-0.3452,0.6682,-1.1756,-2.1221,0.374,0,0,0
-0.6582,-0.3323,0.6689,-3.1374,-2.5878,-0.1603,0,0,0
-0.6567,-0.3333,0.6877,-5.6412,-1.9008,-1.2901,0,0,0
-0.6619,-0.3486,0.6731,-6.8244,-2.0687,-1.3282,0,0,0
-0.6677,-0.3596,0.6677,-5.9924,-3.313,-1.5267,0,0,0
-0.6606,-0.3789,0.6755,-3.0382,-4.8931,-1.1908,0,0,0
-0.657,-0.3813,0.6753,-0.3435,-5.145,-0.2977,0,0,0
-0.6501,-0.3552,0.6677,2.2748,-4.7252,0.3435,0,0,0
-0.6621,-0.3303,0.6667,1.9771,-4.2214,-0.4046,0,0,0
-0.6584,-0.3325,0.6609,-0.0916,-4.7252,-1.0534,0,0,0
-0.6558,-0.3357,0.6682,-2.7176,-5.2748,-1.3969,0,0,0
-0.6609,-0.3706,0.6797,-3.0382,-5.6336,-1.7557,0,0,0
-0.6624,-0.3718,0.6846,-1.6641,-6.8855,-1.1679,0,0,0
-0.6467,-0.376,0.6885,-1.2137,-7.3817,-1.0458,0,0,0
-0.6616,-0.3577,0.6941,0.458,-8.1832,-0.855,0,0,0
-0.6475,-0.3521,0.6995,-1.084,-6.6183,-1.2901,0,0,0
-0.6318,-0.3533,0.7034,-2.1603,-5.5344,-1.4046,0,0,0
-0.636,-0.3584,0.7078,-1.8473,-3.6718,-2.7863,0,0,0
-0.6472,-0.353,0.7004,-1.7634,-2.9618,-2.2748,0,0,0
-0.6563,-0.3665,0.6826,-2.9313,-3.7252,-2.1145,0,0,0
-0.6604,-0.3611,0.6926,-3.145,-6.2748,-1.2595,0,0,0
-0.6357,-0.3726,0.7104,-3.3588,-5.1908,-1.5038,0,0,0
-0.6265,-0.3818,0.7246,-0.1527,-2.6412,-0.4275,0,0,0
-0.637,-0.3521,0.7156,1.9695,0.3359,-0.8702,0,0,0
-0.6555,-0.3491,0.7036,0.9542,0.1985,-0.771,0,0,0
-0.655,-0.3311,0.6887,-1.916,-1.1832,-0.8931,0,0,0
-0.6567,-0.3513,0.6841,-2.9237,-2.7023,-1.9695,0,0,0
-0.6492,-0.3623,0.6851,-1.9084,-3.9847,-2.8092,0,0,0
-0.6431,-0.3616,0.6904,-1.5954,-3.7557,-2.458,0,0,0
-0.6296,-0.3652,0.6958,-1.7634,-2.1679,-1.9237,0,0,0
-0.6328,-0.3735,0.7085,-1.3511,0.229,-1.0,0,0,0
-0.6392,-0.3672,0.6995,0.4275,2.374,-1.4504,0,0,0
-0.6606,-0.3672,0.6826,1.2137,1.1527,-0.9847,0,0,0
-0.6558,-0.3542,0.6819,0.458,-1.0992,-0.0153,0,0,0
-0.6536,-0.3528,0.6807,-0.7023,-3.1221,0.1221,0,0,0
-0.6531,-0.3462,0.688,-2.7252,-4.1298,-0.0076,0,0,0
-0.6401,-0.3557,0.6926,-5.6183,-4.2901,-0.8092,0,0,0
-0.6497,-0.3713,0.6858,-6.0153,-4.2519,-1.3053,0,0,0
-0.6438,-0.3706,0.6907,-4.3588,-4.771,-1.5344,0,0,0
-0.6245,-0.3792,0.6956,-4.2977,-3.687,-1.4733,0,0,0
-0.6248,-0.3809,0.7146,-1.4809,-1.7099,-1.5191,0,0,0
-0.6414,-0.3716,0.7102,0.4885,0.687,-1.0916,0,0,0
-0.6479,-0.3545,0.7007,0.6412,0.5878,-0.7023,0,0,0
-0.6433,-0.3601,0.6987,-0.3053,-0.1298,0.3282,0,0,0
-0.644,-0.3511,0.7019,-0.9771,-0.855,0.145,0,0,0
-0.6406,-0.3455,0.7009,-1.4046,-0.8702,-0.229,0,0,0
-0.6409,-0.354,0.7034,-1.5267,0.1679,-1.0458,0,0,0
-0.6377,-0.3455,0.7043,-2.2977,0.7405,-1.9466,0,0,0
-0.6418,-0.3694,0.7036,-2.4962,1.6489,-1.5725,0,0,0
-0.6423,-0.3699,0.6946,-1.0229,2.6947,-0.9008,0,0,0
-0.6431,-0.3665,0.6953,-0.3817,2.4046,-0.3817,0,0,0
-0.6519,-0.3499,0.6858,-1.313,1.4275,0.1832,0,0,0
-0.6458,-0.3594,0.6931,-1.8779,0.0763,0.3282,0,0,0
-0.6453,-0.3625,0.697,-1.1832,-0.5802,-0.3817,0,0,0
-0.647,-0.3577,0.7061,-1.2366,-0.4809,-1.0763,0,0,0
-0.6367,-0.3542,0.7029,-1.8626,-0.5725,-1.4275,0,0,0
-0.6421,-0.3674,0.7073,-2.8626,0.1679,-1.4656,0,0,0
-0.6399,-0.3804,0.6995,-1.7863,1.0305,-0.6412,0,0,0
-0.6443,-0.373,0.6953,-0.9389,1.6489,-0.8473,0,0,0
-0.6479,-0.363,0.6887,-0.3893,1.4504,-0.8015,0,0,0
-0.6553,-0.366,0.6902,0.0534,0.7252,-0.4733,0,0,0
-0.6492,-0.3528,0.6934,-0.6794,-0.2672,-0.8473,0,0,0
-0.6504,-0.3596,0.6802,-1.6794,-1.5038,-1.2748,0,0,0
-0.6509,-0.3591,0.6846,-2.458,-2.626,-1.3053,0,0,0
-0.6414,-0.3538,0.6885,-3.2824,-2.4809,-0.4198,0,0,0
-0.6431,-0.3718,0.6951,-3.9084,-2.458,-0.5038,0,0,0
-0.6321,-0.3718,0.7041,-3.8168,-0.7939,-0.4504,0,0,0
-0.6453,-0.3362,0.6973,-3.7481,0.458,-0.4962,0,0,0
-0.657,-0.3591,0.6919,-4.1374,-0.5802,-1.2901,0,0,0
-0.6506,-0.366,0.6917,-3.4733,-2.313,-1.2366,0,0,0
-0.6572,-0.3638,0.6904,-2.4046,-3.7863,-1.6412,0,0,0
-0.6499,-0.3547,0.6924,-3.5649,-6.3664,-1.687,0,0,0
-0.6348,-0.3384,0.6931,-5.3206,-6.0992,-1.7634,0,0,0
-0.623,-0.373,0.7075,-7.8244,-4.2824,-0.6489,0,0,0
-0.6216,-0.3896,0.7188,-8.2824,-1.458,0.0153,0,0,0
-0.6362,-0.364,0.7073,-5.9084,1.229,-1.145,0,0,0
-0.6401,-0.387,0.6929,-3.6107,1.8168,-0.7634,0,0,0
-0.6479,-0.3835,0.6909,-0.4504,1.2519,0.0611,0,0,0
-0.6453,-0.3647,0.6836,0.6794,0.2519,0.2519,0,0,0
-0.6523,-0.3586,0.677,0.0382,-1.2137,0.6031,0,0,0
-0.6479,-0.3486,0.6772,-0.855,-2.3206,-0.2366,0,0,0
-0.6494,-0.3628,0.6787,-2.0,-4.5496,-0.5191,0,0,0
-0.6292,-0.3555,0.6975,-1.916,-4.1679,-0.6031,0,0,0
-0.6345,-0.3643,0.7034,-3.145,-3.145,-0.5038,0,0,0
-0.6204,-0.3713,0.7212,-3.4351,-0.4122,-0.1908,0,0,0
-0.6152,-0.3821,0.7288,-2.229,2.3435,-0.1603,0,0,0
-0.6399,-0.3806,0.7219,-0.4275,4.374,0.2977,0,0,0
-0.6436,-0.366,0.7068,0.8092,4.6107,0.9466,0,0,0
-0.6584,-0.3496,0.688,0.084,3.4351,0.771,0,0,0
-0.6565,-0.3462,0.6802,-1.6718,0.7634,0.1985,0,0,0
-0.6516,-0.3469,0.6836,-2.3664,-0.3893,-1.0153,0,0,0
-0.6411,-0.355,0.6758,-1.9389,-1.2901,-1.8015,0,0,0
-0.6345,-0.3586,0.6794,-1.7634,-0.229,-1.4122,0,0,0
-0.6343,-0.363,0.6882,-1.5802,0.771,-0.5038,0,0,0
-0.6448,-0.3638,0.6787,-0.9237,1.0687,-0.5802,0,0,0
-0.6418,-0.3711,0.6736,-1.1069,0.6565,-0.8855,0,0,0
-0.6499,-0.3733,0.6804,-0.4275,-0.4351,-0.6641,0,0,0
-0.6514,-0.3672,0.6873,0.4885,-2.0,-0.7634,0,0,0
-0.6426,-0.3569,0.6931,-0.5267,-2.9466,-0.313,0,0,0
-0.6482,-0.3708,0.6987,-2.3282,-3.0305,-0.9084,0,0,0
-0.644,-0.3638,0.6968,-3.2519,-3.3206,-0.7328,0,0,0
-0.6418,-0.3704,0.71,-4.1756,-3.4427,-0.7939,0,0,0
-0.6321,-0.3757,0.7222,-4.4504,-2.7634,-0.3359,0,0,0
-0.634,-0.3384,0.7097,-6.2824,-0.9466,-0.084,0,0,0
-0.6338,-0.3892,0.7192,-7.0382,0.9695,0.4122,0,0,0
-0.6338,-0.3865,0.7085,-3.1985,2.2366,0.5802,0,0,0
-0.6558,-0.3547,0.6816,-1.626,1.0076,0.7328,0,0,0
-0.6475,-0.3604,0.6843,-3.4733,-0.6947,1.1221,0,0,0
-0.6416,-0.3579,0.6899,-4.0153,-1.1069,1.8702,0,0,0
-0.6377,-0.3594,0.6992,-3.229,-0.3206,1.5038,0,0,0
-0.6353,-0.3538,0.7019,-3.3359,0.6947,1.5496,0,0,0
-0.645,-0.3586,0.6931,-3.9084,0.9847,0.9771,0,0,0
-0.6396,-0.3682,0.7012,-2.8779,1.1603,0.9466,0,0,0
-0.6423,-0.3745,0.6995,-2.1679,1.2519,1.8931,0,0,0
-0.6416,-0.3689,0.697,-2.2214,1.3359,1.9847,0,0,0
-0.6489,-0.364,0.6929,-2.1221,1.0153,1.9847,0,0,0
-0.644,-0.3652,0.6941,-2.0,0.8244,1.5496,0,0,0
-0.6545,-0.3694,0.6895,-1.1832,-0.2366,1.5725,0,0,0
-0.6423,-0.3667,0.6929,-0.6183,0.8779,0.5725,0,0,0
-0.6384,-0.3682,0.6807,0.6718,1.3588,-0.2519,0,0,0
-0.6279,-0.3711,0.6807,1.8626,3.1985,-1.0763,0,0,0
-0.6396,-0.3674,0.6812,4.2824,4.3359,-0.9924,0,0,0
-0.6616,-0.3489,0.679,3.3969,3.5954,-1.2137,0,0,0
-0.6558,-0.3491,0.6721,1.3053,1.2672,-1.4885,0,0,0
-0.6584,-0.3484,0.6746,-0.0229,-0.6641,-2.5115,0,0,0
-0.6472,-0.3525,0.6882,-1.4504,-1.3893,-3.2977,0,0,0
-0.644,-0.3672,0.6938,-1.8168,-2.0687,-3.1527,1,0,0
-0.6455,-0.3777,0.6968,-1.3511,-1.4122,-1.8321,1,0,0
-0.6484,-0.3794,0.697,0.5649,-1.2824,0.0076,1,0,0
-0.6487,-0.3677,0.6997,1.4427,-1.3435,0.2595,1,0,0
-0.6445,-0.3557,0.698,2.1985,-1.1374,-0.1069,1,0,0
-0.6433,-0.3308,0.6956,0.4046,-1.3588,-0.855,1,0,0
-0.6387,-0.3535,0.7041,-1.2366,-0.9847,-1.2443,1,0,0
-0.6467,-0.342,0.7056,-2.3282,-1.3282,-1.0687,1,0,0
-0.6431,-0.3491,0.7053,-3.8931,-1.2137,-1.9313,1,0,0
-0.6365,-0.3374,0.7139,-5.3817,-0.2443,-2.7252,1,0,0
-0.6375,-0.3586,0.709,-5.9847,1.7099,-4.1298,1,0,0
-0.6414,-0.376,0.7024,-4.5878,2.1756,-4.0,1,0,0
-0.6348,-0.3818,0.7012,-3.5649,3.6947,-3.5802,1,0,0
-0.6426,-0.3774,0.6858,-2.313,4.0229,-2.2595,1,0,0
-0.655,-0.3547,0.679,-2.5725,3.1908,-2.6947,1,0,0
-0.6548,-0.3689,0.6746,-2.8931,1.5573,-2.145,1,0,0
-0.6567,-0.3633,0.6785,-3.1603,0.0305,-2.4733,1,0,0
-0.6499,-0.3682,0.675,-3.2672,-1.084,-2.9695,1,0,0
-0.6387,-0.3713,0.6914,-2.8779,-0.4046,-2.6718,1,0,0
-0.6355,-0.3679,0.6926,-2.6947,1.8244,-3.9618,1,0,0
-0.6426,-0.3645,0.6917,-2.7023,3.229,-5.5191,0,0,0
-0.6416,-0.3711,0.6865,-2.9924,3.6031,-6.0153,0,0,0
-0.6528,-0.3918,0.6731,-2.5191,3.9618,-5.2137,0,0,0
-0.6523,-0.3772,0.6741,-2.2901,1.8702,-3.542,0,0,0
-0.6499,-0.3589,0.6836,-3.3588,1.5038,-2.4046,0,0,0
-0.6445,-0.3608,0.6873,-5.3511,0.7939,-2.7099,0,0,0
-0.6448,-0.3755,0.6895,-5.4275,1.0992,-3.0229,0,0,0
-0.6331,-0.3796,0.707,-4.1832,2.5496,-3.0611,0,0,0
-0.6467,-0.377,0.698,-2.3664,3.374,-2.1679,0,0,0
-0.6479,-0.3604,0.6899,-3.0916,3.2366,-1.5496,0,0,0
-0.6665,-0.3567,0.678,-3.5115,1.0916,-2.4046,0,0,0
-0.6624,-0.3599,0.686,-4.1908,-0.6031,-3.5344,0,0,0
-0.6484,-0.384,0.6875,-3.7481,-1.1603,-2.916,0,0,0
-0.6426,-0.395,0.689,-2.5878,-1.0153,-1.229,0,0,0
-0.6379,-0.3767,0.6921,-0.7328,-0.4046,0.9771,0,0,0
-0.6443,-0.366,0.6797,0.2061,0.6412,0.374,0,0,0
-0.6443,-0.3765,0.6719,-0.0687,0.1832,1.0382,0,0,0
-0.6509,-0.3613,0.6797,-1.1832,0.4351,0.5191,0,0,0
-0.656,-0.3589,0.6826,-1.5725,-0.5573,-0.3817,0,0,0
-0.6492,-0.3716,0.6882,-2.4656,-1.1221,-1.1145,0,0,0
-0.6421,-0.3833,0.6902,-3.0916,-0.8092,-1.1985,0,0,0
-0.6409,-0.3857,0.6914,-2.6107,0.084,-1.6641,0,0,0
-0.6472,-0.3796,0.6936,-1.6794,0.4275,-1.2519,0,0,0
-0.6489,-0.376,0.6816,-1.5573,-0.0305,-0.5267,0,0,0
-0.6538,-0.377,0.6831,-1.9542,-1.0458,-0.4427,0,0,0
-0.6489,-0.3784,0.6768,-0.9008,-1.5191,-0.6794,0,0,0
-0.6333,-0.3604,0.6848,-1.4122,-0.9771,0.0153,0,0,0
-0.6362,-0.375,0.6851,-2.687,0.4809,-0.4656,0,0,0
-0.6423,-0.3674,0.6831,-1.4275,1.0458,-0.7557,0,0,0
-0.6558,-0.3606,0.6719,-2.0916,0.7481,-2.1221,0,0,0
-0.6555,-0.3596,0.6763,-3.0153,-0.7023,-2.5878,0,0,0
-0.6538,-0.3689,0.678,-3.3511,-1.6412,-2.8931,0,0,0
-0.6489,-0.3584,0.6851,-4.6183,-1.229,-3.5725,0,0,0
-0.6467,-0.377,0.6875,-4.9771,-1.2748,-4.3969,0,0,0
-0.6453,-0.3542,0.6797,-6.1603,-0.8168,-5.8473,0,0,0
-0.6458,-0.3396,0.686,-10.6031,-1.3435,-5.5725,0,0,0
-0.644,-0.3867,0.6826,-13.542,-2.2748,-1.145,0,0,0
-0.6511,-0.395,0.6877,-16.2748,-3.626,1.771,0,0,0
-0.6594,-0.3992,0.6794,-17.9695,-4.8321,3.3053,0,0,0
-0.6665,-0.3867,0.6614,-19.1985,-6.9695,5.3511,0,0,0
-0.6687,-0.3923,0.6572,-21.8168,-10.7481,7.3969,0,0,0
-0.6545,-0.3669,0.6484,-27.3588,-13.2977,9.5802,0,0,0
-0.6653,-0.3884,0.6489,-35.145,-17.1985,13.2977,0,0,0
-0.689,-0.3782,0.6404,-40.7786,-20.9008,16.8015,0,0,0
-0.6265,-0.4148,0.658,-51.5954,-21.6336,20.5573,0,0,0
-0.6257,-0.4236,0.6704,-56.3817,-21.3664,24.9008,0,0,0
-0.6135,-0.4263,0.6719,-63.7099,-20.8092,31.6641,0,0,0
-0.6333,-0.4282,0.6692,-70.4275,-20.4962,37.3969,0,0,0
-0.6179,-0.4324,0.6914,-76.2519,-18.084,39.0305,0,0,0
-0.658,-0.4448,0.6809,-78.0611,-17.7023,38.5802,0,0,0
-0.657,-0.4705,0.6914,-76.2748,-15.6947,35.7252,0,0,0
-0.6147,-0.5476,0.7126,-66.7634,-7.0153,32.1221,0,0,0
-0.6428,-0.4412,0.677,-68.4962,-11.3206,28.5649,0,0,0
-0.6528,-0.4717,0.668,-62.4656,-9.5038,26.916,0,0,0
-0.636,-0.439,0.6677,-59.6794,-8.3817,24.458,0,0,0
-0.6433,-0.4336,0.6484,-55.313,-7.3588,21.2061,0,0,0
-0.6299,-0.4231,0.6475,-51.7634,-6.4427,18.3511,0,0,0
-0.6523,-0.4639,0.6265,-45.5573,-6.0916,17.0763,0,0,0
-0.6379,-0.4546,0.6399,-39.6641,-6.7786,18.7557,0,0,0
-0.6597,-0.426,0.6201,-33.9924,-4.7176,17.4656,0,0,0
-0.6655,-0.4229,0.6035,-29.2977,-7.1603,14.4809,0,0,0
-0.6731,-0.4338,0.5999,-25.1374,-9.7023,10.2519,0,0,0
-0.6472,-0.4258,0.6101,-20.5725,-11.229,7.4275,0,0,0
-0.6294,-0.4387,0.6296,-15.3969,-10.5725,5.7252,0,0,0
-0.6553,-0.4519,0.6021,-10.5878,-9.2366,4.6641,0,0,0
-0.658,-0.4602,0.6074,-5.2137,-9.6641,2.542,0,0,0
-0.6475,-0.4292,0.6038,-1.5878,-10.2061,0.3206,0,0,0
-0.6587,-0.4285,0.6006,-1.0687,-10.5191,-1.9695,0,0,0
-0.6577,-0.4307,0.6018,-1.3435,-12.542,-3.5573,0,0,0
-0.6582,-0.4351,0.6001,-1.8168,-14.9847,-4.3053,0,0,0
-0.6587,-0.4485,0.5981,-2.6489,-17.6489,-5.313,0,0,0
-0.6653,-0.4646,0.5864,-2.6947,-21.1603,-5.1908,0,0,0
-0.655,-0.4626,0.5886,-1.5878,-25.2977,-6.0,0,0,0
-0.6421,-0.4592,0.593,-0.2824,-28.1527,-8.2672,0,0,0
-0.657,-0.457,0.592,1.1298,-30.687,-11.4427,0,0,0
-0.6426,-0.4507,0.5859,2.7557,-32.7786,-13.916,0,0,0
-0.624,-0.457,0.5964,3.4046,-33.5573,-17.9542,0,0,0
-0.6326,-0.4377,0.5979,3.9618,-37.3511,-21.0382,0,0,0
-0.5884,-0.4172,0.6213,4.2595,-38.6718,-23.6489,0,0,0
-0.5823,-0.4155,0.6406,7.1603,-39.7786,-27.3359,0,0,0
-0.6062,-0.4585,0.6343,10.6565,-40.8931,-28.1985,0,0,0
-0.6006,-0.4631,0.6558,13.4427,-41.2977,-26.3969,0,0,0
-0.5564,-0.4719,0.6885,16.4198,-38.2214,-25.2214,0,0,0
-0.5532,-0.4343,0.7148,21.0458,-34.7023,-24.4809,0,0,0
-0.5667,-0.4258,0.7151,24.7557,-31.313,-24.771,0,0,0
-0.5374,-0.4189,0.7412,27.0229,-29.3817,-26.4275,0,0,0
-0.5313,-0.4185,0.7461,27.7023,-25.4275,-28.2672,0,0,0
-0.5286,-0.3967,0.7644,26.9084,-22.5496,-29.2748,0,0,0
-0.5244,-0.3806,0.7861,24.0611,-19.4656,-30.2137,0,0,0
-0.5171,-0.3779,0.7954,20.5114,-16.5267,-31.0916,0,0,0
-0.5078,-0.3904,0.7935,18.9924,-13.8931,-32.2061,0,0,0
-0.52,-0.3845,0.7632,16.6336,-13.3817,-32.8092,0,0,0
-0.5129,-0.376,0.7473,11.3588,-11.6565,-33.2672,0,0,0
-0.5146,-0.3906,0.7466,7.0305,-12.1145,-32.5115,0,0,0
-0.4998,-0.4309,0.7639,5.7252,-8.8244,-30.916,0,0,0
-0.4807,-0.4287,0.7637,5.9847,-4.855,-29.313,0,0,0
-0.4937,-0.4263,0.7681,4.0687,-1.4427,-28.9237,0,0,0
-0.48,-0.4194,0.7607,-0.4656,3.4733,-29.9542,0,0,0
-0.4866,-0.4294,0.7483,-5.4427,7.7557,-30.7176,0,0,0
-0.4817,-0.4307,0.7268,-11.3969,11.687,-31.1221,0,0,0
-0.4995,-0.4385,0.7024,-17.2672,13.3588,-32.0382,0,0,0
-0.5093,-0.4619,0.6941,-23.1069,11.2137,-32.4427,0,0,0
-0.4978,-0.4702,0.6807,-29.2214,9.7634,-30.1069,0,0,0
-0.481,-0.4958,0.6956,-34.8702,6.9313,-29.0382,0,0,0
-0.5188,-0.5273,0.6917,-38.3053,4.5802,-26.8244,0,0,0
-0.5002,-0.5208,0.7036,-39.9084,1.229,-25.8855,0,0,0
-0.4915,-0.5354,0.6887,-41.7176,-1.7023,-25.7405,0,0,0
-0.4854,-0.5613,0.6851,-42.0305,-4.5191,-24.1298,0,0,0
-0.4827,-0.5845,0.6929,-40.9542,-5.2061,-22.7481,0,0,0
-0.4766,-0.5776,0.6895,-39.6336,-4.7786,-22.6947,0,0,0
-0.47,-0.5549,0.6853,-40.2672,-4.9389,-22.8626,0,0,0
-0.4626,-0.5313,0.6702,-45.7328,-5.1527,-23.458,0,0,0
-0.4851,-0.5344,0.6475,-55.9618,-5.9695,-22.6794,0,0,0
-0.4741,-0.531,0.6509,-67.8015,-7.1603,-22.2061,0,0,0
-0.4624,-0.5352,0.6387,-80.0458,-7.3359,-21.9618,0,0,0
-0.4497,-0.5737,0.6123,-92.5802,-4.1069,-22.7099,0,0,0
-0.4424,-0.5811,0.6194,-99.2977,-6.0916,-22.8168,0,0,0
-0.4468,-0.6206,0.6013,-103.8397,-5.374,-24.3511,0,0,0
-0.4487,-0.6919,0.6086,-102.6336,-5.2061,-24.3817,0,0,0
-0.4343,-0.7498,0.616,-95.8168,-5.5878,-23.1832,0,0,0
-0.4475,-0.7957,0.6206,-83.8168,-8.7786,-20.0382,0,0,0
-0.4358,-0.8025,0.6494,-71.0763,-9.4122,-19.626,0,0,0
-0.416,-0.8064,0.6489,-59.3664,-7.8168,-21.3053,0,0,0
-0.4146,-0.8115,0.6484,-48.7099,-7.6794,-22.4122,0,0,0
-0.4097,-0.8203,0.646,-39.6489,-6.2824,-22.4809,0,0,0
-0.415,-0.8372,0.6082,-32.4427,-4.7939,-20.1069,0,0,0
-0.3904,-0.8186,0.6321,-27.9466,-1.6412,-16.3282,0,0,0
-0.4116,-0.8293,0.614,-24.1603,2.1603,-13.2519,0,0,0
-0.3914,-0.7761,0.6228,-22.3511,4.6489,-11.9313,0,0,0
-0.4128,-0.7571,0.6033,-26.1603,7.1221,-10.626,0,0,0
-0.4287,-0.7239,0.5684,-31.2366,7.0305,-10.2748,0,0,0
-0.4438,-0.7263,0.5464,-37.7099,5.0534,-9.2061,0,0,0
-0.417,-0.7371,0.5605,-43.5573,4.7252,-9.084,0,0,0
-0.4141,-0.7224,0.5459,-48.2748,5.3282,-8.9847,0,0,0
-0.4155,-0.71,0.5383,-54.8092,5.9313,-9.3359,0,0,0
-0.429,-0.7163,0.52,-60.9618,5.8702,-9.3359,0,0,0
-0.4241,-0.7122,0.5083,-68.1603,5.8855,-10.1603,0,0,0
-0.4224,-0.7224,0.5076,-73.458,4.313,-10.7939,0,0,0
-0.4402,-0.7422,0.4963,-79.7481,1.9771,-11.8855,0,0,0
-0.4246,-0.7439,0.4841,-86.5573,4.3588,-13.7023,0,0,0
-0.4028,-0.7405,0.4749,-96.855,3.3206,-14.3664,0,0,0
-0.4155,-0.6489,0.457,-115.7176,3.313,-16.0611,0,0,0
-0.4202,-0.6372,0.4133,-145.458,-0.8855,-20.1145,0,0,0
-0.4722,-0.7173,0.3328,-177.8626,-0.916,-23.6718,0,0,0
-0.4221,-0.7715,0.416,-201.3053,-6.6565,-26.1145,0,0,0
-0.3494,-0.9263,0.3723,-213.4809,0.8244,-27.2443,0,0,0
-0.353,-0.9272,0.3503,-215.9389,2.7252,-24.855,0,0,0
-0.3735,-0.9753,0.3005,-217.1221,7.5115,-22.4733,0,0,0
-0.3333,-1.0161,0.2932,-213.9924,11.2366,-20.8855,0,0,0
-0.3516,-1.0095,0.2642,-205.1756,16.9466,-18.916,0,0,0
-0.3757,-1.0122,0.1924,-196.1832,19.2748,-15.458,0,0,0
-0.3804,-0.9939,0.1409,-184.6947,20.0687,-11.4275,0,0,0
-0.3779,-0.9612,0.0881,-177.0153,17.8626,-9.9924,0,0,0
-0.3855,-0.9458,0.0347,-170.5725,19.0458,-9.1679,0,0,0
-0.3728,-0.9329,0.0293,-162.8779,17.2214,-9.2824,0,0,0
-0.387,-0.8784,-0.0171,-157.7863,18.7328,-9.4351,0,0,0
-0.3728,-0.8716,-0.0564,-153.7405,17.3817,-11.1145,0,0,0
-0.3855,-0.7981,-0.1296,-157.9847,19.0382,-13.4046,0,0,0
-0.3672,-0.8789,-0.1543,-157.1069,18.6489,-14.9771,0,0,0
-0.3606,-0.9192,-0.166,-150.4733,18.8855,-15.771,0,0,0
-0.3889,-0.9148,-0.219,-136.6336,18.0229,-14.2061,0,0,0
-0.3132,-0.9558,-0.238,-121.1756,17.771,-17.8473,0,0,0
-0.3953,-1.0205,-0.2908,-105.1756,19.6412,-17.8702,0,0,0
-0.3706,-1.03,-0.3149,-89.4809,14.1527,-16.5344,0,0,0
-0.3379,-1.0288,-0.3157,-78.6031,10.7328,-16.084,0,0,0
-0.3286,-1.0115,-0.3276,-68.4046,10.4885,-11.771,0,0,0
-0.3374,-1.0176,-0.3406,-59.3282,9.6412,-8.9771,0,0,0
-0.3447,-1.0303,-0.3425,-51.0458,8.5191,-5.7863,0,0,0
-0.3359,-0.9758,-0.3442,-44.9237,7.4046,-2.9389,0,0,0
-0.3359,-0.9272,-0.3411,-44.7252,4.3206,0.5573,0,0,0
-0.3572,-0.9382,-0.3418,-46.2672,-0.1832,1.7786,0,0,0
-0.3669,-0.939,-0.3396,-46.0763,-5.3969,3.0534,0,0,0
-0.3535,-0.926,-0.3218,-43.2824,-8.8626,3.3588,0,0,0
-0.3313,-0.8652,-0.3274,-45.4046,-9.4733,4.5573,0,0,0
-0.3462,-0.8262,-0.3281,-53.0076,-9.0229,4.4427,0,0,0
-0.3674,-0.8298,-0.3091,-59.6336,-9.6031,5.3893,0,0,0
-0.3425,-0.8271,-0.2825,-60.9847,-7.0763,6.1221,0,0,0
-0.3411,-0.8503,-0.281,-55.2977,-2.626,5.9008,0,0,0
-0.354,-0.8528,-0.2722,-44.8473,0.5573,5.8321,0,0,0
-0.3484,-0.835,-0.2864,-34.084,3.5954,5.1603,0,0,0
-0.3625,-0.832,-0.3047,-24.0916,6.9466,4.0458,0,0,0
-0.2466,-0.7947,-0.2815,-15.7863,11.7786,-2.0305,0,0,0
-0.4722,-0.8406,-0.3489,-12.4275,10.0687,3.8702,0,0,0
-0.3687,-0.7903,-0.3489,-6.4275,13.3053,5.4809,0,0,0
-0.3486,-0.8296,-0.3579,0.8855,10.1527,5.2672,0,0,0
-0.3887,-0.7539,-0.3909,3.0458,11.1985,5.7405,0,0,0
-0.3877,-0.7429,-0.3916,-1.5344,8.8397,2.5649,0,0,0
-0.3804,-0.7463,-0.4009,-8.7405,6.4351,-0.3282,0,0,0
-0.3784,-0.7639,-0.3914,-14.2901,4.7405,-3.4275,0,0,0
-0.3701,-0.8174,-0.3972,-16.4122,2.7863,-6.4656,0,0,0
-0.3577,-0.8508,-0.4009,-16.0229,1.5878,-7.5802,0,0,0
-0.3601,-0.8672,-0.416,-13.0916,-0.2672,-6.2977,0,0,0
-0.3557,-0.8621,-0.4146,-9.8626,-1.9695,-3.8779,0,0,0
-0.3618,-0.8608,-0.4041,-8.7099,-3.0076,-1.2672,0,0,0
-0.3579,-0.8335,-0.4009,-7.916,-3.4504,-0.0076,0,0,0
-0.3447,-0.8281,-0.3835,-8.2366,-2.9313,-0.0687,0,0,0
-0.354,-0.8362,-0.3906,-8.9618,-2.1527,-1.7481,0,0,0
-0.3472,-0.854,-0.3926,-8.4198,-2.0534,-2.084,0,0,0
-0.3472,-0.8596,-0.3752,-6.9695,-1.9847,-1.4275,0,0,0
-0.3542,-0.8564,-0.394,-5.7939,-1.687,-1.458,0,0,0
-0.3572,-0.8589,-0.3865,-6.0153,-2.5191,-0.2519,0,0,0
-0.3569,-0.865,-0.3833,-4.7481,-3.6183,1.0305,0,0,0
-0.3828,-0.833,-0.4077,-4.8244,-4.6107,2.2214,0,0,0
-0.3303,-0.8586,-0.375,-5.4427,-5.3893,0.7405,0,0,0
-0.3428,-0.8772,-0.3716,-6.0763,-3.8473,1.2595,0,0,0
-0.3469,-0.8755,-0.3635,-7.4962,-2.3893,2.3817,0,0,0
-0.3579,-0.886,-0.3809,-7.0611,-2.9084,3.771,0,0,0
-0.3589,-0.8833,-0.3855,-4.7176,-3.6565,5.5115,0,0,0
-0.3472,-0.9109,-0.3831,1.2977,-3.145,7.8626,0,0,0
-0.3462,-0.9192,-0.3899,11.0687,-1.8397,9.9771,0,0,0
-0.3423,-0.9177,-0.3938,21.8931,1.4275,12.4504,0,0,0
-0.344,-0.8777,-0.3828,30.0534,3.7786,14.1985,0,0,0
-0.365,-0.8699,-0.3901,34.9237,4.2214,16.1069,0,0,0
-0.3784,-0.8357,-0.3948,38.1756,2.7252,16.9695,0,0,0
-0.3816,-0.8206,-0.3904,39.6031,1.8015,16.458,0,0,0
-0.3945,-0.7991,-0.3882,39.8779,-0.2137,15.084,0,0,0
-0.3931,-0.771,-0.3831,36.4962,-2.7099,11.9389,0,0,0
-0.4014,-0.7659,-0.3713,30.6794,-5.3969,9.1908,0,0,0
-0.3953,-0.7551,-0.3523,23.1679,-6.9695,6.8015,0,0,0
-0.3955,-0.7583,-0.3357,14.8244,-7.687,4.7252,0,0,0
-0.3931,-0.7693,-0.3208,7.7023,-8.084,3.0534,0,0,0
-0.4109,-0.7854,-0.3213,2.4198,-9.313,0.916,0,0,0
-0.394,-0.7937,-0.3081,-2.7863,-11.0687,-0.6641,0,0,0
-0.3977,-0.8152,-0.3074,-6.229,-11.8779,-1.9008,0,0,0
-0.3933,-0.8369,-0.2922,-7.1756,-12.313,-2.6336,0,0,0
-0.3823,-0.853,-0.2815,-5.8015,-11.4198,-2.084,0,0,0
-0.3899,-0.8535,-0.2793,-3.8931,-10.1679,-1.5191,0,0,0
-0.3835,-0.842,-0.2729,-4.3282,-9.1221,-1.8397,0,0,0
-0.3782,-0.8506,-0.2708,-5.0534,-7.084,-2.2824,0,0,0
-0.3777,-0.8621,-0.2732,-5.8626,-4.6489,-2.0,0,0,0
-0.3892,-0.8538,-0.2837,-6.4733,-3.3664,-1.542,0,0,0
-0.3796,-0.854,-0.2947,-6.5573,-1.7176,-1.0534,0,0,0
-0.3811,-0.8596,-0.2913,-5.6794,-0.7481,-0.9389,0,0,0
-0.3875,-0.8572,-0.3132,-3.771,-0.2748,-0.2137,0,0,0
-0.3918,-0.8582,-0.3203,-1.5496,0.0687,0.2824,0,0,0
-0.3894,-0.866,-0.3403,0.8779,-0.1298,0.3817,0,0,0
-0.3882,-0.856,-0.3376,2.4427,-0.5115,0.6107,0,0,0
-0.376,-0.8503,-0.3342,3.8931,1.4962,0.771,0,0,0
-0.3879,-0.8418,-0.3406,4.9618,2.4504,1.3893,0,0,0
-0.3967,-0.8374,-0.3447,6.2901,1.6947,1.3206,0,0,0
-0.4045,-0.8418,-0.3525,8.0305,0.2977,0.8626,0,0,0
-0.3958,-0.8369,-0.3496,10.3664,-0.855,0.3053,0,0,0
-0.3889,-0.8308,-0.323,11.4122,-0.6489,-0.1679,0,0,0
-0.3914,-0.8481,-0.3308,12.0076,-0.8626,-0.4198,0,0,0
-0.3916,-0.8518,-0.3196,12.9389,-1.1679,0.145,0,0,0
-0.3962,-0.8545,-0.3335,13.9313,-1.542,0.458,0,0,0
-0.3967,-0.8542,-0.3184,15.9237,-2.5649,0.855,0,0,0
-0.395,-0.8687,-0.3079,19.4885,-2.5115,1.374,0,0,0
-0.3965,-0.865,-0.314,23.6031,-3.9008,1.4504,0,0,0
-0.3921,-0.8628,-0.3027,26.9313,-4.8931,1.0153,0,0,0
-0.4016,-0.8599,-0.301,28.6718,-5.7863,1.1603,0,0,0
-0.3967,-0.8684,-0.2917,30.4504,-6.6183,1.542,0,0,0
-0.3652,-0.8906,-0.2739,30.626,-5.9771,1.9008,0,0,0
-0.375,-0.8674,-0.2766,29.2901,-4.5573,2.771,0,0,0
-0.363,-0.8865,-0.2598,27.3206,-0.4046,4.2443,0,0,0
-0.3701,-0.8997,-0.2473,26.3893,3.084,7.0687,0,0,0
-0.3855,-0.9287,-0.2415,28.4427,6.2443,10.8092,0,0,0
-0.4016,-0.9531,-0.248,35.5344,7.1832,15.313,0,0,0
-0.3831,-0.9666,-0.2429,46.9466,8.3359,17.8702,0,0,0
-0.394,-0.988,-0.2446,61.1908,8.7405,19.4962,0,0,0
-0.3982,-0.9858,-0.2495,77.8397,9.0229,21.0229,0,0,0
-0.3848,-0.9485,-0.2327,89.9847,10.0687,22.2595,0,0,0
-0.4006,-0.9414,-0.2195,100.542,10.771,22.5191,0,0,0
-0.4094,-0.9233,-0.207,109.0458,11.7786,23.8015,0,0,0
-0.4045,-0.9255,-0.1873,115.9008,13.0611,25.9389,0,0,0
-0.4277,-0.8904,-0.1987,120.8931,13.916,27.3359,0,0,0
-0.4031,-0.8921,-0.1743,123.4046,15.7634,27.5802,0,0,0
-0.4192,-0.9153,-0.1409,127.6794,15.7176,28.4733,0,0,0
-0.3962,-0.9565,-0.1016,135.2443,17.6183,30.1374,0,0,0
-0.4175,-1.022,-0.0957,152.1756,16.2824,34.0229,0,0,0
-0.4585,-1.0349,-0.104,171.2137,16.7099,40.2824,0,0,0
-0.4399,-1.0327,-0.084,191.1145,16.3893,44.0,0,0,0
-0.4424,-1.0278,-0.0679,210.3969,16.0534,47.3969,0,0,0
-0.4729,-0.999,-0.033,230.9847,13.2519,51.2519,0,0,0
-0.4749,-0.9521,-0.0239,246.8015,12.3969,52.458,0,0,0
-0.4907,-0.8608,-0.0217,250.1298,9.2366,52.9084,0,0,0
-0.519,-0.8367,0.0127,250.1298,2.6412,51.9542,0,0,0
-0.5261,-0.7754,0.0459,250.1298,-3.687,48.3817,0,0,0
-0.519,-0.8049,0.104,250.1298,-8.9084,45.9542,0,0,0
-0.5024,-0.7361,0.1746,250.1298,-10.542,43.6107,0,0,0
-0.4976,-0.7705,0.2336,250.1298,-11.4962,44.9237,0,0,0
-0.49,-0.6853,0.2922,250.1298,-8.4122,46.4275,0,0,0
-0.4382,-0.8147,0.3728,250.1298,-6.7023,49.9847,0,0,0
-0.4844,-0.6296,0.3669,250.1298,-1.8779,48.687,0,0,0
-0.5066,-0.4863,0.4365,250.1298,3.6641,45.542,0,0,0
-0.5288,-0.3389,0.512,231.1221,6.8092,42.4198,0,0,0
-0.5244,-0.3276,0.6184,190.4351,12.6336,38.7405,0,0,0
-0.5527,-0.2693,0.6404,151.1527,17.0611,31.084,0,0,0
-0.5627,-0.4458,0.657,121.9618,18.4962,23.9237,0,0,0
-0.5688,-0.4736,0.6875,112.1832,18.6412,19.6336,0,0,0
-0.5776,-0.5203,0.6782,108.1298,19.4275,14.9084,0,0,0
-0.6033,-0.4746,0.6648,104.3511,17.0916,12.7252,0,0,0
-0.6228,-0.4573,0.6685,100.2214,11.6336,10.7863,0,0,0
-0.6174,-0.4092,0.666,94.6107,6.3359,7.9008,0,0,0
-0.5977,-0.4602,0.6909,93.3206,3.084,7.3053,0,0,0
-0.5903,-0.3833,0.6897,90.4428,2.2214,5.3664,0,0,0
-0.6064,-0.3647,0.6799,81.4809,1.1374,2.2672,0,0,0
-0.6084,-0.3491,0.6797,69.9847,-2.084,-0.8473,0,0,0
-0.6033,-0.3508,0.6753,58.6947,-5.0458,-4.313,0,0,0
-0.5742,-0.5117,0.7007,60.5344,-6.0,-4.4122,0,0,0
-0.5996,-0.4302,0.6736,66.5038,-5.3053,-5.2977,0,0,0
-0.5759,-0.4011,0.6689,68.7634,-7.145,-7.6031,0,0,0
-0.6023,-0.3572,0.6531,63.3511,-8.6489,-7.1221,0,0,0
-0.6011,-0.3318,0.6558,55.8015,-13.6107,-8.9771,0,0,0
-0.604,-0.3213,0.6482,43.3359,-16.5191,-10.9389,0,0,0
-0.5811,-0.4001,0.6787,36.2443,-20.7099,-11.7939,0,0,0
-0.5789,-0.3865,0.6821,31.7405,-22.0611,-13.0382,0,0,0
-0.5859,-0.4241,0.7183,26.3817,-25.1527,-12.9237,0,0,0
-0.5845,-0.4019,0.7278,21.0458,-28.0458,-12.3359,0,0,0
-0.5601,-0.4614,0.7551,15.5649,-30.9313,-10.0992,0,0,0
-0.5122,-0.4946,0.8079,19.4351,-28.9237,-8.4427,0,0,0
-0.5056,-0.4634,0.8323,24.4809,-24.084,-7.9084,0,0,0
-0.5198,-0.4282,0.813,24.3893,-17.458,-6.8855,0,0,0
-0.5286,-0.4067,0.7983,19.5649,-15.1832,-5.1679,0,0,0
-0.5469,-0.4036,0.7896,11.0,-14.9924,-4.4733,0,0,0
-0.5427,-0.3582,0.8103,0.2748,-15.6336,-4.1527,0,0,0
-0.541,-0.3306,0.7979,-12.8779,-16.2214,-4.9237,0,0,0
-0.5378,-0.3569,0.782,-25.4809,-17.7557,-5.0916,0,0,0
-0.51,-0.4055,0.7949,-31.3664,-16.6794,-4.9313,0,0,0
-0.4932,-0.4456,0.7966,-28.2443,-13.1145,-2.1908,0,0,0
-0.4973,-0.4412,0.7788,-20.8702,-7.8702,-1.0229,0,0,0
-0.5127,-0.46,0.7766,-11.3664,-4.4046,-0.9008,0,0,0
-0.5173,-0.4155,0.7639,-2.6183,-2.9771,-1.2824,0,0,0
-0.5308,-0.3801,0.7517,0.7634,-3.626,-1.8779,0,0,0
-0.533,-0.3699,0.7498,1.3206,-5.3282,-2.229,0,0,0
-0.5369,-0.3542,0.7439,-1.4656,-8.0916,-2.5267,0,0,0
-0.52,-0.3965,0.7397,-3.916,-10.2137,-1.626,0,0,0
-0.5127,-0.4006,0.7664,0.4504,-9.7176,-1.7786,0,0,0
-0.5117,-0.3879,0.7727,2.4046,-8.3893,-3.1985,0,0,0
-0.519,-0.3767,0.7595,2.7176,-8.8321,-3.8092,0,0,0
-0.5256,-0.3882,0.7651,2.2443,-10.145,-4.2519,0,0,0
-0.5146,-0.3757,0.7798,0.9924,-11.3053,-4.5115,0,0,0
-0.5171,-0.3767,0.7791,-2.7176,-11.1756,-5.2443,0,0,0
-0.5134,-0.3997,0.7795,-6.0305,-11.6565,-5.4656,0,0,0
-0.4995,-0.4263,0.7959,-5.8015,-12.6947,-4.8244,0,0,0
-0.4873,-0.407,0.8105,-6.2748,-12.2214,-3.7863,0,0,0
-0.4954,-0.4072,0.8171,-7.8015,-10.9771,-2.9695,0,0,0
-0.4834,-0.4426,0.8335,-7.8779,-9.1374,-2.0076,0,0,0
-0.4902,-0.4238,0.8232,-5.2137,-6.2443,-1.4122,0,0,0
-0.4885,-0.4192,0.8113,-3.8092,-4.626,-2.0916,0,0,0
-0.4998,-0.4419,0.8049,-1.9466,-5.3053,-2.4351,0,0,0
-0.51,-0.4102,0.8118,-2.2672,-6.7481,-2.3511,0,0,0
-0.5017,-0.4207,0.814,-3.6718,-9.1298,-1.0153,0,0,0
-0.4937,-0.4233,0.8313,-3.0458,-9.5496,-0.5802,0,0,0
-0.491,-0.3928,0.8267,-3.7863,-8.7786,-0.9389,0,0,0
-0.4817,-0.3809,0.824,-6.0382,-7.4885,-0.7557,0,0,0
-0.4695,-0.3826,0.8384,-7.8931,-4.0305,-2.0153,0,0,0
-0.4775,-0.3701,0.822,-9.9695,-0.3893,-3.5267,0,0,0
-0.488,-0.4041,0.8103,-10.3893,2.1985,-3.9237,0,0,0
-0.4885,-0.3979,0.7832,-8.3893,2.9695,-4.3206,0,0,0
-0.4985,-0.3945,0.7629,-7.855,2.6489,-4.9847,0,0,0
-0.5005,-0.3984,0.7527,-7.8092,0.4809,-4.7328,0,0,0
-0.5081,-0.4121,0.7522,-5.1832,-1.1908,-4.7786,0,0,0
-0.4983,-0.3955,0.7419,-2.8702,-2.8092,-5.5344,0,0,0
-0.4919,-0.3926,0.7366,-2.9237,-3.4504,-6.1221,0,0,0
-0.4875,-0.3989,0.7473,-4.0229,-3.1679,-6.6336,0,0,0
-0.5029,-0.4097,0.7334,-5.855,-4.2672,-6.7099,0,0,0
-0.5015,-0.4153,0.7334,-7.7557,-7.1908,-7.0458,0,0,0
-0.5022,-0.4629,0.7524,-6.7557,-10.542,-5.9008,0,0,0
-0.4946,-0.4749,0.7517,-4.8397,-14.0305,-2.9542,0,0,0
-0.5005,-0.4827,0.762,-4.2061,-16.145,0.145,0,0,0
-0.4707,-0.4622,0.782,-2.4427,-20.2214,1.1603,0,0,0
-0.4722,-0.4639,0.7856,-3.7481,-19.9084,1.0992,0,0,0
-0.4722,-0.4575,0.79,-5.6565,-19.7252,1.9008,0,0,0
-0.4565,-0.4275,0.8123,-8.8473,-18.9389,1.8168,0,0,0
-0.4531,-0.446,0.8289,-11.8244,-17.1527,1.9924,0,0,0
-0.4487,-0.4392,0.8398,-13.9847,-14.4504,2.626,0,0,0
-0.4434,-0.4246,0.8604,-14.9924,-10.2901,2.0458,0,0,0
-0.4465,-0.4365,0.8411,-15.6641,-7.0992,1.9084,0,0,0
-0.4497,-0.4331,0.825,-14.8626,-4.2061,1.6183,0,0,0
-0.4575,-0.46,0.8188,-11.8473,-3.5267,1.5725,0,0,0
-0.4595,-0.4451,0.7993,-7.626,-2.7557,1.3053,0,0,0
-0.4646,-0.4302,0.7859,-4.3206,-2.9313,1.2214,0,0,0
-0.4639,-0.4287,0.7717,-1.9466,-4.0687,2.1221,0,0,0
-0.4712,-0.4158,0.7634,-1.7557,-5.2061,1.5115,0,0,0
-0.4719,-0.4268,0.7683,-1.3817,-6.1527,0.3053,0,0,0
-0.4619,-0.4253,0.7666,-1.771,-7.2214,-0.2824,0,0,0
-0.4717,-0.4324,0.7805,-2.4504,-8.9389,-1.1908,0,0,0
-0.458,-0.4346,0.7996,-3.1985,-8.9847,-2.3206,0,0,0
-0.4546,-0.4294,0.8052,-3.9542,-7.2901,-2.9008,0,0,0
-0.4482,-0.4453,0.8083,-4.9313,-6.4275,-3.229,0,0,0
-0.4407,-0.4602,0.8098,-4.9466,-5.6336,-2.7099,0,0,0
-0.4609,-0.4585,0.8066,-4.8168,-7.4733,-2.1832,0,0,0
-0.4507,-0.47,0.8154,-4.4427,-7.6947,-1.7557,0,0,0
-0.4497,-0.46,0.811,-2.2748,-8.5802,-0.5267,0,0,0
-0.4363,-0.4546,0.8145,-1.626,-8.5344,1.1832,0,0,0
-0.4402,-0.4434,0.8206,-1.3206,-7.4046,2.542,0,0,0
-0.4373,-0.4194,0.814,-3.1374,-5.5802,1.9084,0,0,0
-0.4512,-0.4285,0.7983,-4.7176,-3.8015,0.4809,0,0,0
-0.4443,-0.4309,0.7969,-6.6183,-3.0153,-0.7405,0,0,0
-0.4448,-0.448,0.7998,-6.3511,-2.0,-0.8473,0,0,0
-0.448,-0.4583,0.7979,-4.3893,-2.1603,-0.6794,0,0,0
-0.4517,-0.4546,0.7993,-2.771,-3.5115,-0.0611,0,0,0
-0.4551,-0.4436,0.7856,-1.4656,-5.9466,0.0229,0,0,0
-0.4507,-0.4402,0.7905,-1.771,-7.7557,-0.4351,0,0,0
-0.4553,-0.4341,0.7944,-2.9084,-8.9084,-1.0305,0,0,0
-0.4387,-0.438,0.8088,-4.4885,-9.1679,-1.7481,0,0,0
-0.436,-0.4619,0.813,-5.1603,-7.3588,-0.8015,0,0,0
-0.4236,-0.4526,0.8035,-4.6107,-4.9695,0.4962,0,0,0
-0.449,-0.4626,0.8079,-4.9618,-3.4427,0.3435,0,0,0
-0.4292,-0.4624,0.8096,-3.9084,-2.7634,0.4275,0,0,0
-0.4392,-0.4517,0.8079,-3.0534,-1.7099,-0.6031,0,0,0
-0.4426,-0.4551,0.8118,-2.4885,-3.0763,-0.7786,0,0,0
-0.4441,-0.458,0.813,-1.9466,-3.8473,-0.0458,0,0,0
-0.4343,-0.4443,0.8113,-2.0153,-4.5496,0.5344,0,0,0
-0.4216,-0.4644,0.8083,-2.5267,-3.6412,0.8855,0,0,0
-0.4204,-0.4609,0.8191,-2.3511,-1.0687,1.8092,0,0,0
-0.4041,-0.4456,0.8481,-3.6107,4.8702,0.626,0,0,0
-0.4263,-0.4417,0.8418,-5.229,10.7481,-1.1679,0,0,0
-0.4172,-0.4353,0.8625,-7.3893,16.0916,-3.6947,0,0,0
-0.4155,-0.426,0.8684,-11.4962,20.5725,-4.3359,0,0,0
-0.4246,-0.4258,0.8684,-16.0,23.8015,-4.1756,0,0,0
-0.4631,-0.4492,0.8457,-21.9084,25.4122,-3.458,0,0,0
-0.4783,-0.4934,0.8174,-19.2672,21.2748,-3.5573,0,0,0
-0.4866,-0.4866,0.7756,-14.2824,16.313,-3.8244,0,0,0
-0.4878,-0.4951,0.7524,-8.0916,9.5802,-4.313,0,0,0
-0.4734,-0.47,0.7388,-2.1679,5.4733,-3.1374,0,0,0
-0.4573,-0.439,0.7583,-1.7786,4.374,-3.687,0,0,0
-0.457,-0.4246,0.7461,-3.7634,6.0076,-3.7786,0,0,0
-0.4534,-0.4243,0.75,-6.5649,7.4656,-4.4656,0,0,0
-0.4719,-0.4172,0.739,-9.3282,8.1908,-4.7634,0,0,0
-0.4695,-0.4446,0.7344,-11.5344,5.7252,-5.7099,0,0,0
-0.4675,-0.5063,0.7407,-12.0916,0.8626,-2.9847,0,0,0
-0.46,-0.5137,0.759,-7.7176,-2.9695,0.9389,0,0,0
-0.4714,-0.5166,0.7627,-2.374,-5.3817,2.6794,0,0,0
-0.4756,-0.5051,0.7695,2.2748,-8.8626,3.6947,0,0,0
-0.4626,-0.4636,0.7498,2.8779,-11.7557,4.458,0,0,0
-0.4473,-0.4924,0.7622,3.7405,-14.8779,6.3435,0,0,0
-0.4717,-0.4858,0.7615,6.374,-15.7023,7.3053,0,0,0
-0.4626,-0.4895,0.7725,8.5878,-16.5114,7.5649,0,0,0
-0.4592,-0.4849,0.7778,10.8092,-16.5954,6.9008,0,0,0
-0.4558,-0.4744,0.7842,13.4962,-18.8321,6.8855,0,0,0
-0.4277,-0.4568,0.7964,15.7405,-18.626,7.0992,0,0,0
-0.4275,-0.4138,0.8196,13.7099,-14.4733,5.5038,0,0,0
-0.4194,-0.3999,0.8442,6.5573,-7.9542,3.4962,0,0,0
-0.4351,-0.4089,0.8445,2.313,-3.2748,2.1527,0,0,0
-0.4365,-0.4253,0.863,-3.2137,1.0153,1.3053,0,0,0
-0.4436,-0.4543,0.8357,-3.9924,1.9389,3.6489,0,0,0
-0.4358,-0.4741,0.8279,-0.9771,1.8244,4.4275,0,0,0
-0.4551,-0.4456,0.811,1.8702,1.4351,2.4427,0,0,0
-0.4529,-0.4407,0.8074,3.6031,0.5191,2.1145,0,0,0
-0.4524,-0.4456,0.7771,5.2214,-0.4504,4.3359,0,0,0
-0.4397,-0.4341,0.7854,5.2366,0.9771,4.0458,0,0,0
-0.4456,-0.4453,0.7722,5.0916,2.9237,3.4122,0,0,0
-0.446,-0.4399,0.7883,5.2214,4.0382,3.7634,0,0,0
-0.4529,-0.4253,0.7788,4.5649,3.4046,4.229,0,0,0
-0.4526,-0.4246,0.7869,3.1298,1.7099,4.2061,0,0,0
-0.4617,-0.4607,0.78,4.229,0.229,5.7405,0,0,0
-0.4658,-0.4634,0.7744,6.0229,-1.0611,5.9008,0,0,0
-0.4526,-0.4404,0.7651,5.7863,-0.6031,4.084,0,0,0
-0.4497,-0.4214,0.7881,3.1756,2.6183,2.1221,0,0,0
-0.4272,-0.4114,0.8206,-1.7405,8.542,1.0229,0,0,0
-0.4402,-0.4148,0.8406,-6.2977,14.7023,-1.1832,0,0,0
-0.439,-0.4292,0.8494,-10.313,20.3588,-2.0763,0,0,0
-0.4563,-0.448,0.8491,-11.3664,22.2748,-1.1527,0,0,0
-0.4705,-0.4563,0.842,-9.5496,21.7481,0.9313,0,0,0
-0.469,-0.4407,0.823,-7.0076,20.9542,0.8702,0,0,0
-0.4932,-0.4255,0.7922,-6.5802,19.9389,-1.3969,0,0,0
-0.4812,-0.4055,0.7932,-6.5038,18.0687,-3.7786,0,0,0
-0.4734,-0.3872,0.7876,-9.0076,18.0458,-5.5725,0,0,0
-0.4812,-0.4065,0.7834,-10.9924,17.5344,-5.6336,0,0,0
-0.4814,-0.4282,0.7778,-10.9771,17.8626,-6.7939,0,0,0
-0.4717,-0.4026,0.7915,-12.5496,20.9618,-7.0,0,0,0
-0.4844,-0.4182,0.7915,-12.1985,21.2137,-8.1832,0,0,0
-0.4827,-0.4036,0.7849,-13.9695,23.4275,-9.2214,0,0,0
-0.5085,-0.4265,0.7625,-17.0153,23.5725,-11.2519,0,0,0
-0.5007,-0.4395,0.7522,-18.5573,21.7328,-12.9084,0,0,0
-0.4983,-0.4211,0.7473,-21.9847,20.3053,-13.8855,0,0,0
-0.5049,-0.4507,0.7449,-24.9847,17.1985,-10.542,0,0,0
-0.5137,-0.541,0.7517,-19.1069,12.916,-4.6947,0,0,0
-0.4929,-0.51,0.7458,-9.6336,12.2214,-1.3206,0,0,0
-0.5632,-0.5444,0.6982,1.0611,6.5649,1.5954,0,0,0
-0.5525,-0.5017,0.6287,8.2214,-3.6489,2.6107,0,0,0
-0.5166,-0.4844,0.606,11.1603,-13.687,2.9237,0,0,0
-0.5042,-0.4622,0.6592,9.9313,-18.0916,2.7176,0,0,0
-0.5137,-0.4529,0.6953,7.8626,-17.7176,2.3359,0,0,0
-0.4773,-0.4343,0.7551,5.0458,-15.9313,2.3435,0,0,0
-0.4839,-0.4702,0.7744,2.8626,-12.6489,2.7939,0,0,0
-0.5012,-0.4951,0.7549,4.9924,-12.0229,6.0076,0,0,0
-0.5054,-0.5005,0.7666,9.4275,-12.6336,5.2214,0,0,0
-0.5129,-0.5044,0.7495,15.4809,-16.2748,5.9847,0,0,0
-0.5227,-0.4863,0.7263,21.3359,-21.2824,5.7099,0,0,0
-0.532,-0.491,0.6797,27.771,-29.5802,5.2366,0,0,0
-0.4685,-0.4136,0.7146,29.0153,-33.542,4.1374,0,0,0
-0.4131,-0.3357,0.7983,16.6183,-24.313,2.0305,0,0,0
-0.407,-0.3286,0.884,-0.1603,-10.916,1.0,0,0,0
-0.4563,-0.3862,0.8923,-10.7557,-0.5649,1.7786,0,0,0
-0.4722,-0.4783,0.8821,-9.9008,2.8626,2.0458,0,0,0
-0.468,-0.5017,0.8433,-2.0305,2.3893,3.4046,0,0,0
-0.4731,-0.4736,0.8274,3.916,0.9389,2.5496,0,0,0
-0.4873,-0.4331,0.8054,8.8092,-2.0763,-0.1832,0,0,0
-0.4817,-0.3882,0.8081,9.1374,-3.4275,-1.4427,0,0,0
-0.4692,-0.3777,0.7915,6.2748,-2.6412,-3.4504,0,0,0
-0.4563,-0.3855,0.7942,2.0458,1.2061,-4.3664,0,0,0
-0.4731,-0.3918,0.7705,-2.855,3.1527,-3.8092,0,0,0
-0.4644,-0.4343,0.7791,-5.7481,4.7786,-1.5802,0,0,0
-0.4688,-0.4426,0.7893,-6.0229,5.7023,-0.4733,0,0,0
-0.4778,-0.4763,0.7891,-4.3588,6.0687,0.9771,0,0,0
-0.4973,-0.4578,0.7795,-2.5573,3.8626,1.6641,0,0,0
-0.4922,-0.4504,0.7615,-2.1221,1.0992,2.374,0,0,0
-0.4836,-0.4626,0.7573,-0.4504,-1.2595,1.4351,0,0,0
-0.4775,-0.457,0.7542,0.7099,-0.6107,1.1298,0,0,0
-0.4424,-0.4463,0.7859,-1.6641,4.5038,1.6794,0,0,0
-0.448,-0.4341,0.8005,-6.3206,12.5115,0.5267,0,0,0
-0.4573,-0.4097,0.8333,-12.7252,20.0916,-0.6718,0,0,0
-0.4905,-0.4399,0.8157,-17.3664,22.0229,-0.1298,0,0,0
-0.4729,-0.4446,0.8291,-18.3588,21.8321,0.7557,0,0,0
-0.5044,-0.479,0.8311,-17.4351,22.1527,1.5344,0,0,0
-0.4988,-0.459,0.8176,-14.9542,23.1908,0.9237,0,0,0
-0.4778,-0.4092,0.8198,-16.2366,24.4733,-0.9618,0,0,0
-0.5144,-0.4092,0.7974,-19.3359,25.7405,-3.0916,0,0,0
-0.5168,-0.418,0.77,-18.9847,24.5344,-4.5267,0,0,0
-0.5474,-0.4651,0.7319,-16.5954,19.9466,-4.9313,0,0,0
-0.4871,-0.4241,0.7537,-14.8626,19.2901,-4.0458,0,0,0
-0.4937,-0.4219,0.7617,-16.7252,23.3817,-4.0382,0,0,0
-0.5142,-0.3955,0.7517,-19.7099,26.4122,-4.5725,0,0,0
-0.5667,-0.4258,0.7163,-22.3206,23.5954,-6.9542,0,0,0
-0.5464,-0.4719,0.7078,-21.4046,17.7252,-7.4122,0,0,0
-0.5605,-0.4873,0.6628,-18.4351,11.2061,-6.0305,0,0,0
-0.543,-0.552,0.6411,-11.2214,3.4809,-1.8779,0,0,0
-0.542,-0.5447,0.637,-2.5267,-2.0153,0.9008,0,0,0
-0.5193,-0.5039,0.6782,1.9008,-3.5878,1.1145,0,0,0
-0.5215,-0.4575,0.6938,1.0076,-1.6489,0.4351,0,0,0
-0.4985,-0.4609,0.7305,-1.6565,1.5725,-0.542,0,0,0
-0.5002,-0.4626,0.7505,-6.9847,6.2748,0.771,0,0,0
-0.5122,-0.4858,0.7427,-8.7328,8.0382,3.916,0,0,0
-0.5291,-0.4963,0.7332,-8.1069,8.8855,5.4046,0,0,0
-0.5525,-0.4822,0.7141,-6.0305,6.542,5.4046,0,0,0
-0.5723,-0.4719,0.7048,-2.5725,-0.9542,4.7786,0,0,0
-0.5662,-0.4792,0.675,0.916,-8.916,4.542,0,0,0
-0.5483,-0.49,0.6758,5.4504,-12.9313,3.6336,0,0,0
-0.5215,-0.4641,0.6973,6.3359,-11.3893,2.6107,0,0,0
-0.5381,-0.4585,0.7261,7.7023,-9.7557,2.2366,0,0,0
-0.5344,-0.4377,0.7327,8.1374,-8.855,1.5573,0,0,0
-0.5405,-0.429,0.74,7.7557,-10.2366,0.0763,0,0,0
-0.5708,-0.4539,0.7168,8.084,-14.3817,-1.4656,0,0,0
-0.5679,-0.4971,0.6711,13.4656,-22.3359,-0.6947,0,0,0
-0.4963,-0.5061,0.6638,21.5344,-28.3511,-0.1832,0,0,0
-0.4839,-0.4292,0.6917,17.3664,-23.7786,-2.4656,0,0,0
-0.4651,-0.374,0.7554,6.3511,-16.229,-2.6489,0,0,0
-0.4905,-0.4111,0.803,-2.9618,-8.7557,-3.0,0,0,0
-0.4824,-0.4541,0.8262,-6.5878,-2.8092,-3.084,0,0,0
-0.5032,-0.5044,0.8047,-3.9237,-1.0,-2.2595,0,0,0
-0.4922,-0.4963,0.8101,-1.4046,0.2366,-2.0763,0,0,0
-0.5208,-0.4849,0.7869,-0.084,-1.229,-0.0992,0,0,0
-0.5229,-0.4517,0.7905,-0.458,-2.8626,0.2137,0,0,0
-0.5195,-0.4438,0.7739,-1.7634,-3.9847,-1.4351,0,0,0
-0.501,-0.4729,0.7827,1.0763,-3.4122,-1.8626,0,0,0
-0.4829,-0.4434,0.7764,1.7481,0.145,-1.8168,0,0,0
-0.4785,-0.4758,0.7759,2.7099,4.0611,0.7252,0,0,0
-0.5085,-0.4663,0.7656,4.145,6.229,2.6336,0,0,0
-0.5271,-0.4216,0.7441,3.7557,4.7786,1.7023,0,0,0
-0.5151,-0.4368,0.7446,1.9389,3.8702,1.3664,0,0,0
-0.5261,-0.4548,0.748,1.9618,2.0916,1.4427,0,0,0
-0.5273,-0.449,0.7266,2.1985,0.2366,1.9924,0,0,0
-0.5132,-0.4563,0.7336,2.6641,-1.374,1.4198,0,0,0
-0.4995,-0.437,0.7498,0.5267,0.5038,-0.145,0,0,0
-0.5049,-0.4399,0.7522,-1.0076,3.7557,-1.0229,0,0,0
-0.509,-0.4419,0.7458,-1.6641,5.2595,-0.8015,0,0,0
-0.52,-0.4497,0.7388,-2.1069,4.8321,-0.8092,0,0,0
-0.5166,-0.4626,0.741,-1.542,3.8855,-0.855,0,0,0
-0.5261,-0.4824,0.7483,0.6794,2.1985,0.4656,0,0,0
-0.5239,-0.4561,0.7451,1.6336,0.6565,0.6336,0,0,0
-0.509,-0.4441,0.7517,1.1374,1.3359,0.8931,0,0,0
-0.5051,-0.4424,0.7563,0.0076,3.5038,-0.3359,0,0,0
-0.5078,-0.4336,0.7617,-1.9771,6.4351,-0.1679,0,0,0
-0.4966,-0.4414,0.7637,-3.0458,9.0076,-0.1145,0,0,0
-0.4978,-0.4446,0.7905,-5.9618,14.1679,-0.2443,0,0,0
-0.5161,-0.4336,0.7874,-8.771,17.6718,-0.0687,0,0,0
-0.5249,-0.4421,0.7917,-11.4046,18.6107,-0.5954,0,0,0
-0.53,-0.4675,0.7786,-11.4733,17.6412,-0.6336,0,0,0
-0.5212,-0.4561,0.7893,-11.6718,18.229,-0.8244,0,0,0
-0.5044,-0.4512,0.7937,-11.6412,20.7405,0.2748,0,0,0
-0.5286,-0.4551,0.7751,-12.8931,24.0458,1.6718,0,0,0
-0.5254,-0.4512,0.7605,-13.4962,26.0382,1.7863,0,0,0
-0.5325,-0.4512,0.7388,-14.3359,27.8855,-0.0076,0,0,0
-0.542,-0.4307,0.7412,-16.0458,30.9466,-3.374,0,0,0
-0.541,-0.4019,0.7268,-21.9542,33.2443,-7.0992,0,0,0
-0.5527,-0.4321,0.7412,-24.9389,34.1527,-10.5725,0,0,0
-0.5713,-0.4617,0.7124,-24.1527,35.4122,-13.1221,0,0,0
-0.5764,-0.4573,0.7021,-23.8092,33.4656,-15.687,0,0,0
-0.553,-0.4905,0.6831,-23.1832,31.8855,-13.4962,0,0,0
-0.5676,-0.4788,0.6907,-23.229,32.3588,-13.1527,0,0,0
-0.5759,-0.488,0.6628,-21.626,31.5344,-12.8779,0,0,0
-0.6123,-0.5168,0.6335,-17.6107,26.4275,-13.0534,0,0,0
-0.6077,-0.511,0.6226,-11.3664,20.1145,-12.9542,0,0,0
-0.5928,-0.5046,0.6113,-7.6183,14.5954,-12.5115,0,0,0
-0.584,-0.4783,0.6394,-7.7328,11.145,-12.8473,0,0,0
-0.5984,-0.4744,0.6191,-9.2366,8.771,-13.9466,0,0,0
-0.6069,-0.4834,0.6189,-9.3359,4.8702,-13.8015,0,0,0
-0.5964,-0.5,0.6028,-7.9695,-0.2137,-10.2595,0,0,0
-0.594,-0.5491,0.6082,-4.229,-6.4733,-5.229,0,0,0
-0.5986,-0.5767,0.6091,4.2748,-12.3511,0.2595,0,0,0
-0.5803,-0.5747,0.6204,13.0534,-16.8397,5.2214,0,0,0
-0.5601,-0.5127,0.6501,16.8702,-16.4122,5.5191,0,0,0
-0.55,-0.4705,0.6953,15.6336,-14.5649,5.0,0,0,0
-0.5767,-0.4756,0.7065,12.6947,-14.0229,5.0305,0,0,0
-0.585,-0.4985,0.7041,12.4733,-17.0,6.0,0,0,0
-0.6025,-0.5229,0.7063,15.626,-23.5802,6.6183,0,0,0
-0.6096,-0.5232,0.6851,22.8702,-31.1374,8.4504,0,0,0
-0.6221,-0.5325,0.6257,31.3511,-39.1603,10.2672,0,0,0
-0.5737,-0.4968,0.6362,35.8626,-43.7252,12.145,0,0,0
-0.5376,-0.4753,0.6345,36.8702,-47.5038,13.9771,0,0,0
-0.5073,-0.4495,0.6614,34.3206,-42.8015,15.9237,0,0,0
-0.5234,-0.4053,0.6978,28.916,-35.8092,12.6794,0,0,0
-0.5215,-0.4175,0.7349,22.7863,-30.1374,9.1221,0,0,0
-0.5061,-0.425,0.7383,18.4733,-25.5954,8.8931,0,0,0
-0.5286,-0.4382,0.7461,13.9695,-21.0076,9.0229,0,0,0
-0.5237,-0.4177,0.759,10.0229,-20.2214,8.8855,0,0,0
-0.5593,-0.4607,0.7495,8.1298,-20.4885,10.1221,0,0,0
-0.5474,-0.4817,0.749,9.4122,-24.1832,14.9008,0,0,0
-0.5344,-0.4507,0.7542,9.7099,-24.8855,16.7176,0,0,0
-0.5413,-0.4304,0.7397,9.8626,-26.8931,16.1145,0,0,0
-0.5566,-0.4424,0.7354,10.9008,-30.084,15.8168,0,0,0
-0.5049,-0.4758,0.7566,12.0916,-31.4733,18.687,0,0,0
-0.4902,-0.4697,0.7981,15.7481,-27.7939,21.1145,0,0,0
-0.4792,-0.4023,0.824,17.8092,-20.6336,21.084,0,0,0
-0.4744,-0.3618,0.8467,16.1756,-13.0153,15.9618,0,0,0
-0.4822,-0.3564,0.8516,11.5115,-6.2519,12.1221,0,0,0
-0.4958,-0.3616,0.8308,6.855,-1.084,10.8855,0,0,0
-0.5024,-0.3713,0.7983,3.4351,1.0,11.0153,0,0,0
-0.4988,-0.3796,0.7983,1.5191,3.7328,9.8397,0,0,0
-0.4934,-0.3982,0.7903,1.4809,6.8779,9.4351,0,0,0
-0.4802,-0.4272,0.8252,2.7863,12.5649,10.8092,0,0,0
-0.4717,-0.4448,0.8481,5.2137,20.1069,16.1298,0,0,0
-0.4487,-0.4067,0.8745,6.7557,28.2519,20.9771,0,0,0
-0.4832,-0.4063,0.8511,6.7405,38.9618,21.9771,0,0,0
-0.512,-0.3735,0.8079,4.6183,44.8397,19.7786,0,0,0
-0.54,-0.3765,0.7974,1.3588,47.5802,18.0611,0,0,0
-0.5522,-0.4321,0.7898,1.6718,49.4962,20.1756,0,0,0
-0.5603,-0.4338,0.8049,5.3282,52.1985,23.4046,0,0,0
-0.5483,-0.4226,0.7874,7.7099,53.9847,24.145,0,0,0
-0.5886,-0.3755,0.7563,6.9847,54.4275,24.0534,0,0,0
-0.5962,-0.3264,0.7329,2.9466,55.458,21.1069,0,0,0
-0.5798,-0.3123,0.72,-2.4809,55.2824,15.2366,0,0,0
-0.6287,-0.3394,0.6931,-6.4809,56.8626,11.3893,0,0,0
-0.6101,-0.3367,0.7046,-8.4427,55.4351,10.4656,0,0,0
-0.6079,-0.3467,0.7014,-7.9389,57.5115,6.8168,0,0,0
-0.6335,-0.3411,0.7029,-7.1679,55.9313,8.6107,0,0,0
-0.6497,-0.3337,0.6689,-6.0229,53.9389,8.4809,0,0,0
-0.6992,-0.3442,0.6482,-5.6565,51.0687,6.8779,0,0,0
-0.6245,-0.2869,0.6245,-3.7023,40.2748,6.542,0,0,0
-0.6345,-0.2913,0.6194,-4.9542,37.1069,1.0916,0,0,0
-0.6919,-0.3015,0.6113,-7.7023,35.6107,-2.6641,0,0,0
-0.7124,-0.2991,0.5833,-8.374,31.7023,-4.7405,0,0,0
-0.6951,-0.3369,0.5813,-8.855,25.1298,-5.7252,0,0,0
-0.6763,-0.3455,0.5725,-7.7634,21.542,-5.0305,0,0,0
-0.6873,-0.3621,0.605,-5.542,17.6641,-6.1069,0,0,0
-0.6963,-0.3748,0.6033,-1.6947,14.6489,-5.0229,0,0,0
-0.7029,-0.3879,0.6064,2.2824,10.5191,-4.0687,0,0,0
-0.7104,-0.3699,0.6138,4.7405,6.5191,-4.0534,0,0,0
-0.7163,-0.3523,0.6028,5.3664,1.3969,-5.9847,0,0,0
-0.707,-0.364,0.6191,4.8168,-3.9313,-8.3588,0,0,0
-0.689,-0.3606,0.6316,4.0992,-6.5573,-10.3053,0,0,0
-0.6753,-0.3577,0.6616,3.2595,-6.2366,-11.7328,0,0,0
-0.6602,-0.3564,0.6846,2.1298,-3.5038,-12.6489,0,0,0
-0.6709,-0.3652,0.6755,0.0992,-0.9313,-12.8244,0,0,0
-0.6753,-0.3674,0.6799,-0.3588,-1.855,-15.2366,0,0,0
-0.6982,-0.3694,0.676,2.6794,-3.5267,-19.9237,0,0,0
-0.6938,-0.3716,0.6594,8.4427,-7.6412,-28.7557,0,0,0
-0.6797,-0.3687,0.6558,17.7252,-8.7176,-33.5802,0,0,0
-0.6733,-0.3896,0.6382,26.458,-10.0534,-33.0076,0,0,0
-0.6624,-0.4124,0.6567,32.7557,-10.5496,-29.0,0,0,0
-0.6228,-0.3545,0.677,32.5038,-7.4275,-24.9542,0,0,0
-0.6443,-0.2803,0.657,27.0305,-7.2137,-24.1985,0,0,0
-0.6702,-0.3208,0.657,20.5267,-10.4427,-23.7252,0,0,0
-0.625,-0.325,0.6785,16.4809,-12.7634,-24.8702,0,0,0
-0.6777,-0.3491,0.6563,17.4122,-17.374,-28.8321,0,0,0
-0.6606,-0.4033,0.6892,22.6718,-21.7405,-35.2595,0,0,0
-0.5916,-0.396,0.7302,29.771,-16.3588,-38.1221,0,0,0
-0.5918,-0.3647,0.7249,31.7939,-9.6641,-37.8626,0,0,0
-0.592,-0.4019,0.7346,30.6641,-3.0305,-35.8855,0,0,0
-0.6143,-0.3635,0.738,33.7634,0.8779,-38.2443,0,0,0
-0.6348,-0.4155,0.7253,39.2977,3.3664,-40.3282,0,0,0
-0.6287,-0.3977,0.7256,42.3282,3.771,-37.0229,0,0,0
-0.6338,-0.353,0.7104,37.229,1.9695,-29.4885,0,0,0
-0.6353,-0.3496,0.6948,28.687,-2.3893,-25.2977,0,0,0
-0.666,-0.3289,0.677,19.9313,-7.3893,-21.2519,0,0,0
-0.6504,-0.3267,0.6704,11.2366,-15.7786,-21.2748,0,0,0
-0.6279,-0.3425,0.6868,3.8931,-19.6031,-21.1374,0,0,0
-0.6311,-0.3997,0.6924,4.3817,-24.1069,-24.6718,0,0,0
-0.5728,-0.4368,0.7249,8.3282,-23.9008,-24.5802,0,0,0
-0.5493,-0.4473,0.76,15.5267,-16.0763,-25.0534,0,0,0
-0.5676,-0.4502,0.7634,20.4275,-10.4809,-21.7863,0,0,0
-0.5798,-0.4053,0.7449,21.1069,-8.6565,-17.855,0,0,0
-0.5952,-0.3696,0.7268,15.3053,-9.5344,-13.9237,0,0,0
-0.6243,-0.3716,0.6926,9.2672,-14.5038,-11.9847,0,0,0
-0.6062,-0.375,0.7112,5.4656,-19.8779,-10.1069,0,0,0
-0.6099,-0.3684,0.697,3.7328,-25.2214,-11.5191,0,0,0
-0.5989,-0.3877,0.71,1.0992,-30.2366,-12.374,0,0,0
-0.5732,-0.3486,0.7075,-0.5725,-35.6489,-12.0382,0,0,0
-0.5586,-0.3684,0.7207,-7.6183,-37.7405,-9.7176,0,0,0
-0.5535,-0.3745,0.7429,-11.1527,-37.9389,-9.6412,0,0,0
-0.5862,-0.4304,0.739,-7.8702,-41.0229,-12.7481,0,0,0
-0.5767,-0.4426,0.7197,2.5573,-43.3664,-13.2137,0,0,0
-0.55,-0.4497,0.7124,12.0076,-52.4046,-10.2443,0,0,0
-0.5039,-0.4343,0.7395,18.229,-58.2519,-5.0305,0,0,0
-0.4829,-0.3943,0.77,12.7252,-52.3511,5.2977,0,0,0
-0.51,-0.4004,0.7842,7.8168,-49.458,10.855,0,0,0
-0.4836,-0.3242,0.7947,-0.0763,-47.4733,10.1221,0,0,0
-0.478,-0.3047,0.8013,-7.1374,-46.1298,6.7252,0,0,0
-0.5107,-0.377,0.8037,-9.0229,-49.7176,4.1221,0,0,0
-0.5046,-0.4216,0.7874,-6.8855,-51.2977,3.6031,0,0,0
-0.4729,-0.4514,0.7915,-3.3435,-55.3206,5.7328,0,0,0
-0.4282,-0.4492,0.8228,0.4122,-55.2061,12.3053,0,0,0
-0.4653,-0.3943,0.8538,0.7557,-51.0153,15.2366,0,0,0
-0.3967,-0.374,0.8926,-0.3359,-44.8015,16.7099,0,0,0
-0.4026,-0.3718,0.9019,-2.3435,-34.8168,18.0305,0,0,0
-0.4163,-0.3765,0.9058,-4.0763,-26.542,19.4504,0,0,0
-0.4187,-0.3843,0.906,-5.7405,-19.5191,20.8397,0,0,0
-0.4128,-0.3989,0.9202,-7.5344,-13.7023,24.8702,0,0,0
-0.4297,-0.3848,0.9075,-8.8015,-11.5878,30.1527,0,0,0
-0.4387,-0.4153,0.9128,-11.6107,-9.4733,36.458,0,0,0
-0.4292,-0.3816,0.9072,-13.6336,-5.4275,42.2595,0,0,0
-0.4275,-0.3979,0.8987,-15.5802,-0.3206,44.5115,0,0,0
-0.4536,-0.3877,0.8628,-14.1832,1.1985,44.7786,0,0,0
-0.4551,-0.3784,0.8547,-12.0534,3.5344,43.7863,0,0,0
-0.4436,-0.3718,0.8452,-8.9389,4.7405,45.855,0,0,0
-0.4519,-0.3608,0.8457,-8.084,6.855,47.5496,0,0,0
-0.4878,-0.3374,0.825,-8.9389,6.6947,49.0992,0,0,0
-0.479,-0.3179,0.8181,-12.9084,7.0458,50.2824,0,0,0
-0.4873,-0.3142,0.8188,-16.9008,6.4656,48.6183,0,0,0
-0.4829,-0.3159,0.8279,-17.9771,4.4504,47.0916,0,0,0
-0.459,-0.3098,0.8352,-17.9924,5.9542,45.2824,0,0,0
-0.4631,-0.3318,0.8323,-17.7786,9.0305,45.3588,0,0,0
-0.4729,-0.3145,0.8362,-19.771,15.6794,44.5344,0,0,0
-0.4949,-0.3115,0.8389,-21.6412,18.9313,42.8244,0,0,0
-0.5024,-0.3049,0.8364,-22.1908,19.7252,40.4427,0,0,0
-0.5225,-0.3113,0.8171,-22.5267,17.5496,37.916,0,0,0
-0.521,-0.3428,0.8167,-22.374,15.3817,36.4427,0,0,0
-0.5217,-0.355,0.8254,-19.8397,14.4427,35.7328,0,0,0
-0.51,-0.3335,0.8337,-18.7405,16.8168,36.1756,0,0,0
-0.5144,-0.292,0.8176,-20.3511,19.7634,33.0458,0,0,0
-0.5303,-0.2683,0.8123,-24.7328,23.3664,28.6183,0,0,0
-0.5266,-0.2673,0.8142,-29.2519,25.5267,24.6718,0,0,0
-0.519,-0.3062,0.8118,-31.229,28.9924,23.5802,0,0,0
-0.5305,-0.3555,0.8035,-29.0534,33.5344,23.0458,0,0,0
-0.5532,-0.363,0.7896,-22.8626,34.0382,23.0763,0,0,0
-0.5732,-0.3315,0.7659,-20.1527,33.6107,23.4046,0,0,0
-0.5972,-0.3176,0.752,-20.2443,31.1908,21.0229,0,0,0
-0.5842,-0.3135,0.7532,-20.4122,29.313,18.9542,0,0,0
-0.5566,-0.2893,0.7676,-23.2748,30.7786,16.7481,0,0,0
-0.561,-0.3206,0.7771,-24.6947,33.0229,13.8855,0,0,0
-0.5552,-0.3408,0.7864,-23.687,39.6412,14.7023,0,0,0
-0.5908,-0.3528,0.7605,-18.3053,43.1832,12.5878,1,0,0
-0.6147,-0.3445,0.739,-13.7786,43.0382,8.5191,1,0,0
-0.6499,-0.3545,0.7083,-11.3969,39.2443,7.7176,1,0,0
-0.6589,-0.3276,0.6738,-12.0,34.1221,8.6565,1,0,0
-0.6599,-0.3518,0.6787,-12.7023,28.313,8.9847,1,0,0
-0.6523,-0.3369,0.6819,-13.0076,23.8626,8.4046,1,0,0
-0.6467,-0.3206,0.6733,-12.3053,20.3817,5.5573,1,0,0
-0.6318,-0.3342,0.688,-10.6412,19.1756,1.7481,1,0,0
-0.6501,-0.343,0.6685,-7.3282,19.2977,-0.4046,1,0,0
-0.6492,-0.3645,0.6892,-3.4733,18.4733,2.145,1,0,0
-0.6431,-0.3293,0.6853,-2.1603,18.8015,1.0,1,0,0
-0.6575,-0.3477,0.6692,-0.6336,17.3817,0.1145,1,0,0
-0.6741,-0.3406,0.6707,2.7328,15.1374,-0.5573,1,0,0
-0.6738,-0.3574,0.6667,4.6183,11.8626,-1.4275,1,0,0
-0.6555,-0.3533,0.6987,6.145,9.3206,-1.229,1,0,0
-0.6372,-0.3408,0.7205,6.9771,10.8702,-0.8168,1,0,0
-0.6443,-0.3262,0.7214,6.4504,12.7863,-2.1145,1,0,0
-0.6541,-0.3293,0.7173,5.4656,13.771,-3.7405,1,0,0
-0.6694,-0.3604,0.7068,8.5802,12.9237,-5.3053,1,0,0
-0.6633,-0.3706,0.7202,12.4885,11.8092,-6.5115,1,0,0
-0.6411,-0.3826,0.7234,17.5114,13.7863,-5.3817,1,0,0
-0.6621,-0.3506,0.7188,20.5267,16.8931,-5.7176,1,0,0
-0.6584,-0.2959,0.7097,19.9237,18.4122,-6.6794,1,0,0
-0.6658,-0.2939,0.6838,16.7176,19.2061,-9.1679,1,0,0
-0.6699,-0.3186,0.6841,14.5496,18.9695,-11.0229,1,0,0
-0.6672,-0.3403,0.6807,16.145,18.9618,-11.9847,1,0,0
-0.6548,-0.3003,0.668,17.5191,15.9008,-10.7023,1,0,0
-0.6465,-0.3311,0.6877,17.687,16.0992,-11.9466,1,0,0
-0.6785,-0.3259,0.6816,19.4198,17.7099,-11.7023,1,0,0
-0.6985,-0.3154,0.6653,20.8244,16.4046,-11.458,1,0,0
-0.688,-0.3018,0.6545,20.5573,14.855,-11.4809,1,0,0
-0.6885,-0.3071,0.6538,19.6031,12.1756,-11.5191,1,0,0
-0.7012,-0.311,0.6533,18.1298,9.6489,-11.2901,1,0,0
-0.7112,-0.3196,0.6501,18.2443,5.5115,-11.7176,1,0,0
-0.7075,-0.3164,0.6499,19.2443,1.9389,-11.0916,1,0,0
-0.6892,-0.3154,0.6523,18.6947,-0.9313,-10.458,1,0,0
-0.6821,-0.304,0.6563,18.3282,-1.8092,-9.8626,1,0,0
-0.6716,-0.2991,0.6768,17.771,-1.7863,-10.3893,1,0,0
-0.6553,-0.3169,0.6853,17.1298,-0.687,-10.7252,1,0,0
-0.6743,-0.3181,0.6802,18.0153,1.3435,-9.8015,1,0,0
-0.6987,-0.3308,0.6709,18.7099,-0.5115,-9.2748,1,0,0
-0.6912,-0.3074,0.6594,18.7405,-2.8931,-9.542,1,0,0
-0.6941,-0.3127,0.6658,18.8779,-5.2061,-10.8779,1,0,0
-0.6846,-0.3123,0.6736,19.0382,-7.4122,-10.8397,1,0,0
-0.6799,-0.3091,0.686,20.626,-9.0229,-12.374,1,0,0
-0.6675,-0.3179,0.688,22.3435,-8.5038,-13.0458,1,0,0
-0.656,-0.3208,0.6963,24.7099,-7.7405,-13.0305,1,0,0
-0.6577,-0.3079,0.7141,26.5344,-6.0534,-11.4809,1,0,0
-0.6628,-0.2839,0.7168,25.2977,-4.8168,-11.1985,1,0,0
-0.6667,-0.2759,0.7114,24.855,-4.8473,-13.1298,1,0,0
-0.6787,-0.2742,0.7002,25.4198,-5.7786,-14.9771,1,0,0
-0.6699,-0.2886,0.7043,27.0229,-7.1603,-16.8015,1,0,0
-0.658,-0.2893,0.7122,27.1832,-7.6031,-15.4275,1,0,0
-0.6533,-0.2813,0.7185,26.2901,-7.5496,-11.8321,1,0,0
-0.6477,-0.2576,0.717,21.2519,-6.1832,-8.5573,1,0,0
-0.6616,-0.2402,0.7141,16.2366,-6.7176,-8.9847,1,0,0
-0.6648,-0.2537,0.7241,12.9084,-6.8397,-10.1756,1,0,0
-0.6484,-0.2791,0.7251,11.9313,-6.1756,-12.1221,1,0,0
-0.6521,-0.2717,0.7202,10.4198,-5.7328,-11.9847,1,0,0
-0.6738,-0.2732,0.7134,9.1221,-8.5878,-11.3435,1,0,0
-0.6462,-0.2803,0.7258,6.4275,-10.1298,-9.7405,1,0,0
-0.6497,-0.2878,0.7256,3.6336,-10.687,-8.3282,1,0,0
-0.6541,-0.2837,0.7234,3.0305,-12.1221,-6.5802,1,0,0
-0.6243,-0.3049,0.7366,0.8626,-11.6794,-5.9008,1,0,0
-0.626,-0.3096,0.7312,2.2137,-9.4046,-4.626,1,0,0
-0.6494,-0.2854,0.7151,3.8397,-10.1908,-4.6718,1,0,0
-0.6399,-0.2629,0.7114,0.7099,-10.542,-5.6183,1,0,0
-0.6443,-0.2966,0.7241,-1.3969,-12.313,-6.3206,1,0,0
-0.6338,-0.3181,0.7397,-0.9313,-12.0687,-1.7939,1,0,0
-0.6199,-0.3081,0.7476,0.374,-9.8626,0.9389,1,0,0
-0.6252,-0.2952,0.7478,1.0687,-8.0916,0.4962,1,0,0
-0.6399,-0.2739,0.7339,2.0305,-8.8015,-1.1374,1,0,0
-0.6501,-0.2695,0.7314,0.7481,-11.0458,-3.229,0,0,0
-0.6421,-0.2744,0.7361,-0.0076,-13.4275,-4.2061,0,0,0
-0.6294,-0.2883,0.7432,-0.6718,-13.8855,-3.4885,0,0,0
-0.6033,-0.259,0.7534,-1.4504,-14.2901,-1.2061,0,0,0
-0.5955,-0.2532,0.7566,-6.1298,-10.7099,-0.1603,0,0,0
-0.6143,-0.2488,0.7463,-8.8092,-7.9237,-1.1756,0,0,0
-0.6091,-0.2407,0.7468,-12.3588,-6.2366,-2.6641,0,0,0
-0.613,-0.2554,0.7468,-15.374,-5.0534,-2.4351,0,0,0
-0.6284,-0.2954,0.7527,-14.771,-5.6412,-1.7557,0,0,0
-0.6294,-0.3149,0.7537,-11.6336,-6.6412,0.2061,0,0,0
-0.6165,-0.3088,0.7549,-8.7939,-7.4733,2.0611,0,0,0
-0.6133,-0.2813,0.7568,-9.0305,-6.5496,3.3206,0,0,0
-0.614,-0.2693,0.7583,-11.6794,-5.7176,3.6947,0,0,0
-0.6055,-0.2666,0.7615,-15.7939,-3.7557,4.2061,0,0,0
-0.5908,-0.2571,0.7698,-20.2443,-1.5802,5.8244,0,0,0
-0.6089,-0.2886,0.7681,-23.7252,1.7405,5.8168,0,0,0
-0.6042,-0.2996,0.7627,-25.0229,2.9084,4.5802,0,0,0
-0.6113,-0.2981,0.7488,-25.855,3.1908,1.3053,0,0,0
-0.6362,-0.3013,0.7358,-26.6641,1.084,-0.229,0,0,0
-0.6399,-0.3062,0.7192,-28.7557,-1.6489,-1.1069,0,0,0
-0.6279,-0.3101,0.717,-31.5038,-4.0534,-0.771,0,0,0
-0.6177,-0.3157,0.7209,-34.3359,-5.4198,-0.916,0,0,0
-0.605,-0.3696,0.7476,-33.5802,-4.0916,-0.1603,0,0,0
-0.5977,-0.3887,0.7627,-28.4427,-2.1985,1.3206,0,0,0
-0.5894,-0.4026,0.7722,-23.7023,3.1298,2.8397,0,0,0
-0.5942,-0.3691,0.7517,-18.3359,6.0611,4.1679,0,0,0
-0.6133,-0.355,0.7419,-16.9618,8.6031,3.5802,0,0,0
-0.6331,-0.3516,0.7263,-16.4275,8.6565,3.9695,0,0,0
-0.6514,-0.3342,0.7161,-16.6107,7.1145,3.7481,0,0,0
-0.6399,-0.3237,0.696,-18.7786,3.8092,2.3893,0,0,0
-0.6248,-0.3091,0.7063,-22.0763,2.1527,0.8397,0,0,0
-0.6233,-0.3071,0.7241,-27.3969,0.8855,-1.0305,0,0,0
-0.623,-0.3325,0.7429,-30.4351,0.8702,0.5725,0,0,0
-0.6118,-0.3723,0.7478,-29.7863,1.1832,1.3588,0,0,0
-0.614,-0.4316,0.7744,-23.0992,4.0229,4.687,0,0,0
-0.6267,-0.4121,0.7471,-13.9466,5.6794,5.4809,0,0,0
-0.6367,-0.375,0.7251,-7.9084,4.7023,4.7863,0,0,0
-0.6301,-0.3311,0.7151,-6.5954,3.6183,3.4809,0,0,0
-0.6299,-0.312,0.7092,-7.4198,4.4504,1.7328,0,0,0
-0.6335,-0.3071,0.7009,-10.5954,3.5954,-0.6718,0,0,0
-0.6377,-0.3267,0.7046,-12.3969,1.7939,-2.7863,0,0,0
-0.6316,-0.3279,0.6909,-14.8702,0.5191,-2.9313,0,0,0
-0.6379,-0.3376,0.6941,-17.1908,0.0458,-3.6336,0,0,0
-0.6311,-0.3457,0.7056,-17.1985,-1.0687,-5.084,0,0,0
-0.6182,-0.3508,0.7188,-15.6412,-0.3435,-7.1221,0,0,0
-0.6079,-0.3467,0.718,-13.4046,2.3588,-9.9237,0,0,0
-0.6123,-0.3625,0.738,-12.0305,4.8702,-11.7023,0,0,0
-0.6272,-0.3662,0.7227,-9.9313,5.542,-10.374,0,0,0
-0.6277,-0.3711,0.7173,-10.0076,6.0763,-10.3664,0,0,0
-0.6428,-0.3831,0.7114,-9.0611,4.7405,-10.8779,0,0,0
-0.6404,-0.387,0.7051,-6.3206,3.9542,-11.6107,0,0,0
-0.6396,-0.3987,0.6909,-3.5115,2.0229,-9.9695,0,0,0
-0.6367,-0.3801,0.7048,-3.6336,0.313,-7.8397,0,0,0
-0.6211,-0.3855,0.6948,-4.2061,-1.1756,-4.9924,0,0,0
-0.6267,-0.387,0.6985,-4.3817,-0.542,-4.4198,0,0,0
-0.6243,-0.3862,0.696,-4.2214,-0.2672,-5.3588,0,0,0
-0.6155,-0.3838,0.7029,-3.5725,0.7786,-6.4809,0,0,0
-0.6313,-0.3743,0.6885,-3.5802,1.7176,-8.9466,0,0,0
-0.6333,-0.3804,0.6929,-3.9237,1.5954,-11.0153,0,0,0
-0.6311,-0.407,0.6934,-3.7939,-0.4351,-9.8015,0,0,0
-0.6196,-0.4067,0.7012,-2.5649,-1.1985,-7.2061,0,0,0
-0.6267,-0.4023,0.6975,-1.9771,-0.9771,-6.1832,0,0,0
-0.626,-0.396,0.697,-0.9313,-1.3588,-5.9847,0,0,0
-0.6226,-0.3577,0.6956,-1.9771,-1.5725,-7.3664,0,0,0
-0.6284,-0.387,0.6875,-3.4885,-2.458,-7.4046,0,0,0
-0.6211,-0.3821,0.6855,-5.0458,-2.8473,-7.6794,0,0,0
-0.6292,-0.3867,0.6858,-6.3969,-2.1985,-7.9542,0,0,0
-0.6133,-0.3601,0.6792,-7.8702,-2.3588,-10.3511,0,0,0
-0.6343,-0.3782,0.6772,-10.3969,-4.084,-12.3435,0,0,0
-0.6016,-0.4055,0.7026,-11.3511,-3.313,-9.5191,0,0,0
-0.6194,-0.4573,0.7085,-9.0916,-2.7786,-4.4656,0,0,0
-0.606,-0.4392,0.7131,-4.9771,-1.5115,-3.8168,0,0,0
-0.6221,-0.4124,0.696,-2.1756,-1.5878,-4.0,0,0,0
-0.6245,-0.4004,0.6858,-2.2137,-3.0916,-4.6489,0,0,0
-0.6321,-0.4014,0.6814,-3.7863,-5.2595,-5.8321,0,0,0
-0.6096,-0.4053,0.6912,-5.7099,-7.0,-5.8473,0,0,0
-0.6155,-0.4104,0.7017,-7.0916,-7.313,-5.4962,0,0,0
-0.6042,-0.4153,0.7112,-9.2519,-6.1679,-7.0229,0,0,0
-0.5994,-0.4182,0.7239,-12.5725,-4.4733,-6.8702,0,0,0
-0.5862,-0.4043,0.7346,-14.313,-1.9618,-6.1603,0,0,0
-0.6013,-0.4163,0.7476,-15.9771,1.3053,-6.8015,0,0,0
-0.6104,-0.438,0.7346,-16.0076,3.3435,-5.6718,0,0,0
-0.6042,-0.4646,0.7063,-12.7634,4.1908,-1.916,0,0,0
-0.6201,-0.4524,0.6887,-8.0534,3.1679,-0.458,0,0,0
-0.6184,-0.4268,0.6807,-4.9237,0.9466,-0.1832,0,0,0
-0.6089,-0.4192,0.6873,-3.7176,-0.1221,-0.6031,0,0,0
-0.6016,-0.3921,0.6689,-4.5878,-0.8092,-0.7939,0,0,0
-0.6101,-0.3997,0.6692,-4.8855,-0.3588,-1.4275,0,0,0
-0.5974,-0.4153,0.678,-4.8931,1.0,-2.5725,0,0,0
-0.6094,-0.4138,0.6641,-3.6183,1.3359,-3.0687,0,0,0
-0.6184,-0.4102,0.6628,-3.1145,0.626,-3.542,0,0,0
-0.6284,-0.4241,0.6624,-2.9466,-1.8779,-3.6947,0,0,0
-0.6104,-0.429,0.6768,-2.7176,-3.5267,-2.4504,0,0,0
-0.6082,-0.4314,0.6958,-3.3511,-3.5649,-1.3664,0,0,0
-0.604,-0.4353,0.7029,-2.9542,-3.084,-1.229,0,0,0
-0.6018,-0.4346,0.698,-1.9466,-1.9008,-0.8855,0,0,0
-0.6111,-0.4412,0.7007,-1.1832,-2.1069,-1.2137,0,0,0
-0.6104,-0.4417,0.6948,-0.7328,-2.1221,-1.145,0,0,0
-0.6025,-0.4329,0.6909,-1.4122,-2.0458,-1.1145,0,0,0
-0.5996,-0.4309,0.6841,-2.4504,-1.0763,-0.1374,0,0,0
-0.6047,-0.4285,0.6992,-3.1679,0.687,-0.7863,0,0,0
-0.6067,-0.4231,0.6902,-4.0611,1.1145,-1.2672,0,0,0
-0.6082,-0.4238,0.6792,-5.9466,0.5649,-0.7557,0,0,0
-0.6147,-0.428,0.6694,-6.1145,-0.5267,-0.3588,0,0,0
-0.6155,-0.4275,0.6692,-5.9542,-1.8855,-0.6489,0,0,0
-0.6147,-0.4368,0.6758,-4.5344,-3.7099,-0.6489,0,0,0
-0.6074,-0.4216,0.6807,-3.3359,-4.0153,-0.6489,0,0,0
-0.5957,-0.4216,0.6909,-3.3511,-3.8473,-0.2901,0,0,0
-0.5945,-0.4282,0.6978,-2.9847,-2.771,-0.1679,0,0,0
-0.603,-0.418,0.688,-3.1832,-1.855,-0.7176,0,0,0
-0.6147,-0.4182,0.6765,-3.7176,-1.9771,-1.1145,0,0,0
-0.6118,-0.4136,0.6826,-4.5878,-2.7939,-1.8779,0,0,0
-0.6125,-0.4246,0.6992,-4.2748,-3.7328,-2.7634,0,0,0
-0.6028,-0.438,0.7053,-4.4351,-4.4122,-2.3053,0,0,0
-0.5913,-0.4346,0.7197,-5.0,-3.4275,-1.7252,0,0,0
-0.5945,-0.4424,0.7229,-5.0534,-1.4122,-2.4275,0,0,0
-0.5957,-0.4456,0.7317,-4.2595,0.9389,-2.542,0,0,0
-0.6033,-0.4724,0.718,-2.1298,2.1985,-1.8855,0,0,0
-0.6079,-0.4609,0.7129,0.5802,2.313,-0.9008,0,0,0
-0.6091,-0.4417,0.7019,1.0534,1.4046,-0.3817,0,0,0
-0.6018,-0.4302,0.7012,0.0992,1.4733,0.9466,0,0,0
-0.6042,-0.425,0.6963,-1.4427,1.6947,0.7252,0,0,0
-0.6096,-0.4233,0.679,-2.4504,1.4122,-0.3664,0,0,0
-0.5994,-0.4202,0.6692,-3.542,1.4962,-0.7786,0,0,0
-0.5984,-0.4248,0.6589,-4.6336,1.7557,-0.4122,0,0,0
-0.6089,-0.4272,0.6616,-4.6183,1.8702,-0.4504,0,0,0
-0.6165,-0.4253,0.6604,-3.7099,0.9084,-0.916,0,0,0
-0.6135,-0.4231,0.647,-3.5649,-1.3588,-1.6031,0,0,0
-0.6082,-0.4341,0.6587,-3.8702,-3.1374,-1.4809,0,0,0
-0.6079,-0.4458,0.676,-2.7863,-3.4962,-0.2672,0,0,0
-0.6013,-0.4531,0.6799,-1.0611,-3.5344,0.8626,0,0,0
-0.6042,-0.4272,0.6863,0.0916,-3.0229,0.0458,0,0,0
-0.6052,-0.4138,0.6812,-0.9771,-3.2061,-1.374,0,0,0
-0.6072,-0.4211,0.6909,-3.2061,-3.3511,-1.9466,0,0,0
-0.6045,-0.429,0.6924,-4.5954,-4.1679,-1.8931,0,0,0
-0.6001,-0.4424,0.6877,-5.1908,-3.855,-0.4656,0,0,0
-0.6184,-0.4636,0.6958,-5.2748,-2.3817,0.2672,0,0,0
-0.5979,-0.449,0.7026,-3.6412,-2.7634,0.313,0,0,0
-0.5955,-0.4299,0.6902,-2.8168,-2.0916,0.8626,0,0,0
-0.5972,-0.4204,0.6975,-3.4046,-1.6489,-0.2748,0,0,0
-0.5994,-0.4199,0.6838,-4.2977,-0.6565,-1.3206,0,0,0
-0.6067,-0.4272,0.6641,-4.4351,-1.0763,-2.0687,0,0,0
-0.5974,-0.4426,0.6584,-2.9924,-1.7252,-1.7099,0,0,0
-0.6145,-0.4749,0.6582,0.9542,-3.3206,-0.2901,0,0,0
-0.5972,-0.4575,0.6814,5.687,-4.2901,0.4275,0,0,0
-0.5964,-0.4368,0.6772,7.6412,-3.771,0.4656,0,0,0
-0.6074,-0.407,0.6787,6.8244,-4.2901,-0.3511,0,0,0
-0.5989,-0.3816,0.6719,1.9618,-4.8321,-0.8702,0,0,0
-0.6062,-0.4185,0.6738,-2.916,-6.626,-1.687,0,0,0
-0.6001,-0.4595,0.6836,-2.0382,-7.3588,-0.7786,0,0,0
-0.6062,-0.4897,0.7,3.0916,-7.5267,-0.5344,0,0,0
-0.6001,-0.4829,0.7085,8.1985,-8.4656,0.5954,0,0,0
-0.5923,-0.4529,0.717,11.542,-8.5115,1.4733,0,0,0
-0.5781,-0.4363,0.7319,11.5649,-6.7939,1.855,0,0,0
-0.5767,-0.4817,0.7351,14.9542,-4.4351,1.9695,0,0,0
-0.5796,-0.4978,0.7114,22.6489,-1.7634,2.3435,0,0,0
-0.5974,-0.4832,0.6965,31.4656,-2.0305,3.6031,0,0,0
-0.604,-0.437,0.6726,35.7557,-4.2595,4.8779,0,0,0
-0.6096,-0.3938,0.6692,36.0,-7.4351,5.3817,0,0,0
-0.6184,-0.3635,0.6819,30.916,-11.1527,4.4962,0,0,0
-0.6179,-0.3528,0.6887,23.6107,-14.5115,3.3588,0,0,0
-0.583,-0.3589,0.7148,15.1374,-15.1298,2.9771,0,0,0
-0.571,-0.3594,0.7354,8.542,-12.6794,3.1908,0,0,0
-0.5588,-0.4028,0.7659,4.5038,-9.4809,3.3359,0,0,0
-0.5701,-0.4207,0.7734,6.687,-6.3359,3.2672,0,0,0
-0.5828,-0.4253,0.7695,9.8779,-4.313,3.7252,0,0,0
-0.5894,-0.4023,0.7532,12.2672,-4.1221,4.3664,0,0,0
-0.5901,-0.386,0.7502,12.2595,-4.374,4.3359,0,0,0
-0.5935,-0.355,0.7515,9.6336,-4.6718,4.084,0,0,0
-0.582,-0.3618,0.7617,5.6794,-5.2443,3.4122,0,0,0
-0.5762,-0.3618,0.7537,3.3664,-3.7863,3.6031,0,0,0
-0.5813,-0.353,0.7537,0.6183,-1.9466,3.2061,0,0,0
-0.5847,-0.3511,0.7537,-0.8855,-1.2519,2.5802,0,0,0
-0.5947,-0.3364,0.7346,-4.2137,-1.7328,1.5038,0,0,0
-0.5979,-0.3555,0.7356,-7.5267,-2.5573,1.084,0,0,0
-0.5901,-0.3562,0.731,-8.7481,-2.9313,0.6794,0,0,0
-0.5872,-0.3655,0.7432,-8.6031,-2.8168,0.374,0,0,0
-0.5874,-0.3669,0.7378,-7.0611,-2.8473,-0.2672,0,0,0
-0.582,-0.3689,0.7292,-6.542,-3.7252,-1.2595,0,0,0
-0.5767,-0.3931,0.7417,-3.8015,-3.458,-0.6336,0,0,0
-0.5811,-0.376,0.7415,-1.7557,-2.5649,0.1985,0,0,0
-0.5852,-0.3633,0.7498,-1.542,-1.8092,-0.4351,0,0,0
-0.584,-0.3569,0.7529,-3.3817,-1.9237,-1.2443,0,0,0
-0.5857,-0.3674,0.7441,-5.9237,-1.9847,-1.7634,0,0,0
-0.5859,-0.3792,0.7451,-7.2366,-2.4122,-2.3206,0,0,0
-0.5847,-0.3784,0.7456,-8.1069,-2.7176,-2.2443,0,0,0
-0.5862,-0.373,0.7356,-10.4962,-3.6107,-2.5954,0,0,0
-0.5835,-0.4075,0.7375,-10.5267,-3.5496,-2.542,0,0,0
-0.5691,-0.4067,0.7554,-8.4275,-3.5649,-2.5344,0,0,0
-0.5625,-0.4275,0.7666,-5.0687,-1.8855,-1.7328,0,0,0
-0.5667,-0.45,0.7769,-0.7405,0.5344,-0.1527,0,0,0
-0.5735,-0.425,0.7678,3.6565,2.3588,0.6947,0,0,0
-0.5833,-0.3945,0.752,4.229,2.6183,1.0763,0,0,0
-0.5845,-0.373,0.7412,1.7939,1.7786,1.3435,0,0,0
-0.5808,-0.3679,0.7317,-1.771,1.8168,0.5267,0,0,0
-0.5828,-0.3691,0.7244,-5.1298,1.5573,-0.0305,0,0,0
-0.5823,-0.3821,0.7107,-7.084,1.0534,-0.4275,0,0,0
-0.584,-0.3972,0.7014,-6.4962,0.4122,-0.084,0,0,0
-0.5752,-0.3958,0.7068,-5.2595,-0.1679,1.0611,0,0,0
-0.5833,-0.406,0.7102,-2.8779,0.0076,1.6107,0,0,0
-0.5894,-0.3994,0.7058,0.1298,-1.3893,1.4198,0,0,0
-0.5977,-0.3826,0.7031,1.4427,-2.6107,1.687,0,0,0
-0.5901,-0.3677,0.7109,1.0229,-4.3282,1.5038,0,0,0
-0.5828,-0.3606,0.7161,-1.229,-4.8779,0.8626,0,0,0
-0.5815,-0.3633,0.7251,-3.8855,-4.5115,0.2214,0,0,0
-0.5789,-0.3772,0.7307,-6.0763,-4.3893,-0.1527,0,0,0
-0.5818,-0.3838,0.7351,-5.8855,-4.2977,0.542,0,0,0
-0.5801,-0.386,0.7388,-5.1145,-5.0382,1.5191,0,0,0
-0.574,-0.3887,0.7566,-4.9847,-4.5954,1.2061,0,0,0
-0.583,-0.3811,0.7588,-5.6031,-4.0916,0.8244,0,0,0
-0.5813,-0.3643,0.7554,-7.145,-3.2061,-0.2061,0,0,0
-0.5789,-0.3652,0.7563,-9.5954,-2.8015,-0.6641,0,0,0
-0.5759,-0.3689,0.7473,-11.8092,-2.9618,-1.7328,0,0,0
-0.5732,-0.3743,0.7466,-13.7405,-2.4351,-2.3664,0,0,0
-0.5757,-0.3806,0.7485,-14.9237,-2.313,-2.6107,0,0,0
-0.574,-0.3862,0.7466,-15.6031,-1.6336,-2.7786,0,0,0
-0.5747,-0.3948,0.7407,-15.9771,-0.9084,-2.2519,0,0,0
-0.5769,-0.4033,0.7314,-15.6183,-1.458,-1.6031,0,0,0
-0.5764,-0.4065,0.7334,-14.3893,-2.0763,-1.5649,0,0,0
-0.5798,-0.4131,0.7261,-13.2748,-2.4351,-1.9618,0,0,0
-0.5737,-0.4072,0.7236,-12.2901,-2.8626,-2.2748,0,0,0
-0.574,-0.4226,0.7244,-10.6031,-2.5954,-1.5344,0,0,0
-0.5745,-0.4329,0.7327,-8.313,-2.4962,-1.7939,0,0,0
-0.5691,-0.4248,0.7351,-6.1527,-1.8855,-1.6718,0,0,0
-0.5686,-0.4138,0.7266,-5.3053,-1.4351,-1.458,0,0,0
-0.5754,-0.4055,0.7205,-5.6183,-0.8473,-2.0916,0,0,0
-0.5784,-0.4016,0.7131,-6.6641,-1.771,-1.5573,0,0,0
-0.5833,-0.4153,0.7097,-7.0916,-2.8015,-1.2824,0,0,0
-0.5801,-0.4138,0.7175,-7.1832,-4.2443,-1.229,0,0,0
-0.575,-0.4114,0.7119,-6.916,-5.8168,-0.9389,0,0,0
-0.5674,-0.4272,0.7261,-5.4427,-6.2672,-0.3053,0,0,0
-0.5684,-0.4253,0.7356,-3.771,-5.9237,-0.2977,0,0,0
-0.5676,-0.4255,0.7329,-2.6794,-5.3817,0.0992,0,0,0
-0.5667,-0.4031,0.7271,-2.3969,-4.6107,-0.1603,0,0,0
-0.5715,-0.4063,0.7297,-3.5038,-4.5496,-0.3511,0,0,0
-0.5737,-0.4053,0.7314,-4.1603,-4.7481,-0.3053,0,0,0
-0.5688,-0.4165,0.7251,-4.6031,-5.5573,-0.0076,0,0,0
-0.5789,-0.4167,0.7266,-4.1527,-6.7557,-0.3282,0,0,0
-0.5669,-0.4231,0.7373,-4.0153,-7.1527,0.0916,0,0,0
-0.5667,-0.4224,0.7437,-3.5344,-7.4504,0.9084,0,0,0
-0.5581,-0.4177,0.7493,-2.542,-7.3053,0.5344,0,0,0
-0.5618,-0.4116,0.7417,-2.3282,-6.2901,-0.5038,0,0,0
-0.5552,-0.4075,0.7495,-3.3053,-5.1145,-1.4122,0,0,0
-0.5554,-0.4063,0.7388,-4.2214,-3.5649,-1.3435,0,0,0
-0.5574,-0.4138,0.7312,-5.1374,-2.4351,-2.0611,0,0,0
-0.5618,-0.4099,0.7354,-5.8702,-2.0687,-2.229,0,0,0
-0.5601,-0.408,0.7358,-6.9008,-1.8397,-2.4122,0,0,0
-0.5615,-0.4226,0.7239,-7.6641,-2.5725,-1.145,0,0,0
-0.5676,-0.4255,0.7305,-7.6489,-3.8397,-0.7634,0,0,0
-0.5608,-0.4495,0.7363,-5.8855,-4.3282,-0.2366,0,0,0
-0.5679,-0.4561,0.7444,-2.1908,-4.4427,-0.0534,0,0,0
-0.5552,-0.427,0.7529,-0.1298,-4.7481,0.0916,0,0,0
-0.5564,-0.4243,0.7419,0.1908,-4.3359,0.5344,0,0,0
-0.5559,-0.4194,0.7466,-0.2519,-3.9008,0.7099,0,0,0
-0.5557,-0.4214,0.7595,-0.7481,-2.7863,0.1679,0,0,0
-0.5518,-0.4104,0.7405,-2.2977,-1.4275,0.3206,0,0,0
-0.5586,-0.4155,0.7446,-3.6947,-0.8015,0.3053,0,0,0
-0.554,-0.4312,0.7476,-4.5573,-1.0076,0.542,0,0,0
-0.564,-0.4294,0.741,-4.0229,-0.5954,0.4656,0,0,0
-0.5598,-0.4175,0.7363,-3.4962,-0.4122,0.3893,0,0,0
-0.5581,-0.4121,0.7222,-4.1298,-0.4198,-0.1832,0,0,0
-0.5581,-0.417,0.7202,-4.6183,-0.9466,-0.3053,0,0,0
-0.5676,-0.4189,0.7144,-4.3282,-2.1908,0.2061,0,0,0
-0.5635,-0.4226,0.7212,-3.3206,-3.0916,0.2595,0,0,0
-0.5625,-0.4199,0.7207,-2.3664,-4.0916,-0.0305,0,0,0
-0.5579,-0.4146,0.7192,-1.9237,-4.6718,0.1603,0,0,0
-0.5562,-0.4229,0.7354,-1.6412,-4.4504,0.3588,0,0,0
-0.5498,-0.4131,0.7439,-1.4046,-4.3053,0.7176,0,0,0
-0.5483,-0.4209,0.7512,-1.5878,-2.8321,0.313,0,0,0
-0.5466,-0.4385,0.7566,-0.9466,-1.7099,0.771,0,0,0
-0.551,-0.4294,0.7422,-0.4198,-0.916,1.6183,0,0,0
-0.5586,-0.4241,0.7395,-0.3282,-0.3817,1.9771,0,0,0
-0.561,-0.4126,0.7383,-1.5038,-1.2214,1.3969,0,0,0
-0.5596,-0.4094,0.7288,-2.9771,-1.9466,0.6489,0,0,0
-0.5601,-0.4106,0.7341,-3.9924,-2.2137,0.1374,0,0,0
-0.5603,-0.4153,0.7317,-4.4198,-2.7863,-0.2595,0,0,0
-0.5557,-0.4126,0.7322,-4.2901,-3.0153,-0.3359,0,0,0
-0.5547,-0.408,0.7393,-4.0,-3.0076,-0.2519,0,0,0
-0.5579,-0.4165,0.7334,-3.7863,-3.1527,-0.5115,0,0,0
-0.5576,-0.4109,0.738,-3.7023,-3.3817,0.2824,0,0,0
-0.5518,-0.4138,0.731,-3.6641,-3.8321,0.145,0,0,0
-0.5505,-0.4136,0.7363,-3.2595,-3.2137,-0.0992,0,0,0
-0.5503,-0.425,0.7417,-2.5038,-3.2137,-0.8168,0,0,0
-0.5559,-0.4268,0.7451,-1.458,-2.9084,-0.542,0,0,0
-0.5518,-0.4253,0.7485,-1.3511,-2.8626,-0.9008,0,0,0
-0.5593,-0.4202,0.7432,-1.3511,-2.6718,-0.3435,0,0,0
-0.553,-0.4148,0.748,-1.4351,-2.4809,-0.5878,0,0,0
-0.5481,-0.4138,0.751,-2.458,-1.6183,-1.4962,0,0,0
-0.5449,-0.4175,0.7463,-3.1908,-1.1145,-1.1832,0,0,0
-0.5488,-0.438,0.748,-3.7252,-1.0763,-0.0992,0,0,0
-0.5547,-0.4255,0.7476,-3.3435,-0.3969,-0.1603,0,0,0
-0.5515,-0.4202,0.748,-3.3282,0.2977,-0.5573,0,0,0
-0.5452,-0.4055,0.7312,-4.4885,0.5878,-1.1832,0,0,0
-0.5667,-0.4277,0.7292,-5.1221,-0.5267,-0.7176,0,0,0
-0.5488,-0.4258,0.7278,-3.5115,-1.0153,-1.3969,0,0,0
-0.5566,-0.426,0.7278,-3.3664,-2.1756,-1.4122,0,0,0
-0.5562,-0.4119,0.7258,-3.0763,-2.626,-1.5802,0,0,0
-0.5549,-0.4241,0.7322,-2.9847,-2.9389,-1.0458,0,0,0
-0.5518,-0.4265,0.7429,-2.4962,-3.5267,0.0153,0,0,0
-0.5491,-0.4233,0.7439,-1.8397,-3.5191,0.1527,0,0,0
-0.5417,-0.4165,0.7517,-1.4351,-1.9466,-0.5344,0,0,0
-0.5461,-0.415,0.7598,-2.3359,-0.8321,-1.4275,0,0,0
-0.5508,-0.4229,0.7488,-3.2595,-0.1679,-1.8092,0,0,0
-0.5525,-0.4319,0.7378,-2.9084,-0.6718,-1.1679,0,0,0
-0.5583,-0.4326,0.7314,-2.4046,-1.4504,-0.3893,0,0,0
-0.5542,-0.4282,0.7351,-1.6489,-2.4504,-0.8626,0,0,0
-0.5461,-0.4194,0.7327,-2.2672,-3.0,-0.9084,0,0,0
-0.542,-0.4143,0.7344,-2.8626,-2.4962,-1.1679,0,0,0
-0.5425,-0.415,0.7371,-3.3053,-1.4427,-1.6718,0,0,0
-0.5496,-0.4248,0.7412,-3.1069,-1.2824,-2.5878,0,0,0
-0.5459,-0.4348,0.741,-2.8321,-1.0992,-2.3359,0,0,0
-0.5476,-0.4382,0.7378,-2.2901,-1.7023,-1.6031,0,0,0
-0.5574,-0.438,0.7336,-2.229,-2.5267,-0.3969,0,0,0
-0.553,-0.428,0.7349,-1.916,-2.9237,0.145,0,0,0
-0.5476,-0.4314,0.7417,-2.0305,-3.0076,-0.6947,0,0,0
-0.5466,-0.4219,0.7478,-2.8015,-2.4504,-0.7023,0,0,0
-0.5427,-0.428,0.7393,-3.5191,-2.1603,-0.3588,0,0,0
-0.5452,-0.4297,0.7363,-3.2443,-1.9313,0.0916,0,0,0
-0.5493,-0.4265,0.7344,-2.8779,-1.8244,-0.5115,0,0,0
-0.5476,-0.4302,0.7424,-2.0458,-2.5802,-0.916,0,0,0
-0.5488,-0.4216,0.7405,-2.1603,-2.8931,-1.1221,0,0,0
-0.5488,-0.4282,0.7439,-2.4351,-3.2824,-1.145,0,0,0
-0.5376,-0.4231,0.7581,-2.5954,-3.084,-0.6947,0,0,0
-0.5425,-0.4209,0.7542,-3.1908,-2.4504,-1.3511,0,0,0
-0.5396,-0.437,0.7559,-3.1603,-1.1985,-1.2748,0,0,0
-0.5427,-0.4365,0.7493,-2.4733,-0.9008,-0.7099,0,0,0
-0.5454,-0.427,0.7419,-2.313,-1.1298,-0.4885,0,0,0
-0.5496,-0.4333,0.7373,-2.084,-1.7252,-0.4809,0,0,0
-0.5425,-0.4285,0.739,-1.4733,-1.9771,-0.9466,0,0,0
-0.5435,-0.4285,0.7363,-1.5802,-2.4427,-1.1298,0,0,0
-0.5452,-0.4338,0.7429,-1.4427,-2.8244,-0.3817,0,0,0
-0.5369,-0.4338,0.7395,-1.5496,-2.0382,0.6947,0,0,0
-0.5361,-0.4253,0.7512,-1.0305,-0.7023,0.2366,0,0,0
-0.541,-0.4277,0.7437,-0.7252,-0.5038,-0.084,0,0,0
-0.5422,-0.4287,0.7502,-1.0992,-1.2824,-0.3435,0,0,0
-0.5454,-0.4302,0.7595,-1.5954,-1.3206,-0.2443,0,0,0
-0.5432,-0.428,0.7646,-2.0458,-1.626,-0.0763,0,0,0
-0.5408,-0.4287,0.7568,-2.3053,-1.0534,-0.084,0,0,0
-0.5398,-0.4246,0.7542,-2.7176,-0.1527,-0.1832,0,0,0
-0.5383,-0.4233,0.7507,-2.9237,0.7252,-0.6565,0,0,0
-0.5442,-0.4297,0.7422,-3.0992,0.6718,-0.7481,0,0,0
-0.543,-0.4333,0.7271,-2.916,0.4427,1.0305,0,0,0
-0.5483,-0.4233,0.7314,-1.8626,-0.542,0.9389,0,0,0
-0.552,-0.4209,0.7334,-0.9466,-1.3206,0.3359,0,0,0
-0.5483,-0.4138,0.7339,-0.9466,-1.9008,0.0916,0,0,0
-0.5432,-0.4141,0.741,-1.3435,-2.5649,-0.6794,0,0,0
-0.5396,-0.4143,0.7385,-1.7939,-2.6947,-0.9084,0,0,0
-0.5396,-0.4272,0.7498,-2.2214,-2.3511,-1.4962,0,0,0
-0.5388,-0.4294,0.7573,-1.7328,-1.626,-1.5115,0,0,0
-0.5386,-0.4285,0.7437,-1.916,-1.2366,-1.2519,0,0,0
-0.5422,-0.4277,0.7507,-2.1069,-1.1221,-0.4962,0,0,0
-0.5417,-0.425,0.748,-2.0076,-0.7634,-0.3817,0,0,0
-0.5427,-0.4341,0.7444,-1.5878,-1.2748,-0.374,0,0,0
-0.5369,-0.4207,0.7498,-1.9237,-0.8244,-0.7099,0,0,0
-0.5398,-0.4143,0.7427,-2.2672,-0.542,-1.2901,0,0,0
-0.5366,-0.4219,0.7454,-2.7863,0.0382,-1.374,0,0,0
-0.5417,-0.4263,0.7371,-3.1832,-0.0458,-0.4962,0,0,0
-0.5461,-0.4263,0.7356,-2.7939,-0.9847,-0.542,0,0,0
-0.5432,-0.426,0.731,-2.0916,-1.4275,-0.9771,0,0,0
-0.5398,-0.4253,0.7358,-1.8779,-1.4046,-1.4046,0,0,0
-0.5408,-0.4333,0.7334,-1.9389,-1.9771,-1.1145,0,0,0
-0.5422,-0.438,0.7463,-1.1298,-2.3588,-0.5649,0,0,0
-0.5425,-0.4351,0.7603,-1.0229,-1.8092,-0.7481,0,0,0
-0.5366,-0.4299,0.7529,-1.0687,-1.1145,-1.3435,0,0,0
-0.5381,-0.4314,0.759,-1.9008,-0.6107,-1.145,0,0,0
-0.541,-0.4319,0.7561,-2.4351,-0.5954,-1.2061,0,0,0
-0.5393,-0.4351,0.7446,-2.8092,-0.9313,-1.2977,0,0,0
-0.5454,-0.428,0.7385,-2.916,-0.8168,-1.0076,0,0,0
-0.5383,-0.4285,0.7422,-2.8626,-0.8779,-0.6947,0,0,0
-0.5369,-0.4229,0.74,-2.2672,-0.374,-0.5267,0,0,0
-0.5413,-0.4236,0.7302,-1.7405,-0.1374,-1.3664,0,0,0
-0.5488,-0.4216,0.7258,-0.9618,-1.2824,-2.0992,0,0,0
-0.541,-0.4277,0.7288,-1.1298,-2.2977,-1.4962,0,0,0
-0.54,-0.4275,0.7307,-1.1069,-2.6183,-0.1298,0,0,0
-0.5403,-0.4329,0.7454,-0.5496,-2.9771,-0.626,0,0,0
-0.5374,-0.4255,0.74,-0.1527,-2.3817,-1.1069,0,0,0
-0.54,-0.4233,0.7471,-1.3817,-2.7252,-1.4351,0,0,0
-0.5391,-0.4221,0.7493,-2.1069,-2.8015,-1.4733,0,0,0
-0.5381,-0.429,0.7402,-2.9695,-2.5573,-1.7099,0,0,0
-0.5376,-0.4358,0.738,-2.6489,-3.0687,-1.7939,0,0,0
-0.5334,-0.438,0.7351,-1.2519,-3.0382,-1.4656,0,0,0
-0.5444,-0.4182,0.7358,-0.4656,-3.7176,-0.9389,0,0,0
-0.5349,-0.4275,0.7439,-0.9389,-4.4046,-0.5725,0,0,0
-0.5369,-0.4231,0.7532,-0.4122,-4.374,-0.6718,0,0,0
-0.5366,-0.4285,0.74,-0.1145,-3.916,-0.5496,0,0,0
-0.533,-0.4246,0.7466,0.1985,-3.8397,-1.5191,0,0,0
-0.5332,-0.4146,0.7532,-0.1603,-3.5191,-1.0382,0,0,0
-0.5322,-0.4124,0.7593,-0.9389,-2.8015,-1.5115,0,0,0
-0.5283,-0.4109,0.7478,-1.4427,-2.5878,-1.9237,0,0,0
-0.5281,-0.4138,0.7454,-1.9847,-2.0992,-2.374,0,0,0
-0.5356,-0.4255,0.7383,-2.0458,-2.6412,-2.9237,0,0,0
-0.5386,-0.4277,0.7339,-0.7786,-3.7557,-3.2366,0,0,0
-0.5371,-0.4348,0.7351,-0.2366,-4.5878,-3.0305,0,0,0
-0.5344,-0.4346,0.7417,0.9542,-5.7252,-2.5496,0,0,0
-0.5291,-0.4429,0.7505,1.916,-6.2824,-2.0305,0,0,0
-0.5242,-0.436,0.7683,2.4809,-5.9008,-2.145,0,0,0
-0.5247,-0.4309,0.7683,1.6947,-4.7252,-2.3588,0,0,0
-0.5266,-0.4404,0.7598,0.4504,-4.6718,-2.1145,0,0,0
-0.5222,-0.4563,0.772,-0.1298,-4.6565,-0.7939,0,0,0
-0.5291,-0.46,0.7749,0.4504,-4.687,-0.4275,0,0,0
-0.52,-0.4629,0.7822,1.5802,-4.542,-0.0076,0,0,0
-0.5188,-0.4426,0.7859,1.2214,-4.0992,0.6183,0,0,0
-0.5217,-0.4487,0.7908,0.771,-4.1069,0.6565,0,0,0
-0.5171,-0.4421,0.7961,0.2672,-2.7939,0.8321,0,0,0
-0.5193,-0.4329,0.7908,-1.3359,-1.626,1.6641,0,0,0
-0.5146,-0.4338,0.7839,-2.5802,-0.2595,1.5802,0,0,0
-0.5195,-0.4236,0.7644,-3.0992,1.2672,0.9008,0,0,0
-0.5225,-0.4233,0.7551,-3.7328,2.1527,0.9008,0,0,0
-0.531,-0.426,0.7305,-3.4504,1.3206,2.3206,0,0,0
-0.5305,-0.4187,0.7302,-2.8473,-0.0534,2.374,0,0,0
-0.5388,-0.4216,0.7302,-1.9466,-1.6412,1.8092,0,0,0
-0.5261,-0.4229,0.7312,-0.9771,-2.5191,1.5344,0,0,0
-0.5286,-0.4294,0.7454,-0.8397,-3.7023,1.6336,0,0,0
-0.5269,-0.4246,0.7507,-0.1756,-4.1756,1.4046,0,0,0
-0.522,-0.417,0.7603,-0.3053,-4.0382,1.0382,0,0,0
-0.5261,-0.4238,0.7615,-0.7099,-3.9389,1.8855,0,0,0
-0.5198,-0.4241,0.7683,-0.8168,-3.6412,1.6947,0,0,0
-0.5266,-0.4214,0.7695,-0.5878,-3.5802,1.4733,0,0,0
-0.5222,-0.4141,0.7676,-0.7023,-3.5496,1.6718,0,0,0
-0.5271,-0.4219,0.76,-0.8931,-3.5725,1.4427,0,0,0
-0.5261,-0.4075,0.7642,-0.916,-3.9313,0.9466,0,0,0
-0.5247,-0.4092,0.759,-0.3053,-3.771,0.0153,0,0,0
-0.5242,-0.4041,0.7402,-0.4809,-4.0076,-0.3359,0,0,0
-0.5229,-0.3923,0.7363,-1.2443,-4.6412,-0.7176,0,0,0
-0.5166,-0.3855,0.7295,-1.9771,-4.4427,-1.6031,0,0,0
-0.5208,-0.3792,0.7122,-3.5115,-4.6183,-1.6183,0,0,0
-0.5283,-0.4043,0.7234,-4.2748,-5.3817,-2.6641,0,0,0
-0.5273,-0.4365,0.719,-2.7328,-6.5344,-3.2748,0,0,0
-0.5386,-0.4668,0.7483,1.5267,-10.1679,-1.1069,0,0,0
-0.5078,-0.449,0.7615,5.3053,-10.7634,0.1145,0,0,0
-0.5225,-0.4465,0.7815,6.2443,-11.6947,0.1298,0,0,0
-0.5076,-0.4326,0.7915,5.2366,-11.0687,1.229,0,0,0
-0.5044,-0.4268,0.7979,3.3664,-9.6794,1.3206,0,0,0
-0.4998,-0.4204,0.7998,1.8397,-7.8779,1.2901,0,0,0
-0.499,-0.4158,0.7915,0.1756,-5.8855,1.1221,0,0,0
-0.5051,-0.4172,0.7769,-1.0305,-4.5649,1.3588,0,0,0
-0.5107,-0.4326,0.7869,0.4733,-5.8015,0.7557,0,0,0
-0.5137,-0.4268,0.7893,1.9389,-6.7481,1.2137,0,0,0
-0.5115,-0.4255,0.7917,2.1832,-8.084,1.771,0,0,0
-0.5029,-0.4114,0.8003,2.1908,-8.687,1.7557,0,0,0
-0.4915,-0.4041,0.8079,1.4122,-7.687,1.2061,0,0,0
-0.4932,-0.397,0.8018,0.1832,-5.4733,0.7939,0,0,0
-0.4915,-0.3984,0.7876,-0.8473,-3.3206,-0.3206,0,0,0
-0.4978,-0.3933,0.7732,-1.5115,-1.5038,0.1069,0,0,0
-0.5049,-0.3931,0.7529,-2.3359,-1.2519,0.3588,0,0,0
-0.4985,-0.3809,0.7363,-2.7863,-2.1985,-0.5496,0,0,0
-0.5286,-0.4045,0.7278,-3.8473,-3.8092,-1.0229,0,0,0
-0.5066,-0.416,0.7358,-2.5496,-6.4962,-1.1374,0,0,0
-0.511,-0.4172,0.7295,-1.9084,-7.2901,-0.9542,0,0,0
-0.5042,-0.4175,0.7275,-1.9313,-7.8931,-0.2443,0,0,0
-0.5,-0.408,0.7244,-2.8397,-8.3664,-0.4427,0,0,0
-0.5068,-0.4243,0.7297,-4.313,-9.4198,-0.4427,0,0,0
-0.488,-0.4209,0.7458,-3.9618,-10.5878,0.0992,0,0,0
-0.5071,-0.4238,0.762,-3.4809,-12.0382,0.687,0,0,0
-0.5066,-0.4146,0.7749,-2.0534,-13.7481,0.2748,0,0,0
-0.4963,-0.4182,0.7979,-2.084,-14.9618,0.5344,0,0,0
-0.4907,-0.4153,0.8108,-2.2137,-15.7557,0.687,0,0,0
-0.489,-0.4233,0.8257,-1.9389,-15.8702,0.4275,0,0,0
-0.4734,-0.4209,0.8464,-1.7786,-14.8397,0.1985,0,0,0
-0.4756,-0.4199,0.8501,-2.0305,-13.0916,0.9313,0,0,0
-0.4724,-0.4099,0.8591,-2.4275,-12.0458,1.2748,0,0,0
-0.4673,-0.4009,0.8601,-2.7099,-10.0076,1.3664,0,0,0
-0.4646,-0.3938,0.8508,-2.6336,-7.2519,0.313,0,0,0
-0.4688,-0.3899,0.8467,-2.8626,-5.626,-0.6336,0,0,0
-0.4751,-0.3965,0.8342,-2.9466,-4.9542,-1.3664,0,0,0
-0.4734,-0.4014,0.8291,-2.2137,-4.7939,-1.7863,0,0,0
-0.4707,-0.3931,0.8235,-2.3893,-4.3435,-2.5344,0,0,0
-0.4688,-0.395,0.8208,-2.4885,-3.771,-3.2672,0,0,0
-0.4683,-0.4006,0.8152,-2.9695,-2.5725,-2.7481,0,0,0
-0.4675,-0.4124,0.8113,-2.3053,-1.8931,-3.1374,0,0,0
-0.4736,-0.4263,0.8047,-1.2443,-1.9084,-2.5725,0,0,0
-0.4797,-0.4417,0.8054,0.4351,-2.313,-2.1908,0,0,0
-0.479,-0.4363,0.8088,2.229,-3.626,-2.5038,0,0,0
-0.4749,-0.4258,0.8081,2.2977,-4.5573,-1.626,0,0,0
-0.4685,-0.4233,0.8152,1.5496,-4.6718,-1.4809,0,0,0
-0.4661,-0.418,0.8149,0.9237,-3.771,-1.4122,0,0,0
-0.4575,-0.4248,0.8171,-0.1756,-2.5267,-0.9771,0,0,0
-0.4624,-0.4277,0.8057,-0.2595,-0.8092,-0.8779,0,0,0
-0.4744,-0.418,0.7896,-0.6489,-0.1908,-0.5802,0,0,0
-0.4705,-0.416,0.7957,-1.3435,-0.0687,-0.8779,0,0,0
-0.4768,-0.416,0.7861,-1.9695,-0.3511,-0.7176,0,0,0
-0.4736,-0.425,0.793,-1.4656,-1.5802,-0.3282,0,0,0
-0.4778,-0.4263,0.7871,-0.4198,-2.7023,0.1756,0,0,0
-0.4792,-0.4285,0.793,0.2137,-2.7786,0.145,0,0,0
-0.4712,-0.4241,0.7986,0.8244,-3.2137,-0.2519,0,0,0
-0.4746,-0.4167,0.7998,0.9313,-3.4885,-0.1603,0,0,0
-0.4673,-0.4167,0.8037,0.5725,-4.1832,0.0992,0,0,0
-0.4719,-0.415,0.8118,0.4427,-4.2595,0.2595,0,0,0
-0.4707,-0.4111,0.8054,0.2443,-4.1298,0.2595,0,0,0
-0.4727,-0.4146,0.8057,0.1069,-4.2061,0.4885,0,0,0
-0.4714,-0.4255,0.801,0.5954,-4.229,0.1527,0,0,0
-0.4692,-0.4187,0.8066,0.7481,-4.7252,0.5573,0,0,0
-0.469,-0.4114,0.804,0.8244,-5.4351,0.7634,0,0,0
-0.4658,-0.4136,0.8035,1.0153,-5.5954,0.771,0,0,0
-0.468,-0.4075,0.7998,0.0611,-5.3206,1.0916,0,0,0
-0.4585,-0.4111,0.7996,-0.4504,-5.6947,1.2214,0,0,0
-0.4663,-0.4063,0.7959,-2.0763,-5.0458,1.2519,0,0,0
-0.4619,-0.4119,0.7979,-3.0611,-4.2443,1.2901,0,0,0
-0.4626,-0.4185,0.7969,-3.4351,-4.0687,1.4351,0,0,0
-0.4685,-0.4226,0.7917,-2.7328,-4.0305,1.4733,0,0,0
-0.4685,-0.4233,0.7876,-2.4198,-5.0611,1.8015,0,0,0
-0.4719,-0.426,0.7898,-2.2443,-6.3053,2.4046,0,0,0
-0.467,-0.4192,0.7917,-2.2901,-7.9618,2.7634,0,0,0
-0.4683,-0.4287,0.7964,-2.0382,-9.374,3.0916,0,0,0
-0.4629,-0.4231,0.8135,-2.0076,-9.916,3.7786,0,0,0
-0.4561,-0.4119,0.8213,-1.5344,-9.8321,4.2519,0,0,0
-0.4507,-0.4004,0.8235,-2.0916,-9.0534,4.1374,0,0,0
-0.4509,-0.3938,0.8257,-2.6183,-8.2595,3.9771,0,0,0
-0.4543,-0.394,0.8315,-3.5344,-7.229,3.9847,0,0,0
-0.4487,-0.3789,0.8262,-4.4885,-6.3664,3.7328,0,0,0
-0.4551,-0.3848,0.8186,-4.6412,-6.5115,3.1603,0,0,0
-0.4502,-0.386,0.8303,-4.0687,-5.9542,2.458,0,0,0
-0.4583,-0.3879,0.8228,-2.6565,-5.9466,2.0687,0,0,0
-0.4514,-0.3799,0.832,-1.3282,-6.0763,1.3893,0,0,0
-0.4509,-0.3691,0.8157,-1.2137,-5.9618,0.9466,0,0,0
-0.4565,-0.3738,0.823,-2.1527,-6.0611,-0.0992,0,0,0
-0.4363,-0.3691,0.8296,-2.8855,-5.1221,-0.7786,0,0,0
-0.4473,-0.3669,0.8274,-3.5573,-4.4198,-1.0305,0,0,0
-0.4502,-0.3962,0.8281,-3.2443,-4.0305,-1.5344,0,0,0
-0.4482,-0.3989,0.8289,-1.3511,-4.2519,-2.0229,0,0,0
-0.4487,-0.4028,0.8271,-0.7023,-3.9771,-2.3817,0,0,0
-0.4453,-0.3989,0.8191,-0.6947,-4.2901,-2.2595,0,0,0
-0.4473,-0.4019,0.822,-1.5038,-3.8092,-2.542,0,0,0
-0.4458,-0.4119,0.8184,-1.5649,-3.8244,-2.855,0,0,0
-0.4495,-0.4236,0.8181,-1.2672,-4.0305,-2.4733,0,0,0
-0.4492,-0.4312,0.8154,-1.0229,-4.9084,-1.9618,0,0,0
-0.4482,-0.4326,0.8218,-0.6641,-5.5267,-0.6183,0,0,0
-0.448,-0.426,0.823,-0.4885,-5.7176,-0.4733,0,0,0
-0.439,-0.427,0.825,-0.6412,-6.2595,-0.2595,0,0,0
-0.439,-0.4155,0.8315,-1.1374,-5.5802,0.5344,0,0,0
-0.4316,-0.4089,0.8306,-1.6336,-5.084,0.4198,0,0,0
-0.4412,-0.405,0.832,-2.7023,-4.5802,0.2137,0,0,0
-0.4424,-0.4033,0.8254,-3.0229,-4.1832,0.3969,0,0,0
-0.4312,-0.4053,0.8201,-3.0992,-3.7176,0.0229,0,0,0
-0.4385,-0.4077,0.814,-3.0458,-3.313,0.8244,0,0,0
-0.4399,-0.3882,0.8047,-3.0305,-3.855,0.8855,0,0,0
-0.4402,-0.3816,0.8054,-3.7557,-4.0611,0.2977,0,0,0
-0.4456,-0.3831,0.8066,-4.8855,-4.1298,-0.4656,0,0,0
-0.4348,-0.386,0.8196,-4.8702,-4.3359,-1.1145,0,0,0
-0.4373,-0.3894,0.8147,-3.6107,-5.6031,-1.145,0,0,0
-0.4321,-0.3838,0.8157,-3.687,-5.5802,-2.0,0,0,0
-0.4409,-0.3855,0.8152,-4.4275,-7.0153,-1.4275,0,0,0
-0.4182,-0.3877,0.825,-3.9542,-6.7939,-1.7328,0,0,0
-0.4258,-0.3857,0.8264,-4.4809,-6.0076,-3.0,0,0,0
-0.4185,-0.3999,0.8437,-3.8321,-5.1985,-3.313,0,0,0
-0.4336,-0.4053,0.8359,-2.4656,-4.8702,-3.1527,0,0,0
-0.4209,-0.4143,0.8425,-0.7939,-4.8702,-3.5267,0,0,0
-0.4233,-0.4109,0.8604,0.3435,-4.1832,-3.6183,0,0,0
-0.4231,-0.4172,0.8574,0.916,-3.5344,-4.3053,0,0,0
-0.4189,-0.4216,0.8501,0.8168,-2.2824,-4.4427,0,0,0
-0.4231,-0.4326,0.8433,0.4504,-1.7252,-3.8244,0,0,0
-0.4292,-0.4241,0.8286,-0.5802,-2.084,-2.8931,0,0,0
-0.438,-0.4282,0.8245,-2.916,-2.3817,-1.7481,0,0,0
-0.4297,-0.4346,0.8252,-3.0992,-3.6565,-0.8855,0,0,0
-0.4214,-0.4287,0.8198,-2.9618,-2.9389,-1.2748,0,0,0
-0.4275,-0.4363,0.8127,-2.4427,-1.7939,-0.916,0,0,0
-0.4336,-0.4238,0.8064,-2.6336,-2.1527,-0.5802,0,0,0
-0.4285,-0.4175,0.8013,-3.7328,-2.9924,0.3359,0,0,0
-0.4304,-0.405,0.8018,-6.0076,-4.3588,0.5802,0,0,0
-0.4214,-0.4202,0.8132,-7.8244,-6.1603,1.0534,0,0,0
-0.4292,-0.427,0.834,-6.626,-7.7405,1.5725,0,0,0
-0.4275,-0.4358,0.8472,-4.7557,-8.7863,1.9847,0,0,0
-0.4126,-0.4292,0.8616,-1.5878,-8.5267,1.5725,0,0,0
-0.4136,-0.4197,0.8623,0.5725,-6.9618,0.8092,0,0,0
-0.4158,-0.4194,0.8701,2.0229,-5.1221,0.3588,0,0,0
-0.4077,-0.396,0.8674,1.8931,-2.7863,-0.3282,0,0,0
-0.4131,-0.3984,0.8594,0.9695,-2.3588,-0.3282,0,0,0
-0.4126,-0.3999,0.8542,-0.5115,-1.4885,-0.1527,0,0,0
-0.4182,-0.3972,0.8472,-1.8397,-1.2061,-0.0153,0,0,0
-0.4172,-0.4001,0.8416,-2.8473,-1.6565,-0.3511,0,0,0
-0.4253,-0.4033,0.8391,-2.9313,-1.9237,-0.5725,0,0,0
-0.4109,-0.3992,0.8459,-2.2748,-2.1603,-0.9389,0,0,0
-0.4084,-0.3997,0.8296,-1.4122,-1.6794,-1.2748,0,0,0
-0.415,-0.3933,0.8196,-1.9847,-0.5954,-2.0763,0,0,0
-0.4238,-0.415,0.8149,-1.4962,-0.855,-2.6641,0,0,0
-0.4231,-0.4158,0.8174,-0.3664,-1.7252,-1.9771,0,0,0
-0.4204,-0.4211,0.825,0.1603,-2.6718,-1.2137,0,0,0
-0.4185,-0.4175,0.8296,0.2061,-3.5344,-0.8244,0,0,0
-0.4202,-0.4102,0.8335,-0.5115,-4.1298,-0.7863,0,0,0
-0.4141,-0.4075,0.8416,-1.687,-3.9237,-0.6183,0,0,0
-0.4111,-0.4165,0.8455,-2.8321,-3.3282,-0.9084,0,0,0
-0.4065,-0.4143,0.8442,-3.3588,-2.7939,-0.9771,0,0,0
-0.4075,-0.4182,0.8425,-2.4351,-1.771,-0.7863,0,0,0
-0.4131,-0.4233,0.8396,-1.8321,-1.6947,-0.5802,0,0,0
-0.4124,-0.4131,0.8352,-1.458,-1.2672,-0.229,0,0,0
-0.415,-0.406,0.8293,-1.6641,-2.0916,-0.5038,0,0,0
-0.4119,-0.4114,0.8352,-2.2137,-2.374,-0.2748,0,0,0
-0.4165,-0.4089,0.832,-2.1679,-2.7786,0.0916,0,0,0
-0.4126,-0.4138,0.8335,-1.6718,-3.2901,-0.3359,0,0,0
-0.4141,-0.4133,0.8364,-1.5725,-3.0076,-0.4122,0,0,0
-0.4111,-0.4146,0.8411,-0.9237,-3.0534,-0.5725,0,0,0
-0.4155,-0.4126,0.8416,-0.771,-3.2824,-0.1527,0,0,0
-0.4033,-0.4189,0.8503,-0.6107,-1.9847,-0.1908,0,0,0
-0.4067,-0.4229,0.8362,-0.7634,-1.1679,-0.9466,0,0,0
-0.406,-0.4231,0.8389,-0.2824,-1.145,-0.2977,0,0,0
-0.4194,-0.4097,0.8352,-0.6107,-1.9008,0.5496,0,0,0
-0.4138,-0.4063,0.8323,-1.5267,-2.5954,0.8321,0,0,0
-0.4094,-0.4197,0.8342,-1.8779,-2.7634,0.916,0,0,0
-0.4111,-0.4175,0.8342,-1.3969,-3.0305,1.0305,0,0,0
-0.3943,-0.4155,0.8494,-0.9466,-2.6565,0.8244,0,0,0
-0.3926,-0.3948,0.8555,-1.4656,-0.9313,0.6489,0,0,0
-0.408,-0.3789,0.8523,-4.2672,-0.0229,0.4427,0,0,0
-0.427,-0.3945,0.8467,-5.7481,-1.1069,0.3893,0,0,0
-0.4148,-0.4204,0.8545,-3.771,-1.6718,0.3206,0,0,0
-0.3938,-0.4243,0.8555,-0.6565,-1.2824,-0.1374,0,0,0
-0.4045,-0.4026,0.8455,0.9008,-0.374,-0.3893,0,0,0
-0.4102,-0.3933,0.8403,0.7634,-0.3664,-0.6031,0,0,0
-0.4043,-0.3933,0.8318,-0.9771,-0.0611,-1.3053,0,0,0
-0.4141,-0.4072,0.8335,-2.4885,-0.2366,-0.7328,0,0,0
-0.4116,-0.4167,0.8389,-2.3511,-0.9313,-0.6031,0,0,0
-0.4109,-0.4241,0.8354,-1.6947,-1.145,-0.3206,0,0,0
-0.408,-0.4224,0.8381,-0.8855,-1.3053,-0.1221,0,0,0
-0.4087,-0.4128,0.843,-1.0076,-1.2519,-0.4275,0,0,0
-0.3999,-0.415,0.8364,-1.9237,-0.6031,0.1603,0,0,0
-0.4177,-0.4138,0.8484,-2.2672,-0.855,-0.1908,0,0,0
-0.4063,-0.4231,0.8394,-1.8779,-1.4046,0.2061,0,0,0
-0.4045,-0.4207,0.8362,-1.3206,-0.2366,0.2824,0,0,0
-0.4146,-0.4182,0.8328,-1.4427,0.1221,0.1985,0,0,0
-0.4084,-0.4177,0.8406,-0.9542,-1.0916,0.6107,0,0,0
-0.4038,-0.3948,0.8372,-1.5038,-0.5878,0.771,0,0,0
-0.4014,-0.395,0.8403,-2.5802,0.0229,-0.3588,0,0,0
-0.4072,-0.4072,0.8442,-2.2672,0.9618,-0.9924,0,0,0
-0.4207,-0.4331,0.843,-1.2366,2.3817,-0.7023,0,0,0
-0.3909,-0.3831,0.8574,0.4046,0.7481,-0.5954,0,0,0
-0.4336,-0.3879,0.8562,-0.3588,0.0153,-0.8244,0,0,0
-0.4329,-0.3835,0.8569,-2.0687,-0.3969,-0.7634,0,0,0
-0.4014,-0.3774,0.8394,-3.374,2.3206,-1.313,0,0,0
-0.4155,-0.3977,0.8442,-4.0916,2.0611,-2.8779,0,0,0
-0.395,-0.4272,0.8372,-1.4198,1.6031,-3.1145,0,0,0
-0.4158,-0.4358,0.8203,1.9695,2.0,-2.5954,0,0,0
-0.4265,-0.4485,0.8181,3.7405,1.9847,-2.7099,0,0,0
-0.4258,-0.4165,0.8218,3.0382,0.6183,-1.0992,0,0,0
-0.4209,-0.3992,0.8342,-0.3511,-1.3664,-0.3053,0,0,0
-0.4302,-0.4155,0.8196,-4.626,1.2595,0.2977,0,0,0
-0.4353,-0.395,0.8101,-8.2214,-2.9695,2.1374,0,0,0
-0.3936,-0.4512,0.8289,-6.0229,-3.7176,0.7939,0,0,0
-0.3699,-0.4656,0.832,-1.5649,-2.6489,-0.1374,0,0,0
-0.3826,-0.4246,0.8408,3.0458,-0.8244,-0.7634,0,0,0
-0.4341,-0.4146,0.8328,1.9542,0.5496,0.6107,0,0,0
-0.4563,-0.3708,0.8396,-1.3664,-4.1527,2.0916,0,0,0
-0.4275,-0.3816,0.8589,-5.4427,-4.4656,2.1832,0,0,0
-0.3936,-0.3787,0.8657,-7.4504,-2.2672,1.542,0,0,0
-0.3865,-0.4199,0.8652,-6.1756,-0.4198,0.0534,0,0,0
-0.3994,-0.4019,0.8518,-3.4504,0.6489,0.2366,0,0,0
-0.3953,-0.4055,0.8337,-1.5344,1.9771,-0.9389,0,0,0
-0.4131,-0.3967,0.8345,-1.1832,0.4962,-1.2366,0,0,0
-0.4341,-0.408,0.8245,-0.6947,-1.3969,-1.1298,0,0,0
-0.4167,-0.417,0.8306,0.0916,-2.2595,-0.4962,0,0,0
-0.4033,-0.4087,0.8357,1.0534,-1.4885,-0.5573,0,0,0
-0.4001,-0.4106,0.8369,1.1069,-0.7023,-0.9237,0,0,0
-0.4153,-0.4089,0.8335,0.0153,0.1069,-0.8626,0,0,0
-0.4158,-0.4246,0.8342,-0.8168,-0.5496,-0.9847,0,0,0
-0.4131,-0.429,0.8293,-0.458,-1.4275,-0.2977,0,0,0
-0.4097,-0.4192,0.8452,-0.9924,-1.5878,0.6565,0,0,0
-0.4109,-0.4285,0.8481,-0.7634,-1.6183,0.8702,0,0,0
-0.4006,-0.4214,0.8496,-0.9008,-0.9008,1.4275,0,0,0
-0.4045,-0.4141,0.8445,-1.1527,0.3435,1.3664,0,0,0
-0.4089,-0.4084,0.8418,-1.5344,0.626,1.0611,0,0,0
-0.4177,-0.4114,0.8354,-1.7328,0.687,1.6336,0,0,0
-0.4165,-0.408,0.8362,-1.8015,-0.1221,1.7023,0,0,0
-0.4148,-0.4045,0.8306,-1.4198,-0.916,1.9847,0,0,0
-0.4067,-0.4036,0.8406,-0.6412,-1.5038,1.687,0,0,0
-0.4009,-0.3884,0.8455,-0.8473,-0.8702,0.9618,0,0,0
-0.407,-0.3855,0.8364,-0.6183,0.1908,-0.1679,0,0,0
-0.4282,-0.3889,0.8264,-3.7863,1.3206,-0.6641,0,0,0
-0.4263,-0.4155,0.8486,-2.3053,-2.084,-0.0458,0,0,0
-0.4248,-0.3782,0.8511,-2.9008,-0.7023,0.2061,0,0,0
-0.4224,-0.4158,0.8569,-2.2824,-2.0611,0.6336,0,0,0
-0.3918,-0.3872,0.8633,-1.2214,0.1985,0.1527,0,0,0
-0.4036,-0.3823,0.8499,-1.7176,0.9466,-1.3206,0,0,0
-0.4048,-0.3918,0.8477,-3.5344,2.3359,-1.4809,0,0,0
-0.4297,-0.3816,0.8232,-5.5038,1.9389,-1.458,0,0,0
-0.426,-0.408,0.8269,-6.4656,0.1908,-1.2824,0,0,0
-0.4045,-0.4219,0.8186,-4.0229,-1.0992,-1.3588,0,0,0
-0.4216,-0.4321,0.8171,-0.7939,-1.4046,-1.7939,0,0,0
-0.4006,-0.4507,0.824,1.3969,-1.542,-1.3053,0,0,0
-0.4314,-0.4282,0.8279,1.6794,-2.3511,-0.6031,0,0,0
-0.4067,-0.3933,0.8276,-1.1679,-1.8779,-0.0382,0,0,0
-0.4058,-0.3931,0.8284,-5.2824,-2.3282,0.5038,0,0,0
-0.4067,-0.4001,0.8323,-8.0382,-1.3817,-0.2595,0,0,0
-0.415,-0.4438,0.8413,-6.084,-2.5878,-0.313,0,0,0
-0.4094,-0.4429,0.8452,-1.8244,-2.7481,0.313,0,0,0
-0.4031,-0.4175,0.856,1.3053,-3.1069,0.6031,0,0,0
-0.4063,-0.4009,0.8518,0.6947,-1.7023,0.5191,0,0,0
-0.4009,-0.3835,0.8596,-1.5802,-1.3664,0.1679,0,0,0
-0.4053,-0.3979,0.8616,-4.0687,-1.313,-0.2137,0,0,0
-0.4121,-0.4111,0.8513,-4.2366,0.1527,0.229,0,0,0
-0.4011,-0.4055,0.8579,-3.7939,0.7634,0.0534,0,0,0
-0.4165,-0.405,0.8396,-2.7176,1.5267,0.2748,0,0,0
-0.4014,-0.4045,0.8398,-1.5878,0.4962,-0.2366,0,0,0
-0.3979,-0.4092,0.8423,-0.5649,-0.1298,-0.5496,0,0,0
-0.4041,-0.4136,0.8359,-0.2214,0.0305,-0.542,0,0,0
-0.4109,-0.4055,0.8398,-1.2748,0.1298,-0.0458,0,0,0
-0.4209,-0.4099,0.832,-2.2366,0.3206,0.3664,0,0,0
-0.4165,-0.4092,0.8313,-2.8397,-0.9084,0.6336,0,0,0
-0.4038,-0.4233,0.8423,-2.5802,-0.6794,0.6641,0,0,0
-0.4023,-0.4353,0.8328,-0.6641,0.6565,0.7328,0,0,0
-0.3984,-0.4219,0.8296,0.3817,0.8702,0.9618,0,0,0
-0.4099,-0.395,0.8347,-0.8931,0.5649,0.8244,0,0,0
-0.3887,-0.4746,0.845,-1.0,-1.1145,0.3664,0,0,0
-0.4402,-0.4341,0.8479,-0.1832,-1.5191,0.4504,0,0,0
-0.4167,-0.3865,0.845,-0.2214,0.5115,0.8168,0,0,0
-0.4121,-0.3574,0.8374,-3.0992,-0.6947,1.9847,0,0,0
-0.416,-0.3669,0.8386,-6.5725,-0.3664,0.5573,0,0,0
-0.4082,-0.4119,0.835,-6.7786,-0.1756,0.5496,0,0,0
-0.4175,-0.4272,0.8345,-2.7099,-0.7557,0.7176,0,0,0
-0.4272,-0.426,0.8381,1.7328,-1.8931,0.5954,0,0,0
-0.4048,-0.4033,0.8357,2.4122,-1.5802,-0.084,0,0,0
-0.4214,-0.387,0.8369,0.0763,-1.9618,-0.2595,0,0,0
-0.4089,-0.3882,0.8425,-3.3435,-1.9847,0.229,0,0,0
-0.4097,-0.3909,0.8477,-5.145,-0.7176,0.5725,0,0,0
-0.4336,-0.3933,0.8406,-5.3664,-1.2366,1.2061,0,0,0
-0.4148,-0.4192,0.8503,-2.4275,-1.3435,0.1374,0,0,0
-0.3994,-0.4275,0.8445,1.2443,0.1069,-0.5038,0,0,0
-0.3955,-0.4072,0.8345,2.5115,1.4122,-0.9771,0,0,0
-0.3999,-0.3794,0.8323,0.6641,0.5649,-1.2214,0,0,0
-0.425,-0.377,0.8232,-3.5573,0.1756,-0.9237,0,0,0
-0.4478,-0.4075,0.8291,-5.6718,-1.8702,0.4885,0,0,0
-0.417,-0.4233,0.8416,-4.2595,-3.4504,1.3359,0,0,0
-0.4016,-0.4158,0.8491,-1.0611,-2.2901,0.8092,0,0,0
-0.408,-0.4133,0.8464,0.5954,-0.916,-0.1908,0,0,0
-0.4141,-0.3997,0.8411,-0.6641,0.458,-0.6107,0,0,0
-0.4165,-0.4075,0.8428,-2.3053,-0.5954,-0.1527,0,0,0
-0.4038,-0.4194,0.8486,-3.0229,-1.2137,-0.2824,0,0,0
-0.4067,-0.4102,0.8516,-3.2824,-1.1145,-0.0076,0,0,0
-0.4382,-0.4009,0.8423,-4.542,-0.2901,1.8855,0,0,0
-0.4143,-0.4053,0.843,-3.8779,-1.8855,1.8702,0,0,0
-0.3943,-0.408,0.8521,-2.2672,-0.9847,0.3053,0,0,0
-0.3943,-0.4063,0.8459,-0.6489,0.5267,-0.542,0,0,0
-0.408,-0.3975,0.842,-0.4656,1.2901,-1.1679,0,0,0
-0.4363,-0.4026,0.8293,-2.3282,0.6641,-0.4885,0,0,0
-0.4438,-0.3733,0.8154,-5.8092,0.4275,1.0687,0,0,0
-0.4158,-0.4023,0.8293,-4.9847,-3.4122,0.8321,0,0,0
-0.3906,-0.4133,0.8374,-1.8015,-2.2137,-1.3053,0,0,0
-0.4014,-0.4216,0.8298,0.4122,-0.2443,-1.3511,0,0,0
-0.438,-0.4026,0.8171,-0.2595,-1.8015,-0.1221,0,0,0
-0.4302,-0.3965,0.8252,-3.3282,-4.8092,0.6183,0,0,0
-0.3945,-0.4282,0.8545,-3.0611,-5.0687,0.0992,0,0,0
-0.3911,-0.4268,0.8669,-1.3435,-2.4427,0.5267,0,0,0
-0.3999,-0.3999,0.8652,-1.6489,0.3511,0.3282,0,0,0
-0.428,-0.3853,0.8542,-3.7405,-0.3664,0.6794,0,0,0
-0.4121,-0.3933,0.8499,-5.0,-0.4504,0.3206,0,0,0
-0.4063,-0.4229,0.8464,-4.7939,-0.4962,-0.1527,0,0,0
-0.3955,-0.4309,0.8418,-1.7786,1.7939,-0.1832,0,0,0
-0.4014,-0.4136,0.8181,-0.6947,1.6641,0.0763,0,0,0
-0.4165,-0.3901,0.8208,-1.4809,0.9695,0.0534,0,0,0
-0.436,-0.3679,0.8193,-5.0382,-1.2519,0.7786,0,0,0
-0.4612,-0.4033,0.8264,-5.6794,-4.2137,1.2595,0,0,0
-0.4072,-0.4309,0.8481,-2.2672,-5.6336,0.8092,0,0,0
-0.3757,-0.4307,0.8584,2.6031,-2.2443,-1.2061,0,0,0
-0.3745,-0.3882,0.8474,2.6641,1.9542,-1.7176,0,0,0
-0.427,-0.3887,0.8303,-2.3969,3.2061,-1.2137,0,0,0
-0.4302,-0.3862,0.8313,-6.4046,1.2977,-0.916,0,0,0
-0.4219,-0.4277,0.845,-5.626,-1.229,-0.1221,0,0,0
-0.4331,-0.4324,0.8555,-2.145,-1.8397,0.6336,0,0,0
-0.4128,-0.4307,0.8542,1.5038,-1.8855,0.4885,0,0,0
-0.3938,-0.4014,0.8435,1.8397,-0.1832,-0.4962,0,0,0
-0.4031,-0.3984,0.8381,-1.084,1.2748,-0.7023,0,0,0
-0.4285,-0.4058,0.8311,-4.1908,-0.0992,0.2137,0,0,0
-0.3994,-0.4302,0.8494,-3.4046,-2.2366,0.2137,0,0,0
-0.3877,-0.415,0.8577,-0.9008,-0.3282,-0.5573,0,0,0
-0.4287,-0.4009,0.8433,-0.5496,1.084,0.0992,0,0,0
-0.4297,-0.3765,0.8374,-2.5191,1.1603,0.5954,0,0,0
-0.4417,-0.4041,0.8257,-4.6641,-1.1221,1.2901,0,0,0
-0.3977,-0.4314,0.8374,-1.2061,-2.1756,0.3359,0,0,0
-0.3923,-0.4299,0.8308,2.0382,-0.229,-0.2519,0,0,0
-0.3994,-0.3984,0.8335,2.8168,0.0382,-0.4122,0,0,0
-0.4233,-0.3811,0.8276,-0.3359,-0.8092,-0.4046,0,0,0
-0.4387,-0.4038,0.8406,-2.3359,-3.4198,0.0305,0,0,0
-0.4019,-0.4236,0.8623,-1.0458,-3.1832,0.229,0,0,0
-0.3987,-0.4028,0.8591,-0.229,-1.1603,0.2672,0,0,0
-0.3982,-0.395,0.8611,-0.8015,-0.0763,-0.0382,0,0,0
-0.4031,-0.377,0.8403,-2.458,0.3282,-0.4656,0,0,0
-0.3975,-0.3831,0.8342,-4.1985,0.687,-0.8473,0,0,0
-0.4136,-0.4229,0.8298,-4.4122,1.7328,-1.6565,0,0,0
-0.4092,-0.3875,0.845,-3.7481,0.626,-1.6489,0,0,0
-0.3704,-0.3228,0.844,-5.1908,1.0916,-2.1908,0,0,0
-0.4333,-0.3245,0.823,-8.1985,-0.0458,-1.542,0,0,0
-0.4602,-0.3799,0.8293,-7.4885,-3.5878,-2.2443,0,0,0
-0.4219,-0.4189,0.8362,-2.9389,-4.7252,-3.3969,0,0,0
-0.3965,-0.4849,0.8381,4.3664,-3.6489,-3.7557,0,0,0
-0.3911,-0.4497,0.8218,6.9313,-1.0153,-2.916,0,0,0
-0.3718,-0.4504,0.811,4.6641,-1.8855,-2.7328,0,0,0
-0.387,-0.4116,0.8345,-0.3969,-3.9924,-1.8626,0,0,0
-0.4216,-0.426,0.8555,-5.1985,-5.7099,-0.0763,0,0,0
-0.364,-0.4609,0.8723,-5.1832,-5.5878,0.3893,0,0,0
-0.416,-0.4099,0.8921,-6.0763,-3.7252,2.0076,0,0,0
-0.3923,-0.3623,0.865,-8.1221,-0.2137,1.0916,0,0,0
-0.3965,-0.3818,0.8474,-9.0305,2.0992,-0.7023,0,0,0
-0.396,-0.4475,0.8391,-5.4656,4.0763,-2.4656,0,0,0
-0.3955,-0.4683,0.8262,2.0382,3.8244,-2.6412,0,0,0
-0.4307,-0.4412,0.8132,7.1069,1.8855,-1.2214,0,0,0
-0.4263,-0.3975,0.8198,6.1679,-2.687,0.4656,0,0,0
-0.4258,-0.3735,0.8218,0.5649,-3.374,1.4198,0,0,0
-0.3889,-0.355,0.8296,-6.4198,-3.6947,1.6183,0,0,0
-0.3872,-0.3811,0.8477,-10.5802,-2.2824,-0.1527,0,0,0
-0.4023,-0.4121,0.8401,-10.2061,-0.3053,-1.0,0,0,0
-0.4004,-0.4507,0.8496,-6.1832,1.0763,-1.3893,0,0,0
-0.3967,-0.4309,0.8477,-0.5267,1.4122,-1.3664,0,0,0
-0.4265,-0.4407,0.8318,1.6336,-0.313,-1.3588,0,0,0
-0.4226,-0.4026,0.8274,0.3282,-1.9008,0.2519,0,0,0
-0.4167,-0.4031,0.843,-3.0382,-3.8015,0.2901,0,0,0
-0.387,-0.3616,0.8601,-5.7863,-4.084,0.7634,0,0,0
-0.3918,-0.3789,0.8684,-9.0763,-1.6947,-0.0763,0,0,0
-0.4045,-0.3992,0.8745,-9.8321,0.0076,-0.916,0,0,0
-0.4004,-0.4341,0.8738,-7.3435,1.3435,-1.3511,0,0,0
-0.4058,-0.4556,0.8567,-3.2748,2.4351,-0.9695,0,0,0
-0.4023,-0.447,0.8613,1.4885,2.0382,-0.855,0,0,0
-0.4121,-0.4331,0.8398,4.1603,2.7328,-0.9542,0,0,0
-0.4084,-0.4099,0.8276,3.8168,2.2824,-1.084,0,0,0
-0.4175,-0.4038,0.825,-0.1527,2.4427,-1.3511,0,0,0
-0.4111,-0.4131,0.8176,-3.4046,1.4275,-0.2672,0,0,0
-0.4165,-0.438,0.8237,-5.3969,0.3817,0.374,0,0,0
-0.4163,-0.4524,0.8267,-4.7481,-0.0992,1.4809,0,0,0
-0.4065,-0.4492,0.8445,-2.1298,0.3893,2.7863,0,0,0
-0.3979,-0.4258,0.8289,0.0229,1.3435,2.5802,0,0,0
-0.4243,-0.4211,0.8059,-0.5573,2.9008,2.0458,0,0,0
-0.4341,-0.417,0.7986,-1.4656,2.1221,2.0382,0,0,0
-0.4333,-0.4326,0.8152,-0.3053,-2.7252,2.2901,0,0,0
-0.4128,-0.3989,0.8381,2.8168,-4.3435,2.2901,0,0,0
-0.4058,-0.3789,0.8435,4.7939,-3.5496,1.4733,0,0,0
-0.3865,-0.3359,0.8489,3.9771,-2.4122,-0.2443,0,0,0
-0.4121,-0.3843,0.8459,1.0153,0.1603,-1.2061,0,0,0
-0.3953,-0.3765,0.8413,0.1832,1.2366,-3.1756,0,0,0
-0.4302,-0.4146,0.835,-0.374,1.4504,-3.2672,0,0,0
-0.4263,-0.4348,0.8325,2.7405,-0.0382,-2.3359,0,0,0
-0.417,-0.436,0.8491,5.3969,-0.5954,-2.0,0,0,0
-0.417,-0.4167,0.843,7.9924,-0.8626,-1.7405,0,0,0
-0.4216,-0.4192,0.8496,8.1832,0.2443,-1.5878,0,0,0
-0.417,-0.3894,0.8525,5.7786,0.4504,-1.7328,0,0,0
-0.436,-0.3865,0.842,1.084,1.0,-0.7328,0,0,0
-0.4175,-0.4019,0.8469,-1.6794,-0.8015,0.4733,0,0,0
-0.4023,-0.3914,0.8569,-2.3817,-0.771,0.626,0,0,0
-0.4045,-0.3923,0.8501,-3.6947,-0.1679,0.6336,0,0,0
-0.4082,-0.3867,0.8452,-4.0763,0.9618,0.0687,0,0,0
-0.4009,-0.3835,0.8364,-4.9618,1.7634,-0.4275,0,0,0
-0.4226,-0.405,0.8215,-4.5954,0.3282,-0.3511,0,0,0
-0.4121,-0.4021,0.8262,-3.2214,-0.4351,-0.6183,0,0,0
-0.4255,-0.4136,0.8269,-1.3435,-1.7176,-0.8321,0,0,0
-0.4182,-0.4102,0.8335,0.9695,-2.3511,-0.6565,0,0,0
-0.4048,-0.4009,0.8367,2.5573,-1.3053,-0.8473,0,0,0
-0.4063,-0.3938,0.8376,2.1374,-0.5725,-1.2748,0,0,0
-0.4133,-0.4082,0.8276,1.458,-0.6183,-1.145,0,0,0
-0.4209,-0.4001,0.8267,-0.0076,-1.7099,-0.8779,0,0,0
-0.4292,-0.4116,0.8401,-0.7939,-3.3053,0.4198,0,0,0
-0.4114,-0.4063,0.843,-0.771,-3.2824,-0.0153,0,0,0
-0.3958,-0.4211,0.8503,0.4122,-2.0916,-0.3588,0,0,0
-0.3892,-0.4165,0.8501,2.0916,-0.6183,-1.7252,0,0,0
-0.4143,-0.4126,0.8494,2.7099,-1.2824,-0.6641,0,0,0
-0.4055,-0.4321,0.8508,2.6641,0.3282,0.5954,0,0,0
-0.3962,-0.3967,0.8484,2.1374,0.687,0.0076,0,0,0
-0.4011,-0.3711,0.8521,-1.8702,2.3282,-0.542,0,0,0
-0.4373,-0.4197,0.8689,-3.0382,-0.6107,0.0687,0,0,0
-0.4202,-0.416,0.8794,-1.3893,-0.6031,-0.1145,0,0,0
-0.4077,-0.4202,0.8645,1.5573,0.7023,0.4122,0,0,0
-0.3994,-0.4165,0.8494,1.4046,3.626,0.9771,0,0,0
-0.4233,-0.3447,0.8237,0.5267,2.687,0.458,0,0,0
-0.4019,-0.3633,0.8228,-3.3588,0.5344,0.1145,0,0,0
-0.4329,-0.3828,0.813,-5.5725,-2.1069,0.458,0,0,0
-0.4172,-0.3811,0.8333,-7.4809,-3.0534,0.374,0,0,0
-0.4258,-0.3845,0.8367,-7.4198,-3.2824,0.6107,0,0,0
-0.4097,-0.4097,0.8442,-4.8931,-1.9924,0.7252,0,0,0
-0.4048,-0.3999,0.8308,-2.0,-0.8855,-0.313,0,0,0
-0.4138,-0.4075,0.8252,-0.374,-0.145,-1.0305,0,0,0
-0.4141,-0.4087,0.8228,0.4504,-1.5725,-1.1908,0,0,0
-0.3918,-0.4001,0.8303,0.2595,-2.0687,-1.0687,0,0,0
-0.4224,-0.4077,0.8428,-1.7939,-2.687,-0.6183,0,0,0
-0.4202,-0.4138,0.8564,-1.3893,-4.1298,0.6794,0,0,0
-0.437,-0.4175,0.8584,-1.6947,-3.7099,1.0992,0,0,0
-0.3838,-0.4109,0.8701,-0.9542,-3.2443,2.1221,0,0,0
-0.3901,-0.3982,0.8584,-2.229,0.6183,1.3588,0,0,0
-0.3989,-0.3875,0.8386,-5.084,1.6489,1.0763,0,0,0
-0.4189,-0.4048,0.8401,-5.9084,-0.2977,1.0076,0,0,0
-0.4265,-0.4131,0.8574,-4.0382,-2.5344,0.7939,0,0,0
-0.4207,-0.4226,0.8679,-0.5115,-3.4198,1.8397,0,0,0
-0.3948,-0.4058,0.8745,2.0153,-1.7405,2.458,0,0,0
-0.3979,-0.3674,0.8655,1.1908,0.3664,1.6565,0,0,0
-0.3992,-0.3584,0.8425,-1.5954,1.6107,0.8244,0,0,0
-0.4041,-0.366,0.8403,-3.6183,1.7176,-0.7405,0,0,0
-0.4287,-0.3838,0.8286,-4.8397,1.374,-0.9847,0,0,0
-0.4331,-0.4001,0.8342,-2.9237,-0.9237,-0.4427,0,0,0
-0.4041,-0.4075,0.8469,-0.2443,-1.145,-0.7557,0,0,0
-0.4167,-0.3943,0.8464,1.4885,-0.4122,-0.1908,0,0,0
-0.4114,-0.3752,0.8467,0.5802,0.9466,0.0153,0,0,0
-0.4016,-0.3828,0.8259,-1.7328,1.8092,-0.6107,0,0,0
-0.4011,-0.3801,0.8218,-4.084,1.9618,-1.458,0,0,0
-0.4231,-0.416,0.8184,-4.3359,0.458,-1.3664,0,0,0
-0.4309,-0.418,0.8308,-2.7481,-2.5267,-0.0229,0,0,0
-0.4163,-0.4065,0.853,-1.4733,-3.6031,1.3053,0,0,0
-0.4202,-0.3967,0.8718,-1.3359,-5.0305,2.2137,0,0,0
-0.3921,-0.3938,0.8792,-1.0534,-3.6107,0.9695,0,0,0
-0.3772,-0.4067,0.8755,-1.4275,1.2748,0.0229,0,0,0
-0.3921,-0.397,0.8577,-2.6947,4.8473,-0.542,0,0,0
-0.415,-0.3972,0.844,-4.0763,3.4809,-0.7786,0,0,0
-0.4409,-0.3975,0.8408,-4.8244,1.3359,0.9237,0,0,0
-0.4341,-0.4111,0.845,-3.6336,-0.1374,2.0458,0,0,0
-0.4124,-0.3987,0.8542,-1.7939,-1.0611,2.1985,0,0,0
-0.3926,-0.4089,0.8481,0.2061,0.8092,0.5267,0,0,0
-0.3904,-0.4033,0.8257,0.1832,3.0458,-0.5725,0,0,0
-0.4126,-0.394,0.8223,-1.1679,2.1603,-0.4962,0,0,0
-0.4548,-0.3948,0.8135,-3.4962,-0.9084,1.8244,0,0,0
-0.446,-0.3989,0.8325,-3.7405,-4.8015,2.9771,0,0,0
-0.3943,-0.4119,0.8542,-1.4427,-4.5802,2.1221,0,0,0
-0.3765,-0.4043,0.8672,1.084,-0.2214,0.8855,0,0,0
-0.416,-0.3857,0.8428,-0.4809,2.2748,1.0763,0,0,0
-0.4141,-0.3699,0.8357,-3.6412,1.2137,1.5038,0,0,0
-0.4343,-0.3843,0.8281,-6.1603,-1.5267,1.5267,0,0,0
-0.4358,-0.4216,0.8401,-4.2061,-3.0916,2.3664,0,0,0
-0.3977,-0.4233,0.8499,-0.7786,-1.4198,2.2595,0,0,0
-0.3992,-0.4041,0.8423,1.7252,0.5573,1.3969,0,0,0
-0.4153,-0.3904,0.8372,1.5191,-0.2061,0.2748,0,0,0
-0.4109,-0.3845,0.8394,0.626,-2.4046,1.0611,0,0,0
-0.4102,-0.3738,0.8508,-1.5038,-3.1298,1.145,0,0,0
-0.4211,-0.3516,0.8574,-4.3282,-1.5344,1.4122,0,0,0
-0.4246,-0.3569,0.8628,-5.6489,-0.8855,0.7405,0,0,0
-0.4199,-0.3726,0.8574,-5.2824,0.8092,-0.2214,0,0,0
-0.4097,-0.3899,0.8452,-2.3893,1.1832,-0.855,0,0,0
-0.4019,-0.3721,0.8303,0.0916,1.4275,-1.5725,0,0,0
-0.4204,-0.376,0.8176,0.9389,1.4122,-1.8473,0,0,0
-0.4531,-0.353,0.7896,-0.916,0.5191,-0.9771,0,0,0
-0.4695,-0.3809,0.801,-2.5649,-5.9237,-0.2901,0,0,0
-0.3875,-0.4041,0.8418,0.1832,-7.8473,-1.9008,0,0,0
-0.3962,-0.4377,0.8586,4.9695,-4.9466,-3.9466,0,0,0
-0.3928,-0.4297,0.8655,7.6031,-2.1145,-3.3511,0,0,0
-0.3694,-0.4758,0.8762,11.3511,-3.0611,-2.8397,0,0,0
-0.4053,-0.4158,0.8877,11.3282,-3.7634,-1.9237,0,0,0
-0.4192,-0.4265,0.9084,9.7863,-5.145,-1.1145,0,0,0
-0.4297,-0.3113,0.8984,0.7481,-1.4656,0.4198,0,0,0
-0.4014,-0.3059,0.8997,-11.8015,1.7863,-0.8626,0,0,0
-0.4072,-0.3508,0.8879,-16.5725,3.9084,-0.4198,0,0,0
-0.4214,-0.3918,0.8572,-15.5573,5.916,-0.9389,0,0,0
-0.4221,-0.4294,0.8279,-8.6107,5.0534,-1.4885,0,0,0
-0.4221,-0.4102,0.8086,-1.3359,3.5267,-1.7176,0,0,0
-0.4204,-0.3992,0.7935,3.2748,2.5267,-2.6412,0,0,0
-0.4211,-0.3872,0.7954,5.1221,0.6641,-3.2519,0,0,0
-0.428,-0.3865,0.7966,4.4351,-1.4427,-3.7099,0,0,0
-0.4172,-0.3823,0.8132,2.0611,-3.145,-3.0153,0,0,0
-0.4253,-0.4036,0.8354,-0.6489,-3.9313,-2.9542,0,0,0
-0.4253,-0.3911,0.8518,-1.9695,-3.7634,-1.8244,0,0,0
-0.4099,-0.4058,0.8716,-2.2519,-3.7023,-1.1908,0,0,0
-0.387,-0.3918,0.8862,-2.0992,-2.542,-1.542,0,0,0
-0.3931,-0.4165,0.8826,-1.2214,-1.5191,-1.4046,0,0,0
-0.4055,-0.4084,0.8977,0.2214,0.6794,-1.0305,0,0,0
-0.4055,-0.3936,0.8784,-0.0687,2.9771,-0.8779,0,0,0
-0.4124,-0.3845,0.8516,-2.7481,4.5267,-0.0305,0,0,0
-0.4167,-0.3877,0.8372,-4.6641,3.2672,-0.2519,0,0,0
-0.4111,-0.3848,0.8354,-5.4351,1.7557,-0.1985,0,0,0
-0.4197,-0.4011,0.8271,-4.3282,0.8855,-0.4656,0,0,0
-0.4231,-0.4126,0.8284,-1.7405,0.8779,-0.3359,0,0,0
-0.4255,-0.3989,0.8198,0.2595,0.4885,0.0992,0,0,0
-0.4219,-0.3894,0.8044,0.1832,-0.1985,0.2519,0,0,0
-0.4292,-0.3884,0.8123,-0.084,-1.4046,0.374,0,0,0
-0.4153,-0.4033,0.8103,0.2977,-2.4733,0.4427,0,0,0
-0.4109,-0.4243,0.821,1.4885,-2.3206,0.2061,0,0,0
-0.4116,-0.4238,0.8232,2.9618,-2.7176,0.9389,0,0,0
-0.4119,-0.3982,0.844,2.3359,-4.3206,2.0611,0,0,0
-0.425,-0.3787,0.8655,-0.6412,-5.8168,2.5725,0,0,0
-0.4099,-0.3823,0.8845,-3.0992,-5.0229,2.2214,0,0,0
-0.3828,-0.3894,0.8896,-4.3282,-1.5878,1.1603,0,0,0
-0.3987,-0.3921,0.8752,-4.2595,1.8779,0.9924,0,0,0
-0.4131,-0.3972,0.8665,-3.5496,2.0458,1.4809,0,0,0
-0.4133,-0.3833,0.8604,-3.2672,0.6718,2.6641,0,0,0
-0.4133,-0.3638,0.8616,-3.2901,-0.8855,2.4046,0,0,0
-0.4124,-0.3601,0.8623,-4.2748,-0.4656,1.4427,0,0,0
-0.4043,-0.3538,0.8513,-5.0,1.5878,0.4656,0,0,0
-0.4153,-0.3628,0.8484,-5.2137,1.6489,-0.5649,0,0,0
-0.4138,-0.3809,0.8416,-4.3817,1.229,-1.2214,0,0,0
-0.4233,-0.3784,0.834,-2.7939,0.542,-1.687,0,0,0
-0.4155,-0.3901,0.8376,-1.3206,0.9847,-2.5038,0,0,0
-0.4199,-0.3899,0.833,-0.0916,0.0611,-2.542,0,0,0
-0.4236,-0.3857,0.8352,0.0611,-1.0458,-1.8397,0,0,0
-0.4189,-0.3806,0.8359,-0.626,-1.7557,-1.6031,0,0,0
-0.4163,-0.3845,0.8508,-2.1756,-2.6565,-1.3206,0,0,0
-0.4146,-0.3904,0.8469,-3.7481,-2.229,-0.9313,0,0,0
-0.4109,-0.4021,0.856,-3.3817,-1.8397,-0.6718,0,0,0
-0.4141,-0.4106,0.8564,-2.7023,-0.3511,-0.6947,0,0,0
-0.3984,-0.4019,0.8481,-1.8397,0.7405,-1.145,0,0,0
-0.4043,-0.3989,0.8318,-2.3359,1.3282,-0.8092,0,0,0
-0.4126,-0.386,0.8413,-3.1603,-0.2672,-0.6336,0,0,0
-0.4268,-0.4255,0.8303,-4.0,0.5115,-0.1221,0,0,0
-0.426,-0.4229,0.8318,-2.5573,-0.7328,0.4275,0,0,0
-0.4082,-0.4131,0.8469,-0.4809,-2.6794,1.0382,0,0,0
-0.4138,-0.3979,0.8467,-0.3282,-2.374,1.4962,0,0,0
-0.4119,-0.3855,0.8518,-2.1069,-2.1298,1.5344,0,0,0
-0.4065,-0.3655,0.8604,-4.374,-0.8931,0.8855,0,0,0
-0.4102,-0.3757,0.8525,-5.3817,-0.4809,0.9771,0,0,0
-0.4229,-0.3799,0.8679,-4.145,-1.3588,1.3511,0,0,0
-0.4053,-0.3953,0.8674,-1.2748,-1.3206,0.0611,0,0,0
-0.405,-0.377,0.8638,0.6947,-0.1985,-0.7863,0,0,0
-0.4158,-0.3604,0.8628,0.9695,0.4885,-1.1221,0,0,0
-0.408,-0.366,0.8401,-0.2595,2.1756,-1.855,0,0,0
-0.4136,-0.3755,0.8252,-1.5267,2.5344,-2.0687,0,0,0
-0.425,-0.3831,0.8154,-1.9695,1.7176,-1.7939,0,0,0
-0.4299,-0.3855,0.814,-2.6183,0.5496,-1.687,0,0,0
-0.4209,-0.3972,0.8196,-2.229,-1.7405,-1.7557,0,0,0
-0.4089,-0.4121,0.8245,-1.0687,-2.1908,-1.2901,0,0,0
-0.416,-0.4128,0.8315,0.0763,-2.5038,-1.3359,0,0,0
-0.4131,-0.406,0.8357,1.3206,-2.5573,-1.1603,0,0,0
-0.4084,-0.3989,0.843,0.3664,-3.0229,-1.3588,0,0,0
-0.4165,-0.4224,0.856,-0.1603,-3.3282,-1.1221,0,0,0
-0.4028,-0.416,0.885,1.0,-3.7405,-0.1145,0,0,0
-0.3975,-0.4133,0.8977,1.1603,-2.3893,0.7405,0,0,0
-0.4087,-0.3772,0.8972,0.1832,-0.7176,1.1145,0,0,0
-0.4014,-0.3645,0.8958,-1.7939,1.7405,1.3893,0,0,0
-0.4092,-0.3708,0.8772,-2.9618,3.458,0.8321,0,0,0
-0.4106,-0.3625,0.8623,-2.5115,3.313,-0.0611,0,0,0
-0.4041,-0.3928,0.8467,-0.8168,5.0611,-1.1069,0,0,0
-0.4414,-0.4126,0.8262,2.0076,4.8702,-1.1679,0,0,0
-0.4238,-0.4038,0.8174,5.2061,2.084,-0.7328,0,0,0
-0.4209,-0.3804,0.8164,3.6565,1.7863,-0.313,0,0,0
-0.438,-0.4089,0.8293,3.4427,0.626,-0.0076,0,0,0
-0.4138,-0.3975,0.8374,4.2137,0.313,0.2977,0,0,0
-0.4082,-0.3899,0.8245,2.5496,3.7405,1.0687,0,0,0
-0.4458,-0.364,0.8076,-1.1908,2.8168,2.5496,0,0,0
-0.4338,-0.3438,0.8042,-7.1756,-1.3282,2.8168,0,0,0
-0.4456,-0.3689,0.804,-10.313,-4.5191,2.9618,0,0,0
-0.4072,-0.395,0.8318,-7.5649,-4.8626,1.6947,0,0,0
-0.3962,-0.3984,0.8464,-1.1985,-3.9313,0.1527,0,0,0
-0.4138,-0.3884,0.8523,3.4427,-4.313,-0.0916,0,0,0
-0.4299,-0.3496,0.8538,3.687,-5.6031,0.1374,0,0,0
-0.4243,-0.3345,0.8679,-0.2519,-5.9771,0.1679,0,0,0
-0.3984,-0.3455,0.8855,-3.4122,-4.1832,0.0763,0,0,0
-0.3958,-0.3733,0.8896,-4.0458,-1.4504,-1.2137,0,0,0
-0.3877,-0.3918,0.8862,-1.313,0.8015,-2.0763,0,0,0
-0.4248,-0.3945,0.8728,1.4427,1.0,-2.1374,0,0,0
-0.4167,-0.395,0.875,2.1603,0.8473,-1.5878,0,0,0
-0.4133,-0.3684,0.8613,0.4733,1.0458,-1.4504,0,0,0
-0.4058,-0.3694,0.8669,-2.5802,2.458,-1.1145,0,0,0
-0.4326,-0.3909,0.8379,-4.3969,2.9237,-0.4351,0,0,0
-0.4155,-0.3972,0.8232,-4.7939,3.1298,-1.0305,0,0,0
-0.4077,-0.4038,0.8115,-3.0763,2.6718,-1.8321,0,0,0
-0.4253,-0.3904,0.8149,-1.1527,-0.3817,-1.3588,0,0,0
-0.436,-0.3835,0.8342,-0.6412,-2.7023,-0.1145,0,0,0
-0.418,-0.365,0.8555,-1.2366,-2.9389,-0.0382,0,0,0
-0.4238,-0.3579,0.854,-3.2748,-2.6718,-0.2595,0,0,0
-0.3989,-0.3826,0.8579,-4.2061,0.2137,-1.687,0,0,0
-0.4099,-0.4031,0.8416,-3.1603,1.1374,-1.8321,0,0,0
-0.4128,-0.396,0.8376,-1.5496,-0.4656,-0.7939,0,0,0
-0.4282,-0.3994,0.8274,-1.3588,-2.2672,0.2519,0,0,0
-0.4204,-0.394,0.8508,-0.6794,-4.8779,0.8702,0,0,0
-0.4106,-0.3784,0.8604,-0.6183,-4.5954,1.0687,0,0,0
-0.3838,-0.3762,0.8542,-1.1298,-2.3664,-0.5115,0,0,0
-0.4067,-0.3877,0.8552,-2.916,0.7176,-1.9084,0,0,0
-0.4163,-0.4187,0.844,-2.3664,1.7863,-1.2443,0,0,0
-0.4319,-0.4041,0.8308,-0.9771,0.4733,-0.5802,0,0,0
-0.3965,-0.418,0.8464,1.9924,-0.7557,0.2901,0,0,0
-0.4175,-0.3958,0.8538,3.2443,-2.916,0.7328,0,0,0
-0.4028,-0.3745,0.8643,2.3282,-2.6336,1.3359,0,0,0
-0.4063,-0.3386,0.8733,-1.7786,-1.229,1.0992,0,0,0
-0.4155,-0.3408,0.8777,-7.0153,-0.6183,-0.2061,0,0,0
-0.3914,-0.3535,0.8787,-8.9466,0.626,-0.1527,0,0,0
-0.4124,-0.3643,0.8804,-8.3511,1.0153,-0.7634,0,0,0
-0.416,-0.3577,0.8745,-6.4351,1.1069,-1.1679,0,0,0
-0.408,-0.3623,0.8809,-3.771,1.7939,-1.7176,0,0,0
-0.3958,-0.3333,0.8723,-1.6947,2.5573,-2.916,0,0,0
-0.4167,-0.333,0.8604,-2.5573,2.7557,-4.8092,0,0,0
-0.4358,-0.3694,0.8367,-4.1908,4.1756,-5.4427,0,0,0
-0.4272,-0.3704,0.8271,-4.5878,3.3282,-6.3206,0,0,0
-0.4185,-0.3979,0.8342,-3.5267,3.0,-5.9618,0,0,0
-0.4148,-0.4131,0.8286,-0.6107,3.0229,-5.8397,0,0,0
-0.4211,-0.4136,0.8274,1.3664,2.5191,-4.7634,0,0,0
-0.4136,-0.416,0.834,1.8626,1.6031,-4.5954,0,0,0
-0.4109,-0.4155,0.8198,1.5649,1.313,-4.1832,0,0,0
-0.4182,-0.4543,0.8262,1.084,1.2977,-3.1985,0,0,0
-0.4023,-0.4363,0.8281,0.0382,1.6183,-3.0534,0,0,0
-0.4407,-0.4341,0.8337,-4.5496,0.1145,-1.4733,0,0,0
-0.4524,-0.4048,0.8459,-8.145,-2.2595,3.5191,0,0,0
-0.4172,-0.3811,0.8489,-10.229,-3.0458,4.0,0,0,0
-0.4094,-0.396,0.8547,-11.5573,-0.9008,2.8015,0,0,0
-0.3987,-0.3806,0.832,-10.0992,1.9771,1.8626,0,0,0
-0.4241,-0.3743,0.8076,-9.3053,1.4275,0.0992,0,0,0
-0.4502,-0.408,0.8083,-7.0458,-1.5573,0.8397,0,0,0
-0.4336,-0.4119,0.821,-2.0,-4.5038,2.1985,0,0,0
-0.3821,-0.427,0.8101,2.7176,-0.7557,-0.8855,0,0,0
-0.4446,-0.4329,0.7886,4.8473,-0.0229,-0.9695,0,0,0
-0.4434,-0.4033,0.802,2.6565,-4.0305,0.6031,0,0,0
-0.4495,-0.366,0.8291,-3.1069,-11.6641,2.0992,0,0,0
-0.4099,-0.3867,0.8838,-5.5573,-14.626,3.6336,0,0,0
-0.3701,-0.3987,0.9236,-4.8626,-9.6031,2.5802,0,0,0
-0.3794,-0.4231,0.9331,-2.2366,-2.313,0.8397,0,0,0
-0.3923,-0.4082,0.9226,1.2061,2.4122,0.2214,0,0,0
-0.416,-0.3982,0.8884,2.8397,3.9389,-0.1527,0,0,0
-0.4185,-0.4097,0.8699,3.4122,3.8855,0.916,0,0,0
-0.4077,-0.387,0.8374,2.7328,4.2824,1.6947,0,0,0
-0.4114,-0.396,0.8184,0.7863,5.145,0.9313,0,0,0
-0.4207,-0.4092,0.8025,-0.2519,4.8931,0.8321,0,0,0
-0.4312,-0.4072,0.7896,-1.084,2.7939,2.0,0,0,0
-0.4412,-0.3977,0.7974,-1.145,-1.3359,2.916,0,0,0
-0.4451,-0.3962,0.8091,-0.5954,-5.0305,3.2443,0,0,0
-0.4219,-0.3799,0.8418,0.916,-5.855,2.9237,0,0,0
-0.4126,-0.3857,0.8618,1.7405,-4.626,2.5802,0,0,0
-0.3953,-0.3779,0.8789,3.084,-2.0458,2.0687,0,0,0
-0.3972,-0.3843,0.8831,4.2519,-0.5267,0.7481,0,0,0
-0.4031,-0.3796,0.8784,4.0534,0.4656,0.5267,0,0,0
-0.4331,-0.3831,0.8926,5.0305,-0.8092,1.145,0,0,0
-0.4109,-0.3762,0.9033,5.3435,-0.5802,1.6947,0,0,0
-0.4026,-0.3572,0.894,4.5267,1.7481,1.0229,0,0,0
-0.4011,-0.3391,0.8782,1.0687,4.8626,0.2519,0,0,0
-0.4124,-0.3689,0.8572,-2.0687,6.8015,-0.4351,0,0,0
-0.4063,-0.3616,0.8269,-4.1527,8.6565,-0.1985,0,0,0
-0.4509,-0.3562,0.782,-7.0229,6.855,1.2977,0,0,0
-0.4595,-0.3667,0.759,-7.5802,3.0382,1.916,0,0,0
-0.4292,-0.4019,0.7644,-4.4733,0.5191,0.5725,0,0,0
-0.4238,-0.4141,0.7749,1.0076,-2.0992,-1.2901,0,0,0
-0.4402,-0.4043,0.7881,4.7328,-5.3817,-0.0916,0,0,0
-0.4395,-0.3965,0.8184,5.0687,-8.1298,1.7939,0,0,0
-0.427,-0.3535,0.8496,3.9542,-10.1756,3.1679,0,0,0
-0.3979,-0.3511,0.877,1.6641,-7.2061,3.1603,0,0,0
-0.4021,-0.3538,0.8765,-0.4885,-4.2443,1.3206,0,0,0
-0.4084,-0.3794,0.8804,-0.6107,-1.5802,0.0534,0,0,0
-0.4126,-0.3931,0.8833,0.5954,-1.1527,0.1527,0,0,0
-0.417,-0.4114,0.8787,3.1985,-1.3664,0.7176,0,0,0
-0.4226,-0.3857,0.8801,4.7099,-2.1832,1.8168,0,0,0
-0.4077,-0.3835,0.8796,4.5267,-1.6107,2.9084,0,0,0
-0.395,-0.3826,0.8889,5.4427,0.3359,1.8626,0,0,0
-0.3867,-0.3616,0.8828,6.0992,3.2137,0.9084,0,0,0
-0.417,-0.3513,0.8594,3.2824,4.7328,0.5573,0,0,0
-0.4395,-0.3411,0.8462,-0.2061,2.2443,1.2672,0,0,0
-0.4158,-0.3525,0.8613,-1.5649,-0.2672,0.9847,0,0,0
-0.4192,-0.3494,0.853,-1.855,0.6031,-0.2137,0,0,0
-0.4209,-0.3442,0.8601,-1.6947,0.1069,-0.374,0,0,0
-0.4211,-0.3499,0.8608,0.6031,-0.687,-0.7099,0,0,0
-0.427,-0.3584,0.8574,3.3053,-1.2366,-1.145,0,0,0
-0.4009,-0.3323,0.8645,4.4733,0.7328,-1.771,0,0,0
-0.4177,-0.2886,0.8562,0.9771,1.3817,-2.5038,0,0,0
-0.4375,-0.2859,0.8489,-4.9237,-0.1298,-2.9313,0,0,0
-0.4377,-0.3408,0.8464,-7.1527,-1.2977,-3.6718,0,0,0
-0.3984,-0.3921,0.853,-3.7252,-0.1603,-4.8015,0,0,0
-0.416,-0.4163,0.8367,2.1374,1.0687,-5.084,0,0,0
-0.4255,-0.387,0.8245,4.0229,-0.4198,-3.4885,0,0,0
-0.4263,-0.3511,0.8311,0.7023,-2.3817,-2.1374,0,0,0
-0.4399,-0.3523,0.8511,-5.3664,-4.9008,-1.1985,0,0,0
-0.4124,-0.4172,0.8914,-5.2595,-4.7023,-1.0382,0,0,0
-0.385,-0.4519,0.9097,0.6183,-2.2824,-1.0687,0,0,0
-0.3811,-0.4526,0.8943,5.4275,3.313,-0.9313,0,0,0
-0.4089,-0.3931,0.8542,3.1527,5.3511,0.3893,0,0,0
-0.4326,-0.3491,0.8274,-5.145,2.8702,0.7939,0,0,0
-0.4409,-0.3762,0.8337,-10.6031,-0.6489,2.0076,0,0,0
-0.4246,-0.4094,0.8477,-7.9008,-1.8702,2.6641,0,0,0
-0.4163,-0.3967,0.8469,-2.5115,-0.3282,2.8168,0,0,0
-0.4133,-0.3503,0.8281,-1.1145,2.2137,2.6947,0,0,0
-0.4412,-0.3347,0.8135,-3.9008,1.6565,3.4351,0,0,0
-0.4226,-0.3865,0.8318,-3.1908,-3.3435,3.2061,0,0,0
-0.3975,-0.4111,0.8464,1.626,-2.7405,1.5649,0,0,0
-0.416,-0.3848,0.8687,4.0153,-2.8779,2.5496,0,0,0
-0.428,-0.3247,0.8711,0.9771,-2.8779,3.1832,0,0,0
-0.4119,-0.2925,0.886,-5.8626,-2.1145,2.1374,0,0,0
-0.4241,-0.3679,0.9114,-8.1145,-0.6183,1.8321,0,0,0
-0.3936,-0.3855,0.9011,-4.0229,2.542,1.7176,0,0,0
-0.4033,-0.3718,0.8772,-0.626,5.2977,0.7176,0,0,0
-0.4412,-0.3552,0.8516,-0.8168,5.2061,1.1069,0,0,0
-0.4373,-0.354,0.843,-1.7328,1.7481,1.229,0,0,0
-0.4082,-0.3584,0.853,-2.084,1.5191,0.7023,0,0,0
-0.4258,-0.3674,0.8369,-1.7939,2.458,0.1756,0,0,0
-0.4319,-0.3682,0.8413,-1.0305,2.5573,0.2595,0,0,0
-0.4404,-0.3743,0.8379,0.2366,0.9847,0.2901,0,0,0
-0.4258,-0.3772,0.842,1.7863,-0.4656,1.1832,0,0,0
-0.4204,-0.3728,0.8518,1.916,0.5115,0.8244,0,0,0
-0.4214,-0.3545,0.8535,1.7786,-0.1679,-0.0534,0,0,0
-0.425,-0.3503,0.8518,0.229,0.0,0.7481,0,0,0
-0.4285,-0.3521,0.8486,-2.1832,0.1527,0.6489,0,0,0
-0.4485,-0.366,0.8472,-3.2595,-1.0458,2.145,0,0,0
-0.4131,-0.3745,0.8572,-1.6107,-1.084,1.7023,0,0,0
-0.4019,-0.3855,0.8706,0.9313,3.5191,1.4504,0,0,0
