ax,ay,az,gx,gy,gz,left_click,right_click
-0.0273,0.0215,1.0435,-0.2748,-1.916,9.4962,0,0,0
-0.0447,-0.0212,1.0537,-0.2519,-0.0687,13.8473,0,0,0
-0.0554,-0.0281,1.0398,-1.6565,1.1374,19.313,0,0,0
-0.0833,-0.0745,1.022,-4.4885,1.4427,27.1527,0,0,0
-0.0959,-0.1292,1.0076,-1.9847,-0.6412,38.8855,0,0,0
-0.0994,-0.145,1.0425,-1.9008,-0.6565,51.2214,0,0,0
-0.0972,-0.1174,1.0388,2.7176,0.2061,65.458,0,0,0
-0.0728,-0.0413,1.0544,6.7634,2.145,75.0992,0,0,0
-0.0271,0.0554,0.9966,11.3206,2.2672,80.3053,0,0,0
0.0076,0.1282,0.9766,12.8855,-2.229,77.1374,0,0,0
0.0322,0.1909,0.9954,13.2443,-7.0382,67.9542,0,0,0
0.0388,0.1653,1.0522,10.0687,-7.8321,56.9847,0,0,0
0.0161,0.1145,1.0952,4.7481,-4.229,50.6336,0,0,0
-0.0012,0.0527,1.1443,-4.3817,2.9771,51.2748,0,0,0
-0.0012,0.0496,1.1709,-13.9389,13.7328,56.9618,0,0,0
0.0017,0.0737,1.1907,-23.313,26.2824,63.1832,0,0,0
0.0107,0.1221,1.1875,-32.9847,40.0076,66.4046,0,0,0
0.0286,0.1479,1.1509,-36.9847,49.3282,65.6565,0,0,0
0.0361,0.1697,1.113,-36.3053,52.6412,59.3435,0,0,0
0.0154,0.1311,1.0801,-32.5191,50.8092,51.9008,0,0,0
-0.0095,0.1248,1.0715,-25.9313,47.2672,44.4427,0,0,0
-0.0339,0.1169,1.0554,-17.3511,43.7634,38.7863,0,0,0
-0.0466,0.0925,1.0374,-12.4733,40.6641,35.6641,0,0,0
-0.0674,0.0862,1.0222,-8.3664,37.9771,34.2443,0,0,0
-0.0664,0.0986,1.0007,-5.6794,35.2443,34.0305,0,0,0
-0.0667,0.125,0.9795,-4.0687,33.2901,32.8702,0,0,0
-0.0725,0.1497,0.9597,-3.313,30.4198,29.4275,0,0,0
-0.073,0.147,0.9504,-2.9466,26.542,24.7405,0,0,0
-0.0674,0.1572,0.948,-0.9237,21.7405,19.0992,0,0,0
-0.0806,0.1677,0.9216,0.5267,17.4733,13.8092,0,0,0
-0.0818,0.1685,0.9221,2.0611,12.4427,8.8092,0,0,0
-0.0876,0.1616,0.9121,2.1985,7.145,4.1527,0,0,0
-0.0906,0.1538,0.9116,3.687,2.2748,-0.5267,0,0,0
-0.1013,0.1313,0.9189,5.1221,-2.5802,-4.6031,0,0,0
-0.1138,0.1184,0.9434,5.8397,-6.4046,-6.7557,0,0,0
-0.1084,0.0891,0.9663,5.9084,-9.1603,-6.9847,0,0,0
-0.1084,0.0874,0.9873,5.5267,-9.3893,-5.9237,0,0,0
-0.1077,0.1045,0.9949,4.8626,-7.7252,-4.4656,0,0,0
-0.1018,0.1213,0.9888,3.313,-6.6031,-4.542,0,0,0
-0.0908,0.1311,0.9871,1.771,-5.8855,-6.0,0,0,0
-0.0833,0.1199,0.9783,0.229,-6.9924,-8.0153,0,0,0
-0.095,0.0891,0.9785,-0.3817,-9.4351,-10.6489,0,0,0
-0.1003,0.0664,0.9827,1.0916,-12.2748,-11.0534,0,0,0
-0.1025,0.0605,0.9966,2.4962,-14.1679,-9.0992,0,0,0
-0.0999,0.0776,1.0083,3.6412,-15.2519,-6.9542,0,0,0
-0.0925,0.1008,1.0281,4.4046,-14.4733,-6.2748,0,0,0
-0.0813,0.127,1.0312,4.4504,-12.6947,-7.1298,0,0,0
-0.074,0.1213,1.0234,3.0763,-11.7176,-10.0153,0,0,0
-0.0732,0.1077,1.0234,3.0076,-11.7557,-13.1145,0,0,0
-0.0803,0.0759,1.0251,2.4885,-12.6412,-14.771,0,0,0
-0.0898,0.0527,1.0342,3.1298,-12.4198,-13.5802,0,0,0
-0.0859,0.0471,1.0405,2.7099,-11.8626,-10.855,0,0,0
-0.0852,0.0598,1.0295,1.916,-10.6718,-8.0992,0,0,0
-0.0825,0.0732,1.0408,0.145,-9.1985,-7.0611,0,0,0
-0.0769,0.0781,1.041,-1.1221,-7.9466,-7.2214,0,0,0
-0.075,0.0842,1.0376,-1.9847,-7.2824,-8.2214,0,0,0
-0.0786,0.0764,1.0427,-2.4809,-7.2748,-8.9847,0,0,0
-0.0762,0.0759,1.0515,-2.0687,-7.3817,-8.7786,0,0,0
-0.0786,0.0701,1.0542,-0.8473,-6.6641,-8.8092,0,0,0
-0.0769,0.0764,1.0586,-0.771,-5.4809,-8.9084,0,0,0
-0.0762,0.0669,1.0601,-0.542,-4.5649,-8.8092,0,0,0
-0.0845,0.0632,1.0537,-0.084,-3.5038,-8.3435,0,0,0
-0.0876,0.0552,1.0479,-0.4198,-3.1527,-7.5344,0,0,0
-0.0811,0.0525,1.042,-0.6107,-2.1832,-5.3282,0,0,0
-0.0793,0.0601,1.0396,-0.9466,-1.4809,-3.3817,0,0,0
-0.0745,0.0635,1.0339,-1.3359,-1.2824,-2.2214,0,0,0
-0.0703,0.0657,1.0337,-1.1985,-2.0458,-1.8092,0,0,0
-0.0708,0.0596,1.0381,-1.2901,-1.916,-1.8015,0,0,0
-0.0713,0.0635,1.0376,0.0534,-1.8168,-1.2672,0,0,0
-0.0718,0.0688,1.0381,-0.313,-1.1298,-0.3511,0,0,0
-0.0645,0.0811,1.0383,-0.0916,0.0,0.5115,0,0,0
-0.064,0.0935,1.033,-1.0153,0.771,0.7405,0,0,0
-0.0608,0.0942,1.0288,-1.5802,1.2672,-0.1298,0,0,0
-0.0608,0.0959,1.03,-2.8244,1.4962,-1.4427,0,0,0
-0.0657,0.0913,1.0259,-2.3664,1.4122,-2.2519,0,0,0
-0.072,0.0857,1.0232,-2.0,1.4122,-2.374,0,0,0
-0.0718,0.0632,1.0151,-0.6718,0.7252,-1.4275,0,0,0
-0.0779,0.0667,1.0088,1.0076,-0.4809,-0.6031,0,0,0
-0.0747,0.0847,1.0107,1.2977,-1.6565,0.1756,0,0,0
-0.0742,0.0879,1.0215,0.5954,-1.7557,0.5649,0,0,0
-0.0718,0.0981,1.0193,0.1145,-1.1908,0.5191,0,0,0
-0.0706,0.1038,1.0098,-0.0916,-0.1985,-0.1527,0,0,0
-0.0701,0.1133,1.0029,-0.9771,-0.313,-0.6412,0,0,0
-0.0671,0.1038,1.0046,-1.5954,-1.4351,-1.8168,0,0,0
-0.0708,0.1025,1.0034,-1.2214,-2.8244,-2.2137,0,0,0
-0.0657,0.0989,1.0037,-0.2748,-3.7863,-2.8855,0,0,0
-0.0623,0.0945,1.0181,-0.2519,-4.3511,-3.3664,0,0,0
-0.0618,0.0991,1.0244,-0.6718,-4.1374,-3.4275,0,0,0
-0.0667,0.0884,1.0288,-1.2748,-2.9466,-3.1908,0,0,0
-0.0681,0.0825,1.0176,-1.4427,-2.4504,-2.6031,0,0,0
-0.0701,0.0913,1.0188,-1.7863,-2.6031,-2.2366,0,0,0
-0.0718,0.0857,1.0171,-1.1603,-3.145,-2.3206,0,0,0
-0.0676,0.0774,1.0178,-0.1679,-4.1679,-2.2443,0,0,0
-0.0708,0.0776,1.0161,0.7328,-5.1527,-2.2214,0,0,0
-0.0642,0.0872,1.0354,1.5267,-5.2977,-2.1069,0,0,0
-0.063,0.0847,1.032,1.2672,-5.0611,-1.2595,0,0,0
-0.0637,0.0959,1.0408,0.9466,-4.3817,-1.4733,0,0,0
-0.0574,0.084,1.0288,-0.3206,-3.9924,-1.0534,0,0,0
-0.0586,0.0793,1.0171,-1.0992,-3.5649,-0.4427,0,0,0
-0.0586,0.0837,0.9871,-2.0,-4.145,0.4885,0,0,0
-0.063,0.0771,0.9749,-5.6489,-5.0305,1.5802,0,0,0
-0.0679,0.0715,0.9724,-9.5344,-6.4504,2.4809,0,0,0
-0.0693,0.0686,0.979,-12.7405,-7.6412,3.9771,0,0,0
-0.0625,0.0754,0.9902,-15.1908,-9.0458,5.1374,0,0,0
-0.0588,0.0796,0.9949,-15.9466,-9.6183,5.5038,0,0,0
-0.0498,0.0977,0.9646,-17.1069,-9.855,5.084,0,0,0
-0.0437,0.1099,0.9509,-19.9542,-12.1985,3.8702,0,0,0
-0.0325,0.1023,0.9397,-21.6031,-16.6565,1.4275,0,0,0
-0.0288,0.0955,0.9673,-20.0687,-22.6336,-1.9237,0,0,0
-0.0303,0.1018,0.9917,-17.2061,-26.5573,-4.9008,0,0,0
-0.0293,0.1003,1.0361,-14.8092,-28.3359,-7.2672,0,0,0
-0.0186,0.103,1.0601,-12.8702,-27.7481,-10.1374,0,0,0
-0.0183,0.0852,1.0908,-8.7252,-25.7023,-13.3053,0,0,0
-0.0237,0.0796,1.0872,-3.6336,-23.2061,-16.0,0,0,0
-0.0212,0.0803,1.075,0.8244,-21.2977,-17.4275,0,0,0
-0.0054,0.0977,1.0481,3.2443,-20.3282,-17.9389,0,0,0
0.012,0.1284,1.0408,4.4122,-21.2824,-19.916,0,0,0
0.0288,0.1338,1.0544,5.5725,-22.5114,-24.5878,0,0,0
0.0376,0.1453,1.0435,5.9618,-23.5878,-30.3359,0,0,0
0.0354,0.1294,1.0486,4.7481,-23.9237,-35.8931,0,0,0
0.0266,0.125,1.054,4.0611,-23.1832,-39.6718,0,0,0
0.0291,0.1082,1.0698,6.7786,-22.2595,-41.2977,0,0,0
0.0447,0.0486,1.1047,6.0611,-20.313,-40.0153,0,0,0
0.0364,0.042,1.1179,9.8168,-16.3817,-37.7252,0,0,0
0.0227,0.0515,1.1013,13.3664,-12.0458,-35.0305,0,0,0
0.0242,0.0796,1.0808,14.7328,-8.7252,-33.0,0,0,0
0.0283,0.1157,1.0432,14.5344,-6.1756,-32.6107,0,0,0
0.0391,0.1582,1.0042,12.4809,-5.2137,-33.6031,0,0,0
0.0554,0.1965,0.9734,9.542,-7.0153,-37.7328,0,0,0
0.0696,0.1758,0.9907,5.1069,-10.2366,-43.7634,0,0,0
0.074,0.1221,1.0159,1.8244,-12.4809,-48.6947,0,0,0
0.0422,0.061,1.0364,1.2443,-13.5878,-49.6641,0,0,0
0.0034,0.0164,1.0364,2.145,-13.313,-45.7634,0,0,0
-0.0056,0.0042,1.0396,4.1603,-12.4427,-38.542,0,0,0
-0.0015,0.0144,1.0642,3.4351,-9.458,-31.5878,0,0,0
0.0046,0.0535,1.0554,2.6489,-5.1069,-26.458,0,0,0
0.0188,0.0952,1.032,0.3893,-2.2061,-24.313,0,0,0
0.0439,0.103,1.0305,-2.8168,-1.229,-24.5114,0,0,0
0.0366,0.0923,1.0325,-4.9924,-0.8779,-26.4046,0,0,0
0.0315,0.052,1.0168,-6.5802,-1.4656,-26.6412,0,0,0
0.012,0.0066,1.0359,-7.6031,-1.916,-24.0382,0,0,0
-0.0137,-0.0125,1.0354,-6.6336,-1.2901,-18.3817,0,0,0
-0.0146,-0.0046,1.0198,-5.3969,-0.1374,-11.8626,0,0,0
-0.0017,0.0183,1.012,-5.7863,0.0382,-7.3969,0,0,0
0.0134,0.0474,1.0076,-6.6412,-0.542,-5.0992,0,0,0
0.0232,0.0552,1.0068,-8.3664,-1.7557,-4.7863,0,0,0
0.0208,0.0537,1.0171,-8.3282,-3.1145,-5.1908,0,0,0
0.0164,0.0315,1.0325,-8.3282,-3.6412,-4.6336,0,0,0
0.01,0.0186,1.0417,-6.6031,-3.1527,-2.5649,0,0,0
0.0154,0.0313,1.0513,-4.542,-2.7634,-0.313,0,0,0
0.0222,0.0598,1.0486,-3.7023,-2.1527,1.5191,0,0,0
0.0273,0.0786,1.0496,-3.0992,-1.0305,0.9924,0,0,0
0.0334,0.0947,1.0288,-2.1298,-0.7863,-0.6031,0,0,0
0.0344,0.1042,0.9976,-2.3435,-1.8931,-2.2214,0,0,0
0.0454,0.1025,0.9829,-3.5038,-4.1603,-3.9771,0,0,0
0.0347,0.0889,0.99,-4.7328,-6.5725,-5.0153,0,0,0
0.0242,0.0679,0.9971,-6.0153,-8.7481,-5.0,0,0,0
0.0203,0.064,1.0225,-6.8473,-9.9695,-3.6412,0,0,0
0.0237,0.0625,1.0598,-6.084,-8.3053,-1.7786,0,0,0
0.0317,0.0776,1.0674,-4.5954,-4.7252,-0.4962,0,0,0
0.0403,0.0942,1.0564,-3.9084,-2.7863,-0.3588,0,0,0
0.0535,0.1077,1.042,-2.626,-2.3282,-1.3893,0,0,0
0.0574,0.1243,1.0186,-1.2748,-2.9466,-3.2519,0,0,0
0.063,0.1294,0.9766,-2.855,-4.542,-5.5649,0,0,0
0.0667,0.1143,0.9675,-5.0534,-8.1145,-7.7405,0,0,0
0.0566,0.1084,0.9626,-7.3359,-10.5344,-9.5573,0,0,0
0.0525,0.0918,0.9495,-11.4122,-13.4122,-10.0763,0,0,0
0.0532,0.0896,0.9548,-14.4046,-15.9924,-10.1603,0,0,0
0.0557,0.1001,0.9465,-18.2672,-18.2443,-10.5115,0,0,0
0.0703,0.1218,0.9441,-20.5496,-21.8779,-12.0992,0,0,0
0.0825,0.1597,0.9863,-21.2443,-25.084,-16.4809,0,0,0
0.1006,0.1631,1.0525,-22.2824,-25.313,-22.5878,0,0,0
0.1082,0.1167,1.0906,-20.7328,-23.1069,-28.374,0,0,0
0.1035,0.0552,1.0959,-17.1374,-20.2901,-31.2061,0,0,0
0.0796,0.0073,1.0603,-13.7481,-18.4504,-29.7634,0,0,0
0.0583,-0.0164,1.0378,-12.0458,-18.7176,-25.7863,0,0,0
0.0576,-0.0168,1.0237,-11.9008,-19.2519,-20.855,0,0,0
0.0603,0.0037,1.0376,-14.1908,-18.0687,-16.771,0,0,0
0.0686,0.0203,1.0344,-17.6107,-15.8855,-13.8702,0,0,0
0.0747,0.0176,1.0483,-21.084,-13.4962,-12.2748,0,0,0
0.0679,0.0068,1.0898,-21.7176,-11.084,-10.9847,0,0,0
0.0823,-0.0212,1.1196,-19.8015,-7.6031,-8.7405,0,0,0
0.0725,-0.0239,1.1394,-14.374,-3.3664,-5.2901,0,0,0
0.0747,-0.0166,1.1177,-9.5191,1.0382,-2.3511,0,0,0
0.0784,0.0066,1.0898,-5.0992,3.8244,-0.5115,0,0,0
0.0852,0.0142,1.0337,-2.7023,4.6641,-0.2748,0,0,0
0.0786,0.0159,1.0112,-1.7481,2.5496,-0.6336,0,0,0
0.0774,0.0078,1.0286,-1.4275,0.6336,-1.5191,0,0,0
0.0859,0.0059,1.0422,-1.1145,0.9008,-0.6641,0,0,0
0.0815,0.0032,1.0488,-1.9389,2.0229,0.4809,0,0,0
0.0886,0.0059,1.0159,-2.7863,3.2748,1.7634,0,0,0
0.0847,0.0032,0.9978,-4.8931,2.1374,2.6336,0,0,0
0.0803,-0.0056,1.0278,-5.5878,0.1603,2.6641,0,0,0
0.0698,-0.0186,1.0715,-5.313,0.4962,3.1069,0,0,0
0.0706,-0.0427,1.1013,-2.8015,3.5573,5.4962,0,0,0
0.0608,-0.0334,1.1201,0.5649,8.1756,9.4198,0,0,0
0.0583,-0.0049,1.1182,1.8855,13.916,12.084,0,0,0
0.0613,0.02,1.1428,3.5649,18.8473,12.8397,0,0,0
0.0645,0.0188,1.168,6.5191,24.374,12.5344,0,0,0
0.0718,0.0046,1.1636,12.5725,31.1832,12.4809,0,0,0
0.0779,-0.0198,1.1506,18.6107,35.3282,15.0458,0,0,0
0.0588,-0.0156,1.1509,24.6031,39.626,17.2137,0,0,0
0.04,-0.0032,1.1372,28.9389,44.1985,20.0763,0,0,0
0.0488,0.0295,1.1021,33.1603,47.7481,23.5954,0,0,0
0.0637,0.0706,1.0625,29.9237,50.9084,24.2595,0,0,0
0.0735,0.1177,0.9976,24.3359,51.458,20.8168,0,0,0
0.1101,0.1414,1.0505,16.8473,53.1679,14.3588,0,0,0
0.0786,0.1682,1.0732,7.5725,60.0382,6.5954,0,0,0
0.0476,0.1641,1.0168,-0.3969,62.7328,0.7023,0,0,0
0.0408,0.1426,0.9519,-4.1298,58.542,-2.5573,0,0,0
0.0337,0.1311,0.9287,-3.2519,49.9466,-5.0611,0,0,0
0.0254,0.1399,0.9377,1.084,39.8015,-8.6107,0,0,0
0.0059,0.1489,0.9653,7.3817,31.7786,-14.0229,0,0,0
-0.0103,0.1411,1.0015,13.3817,25.4504,-20.374,0,0,0
-0.0149,0.1309,1.0276,18.6336,23.313,-25.1985,0,0,0
-0.0259,0.1326,1.0359,21.5573,23.3664,-28.1069,0,0,0
-0.0337,0.1289,1.0442,21.0382,24.5802,-29.5649,0,0,0
-0.0454,0.127,1.0374,19.5191,26.1908,-30.7863,0,0,0
-0.0569,0.1094,1.0183,17.3206,26.8015,-31.687,0,0,0
-0.0735,0.0938,1.0022,15.084,26.3511,-31.1603,0,0,0
-0.0808,0.0759,1.0061,12.0992,26.1374,-29.5802,0,0,0
-0.0969,0.0737,1.0181,7.8168,27.2748,-26.8168,0,0,0
-0.1106,0.0752,0.9875,5.0763,28.771,-24.1679,0,0,0
-0.1177,0.0852,0.9792,2.8092,28.9771,-22.0382,0,0,0
-0.1235,0.0864,0.9607,1.3511,27.687,-20.6947,0,0,0
-0.1213,0.0994,0.9329,3.1145,24.1832,-20.458,0,0,0
-0.1233,0.1118,0.9175,4.7557,18.6794,-21.7557,0,0,0
-0.1221,0.1235,0.9094,5.7863,13.2443,-23.1679,0,0,0
-0.1255,0.0911,0.9351,5.3206,8.4962,-24.4962,0,0,0
-0.1409,0.0681,0.9666,4.8092,6.2672,-23.9237,0,0,0
-0.1519,0.0542,0.9734,3.8931,6.2672,-21.0534,0,0,0
-0.1511,0.0603,0.9851,1.8321,6.8397,-16.4427,0,0,0
-0.1418,0.093,0.9661,-0.5649,7.2137,-13.1679,0,0,0
-0.1377,0.1284,0.9531,-1.3817,6.0687,-13.2137,0,0,0
-0.1143,0.1567,0.9504,-1.2137,3.145,-15.6107,0,0,0
-0.0981,0.1985,0.98,-0.4351,-0.0076,-20.4885,0,0,0
-0.0952,0.2185,1.0037,0.8855,-1.7405,-27.0611,0,0,0
-0.0886,0.2231,1.0222,1.687,-1.9542,-34.7863,0,0,0
-0.0867,0.1968,1.0459,0.8626,-1.3359,-41.4046,0,0,0
-0.105,0.1416,1.0605,0.0763,0.2366,-45.4656,0,0,0
-0.1208,0.1021,1.074,-0.8702,3.4962,-46.6336,0,0,0
-0.137,0.0728,1.0764,-2.5954,8.0076,-44.5649,0,0,0
-0.156,0.0576,1.0581,-3.313,9.9389,-40.9466,0,0,0
-0.1536,0.0764,1.05,-3.2977,11.5191,-38.3969,0,0,0
-0.1438,0.0935,1.0588,-1.5725,13.1756,-37.626,0,0,0
-0.1367,0.1089,1.0632,0.5725,15.458,-38.7557,0,0,0
-0.1343,0.1128,1.0645,1.1527,17.6565,-40.5496,0,0,0
-0.1443,0.084,1.071,0.5038,18.7328,-42.1221,0,0,0
-0.1633,0.0691,1.0857,1.6031,22.5649,-42.2061,0,0,0
-0.179,0.0508,1.0723,2.4046,26.9847,-40.4046,0,0,0
-0.198,0.0239,1.0166,2.4885,29.4733,-36.3817,0,0,0
-0.2205,0.0076,0.9509,3.2595,27.145,-31.2137,0,0,0
-0.2297,0.0154,0.9294,2.7863,22.7557,-26.4198,0,0,0
-0.2349,0.0183,0.9016,2.0916,17.9771,-22.1832,0,0,0
-0.2393,0.019,0.9087,0.0763,12.8855,-18.5344,0,0,0
-0.2385,0.0251,0.9124,-3.1908,8.4427,-14.7176,0,0,0
-0.2256,0.0254,0.9529,-6.4351,5.8397,-11.4351,0,0,0
-0.2224,0.0327,0.9692,-8.5115,4.4733,-9.6794,0,0,0
-0.2095,0.0496,1.009,-9.3435,5.229,-8.1985,0,0,0
-0.1895,0.0647,1.0281,-8.4504,6.5267,-7.8931,0,0,0
-0.188,0.1082,1.0398,-6.2748,8.458,-9.3053,0,0,0
-0.1899,0.1074,1.03,-4.5496,9.2137,-12.084,0,0,0
-0.1882,0.0969,1.0125,-2.2519,9.0992,-14.5267,0,0,0
-0.2214,0.0527,0.9812,1.0992,5.3206,-15.0534,0,0,0
-0.2207,0.042,0.9888,1.4122,3.1145,-13.1527,0,0,0
-0.2244,0.0579,1.0081,0.1756,3.0611,-10.8397,0,0,0
-0.2146,0.072,1.0354,-1.374,4.626,-10.0687,0,0,0
-0.209,0.0886,1.042,-2.3664,7.855,-10.1069,0,0,0
-0.2053,0.092,1.0183,-2.3664,11.1527,-11.0,0,0,0
-0.2117,0.0864,0.9861,-2.4885,11.3969,-11.8931,0,0,0
-0.2297,0.0779,0.9595,-1.6031,8.6947,-12.1145,0,0,0
-0.2363,0.0781,0.9458,-0.7328,5.1374,-11.2901,0,0,0
-0.2266,0.0837,0.9504,-0.6565,1.8626,-10.6031,0,0,0
-0.2185,0.0889,0.988,-0.8626,0.1374,-10.4656,0,0,0
-0.2148,0.1133,1.0232,-0.8015,1.0534,-11.5573,0,0,0
-0.2014,0.1335,1.0576,0.313,4.1679,-13.4351,0,0,0
-0.1907,0.1624,1.0674,1.5649,8.0534,-17.0687,0,0,0
-0.1841,0.1802,1.0569,2.5267,12.4504,-22.4885,0,0,0
-0.1909,0.1577,1.0454,2.5954,14.4962,-28.2824,0,0,0
-0.2036,0.1338,1.0483,3.5649,15.458,-32.0382,0,0,0
-0.1963,0.1216,1.1084,6.6641,16.7786,-34.0076,0,0,0
-0.2048,0.1392,1.1631,9.2443,21.5114,-36.0,0,0,0
-0.1946,0.1382,1.1948,13.3664,28.8015,-38.0305,0,0,0
-0.1819,0.1316,1.1863,23.4885,37.6489,-39.4122,0,0,0
-0.2021,0.1748,1.136,26.0382,42.9542,-43.3359,0,0,0
-0.2166,0.1426,1.073,26.458,45.2519,-48.4427,0,0,0
-0.2378,0.1162,1.0452,27.687,44.4656,-51.4122,0,0,0
-0.2634,0.0825,1.0437,27.687,43.3817,-52.0611,0,0,0
-0.2561,0.092,1.1663,26.9542,48.3511,-51.374,0,0,0
-0.2659,0.1174,1.2253,26.3206,61.4275,-50.6641,0,0,0
-0.2515,0.1235,1.2251,28.0611,77.0916,-51.0229,0,0,0
-0.2651,0.123,1.1003,32.313,89.9008,-52.2672,0,0,0
-0.2947,0.1238,0.947,33.8015,92.0916,-54.2977,0,0,0
-0.3105,0.1077,0.8552,33.8702,85.1756,-56.8092,0,0,0
-0.3464,0.093,0.8447,33.0763,78.3817,-59.0763,0,0,0
-0.3755,0.084,0.8669,33.3969,76.3359,-58.8397,0,0,0
-0.4146,0.0625,0.7544,30.8855,68.6412,-56.9847,0,0,0
-0.4419,0.0415,0.7141,23.7634,58.9771,-53.8702,0,0,0
-0.4512,0.0413,0.6755,17.8702,48.8473,-50.5649,0,0,0
-0.4766,0.0479,0.655,10.5649,36.1908,-47.2824,0,0,0
-0.4673,0.0447,0.7026,2.6947,25.374,-45.6489,0,0,0
-0.4663,0.0388,0.7634,-0.1069,19.1908,-43.855,0,0,0
-0.4702,0.0354,0.7937,-2.7863,16.5496,-41.687,0,0,0
-0.4771,0.0232,0.8081,-4.4809,14.9695,-39.2137,0,0,0
-0.4871,0.0134,0.7932,-6.0992,12.6565,-35.5496,0,0,0
-0.4983,0.0007,0.7866,-7.2672,9.5191,-31.626,0,0,0
-0.5159,-0.0068,0.7688,-8.9008,5.1069,-27.4351,0,0,0
-0.5313,-0.0239,0.7649,-12.0458,0.2748,-22.8244,0,0,0
-0.5359,-0.0334,0.7893,-15.1679,-4.2901,-17.5954,0,0,0
-0.5449,-0.0544,0.8059,-16.6183,-8.5496,-11.8931,0,0,0
-0.5334,-0.0691,0.8381,-18.9008,-11.3664,-5.7328,0,0,0
-0.5227,-0.0684,0.8726,-20.2061,-11.229,0.3588,0,0,0
-0.5122,-0.0537,0.8987,-19.6489,-9.7863,5.313,0,0,0
-0.4949,-0.0349,0.9109,-17.9771,-8.4733,8.7176,0,0,0
-0.4763,-0.0208,0.9128,-14.8779,-8.6107,11.1679,0,0,0
-0.4663,-0.0181,0.9126,-13.3435,-9.6718,11.8473,0,0,0
-0.4797,-0.0435,0.9216,-13.5267,-11.5573,13.6107,0,0,0
-0.4941,-0.0696,0.9526,-11.0153,-11.2901,17.7328,0,0,0
-0.4915,-0.0715,0.9697,-7.7252,-9.7557,22.8244,0,0,0
-0.5134,-0.0874,0.9346,-5.6183,-9.4962,28.542,0,0,0
-0.5151,-0.0959,0.8931,-3.2977,-15.4733,35.0992,0,0,0
-0.5195,-0.1121,0.908,-5.2214,-17.5802,40.9847,0,0,0
-0.5332,-0.1318,0.8965,-6.1985,-17.9237,49.1908,0,0,0
-0.5337,-0.157,0.894,-7.5878,-19.1832,60.0153,0,0,0
-0.5303,-0.134,0.8918,-7.3206,-20.6031,70.2595,0,0,0
-0.5056,-0.1191,0.8679,-5.1527,-22.6031,79.0534,0,0,0
-0.4692,-0.1118,0.8721,-10.4427,-25.7176,86.1756,0,0,0
-0.4602,-0.103,0.8831,-12.4351,-27.4656,93.8702,0,0,0
-0.4475,-0.0989,0.8911,-18.9618,-27.4656,100.9008,0,0,0
-0.447,-0.0938,0.8562,-21.3282,-28.7252,109.8931,0,0,0
-0.4221,-0.0774,0.833,-26.9542,-32.5115,119.0916,0,0,0
-0.3914,-0.0469,0.782,-33.687,-39.626,127.3664,0,0,0
-0.3618,-0.0471,0.762,-43.4275,-48.8931,133.7176,0,0,0
-0.3279,-0.0461,0.8049,-53.9542,-56.0611,140.0458,0,0,0
-0.2917,-0.0642,0.8909,-66.0458,-57.8779,145.2137,0,0,0
-0.2417,-0.0303,1.002,-78.7252,-54.7634,150.6717,0,0,0
-0.2026,-0.0442,1.1357,-95.3206,-43.7481,154.855,0,0,0
-0.189,-0.0327,1.2351,-106.0076,-29.4885,160.542,0,0,0
-0.1733,0.0261,1.302,-110.1069,-11.229,163.6488,0,0,0
-0.1743,0.0378,1.3081,-106.7863,5.5573,163.6947,0,0,0
-0.1904,0.0466,1.2627,-99.6489,19.1221,161.2443,0,0,0
-0.2214,-0.0251,1.1514,-91.1679,24.8244,159.8168,0,0,0
-0.2654,-0.0225,1.0605,-79.7252,21.3435,160.9466,0,0,0
-0.2729,-0.0278,1.0437,-71.7786,12.6336,163.9389,0,0,0
-0.2332,0.0061,1.0911,-63.0,4.7557,166.374,0,0,0
-0.188,0.0234,1.1333,-57.5649,3.229,165.3588,0,0,0
-0.1616,0.0256,1.2329,-53.9084,8.0229,162.229,0,0,0
-0.1619,0.0911,1.2634,-44.0611,19.1298,157.8855,0,0,0
-0.1704,0.2036,1.2327,-34.9084,31.8397,149.4962,0,0,0
-0.1526,0.2971,1.2034,-28.5954,43.3817,136.5725,0,0,0
-0.167,0.353,1.1655,-25.4351,54.7557,119.7252,0,0,0
-0.1826,0.324,1.1221,-24.7176,62.7863,101.8473,0,0,0
-0.1895,0.2727,1.0881,-24.0458,68.8626,87.3359,0,0,0
-0.2268,0.2852,1.0107,-22.7634,73.9313,75.9084,0,0,0
-0.2581,0.3091,0.9165,-23.6947,73.6489,66.0,0,0,0
-0.262,0.3208,0.8757,-25.0229,69.5725,55.6794,0,0,0
-0.2681,0.2529,0.8779,-26.0534,63.8779,44.4885,0,0,0
-0.3254,0.2292,0.874,-17.3359,56.1298,34.2519,0,0,0
-0.366,0.2319,0.8398,-9.4656,45.8779,26.6489,0,0,0
-0.3552,0.2444,0.8433,-2.6489,37.2214,20.6107,0,0,0
-0.3481,0.2444,0.853,0.3969,32.3206,15.0763,0,0,0
-0.3518,0.2402,0.8198,2.3206,29.2061,8.6489,0,0,0
-0.3767,0.1843,0.801,1.313,24.542,3.0076,0,0,0
-0.4109,0.1465,0.7485,1.0,19.2672,0.1985,0,0,0
-0.4221,0.126,0.7134,-0.2901,11.687,0.3282,0,0,0
-0.415,0.1211,0.7295,-4.1908,2.6031,2.5878,0,0,0
-0.429,0.1562,0.7578,-7.2595,-4.7099,2.6336,0,0,0
-0.4377,0.1277,0.8477,-13.9008,-7.6718,1.2977,0,0,0
-0.4487,0.0679,0.9224,-16.3817,-4.9847,0.6718,0,0,0
-0.4636,-0.0012,0.9438,-15.3969,-1.0382,3.4122,0,0,0
-0.4729,-0.0542,0.928,-15.626,1.6412,9.8779,0,0,0
-0.4827,-0.0898,0.9336,-21.3053,3.6565,19.0458,0,0,0
-0.4751,-0.1035,0.979,-31.4962,8.1145,29.0458,0,0,0
-0.4771,-0.0981,1.0198,-43.1298,15.916,39.5191,0,0,0
-0.5029,-0.0649,1.0479,-51.1298,26.0153,48.1298,0,0,0
-0.4897,-0.04,1.062,-54.3893,34.9084,55.1908,0,0,0
-0.489,-0.0432,1.1348,-55.7023,43.5878,59.1069,0,0,0
-0.5078,-0.0603,1.168,-47.9466,53.6412,61.1298,0,0,0
-0.5525,-0.0979,1.1516,-39.6107,63.8092,64.5649,0,0,0
-0.5732,-0.0745,1.1086,-33.2214,74.0763,72.0229,0,0,0
-0.5112,-0.0288,1.0635,-29.8931,81.7939,80.855,0,0,0
-0.468,0.0986,0.9971,-25.0916,85.6107,82.8321,0,0,0
-0.4575,0.2344,0.8794,-17.8702,84.0076,72.5725,0,0,0
-0.4622,0.3049,0.7654,-10.542,73.3664,54.1221,0,0,0
-0.4675,0.3152,0.6501,-0.5344,54.9695,35.2061,0,0,0
-0.4683,0.344,0.5586,11.7252,29.5954,20.2366,0,0,0
-0.4575,0.3711,0.5349,22.1756,4.0763,4.6336,0,0,0
-0.4309,0.4529,0.4805,36.1832,-20.3664,-13.2366,0,0,0
-0.3896,0.4846,0.4727,47.8244,-45.771,-31.5267,0,0,0
-0.3535,0.5432,0.5237,52.5649,-62.5954,-54.145,0,0,0
-0.3237,0.4722,0.5386,51.7939,-80.542,-76.3588,0,0,0
-0.2966,0.3354,0.6282,44.9771,-95.626,-94.1374,0,0,0
-0.3162,0.1975,0.7351,39.5954,-102.0076,-103.7099,0,0,0
-0.3677,0.0427,0.8105,32.0611,-103.7634,-103.9008,0,0,0
-0.4299,-0.0603,0.9019,23.2748,-100.542,-93.5115,0,0,0
-0.4998,-0.1147,0.9648,16.542,-93.1908,-76.8626,0,0,0
-0.5337,-0.2109,1.0554,8.0916,-82.0305,-54.9695,0,0,0
-0.5652,-0.2676,1.1653,4.1985,-65.084,-28.1527,0,0,0
-0.5432,-0.217,1.2339,3.7405,-41.1527,-0.6336,0,0,0
-0.4915,-0.0437,1.249,-3.4733,-11.1832,21.1832,0,0,0
-0.4399,0.0188,1.1313,-10.6183,10.1374,30.4046,0,0,0
-0.4197,0.084,1.0181,-14.7634,18.1756,34.2137,0,0,0
-0.4124,0.1404,0.97,-15.9847,19.5573,30.1145,0,0,0
-0.4109,0.1726,0.9326,-13.4504,16.5954,19.8702,0,0,0
-0.4229,0.1616,0.9111,-9.8244,9.9008,7.8702,0,0,0
-0.4358,0.0896,0.9119,-7.2824,3.8015,-1.2977,0,0,0
-0.4812,0.0017,0.8987,-7.5878,1.5573,-2.6336,0,0,0
-0.5117,-0.0894,0.9314,-11.5038,1.6489,5.3359,0,0,0
-0.512,-0.1023,0.96,-14.229,6.3206,18.8092,0,0,0
-0.4729,-0.0762,0.9341,-11.8626,10.6565,32.084,0,0,0
-0.4392,0.0298,0.8723,-4.3511,10.1221,38.8092,0,0,0
-0.3894,0.1121,0.7734,4.7557,2.1374,37.6489,0,0,0
-0.3933,0.2402,0.7375,11.1145,-11.8855,29.855,0,0,0
-0.3843,0.3252,0.7009,16.5267,-28.5267,13.7481,0,0,0
-0.3545,0.377,0.7014,19.8244,-45.9389,-6.5038,0,0,0
-0.3118,0.3938,0.7295,24.3053,-61.6718,-26.8931,0,0,0
-0.2908,0.4072,0.7336,29.1527,-76.2672,-46.855,0,0,0
-0.2659,0.408,0.749,29.542,-92.2977,-66.1221,0,0,0
-0.2476,0.3848,0.8054,26.6641,-106.7176,-85.1756,0,0,0
-0.2371,0.3499,0.8708,26.4427,-116.3511,-101.9084,0,0,0
-0.2207,0.3086,0.9465,30.0611,-119.0229,-116.3588,0,0,0
-0.2051,0.2573,0.9866,32.4198,-116.2672,-125.2748,0,0,0
-0.1711,0.1208,1.0466,25.1221,-113.771,-127.7863,0,0,0
-0.1677,0.0125,1.1099,23.9466,-106.6565,-123.9389,0,0,0
-0.1987,-0.0642,1.1589,23.6336,-97.4504,-117.2824,0,0,0
-0.2297,-0.1404,1.1917,28.5954,-86.1298,-106.3053,0,0,0
-0.2717,-0.134,1.1702,36.6947,-75.2214,-92.4198,0,0,0
-0.2844,-0.0884,1.1257,44.9008,-63.1603,-78.2519,0,0,0
-0.282,-0.0222,1.0549,52.3282,-54.4809,-65.5649,0,0,0
-0.2529,0.0566,0.9785,52.0,-50.7863,-56.4351,0,0,0
-0.2112,0.1162,0.9187,49.2519,-54.6412,-51.1679,0,0,0
-0.1748,0.1443,0.928,41.3511,-61.9466,-52.2901,0,0,0
-0.1602,0.1362,0.9111,40.9313,-73.5344,-55.9313,0,0,0
-0.1431,0.0942,0.9839,41.9618,-80.2901,-58.5191,0,0,0
-0.1367,0.0298,1.0261,44.6336,-83.2595,-58.5954,0,0,0
-0.1401,-0.0127,1.0566,44.0458,-83.9466,-54.2214,0,0,0
-0.1609,-0.0374,1.1079,39.6412,-81.626,-45.3893,0,0,0
-0.1531,-0.043,1.1606,34.3893,-72.6412,-33.9008,0,0,0
-0.1436,-0.0129,1.1465,27.3206,-60.1298,-20.1679,0,0,0
-0.1216,0.0493,1.1255,16.6947,-48.4656,-7.9542,0,0,0
-0.1018,0.1165,1.0901,5.1679,-38.7328,-0.9237,0,0,0
-0.0684,0.1655,1.0474,-7.3435,-34.7634,0.5344,0,0,0
-0.0576,0.1565,1.0671,-18.5496,-34.9924,-1.229,0,0,0
-0.0469,0.1475,1.1172,-23.1527,-31.8168,-3.5344,0,0,0
-0.0498,0.1382,1.1213,-23.8397,-29.2137,-5.3053,0,0,0
-0.043,0.1296,1.1287,-22.1679,-25.0763,-5.7786,0,0,0
-0.0447,0.1257,1.136,-20.5191,-20.7786,-5.0458,0,0,0
-0.0518,0.1182,1.1487,-17.855,-16.9008,-3.9084,0,0,0
-0.054,0.1208,1.1533,-13.5954,-12.9008,-2.9924,0,0,0
-0.052,0.1299,1.1377,-7.4962,-8.6336,-2.0916,0,0,0
-0.0386,0.1477,1.1243,-3.8321,-4.9389,-2.6641,0,0,0
-0.0359,0.156,1.1072,-2.2977,-1.3511,-3.6565,0,0,0
-0.0317,0.1567,1.0635,-2.1832,2.2672,-5.3664,0,0,0
-0.0337,0.1567,0.9966,-3.6031,3.0763,-6.8855,0,0,0
-0.0369,0.1633,0.9351,-7.0458,1.1298,-8.0,0,0,0
-0.0393,0.157,0.936,-13.9008,-3.229,-8.687,0,0,0
-0.0557,0.146,0.9719,-18.1069,-5.9542,-8.0153,0,0,0
-0.0576,0.1216,1.0063,-18.5878,-7.7405,-7.6412,0,0,0
-0.0432,0.1187,1.0396,-21.6947,-5.4885,-7.4275,0,0,0
-0.0439,0.1064,1.0659,-18.7405,-1.7634,-6.0076,0,0,0
-0.0461,0.1128,1.0374,-16.3588,1.3435,-3.9847,0,0,0
-0.0498,0.127,0.989,-15.8855,3.2061,-3.4656,0,0,0
-0.0408,0.1262,0.9739,-16.4885,2.542,-3.458,0,0,0
-0.0371,0.1189,0.9844,-17.145,0.229,-3.8473,0,0,0
-0.053,0.1008,1.0059,-15.2443,-1.6565,-4.0,0,0,0
-0.0535,0.1072,1.0212,-10.2366,-2.7481,-3.374,0,0,0
-0.0481,0.1274,1.0247,-6.4656,-2.6718,-3.8855,0,0,0
-0.0388,0.134,1.0256,-4.6489,-2.5802,-4.3435,0,0,0
-0.0381,0.1387,1.0142,-2.9084,-1.8168,-6.2214,0,0,0
-0.0288,0.1353,0.9556,-2.855,-2.6718,-8.1756,0,0,0
-0.0334,0.1301,0.9258,-6.8321,-5.5038,-9.3588,0,0,0
-0.0439,0.1179,0.9246,-11.3282,-9.7786,-10.1603,0,0,0
-0.0405,0.1047,0.9763,-16.458,-12.9847,-9.771,0,0,0
-0.0444,0.0823,1.0286,-19.7252,-13.2824,-9.0153,0,0,0
-0.0471,0.0725,1.0784,-19.3511,-10.1908,-7.1679,0,0,0
-0.0408,0.0762,1.0906,-16.0458,-6.1756,-4.7481,0,0,0
-0.04,0.0784,1.0872,-13.3282,-3.1832,-3.2061,0,0,0
-0.0366,0.0959,1.0762,-9.0534,-1.7557,-2.7328,0,0,0
-0.0354,0.0938,1.0493,-4.0763,-2.0687,-3.9237,0,0,0
-0.03,0.0884,1.0247,0.2366,-3.4275,-5.4275,0,0,0
-0.0254,0.0916,1.0105,1.8626,-5.4046,-6.6336,0,0,0
-0.0256,0.0886,1.019,0.0305,-6.8702,-7.3664,0,0,0
-0.0278,0.0818,1.0374,-1.7099,-7.3359,-7.2824,0,0,0
-0.0261,0.0793,1.053,-3.2977,-6.6947,-6.9618,0,0,0
-0.0303,0.073,1.0742,-4.855,-5.4198,-6.4275,0,0,0
-0.033,0.064,1.0781,-5.626,-3.7252,-5.626,0,0,0
-0.0339,0.0615,1.0837,-5.5038,-1.3206,-4.7939,0,0,0
-0.0283,0.0613,1.0579,-4.4504,0.6718,-3.9924,0,0,0
-0.0337,0.0645,1.05,-3.6947,1.9008,-3.0382,0,0,0
-0.033,0.0659,1.0322,-2.7634,0.9847,-2.6183,0,0,0
-0.0303,0.0652,1.0295,-1.9618,-0.1679,-2.0,0,0,0
-0.0298,0.071,1.0364,-1.2901,-1.1374,-1.5954,0,0,0
-0.0259,0.0764,1.05,-1.1374,-0.1756,-1.6412,0,0,0
-0.0208,0.0796,1.0537,-1.313,1.4198,-1.5573,0,0,0
-0.0242,0.0847,1.0547,-2.6489,3.2366,-1.1832,0,0,0
-0.0239,0.0854,1.0339,-3.2672,4.6183,-1.0382,0,0,0
-0.0229,0.0874,1.0161,-4.0992,4.8473,-1.6565,0,0,0
-0.0276,0.0857,1.001,-3.8244,3.6641,-1.5649,0,0,0
-0.0332,0.0876,1.0029,-3.4885,2.084,-1.7786,0,0,0
-0.0264,0.0754,1.0088,-2.7328,0.4122,-1.7252,0,0,0
-0.031,0.0764,1.0,-2.7557,-0.8168,-1.5115,0,0,0
-0.0376,0.0808,1.0,-2.7939,-1.7405,-1.145,0,0,0
-0.03,0.0784,1.0081,-3.2824,-1.8626,-0.2824,0,0,0
-0.0261,0.0852,1.0181,-4.4122,-1.3664,0.4962,0,0,0
-0.03,0.1016,1.0264,-4.3206,-0.0611,0.0992,0,0,0
-0.032,0.0962,1.0222,-4.3206,1.2901,-0.6565,0,0,0
-0.0225,0.0864,1.0144,-3.3206,1.145,-1.2748,0,0,0
-0.0288,0.0906,1.0039,-1.9008,0.1603,-1.3969,0,0,0
-0.0403,0.1003,1.0017,-2.687,-0.6183,-1.6107,0,0,0
-0.0376,0.0928,0.9976,-3.0382,-1.8015,-1.7786,0,0,0
-0.0286,0.0845,1.0022,-2.9771,-3.9771,-1.7863,0,0,0
-0.0276,0.0867,1.0188,-2.6412,-5.2061,-1.9008,0,0,0
-0.0334,0.0811,1.0349,-2.4962,-5.4809,-1.9542,0,0,0
-0.0315,0.0852,1.0598,-2.374,-3.9695,-1.4885,0,0,0
-0.0259,0.0854,1.0513,-2.1832,-2.2061,-1.2748,0,0,0
-0.019,0.0879,1.0383,-3.2366,-0.5191,-1.6489,0,0,0
-0.0195,0.0896,1.0193,-2.8473,0.084,-2.0534,0,0,0
-0.0208,0.0999,1.0117,-2.7863,-1.1832,-3.0229,0,0,0
-0.0276,0.0974,1.0022,-3.0153,-2.8702,-4.1679,0,0,0
-0.0232,0.092,1.0117,-3.1603,-4.3664,-4.916,0,0,0
-0.0242,0.083,1.0217,-2.6947,-5.2519,-5.542,0,0,0
-0.03,0.0752,1.021,-2.687,-5.6794,-5.4427,0,0,0
-0.031,0.0725,1.0391,-3.2214,-5.5344,-5.0153,0,0,0
-0.032,0.0608,1.0518,-3.9771,-4.5573,-4.6031,0,0,0
-0.032,0.0627,1.0376,-3.8855,-3.1527,-3.3511,0,0,0
-0.0286,0.0715,1.0471,-4.2672,-2.084,-2.6794,0,0,0
-0.0276,0.0686,1.0254,-4.7481,-1.5725,-2.1908,0,0,0
-0.0256,0.0723,1.0305,-4.5954,-1.5802,-2.1069,0,0,0
-0.0212,0.0759,1.0374,-3.9313,-2.0458,-2.2214,0,0,0
-0.02,0.0769,1.0356,-3.0076,-1.9847,-2.855,0,0,0
-0.0225,0.0696,1.0342,-2.2214,-1.6031,-2.9237,0,0,0
-0.022,0.0662,1.0354,-1.7634,-1.4198,-2.9924,0,0,0
-0.0229,0.0679,1.0293,-1.8168,-1.1603,-2.4275,0,0,0
-0.0227,0.0652,1.0295,-3.2672,-1.0076,-1.7405,0,0,0
-0.0259,0.0667,1.0264,-3.7176,-0.9313,-1.1756,0,0,0
-0.0276,0.0654,1.0261,-3.0153,-1.0229,-0.9084,0,0,0
-0.0254,0.072,1.0254,-2.7252,-0.9084,-0.4656,0,0,0
-0.0239,0.075,1.0125,-1.9695,-1.1145,-0.6718,0,0,0
-0.0244,0.0776,1.0054,-2.3817,-1.7634,-0.6947,0,0,0
-0.022,0.0791,1.01,-2.6718,-2.6412,-1.2672,0,0,0
-0.02,0.0776,1.0042,-2.6183,-3.3664,-1.2519,0,0,0
-0.0176,0.0745,1.0315,-3.2214,-3.5954,-1.4275,0,0,0
-0.0227,0.0645,1.0381,-2.7252,-3.5115,-1.1145,0,0,0
-0.0237,0.0737,1.0471,-1.7328,-2.6947,-0.4122,0,0,0
-0.0134,0.0735,1.0347,-2.2901,-1.4809,-0.2214,0,0,0
-0.009,0.0796,1.0293,-3.2519,-0.7328,0.3664,0,0,0
-0.0156,0.0928,1.012,-3.8321,-1.2519,-0.4504,0,0,0
-0.0193,0.0979,1.0278,-4.1908,-1.8626,-1.6565,0,0,0
-0.0188,0.0891,1.0354,-3.8244,-2.3588,-2.374,0,0,0
-0.0144,0.0872,1.0315,-2.7634,-2.2443,-2.8244,0,0,0
-0.0168,0.0847,1.0269,-2.3282,-2.3435,-3.5954,0,0,0
-0.0063,0.0698,1.0293,-3.0611,-2.313,-3.5649,0,0,0
-0.0188,0.0615,1.0308,-2.6183,-1.9389,-2.9924,0,0,0
-0.0181,0.0649,1.0288,-2.8779,-1.374,-2.5573,0,0,0
-0.0178,0.0652,1.0181,-4.8702,-1.4427,-1.9084,0,0,0
-0.0198,0.063,1.0249,-6.3359,-1.374,-0.9618,0,0,0
-0.0217,0.0645,1.0232,-6.458,-1.3206,-0.7939,0,0,0
-0.0212,0.0632,1.0332,-5.6947,-1.4275,-0.916,0,0,0
-0.0195,0.063,1.0305,-3.7634,-1.2672,-1.2595,0,0,0
-0.011,0.0713,1.0127,-3.145,-1.5496,-0.8626,0,0,0
-0.0142,0.0684,1.0002,-3.5725,-2.542,-1.0916,0,0,0
-0.0205,0.0674,1.0039,-4.7939,-4.2214,-1.4427,0,0,0
-0.0176,0.064,1.0222,-4.9847,-5.1603,-1.2061,0,0,0
-0.0198,0.0623,1.0486,-4.6336,-4.7863,-0.5954,0,0,0
-0.0112,0.0671,1.0486,-3.8168,-3.4122,-0.6489,0,0,0
-0.0059,0.063,1.0491,-3.1221,-2.374,-0.687,0,0,0
-0.0068,0.061,1.0464,-2.4427,-1.7405,-1.1069,0,0,0
-0.009,0.0586,1.0298,-1.7023,-1.542,-1.1069,0,0,0
-0.0085,0.0642,1.0312,-2.3359,-1.0534,-1.0153,0,0,0
-0.0039,0.0613,1.0337,-2.9466,-1.2061,-1.0611,0,0,0
-0.0088,0.0586,1.0269,-3.145,-1.0687,-0.9695,0,0,0
-0.011,0.0598,1.0217,-3.5267,-1.3053,-0.9847,0,0,0
-0.0142,0.0571,1.0188,-4.0153,-2.1985,-1.4122,0,0,0
-0.0139,0.0552,1.0356,-3.9084,-2.4656,-1.3282,0,0,0
-0.0156,0.0508,1.0437,-3.0611,-2.6641,-1.0382,0,0,0
-0.0208,0.0581,1.0454,-1.6794,-1.9389,-0.5954,0,0,0
-0.0168,0.0591,1.04,-0.374,-1.2748,-0.1527,0,0,0
-0.0107,0.0652,1.0273,-0.0458,-1.3053,-0.4733,0,0,0
-0.0063,0.0688,1.0195,-0.5725,-0.7939,-0.4885,0,0,0
-0.0076,0.0757,1.0129,-1.6489,-1.1374,-1.0534,0,0,0
-0.0132,0.0796,1.0125,-3.2519,-1.8397,-1.8092,0,0,0
-0.0142,0.0735,1.0225,-4.1679,-2.0382,-2.6794,0,0,0
-0.0139,0.0688,1.0237,-3.458,-2.5802,-2.7481,0,0,0
-0.0085,0.0588,1.0276,-2.1756,-2.9771,-2.9847,0,0,0
-0.0007,0.052,1.0188,-1.5802,-3.6183,-2.2595,0,0,0
-0.0066,0.063,1.0273,-2.5725,-3.687,-1.8397,0,0,0
-0.0085,0.0662,1.0369,-4.3053,-3.2519,-1.6565,0,0,0
-0.0046,0.062,1.0503,-5.0076,-2.6336,-1.8473,0,0,0
-0.0073,0.064,1.0588,-4.374,-1.0153,-1.8855,0,0,0
-0.0088,0.0588,1.0527,-3.2519,-0.4656,-2.2595,0,0,0
-0.0068,0.0649,1.0356,-1.3969,-0.8321,-2.5725,0,0,0
0.0034,0.0498,1.0239,-0.458,-1.7481,-2.687,0,0,0
0.0,0.0457,1.0229,-1.8092,-2.374,-2.9695,0,0,0
-0.0195,0.0415,1.0259,-3.4198,-2.4046,-1.9847,0,0,0
-0.0188,0.0359,1.0388,-4.7176,-1.9542,-0.7023,0,0,0
-0.0093,0.0347,1.0552,-4.9771,-1.2061,0.5649,0,0,0
-0.0056,0.05,1.0581,-4.2901,-0.0305,0.6947,0,0,0
-0.0071,0.0618,1.0432,-3.0153,0.5802,0.1145,0,0,0
-0.0039,0.0654,1.0337,-1.3893,0.3664,-0.4733,0,0,0
0.0002,0.0632,1.032,-0.4504,0.0305,-0.8321,0,0,0
-0.0037,0.0505,1.0164,-0.084,-0.2824,-0.9542,0,0,0
-0.0039,0.0496,1.0156,-0.3893,-1.3359,-0.2824,0,0,0
-0.001,0.0535,1.0283,-1.4656,-1.374,0.0229,0,0,0
-0.0024,0.0566,1.0293,-2.2137,-0.7863,0.4885,0,0,0
-0.0044,0.0735,1.0254,-2.8092,0.0916,0.0076,0,0,0
-0.0046,0.0715,1.021,-2.5725,0.4275,-0.4427,0,0,0
-0.0005,0.0681,1.0188,-2.6183,0.4122,-1.0305,0,0,0
-0.0024,0.0654,0.9971,-2.6947,-0.8244,-1.3053,0,0,0
-0.0054,0.0586,0.9998,-2.458,-2.1756,-1.6641,0,0,0
-0.0054,0.0481,1.0144,-2.2748,-3.4427,-1.3435,0,0,0
-0.0066,0.053,1.0303,-1.3435,-3.1145,-0.4656,0,0,0
-0.0081,0.0608,1.0503,-1.1374,-1.7786,0.3359,0,0,0
-0.0054,0.0698,1.0515,-1.4046,-0.229,0.1221,0,0,0
0.0027,0.074,1.0276,-1.9389,0.2443,-0.2366,0,0,0
-0.0007,0.0735,1.022,-2.7939,-0.0687,-1.2061,0,0,0
-0.0029,0.0728,1.0176,-2.7099,-0.855,-1.5649,0,0,0
-0.0068,0.0642,1.022,-2.6107,-1.8779,-1.687,0,0,0
0.0005,0.061,1.0354,-2.4046,-2.0305,-1.7405,0,0,0
0.0005,0.0654,1.0427,-2.1756,-1.6107,-1.8779,0,0,0
-0.0012,0.0635,1.0474,-1.8321,-0.2519,-1.8855,0,0,0
0.0059,0.0586,1.0371,-1.5115,0.084,-1.916,0,0,0
-0.0012,0.0667,1.0317,-1.6718,0.1374,-1.9542,0,0,0
-0.001,0.0574,1.0212,-2.1756,0.2977,-2.4656,0,0,0
-0.0081,0.0522,1.0171,-2.7786,-0.7252,-2.5802,0,0,0
-0.0146,0.0535,1.02,-2.9237,-0.687,-2.0382,0,0,0
-0.0127,0.0498,1.0286,-3.2443,-0.6336,-1.6947,0,0,0
-0.0081,0.051,1.0151,-2.6489,-0.2672,-1.1298,0,0,0
-0.0017,0.0479,1.0186,-2.0611,-1.1908,-0.9084,0,0,0
-0.0005,0.0559,1.0134,-1.0916,-2.313,-0.9466,0,0,0
0.0015,0.0576,1.021,-1.2977,-2.8626,-1.5725,0,0,0
-0.0029,0.054,1.0347,-1.6107,-2.9542,-1.9618,0,0,0
-0.0051,0.0488,1.0386,-1.8855,-2.0916,-1.6183,0,0,0
-0.0051,0.0537,1.04,-1.9847,-1.3511,-0.9542,0,0,0
-0.0068,0.0496,1.0396,-2.5878,-0.8473,-0.229,0,0,0
-0.0037,0.0513,1.0344,-1.9847,-0.687,0.0534,0,0,0
-0.0027,0.0581,1.0244,-1.4504,-1.3893,0.2824,0,0,0
0.0017,0.0674,1.0369,-2.5038,-1.7252,-0.0076,0,0,0
-0.0015,0.0674,1.0371,-2.9084,-1.7328,-1.1832,0,0,0
-0.0012,0.0632,1.053,-2.6489,-1.0382,-1.7939,0,0,0
0.0017,0.0537,1.0391,-2.4427,0.0763,-2.0305,0,0,0
0.0002,0.0452,1.0417,-1.6947,-0.0611,-1.8779,0,0,0
-0.0005,0.042,1.0364,-1.0534,-0.1908,-1.2443,0,0,0
-0.0012,0.0425,1.0298,-0.4198,-0.2519,-0.8397,0,0,0
0.002,0.0437,1.0234,-0.4275,-0.2824,-0.0611,0,0,0
0.0017,0.0498,1.0281,-1.3664,-0.6336,0.3053,0,0,0
0.0073,0.0559,1.033,-2.542,-0.7023,0.2748,0,0,0
0.0029,0.061,1.0398,-2.5802,-0.4885,0.0916,0,0,0
0.0034,0.0571,1.0383,-2.6794,0.4427,-0.2519,0,0,0
0.0002,0.0601,1.0288,-1.9847,0.8626,-0.3588,0,0,0
-0.0002,0.0667,1.0269,-1.542,1.0,-0.7557,0,0,0
-0.0042,0.0657,1.0127,-1.1145,0.1908,-1.2443,0,0,0
-0.0088,0.0603,1.0146,-0.9695,-0.8855,-1.4427,0,0,0
-0.0122,0.0576,1.0212,-1.1985,-0.8702,-1.4427,0,0,0
-0.0032,0.0564,1.0217,-1.7939,-0.7557,-1.1679,0,0,0
-0.0046,0.0522,1.0266,-1.8855,-0.4198,-0.8015,0,0,0
-0.0059,0.0544,1.0322,-1.5802,-0.3053,-0.9695,0,0,0
-0.0071,0.0518,1.0168,-1.4275,-0.7023,-0.8397,0,0,0
-0.0007,0.0591,1.0171,-1.2366,-1.6947,-0.6794,0,0,0
0.0015,0.0603,1.0217,-2.0611,-2.0687,-0.8931,0,0,0
0.0034,0.0625,1.0364,-2.6412,-2.1069,-0.8855,0,0,0
0.0002,0.054,1.0437,-2.9618,-1.6031,-1.0382,0,0,0
0.0015,0.0579,1.0515,-2.7939,-0.9466,-1.1145,0,0,0
-0.0012,0.0532,1.0479,-2.0382,-0.0229,-0.9389,0,0,0
0.0007,0.0562,1.0457,-1.7176,0.2595,-0.9695,0,0,0
0.0015,0.0544,1.0327,-1.0382,-0.2748,-1.1756,0,0,0
-0.0056,0.0518,1.0334,-0.5725,-0.5191,-1.5038,0,0,0
0.0005,0.0474,1.0349,-0.687,-0.6412,-1.626,0,0,0
-0.0007,0.0415,1.0256,-1.6412,-0.4198,-1.0305,0,0,0
-0.0059,0.042,1.0308,-2.084,-0.3206,-0.3282,0,0,0
-0.0059,0.0522,1.0359,-2.5191,-0.0458,0.7786,0,0,0
-0.0051,0.053,1.0322,-2.8702,0.2214,0.7328,0,0,0
-0.0022,0.0564,1.0337,-2.1756,0.2901,0.7481,0,0,0
0.0046,0.063,1.0322,-0.9771,0.0458,0.1756,0,0,0
0.0115,0.0642,1.0249,-0.4656,-0.0687,-0.5802,0,0,0
0.0076,0.0674,1.0269,-0.6031,-0.2824,-1.2519,0,0,0
0.0017,0.0598,1.0237,-1.0076,-0.4198,-1.6565,0,0,0
0.0007,0.0464,1.0142,-1.8321,-0.2824,-1.1679,0,0,0
-0.0061,0.0498,1.0217,-2.4504,-0.4198,-0.1985,0,0,0
-0.0039,0.0469,1.0303,-2.6107,-0.687,0.9618,0,0,0
0.0024,0.0632,1.0374,-2.2519,-0.5115,1.0305,0,0,0
0.0012,0.0725,1.0361,-1.5496,-0.2519,0.2137,0,0,0
0.0051,0.0703,1.0322,-1.1145,-0.2748,-0.7863,0,0,0
-0.0015,0.0703,1.0249,-1.1069,-0.5725,-1.9618,0,0,0
0.0012,0.053,1.0168,-1.084,-1.4122,-2.3969,0,0,0
-0.0078,0.0474,1.0249,-1.1374,-1.9847,-1.5115,0,0,0
-0.0105,0.0427,1.0378,-1.5344,-1.6947,-0.5191,0,0,0
-0.0024,0.0474,1.0437,-2.2672,-0.7328,0.7863,0,0,0
0.0012,0.0569,1.0466,-2.7939,0.229,1.3664,0,0,0
0.0002,0.0657,1.0303,-2.687,1.0305,0.9847,0,0,0
0.0073,0.0647,1.0188,-2.229,0.0458,0.2672,0,0,0
-0.0007,0.0737,1.0312,-1.4885,-0.5115,-1.1069,0,0,0
-0.0002,0.0667,1.0347,-1.1908,-0.9008,-2.0992,0,0,0
0.0002,0.0579,1.0325,-1.0916,-0.8397,-2.4427,0,0,0
-0.0037,0.05,1.0415,-1.2595,-0.6794,-1.8855,0,0,0
-0.0098,0.0459,1.0344,-1.6031,-0.1374,-1.1603,0,0,0
-0.0071,0.0547,1.0374,-2.4122,0.2137,-0.458,0,0,0
-0.0037,0.052,1.0371,-2.7786,0.4809,-0.1908,0,0,0
-0.0061,0.051,1.0332,-2.5496,0.7863,-0.4351,0,0,0
-0.0049,0.0483,1.0217,-1.5878,0.145,-0.0458,0,0,0
-0.0042,0.0583,1.0168,-1.374,-0.3588,-0.0916,0,0,0
-0.0037,0.062,1.0149,-0.8168,-0.6107,-0.626,0,0,0
-0.0017,0.0513,1.0151,-1.1985,-1.7786,-1.5496,0,0,0
-0.0054,0.054,1.0249,-1.3588,-1.7481,-1.4656,0,0,0
-0.0081,0.0483,1.0291,-1.9466,-1.374,-0.9924,0,0,0
-0.0056,0.0417,1.0227,-2.687,-0.687,0.1527,0,0,0
-0.0088,0.0527,1.0242,-2.7634,-0.5496,0.8015,0,0,0
-0.0071,0.0535,1.0315,-2.9771,-1.2901,0.8473,0,0,0
-0.0012,0.0605,1.0383,-2.6794,-1.6794,1.3053,0,0,0
0.0034,0.0659,1.0405,-1.3435,-1.7557,0.7557,0,0,0
0.0083,0.0737,1.0488,-0.5649,-0.7634,-0.2519,0,0,0
0.0059,0.072,1.0359,-0.1374,-0.2824,-1.4656,0,0,0
0.0049,0.0684,1.0249,-0.4275,-0.3664,-1.8168,0,0,0
-0.0061,0.0554,1.0234,-1.5344,-0.0458,-2.5725,0,0,0
0.0015,0.0432,1.0249,-2.5954,-0.5649,-2.2061,0,0,0
-0.0042,0.04,1.0269,-2.5115,-1.1603,-0.5878,0,0,0
-0.0059,0.0498,1.0413,-2.9313,-0.5725,-0.084,0,0,0
0.0017,0.0535,1.0449,-3.0763,0.6718,0.1985,0,0,0
0.0095,0.0591,1.0312,-2.1221,0.4962,-0.0229,0,0,0
0.0007,0.063,1.0178,-1.5191,0.3588,-1.1679,0,0,0
-0.0005,0.0566,1.0193,-1.1985,-0.542,-1.8092,0,0,0
-0.002,0.0483,1.0232,-1.0382,-1.3282,-1.6107,0,0,0
-0.0063,0.0396,1.0234,-1.1679,-1.4962,-1.1298,0,0,0
-0.0125,0.0388,1.0291,-1.3282,-1.3817,0.1679,0,0,0
-0.0032,0.0488,1.0393,-2.0076,-0.9847,1.145,0,0,0
-0.001,0.0549,1.0315,-2.229,-0.4885,1.2061,0,0,0
0.0005,0.0488,1.0298,-3.0076,-0.687,0.3435,0,0,0
-0.0002,0.0188,0.9985,-4.7863,-1.3435,0.8702,0,0,0
-0.0203,-0.0378,0.9761,-7.687,-2.4656,3.5802,0,0,0
-0.0276,-0.0676,0.9136,-12.2901,-5.6107,10.2824,0,0,0
-0.0486,-0.0935,0.8953,-20.8244,-9.1374,19.0763,0,0,0
-0.0493,-0.0972,0.9395,-26.5038,-13.7328,27.9313,0,0,0
-0.0342,-0.0928,1.0156,-31.1527,-15.458,34.9771,0,0,0
-0.022,-0.0684,1.0732,-30.916,-14.5496,40.626,0,0,0
-0.0112,-0.041,1.0732,-28.0534,-10.4504,44.5496,0,0,0
-0.0002,0.009,1.0305,-24.6794,-10.0916,47.1374,0,0,0
0.01,0.0459,1.0215,-22.1908,-9.3817,46.3206,0,0,0
0.0254,0.075,0.9937,-19.7099,-10.7405,43.3053,0,0,0
0.0359,0.092,1.0029,-18.1221,-13.8779,38.4122,0,0,0
0.0513,0.0911,1.0093,-15.6641,-16.5649,32.7939,0,0,0
0.0461,0.0686,1.0105,-13.0229,-19.5114,26.8702,0,0,0
0.0588,0.0874,1.0356,-11.0763,-21.2824,23.229,0,0,0
0.0583,0.0886,1.0476,-6.6183,-19.7176,17.313,0,0,0
0.0645,0.0835,1.0657,-4.4427,-18.8015,11.3588,0,0,0
0.0671,0.0435,1.0544,-4.2595,-17.9771,7.2443,0,0,0
0.0569,0.0193,1.0449,-4.1603,-16.6641,5.8779,0,0,0
0.0562,-0.0037,1.0415,-5.2901,-16.4809,5.8397,0,0,0
0.0527,-0.0154,1.0608,-5.7557,-16.1679,7.0458,0,0,0
0.0544,-0.0046,1.0845,-5.3282,-13.771,8.8397,0,0,0
0.0647,0.0168,1.0774,-5.542,-10.1832,9.1756,0,0,0
0.0764,0.0151,1.0662,-7.1985,-7.8168,9.0763,0,0,0
0.0725,0.0112,1.0442,-7.5725,-7.0687,7.5802,0,0,0
0.0671,-0.0024,1.0442,-7.2214,-7.3053,7.4122,0,0,0
0.0623,0.0049,1.0393,-5.3206,-7.4809,7.2443,0,0,0
0.0642,0.0027,1.0464,-3.5573,-7.4275,6.9771,0,0,0
0.0735,0.0151,1.0574,-2.0992,-6.9847,6.5496,0,0,0
0.072,0.0308,1.0576,-1.2137,-6.0611,5.0229,0,0,0
0.0781,0.0381,1.0798,0.0382,-4.458,3.1985,0,0,0
0.083,0.0371,1.085,1.7557,-2.0611,0.8702,0,0,0
0.0908,0.0234,1.0647,2.4504,-0.1221,-1.5725,0,0,0
0.0796,0.0227,1.0417,2.7405,0.3359,-2.3511,0,0,0
0.0718,0.0161,1.0251,2.3282,-0.6718,-3.0916,0,0,0
0.0693,0.0054,1.0381,1.6641,-1.2443,-3.313,0,0,0
0.0671,0.0117,1.0569,1.8321,-0.4885,-3.1985,0,0,0
0.0723,0.012,1.0496,1.1679,1.2519,-3.4504,0,0,0
0.0742,0.009,1.0273,-0.0305,2.4275,-2.9008,0,0,0
0.071,0.0125,1.0215,-1.1832,2.2519,-3.3206,0,0,0
0.0732,0.0105,1.0132,-1.7557,1.4275,-4.0611,0,0,0
0.0637,0.0024,1.011,-1.8168,0.9313,-4.5649,0,0,0
0.0615,-0.0142,1.0149,-2.4198,0.2214,-4.0076,0,0,0
0.062,-0.0144,1.0181,-2.5725,-0.7634,-3.1985,0,0,0
0.0562,-0.0193,1.0247,-3.0305,-0.8168,-2.6794,0,0,0
0.0581,-0.0137,1.032,-2.0458,-0.7405,-2.1221,0,0,0
0.0566,-0.0007,1.043,-1.1145,0.0916,-1.5649,0,0,0
0.0623,0.0037,1.0259,-1.4351,1.4427,-1.6565,0,0,0
0.0598,-0.0022,1.0034,-1.313,0.8931,-2.2061,0,0,0
0.0596,-0.0037,1.011,-1.2824,-0.7863,-2.2443,0,0,0
0.0688,-0.0161,1.0212,-1.2137,-2.0076,-2.7099,0,0,0
0.0657,-0.011,1.0291,-0.3359,-2.5267,-2.5649,0,0,0
0.0674,-0.0137,1.0251,-1.687,-2.1374,-1.4046,0,0,0
0.0583,-0.0205,1.0269,-3.7099,-1.9542,-0.7252,0,0,0
0.053,-0.0225,1.0442,-3.8702,-1.8473,0.9618,0,0,0
0.0598,-0.0166,1.0459,-2.0611,-1.4962,2.2748,0,0,0
0.0637,0.0095,1.0596,0.084,-0.8092,2.2595,0,0,0
0.0759,0.0266,1.0603,1.5038,0.5344,0.9084,0,0,0
0.0796,0.0295,1.0374,1.8092,1.2137,-0.855,0,0,0
0.0776,0.0313,1.0188,0.6489,0.4122,-2.9008,0,0,0
0.0693,0.0095,1.0195,-0.9618,-0.8473,-3.8244,0,0,0
0.0635,-0.0115,1.0354,-1.771,-0.5038,-3.3206,0,0,0
0.062,-0.0146,1.04,-1.9237,0.1145,-1.7939,0,0,0
0.0618,-0.0112,1.0356,-1.9924,1.1985,-0.1756,0,0,0
0.0667,0.0029,1.0381,-1.8473,1.6489,0.3588,0,0,0
0.0686,0.0181,1.0234,-1.7328,1.313,-0.8779,0,0,0
0.0696,0.012,1.0171,-1.7099,0.7328,-2.0,0,0,0
0.0618,0.0093,1.0127,-0.9389,-0.4198,-2.6794,0,0,0
0.0605,0.0137,1.019,-0.8931,-1.1679,-2.9237,0,0,0
0.0635,0.0042,1.0327,-1.0611,-1.1221,-3.0305,0,0,0
0.0625,-0.0171,1.0364,-0.9924,-1.0534,-3.1145,0,0,0
0.0518,-0.0149,1.0312,-0.5115,-0.8702,-2.0305,0,0,0
0.053,-0.0103,1.0271,-1.5191,-0.4275,-0.6489,0,0,0
0.0603,-0.0159,1.0244,-3.1603,0.4733,0.4046,0,0,0
0.0574,-0.0107,1.0134,-3.8244,0.229,1.229,0,0,0
0.0496,0.0083,1.0242,-2.8015,-0.7176,1.4122,0,0,0
0.0586,0.0142,1.04,-2.4427,-0.8473,0.5344,0,0,0
0.0681,0.0088,1.0437,-0.4504,-0.3435,-0.0611,0,0,0
0.0674,0.0139,1.022,1.1832,-0.5344,-0.9466,0,0,0
0.0649,0.0188,1.0105,0.313,-1.7252,-1.3969,0,0,0
0.0657,0.0112,1.0151,-1.3282,-2.0992,-2.2977,0,0,0
0.063,-0.0032,1.0371,-2.1679,-1.542,-2.542,0,0,0
0.0605,-0.0002,1.043,-1.8321,-0.9466,-2.313,0,0,0
0.0623,0.0039,1.0471,-2.2443,0.1603,-1.4809,0,0,0
0.0674,0.0061,1.0352,-1.8626,1.0687,-1.1145,0,0,0
0.073,0.0171,1.0283,-1.7481,1.0687,-2.1221,0,0,0
0.0706,0.0298,1.0193,-1.7328,0.374,-3.9847,0,0,0
0.0698,0.0229,1.0171,-1.5878,-0.6641,-5.5115,0,0,0
0.0706,0.0132,1.0166,-1.3206,-1.7863,-7.0382,0,0,0
0.0605,0.0081,1.0276,-0.6107,-2.9466,-7.916,0,0,0
0.0642,0.019,1.0371,0.5038,-3.1298,-8.5496,0,0,0
0.0659,0.0342,1.0405,0.4275,-2.5573,-9.6183,0,0,0
0.0688,0.0535,1.0325,0.6641,-1.2519,-11.916,0,0,0
0.0786,0.0859,1.02,0.3282,-0.1603,-15.5878,0,0,0
0.0952,0.113,0.9917,-0.771,-0.7634,-20.4656,0,0,0
0.106,0.1357,0.9775,-1.6565,-2.8168,-26.9542,0,0,0
0.1174,0.1501,1.0034,-0.5267,-5.229,-34.8702,0,0,0
0.105,0.146,1.0112,-2.5191,-6.0687,-43.2748,0,0,0
0.1213,0.1245,1.0349,-3.0,-5.8473,-49.916,0,0,0
0.1211,0.1045,1.0442,-1.3282,-6.0534,-55.0,0,0,0
0.1279,0.0947,1.064,1.2748,-5.2443,-59.5573,0,0,0
0.1235,0.052,1.1025,3.3206,-3.0305,-62.0076,0,0,0
0.1101,0.0178,1.1326,7.3664,-0.0153,-61.7786,0,0,0
0.0947,-0.0024,1.1428,12.3435,4.5878,-59.8626,0,0,0
0.0874,-0.0286,1.1204,17.9618,9.4275,-56.687,0,0,0
0.0701,-0.0403,1.0405,19.313,11.5802,-52.0611,0,0,0
0.0454,-0.0505,0.9526,17.8855,9.9389,-46.3053,0,0,0
0.0166,-0.0432,0.9099,13.0229,4.6641,-40.5344,0,0,0
0.0154,-0.0349,0.9307,7.626,-0.1679,-34.3969,0,0,0
0.0266,-0.0283,0.9414,2.7557,-1.7252,-29.0687,0,0,0
0.0403,-0.0166,0.9502,-4.0992,-3.3511,-24.7099,0,0,0
0.042,-0.0154,0.9705,-9.9466,-4.6107,-21.229,0,0,0
0.0315,-0.021,1.0081,-12.9618,-5.2137,-18.7252,0,0,0
0.0298,-0.0266,1.0415,-11.5573,-3.8473,-16.0992,0,0,0
0.0347,-0.0344,1.0457,-8.6489,-2.5115,-13.771,0,0,0
0.0449,-0.0322,1.0305,-5.3511,-2.0,-10.6641,0,0,0
0.043,-0.0271,1.0142,-1.7939,-3.4046,-9.0305,0,0,0
0.0479,-0.0139,1.0176,1.084,-5.7176,-7.9924,0,0,0
0.0527,-0.0127,1.0381,1.1145,-6.855,-7.7023,0,0,0
0.0574,-0.0066,1.0527,0.4733,-6.2214,-6.7939,0,0,0
0.0583,-0.0037,1.0625,-0.1145,-4.7328,-5.8855,0,0,0
0.0664,0.0042,1.0759,-1.0916,-2.626,-5.0611,0,0,0
0.0681,0.0042,1.0789,-1.5115,-1.1374,-5.2366,0,0,0
0.0698,0.0046,1.0771,-0.7939,0.3282,-5.1145,0,0,0
0.0693,0.0063,1.075,0.2519,1.3435,-4.916,0,0,0
0.071,0.0056,1.0586,1.374,1.5725,-4.374,0,0,0
0.0679,-0.0005,1.0491,2.1756,1.8626,-3.6565,0,0,0
0.0676,0.002,1.0298,3.1298,1.1221,-2.2595,0,0,0
0.0688,0.0095,1.0293,3.0534,-0.2137,-0.9618,0,0,0
0.0696,0.0239,1.0232,2.4122,-0.6947,-0.4885,0,0,0
0.0674,0.0376,1.0371,0.5649,-0.4809,-0.1527,0,0,0
0.0674,0.0383,1.0342,-0.9466,0.2595,-0.2443,0,0,0
0.0625,0.05,1.0249,-2.3511,1.0458,-0.7634,0,0,0
0.0632,0.0398,1.0222,-3.0153,1.4046,-1.1908,0,0,0
0.0676,0.0376,1.0164,-2.8397,0.687,-1.2977,0,0,0
0.0605,0.0337,1.0215,-1.687,-0.1527,-1.1756,0,0,0
0.062,0.0374,1.033,-0.3893,-0.6794,-1.0382,0,0,0
0.0657,0.0325,1.0344,0.7023,-0.9084,-0.7557,0,0,0
0.0662,0.0278,1.0298,1.2214,-1.0534,-0.5954,0,0,0
0.0652,0.0344,1.0349,1.5344,-1.1908,-0.1374,0,0,0
0.0713,0.0396,1.0361,0.5344,-0.5573,0.0,0,0,0
0.074,0.0496,1.0369,-0.1908,-0.1221,-0.4427,0,0,0
0.0703,0.0559,1.0303,-0.3664,0.542,-0.771,0,0,0
0.0769,0.0527,1.0278,-0.6183,0.3435,-1.5649,0,0,0
0.0713,0.0542,1.0205,-0.4122,0.2595,-2.4046,0,0,0
0.0664,0.05,1.0217,-0.5802,0.2977,-3.1985,0,0,0
0.0632,0.0334,1.0125,-0.6565,-0.1908,-2.8702,0,0,0
0.0544,0.0315,1.0034,-0.6336,-0.9542,-2.4809,0,0,0
0.0532,0.0349,1.0103,-0.626,-1.9084,-1.6336,0,0,0
0.0603,0.0322,1.0254,-0.8473,-1.916,-1.0076,0,0,0
0.0608,0.033,1.0295,-0.6183,-1.6412,-0.6107,0,0,0
0.0635,0.04,1.021,-0.6489,-1.3053,-0.2443,0,0,0
0.0664,0.0454,1.019,-1.1832,-0.8779,-0.5267,0,0,0
0.0681,0.0469,1.02,-1.6718,-1.6489,-0.7863,0,0,0
0.0667,0.05,1.0332,-1.6336,-1.7405,-1.2748,0,0,0
0.0654,0.0422,1.0364,-1.9008,-1.1527,-1.8473,0,0,0
0.0757,0.0337,1.0344,-1.6183,-1.1145,-1.5038,0,0,0
0.0654,0.033,1.0291,-0.458,-1.5496,-1.458,0,0,0
0.0652,0.0432,1.0347,0.0076,-1.5802,-1.145,0,0,0
0.0662,0.0432,1.0322,0.0611,-1.6718,-1.1374,0,0,0
0.0728,0.0454,1.0254,-0.771,-1.4046,-1.0687,0,0,0
0.0647,0.0444,1.0278,-1.2977,-1.4962,-1.3893,0,0,0
0.0701,0.0452,1.0369,-1.8779,-1.2748,-1.8931,0,0,0
0.0754,0.0278,1.0559,-2.3435,-1.3817,-2.1069,0,0,0
0.0745,0.021,1.0554,-1.7023,-0.7481,-1.1374,0,0,0
0.0649,0.0293,1.0518,-0.9771,0.4427,-0.0382,0,0,0
0.0605,0.0398,1.0432,-1.0458,1.2214,0.5267,0,0,0
0.0742,0.0469,1.0322,-1.0687,1.8321,0.2901,0,0,0
0.0771,0.0513,1.011,-1.1756,1.5878,-0.3435,0,0,0
0.0735,0.052,1.0007,-1.9695,0.4427,-0.7786,0,0,0
0.0708,0.0486,1.0142,-2.2901,-0.9771,-1.458,0,0,0
0.064,0.0452,1.0244,-2.5191,-1.1908,-1.687,0,0,0
0.0659,0.0391,1.0332,-2.1756,-0.4351,-1.6107,0,0,0
0.0649,0.0342,1.0251,-2.0076,-0.0305,-1.1527,0,0,0
0.0674,0.0413,1.0017,-2.542,-0.5344,-0.6031,0,0,0
0.0652,0.0386,1.0154,-2.5038,-1.7328,-0.5496,0,0,0
0.064,0.0396,1.0315,-2.4427,-1.8779,-0.4198,0,0,0
0.064,0.0422,1.0437,-1.8321,-0.9084,-0.084,0,0,0
0.0681,0.0435,1.0422,-1.3511,-0.1679,0.5725,0,0,0
0.0723,0.0449,1.0347,-0.4733,0.1832,0.1679,0,0,0
0.0728,0.0535,1.0266,0.145,-0.2366,-0.9237,0,0,0
0.0764,0.052,1.0349,0.4122,-0.9008,-1.7328,0,0,0
0.0737,0.0522,1.0271,-0.6183,-0.7405,-1.626,0,0,0
0.0671,0.0486,1.0295,-1.5878,-0.313,-1.5191,0,0,0
0.0635,0.0444,1.0259,-2.5038,-0.229,-1.084,0,0,0
0.0627,0.0361,1.0225,-2.7252,-0.4275,-0.7023,0,0,0
0.0671,0.0432,1.0242,-2.1374,-0.6641,-0.3664,0,0,0
0.071,0.0491,1.0298,-1.8931,-0.6641,-0.2443,0,0,0
0.072,0.0532,1.0332,-1.8321,-0.687,-0.4809,0,0,0
0.0718,0.0581,1.0322,-2.2366,-0.0611,-1.4427,0,0,0
0.0676,0.0525,1.0232,-1.6947,0.0,-1.6336,0,0,0
0.0698,0.053,1.0288,-1.229,0.1221,-1.9466,0,0,0
0.0723,0.0488,1.0112,-1.1985,-0.4198,-2.0992,0,0,0
0.0652,0.0371,1.0093,-1.7099,-1.4962,-1.8931,0,0,0
0.0664,0.0425,1.0183,-2.0,-2.6641,-1.4962,0,0,0
0.0647,0.0459,1.0349,-2.9618,-3.0534,-1.2061,0,0,0
0.0642,0.0371,1.05,-3.3664,-1.5573,-0.626,0,0,0
0.0613,0.0413,1.0559,-2.5954,-0.0153,-0.5038,0,0,0
0.0754,0.0452,1.0459,-1.771,1.0458,-0.4733,0,0,0
0.0737,0.051,1.0369,-0.8702,0.5267,-0.7023,0,0,0
0.071,0.0527,1.021,-0.5496,-0.1221,-1.5115,0,0,0
0.0706,0.0479,1.0242,-0.7252,-1.0916,-2.1985,0,0,0
0.0664,0.04,1.0361,-1.1069,-0.916,-2.0153,0,0,0
0.0627,0.0325,1.0388,-2.0992,-0.3588,-1.3969,0,0,0
0.0627,0.031,1.0371,-3.0229,0.5496,-0.5115,0,0,0
0.064,0.033,1.0393,-3.4198,0.8473,-0.1756,0,0,0
0.0669,0.0371,1.0364,-3.4351,1.7328,0.0229,0,0,0
0.0708,0.0391,1.0325,-2.5115,1.458,-0.5267,0,0,0
0.0676,0.0391,1.0205,-0.7023,0.5878,-0.7939,0,0,0
0.0684,0.0413,1.022,0.0076,-0.4885,-0.9542,0,0,0
0.0652,0.0308,1.0349,0.2672,-1.1985,-1.2595,0,0,0
0.0632,0.0308,1.0369,0.4656,-0.6718,-1.0534,0,0,0
0.0635,0.0305,1.0288,-0.1527,-0.1527,0.1527,0,0,0
0.0642,0.0386,1.02,-0.8168,0.4962,0.6489,0,0,0
0.0591,0.0371,1.031,-1.8702,0.2901,0.9771,0,0,0
0.064,0.0452,1.0364,-2.2672,0.5191,1.2061,0,0,0
0.0686,0.0518,1.0388,-2.0611,1.1298,1.2595,0,0,0
0.0652,0.0562,1.0308,-1.9618,1.6565,0.8244,0,0,0
0.0654,0.0581,1.0293,-0.8931,1.5802,-0.1374,0,0,0
0.0645,0.0603,1.022,0.3893,0.8931,-1.313,0,0,0
0.0681,0.0581,1.0132,0.6794,0.0687,-2.1221,0,0,0
0.0583,0.0476,1.0029,-0.2061,-0.9466,-2.3435,0,0,0
0.0554,0.0371,1.012,-1.229,-1.8244,-1.4809,0,0,0
0.0576,0.032,1.0281,-2.1832,-2.2214,-0.3817,0,0,0
0.0632,0.0325,1.0417,-2.3511,-1.1145,0.7328,0,0,0
0.0635,0.0466,1.0425,-2.4351,0.4122,1.6031,0,0,0
0.0703,0.0652,1.0317,-2.6565,1.3359,1.1527,0,0,0
0.0735,0.0679,1.0208,-2.0458,1.0305,-0.374,0,0,0
0.0698,0.0679,1.0125,-1.4275,-0.1374,-1.9466,0,0,0
0.0708,0.0537,1.0164,-1.3664,-1.458,-2.9618,0,0,0
0.0635,0.0427,1.0164,-1.2977,-2.4122,-3.2137,0,0,0
0.0593,0.0376,1.0334,-1.3206,-2.5802,-2.8321,0,0,0
0.0608,0.0347,1.0359,-2.5954,-1.7405,-1.7863,0,0,0
0.0564,0.0383,1.0359,-3.5725,-0.2901,-0.771,0,0,0
0.0588,0.0413,1.0432,-3.8321,0.3053,0.0,0,0,0
0.0613,0.0461,1.0347,-2.9618,0.5496,-0.0992,0,0,0
0.0623,0.0525,1.0259,-2.1527,-0.1069,-0.4962,0,0,0
0.073,0.0525,1.0254,-0.8931,-0.6641,-1.1908,0,0,0
0.0688,0.0544,1.0212,-0.6183,-1.2977,-2.1603,0,0,0
0.0652,0.0493,1.0266,0.0687,-1.626,-2.5115,0,0,0
0.0693,0.0374,1.0232,-1.1145,-1.771,-2.0992,0,0,0
0.0613,0.0398,1.0259,-2.5191,-1.3282,-1.229,0,0,0
0.0645,0.0386,1.0383,-3.7405,-0.5496,-0.4885,0,0,0
0.0681,0.0344,1.0354,-4.458,-0.1145,0.0229,0,0,0
0.0667,0.0391,1.0283,-3.7634,-0.2443,0.0,0,0,0
0.0623,0.0442,1.0317,-3.0076,-0.0763,-0.0153,0,0,0
0.0635,0.042,1.0259,-1.3511,-0.3893,-0.4885,0,0,0
0.0654,0.0457,1.0266,-0.6794,-0.458,-0.8321,0,0,0
0.0698,0.0444,1.0237,-0.2519,-0.9389,-1.458,0,0,0
0.0684,0.0432,1.0288,-0.1603,-0.916,-1.5267,0,0,0
0.0654,0.0383,1.0247,-0.8702,-1.3435,-1.7634,0,0,0
0.0645,0.0342,1.0349,-1.3969,-1.0153,-1.1145,0,0,0
0.0601,0.0315,1.0347,-2.5038,-0.5496,-0.145,0,0,0
0.0642,0.0317,1.0315,-2.8702,-0.4809,0.1603,0,0,0
0.0637,0.0334,1.0237,-2.6489,-0.1756,0.5725,0,0,0
0.0627,0.0369,1.0261,-2.6107,-0.1832,0.9771,0,0,0
0.0613,0.041,1.0225,-2.2061,-0.2901,1.4351,0,0,0
0.0667,0.0527,1.0222,-2.1603,-0.2977,1.3359,0,0,0
0.073,0.0544,1.0234,-2.4198,-0.5649,0.7328,0,0,0
0.0688,0.0564,1.0264,-2.6412,-0.9466,-0.1298,0,0,0
0.0657,0.0417,1.0259,-2.916,-1.4656,-1.0916,0,0,0
0.0671,0.0432,1.0339,-2.7252,-1.0687,-0.5954,0,0,0
0.0654,0.0464,1.0352,-2.5725,-0.1908,0.5115,0,0,0
0.0676,0.0537,1.0232,-2.2672,0.3359,0.7863,0,0,0
0.0728,0.0544,1.0212,-1.6336,-0.687,-0.1908,0,0,0
0.0667,0.0569,1.0288,-0.6107,-1.0992,-1.084,0,0,0
0.072,0.0537,1.0327,-0.7405,-1.1908,-1.8092,0,0,0
0.0735,0.0476,1.0371,-0.5344,-1.0611,-2.0611,0,0,0
0.074,0.0444,1.0305,-0.2214,-1.0076,-1.855,0,0,0
0.071,0.0488,1.0259,-1.542,-0.7023,-1.5191,0,0,0
0.0657,0.0493,1.0254,-2.9466,-0.1374,-1.6794,0,0,0
0.0623,0.0391,1.0332,-3.7863,-0.0992,-1.3435,0,0,0
0.063,0.0381,1.0259,-3.4656,-0.7176,-1.4275,0,0,0
0.0583,0.0349,1.0295,-2.7023,-1.2901,-1.0916,0,0,0
0.0623,0.0393,1.0476,-1.4809,-1.4427,-0.8321,0,0,0
0.0659,0.0352,1.0417,-0.5725,-0.6489,-1.0763,0,0,0
0.0669,0.0449,1.0359,-0.1603,0.084,-1.1069,0,0,0
0.0688,0.0459,1.0271,0.0992,0.229,-1.2519,0,0,0
0.0735,0.0461,1.0266,-1.3511,-0.0611,-1.626,0,0,0
0.0713,0.0396,1.022,-2.0,-0.3359,-2.1756,0,0,0
0.0669,0.0342,1.0261,-2.4275,-0.5115,-2.1832,0,0,0
0.0649,0.0374,1.0288,-2.7176,-0.9771,-1.9313,0,0,0
0.0649,0.0417,1.0273,-2.3588,-0.6641,-1.9771,0,0,0
0.0723,0.0474,1.0183,-1.5191,-1.2214,-2.8779,0,0,0
0.0767,0.05,1.001,-1.916,-2.8244,-4.0916,0,0,0
0.0789,0.0557,1.0076,-1.6641,-4.5649,-6.0458,0,0,0
0.0759,0.0645,1.0161,-1.6489,-5.8092,-7.8702,0,0,0
0.084,0.0645,1.0205,-0.855,-6.9695,-9.5954,0,0,0
0.0989,0.0925,1.0303,0.374,-8.2137,-11.8092,0,0,0
0.0986,0.1211,1.0364,2.3817,-8.687,-16.6718,0,0,0
0.1011,0.1316,1.0486,5.5802,-8.916,-22.1603,0,0,0
0.115,0.127,1.0535,8.8397,-9.3588,-26.8321,0,0,0
0.1169,0.1506,1.0598,14.3588,-9.7634,-31.9466,0,0,0
0.1318,0.165,1.0642,19.8321,-9.5649,-38.5267,0,0,0
0.1411,0.1782,1.0933,24.6183,-9.0534,-45.5725,0,0,0
0.1465,0.1912,1.115,29.1221,-7.3053,-53.4809,0,0,0
0.1497,0.1875,1.1531,32.8626,-3.6565,-60.687,0,0,0
0.1406,0.1772,1.2034,38.6412,1.7481,-66.397,0,0,0
0.1538,0.1616,1.2273,47.8702,9.9695,-71.0,0,0,0
0.1311,0.1482,1.2578,54.1298,16.0382,-75.5573,0,0,0
0.1106,0.1355,1.2856,62.313,24.4656,-78.687,0,0,0
0.0918,0.114,1.3184,67.6794,36.6794,-77.9008,0,0,0
0.0757,0.1018,1.3237,69.8626,49.6947,-74.3588,0,0,0
0.0654,0.0759,1.3401,71.1374,65.5573,-70.9313,0,0,0
0.0212,0.0413,1.3025,82.5344,80.2901,-64.6489,0,0,0
-0.0261,-0.0183,1.1968,96.7252,87.9389,-55.8931,0,0,0
-0.051,-0.0525,1.1584,107.4275,89.542,-42.4198,0,0,0
-0.0959,-0.0811,1.0847,112.1527,91.4351,-27.3969,0,0,0
-0.1626,-0.156,1.0261,109.7863,93.0229,-8.9084,0,0,0
-0.2256,-0.2666,0.9756,102.7405,95.7023,18.687,0,0,0
-0.2622,-0.282,0.8855,83.542,98.2366,52.4504,0,0,0
-0.2595,-0.2695,0.8547,61.3893,100.0611,87.5344,0,0,0
-0.2239,-0.1604,0.793,31.9466,104.3435,117.1221,0,0,0
-0.155,-0.1406,0.7202,-3.7786,105.7863,140.9466,0,0,0
-0.0732,-0.0156,0.606,-38.0382,107.313,157.9084,0,0,0
-0.0535,0.05,0.3623,-83.3893,96.0687,165.1145,0,0,0
-0.0547,0.0691,0.0422,-137.1221,63.7099,177.4656,0,0,0
-0.0242,0.1604,0.0566,-190.8931,22.0076,185.3588,0,0,0
-0.0134,0.2339,0.229,-242.1527,-15.4962,180.3053,0,0,0
0.0095,0.2351,0.3467,-250.1374,-47.4275,168.7023,0,0,0
0.0569,0.196,0.6824,-250.1374,-72.8321,154.6336,0,0,0
0.1077,0.0352,0.8987,-250.1374,-88.9542,138.6336,0,0,0
0.1423,-0.0498,1.4275,-250.1374,-90.4733,125.3435,0,0,0
0.0876,-0.2026,1.5503,-232.0305,-76.3206,115.3283,0,0,0
0.0344,-0.1677,1.6724,-159.3588,-65.4046,114.8626,0,0,0
0.009,0.0291,1.7119,-92.374,-50.4733,111.7481,0,0,0
0.0605,0.2034,1.658,-37.4122,-33.2366,101.9618,0,0,0
0.1501,0.3188,1.5303,-1.5191,-13.6794,83.771,0,0,0
0.2273,0.394,1.2358,10.2977,0.8702,55.5878,0,0,0
0.2017,0.4385,1.0818,2.2519,0.7176,24.0534,0,0,0
0.1667,0.4358,1.0139,-10.2443,-6.4427,-9.3588,0,0,0
0.1465,0.3276,1.1191,-12.9771,-13.1298,-35.1985,0,0,0
0.1169,0.2598,1.1958,-6.7099,-14.6489,-54.7099,0,0,0
0.105,0.2268,1.2209,5.4351,-10.6183,-70.3053,0,0,0
0.1189,0.1672,1.1677,16.8626,-1.6641,-81.7176,0,0,0
0.1309,0.1257,1.0422,24.1298,5.0458,-88.0076,0,0,0
0.115,0.104,0.9253,22.4504,8.2443,-93.2443,0,0,0
0.0762,0.0625,0.8374,17.4809,4.1832,-98.4504,0,0,0
0.0481,0.0181,0.8186,12.3511,-2.6412,-101.7176,0,0,0
0.021,-0.0415,0.8381,9.5267,-9.2748,-100.4504,0,0,0
-0.0066,-0.0842,0.865,5.5344,-15.1145,-94.7557,0,0,0
-0.0254,-0.1353,0.9111,0.7023,-20.1679,-89.1908,0,0,0
-0.05,-0.1799,0.9675,-0.0916,-24.7023,-83.2443,0,0,0
-0.0703,-0.2283,1.0068,2.6336,-26.8626,-75.7405,0,0,0
-0.0796,-0.2393,1.0388,5.2214,-26.4275,-64.5573,0,0,0
-0.0608,-0.2305,1.0728,4.8244,-23.1908,-52.9313,0,0,0
-0.0288,-0.2178,1.1038,2.5191,-16.9542,-41.6412,0,0,0
0.0039,-0.1833,1.1338,-1.1756,-8.6412,-32.7557,0,0,0
0.0217,-0.1521,1.1309,-4.3588,-1.1832,-30.1527,0,0,0
0.0349,-0.1521,1.0762,-6.2748,3.0458,-30.0611,0,0,0
0.0369,-0.1721,1.0481,-8.1298,2.0229,-29.771,0,0,0
0.0344,-0.1946,1.0452,-6.6565,-1.5115,-28.6641,0,0,0
0.0249,-0.207,1.0435,-4.5573,-3.3893,-26.4885,0,0,0
0.02,-0.2043,1.0466,-3.2672,-2.9924,-22.0534,0,0,0
0.012,-0.1807,1.033,-3.313,-2.0763,-17.0458,0,0,0
0.0178,-0.168,1.0332,-4.4733,-1.0458,-13.1756,0,0,0
0.0198,-0.1562,1.0408,-5.3053,-0.1603,-10.6183,0,0,0
0.0059,-0.1504,1.0413,-4.6718,0.2137,-8.5802,0,0,0
0.0059,-0.146,1.0442,-2.0153,0.5038,-6.5115,0,0,0
0.0059,-0.145,1.0415,0.9008,0.4504,-3.8626,0,0,0
0.0066,-0.1208,1.0291,3.5954,0.6031,-1.5496,0,0,0
0.0178,-0.0994,1.0173,3.7481,0.3893,-0.0763,0,0,0
0.019,-0.071,1.0112,2.7557,-0.1298,0.0229,0,0,0
0.0244,-0.0676,1.0166,1.2901,-0.5496,-0.8015,0,0,0
0.0283,-0.0715,1.0188,0.6107,-1.0687,-1.4733,0,0,0
0.0198,-0.0803,1.0261,0.9008,-1.7557,-1.8168,0,0,0
0.019,-0.0811,1.0381,2.8855,-2.1985,-1.3969,0,0,0
0.0249,-0.0916,1.0479,4.9695,-2.2443,-0.2901,0,0,0
0.0247,-0.0825,1.0645,7.8321,-2.3206,0.145,0,0,0
0.0232,-0.071,1.0784,10.9237,-0.9847,0.6489,0,0,0
0.031,-0.0581,1.0835,12.5267,0.7939,1.0916,0,0,0
0.0449,-0.0374,1.0728,14.0153,3.4733,0.4046,0,0,0
0.0518,-0.02,1.0754,14.145,5.8015,-0.9084,0,0,0
0.0515,-0.0139,1.0718,13.8397,7.7557,-3.3817,0,0,0
0.0496,-0.019,1.0806,14.313,9.145,-5.4504,0,0,0
0.0422,-0.0225,1.0928,16.2519,10.3282,-7.1374,0,0,0
0.0388,-0.0261,1.0959,18.6489,12.1298,-8.1908,0,0,0
0.0352,-0.0295,1.0908,21.1069,13.6412,-9.2824,0,0,0
0.0342,-0.0217,1.0613,23.1832,15.2137,-9.7786,0,0,0
0.0354,-0.0276,1.0151,22.626,14.687,-9.8702,0,0,0
0.0222,-0.0249,0.9951,19.8168,13.084,-9.9466,0,0,0
0.0122,-0.0315,0.99,16.4275,10.8015,-9.6412,0,0,0
-0.0002,-0.0305,1.0005,13.5267,8.9542,-9.4198,0,0,0
-0.0015,-0.0369,1.0222,10.7023,9.3282,-8.0382,0,0,0
-0.0046,-0.0388,1.0225,9.5802,10.1221,-6.5954,0,0,0
-0.0034,-0.0315,1.0212,9.0382,10.855,-4.8397,0,0,0
0.002,-0.021,1.0173,9.3817,11.1221,-4.313,0,0,0
0.0037,-0.0161,1.0093,10.7252,10.5802,-4.4046,0,0,0
-0.0083,-0.0112,1.0066,12.3359,9.1679,-4.2824,0,0,0
-0.0078,-0.0093,0.9946,13.626,7.5038,-4.9924,0,0,0
-0.0098,-0.0071,0.9912,13.5725,5.7405,-4.5954,0,0,0
-0.0088,-0.0081,0.9861,13.0611,4.0992,-4.3282,0,0,0
-0.0137,-0.0039,0.9771,10.8168,2.3664,-3.7863,0,0,0
-0.0159,-0.0054,0.9751,7.5573,1.1298,-2.7023,0,0,0
-0.0168,-0.0012,0.9849,5.0076,-0.084,-0.626,0,0,0
-0.0103,0.0032,0.9958,2.2519,-0.6565,0.5267,0,0,0
-0.0103,0.009,1.0098,0.5878,-1.3511,1.6107,0,0,0
-0.0063,0.0103,1.019,-1.0076,-1.9084,2.1603,0,0,0
-0.0098,0.0142,1.0315,-0.9542,-1.5573,2.5191,0,0,0
-0.0029,0.0237,1.0339,-0.7099,-0.8015,2.7481,0,0,0
-0.0017,0.0295,1.0303,-0.1756,-0.4733,2.5344,0,0,0
-0.0015,0.0386,1.0225,-0.0153,-0.6565,1.7252,0,0,0
-0.0017,0.0396,1.0183,0.4656,-1.4427,0.7328,0,0,0
0.0059,0.0361,1.0239,0.5038,-2.0611,-0.0305,0,0,0
0.0054,0.0339,1.0259,0.8244,-2.3969,-0.8015,0,0,0
0.0017,0.0381,1.0359,0.8473,-2.542,-1.2443,0,0,0
0.001,0.0332,1.0391,0.3511,-1.8397,-1.7176,0,0,0
-0.0032,0.0273,1.0374,0.6107,-1.8779,-2.0076,0,0,0
-0.001,0.0234,1.0408,0.5573,-1.4809,-1.9924,0,0,0
0.0002,0.0139,1.0374,0.4733,-1.4427,-1.5954,0,0,0
-0.0022,0.0151,1.0481,0.4351,-1.3435,-0.9084,0,0,0
-0.0037,0.0188,1.0491,0.6031,-0.5267,-0.4733,0,0,0
0.0037,0.0227,1.0457,0.6794,-0.1756,0.5115,0,0,0
0.0,0.032,1.0334,0.5115,0.0153,0.1603,0,0,0
0.0049,0.04,1.0247,0.5344,0.0611,-0.4046,0,0,0
0.0024,0.0403,1.0361,-0.0382,-0.1603,-1.458,0,0,0
0.0007,0.0337,1.0361,-0.6947,-0.3282,-2.2137,0,0,0
-0.0034,0.0283,1.04,-0.6183,0.1374,-2.6641,0,0,0
-0.0078,0.0181,1.04,-0.8244,1.2061,-2.458,0,0,0
-0.0051,0.0183,1.0469,-0.8931,1.9313,-1.771,0,0,0
-0.0115,0.0154,1.0427,-1.6947,3.2061,-1.1756,0,0,0
-0.0112,0.0137,1.0349,-1.4046,3.9084,-0.9771,0,0,0
-0.01,0.0129,1.0225,-0.542,3.5115,-0.916,0,0,0
-0.0032,0.0076,1.0088,0.4122,1.8626,-0.0382,0,0,0
-0.0034,0.0168,1.0222,0.7099,0.6489,0.7023,0,0,0
-0.0083,0.0298,1.021,0.5038,-0.0611,0.7023,0,0,0
-0.0046,0.0271,1.0291,-0.3511,-0.3664,0.6336,0,0,0
-0.0032,0.0298,1.0383,-0.771,0.374,-0.1145,0,0,0
-0.0002,0.0349,1.0322,-0.6718,0.7939,-0.5038,0,0,0
-0.0032,0.03,1.0205,-1.1069,1.2672,-0.2901,0,0,0
-0.0032,0.0342,1.0234,-1.2137,0.6031,-0.1527,0,0,0
-0.0039,0.033,1.0281,-1.8855,-0.2214,-0.4427,0,0,0
-0.0088,0.0298,1.0227,-1.7786,-0.5954,-0.4504,0,0,0
-0.0088,0.0322,1.0369,-1.4427,-0.2137,-0.5267,0,0,0
-0.0063,0.0361,1.0396,-1.4122,-0.0153,-0.4962,0,0,0
-0.0071,0.0342,1.0361,-0.8397,0.1527,-0.8244,0,0,0
-0.0068,0.0422,1.0266,-0.8855,0.3206,-1.3969,0,0,0
-0.0088,0.0381,1.0283,-1.5038,0.1679,-1.7252,0,0,0
-0.0073,0.0271,1.0288,-1.9847,-0.0305,-1.9313,0,0,0
-0.0068,0.0215,1.0305,-1.0076,-0.1298,-1.4046,0,0,0
-0.0098,0.0242,1.0308,-0.4656,-0.8015,-1.1069,0,0,0
-0.0129,0.0291,1.0337,-0.0229,-0.6489,-1.3282,0,0,0
-0.0129,0.0337,1.0361,0.084,-0.6031,-0.9389,0,0,0
-0.0051,0.0342,1.0317,0.084,-0.4351,-1.2061,0,0,0
-0.0039,0.0364,1.0339,-0.1985,-0.4122,-1.8397,0,0,0
-0.0037,0.0303,1.0334,-0.1908,0.1527,-2.3893,0,0,0
-0.0095,0.0305,1.0259,-0.0763,-0.1832,-2.5802,0,0,0
-0.0088,0.0269,1.0269,-0.2595,-0.3511,-2.3435,0,0,0
-0.0129,0.0288,1.0269,-0.2748,-0.4504,-2.0534,0,0,0
-0.012,0.0283,1.0249,-0.3435,-0.4656,-1.5496,0,0,0
-0.0098,0.043,1.0352,-0.8626,-0.0611,-1.6565,0,0,0
-0.0125,0.0398,1.0322,-1.145,0.0305,-2.0534,0,0,0
-0.0068,0.0334,1.0266,-1.2061,0.145,-2.3588,0,0,0
-0.01,0.03,1.0295,-1.084,0.3282,-2.3435,0,0,0
-0.0181,0.0298,1.021,-1.0687,-0.0305,-1.8092,0,0,0
-0.0149,0.0273,1.0212,-0.8931,-0.4198,-1.2443,0,0,0
-0.0093,0.0303,1.0266,-0.7786,-0.7252,-1.7328,0,0,0
-0.0088,0.0286,1.0303,-1.1756,-1.229,-1.7634,0,0,0
-0.0083,0.0327,1.0295,-1.3817,-1.2214,-1.6412,0,0,0
-0.0076,0.0403,1.0376,-1.2366,-1.0763,-1.7863,0,0,0
-0.0063,0.04,1.0359,-1.916,-0.4809,-2.2214,0,0,0
-0.0122,0.0208,1.0327,-2.1756,-0.1756,-2.4656,0,0,0
-0.0088,0.0173,1.0217,-1.1298,-1.2061,-1.9618,0,0,0
-0.0149,0.0305,1.0303,-0.7557,-1.8244,-1.7939,0,0,0
-0.0122,0.032,1.0337,-1.084,-1.5267,-1.916,0,0,0
-0.0044,0.0237,1.042,-1.2901,-1.0763,-1.6565,0,0,0
-0.0078,0.0278,1.0449,-1.8702,-0.2824,-1.313,0,0,0
-0.0132,0.0291,1.0303,-2.5496,1.1069,-1.1527,0,0,0
-0.012,0.0264,1.02,-2.5496,1.0,-0.687,0,0,0
-0.0098,0.03,1.0168,-2.1069,0.2519,-0.9313,0,0,0
-0.0081,0.0391,1.0208,-1.5191,-1.0992,-0.7634,0,0,0
-0.0039,0.0388,1.0215,-1.6489,-1.4122,-1.5878,0,0,0
-0.0083,0.0388,1.0293,-1.6794,-1.5878,-2.4046,0,0,0
-0.0105,0.0313,1.0342,-1.4885,-1.3206,-2.4733,0,0,0
-0.0154,0.0271,1.0298,-1.2443,-0.8092,-2.2443,0,0,0
-0.0063,0.0264,1.0281,-1.6947,0.3282,-1.6336,0,0,0
-0.0098,0.03,1.0183,-1.3053,-0.145,-1.1069,0,0,0
-0.009,0.0388,1.0205,-1.1374,-1.1985,-1.4198,0,0,0
-0.0042,0.0325,1.0303,-1.2977,-1.7939,-1.7099,0,0,0
-0.0068,0.0286,1.0349,-1.6489,-1.7176,-2.1145,0,0,0
-0.0034,0.022,1.0342,-1.6031,-1.7176,-1.9847,0,0,0
-0.0054,0.0249,1.0449,-1.6412,-1.1756,-1.4733,0,0,0
-0.0146,0.0281,1.0359,-1.6336,-0.2214,-1.0763,0,0,0
-0.0166,0.0286,1.0251,-2.2977,0.145,-0.5038,0,0,0
-0.0103,0.0286,1.0251,-2.0382,-0.5038,0.0382,0,0,0
-0.0083,0.0371,1.0305,-1.4198,-1.229,-0.3282,0,0,0
-0.0122,0.0349,1.0359,-1.0687,-1.6947,-1.0458,0,0,0
-0.0056,0.0315,1.043,-0.8244,-1.4351,-1.1221,0,0,0
-0.0039,0.0325,1.0513,-0.8015,-0.5115,-1.2137,0,0,0
-0.0085,0.033,1.0413,-1.0229,0.4046,-1.4656,0,0,0
-0.0071,0.0276,1.0349,-1.5496,1.0382,-1.2443,0,0,0
-0.0029,0.0308,1.0176,-2.1145,0.8626,-0.7786,0,0,0
-0.0032,0.0393,1.0156,-2.7786,0.1603,-0.5878,0,0,0
-0.0037,0.0398,1.0276,-3.0534,-0.4046,-1.3511,0,0,0
-0.0027,0.0308,1.03,-2.916,-0.687,-1.7557,0,0,0
-0.0046,0.0283,1.0315,-2.4122,-0.5115,-1.8168,0,0,0
-0.0127,0.0217,1.0461,-1.3893,-0.2366,-1.8168,0,0,0
-0.0159,0.0183,1.0364,-0.7099,0.3359,-1.313,0,0,0
-0.0208,0.0208,1.0173,-0.4962,0.3282,-0.7252,0,0,0
-0.0081,0.0271,1.0244,-0.8015,-0.2214,-0.0076,0,0,0
-0.0112,0.0352,1.0242,-1.9771,-0.7634,0.0076,0,0,0
-0.0081,0.0354,1.0325,-2.916,-0.4504,-0.4351,0,0,0
-0.0029,0.0281,1.0337,-3.0076,0.1985,-0.9466,0,0,0
-0.0117,0.02,1.0439,-3.2137,0.8321,-0.7634,0,0,0
-0.0183,0.0154,1.0312,-2.8244,1.2672,-0.4122,0,0,0
-0.0186,0.0129,1.0347,-2.8015,1.4275,0.6718,0,0,0
-0.0188,-0.001,1.0403,-3.5038,1.3969,1.4733,0,0,0
-0.0112,-0.0334,1.0623,-5.6107,1.4122,2.5038,0,0,0
-0.0215,-0.1194,1.1189,-8.5267,3.5267,6.3359,0,0,0
-0.0874,-0.3088,1.2268,-13.4427,8.9924,16.4122,0,0,0
-0.1372,-0.4573,1.3608,-24.8626,23.1832,38.5725,0,0,0
-0.1233,-0.5105,1.437,-34.5573,47.855,73.1832,0,0,0
-0.1321,-0.4343,1.4324,-61.1832,78.0992,107.4733,0,0,0
-0.1062,-0.3494,1.3569,-87.4733,108.6641,135.9924,0,0,0
-0.0403,-0.1626,1.2437,-111.8473,131.4351,157.2137,0,0,0
0.0559,0.0591,1.1013,-124.5115,140.9466,160.8244,0,0,0
0.0925,0.1421,0.9641,-118.3817,133.5114,149.1221,0,0,0
0.0369,0.2393,0.8672,-95.8855,109.626,136.2519,0,0,0
0.0146,0.4297,0.8774,-69.687,85.6641,99.8321,0,0,0
-0.0146,0.4963,0.8289,-35.4275,62.4504,53.4427,0,0,0
-0.0537,0.377,0.738,-2.9313,34.0534,10.687,0,0,0
-0.0818,0.2754,0.7622,19.5649,8.542,-16.5344,0,0,0
-0.1179,0.2236,0.7961,37.2595,-7.3893,-33.1374,0,0,0
-0.1094,0.1948,0.772,46.458,-16.2137,-41.9466,0,0,0
-0.1187,0.1912,0.749,42.7099,-22.6031,-50.0153,0,0,0
-0.1301,0.1262,0.7483,32.7252,-28.9084,-58.4275,0,0,0
-0.1494,0.0134,0.7861,26.8168,-36.0,-64.4809,0,0,0
-0.1721,-0.0681,0.8381,25.3511,-43.2519,-64.0763,0,0,0
-0.199,-0.1123,0.8716,25.1908,-49.5267,-57.3359,0,0,0
-0.1897,-0.116,0.9368,25.4122,-51.8473,-47.4198,0,0,0
-0.1794,-0.0952,1.0088,24.5802,-49.9084,-38.0992,0,0,0
-0.1531,-0.0571,1.05,25.8779,-45.2824,-33.145,0,0,0
-0.1179,-0.0264,1.0586,28.4656,-41.374,-33.5649,0,0,0
-0.0959,-0.0251,1.0867,30.7786,-38.374,-36.1145,0,0,0
-0.0918,-0.0232,1.0947,32.8397,-36.374,-38.5573,0,0,0
-0.0845,-0.0327,1.0991,33.8168,-35.0229,-39.8473,0,0,0
-0.0847,-0.0732,1.1189,33.8244,-33.5649,-39.8244,0,0,0
-0.0762,-0.0681,1.1423,32.8397,-29.6565,-38.2672,0,0,0
-0.0798,-0.061,1.135,31.6565,-25.1374,-37.5115,0,0,0
-0.0784,-0.071,1.1338,30.7939,-20.9542,-36.1145,0,0,0
-0.0876,-0.0537,1.1118,29.5496,-17.374,-34.1679,0,0,0
-0.083,-0.0259,1.0779,28.5649,-15.3435,-32.8779,0,0,0
-0.0688,0.0029,1.0649,28.1069,-14.1679,-33.2137,0,0,0
-0.0642,0.0054,1.0349,29.229,-15.3969,-34.2748,0,0,0
-0.0701,0.0032,1.02,31.4046,-18.4656,-35.3588,0,0,0
-0.0747,-0.0071,1.0254,33.5496,-22.229,-36.1221,0,0,0
-0.0825,-0.022,1.0327,35.2672,-24.3969,-34.8702,0,0,0
-0.0815,-0.0195,1.0291,34.8015,-25.1603,-32.229,0,0,0
-0.0801,-0.02,0.991,33.8779,-24.9389,-27.3893,0,0,0
-0.0801,0.0103,0.9568,27.7863,-26.5802,-22.4427,0,0,0
-0.0688,0.0159,0.9927,17.3969,-27.4885,-19.3893,0,0,0
-0.0737,0.0042,1.031,8.0076,-24.9313,-16.5114,0,0,0
-0.0774,0.002,1.0774,0.5267,-19.5573,-11.8473,0,0,0
-0.064,-0.0037,1.0977,-7.229,-12.0611,-6.2595,0,0,0
-0.053,-0.0139,1.1035,-13.9771,-4.6718,-0.7099,0,0,0
-0.0498,-0.0129,1.0964,-15.7634,0.4275,3.3053,0,0,0
-0.0571,0.0095,1.0852,-13.3817,3.4275,5.771,0,0,0
-0.0449,0.0205,1.0691,-8.8473,3.8473,7.2519,0,0,0
-0.0361,0.0361,1.053,-4.6565,3.2672,7.3893,0,0,0
-0.0327,0.0505,1.0442,-1.7099,2.1679,6.0916,0,0,0
-0.0259,0.0642,1.042,-0.2672,1.4733,4.1908,0,0,0
-0.0227,0.0498,1.0508,-0.3053,1.2595,2.7405,0,0,0
-0.0305,0.0398,1.0532,-0.2214,1.9313,2.0,0,0,0
-0.0322,0.033,1.0605,-0.5573,2.9389,2.313,0,0,0
-0.032,0.0222,1.0569,-0.9847,4.0076,3.2672,0,0,0
-0.0325,0.0286,1.0552,-1.313,5.0229,4.2366,0,0,0
-0.0405,0.0376,1.0503,-0.9771,6.1374,5.4962,0,0,0
-0.0386,0.0466,1.0388,-0.6565,6.9542,5.6947,0,0,0
-0.0364,0.0608,1.0159,-0.5191,7.1679,5.6641,0,0,0
-0.0364,0.0603,1.0181,0.0534,6.8397,5.1069,0,0,0
-0.041,0.0596,1.0122,-0.3282,5.7176,4.2977,0,0,0
-0.0479,0.0623,1.0227,-0.6565,5.626,4.4962,0,0,0
-0.0469,0.0696,1.0227,-1.2366,6.1985,4.1603,0,0,0
-0.0454,0.074,1.0193,-0.7328,6.4504,4.5878,0,0,0
-0.0356,0.0784,1.0034,-0.687,5.7099,3.7481,0,0,0
-0.0454,0.0854,0.9807,0.5573,2.8702,2.2061,0,0,0
-0.0476,0.0862,0.9961,1.1908,0.2061,0.3206,0,0,0
-0.0464,0.075,1.0071,1.5954,-1.4962,-0.7634,0,0,0
-0.0454,0.061,1.0381,1.2595,-2.0153,-1.0153,0,0,0
-0.0547,0.0481,1.04,1.3511,-1.1298,-0.5573,0,0,0
-0.0537,0.0469,1.0405,1.5878,0.2748,0.6794,0,0,0
-0.0493,0.0562,1.04,1.5038,0.7863,2.0229,0,0,0
-0.0491,0.0732,1.0203,1.229,0.7099,2.1832,0,0,0
-0.0437,0.0781,1.0154,0.6489,-0.1145,1.4351,0,0,0
-0.041,0.0908,1.02,0.0611,-0.5038,0.3969,0,0,0
-0.0461,0.0825,1.0239,0.1298,-0.9084,-1.0916,0,0,0
-0.0439,0.0674,1.033,0.1221,-1.7328,-1.6565,0,0,0
-0.0469,0.0728,1.0393,1.0687,-1.5802,-1.374,0,0,0
-0.0481,0.0798,1.0371,1.8779,-0.3893,-1.374,0,0,0
-0.0398,0.0859,1.0183,2.084,-0.3969,-1.9847,0,0,0
-0.043,0.0879,1.012,1.4046,-0.5038,-3.1985,0,0,0
-0.0464,0.0818,1.0112,0.7328,-0.8702,-4.2366,0,0,0
-0.0496,0.0808,1.0168,0.229,-1.4733,-4.4504,0,0,0
-0.0422,0.0662,1.0142,-0.2366,-1.9313,-4.7939,0,0,0
-0.0483,0.0588,1.019,0.0992,-2.7176,-4.5878,0,0,0
-0.0535,0.0588,1.0249,0.0687,-2.3511,-4.0076,0,0,0
-0.0498,0.0564,1.0288,0.4885,-1.8779,-3.0458,0,0,0
-0.0483,0.0635,1.0249,0.6336,-1.4885,-2.0611,0,0,0
-0.0403,0.0725,1.0229,0.5649,-1.3893,-2.0,0,0,0
-0.0457,0.0776,1.0227,0.2519,-1.626,-3.2595,0,0,0
-0.0447,0.0718,1.0266,0.1298,-2.2748,-3.8397,0,0,0
-0.0437,0.0554,1.0342,0.1603,-2.7481,-3.9924,0,0,0
-0.05,0.0542,1.031,0.4656,-2.229,-2.8931,0,0,0
-0.0508,0.054,1.0347,-0.2901,-1.5878,-1.6641,0,0,0
-0.0479,0.0586,1.031,-0.7863,-0.626,-0.6565,0,0,0
-0.0442,0.0715,1.0347,-1.2672,-0.4504,-0.5649,0,0,0
-0.0474,0.0779,1.0234,-1.4504,-0.8015,-1.4275,0,0,0
-0.0498,0.0835,1.0173,-1.7023,-0.9237,-1.916,0,0,0
-0.0405,0.0671,1.0176,-1.4656,-1.4656,-2.5878,0,0,0
-0.0461,0.0693,1.0227,-0.1374,-2.5725,-3.3359,0,0,0
-0.0527,0.0671,1.0254,0.8779,-3.0992,-3.4504,0,0,0
-0.0515,0.0535,1.033,1.0229,-3.7481,-2.8321,0,0,0
-0.0518,0.0574,1.0303,1.2214,-3.4275,-1.6489,0,0,0
-0.0513,0.0664,1.0278,1.0687,-3.1298,-0.6947,0,0,0
-0.0457,0.0752,1.0251,0.3435,-2.8015,-0.4962,0,0,0
-0.0405,0.0876,1.0244,-0.1221,-2.6489,-0.9618,0,0,0
-0.0327,0.0891,1.0269,-0.6107,-2.8855,-1.9237,0,0,0
-0.033,0.0847,1.022,-1.1145,-3.4885,-2.9771,0,0,0
-0.0315,0.0823,1.0242,-0.1908,-4.5267,-3.4427,0,0,0
-0.0371,0.0813,1.0217,0.7481,-5.4962,-4.0,0,0,0
-0.0317,0.0771,1.0288,2.1069,-5.8015,-4.4046,0,0,0
-0.0349,0.075,1.0229,3.1832,-6.542,-4.4046,0,0,0
-0.0369,0.0706,1.0271,4.1679,-6.7557,-4.2366,0,0,0
-0.0305,0.0706,1.0234,5.0229,-7.7023,-4.2214,0,0,0
-0.0308,0.0679,0.9912,5.4046,-8.8931,-3.771,0,0,0
-0.0283,0.0732,0.9758,4.5115,-12.4962,-3.145,0,0,0
-0.032,0.083,0.9839,1.5115,-15.3282,-3.5649,0,0,0
-0.0278,0.0688,1.0222,-1.2595,-15.8855,-2.6565,0,0,0
-0.0271,0.0696,1.0442,-2.2748,-15.626,-1.2748,0,0,0
-0.019,0.0823,1.0764,-2.4198,-13.3969,-0.6489,0,0,0
-0.0159,0.0911,1.0784,-0.1603,-11.2214,-1.2977,0,0,0
-0.0093,0.0935,1.0701,2.7786,-10.0076,-2.2748,0,0,0
-0.0024,0.1008,1.062,6.0305,-9.8092,-3.3206,0,0,0
-0.0002,0.1077,1.0735,8.5725,-9.458,-5.2519,0,0,0
-0.0037,0.0991,1.0872,9.8244,-8.1069,-7.2137,0,0,0
-0.0063,0.0918,1.0784,10.7634,-5.4962,-7.3053,0,0,0
-0.0044,0.0911,1.0723,10.7634,-3.2366,-7.4046,0,0,0
-0.0093,0.0908,1.0515,10.3817,-1.1756,-7.8321,0,0,0
-0.0122,0.0842,1.0208,9.4733,-0.9924,-8.1679,0,0,0
-0.0134,0.0894,1.0071,7.9542,-2.0382,-8.2672,0,0,0
-0.0215,0.0732,0.9851,6.0,-3.1298,-8.1374,0,0,0
-0.0188,0.0681,0.9712,3.5344,-5.4198,-6.3435,0,0,0
-0.0171,0.0747,0.9768,0.2366,-7.7176,-4.6794,0,0,0
-0.0183,0.0745,0.9988,-3.145,-9.0992,-3.9466,0,0,0
-0.0217,0.0718,1.0361,-4.6794,-8.2061,-3.1756,0,0,0
-0.0161,0.0764,1.0481,-4.9466,-6.6794,-2.2519,0,0,0
-0.0105,0.0938,1.0398,-5.374,-4.0992,-1.5115,0,0,0
-0.0095,0.085,0.9893,-6.0763,-3.1069,-1.5649,0,0,0
0.0034,0.083,0.9146,-7.5802,-7.0076,-0.771,0,0,0
-0.0046,0.0901,0.8879,-11.4733,-14.7252,-1.3435,0,0,0
-0.012,0.0835,0.9497,-13.687,-21.5038,-2.3206,0,0,0
-0.0076,0.0745,1.0393,-14.1527,-23.5802,-2.3893,0,0,0
-0.0059,0.0764,1.115,-13.5267,-18.9695,-0.7252,0,0,0
0.0032,0.0833,1.1548,-12.6183,-10.7939,0.9618,0,0,0
0.0081,0.093,1.1313,-10.3435,-2.4962,1.9237,0,0,0
0.0142,0.1177,1.1055,-6.0534,2.3817,1.4885,0,0,0
0.0149,0.1343,1.0747,-1.374,4.9466,-1.2748,0,0,0
0.0186,0.1311,1.0432,2.3817,5.7634,-4.1756,0,0,0
0.0244,0.1125,1.0142,5.2137,4.0763,-6.5725,0,0,0
0.012,0.1011,1.0017,6.7252,1.8244,-7.8397,0,0,0
0.0098,0.0903,0.9893,5.9389,-0.0076,-7.4351,0,0,0
0.0061,0.0774,0.9927,2.0534,-0.8702,-6.0382,0,0,0
0.0073,0.0806,1.0105,-2.2443,-0.7023,-4.0992,0,0,0
0.002,0.0818,1.0295,-6.0153,0.855,-3.0534,0,0,0
0.0022,0.0808,1.0369,-8.1069,2.4275,-2.6183,0,0,0
0.0044,0.0742,1.0342,-7.2519,3.2595,-1.542,0,0,0
0.0032,0.0754,1.0229,-5.374,2.4885,-1.1145,0,0,0
0.0063,0.0796,1.0239,-3.1374,1.5725,-1.458,0,0,0
0.0037,0.0798,1.0183,-0.5496,0.9084,-1.458,0,0,0
0.0115,0.0889,1.0271,1.4351,0.4809,-1.7634,0,0,0
0.0088,0.0964,1.0325,1.1756,0.3435,-1.8168,0,0,0
0.0107,0.0913,1.0266,0.458,0.9008,-2.4122,0,0,0
0.0039,0.0869,1.0293,-1.2366,1.5344,-2.5344,0,0,0
0.0103,0.0828,1.0117,-3.0076,1.4885,-2.2901,0,0,0
0.0042,0.0801,1.0085,-4.2977,0.4275,-1.7634,0,0,0
0.0002,0.082,1.0127,-4.9313,-0.2519,-0.8702,0,0,0
0.0015,0.0894,1.0271,-4.8397,-0.771,-1.0916,0,0,0
0.0017,0.0815,1.0315,-4.3588,-0.7252,-1.2824,0,0,0
0.0032,0.0813,1.033,-3.626,-0.2061,-0.7863,0,0,0
0.0071,0.0811,1.0303,-3.6794,-0.0229,-0.6641,0,0,0
0.0012,0.0884,1.0361,-3.1374,0.0153,-0.2366,0,0,0
0.0081,0.0779,1.0264,-3.7176,0.7023,-0.2977,0,0,0
0.0044,0.0811,1.0195,-3.626,0.7328,-0.1679,0,0,0
0.0054,0.0916,1.0183,-3.2519,0.7252,-0.3511,0,0,0
0.0076,0.085,1.0139,-3.6336,-0.1985,-1.4427,0,0,0
0.0029,0.0847,1.0178,-3.3588,-1.1908,-1.3588,0,0,0
0.0022,0.083,1.0308,-3.1145,-1.0992,-1.8626,0,0,0
0.002,0.0789,1.0356,-3.7634,-0.8626,-1.9389,0,0,0
0.0061,0.071,1.0337,-3.3588,-0.5725,-1.1298,0,0,0
0.0022,0.0701,1.0305,-2.9771,-0.542,-0.8168,0,0,0
-0.0015,0.0725,1.0295,-2.0382,-0.229,-0.5725,0,0,0
0.0012,0.0759,1.0342,-1.8473,-0.4122,-0.2901,0,0,0
0.002,0.0764,1.0271,-1.9542,-0.6412,0.0,0,0,0
0.0056,0.0825,1.031,-2.1221,-0.6489,0.0229,0,0,0
0.0068,0.0852,1.0293,-2.4656,-0.771,-0.6947,0,0,0
0.0037,0.0842,1.0347,-3.0382,-0.3893,-0.4962,0,0,0
0.0027,0.0784,1.0337,-3.5038,-0.2977,-0.8626,0,0,0
0.0044,0.0698,1.0364,-3.0992,-0.6183,-0.5267,0,0,0
0.0063,0.0728,1.0349,-2.4656,-1.145,-0.2519,0,0,0
0.0032,0.084,1.0383,-2.9771,-0.7786,-0.5573,0,0,0
0.0027,0.0815,1.0359,-2.9542,-0.0458,-1.0,0,0,0
0.0054,0.0796,1.0403,-2.2137,0.2366,-0.626,0,0,0
0.0112,0.0881,1.0444,-2.2137,0.4351,-1.0305,0,0,0
0.0027,0.0845,1.031,-2.3359,0.3359,-1.7023,0,0,0
0.0039,0.0713,1.0342,-2.2137,0.7634,-2.1298,0,0,0
0.0034,0.0669,1.0288,-1.9237,0.5496,-1.4809,0,0,0
0.0012,0.062,1.0198,-1.6183,0.5954,-0.9237,0,0,0
0.0002,0.071,1.0347,-2.0687,0.6565,-0.3359,0,0,0
-0.0012,0.0725,1.0269,-2.3053,0.9924,-0.2137,0,0,0
0.0066,0.0691,1.0251,-2.5954,0.9084,0.145,0,0,0
-0.0017,0.0728,1.0198,-1.8321,0.6947,-0.0382,0,0,0
0.002,0.0774,1.0271,-2.1069,0.5267,0.0382,0,0,0
0.0,0.0762,1.0249,-2.8092,1.0534,0.1221,0,0,0
0.0002,0.0767,1.021,-2.5649,0.7023,0.1679,0,0,0
0.0002,0.0747,1.0271,-2.5573,0.5725,0.0534,0,0,0
0.0017,0.0801,1.0344,-2.4962,0.4656,-0.0992,0,0,0
0.0002,0.0835,1.0237,-2.1832,0.4656,-0.3969,0,0,0
0.0029,0.0747,1.0186,-1.8473,0.3359,-0.4733,0,0,0
0.0002,0.0747,1.0317,-2.084,0.3282,-0.3282,0,0,0
-0.0054,0.0789,1.031,-2.1756,0.5344,-0.3435,0,0,0
-0.0068,0.0762,1.0266,-2.2901,1.1145,-0.3435,0,0,0
-0.0049,0.0723,1.0251,-3.0687,1.0534,0.0534,0,0,0
-0.0051,0.0728,1.0242,-3.5802,0.9466,0.3969,0,0,0
-0.0032,0.0715,1.0303,-3.4733,0.9389,0.7557,0,0,0
0.0,0.0813,1.0305,-3.2824,1.0229,0.8931,0,0,0
0.0034,0.0818,1.03,-3.1221,0.374,0.2137,0,0,0
0.0063,0.071,1.0371,-2.4809,-0.0305,-0.145,0,0,0
0.0046,0.0696,1.0459,-1.7176,-0.2595,-0.3206,0,0,0
-0.0056,0.0737,1.0515,-2.084,0.9466,-0.3893,0,0,0
-0.0012,0.0688,1.0486,-2.1756,1.7176,-0.4046,0,0,0
-0.0005,0.071,1.0327,-2.6107,2.229,-0.6565,0,0,0
-0.0032,0.0723,1.0344,-2.9618,2.9618,-0.4198,0,0,0
-0.0049,0.0676,1.0291,-3.1221,2.4962,-0.3359,0,0,0
-0.0059,0.073,1.0361,-3.1298,2.4198,-0.3588,0,0,0
-0.009,0.0745,1.0417,-3.855,3.0229,-0.3282,0,0,0
-0.0098,0.0693,1.0369,-4.3588,3.9008,-0.2748,0,0,0
-0.0137,0.0637,1.0427,-4.4046,4.6183,0.0305,0,0,0
-0.0146,0.0581,1.0371,-4.1298,5.3817,0.4809,0,0,0
-0.0117,0.053,1.0129,-2.9313,5.1756,1.9924,0,0,0
-0.0078,0.0713,1.0095,-2.374,3.4275,2.4656,0,0,0
-0.011,0.082,1.0117,-2.1603,2.0992,1.8168,0,0,0
-0.002,0.0906,1.0168,-2.8015,1.4122,1.3206,0,0,0
0.001,0.0872,1.0107,-2.6489,0.8626,0.3588,0,0,0
-0.0046,0.0857,1.0161,-2.9237,0.3588,-0.2061,0,0,0
-0.0085,0.0881,1.0129,-2.3588,-0.7405,-0.5725,0,0,0
-0.0071,0.0852,1.0217,-1.1756,-1.5115,-1.8092,0,0,0
-0.0081,0.0842,1.0281,-1.0534,-1.6336,-2.1069,0,0,0
-0.0144,0.0845,1.0261,-1.4046,-1.7328,-2.3588,0,0,0
-0.0076,0.073,1.0269,-1.5802,-1.3435,-2.1069,0,0,0
-0.0151,0.0715,1.0266,-1.8702,-1.1679,-1.9542,0,0,0
-0.0051,0.073,1.0295,-1.7557,-0.8397,-1.4962,0,0,0
-0.0039,0.073,1.0229,-2.0763,-1.4809,-1.542,0,0,0
-0.0037,0.0764,1.0317,-1.6031,-1.7176,-2.0,0,0,0
-0.0076,0.0723,1.0386,-2.0687,-1.687,-2.5802,0,0,0
-0.0059,0.0647,1.0442,-2.7863,-0.9618,-2.6107,0,0,0
-0.0059,0.0598,1.0427,-2.374,-0.6107,-2.5802,0,0,0
-0.011,0.0437,1.0513,-2.3588,-0.3435,-2.3206,0,0,0
-0.0159,0.0369,1.0503,-2.2137,0.3282,-1.0687,0,0,0
-0.0203,0.0247,1.0601,-3.0,1.4885,0.3969,0,0,0
-0.0256,0.0237,1.0679,-2.9924,2.3359,2.2824,0,0,0
-0.0256,0.03,1.071,-3.0611,4.084,4.2214,0,0,0
-0.022,0.0483,1.0698,-4.3359,5.9695,5.7023,0,0,0
-0.0212,0.0547,1.0547,-4.1221,7.0229,5.9924,0,0,0
-0.0176,0.0676,1.054,-4.4809,7.3359,5.1908,0,0,0
-0.0161,0.0735,1.0447,-5.0534,7.4198,4.5649,0,0,0
-0.0129,0.0596,1.0479,-6.0916,7.2214,3.8626,0,0,0
-0.0256,0.0295,1.0664,-6.458,6.8168,3.7405,0,0,0
-0.0491,0.0232,1.0869,-5.0153,8.4427,5.7023,0,0,0
-0.0449,0.031,1.0989,-5.1756,11.5802,8.916,0,0,0
-0.0283,0.0483,1.0793,-6.0534,15.1832,11.626,0,0,0
-0.0173,0.0706,1.061,-5.8015,18.0687,11.6641,0,0,0
-0.021,0.0984,0.9966,-6.6336,16.5649,9.9847,0,0,0
-0.0193,0.1167,0.9846,-5.229,12.7863,6.4046,0,0,0
-0.0193,0.1177,0.9888,-4.2366,9.0916,2.3359,0,0,0
-0.0173,0.1023,1.0032,-3.1756,5.9695,-1.1298,0,0,0
-0.0259,0.0886,1.0164,-1.687,4.9084,-3.5649,0,0,0
-0.0432,0.1023,1.0542,0.0,6.5115,-5.5802,0,0,0
-0.0156,0.0713,1.0632,0.145,15.1374,-7.9466,0,0,0
-0.0415,0.0242,0.9521,0.1221,10.1145,-4.6794,0,0,0
-0.0566,0.0496,0.9844,1.5649,6.6565,-1.9771,0,0,0
-0.0457,0.0527,0.9824,3.2061,4.2519,-0.7328,0,0,0
-0.0305,0.0491,1.0042,1.5573,4.2977,-0.4351,0,0,0
-0.0386,0.0505,1.0034,-0.0076,5.1756,0.3053,0,0,0
-0.0471,0.0635,1.0103,-1.8015,6.229,1.4351,0,0,0
-0.0417,0.0725,1.009,-4.4198,6.7328,2.1679,0,0,0
-0.0398,0.0713,1.0112,-5.3206,6.8321,1.5573,0,0,0
-0.041,0.072,1.0078,-4.7252,6.0305,0.1985,0,0,0
-0.0474,0.075,1.0278,-3.7252,5.4656,-1.1908,0,0,0
-0.0505,0.0801,1.0625,-3.4198,6.2824,-2.4275,0,0,0
-0.0549,0.0808,1.0806,-3.313,10.313,-3.7023,0,0,0
-0.0496,0.0757,1.0732,-4.1832,14.5573,-4.1679,0,0,0
-0.0559,0.0627,1.0442,-4.1374,17.8779,-3.8779,0,0,0
-0.0713,0.0386,1.0317,-3.8779,17.5344,-3.2901,0,0,0
-0.0708,0.0127,1.0212,-2.0534,15.2137,-1.4885,0,0,0
-0.0845,0.0193,1.0371,-1.0076,12.7099,1.5954,0,0,0
-0.1011,0.0364,1.0493,-0.6794,12.6718,4.3893,0,0,0
-0.0859,0.0562,1.0618,-2.9618,14.5344,6.8855,0,0,0
-0.0718,0.0769,1.0549,-5.7328,17.4809,7.4809,0,0,0
-0.0737,0.0854,1.031,-8.5344,19.374,5.6641,0,0,0
-0.0774,0.095,1.021,-10.4504,19.5114,2.9084,0,0,0
-0.0906,0.0806,1.0103,-11.4046,18.6718,0.4122,0,0,0
-0.0972,0.0618,1.0012,-10.9466,16.7786,-1.1374,0,0,0
-0.1089,0.0461,0.9924,-8.9237,14.4046,-1.5573,0,0,0
-0.1082,0.0337,0.9788,-6.0,10.8244,-1.7405,0,0,0
-0.1125,0.0244,0.9968,-3.3435,7.0076,-0.5954,0,0,0
-0.115,0.0183,1.0156,-1.7863,5.1679,0.374,0,0,0
-0.1099,0.0132,1.04,-2.1221,5.5649,2.3511,0,0,0
-0.1157,0.0273,1.0432,-3.1527,7.9008,4.4122,0,0,0
-0.1201,0.0315,1.0337,-5.0305,10.4809,6.2748,0,0,0
-0.1052,0.0432,1.0205,-7.374,11.7939,7.0458,0,0,0
-0.1082,0.0498,0.9998,-9.5725,12.0687,6.9618,0,0,0
-0.1138,0.0583,1.0015,-11.2748,11.1145,5.8855,0,0,0
-0.1143,0.0557,1.0127,-12.4275,10.8244,5.2443,0,0,0
-0.1179,0.0378,1.0205,-10.9924,11.6336,4.7023,0,0,0
-0.116,0.0276,1.009,-7.7863,10.4046,5.3435,0,0,0
-0.1304,0.0286,1.0046,-3.4122,8.6336,5.8779,0,0,0
-0.1182,0.0352,1.0098,0.3053,5.6718,6.1756,0,0,0
-0.1172,0.0505,1.0122,2.2595,4.6183,5.855,0,0,0
-0.1152,0.0679,1.0271,3.374,4.916,5.2214,0,0,0
-0.1111,0.0771,1.0181,3.7176,6.0305,4.1221,0,0,0
-0.1023,0.0752,1.0085,3.7481,5.687,2.7099,0,0,0
-0.1074,0.083,1.0078,3.3282,4.5954,0.5725,0,0,0
-0.1174,0.0793,1.0027,1.6336,2.7328,-1.5573,0,0,0
-0.1306,0.0647,1.0212,0.4656,2.6489,-2.6489,0,0,0
-0.1301,0.0525,1.0349,-0.6947,2.8931,-2.7634,0,0,0
-0.1353,0.0327,1.0378,-1.2443,4.313,-1.2137,0,0,0
-0.1489,0.0317,1.0383,-1.5573,5.6947,0.4885,0,0,0
-0.1428,0.0281,1.0374,-1.4656,6.1374,2.1374,0,0,0
-0.1448,0.0359,1.0352,-1.1832,6.0,3.7099,0,0,0
-0.1389,0.0464,1.0317,-1.8244,6.771,4.229,0,0,0
-0.1316,0.0552,1.0312,-2.6718,7.3969,4.6107,0,0,0
-0.1309,0.0574,1.0303,-4.4122,7.7176,4.0992,0,0,0
-0.1406,0.0608,1.0264,-5.374,8.6947,3.1756,0,0,0
-0.1355,0.0488,1.021,-6.458,9.229,2.2214,0,0,0
-0.1445,0.0417,1.0137,-7.1603,9.1145,2.2748,0,0,0
-0.1526,0.042,1.0061,-6.3511,8.6489,2.4198,0,0,0
-0.1545,0.0417,1.0022,-5.5725,7.7099,2.2519,0,0,0
-0.1499,0.0369,0.9851,-5.1679,6.5954,2.1679,0,0,0
-0.1516,0.0291,0.9993,-4.7023,5.5191,1.8702,0,0,0
-0.1528,0.0376,0.9995,-4.0229,4.8168,1.6107,0,0,0
-0.1567,0.0269,1.0134,-4.0763,4.6718,1.6718,0,0,0
-0.1667,0.0273,1.0098,-3.1908,5.1145,2.5954,0,0,0
-0.1626,0.0361,1.0088,-2.5267,5.3969,3.374,0,0,0
-0.1587,0.0427,0.9993,-2.7099,5.3435,3.9618,0,0,0
-0.1489,0.0513,0.988,-1.626,4.3282,3.4656,0,0,0
-0.1553,0.0613,0.9854,-1.2061,2.229,2.3588,0,0,0
-0.1511,0.0635,0.9856,-1.5802,0.7786,0.6412,0,0,0
-0.1558,0.0522,1.0022,-1.855,-0.1527,-0.3664,0,0,0
-0.1589,0.052,1.0071,-1.4962,0.0687,-0.7863,0,0,0
-0.1565,0.0425,1.0107,-1.2595,-0.0458,-0.4885,0,0,0
-0.1611,0.0393,1.0129,-1.0687,-0.1221,-0.0458,0,0,0
-0.1592,0.0398,1.0112,-0.4275,-0.3282,0.7252,0,0,0
-0.1555,0.0415,1.0266,-0.5267,-1.0,0.771,0,0,0
-0.1558,0.0486,1.0293,-0.458,-0.2672,1.0992,0,0,0
-0.1548,0.0571,1.0396,-0.9847,0.2748,1.1374,0,0,0
-0.1455,0.0515,1.0332,-1.6794,1.1832,1.3206,0,0,0
-0.1477,0.0505,1.0427,-1.916,1.6412,0.855,0,0,0
-0.1628,0.0542,1.0466,-2.2061,2.4275,0.4351,0,0,0
-0.1548,0.0518,1.0437,-3.3053,3.687,0.6107,0,0,0
-0.1543,0.05,1.0457,-3.9618,4.8855,0.7252,0,0,0
-0.1511,0.0408,1.052,-5.3969,5.8321,0.626,0,0,0
-0.1484,0.0442,1.0588,-6.6183,8.1145,0.7023,0,0,0
-0.1672,0.0393,1.0583,-8.8015,11.0458,0.0229,0,0,0
-0.1821,0.0227,1.0439,-11.1908,13.4275,1.0611,0,0,0
-0.1719,0.0166,1.0378,-13.0382,15.2595,2.5344,0,0,0
-0.1904,0.03,1.0322,-14.1756,16.8321,3.6183,0,0,0
-0.1868,0.0361,1.0112,-14.4809,17.2977,4.1221,0,0,0
-0.1802,0.0356,1.0061,-15.7557,17.3588,3.1679,0,0,0
-0.1799,0.0315,0.9966,-16.0305,16.9313,1.8397,0,0,0
-0.1917,0.0144,0.9951,-16.145,15.6794,0.4122,0,0,0
-0.2053,-0.0042,0.9961,-15.5191,14.9924,0.5573,0,0,0
-0.2102,-0.0142,0.9722,-16.0305,14.1145,2.313,0,0,0
-0.208,-0.0068,0.9656,-17.2519,12.9237,4.2519,0,0,0
-0.2104,0.0044,0.9536,-16.9542,11.0153,5.313,0,0,0
-0.2021,0.0054,0.9675,-16.9389,8.374,4.9008,0,0,0
-0.2017,0.012,0.9822,-15.9237,6.5038,4.1374,0,0,0
-0.1929,0.0117,0.9949,-16.1221,5.7252,3.4962,0,0,0
-0.1948,0.0105,1.0178,-17.6183,6.4198,3.5344,0,0,0
-0.198,0.0183,1.0305,-19.7328,8.8397,4.4046,0,0,0
-0.1921,0.0112,1.0269,-20.9466,10.8244,4.8702,0,0,0
-0.1917,0.0137,1.0242,-20.4809,12.0229,4.7405,0,0,0
-0.2007,0.0122,1.0271,-19.687,12.0458,3.7481,0,0,0
-0.2058,0.0164,1.0347,-19.1679,12.6336,3.4427,0,0,0
-0.2031,0.0112,1.0317,-19.855,14.2443,2.9695,0,0,0
-0.2046,0.0188,1.0198,-20.3969,16.0153,1.8321,0,0,0
-0.2085,0.0125,1.0056,-20.1679,17.0687,0.6794,0,0,0
-0.22,0.0002,0.9917,-18.7481,16.4351,-1.0763,0,0,0
-0.2205,-0.0129,0.9929,-16.855,14.1374,-2.3206,0,0,0
-0.229,-0.0369,1.0164,-15.0763,13.2061,-2.916,0,0,0
-0.2317,-0.0508,1.0266,-13.4122,13.313,-1.4122,0,0,0
-0.2339,-0.0457,1.0266,-13.4275,15.7099,0.4809,0,0,0
-0.23,-0.0244,1.012,-15.2214,17.9008,1.8092,0,0,0
-0.2356,-0.022,1.0042,-17.8397,19.5573,1.4962,0,0,0
-0.2407,-0.0286,0.9871,-19.0534,19.9084,-0.4504,0,0,0
-0.2444,-0.0347,0.978,-19.2214,19.5649,-1.6031,0,0,0
-0.2498,-0.0425,0.9866,-20.2748,17.9084,-1.8855,0,0,0
-0.2607,-0.0405,0.9958,-20.855,17.1908,-1.4427,0,0,0
-0.2649,-0.0605,1.0264,-22.6947,18.0076,-1.0763,0,0,0
-0.2654,-0.0781,1.0269,-22.626,19.7863,0.0458,0,0,0
-0.2705,-0.082,1.0151,-21.4504,20.9313,1.7023,0,0,0
-0.2793,-0.0759,1.0015,-18.5573,21.1985,2.9695,0,0,0
-0.2708,-0.0674,0.9817,-15.8626,20.1832,3.2748,0,0,0
-0.2705,-0.053,0.9666,-12.687,17.6794,2.771,0,0,0
-0.2698,-0.0527,0.969,-10.3893,15.6031,1.0229,0,0,0
-0.2788,-0.0496,0.9541,-8.4427,14.2672,-0.6794,0,0,0
-0.282,-0.0544,0.9485,-7.0,12.4046,-1.8168,0,0,0
-0.283,-0.0591,0.9375,-6.3588,10.2366,-2.7634,0,0,0
-0.2925,-0.083,0.9424,-5.458,7.6794,-3.3969,0,0,0
-0.3008,-0.0886,0.937,-4.458,5.3588,-3.0458,0,0,0
-0.302,-0.093,0.9512,-4.7481,3.5878,-1.9542,0,0,0
-0.3025,-0.093,0.9675,-5.6412,3.0153,-0.4427,0,0,0
-0.3,-0.0859,0.9717,-5.8855,3.4046,0.7557,0,0,0
-0.2947,-0.0879,0.9746,-6.3282,3.5267,1.1527,0,0,0
-0.2971,-0.0803,0.9844,-6.3588,4.0916,0.8473,0,0,0
-0.2915,-0.082,0.9937,-6.7405,4.6794,1.0,0,0,0
-0.2961,-0.0781,0.9873,-6.3359,5.6031,0.9389,0,0,0
-0.293,-0.0811,0.981,-6.0153,6.084,0.4504,0,0,0
-0.2952,-0.0801,0.9741,-5.3969,6.0153,-0.2748,0,0,0
-0.3093,-0.0916,0.9695,-4.9771,5.2519,-0.4351,0,0,0
-0.3171,-0.0903,0.9565,-4.0,4.2595,0.4427,0,0,0
-0.3101,-0.0891,0.9575,-2.9618,3.2137,0.687,0,0,0
-0.3008,-0.0764,0.9624,-2.3817,1.5573,1.1221,0,0,0
-0.2971,-0.0691,0.9614,-2.0076,0.5038,1.145,0,0,0
-0.2964,-0.0747,0.9783,-1.4656,-0.7634,-0.2137,0,0,0
-0.3049,-0.0769,0.9854,-1.3511,-0.4122,-1.3435,0,0,0
-0.313,-0.0906,0.9824,-1.1221,0.458,-0.9771,0,0,0
-0.3074,-0.0925,0.979,-0.9313,1.1603,0.3817,0,0,0
-0.3018,-0.0864,0.969,-1.9695,1.2672,1.7405,0,0,0
-0.3035,-0.0676,0.9639,-3.0534,1.0229,1.855,0,0,0
-0.3013,-0.0576,0.9783,-3.8321,0.2519,0.9313,0,0,0
-0.2957,-0.0649,0.9907,-4.6641,0.1679,-0.8702,0,0,0
-0.2981,-0.0837,1.0027,-3.8321,0.5725,-2.4046,0,0,0
-0.3135,-0.1055,0.9934,-2.4504,1.1374,-2.2137,0,0,0
-0.3218,-0.1213,0.9939,-1.9237,2.3588,-0.4504,0,0,0
-0.3235,-0.1194,0.9937,-1.9695,3.0153,2.2443,0,0,0
-0.3157,-0.1189,0.9753,-3.7099,3.4656,4.7252,0,0,0
-0.3066,-0.0969,0.979,-6.7786,3.9237,5.8092,0,0,0
-0.2988,-0.0806,0.9893,-9.9237,5.0534,5.9618,0,0,0
-0.303,-0.0818,1.0046,-13.4046,7.2901,5.4504,0,0,0
-0.3044,-0.0823,1.0159,-16.4427,9.7328,4.9847,0,0,0
-0.3062,-0.0823,1.0132,-18.4046,12.5725,4.1985,0,0,0
-0.3103,-0.0774,0.9858,-16.7405,14.5954,3.3893,0,0,0
-0.3115,-0.0754,0.9629,-15.145,13.7252,1.771,0,0,0
-0.3196,-0.0879,0.9639,-12.1832,11.2901,-0.229,0,0,0
-0.3271,-0.1108,0.9819,-8.0382,9.0229,-1.9847,0,0,0
-0.3376,-0.1223,0.9932,-3.3893,7.7405,-2.1832,0,0,0
-0.3369,-0.1399,0.9946,-0.1145,7.7863,-0.7023,0,0,0
-0.3401,-0.1448,0.9922,2.374,9.0229,1.458,0,0,0
-0.3479,-0.1299,0.9902,2.9771,9.9847,3.4427,0,0,0
-0.353,-0.114,0.9993,3.5344,11.3435,4.8092,0,0,0
-0.3394,-0.1067,1.0225,3.7939,12.8168,5.5802,0,0,0
-0.3311,-0.1006,1.0601,4.0076,16.1985,5.5573,0,0,0
-0.3293,-0.0862,1.0598,3.6107,20.771,4.8092,0,0,0
-0.3364,-0.0789,1.0535,1.4962,27.374,3.9542,0,0,0
-0.3591,-0.0898,1.032,-1.2977,34.3206,3.4351,0,0,0
-0.3442,-0.0918,0.9993,-5.1908,37.6489,3.8397,0,0,0
-0.354,-0.0872,0.9661,-8.8931,40.6565,3.7634,0,0,0
-0.3625,-0.0835,0.9172,-11.6412,39.145,3.7634,0,0,0
-0.3677,-0.0876,0.9038,-14.2137,35.9389,2.8626,0,0,0
-0.3813,-0.104,0.9055,-15.5725,32.3282,1.8321,0,0,0
-0.4038,-0.114,0.9272,-15.6031,29.2137,1.8168,0,0,0
-0.4082,-0.1301,0.9404,-13.8779,28.0534,2.6718,0,0,0
-0.4109,-0.1399,0.9578,-12.1145,28.7786,4.9924,0,0,0
-0.4043,-0.1257,0.9578,-10.0763,31.2137,7.7176,0,0,0
-0.4036,-0.0959,0.9182,-6.8321,32.9695,8.626,0,0,0
-0.3992,-0.071,0.8806,-6.916,31.5114,6.687,0,0,0
-0.4031,-0.0696,0.8591,-5.1679,27.0076,3.8626,0,0,0
-0.408,-0.0667,0.8489,-3.3969,22.0382,0.9466,0,0,0
-0.4128,-0.0854,0.854,-4.8015,17.3893,-1.0153,0,0,0
-0.439,-0.095,0.9092,-7.3282,15.5191,-1.7481,0,0,0
-0.4424,-0.1152,0.9453,-9.4275,18.084,-0.5878,0,0,0
-0.4358,-0.1223,0.9285,-10.1069,21.8626,1.8015,0,0,0
-0.4348,-0.0991,0.8894,-9.9771,22.8779,3.3359,0,0,0
-0.4302,-0.0833,0.8604,-8.9618,21.0382,3.0076,0,0,0
-0.4329,-0.0842,0.8474,-7.8397,16.6565,0.4656,0,0,0
-0.4326,-0.0942,0.8547,-6.5802,11.5802,-0.9008,0,0,0
-0.446,-0.1094,0.8762,-3.4275,7.2977,-1.6031,0,0,0
-0.4531,-0.1182,0.876,-3.2519,5.084,-1.855,0,0,0
-0.459,-0.1133,0.8804,-0.3817,3.5191,-0.9695,0,0,0
-0.4482,-0.1023,0.8684,0.2672,2.0763,-0.9084,0,0,0
-0.4509,-0.0925,0.8708,0.2748,0.9618,-1.3511,0,0,0
-0.4519,-0.0999,0.8782,-0.5344,-0.2748,-2.4046,0,0,0
-0.4563,-0.1116,0.8911,-1.4656,-1.0458,-3.2672,0,0,0
-0.4639,-0.1182,0.9128,-2.8244,-0.2977,-2.771,0,0,0
-0.46,-0.1301,0.9185,-2.1756,1.4122,-1.1298,0,0,0
-0.458,-0.1348,0.9175,-1.8168,2.1756,0.2748,0,0,0
-0.4573,-0.1313,0.9077,-1.7557,1.9542,1.084,0,0,0
-0.468,-0.1194,0.9062,-1.3206,1.1985,0.8779,0,0,0
-0.4619,-0.1248,0.8982,-1.1908,0.3817,1.0763,0,0,0
-0.4592,-0.1248,0.9016,-1.7939,-0.2748,1.0382,0,0,0
-0.468,-0.1216,0.9099,-2.5115,-0.4198,1.2214,0,0,0
-0.4573,-0.0728,0.9131,-2.1679,-0.4275,1.8168,0,0,0
-0.4009,-0.0942,0.791,-1.4733,-6.3435,2.3893,0,0,0
-0.4814,-0.0554,0.9009,-4.855,-10.3206,-0.9008,0,0,0
-0.437,-0.104,0.9458,-3.1374,-6.5573,-4.1145,0,0,0
-0.4368,-0.1296,0.969,-5.7023,-1.3588,-4.3282,1,0,0
-0.4661,-0.1318,0.9355,-3.9924,1.2595,-2.1603,1,0,0
-0.4749,-0.1252,0.9316,-3.9466,2.3282,-0.3817,1,0,0
-0.4736,-0.1133,0.9402,-3.5573,3.3359,-0.0076,1,0,0
-0.4783,-0.1135,0.9468,-2.2672,4.2595,-0.4733,1,0,0
-0.4727,-0.1272,0.9412,-1.0916,5.1679,0.0458,1,0,0
-0.4512,-0.1294,0.9453,-0.9313,6.0458,1.1374,1,0,0
-0.4514,-0.1194,0.908,-0.5878,5.5573,0.9618,1,0,0
-0.4661,-0.1165,0.9067,-0.1832,3.1298,1.9389,1,0,0
-0.4717,-0.1128,0.8901,-0.8321,3.2137,-0.2748,1,0,0
-0.458,-0.1201,0.926,-1.8626,3.3969,-1.229,1,0,0
-0.4595,-0.126,0.8997,-1.3588,4.3511,-0.687,1,0,0
-0.4646,-0.127,0.8992,-1.4046,3.4504,-0.7405,1,0,0
-0.4727,-0.1267,0.8909,-1.2519,3.2137,0.084,1,0,0
-0.4724,-0.1277,0.8813,-0.8931,2.9237,0.9466,0,0,0
-0.4653,-0.1274,0.8848,-1.8779,1.8092,1.8397,0,0,0
-0.4668,-0.1123,0.8982,-1.2366,1.1221,1.916,0,0,0
-0.4644,-0.0994,0.8879,-0.4198,0.9084,1.542,0,0,0
-0.4563,-0.0879,0.8945,-0.2214,1.1145,0.5496,0,0,0
-0.4619,-0.0859,0.8821,-0.626,0.7176,-1.3893,0,0,0
-0.46,-0.1047,0.8823,-0.2214,-0.7328,-2.4351,0,0,0
-0.4656,-0.1157,0.8867,0.3588,-2.5191,-2.4656,0,0,0
-0.46,-0.1104,0.9043,0.4809,-3.2366,-1.8702,0,0,0
-0.4617,-0.1118,0.9146,-0.6947,-1.6107,-1.1374,0,0,0
-0.4524,-0.1118,0.9294,-1.5191,0.5954,-0.2595,0,0,0
-0.4507,-0.1016,0.9128,-2.5496,1.6641,0.0916,0,0,0
-0.4519,-0.0894,0.9021,-3.3359,1.4656,-1.1603,0,0,0
-0.4568,-0.0938,0.9114,-2.8626,0.9389,-2.9695,0,0,0
-0.4578,-0.1038,0.9038,-3.0076,1.1908,-4.1374,0,0,0
-0.4624,-0.1104,0.9011,-3.1985,1.9237,-4.1832,0,0,0
-0.4631,-0.1104,0.8945,-2.8244,1.916,-4.2366,0,0,0
-0.4675,-0.1079,0.8894,-1.8244,1.2214,-4.1756,0,0,0
-0.4705,-0.1052,0.8738,-1.1069,-0.2748,-5.0382,0,0,0
-0.4651,-0.1143,0.8838,0.0305,-1.7634,-5.8931,0,0,0
-0.4683,-0.1252,0.8884,1.1756,-3.3893,-6.084,0,0,0
-0.4795,-0.1416,0.906,1.2519,-3.9542,-5.3969,0,0,0
-0.4761,-0.1372,0.9126,1.0916,-3.3969,-3.7557,0,0,0
-0.4705,-0.1345,0.9163,-0.6183,-2.1603,-2.1603,0,0,0
-0.4692,-0.1243,0.9275,-1.4198,-0.7557,-1.4962,0,0,0
-0.4712,-0.1177,0.9246,-1.542,0.3359,-2.2061,0,0,0
-0.4697,-0.1331,0.9126,-0.5802,0.313,-2.2137,0,0,0
-0.4773,-0.1462,0.9148,0.5344,-0.6107,-1.5573,0,0,0
-0.4878,-0.1433,0.9231,0.1374,-0.687,-0.3511,0,0,0
-0.48,-0.1504,0.9417,-1.9695,1.3206,1.4046,0,0,0
-0.4812,-0.165,0.9622,-4.3664,3.6565,3.084,0,0,0
-0.4883,-0.1616,0.9617,-5.1298,6.3817,5.0916,0,0,0
-0.4814,-0.155,0.9595,-4.5191,8.9084,7.5649,0,0,0
-0.47,-0.1289,0.9578,-2.7099,11.458,8.5954,0,0,0
-0.4646,-0.1025,0.9302,-0.4656,13.0458,7.9695,0,0,0
-0.4651,-0.0801,0.9026,1.2595,12.7176,5.5878,0,0,0
-0.4644,-0.0837,0.9011,0.8473,11.916,2.9313,0,0,0
-0.4797,-0.1011,0.9517,-1.8092,12.7328,0.8015,0,0,0
-0.4851,-0.127,0.9839,-4.3664,19.1221,1.4046,0,0,0
-0.4797,-0.1313,0.9609,-6.374,25.3969,3.7557,0,0,0
-0.4822,-0.1145,0.9072,-7.8931,29.229,6.0153,0,0,0
-0.4822,-0.0793,0.8682,-10.8244,29.3053,4.6794,0,0,0
-0.4788,-0.092,0.8472,-14.9084,28.0458,2.229,0,0,0
-0.5125,-0.1094,0.8633,-19.6031,27.3893,1.5191,0,0,0
-0.5156,-0.1724,0.8926,-23.916,27.4504,2.2901,0,0,0
-0.5425,-0.1938,0.9175,-26.0916,30.3817,6.9313,0,0,0
-0.5356,-0.1829,0.9131,-25.2061,33.0,12.9695,0,0,0
-0.5239,-0.1292,0.9009,-23.3893,35.3664,16.9389,0,0,0
-0.5171,-0.0667,0.876,-24.4733,36.2901,14.3206,0,0,0
-0.5244,-0.0684,0.9033,-24.3206,38.5191,8.3359,0,0,0
-0.5178,-0.0906,0.8657,-16.9313,38.8168,4.2366,0,0,0
-0.5203,-0.0947,0.8052,-14.0763,35.9924,0.9008,0,0,0
-0.5378,-0.0881,0.783,-11.0382,31.4351,-1.9618,0,0,0
-0.5364,-0.1038,0.7871,-9.2977,27.8473,-4.5496,0,0,0
-0.5447,-0.1226,0.8325,-11.3969,28.0229,-4.7252,0,0,0
-0.5593,-0.1172,0.7969,-15.3053,28.1756,-3.7786,0,0,0
-0.5659,-0.1404,0.7966,-21.7786,25.374,-1.3435,0,0,0
-0.5576,-0.136,0.8159,-23.4809,24.374,0.4122,0,0,0
-0.5649,-0.1035,0.7969,-22.2061,22.2137,-0.1069,0,0,0
-0.5657,-0.0933,0.7903,-21.9389,19.5191,-3.1298,0,0,0
-0.5681,-0.1021,0.7988,-21.1298,17.2824,-6.1527,0,0,0
-0.5815,-0.1257,0.8447,-19.9771,17.4656,-8.313,0,0,0
-0.5791,-0.1462,0.8582,-16.9008,20.1679,-8.145,0,0,0
-0.5767,-0.156,0.8286,-13.7405,22.2595,-6.9313,0,0,0
-0.582,-0.1399,0.8088,-10.8092,21.8626,-7.2214,0,0,0
-0.584,-0.144,0.7742,-8.084,19.5344,-9.4962,0,0,0
-0.6011,-0.1731,0.7605,-6.3435,15.3664,-11.0534,0,0,0
-0.6123,-0.2041,0.7629,-5.374,11.916,-10.8473,0,0,0
-0.616,-0.2192,0.7625,-4.2824,9.8626,-8.1603,0,0,0
-0.6267,-0.2158,0.7666,-4.229,8.6107,-5.458,0,0,0
-0.6169,-0.2068,0.7566,-4.5649,7.5649,-3.0992,0,0,0
-0.6165,-0.2002,0.7493,-5.2748,6.145,-2.5267,0,0,0
-0.6169,-0.1956,0.7507,-5.6489,3.6031,-2.6031,0,0,0
-0.6169,-0.2041,0.772,-5.4351,1.5496,-2.6565,0,0,0
-0.4924,-0.146,0.6599,-5.2061,-3.6794,-2.0153,0,0,0
-0.6475,-0.1008,0.7844,-8.5038,-5.4351,-7.6565,0,0,0
-0.6033,-0.2051,0.8398,-8.3664,-0.4885,-9.7176,0,0,0
-0.5913,-0.2246,0.8726,-10.5725,7.2214,-4.8168,0,0,0
-0.6387,-0.2271,0.8508,-8.2977,12.4046,-1.5191,1,0,0
-0.6477,-0.2271,0.7754,-6.7557,10.0992,1.145,1,0,0
-0.6328,-0.21,0.7698,-6.0382,5.9466,1.084,1,0,0
-0.6445,-0.2292,0.7573,-3.771,1.6183,0.3282,1,0,0
-0.6558,-0.2263,0.7427,-0.8321,-3.4885,1.2977,1,0,0
-0.6245,-0.2278,0.7632,0.7786,-7.8473,3.2901,1,0,0
-0.6216,-0.21,0.8098,1.7557,-7.1603,4.4046,1,0,0
-0.6182,-0.1897,0.834,1.9237,-4.145,3.9389,1,0,0
-0.6028,-0.1731,0.8477,0.6031,-1.0458,1.8321,1,0,0
-0.5938,-0.1877,0.8193,-0.6489,2.0916,0.0382,1,0,0
-0.6084,-0.1968,0.801,-1.5649,3.084,0.1908,1,0,0
-0.6206,-0.1973,0.7795,-2.5267,2.9466,0.7328,1,0,0
-0.6216,-0.2087,0.7759,-2.8626,2.1221,1.9924,0,0,0
-0.6255,-0.1938,0.7881,-1.6641,1.6489,2.8321,0,0,0
-0.6172,-0.1912,0.7661,-1.9389,1.1069,3.542,0,0,0
-0.613,-0.1692,0.7761,-2.2672,-0.0458,3.7634,0,0,0
-0.6155,-0.1587,0.7754,-2.6794,-0.5954,2.7863,0,0,0
-0.6069,-0.1565,0.7827,-1.9847,-0.8397,1.7481,0,0,0
-0.6077,-0.1743,0.8035,-2.7023,-0.6489,0.7481,0,0,0
-0.6116,-0.1802,0.8059,-2.1527,0.5496,0.542,0,0,0
-0.6101,-0.1816,0.8013,-1.4504,1.1527,1.2061,0,0,0
-0.614,-0.1733,0.7856,-1.2061,0.916,1.3053,0,0,0
-0.614,-0.1741,0.7732,-0.8092,-0.1756,1.0076,0,0,0
-0.6101,-0.1792,0.7634,-1.3053,-1.5649,1.0,0,0,0
-0.6089,-0.179,0.7686,-1.3893,-2.6947,1.3588,0,0,0
-0.5994,-0.1638,0.7842,-2.229,-3.145,1.5954,0,0,0
-0.5928,-0.1638,0.8037,-3.0534,-2.6031,0.5115,0,0,0
-0.603,-0.1531,0.8025,-2.8397,-1.5573,-1.1298,0,0,0
-0.6028,-0.1526,0.7778,-2.5496,-1.3893,-2.7252,0,0,0
-0.604,-0.1697,0.7791,-1.6031,-2.2901,-3.9008,0,0,0
-0.6174,-0.1824,0.792,0.3969,-3.4656,-4.1527,0,0,0
-0.6187,-0.1863,0.7935,2.0076,-4.1145,-3.4656,0,0,0
-0.6086,-0.1868,0.7871,3.2672,-4.1145,-2.5191,0,0,0
-0.6133,-0.1836,0.7776,4.5573,-5.6107,-2.6718,0,0,0
-0.6121,-0.1821,0.7693,6.0076,-8.0534,-2.4198,0,0,0
-0.6084,-0.1785,0.7637,7.2443,-11.2901,-2.1603,0,0,0
-0.6023,-0.1746,0.7607,9.9084,-13.9237,-2.1145,0,0,0
-0.5972,-0.1704,0.76,13.3664,-17.6489,-2.145,0,0,0
-0.6013,-0.1624,0.7793,17.626,-20.7328,-2.5649,0,0,0
-0.6008,-0.1562,0.7754,22.5573,-23.3893,-3.5038,0,0,0
-0.5989,-0.1509,0.7815,27.0992,-26.2061,-4.9313,0,0,0
-0.5925,-0.1677,0.7642,31.5878,-29.1603,-6.0992,0,0,0
-0.5986,-0.1807,0.7593,36.1527,-33.5267,-5.145,0,0,0
-0.5994,-0.1855,0.7729,39.3359,-37.229,-4.5954,0,0,0
-0.5935,-0.1853,0.7783,43.6794,-40.3588,-2.7939,0,0,0
-0.5884,-0.1824,0.7817,45.9084,-43.8168,-1.0382,0,0,0
-0.5835,-0.1748,0.8018,46.687,-46.4656,0.1069,0,0,0
-0.575,-0.1724,0.8198,47.2977,-48.1756,1.2824,0,0,0
-0.5623,-0.1555,0.843,47.626,-49.1145,2.1908,0,0,0
-0.5464,-0.1462,0.8555,48.3359,-48.6336,3.8321,0,0,0
-0.5403,-0.1377,0.874,48.6947,-46.7023,4.4656,0,0,0
-0.5205,-0.0713,0.9158,44.2672,-40.6641,1.7634,0,0,0
-0.51,-0.0867,0.8899,40.3282,-36.2519,-0.3435,0,0,0
-0.5208,-0.1091,0.8723,37.1679,-35.6718,0.229,0,0,0
-0.5176,-0.094,0.8923,33.4198,-35.2214,1.0458,0,0,0
-0.5073,-0.0886,0.9048,29.7252,-33.7863,1.7634,0,0,0
-0.4944,-0.0879,0.9067,26.8931,-31.4885,2.4198,0,0,0
-0.4851,-0.0938,0.9036,25.2137,-29.8855,4.1069,0,0,0
-0.4878,-0.0684,0.8943,23.6183,-29.6489,4.855,0,0,0
-0.49,-0.0598,0.8962,24.8168,-30.1832,4.8321,0,0,0
-0.4839,-0.0574,0.907,26.7786,-31.3053,4.9313,0,0,0
-0.4802,-0.0469,0.9143,29.4962,-32.5802,5.4656,0,0,0
-0.4724,-0.0273,0.9263,31.7481,-32.3664,5.6412,0,0,0
-0.4656,-0.01,0.9329,33.7252,-30.9847,5.9313,0,0,0
-0.4568,0.0017,0.9314,36.4885,-29.5649,5.4198,0,0,0
-0.4495,0.0112,0.9167,39.4046,-29.9237,4.2824,0,0,0
-0.4358,0.0183,0.9006,42.7863,-31.8931,3.1832,0,0,0
-0.4272,0.0364,0.8965,44.7786,-34.2824,2.1145,0,0,0
-0.4258,0.0491,0.8948,45.0687,-36.1374,0.8168,0,0,0
-0.4189,0.0667,0.897,44.145,-37.5267,-0.0992,0,0,0
-0.4114,0.0806,0.9116,42.0916,-37.9466,-1.5038,0,0,0
-0.4006,0.0847,0.9338,40.7786,-36.3359,-2.6489,0,0,0
-0.3872,0.0911,0.9324,39.9313,-34.5496,-3.8855,0,0,0
-0.3787,0.0889,0.9207,38.8397,-33.3893,-5.0611,0,0,0
-0.3718,0.0928,0.9255,36.1221,-33.3053,-6.3282,0,0,0
-0.3645,0.0999,0.9304,31.771,-33.3359,-7.5954,0,0,0
-0.3716,0.0886,0.9417,26.1298,-32.5191,-7.8626,0,0,0
-0.3782,0.0891,0.9597,21.1756,-30.0305,-7.8702,0,0,0
-0.3733,0.0713,0.9697,15.626,-27.4046,-7.1603,0,0,0
-0.373,0.0513,0.9829,12.4504,-24.6718,-4.5878,0,0,0
-0.3691,0.0659,0.9653,11.8092,-21.8244,-2.0382,0,0,0
-0.3589,0.0752,0.9519,11.3282,-21.0534,-0.6107,0,0,0
-0.3557,0.0991,0.9431,10.4198,-21.8015,-1.084,0,0,0
-0.3535,0.104,0.9373,10.1527,-23.0305,-2.3511,0,0,0
-0.3516,0.1038,0.9397,11.5496,-24.8168,-4.0763,0,0,0
-0.3513,0.0962,0.9258,14.8779,-27.5725,-5.3969,0,0,0
-0.3489,0.0869,0.9314,17.2061,-30.5114,-5.9389,0,0,0
-0.345,0.0662,0.9307,19.6641,-33.084,-5.1221,0,0,0
-0.3367,0.0483,0.9316,21.2977,-35.8397,-3.3817,0,0,0
-0.3325,0.0647,0.9307,21.7481,-38.1069,-1.3664,0,0,0
-0.3376,0.0845,0.9307,21.8473,-40.5573,0.0916,0,0,0
-0.3313,0.1116,0.915,20.4046,-42.8015,1.145,0,0,0
-0.3103,0.1255,0.9119,19.9771,-44.8855,1.4427,0,0,0
-0.3013,0.1404,0.9148,19.3359,-46.0229,0.5649,0,0,0
-0.291,0.1536,0.9102,19.458,-48.084,-0.6947,0,0,0
-0.2715,0.1443,0.8967,18.916,-51.9008,-1.9924,0,0,0
-0.2515,0.1284,0.9058,19.1756,-56.6718,-2.8626,0,0,0
-0.2505,0.123,0.9324,18.7252,-60.3969,-4.1145,0,0,0
-0.2476,0.1262,0.9719,15.2061,-62.2366,-3.8168,0,0,0
-0.2429,0.1372,0.9934,9.6336,-60.9924,-3.5878,0,0,0
-0.217,0.1384,1.0261,7.5267,-57.6336,-2.0229,0,0,0
-0.1992,0.1577,1.0457,3.374,-51.5191,-1.7786,0,0,0
-0.1746,0.1565,1.04,-1.3893,-45.7557,-2.542,0,0,0
-0.1807,0.1516,1.0471,-4.8397,-43.1832,-3.7481,0,0,0
-0.1904,0.1426,1.0505,-7.6641,-40.7786,-5.6107,0,0,0
-0.1973,0.1201,1.0574,-9.9847,-38.5267,-5.2061,0,0,0
-0.1948,0.1123,1.0798,-12.9084,-34.7939,-3.2366,0,0,0
-0.1833,0.1001,1.0845,-14.6107,-30.2595,0.542,0,0,0
-0.1621,0.1177,1.0815,-14.1603,-25.8473,3.5267,0,0,0
-0.1436,0.1416,1.0674,-12.4275,-22.542,4.3435,0,0,0
-0.1367,0.1631,1.0566,-10.4275,-20.771,2.4809,0,0,0
-0.1299,0.176,1.0391,-7.626,-20.4656,-0.5191,0,0,0
-0.1187,0.1807,1.033,-5.9542,-20.4046,-4.0687,0,0,0
-0.1155,0.168,1.0193,-4.4198,-21.0916,-7.3359,0,0,0
-0.1165,0.1633,1.0178,-3.2672,-22.5496,-9.542,0,0,0
-0.1218,0.1499,1.0212,-2.8626,-23.8855,-11.4733,0,0,0
-0.1206,0.157,1.0132,-3.1145,-24.9313,-12.2748,0,0,0
-0.1252,0.1436,1.0215,-3.8015,-23.8473,-12.7252,0,0,0
-0.1108,0.146,1.0059,-4.0916,-23.6107,-12.4046,0,0,0
-0.1157,0.1533,0.9983,-5.9237,-23.2519,-13.0305,0,0,0
-0.106,0.1409,1.0015,-9.1908,-23.7481,-14.7176,0,0,0
-0.116,0.1248,1.0115,-11.5038,-23.7481,-16.1603,0,0,0
-0.1208,0.1055,1.0417,-12.9237,-22.3969,-16.5649,0,0,0
-0.1182,0.084,1.0554,-13.6031,-19.9695,-14.6336,0,0,0
-0.1125,0.0769,1.0686,-13.3969,-17.5649,-12.0305,0,0,0
-0.1069,0.085,1.0615,-12.0382,-14.4198,-9.7099,0,0,0
-0.1055,0.0845,1.0647,-10.687,-12.2061,-8.9237,0,0,0
-0.1057,0.0884,1.0544,-9.0305,-11.1679,-8.8168,0,0,0
-0.1018,0.0779,1.0417,-6.458,-10.7405,-8.5649,0,0,0
-0.0945,0.0815,1.0474,-4.2672,-10.8626,-8.2137,0,0,0
-0.092,0.0842,1.0525,-3.229,-11.0458,-8.1756,0,0,0
-0.095,0.085,1.053,-2.4122,-9.9695,-8.313,0,0,0
-0.0957,0.0806,1.063,-2.6412,-8.1985,-8.4122,0,0,0
-0.0974,0.0696,1.0647,-3.0992,-5.9924,-7.8244,0,0,0
-0.0928,0.0557,1.0447,-3.458,-4.2366,-6.2672,0,0,0
-0.0874,0.0522,1.0408,-2.5649,-3.2061,-3.7176,0,0,0
-0.0974,0.0725,1.0271,-2.4656,-2.7786,-2.0611,0,0,0
-0.1025,0.085,1.0151,-2.2366,-3.7405,-2.2214,0,0,0
-0.0984,0.0796,1.0137,-1.9695,-4.9466,-1.9466,0,0,0
-0.0974,0.0818,1.0166,-1.4733,-6.1069,-1.6947,0,0,0
-0.0989,0.0962,1.0264,-2.3588,-6.0534,-1.5115,0,0,0
-0.0881,0.0886,1.0337,-3.0076,-5.7557,-1.0534,0,0,0
-0.0933,0.0911,1.0574,-3.6183,-4.9847,-1.2519,0,0,0
-0.0908,0.0896,1.0476,-4.0916,-3.8015,-1.2748,0,0,0
-0.0898,0.0898,1.0586,-4.6794,-2.5878,-1.1908,0,0,0
-0.0911,0.0859,1.0574,-5.0458,-1.2977,-0.8702,0,0,0
-0.0913,0.0803,1.0486,-4.8092,-0.2137,-0.2901,0,0,0
-0.093,0.0898,1.0376,-3.8702,0.2519,0.145,0,0,0
-0.0896,0.0862,1.0281,-3.6412,0.4656,0.2977,0,0,0
-0.0791,0.0889,1.0195,-3.2748,0.0458,0.374,0,0,0
-0.0686,0.0969,1.0247,-3.3893,-0.1527,-0.4733,0,0,0
-0.0735,0.0925,1.021,-3.6641,-0.1985,-1.2824,0,0,0
-0.0784,0.0945,1.0176,-3.9542,0.4046,-1.6183,0,0,0
-0.0779,0.0938,1.0103,-3.6565,1.0229,-1.8092,0,0,0
-0.0811,0.0928,1.0005,-4.0763,0.5725,-1.9008,0,0,0
-0.0798,0.0884,0.9907,-4.0,-0.5267,-1.9542,0,0,0
-0.0886,0.0825,0.9805,-3.4351,-2.1221,-1.9237,0,0,0
-0.0852,0.075,0.9956,-3.0611,-3.7481,-1.7099,0,0,0
-0.0833,0.0674,1.0063,-1.9618,-4.4351,-0.8397,0,0,0
-0.083,0.0684,1.0144,-1.9771,-4.6183,0.5725,0,0,0
-0.0771,0.0757,1.0166,-2.3053,-4.0076,1.8168,0,0,0
-0.0803,0.0823,1.0261,-2.7786,-4.1069,2.313,0,0,0
-0.0776,0.0979,1.0295,-3.1908,-3.2214,1.9618,0,0,0
-0.074,0.0889,1.0146,-4.3969,-3.0992,2.084,0,0,0
-0.073,0.1021,1.031,-4.8092,-3.3511,1.4275,0,0,0
-0.0747,0.0996,1.0283,-4.8626,-2.1679,0.0687,0,0,0
-0.0706,0.0881,1.0322,-5.3435,-1.9924,-0.5649,0,0,0
-0.0767,0.0715,1.0288,-4.7939,-2.5115,-0.0382,0,0,0
-0.0798,0.0747,1.0442,-3.5191,-3.0458,0.6412,0,0,0
-0.0837,0.0813,1.0513,-2.5267,-2.9237,0.9542,0,0,0
-0.0774,0.0808,1.0532,-2.1374,-2.5344,1.4046,0,0,0
-0.0752,0.0784,1.0483,-1.542,-2.1298,1.8626,0,0,0
-0.073,0.0901,1.0454,-1.8092,-2.0305,2.6489,0,0,0
-0.0696,0.1025,1.0562,-2.4046,-0.7557,1.7328,0,0,0
-0.0679,0.1018,1.0474,-2.8702,0.4275,0.8779,0,0,0
-0.0681,0.1008,1.043,-3.5649,0.6794,0.313,0,0,0
-0.0679,0.1016,1.0415,-3.4427,0.8855,-0.1908,0,0,0
-0.0747,0.0894,1.0444,-2.7099,0.916,-1.1145,0,0,0
-0.0728,0.0837,1.0439,-2.3969,1.4046,-0.7405,0,0,0
-0.0779,0.0898,1.0413,-2.2137,1.8321,-0.3282,0,0,0
-0.0735,0.095,1.0352,-2.3435,2.687,-0.5725,0,0,0
-0.0745,0.0806,1.0278,-2.7786,3.0153,-0.7634,0,0,0
-0.0754,0.085,1.0283,-2.7099,3.1679,-0.5649,0,0,0
-0.0806,0.0869,1.0142,-2.7557,3.5115,-0.8397,0,0,0
-0.0791,0.083,1.0088,-3.855,3.6412,-0.1603,0,0,0
-0.0801,0.0796,1.0015,-4.1679,2.6565,-0.1679,0,0,0
-0.0779,0.0786,1.0029,-3.3817,1.1832,-0.1145,0,0,0
-0.0801,0.0859,1.0195,-2.4122,0.0916,-0.4733,0,0,0
-0.0784,0.095,1.0193,-1.9847,0.4198,-0.5115,0,0,0
-0.0737,0.0886,1.0215,-2.3435,1.0153,-0.4656,0,0,0
-0.0762,0.0901,1.0105,-2.458,1.1527,-0.6947,0,0,0
-0.0754,0.0833,1.0095,-2.5267,1.0458,-1.084,0,0,0
-0.0801,0.0847,1.0093,-1.916,0.4504,-0.8626,0,0,0
-0.085,0.0801,1.0134,-2.0534,-0.0153,-0.6794,0,0,0
-0.0828,0.0779,1.011,-1.7863,-0.7939,-0.7099,0,0,0
-0.0828,0.084,1.0188,-1.7252,-1.0992,-0.7863,0,0,0
-0.0852,0.0823,1.0247,-1.9237,-1.1985,-0.6412,0,0,0
-0.0859,0.0813,1.0203,-1.6489,-0.6947,-0.5725,0,0,0
-0.0789,0.0737,1.0229,-1.6183,-0.6183,-0.5267,0,0,0
-0.0833,0.0886,1.0203,-1.3511,-0.7863,-0.3359,0,0,0
-0.0793,0.0896,1.0239,-1.5191,-0.7023,-0.2061,0,0,0
-0.0833,0.0889,1.0237,-1.8473,-0.7099,-0.0458,0,0,0
-0.0818,0.0889,1.0298,-2.2977,-0.7863,-0.7099,0,0,0
-0.0845,0.0813,1.0381,-2.0229,-0.8321,-0.7099,0,0,0
-0.0876,0.0847,1.0283,-1.7634,-0.6641,-0.4809,0,0,0
-0.0837,0.0854,1.0286,-1.8244,-0.3817,-0.3893,0,0,0
-0.0845,0.0918,1.0281,-2.1374,0.1298,-0.9313,0,0,0
-0.0793,0.0852,1.0225,-1.687,0.084,-1.0534,0,0,0
-0.0767,0.0759,1.0205,-0.6641,-0.9542,-1.3588,0,0,0
-0.0789,0.0852,1.0383,-0.8473,-1.2748,-1.2595,0,0,0
-0.0781,0.0876,1.0413,-1.7099,0.0458,-1.3817,0,0,0
-0.0813,0.0864,1.0449,-2.9008,0.8473,-1.7863,0,0,0
-0.0828,0.0776,1.0271,-2.771,1.3969,-1.5725,0,0,0
-0.0818,0.0791,1.0227,-2.626,1.1985,-1.5038,0,0,0
-0.0889,0.0715,1.0217,-2.3817,0.9695,-1.1832,0,0,0
-0.0786,0.0793,1.0229,-1.9618,0.9695,-0.6336,0,0,0
-0.0852,0.0881,1.022,-2.0687,0.7939,-0.3969,0,0,0
-0.0811,0.0901,1.0237,-1.9313,0.4504,-0.8168,0,0,0
-0.0837,0.0835,1.0173,-1.5038,0.2061,-1.2061,0,0,0
-0.0845,0.0808,1.0264,-0.9542,-0.0076,-1.626,0,0,0
-0.0835,0.0798,1.03,-1.2519,0.2824,-1.6947,0,0,0
-0.0793,0.073,1.0308,-1.3969,1.1374,-1.2748,0,0,0
-0.0869,0.0798,1.0149,-1.4351,1.2901,-1.0534,0,0,0
-0.0906,0.0793,1.009,-1.3435,0.9618,-1.1756,0,0,0
-0.0894,0.0791,1.0027,-1.1985,0.4504,-1.1527,0,0,0
-0.0847,0.0776,1.0007,-1.6107,-0.229,-0.9313,0,0,0
-0.0886,0.0779,1.0103,-1.1527,-0.5878,-0.9084,0,0,0
-0.0801,0.0747,1.0137,-1.2366,-1.1908,-0.374,0,0,0
-0.0903,0.0791,1.021,-1.5725,-1.2901,-0.0916,0,0,0
-0.0857,0.0754,1.0334,-1.9313,-1.1985,0.1832,0,0,0
-0.0835,0.0837,1.0293,-2.0305,-0.9313,0.626,0,0,0
-0.0889,0.0945,1.0339,-1.5878,-0.3893,0.5115,0,0,0
-0.0789,0.0916,1.033,-2.0763,0.0229,0.2977,0,0,0
-0.0762,0.0933,1.0339,-2.7939,0.1908,-0.3511,0,0,0
-0.0793,0.1021,1.0342,-2.8397,0.3282,-1.458,0,0,0
-0.0825,0.085,1.0217,-3.6565,1.4504,-1.7481,0,0,0
-0.0898,0.0869,1.0281,-2.8244,0.8702,-2.2214,0,0,0
-0.0938,0.0754,1.0232,-1.9237,0.5267,-2.6183,0,0,0
-0.0908,0.0674,1.0269,-1.0305,-0.1298,-1.6031,0,0,0
-0.0911,0.0693,1.0237,-0.5725,-0.1069,-0.2366,0,0,0
-0.0911,0.0791,1.0266,-0.7863,0.0305,-0.2214,0,0,0
-0.0862,0.0833,1.0256,-1.3435,0.0382,-0.0076,0,0,0
-0.0847,0.0845,1.0208,-1.4046,0.229,-0.0992,0,0,0
-0.0872,0.093,1.0308,-2.1145,0.458,-0.855,0,0,0
-0.0837,0.0886,1.0244,-2.3435,0.9847,-1.3053,0,0,0
-0.0837,0.0869,1.0217,-2.084,1.229,-1.1832,0,0,0
-0.0881,0.082,1.0166,-1.8779,1.0687,-1.3969,0,0,0
-0.0881,0.0793,1.0159,-2.2137,1.1069,-1.3817,0,0,0
-0.0901,0.0706,1.0225,-2.1603,0.626,-1.0305,0,0,0
-0.085,0.0735,1.0154,-2.0611,0.6412,-0.6489,0,0,0
-0.0918,0.0784,1.0107,-1.6489,-0.1908,-0.4885,0,0,0
-0.092,0.0835,1.0217,-1.7786,-0.3053,-0.2366,0,0,0
-0.0913,0.0779,1.0164,-2.084,-0.5954,-0.1298,0,0,0
-0.093,0.0854,1.0222,-1.687,-0.7099,0.084,0,0,0
-0.0911,0.0884,1.0317,-1.8244,-0.4275,0.3206,0,0,0
-0.0876,0.0867,1.0298,-2.5802,-0.0916,-0.1069,0,0,0
-0.0874,0.0847,1.0215,-2.3053,-0.3206,-0.1908,0,0,0
-0.0889,0.0903,1.0291,-2.1527,-0.6412,-0.9237,0,0,0
-0.0913,0.0842,1.0237,-1.916,-0.4504,-1.4656,0,0,0
-0.0901,0.0862,1.0261,-2.084,-0.1221,-1.6183,0,0,0
-0.0906,0.0747,1.0225,-2.2519,-0.1756,-1.5191,0,0,0
-0.0903,0.0652,1.019,-1.6031,-0.4504,-0.687,0,0,0
-0.0935,0.0779,1.0208,-1.1374,-0.7939,-0.3359,0,0,0
-0.0935,0.0913,1.0276,-1.9313,-0.7481,-0.4351,0,0,0
-0.0847,0.0889,1.022,-2.2519,-0.2977,-0.3282,0,0,0
-0.0837,0.0872,1.0283,-3.1679,-0.3817,-1.3359,0,0,0
-0.0854,0.0745,1.0237,-2.9237,-0.9924,-1.5496,0,0,0
-0.0911,0.0762,1.0251,-1.9084,-1.5344,-1.0687,0,0,0
-0.0955,0.0796,1.0312,-1.4427,-1.2366,-0.855,0,0,0
-0.0881,0.0757,1.0364,-1.4275,-0.3969,-0.6336,0,0,0
-0.0886,0.0764,1.0288,-1.542,0.0992,-0.2901,0,0,0
-0.0889,0.085,1.0181,-1.1374,0.2519,-0.229,0,0,0
-0.0845,0.0886,1.0164,-1.0305,-0.3817,-0.7405,0,0,0
-0.0891,0.0854,1.0166,-1.3359,-0.916,-1.3817,0,0,0
-0.0876,0.0774,1.0186,-1.374,-0.8092,-1.542,0,0,0
-0.0852,0.0762,1.03,-2.0763,-0.8931,-1.0,0,0,0
-0.0879,0.0815,1.0295,-2.6336,-0.458,-0.4351,0,0,0
-0.0876,0.0828,1.0383,-3.2137,0.2824,-0.5038,0,0,0
-0.0859,0.0854,1.0352,-3.1679,0.7557,-0.6718,0,0,0
-0.0898,0.0835,1.0251,-2.3053,0.5878,-1.6794,0,0,0
-0.0918,0.084,1.0215,-1.1985,0.1985,-1.8779,0,0,0
-0.0884,0.0757,1.021,-0.6565,-0.7405,-1.626,0,0,0
-0.0974,0.0759,1.0256,-0.1221,-0.8473,-1.145,0,0,0
-0.0962,0.0762,1.0232,-0.6489,-0.6031,-0.8092,0,0,0
-0.0908,0.072,1.0229,-1.2748,0.0992,-0.3511,0,0,0
-0.0879,0.0781,1.021,-1.6489,0.4504,0.0076,0,0,0
-0.0879,0.0923,1.0156,-2.3817,0.7939,-0.0687,0,0,0
-0.082,0.0884,1.0149,-2.8321,0.3511,-0.2824,0,0,0
-0.0886,0.0945,1.0193,-2.5802,-0.2443,-1.1756,0,0,0
-0.0876,0.0889,1.0142,-2.3053,-0.9466,-1.7252,0,0,0
-0.0876,0.0774,1.0337,-2.0611,-1.3206,-1.9084,0,0,0
-0.093,0.0791,1.0281,-1.7023,-1.0076,-1.771,0,0,0
-0.093,0.0774,1.031,-1.5878,-0.7634,-1.4198,0,0,0
-0.0911,0.0798,1.0249,-1.5267,-0.229,-0.855,0,0,0
-0.0845,0.0801,1.0137,-1.7099,-0.2824,-0.5878,0,0,0
-0.0942,0.0876,1.0183,-1.6031,-0.7863,-0.7099,0,0,0
-0.0859,0.0845,1.02,-1.8473,-0.9313,-1.2595,0,0,0
-0.0857,0.0791,1.0247,-2.1298,-1.1527,-1.5344,0,0,0
-0.0896,0.0747,1.0261,-2.1756,-1.2748,-1.2061,0,0,0
-0.0886,0.0681,1.0303,-1.9924,-1.1145,-1.6489,0,0,0
-0.0896,0.0686,1.0315,-1.7176,-0.542,-1.1374,0,0,0
-0.0964,0.071,1.0344,-1.687,0.0992,-0.2748,0,0,0
-0.0991,0.0762,1.0173,-1.5191,0.1298,0.1298,0,0,0
-0.0947,0.0769,1.0142,-1.3588,-0.3588,0.5878,0,0,0
-0.0896,0.0842,1.0149,-1.3893,-0.916,0.4122,0,0,0
-0.0825,0.0876,1.0205,-1.6565,-1.2519,0.084,0,0,0
-0.0789,0.0923,1.0249,-2.0763,-1.1527,-0.5267,0,0,0
-0.082,0.0957,1.0242,-2.3893,-0.7863,-1.0611,0,0,0
-0.0833,0.0857,1.0254,-2.1679,-0.1069,-1.6718,0,0,0
-0.0884,0.0833,1.032,-1.8779,-0.2595,-1.2595,0,0,0
-0.0854,0.0798,1.0203,-2.4046,0.0687,-1.2137,0,0,0
-0.0916,0.0781,1.0229,-1.9313,0.0534,-0.8702,0,0,0
-0.0854,0.0796,1.022,-1.5267,-0.0305,-1.0687,0,0,0
-0.0889,0.0759,1.0237,-2.0763,-0.6031,-1.145,0,0,0
-0.0894,0.0759,1.0251,-2.1527,-0.6031,-1.3511,0,0,0
-0.0938,0.0735,1.0276,-1.6412,-0.0916,-1.0763,0,0,0
-0.0911,0.075,1.0291,-1.9313,-0.084,-0.8702,0,0,0
-0.0925,0.0737,1.0222,-2.145,-0.229,-1.0763,0,0,0
-0.0901,0.0769,1.0244,-1.8855,-0.1679,-0.8244,0,0,0
-0.0901,0.0776,1.0278,-1.7863,-0.3435,-1.2137,0,0,0
-0.0867,0.0703,1.0298,-1.8321,-0.1603,-0.9313,0,0,0
-0.0935,0.0671,1.0259,-1.5878,0.1832,-0.5725,0,0,0
-0.0955,0.0713,1.0171,-1.1221,-0.0229,-0.3206,0,0,0
-0.0947,0.0732,1.0059,-1.1908,-0.8168,-0.0992,0,0,0
-0.0959,0.0779,1.01,-1.687,-0.9542,-0.1145,0,0,0
-0.0903,0.0771,1.0176,-1.9084,-0.9695,-0.1832,0,0,0
-0.0898,0.0774,1.0264,-2.0229,-1.084,0.0916,0,0,0
-0.0884,0.0798,1.0256,-1.9542,-1.2672,0.229,0,0,0
-0.0876,0.0825,1.0234,-2.0687,-1.1221,-0.0763,0,0,0
-0.0889,0.0828,1.041,-1.9771,-0.6947,0.084,0,0,0
-0.0852,0.0859,1.0352,-1.8626,-0.1298,-0.1679,0,0,0
-0.0859,0.0823,1.0347,-1.6031,0.2595,0.0687,0,0,0
-0.0837,0.0835,1.0315,-1.542,0.1374,-0.2519,0,0,0
-0.0879,0.0869,1.0229,-1.3511,0.0763,-0.8626,0,0,0
-0.0886,0.0769,1.0208,-1.7634,-0.0534,-1.0153,0,0,0
-0.0864,0.0754,1.0203,-1.9389,-0.4122,-1.229,0,0,0
-0.0942,0.0718,1.0303,-1.7023,-0.229,-1.3053,0,0,0
-0.0962,0.0735,1.0234,-1.7863,0.0611,-0.3893,0,0,0
-0.0986,0.075,1.0178,-2.3664,0.1603,0.3511,0,0,0
-0.0923,0.0811,1.0127,-2.9771,0.5573,0.5344,0,0,0
-0.0898,0.083,1.0024,-4.0382,0.2519,0.0992,0,0,0
-0.0884,0.0808,1.0093,-4.7328,0.1221,0.1145,0,0,0
-0.0867,0.0803,1.0171,-4.5725,-0.5573,-0.0382,0,0,0
-0.0903,0.0732,1.0181,-4.1069,-1.0611,-0.1985,0,0,0
-0.0913,0.0701,1.0244,-3.6031,-1.1756,0.1832,0,0,0
-0.0925,0.0691,1.0264,-3.1145,-1.229,0.6183,0,0,0
-0.0884,0.0723,1.0269,-2.6794,-0.7481,0.7634,0,0,0
-0.0823,0.0791,1.0291,-2.5267,-0.7328,0.4122,0,0,0
-0.0852,0.083,1.019,-2.7481,-0.5878,-0.3053,0,0,0
-0.0886,0.0762,1.0173,-2.458,-0.7405,-1.0229,0,0,0
-0.0894,0.0642,1.0195,-2.0,-1.2748,-0.9313,0,0,0
-0.0945,0.061,1.031,-1.3893,-1.7557,-0.6107,0,0,0
-0.0935,0.063,1.0271,-0.8397,-1.5649,0.4427,0,0,0
-0.092,0.0742,1.0325,-1.3969,-1.1908,1.2443,0,0,0
-0.0859,0.0837,1.0369,-1.7786,-0.3664,0.9313,0,0,0
-0.0845,0.0896,1.0237,-2.3817,-0.4046,0.3359,0,0,0
-0.0852,0.0894,1.0205,-2.3969,-0.6718,-0.1221,0,0,0
-0.0947,0.085,1.0195,-2.5725,-0.7481,-0.6947,0,0,0
-0.0891,0.0825,1.0195,-2.4275,-1.0534,-1.0382,0,0,0
-0.0903,0.0762,1.0276,-1.9695,-1.3282,-1.1069,0,0,0
-0.0869,0.0784,1.0266,-1.5725,-0.9695,-0.8092,0,0,0
-0.0952,0.071,1.0276,-1.6489,-0.6565,-0.4809,0,0,0
-0.093,0.0791,1.0251,-0.8473,-0.6565,-0.1985,0,0,0
-0.0911,0.0771,1.0195,-0.8931,-1.229,0.0611,0,0,0
-0.0876,0.0796,1.0244,-1.3511,-1.5802,-0.2366,0,0,0
-0.0886,0.082,1.0288,-1.8168,-1.4122,-0.4809,0,0,0
-0.0867,0.0706,1.0425,-2.916,-0.6641,-0.7863,0,0,0
-0.0903,0.0371,1.061,-3.9618,0.6031,0.4427,0,0,0
-0.1143,-0.0029,1.0566,-2.855,2.3282,3.6412,0,0,0
-0.1248,-0.0305,1.0408,-3.2137,3.5191,8.626,0,0,0
-0.125,-0.0327,1.0295,-5.5649,4.7252,14.9771,0,0,0
-0.1147,-0.0078,1.0227,-10.5725,5.374,20.1679,0,0,0
-0.1196,-0.0229,1.0303,-14.687,6.4427,24.542,0,0,0
-0.1157,-0.0071,1.0239,-17.0153,5.8855,31.0153,0,0,0
-0.1094,0.0193,1.0479,-23.1985,8.8779,34.0382,0,0,0
-0.0981,0.0417,1.0452,-30.0,12.2977,36.3053,0,0,0
-0.0847,0.0645,1.0334,-33.9466,15.1832,37.7481,0,0,0
-0.0876,0.0923,1.0154,-36.4122,16.1221,35.7481,0,0,0
-0.0901,0.0947,1.0034,-35.4733,14.7328,32.084,0,0,0
-0.0874,0.0986,1.0002,-30.084,11.3664,27.8702,0,0,0
-0.085,0.0776,1.0081,-23.8092,6.6947,23.3206,0,0,0
-0.1006,0.0649,1.0132,-14.3893,2.4809,19.2977,0,0,0
-0.115,0.0217,1.0134,-5.3359,-0.5496,17.313,0,0,0
-0.1245,0.009,1.0134,2.313,-3.1145,17.4962,0,0,0
-0.1235,0.0029,1.0232,7.1527,-4.7939,18.6947,0,0,0
-0.1177,0.0122,1.0142,8.7023,-5.1679,20.4427,0,0,0
-0.1079,0.0313,1.0239,6.5725,-4.542,21.5878,0,0,0
-0.0974,0.0515,1.0298,2.9542,-2.916,22.1679,0,0,0
-0.0918,0.0706,1.0322,-1.6336,-0.7099,21.0916,0,0,0
-0.0842,0.0859,1.0361,-4.2672,0.7252,19.4122,0,0,0
-0.0781,0.1047,1.0217,-6.2824,1.6641,16.1985,0,0,0
-0.0732,0.1091,1.0278,-7.0229,1.3206,12.4504,0,0,0
-0.0759,0.1218,1.0339,-6.313,0.771,8.1832,0,0,0
-0.0784,0.1003,1.0364,-3.8702,0.3969,3.8855,0,0,0
-0.0835,0.0908,1.0432,-0.1298,0.0076,0.9542,0,0,0
-0.094,0.0667,1.0317,2.855,-0.7634,-0.5954,0,0,0
-0.0994,0.0515,1.0332,5.2443,-0.8931,-0.6183,0,0,0
-0.106,0.0566,1.0242,5.6107,-0.8855,-0.0382,0,0,0
-0.1003,0.0674,1.0129,3.8626,0.1145,0.7023,0,0,0
-0.0967,0.0691,1.0127,0.9466,1.145,1.0916,0,0,0
-0.0977,0.0793,1.0078,-1.0153,1.7481,0.5649,0,0,0
-0.0972,0.0798,1.0107,-3.1145,1.5191,-0.8168,0,0,0
-0.0952,0.0796,1.0039,-4.1298,0.9771,-2.0382,0,0,0
-0.1047,0.0701,1.0171,-3.6489,0.4275,-3.6336,0,0,0
-0.0991,0.0527,1.0181,-2.7099,-0.1145,-4.2595,0,0,0
-0.1023,0.0393,1.0125,-1.1832,-0.9237,-3.9466,0,0,0
-0.1086,0.0405,1.0215,-0.0687,-1.1527,-3.2595,0,0,0
-0.1077,0.0437,1.0247,-0.084,-1.0229,-2.6947,0,0,0
-0.1025,0.0452,1.0215,-0.7939,-0.3969,-2.6107,0,0,0
-0.1035,0.0496,1.0217,-1.7786,-0.2061,-3.3282,0,0,0
-0.1033,0.0474,1.0242,-2.6412,0.0382,-3.8626,0,0,0
-0.1084,0.0378,1.0242,-3.1756,0.6565,-4.1069,0,0,0
-0.1118,0.0171,1.0334,-3.1527,0.2748,-3.6107,0,0,0
-0.115,0.0212,1.0303,-2.2595,-0.0534,-2.2595,0,0,0
-0.1143,0.0203,1.0256,-1.4198,-0.1145,-0.8092,0,0,0
-0.1069,0.0303,1.0273,-1.1756,-0.0916,0.1908,0,0,0
-0.1094,0.0471,1.0146,-1.0458,-0.0687,0.2672,0,0,0
-0.1045,0.054,1.0205,-1.4275,-0.2519,-1.2214,0,0,0
-0.1055,0.0403,1.03,-1.6718,-0.5573,-1.9084,0,0,0
-0.1079,0.0405,1.0264,-1.2519,-0.5115,-1.9695,0,0,0
-0.113,0.0427,1.0298,-1.0611,-0.4351,-1.626,0,0,0
-0.1077,0.033,1.0312,-1.9847,0.1985,-1.0229,0,0,0
-0.1062,0.0305,1.0237,-2.0382,0.7481,-0.4046,0,0,0
-0.1133,0.0442,1.0173,-1.4885,0.626,-0.3588,0,0,0
-0.1128,0.0415,1.0154,-2.0992,0.1908,-0.1221,0,0,0
-0.1062,0.0403,1.0178,-1.6641,-0.374,0.2214,0,0,0
-0.1057,0.0469,1.0127,-1.1908,-1.5496,0.1145,0,0,0
-0.1079,0.0527,1.0237,-1.3206,-1.771,0.1603,0,0,0
-0.1023,0.0488,1.031,-1.1908,-1.6565,-0.1679,0,0,0
-0.1094,0.0518,1.0383,-1.2061,-0.5267,-0.0153,0,0,0
-0.1028,0.0562,1.0471,-1.5191,0.7634,0.1603,0,0,0
-0.1025,0.0574,1.0291,-1.9466,1.313,-0.4198,0,0,0
-0.1047,0.0576,1.0176,-1.8931,1.6947,-1.0382,0,0,0
-0.1038,0.054,1.0039,-2.2824,0.8855,-1.9084,0,0,0
-0.1077,0.0454,1.0056,-2.229,-0.4885,-1.9313,0,0,0
-0.1091,0.0459,1.0129,-1.5038,-0.8855,-1.542,0,0,0
-0.1116,0.0371,1.0276,-1.7023,-1.1679,-1.1985,0,0,0
-0.1143,0.0366,1.0303,-1.2824,-0.5954,-0.9389,0,0,0
-0.1094,0.0461,1.0273,-1.5573,0.4275,-0.0076,0,0,0
-0.1072,0.0544,1.0188,-1.916,1.3359,0.6107,0,0,0
-0.1035,0.0608,1.0168,-2.0153,1.4198,-0.4656,0,0,0
-0.1042,0.0579,0.9963,-1.7252,0.0458,-1.8931,0,0,0
-0.1094,0.0591,1.0015,-1.3893,-2.2214,-3.3053,0,0,0
-0.1038,0.0522,1.0193,-1.4122,-3.1527,-4.3588,0,0,0
-0.1052,0.053,1.0249,-0.7557,-3.6107,-5.0,0,0,0
-0.104,0.0579,1.032,-0.2366,-2.4962,-5.5496,0,0,0
-0.1023,0.062,1.033,0.0076,-2.5725,-6.5573,0,0,0
-0.0986,0.0774,1.0161,0.4962,-2.626,-7.7176,0,0,0
-0.0994,0.0911,1.0112,0.5725,-3.145,-9.6183,0,0,0
-0.0891,0.1011,1.0073,1.0916,-4.0534,-12.5267,0,0,0
-0.0796,0.1135,1.01,1.8931,-5.3588,-16.1985,0,0,0
-0.0681,0.127,1.0142,2.4275,-7.0534,-20.9924,0,0,0
-0.0623,0.1296,1.041,3.626,-8.1298,-26.0153,0,0,0
-0.0664,0.1252,1.0596,3.6412,-7.2748,-31.4122,0,0,0
-0.0723,0.1001,1.0745,3.7939,-5.2595,-35.6183,0,0,0
-0.0762,0.0745,1.0825,6.0687,-3.2595,-36.771,0,0,0
-0.0833,0.0681,1.0813,10.2901,-1.5038,-37.0305,0,0,0
-0.0774,0.0698,1.0815,15.8473,-1.2443,-37.7176,0,0,0
-0.083,0.0786,1.0837,23.1298,-0.6031,-38.9008,0,0,0
-0.0908,0.0894,1.0552,30.3435,-1.4504,-41.2061,0,0,0
-0.0852,0.082,1.0327,34.3969,-2.0611,-43.1603,0,0,0
-0.084,0.0732,1.0256,35.9924,-2.4809,-43.8855,0,0,0
-0.1055,0.0527,1.001,34.916,-3.2824,-43.6489,0,0,0
-0.1267,0.0168,1.0134,31.4046,-4.0534,-37.0992,0,0,0
-0.1265,0.0315,1.0225,25.3664,-1.5344,-30.542,0,0,0
-0.1162,0.0442,1.0254,18.8931,1.9237,-26.5954,0,0,0
-0.1204,0.052,1.0061,12.1832,5.1603,-23.4046,0,0,0
-0.1179,0.0583,0.9707,4.8931,6.4046,-20.855,0,0,0
-0.123,0.0547,0.967,-1.8244,6.7252,-18.1832,0,0,0
-0.1267,0.0471,0.9729,-6.7634,4.9695,-15.0687,0,0,0
-0.1355,0.0403,0.9863,-9.1679,3.3359,-12.8244,0,0,0
-0.1367,0.0386,0.9998,-9.3969,2.5344,-10.3511,0,0,0
-0.1406,0.0364,0.9983,-7.7252,1.0611,-8.229,0,0,0
-0.1392,0.0403,1.0027,-6.0763,-0.0534,-6.0534,0,0,0
-0.136,0.0437,1.0054,-4.4046,-1.3282,-4.626,0,0,0
-0.1335,0.0486,1.0066,-2.4656,-2.374,-3.1527,0,0,0
-0.1277,0.0554,1.0134,-1.1679,-3.0076,-2.6718,0,0,0
-0.1169,0.054,1.0256,-1.2214,-3.1145,-1.7023,0,0,0
-0.1138,0.0527,1.0344,-1.3359,-3.1832,-1.0458,0,0,0
-0.1143,0.0552,1.0349,-2.0458,-1.8626,0.0076,0,0,0
-0.1167,0.0696,1.0288,-3.3206,-0.9542,0.9008,0,0,0
-0.1118,0.0779,1.019,-5.084,-0.313,1.3664,0,0,0
-0.1113,0.0767,1.0183,-4.8779,-1.0153,1.2672,0,0,0
-0.1133,0.0776,1.0129,-4.0382,-2.145,1.374,0,0,0
-0.1145,0.0894,1.0251,-3.0,-2.4122,1.4504,0,0,0
-0.1094,0.0835,1.0271,-2.771,-2.8321,1.6489,0,0,0
-0.0986,0.0869,1.0369,-2.4198,-2.9008,1.2977,0,0,0
-0.1082,0.0908,1.0442,-2.0305,-2.0611,0.7405,0,0,0
-0.1118,0.0891,1.0427,-1.7481,-0.626,0.8702,0,0,0
-0.1055,0.0801,1.0354,-1.7863,-0.084,1.2061,0,0,0
-0.1035,0.0925,1.0146,-1.5496,-0.3511,1.6947,0,0,0
-0.1006,0.1069,1.021,-1.855,-0.6489,1.458,0,0,0
-0.095,0.104,1.0215,-3.0076,-0.3282,0.2901,0,0,0
-0.0989,0.1042,1.0217,-3.0305,-0.3282,-0.0611,0,0,0
-0.105,0.0996,1.0244,-3.0076,-0.084,-0.9313,0,0,0
-0.1096,0.0942,1.0244,-3.3435,-0.0305,-1.0153,0,0,0
-0.114,0.0923,1.0183,-2.916,0.1527,-0.9237,0,0,0
-0.1128,0.0884,1.0156,-2.4962,-0.1298,-0.6794,0,0,0
-0.1077,0.0823,1.0144,-2.229,-0.2366,-0.4427,0,0,0
-0.1055,0.0803,1.0154,-1.9771,-0.9847,-0.3817,0,0,0
-0.1072,0.0864,1.019,-1.7252,-0.313,-0.5191,0,0,0
-0.1082,0.0854,1.0176,-2.3664,-0.2366,-0.626,0,0,0
-0.1069,0.0859,1.0176,-2.6031,-0.145,-0.458,0,0,0
-0.1096,0.082,1.0178,-3.0458,-0.2137,-0.9847,0,0,0
-0.1099,0.0735,1.0181,-3.1145,-0.4656,-1.084,0,0,0
-0.1091,0.0808,1.0234,-2.8626,-0.542,-0.6031,0,0,0
-0.1123,0.0803,1.0232,-2.3893,-0.4046,-0.6031,0,0,0
-0.1123,0.0784,1.0127,-2.4351,-0.5344,-0.4198,0,0,0
-0.1086,0.0737,1.012,-2.5115,-1.5191,-0.1145,0,0,0
-0.1113,0.0796,1.0168,-2.1985,-1.9084,0.1145,0,0,0
-0.1143,0.0815,1.0249,-2.3664,-1.3206,0.4427,0,0,0
-0.1082,0.0876,1.0225,-2.687,-0.8931,0.8626,0,0,0
-0.0984,0.0833,1.0251,-3.3893,-0.1679,0.542,0,0,0
-0.0989,0.0854,1.0203,-3.1679,0.0076,0.1679,0,0,0
-0.1028,0.0872,1.0151,-3.0382,-0.2901,-0.4122,0,0,0
-0.1055,0.0789,1.0081,-3.0076,-0.8321,-0.6031,0,0,0
-0.1094,0.0757,1.021,-2.771,-1.2366,-0.9618,0,0,0
-0.113,0.0715,1.0166,-2.2366,-1.374,-0.6489,0,0,0
-0.113,0.0715,1.022,-2.5191,-1.1679,0.1908,0,0,0
-0.1077,0.0774,1.0271,-1.916,-1.229,1.2824,0,0,0
-0.1077,0.0859,1.0249,-2.1832,-0.9924,1.3206,0,0,0
-0.1072,0.0894,1.0227,-2.4504,-1.4504,1.0305,0,0,0
-0.1035,0.0859,1.0327,-2.4198,-1.6183,0.4046,0,0,0
-0.0999,0.0898,1.0332,-2.8473,-1.2519,0.0229,0,0,0
-0.1086,0.0789,1.033,-2.8779,-0.8321,-0.3282,0,0,0
-0.1055,0.072,1.0339,-2.3511,-0.4504,-0.0229,0,0,0
-0.1047,0.0767,1.0234,-2.0992,-0.0229,0.3282,0,0,0
-0.0989,0.084,1.0344,-2.1527,-0.1145,0.4656,0,0,0
-0.1028,0.0854,1.0327,-2.3359,-0.0611,0.4809,0,0,0
-0.1042,0.0945,1.0271,-2.084,0.2214,-0.2366,0,0,0
-0.1003,0.0891,1.0325,-1.8855,0.2901,-1.1603,0,0,0
-0.1033,0.0837,1.0305,-1.8931,0.1985,-1.1908,0,0,0
-0.1055,0.0862,1.0332,-1.4504,0.4504,-1.6183,0,0,0
-0.1099,0.0771,1.0278,-1.6718,1.1527,-1.7863,0,0,0
-0.1082,0.0728,1.0212,-2.0687,1.1145,-1.2061,0,0,0
-0.1116,0.0671,1.0125,-1.4427,0.7023,-0.3053,0,0,0
-0.113,0.0796,1.0085,-1.2672,0.0992,0.5191,0,0,0
-0.1082,0.0854,1.0085,-2.1298,0.2137,0.4351,0,0,0
-0.1013,0.0808,1.0068,-2.4733,-0.2977,0.1069,0,0,0
-0.1096,0.0842,1.0171,-1.4504,-0.5115,-0.5191,0,0,0
-0.1138,0.0835,1.0095,-1.6107,-0.7481,-1.0534,0,0,0
-0.1133,0.074,1.0039,-1.4427,-1.084,-1.1756,0,0,0
-0.1145,0.0698,1.0066,-1.4504,-1.4733,-0.7328,0,0,0
-0.1157,0.0708,1.0176,-1.6641,-1.7328,-0.4275,0,0,0
-0.1128,0.0769,1.0161,-2.3053,-1.4504,0.7786,0,0,0
-0.113,0.0801,1.0225,-2.687,-1.4122,1.0,0,0,0
-0.1055,0.0869,1.0269,-2.8779,-1.2519,0.9008,0,0,0
-0.1035,0.092,1.0271,-3.0153,-1.0,0.3282,0,0,0
-0.1006,0.0889,1.0295,-2.7481,-1.4427,-0.3206,0,0,0
-0.1062,0.0874,1.0305,-2.2519,-1.4427,-1.4504,0,0,0
-0.1062,0.0854,1.0291,-2.2214,-1.0229,-1.5267,0,0,0
-0.1074,0.0737,1.0317,-2.0153,-0.5725,-1.4427,0,0,0
-0.1118,0.0669,1.0315,-1.4809,-0.1374,-0.374,0,0,0
-0.1082,0.0745,1.0322,-1.3511,-0.2672,0.1756,0,0,0
-0.1035,0.0764,1.0247,-1.7939,-0.0763,0.3817,0,0,0
-0.1033,0.0793,1.0227,-2.0,-0.0458,0.2901,0,0,0
-0.1069,0.0723,1.02,-2.3206,0.0687,-0.0611,0,0,0
-0.1086,0.0679,1.0229,-2.3053,-0.0305,0.4504,0,0,0
-0.1067,0.0667,1.0217,-3.7176,0.4962,1.0229,0,0,0
-0.113,0.0593,1.0222,-4.4809,1.1527,1.916,0,0,0
-0.1211,0.0369,1.0151,-5.9237,1.5802,3.458,0,0,0
-0.1284,0.0112,1.0063,-6.8779,1.3359,6.4885,0,0,0
-0.1484,-0.0327,1.0168,-9.1679,1.6412,11.1069,0,0,0
-0.1577,-0.0676,1.0178,-11.5344,1.9695,18.2137,0,0,0
-0.1704,-0.0864,1.0269,-17.1069,3.6031,27.2672,0,0,0
-0.1846,-0.1077,1.0288,-20.2519,6.0153,38.2214,0,0,0
-0.1846,-0.1255,0.9592,-26.7786,8.2672,50.229,0,0,0
-0.1748,-0.1189,0.9253,-32.4351,5.7634,61.2519,0,0,0
-0.1584,-0.103,0.9067,-35.9237,2.5954,71.229,0,0,0
-0.1257,-0.0479,0.9241,-39.0229,-2.084,77.8015,0,0,0
-0.103,-0.0029,0.9602,-41.5115,-7.1985,79.9924,0,0,0
-0.0872,0.0334,1.0288,-44.4656,-9.5573,77.9695,0,0,0
-0.084,0.0715,1.0798,-41.8397,-8.3588,72.8092,0,0,0
-0.0652,0.0623,1.1377,-39.1221,-3.8931,68.397,0,0,0
-0.0601,0.0754,1.1472,-30.5725,1.145,63.7481,0,0,0
-0.0659,0.1023,1.1306,-20.8473,5.0382,57.3435,0,0,0
-0.0596,0.1206,1.0847,-10.4656,6.0916,49.5344,0,0,0
-0.0479,0.1313,1.0383,-3.626,4.4809,41.2977,0,0,0
-0.0603,0.1323,1.0232,3.0611,1.0611,32.7939,0,0,0
-0.0664,0.1199,1.0166,6.4962,-2.5344,25.9008,0,0,0
-0.073,0.0996,1.0149,8.4809,-5.6489,20.7405,0,0,0
-0.0728,0.0906,1.0212,8.3206,-6.8397,18.2824,0,0,0
-0.0686,0.0962,1.0315,5.6947,-6.3664,17.0,0,0,0
-0.0645,0.1062,1.041,2.2443,-4.6641,15.3664,0,0,0
-0.0588,0.1206,1.0508,-0.8397,-1.4275,12.9313,0,0,0
-0.0559,0.116,1.0439,-4.9084,0.7328,9.6183,0,0,0
-0.063,0.1096,1.0317,-5.9847,2.0611,6.626,0,0,0
-0.0732,0.0923,1.0256,-5.7405,2.0992,3.8015,0,0,0
-0.0862,0.0664,1.0234,-4.0611,1.2519,2.6107,0,0,0
-0.0916,0.0657,1.0078,-1.4733,-0.2672,2.313,0,0,0
-0.0923,0.0776,1.0146,-0.3817,-2.229,1.9924,0,0,0
-0.0842,0.0894,1.0247,0.0382,-3.0305,0.6336,0,0,0
-0.0811,0.084,1.0371,-0.7939,-2.5573,-1.5115,0,0,0
-0.084,0.0771,1.0417,-1.7786,-1.0,-3.4275,0,0,0
-0.0793,0.0652,1.04,-2.9924,0.5267,-4.6183,0,0,0
-0.0791,0.0562,1.0422,-3.8015,1.5573,-5.4733,0,0,0
-0.0925,0.0515,1.0374,-3.4275,1.8168,-6.8473,0,0,0
-0.0911,0.0408,1.0366,-2.9847,1.7557,-7.7939,0,0,0
-0.1016,0.0313,1.0312,-1.8779,2.084,-8.5878,0,0,0
-0.0967,0.0103,1.0286,-1.5115,1.7328,-8.5038,0,0,0
-0.1084,-0.0083,1.019,-0.1374,1.9771,-7.6031,0,0,0
-0.1111,-0.001,1.0098,0.6794,0.9466,-6.0458,0,0,0
-0.1113,0.0039,1.0183,0.2824,0.5496,-4.1298,0,0,0
-0.1042,0.0107,1.0198,-0.8931,0.5344,-3.4122,0,0,0
-0.106,0.0144,1.0205,-2.2366,0.9389,-3.5038,0,0,0
-0.1125,0.0193,1.0286,-2.8473,1.1756,-3.6641,0,0,0
-0.1145,0.0137,1.0217,-2.7481,1.4809,-3.6031,0,0,0
-0.1094,0.0146,1.0251,-2.0153,1.1985,-2.8397,0,0,0
-0.1094,0.0168,1.0134,-1.1832,0.9466,-3.0458,0,0,0
-0.1077,0.0208,1.0176,-1.0076,0.5725,-3.4275,0,0,0
-0.1108,0.0251,1.0183,-0.626,0.4733,-3.8473,0,0,0
-0.1091,0.0239,1.0186,-1.0763,0.3359,-3.4962,0,0,0
-0.1138,0.011,1.0095,-1.0916,-0.0534,-3.0763,0,0,0
-0.1221,0.0154,1.0181,-0.5802,-0.7481,-1.9618,0,0,0
-0.1135,0.0188,1.0198,-0.5573,-1.458,-0.8473,0,0,0
-0.1125,0.0291,1.0203,-0.7099,-1.9389,-0.0305,0,0,0
-0.1035,0.0337,1.0303,-0.7176,-1.9084,-0.4656,0,0,0
-0.0996,0.0413,1.0342,-0.7481,-1.687,-0.9847,0,0,0
-0.1016,0.0437,1.0347,-1.4275,-0.8855,-1.1221,0,0,0
-0.1013,0.0427,1.031,-1.7786,-0.3511,-1.9084,0,0,0
-0.1008,0.0254,1.0376,-2.6565,0.5878,-2.145,0,0,0
-0.1111,0.0249,1.033,-2.0611,0.6031,-1.5267,0,0,0
-0.1101,0.0232,1.0239,-2.0153,0.5344,-0.5725,0,0,0
-0.1042,0.021,1.0229,-2.4427,0.8626,0.2824,0,0,0
-0.1038,0.0288,1.0266,-1.9237,0.5649,0.542,0,0,0
-0.1072,0.0386,1.0171,-1.1527,0.2672,0.1069,0,0,0
-0.1052,0.0425,1.0164,-0.9924,-0.2595,-0.2519,0,0,0
-0.104,0.0398,1.031,-1.1679,-0.374,-0.8015,0,0,0
-0.1055,0.0396,1.0298,-0.6489,-0.3969,-1.4351,0,0,0
-0.0996,0.0415,1.0371,-0.9008,0.9008,-1.7099,0,0,0
-0.1006,0.0325,1.0229,-1.6412,1.9847,-1.7634,0,0,0
-0.1042,0.0327,1.0178,-1.9771,2.0611,-2.0916,0,0,0
-0.1079,0.0361,1.0076,-2.3511,1.2366,-2.3893,0,0,0
-0.105,0.0322,1.0081,-2.542,0.4809,-2.5115,0,0,0
-0.1096,0.0222,1.0176,-2.0076,-0.2672,-2.8473,0,0,0
-0.1116,0.0217,1.0146,-1.2443,-0.771,-2.1985,0,0,0
-0.1128,0.0225,1.0183,-0.8015,-1.0153,-1.9389,0,0,0
-0.1089,0.0125,1.0259,-0.7099,-0.7634,-0.9389,0,0,0
-0.1177,0.0264,1.0142,-0.6565,-0.3359,-0.2137,0,0,0
-0.1123,0.0381,1.01,-1.0534,-0.8397,0.2061,0,0,0
-0.1021,0.033,1.0171,-2.1527,-1.0153,-0.6031,0,0,0
-0.1011,0.0381,1.0254,-1.6031,-1.5038,-1.2748,0,0,0
-0.1091,0.0388,1.0232,-1.771,-1.7252,-2.0611,0,0,0
-0.1089,0.0334,1.0276,-2.3969,-1.374,-2.5344,0,0,0
-0.1111,0.0239,1.0344,-2.5115,-0.5191,-1.6031,0,0,0
-0.1108,0.0254,1.0298,-1.9389,0.0229,-0.9313,0,0,0
-0.1162,0.0298,1.0261,-1.6947,-0.2672,-0.3817,0,0,0
-0.1074,0.0308,1.0176,-1.3664,-0.8015,-0.1756,0,0,0
-0.103,0.0339,1.0151,-0.3282,-1.6412,-0.5115,0,0,0
-0.1045,0.0393,1.0298,-0.6565,-1.8321,-1.1221,0,0,0
-0.103,0.0398,1.0391,-1.2977,-1.1832,-1.6565,0,0,0
-0.1057,0.0393,1.0305,-1.6947,0.0229,-2.0992,0,0,0
-0.1062,0.0425,1.0107,-2.3359,0.9542,-2.2901,0,0,0
-0.1055,0.0369,1.0127,-3.2519,0.7023,-2.542,0,0,0
-0.1096,0.0286,1.0068,-2.8397,-0.7328,-2.5496,0,0,0
-0.1108,0.0217,1.0129,-2.3664,-1.9084,-2.3511,0,0,0
-0.1089,0.0178,1.0293,-2.2901,-2.626,-1.771,0,0,0
-0.1074,0.0149,1.0376,-1.6183,-2.5038,-1.2366,0,0,0
-0.1147,0.0176,1.0356,-0.687,-1.8244,-0.626,0,0,0
-0.1121,0.02,1.0242,-0.3359,-1.4885,0.1221,0,0,0
-0.1113,0.0266,1.0349,-0.7634,-1.1374,0.8168,0,0,0
-0.105,0.0354,1.0239,-1.4809,-0.6336,0.9466,0,0,0
-0.1006,0.0415,1.0271,-2.5573,-0.2366,0.2748,0,0,0
-0.0928,0.0381,1.0256,-3.0458,-0.1145,-0.2519,0,0,0
-0.0981,0.0381,1.0269,-3.1679,0.0458,-1.2366,0,0,0
-0.1055,0.0334,1.0352,-3.2595,0.1298,-1.6336,0,0,0
-0.1035,0.0305,1.0427,-3.1069,0.7405,-1.8931,0,0,0
-0.1089,0.0203,1.0332,-2.229,0.8779,-1.2366,0,0,0
-0.1145,0.0227,1.0188,-1.5649,0.5649,-0.7023,0,0,0
-0.1089,0.0142,1.0171,-1.4504,-0.0534,-0.0763,0,0,0
-0.1099,0.0193,1.0144,-0.9237,-1.1908,0.8626,0,0,0
-0.1123,0.0291,1.0247,-0.2443,-1.3969,0.9313,0,0,0
-0.1016,0.0371,1.0293,-0.458,-1.4504,0.7099,0,0,0
-0.0974,0.043,1.0361,-0.8015,-0.5267,-0.0076,0,0,0
-0.0974,0.0474,1.0288,-1.6565,0.4046,-0.626,0,0,0
-0.0974,0.0479,1.0281,-2.2748,1.0305,-1.4046,0,0,0
-0.1025,0.0361,1.0256,-2.7786,1.1985,-2.0458,0,0,0
-0.1125,0.0239,1.0247,-2.5954,1.6641,-1.687,0,0,0
-0.113,0.0193,1.0173,-1.7939,0.8931,-0.542,0,0,0
-0.114,0.0234,1.0103,-1.3893,-0.229,-0.0992,0,0,0
-0.1128,0.0286,1.0132,-0.7557,-0.7863,-0.0611,0,0,0
-0.114,0.0371,1.0171,-0.8321,-1.3664,-0.542,0,0,0
-0.1074,0.0337,1.021,-1.0534,-1.3053,-1.1985,0,0,0
-0.114,0.0327,1.0237,-1.5038,-1.1603,-1.1374,0,0,0
-0.1116,0.0237,1.0261,-1.7863,-0.8092,-0.916,0,0,0
-0.1074,0.0186,1.0305,-1.9771,-0.4733,-0.313,0,0,0
-0.1104,0.0264,1.0271,-2.0382,-0.1145,-0.084,0,0,0
-0.1077,0.0359,1.0342,-2.2595,0.3588,-0.4046,0,0,0
-0.1035,0.0347,1.0286,-2.2901,0.2748,-0.542,0,0,0
-0.1035,0.0386,1.0251,-1.7481,0.2214,-1.4046,0,0,0
-0.1069,0.033,1.0256,-1.2595,-0.1603,-1.7557,0,0,0
-0.1094,0.021,1.0281,-1.084,-0.1832,-1.8321,0,0,0
-0.114,0.019,1.0276,-0.5267,-0.0534,-0.9389,0,0,0
-0.1145,0.0168,1.0227,-0.0992,-0.3359,0.0229,0,0,0
-0.1096,0.03,1.0264,-0.916,-0.1145,0.7481,0,0,0
-0.1069,0.0356,1.0242,-2.0,0.4046,0.4962,0,0,0
-0.1052,0.0422,1.0164,-2.6107,0.4885,-0.2137,0,0,0
-0.1094,0.0398,1.0154,-2.9847,0.2137,-1.542,0,0,0
-0.1079,0.0305,1.0166,-2.6412,-0.3588,-2.0153,0,0,0
-0.1108,0.0222,1.0144,-1.4733,-1.3053,-1.8855,0,0,0
-0.1135,0.0127,1.0303,-0.2748,-2.0458,-1.2061,0,0,0
-0.1118,0.0154,1.0266,0.313,-2.1069,-0.2366,0,0,0
-0.1038,0.0259,1.0291,0.145,-1.8626,1.0,0,0,0
-0.1021,0.0437,1.0356,-0.8473,-0.9466,0.8931,0,0,0
-0.1023,0.0598,1.0405,-1.6412,0.3359,0.0992,0,0,0
-0.1006,0.0542,1.0376,-1.9084,0.6947,-1.9695,0,0,0
-0.1038,0.0439,1.0288,-1.4351,0.5038,-3.0,0,0,0
-0.1086,0.033,1.019,-0.3588,-0.145,-3.7099,0,0,0
-0.1116,0.03,1.0237,-0.1069,-0.3664,-3.2824,0,0,0
-0.1123,0.031,1.0212,-0.3359,-0.7405,-2.6565,0,0,0
-0.1135,0.0334,1.0271,-0.2901,-0.6718,-2.3588,0,0,0
-0.1033,0.0408,1.0283,-0.9542,-0.3359,-2.3588,0,0,0
-0.1035,0.0457,1.0264,-0.6947,-0.0076,-3.1756,0,0,0
-0.1055,0.052,1.0237,0.0687,-0.1221,-4.2901,0,0,0
-0.1006,0.0654,1.0142,1.1221,-0.8931,-6.0153,0,0,0
-0.0876,0.0745,1.0129,1.8779,-2.6947,-9.2519,0,0,0
-0.0742,0.0933,1.0164,3.3817,-4.7023,-12.6412,0,0,0
-0.0642,0.1191,1.0251,5.5496,-6.9924,-17.5114,0,0,0
-0.054,0.1357,1.0491,6.5496,-8.4275,-24.0687,0,0,0
-0.0681,0.1338,1.0693,9.7252,-8.0229,-30.5802,0,0,0
-0.073,0.1294,1.0796,13.5496,-6.0153,-36.6489,0,0,0
-0.0715,0.1147,1.0615,16.3511,-4.2901,-40.8855,0,0,0
-0.0654,0.1223,1.0244,18.8931,-3.8473,-43.3588,0,0,0
-0.0713,0.1523,1.0166,19.3893,-3.3053,-46.9542,0,0,0
-0.0601,0.1533,1.0103,18.9924,-3.6489,-52.0687,0,0,0
-0.0654,0.1296,0.9841,19.6641,-4.916,-57.7252,0,0,0
-0.0737,0.1094,0.9695,22.542,-7.8244,-61.5802,0,0,0
-0.082,0.0859,0.97,25.5725,-12.4885,-62.5267,0,0,0
-0.0933,0.0706,0.9768,27.7634,-16.8931,-62.0229,0,0,0
-0.1011,0.0352,1.0105,28.1603,-18.9924,-60.1985,0,0,0
-0.1033,0.0247,1.0234,29.5878,-18.2061,-56.5649,0,0,0
-0.1079,0.0391,1.0405,29.0382,-15.8397,-52.3817,0,0,0
-0.0918,0.0447,1.0449,24.7481,-12.458,-47.3969,0,0,0
-0.0913,0.0718,1.0417,21.3588,-8.7939,-44.3282,0,0,0
-0.0938,0.0601,1.0146,17.4504,-6.7252,-40.6412,0,0,0
-0.0935,0.0691,1.0198,12.0153,-5.8092,-37.5954,0,0,0
-0.0898,0.072,1.0071,5.5725,-5.2901,-36.0153,0,0,0
-0.0854,0.0583,1.0139,-0.2214,-3.9771,-34.8321,0,0,0
-0.094,0.0432,1.0176,-4.8168,-3.4733,-32.4809,0,0,0
-0.1003,0.0376,1.0242,-9.1603,-3.2366,-29.3435,0,0,0
-0.0996,0.0315,1.0432,-12.313,-2.7099,-26.3359,0,0,0
-0.1084,0.0115,1.0608,-12.8779,-1.6107,-23.3359,0,0,0
-0.1174,-0.001,1.0679,-10.5496,-0.1527,-19.7634,0,0,0
-0.1167,0.0002,1.0562,-7.7481,1.4504,-16.1069,0,0,0
-0.1106,0.0132,1.0469,-4.3969,2.5267,-12.7939,0,0,0
-0.1113,0.0203,1.0344,-1.2824,2.229,-10.4809,0,0,0
-0.1038,0.0234,1.0244,-0.0534,1.6641,-9.1756,0,0,0
-0.1074,0.0322,1.0154,0.3435,1.229,-7.5267,0,0,0
-0.1089,0.0356,1.0127,0.6412,0.3511,-6.5115,0,0,0
-0.1106,0.0447,1.0107,1.0687,-0.9466,-5.2061,0,0,0
-0.104,0.0498,1.0105,1.3588,-1.8092,-4.5038,0,0,0
-0.104,0.0554,1.019,1.313,-2.2443,-4.0305,0,0,0
-0.1028,0.0615,1.0232,1.2748,-3.2901,-3.5038,0,0,0
-0.0964,0.0647,1.0295,1.0916,-3.313,-3.3206,0,0,0
-0.0967,0.064,1.0264,0.6489,-2.8473,-2.6489,0,0,0
-0.0952,0.0691,1.0293,0.2366,-2.0305,-1.687,0,0,0
-0.0886,0.075,1.033,-0.6031,-1.4122,-0.8702,0,0,0
-0.0918,0.0818,1.0337,-0.9847,-0.9084,-0.5802,0,0,0
-0.0874,0.0913,1.0234,-0.855,-0.6031,-0.4809,0,0,0
-0.0813,0.0981,1.0229,-1.0305,-0.4962,-1.1603,0,0,0
-0.0813,0.0964,1.0144,-1.0153,-0.8702,-1.4427,0,0,0
-0.0874,0.0938,1.0273,-1.1145,-1.1527,-1.6641,0,0,0
-0.0884,0.0881,1.0242,-1.8626,-0.916,-1.3282,0,0,0
-0.093,0.0825,1.0256,-2.5573,-0.2519,-0.4198,0,0,0
-0.0881,0.0874,1.0227,-2.3664,0.1756,0.6641,0,0,0
-0.0911,0.0991,1.0234,-2.0229,0.4427,0.6031,0,0,0
-0.0837,0.1055,1.0151,-1.7786,0.1298,-0.0916,0,0,0
-0.0813,0.1052,1.012,-1.8626,-0.4275,-1.3969,0,0,0
-0.0859,0.0977,1.0168,-1.2595,-0.6718,-1.6947,0,0,0
-0.082,0.0925,1.0159,-1.4504,-0.7786,-2.2977,0,0,0
-0.0886,0.0894,1.0305,-1.4962,-0.6412,-2.084,0,0,0
-0.0913,0.0864,1.033,-1.4962,-0.1985,-2.0305,0,0,0
-0.0886,0.095,1.0303,-2.1908,0.9618,-1.4275,0,0,0
-0.083,0.0842,1.021,-3.0687,1.4427,-1.5573,0,0,0
-0.0891,0.0913,1.0112,-2.8015,0.5954,-1.1374,0,0,0
-0.0862,0.0906,1.0105,-2.0153,-0.1908,-1.5649,0,0,0
-0.0854,0.0913,1.0071,-1.4122,-0.7328,-1.8626,0,0,0
-0.0845,0.0957,1.0068,-1.2595,-1.626,-2.0229,0,0,0
-0.082,0.0928,1.0198,-1.4351,-1.9542,-2.6489,0,0,0
-0.0842,0.0911,1.0242,-2.4885,-1.5649,-3.0458,0,0,0
-0.0901,0.0828,1.0203,-3.2672,-0.7786,-3.4809,0,0,0
-0.084,0.0647,1.0227,-4.0382,-0.6107,-2.6718,0,0,0
-0.0906,0.0632,1.03,-2.5802,-1.1145,-1.9847,0,0,0
-0.0938,0.0723,1.0283,-1.6412,-1.229,-1.5878,0,0,0
-0.0933,0.0776,1.0298,-1.1374,-1.3206,-1.458,0,0,0
-0.095,0.0703,1.0371,-1.6947,-1.1603,-1.3282,0,0,0
-0.0935,0.0703,1.041,-1.7863,-0.9389,-0.229,0,0,0
-0.092,0.0771,1.0369,-2.4122,-0.0305,0.1221,0,0,0
-0.0898,0.0837,1.0383,-2.6641,0.374,0.3817,0,0,0
-0.0889,0.0862,1.0359,-2.8244,0.8931,0.3435,0,0,0
-0.082,0.0916,1.0312,-2.6947,0.8702,-0.313,0,0,0
-0.0833,0.083,1.021,-2.374,0.5954,-0.9695,0,0,0
-0.082,0.0786,1.0249,-2.2595,0.3053,-0.8092,0,0,0
-0.0933,0.072,1.0378,-1.8626,0.7557,-1.0229,0,0,0
-0.0967,0.0696,1.0271,-1.7099,0.9847,0.0992,0,0,0
-0.0908,0.0762,1.0259,-1.5802,1.229,0.9542,0,0,0
-0.0906,0.0857,1.02,-1.6947,1.1145,0.7786,0,0,0
-0.0903,0.094,1.0166,-1.8092,1.5191,0.3664,0,0,0
-0.0903,0.0928,1.0166,-2.6641,1.6336,0.2519,0,0,0
-0.0881,0.0881,0.9995,-3.229,0.5115,0.2748,0,0,0
-0.0957,0.094,1.0156,-3.3511,-0.3969,0.1603,0,0,0
-0.0913,0.093,1.0151,-3.4427,-0.0687,0.0534,0,0,0
-0.0869,0.0864,1.0239,-3.8702,-0.0916,-0.1298,0,0,0
-0.0891,0.0906,1.0168,-4.5725,0.2366,-0.8015,0,0,0
-0.0918,0.0884,1.0083,-5.7939,0.5344,-0.9771,0,0,0
-0.0894,0.0686,1.01,-6.6794,0.0382,-0.8244,0,0,0
-0.0925,0.0674,1.0103,-5.9542,-0.3817,0.3435,0,0,0
-0.0964,0.0728,1.0208,-4.7405,-1.0305,0.4656,0,0,0
-0.0925,0.0796,1.0312,-4.8473,-0.7176,1.0534,0,0,0
-0.0938,0.0759,1.0386,-4.9084,-0.3588,1.0229,0,0,0
-0.0945,0.0789,1.0188,-5.0076,0.5191,0.6947,0,0,0
-0.0913,0.0837,1.0132,-5.0992,0.5954,0.6641,0,0,0
-0.0903,0.0823,1.0134,-5.5496,0.2901,0.0687,0,0,0
-0.0889,0.0818,1.0107,-5.5267,-0.2672,-0.5496,0,0,0
-0.0979,0.0679,1.0059,-5.8321,-0.8855,-0.7939,0,0,0
-0.1018,0.0554,1.0132,-5.4351,-1.5344,-0.4275,0,0,0
-0.1025,0.0532,1.0076,-4.9008,-1.687,0.8092,0,0,0
-0.106,0.0579,1.0195,-5.0076,-2.0229,1.5573,0,0,0
-0.0996,0.0623,1.0134,-4.9466,-2.374,1.7634,0,0,0
-0.0967,0.0642,1.0259,-4.4885,-2.4351,1.626,0,0,0
-0.0933,0.0679,1.0249,-4.4504,-2.6336,1.3053,0,0,0
-0.0894,0.0662,1.0366,-3.9466,-2.5496,1.6947,0,0,0
-0.0896,0.0637,1.0386,-4.0611,-2.2748,1.6107,0,0,0
-0.0857,0.0664,1.0559,-3.6718,-2.1985,1.7176,0,0,0
-0.0864,0.0701,1.0586,-3.4733,-1.2137,1.8397,0,0,0
-0.083,0.0813,1.0547,-3.4656,0.1221,1.5038,0,0,0
-0.0813,0.0845,1.0444,-3.1374,0.9618,1.0,0,0,0
-0.0793,0.0771,1.0425,-2.4809,0.9313,0.4733,0,0,0
-0.0837,0.0737,1.0361,-1.1832,0.5573,0.1603,0,0,0
-0.0828,0.0789,1.0273,-0.458,0.4275,-0.1069,0,0,0
-0.0859,0.0806,1.033,-0.3206,0.6947,-0.7481,0,0,0
-0.084,0.0757,1.0188,-0.7863,0.6031,-0.8855,0,0,0
-0.0852,0.0764,1.0161,-0.9542,0.4122,-0.8931,0,0,0
-0.0911,0.0779,1.0137,-1.1985,0.2443,-1.1298,0,0,0
-0.0884,0.0742,1.0212,-1.7023,0.1908,-0.9084,0,0,0
-0.0859,0.075,1.0232,-2.3053,0.6336,-0.7786,0,0,0
-0.0957,0.0718,1.0186,-2.2595,1.1908,-0.7405,0,0,0
-0.092,0.0688,1.0137,-2.3969,0.855,-0.1298,0,0,0
-0.0923,0.0745,1.0085,-1.9008,0.1908,-0.229,0,0,0
-0.0901,0.0742,1.0085,-1.6565,-0.6641,-0.5267,0,0,0
-0.0881,0.0737,1.0103,-1.916,-1.0534,-0.6794,0,0,0
-0.093,0.0669,1.0195,-1.9542,-1.3435,-0.9008,0,0,0
-0.093,0.0674,1.0239,-1.7863,-1.2366,-0.687,0,0,0
-0.0928,0.0742,1.0256,-1.6641,-0.7557,0.0534,0,0,0
-0.0854,0.0786,1.0273,-2.1679,-0.374,0.1908,0,0,0
-0.0901,0.0813,1.0171,-1.8931,-0.313,-0.7023,0,0,0
-0.0847,0.0725,1.0273,-2.4427,-0.6794,-1.374,0,0,0
-0.0896,0.0603,1.0212,-2.0916,-0.7634,-1.4733,0,0,0
-0.0935,0.0596,1.0273,-1.4656,-0.6947,-0.855,0,0,0
-0.0947,0.0664,1.0208,-1.3969,-0.542,-0.626,0,0,0
-0.0989,0.064,1.02,-1.5038,-0.2977,-0.1603,0,0,0
-0.0911,0.0632,1.0137,-1.5649,-0.3282,-0.0992,0,0,0
-0.0857,0.0671,1.01,-1.8855,-1.084,0.2824,0,0,0
-0.0842,0.0728,1.0132,-2.2214,-1.7786,0.1679,0,0,0
-0.0891,0.0798,1.0337,-2.9771,-1.7405,-0.0992,0,0,0
-0.0906,0.0786,1.0356,-3.7099,-0.9542,-0.8092,0,0,0
-0.0908,0.0676,1.0305,-3.9313,0.3969,-1.0305,0,0,0
-0.094,0.0598,1.0229,-2.8855,0.0992,-0.6794,0,0,0
-0.0979,0.0554,1.0112,-1.7557,-0.771,-0.2519,0,0,0
-0.0969,0.0603,1.0217,-1.0687,-1.8244,0.0687,0,0,0
-0.0945,0.0649,1.0286,-1.3206,-2.1985,0.1298,0,0,0
-0.0854,0.0598,1.0332,-1.9466,-1.9924,0.6641,0,0,0
-0.0916,0.0608,1.0425,-2.0763,-1.6718,1.0763,0,0,0
-0.0862,0.0635,1.0383,-2.6489,-0.7252,1.3206,0,0,0
-0.0901,0.0662,1.0364,-3.0458,-0.2901,1.8779,0,0,0
-0.0876,0.0811,1.0322,-3.0076,-0.0992,1.7023,0,0,0
-0.0852,0.0789,1.0317,-3.3511,0.374,1.0611,0,0,0
-0.0884,0.0737,1.0251,-3.4733,0.4046,0.229,0,0,0
-0.0874,0.0684,1.0259,-3.7634,0.0153,-0.1221,0,0,0
-0.0872,0.0598,1.0273,-4.3969,0.5954,-0.5878,0,0,0
-0.0952,0.0586,1.0308,-4.6718,0.7328,-0.0153,0,0,0
-0.0967,0.0544,1.0237,-4.626,1.4198,0.9695,0,0,0
-0.0957,0.0557,1.0142,-4.7328,1.0382,1.6031,0,0,0
-0.0955,0.0635,1.0161,-4.0992,0.6718,2.0382,0,0,0
-0.085,0.0681,1.0208,-3.916,0.2977,2.1069,0,0,0
-0.0906,0.0674,1.0225,-4.2595,-0.1908,2.0305,0,0,0
-0.0911,0.0659,1.0256,-4.2519,0.0,1.9847,0,0,0
-0.0886,0.0691,1.0283,-4.4198,0.0153,1.7252,0,0,0
-0.0862,0.0728,1.0356,-5.145,0.3435,1.2061,0,0,0
-0.0894,0.0674,1.0359,-5.7481,0.8473,1.0687,0,0,0
-0.0903,0.0569,1.0259,-4.9771,0.6412,0.6794,0,0,0
-0.0952,0.0627,1.0239,-4.0687,0.2443,0.8244,0,0,0
-0.0923,0.0603,1.0266,-3.9618,0.1908,1.3817,0,0,0
-0.0923,0.0588,1.0256,-4.0916,0.4885,1.2443,0,0,0
-0.0942,0.0652,1.0264,-4.2214,1.0611,1.5344,0,0,0
-0.0916,0.0679,1.0188,-4.4504,1.2977,1.2672,0,0,0
-0.0923,0.0647,1.0188,-3.7786,1.5649,0.855,0,0,0
-0.0989,0.0686,1.0076,-3.6718,0.542,0.3817,0,0,0
-0.0969,0.0596,1.0105,-3.2519,-0.229,-0.0916,0,0,0
-0.1021,0.0552,1.0244,-2.7634,-1.0534,0.1527,0,0,0
-0.0935,0.0515,1.0269,-2.9237,-0.8779,0.6183,0,0,0
-0.093,0.054,1.0337,-3.0763,-0.6794,0.9237,0,0,0
-0.0947,0.0601,1.0295,-3.3053,0.313,1.2748,0,0,0
-0.0911,0.0596,1.0281,-3.4962,0.5191,0.8473,0,0,0
-0.0891,0.0569,1.0264,-3.7099,0.8168,0.4046,0,0,0
-0.0928,0.0596,1.0176,-3.7405,1.0153,0.4198,0,0,0
-0.0818,0.0574,1.0107,-3.9847,0.8015,0.2901,0,0,0
-0.0854,0.0537,1.0134,-4.1298,0.4504,0.2137,0,0,0
-0.0911,0.0491,1.0093,-3.8779,-0.0687,0.0763,0,0,0
-0.0884,0.0491,1.0171,-3.4885,-0.5496,0.4275,0,0,0
-0.0969,0.0571,1.0225,-2.9847,-1.0,0.458,0,0,0
-0.0979,0.0586,1.0198,-3.0153,-1.0458,-0.313,0,0,0
-0.0994,0.0547,1.0203,-2.8015,-0.6489,-0.6489,0,0,0
-0.0999,0.053,1.0137,-2.4962,-0.5496,-0.5954,0,0,0
-0.106,0.054,1.0122,-2.1985,-0.8779,-0.3817,0,0,0
-0.1042,0.0505,1.0015,-1.4427,-1.6031,0.0534,0,0,0
-0.0974,0.0505,1.0056,-1.0916,-2.5725,0.374,0,0,0
-0.0952,0.0537,1.0095,-1.4809,-3.2366,0.2519,0,0,0
-0.0972,0.0518,1.02,-1.9924,-3.5725,0.3053,0,0,0
-0.0952,0.0601,1.0193,-2.2901,-3.6565,0.0534,0,0,0
-0.0923,0.052,1.0393,-2.3435,-3.2443,0.3969,0,0,0
-0.0945,0.0554,1.0361,-2.6412,-3.0076,0.3053,0,0,0
-0.093,0.0593,1.0427,-2.8626,-2.6107,0.2901,0,0,0
-0.0869,0.0615,1.0374,-2.916,-2.5649,-0.2519,0,0,0
-0.0876,0.0586,1.0383,-2.8931,-2.5725,-0.5344,0,0,0
-0.0847,0.052,1.0442,-2.542,-2.0458,-0.9008,0,0,0
-0.0916,0.0515,1.0518,-1.8397,-2.0611,-1.1679,0,0,0
-0.0879,0.0459,1.0544,-1.2443,-1.3053,-0.7252,0,0,0
-0.0859,0.0535,1.0432,-0.9466,-0.8321,-0.3969,0,0,0
-0.0903,0.0605,1.031,-1.1603,0.0763,-0.0992,0,0,0
-0.0908,0.061,1.0256,-1.2366,0.4275,-0.1527,0,0,0
-0.0906,0.0618,1.0063,-1.3206,-0.3588,-0.6336,0,0,0
-0.0884,0.0569,1.0103,-1.7405,-0.7634,-0.5191,0,0,0
-0.0864,0.0596,1.0095,-2.3969,-1.4351,-0.4122,0,0,0
-0.0876,0.0554,1.012,-2.5573,-1.7634,-0.2977,0,0,0
-0.0867,0.061,1.0212,-3.2672,-1.4885,-0.0534,0,0,0
-0.0891,0.0635,1.0193,-3.3282,-0.9924,-0.084,0,0,0
-0.0874,0.0591,1.0225,-3.0687,-1.1221,-0.4351,0,0,0
-0.084,0.0588,1.02,-3.2061,-1.8321,-0.6336,0,0,0
-0.082,0.0583,1.0256,-3.0992,-2.0992,-0.8702,0,0,0
-0.084,0.0491,1.033,-2.4427,-1.9695,-0.916,0,0,0
-0.0786,0.041,1.0344,-2.1603,-1.7176,-0.2061,0,0,0
-0.082,0.0452,1.032,-2.1298,-1.0153,0.5573,0,0,0
-0.0867,0.0469,1.0251,-1.8931,-0.3206,0.6718,0,0,0
-0.0896,0.0508,1.0071,-2.084,-0.8168,0.8244,0,0,0
-0.0901,0.0525,1.0085,-2.2977,-1.5496,0.6565,0,0,0
-0.0911,0.0544,1.0137,-2.9466,-2.4198,0.4656,0,0,0
-0.0901,0.0532,1.0242,-3.2595,-2.9847,0.4046,0,0,0
-0.0884,0.042,1.0371,-3.5954,-2.5649,0.145,0,0,0
-0.0945,0.0471,1.0461,-3.5954,-1.771,0.3359,0,0,0
-0.0959,0.0454,1.0471,-3.2824,-1.4198,0.5954,0,0,0
-0.0837,0.0508,1.0479,-2.7328,-0.2824,1.3359,0,0,0
-0.0867,0.0522,1.0303,-2.2977,0.0763,1.2672,0,0,0
-0.0845,0.0542,1.0308,-2.3206,-0.5267,0.7099,0,0,0
-0.0864,0.0608,1.0269,-2.2366,-1.3893,0.0611,0,0,0
-0.0867,0.0613,1.0381,-2.8702,-0.9237,-0.2061,0,0,0
-0.0867,0.0574,1.0352,-3.4122,-0.4198,-0.6565,0,0,0
-0.0867,0.0574,1.0303,-3.6718,-0.0458,-0.3588,0,0,0
-0.0876,0.0554,1.0215,-3.3817,-0.0305,-0.6565,0,0,0
-0.0896,0.0542,1.0205,-3.3893,-0.9084,-0.8397,0,0,0
-0.0867,0.0581,1.02,-3.0992,-1.4046,-1.1603,0,0,0
-0.0811,0.0544,1.0222,-2.8626,-1.0763,-1.4656,0,0,0
-0.084,0.0481,1.0225,-2.7405,-0.8397,-1.5954,0,0,0
-0.0811,0.0439,1.0195,-2.1756,-0.6412,-1.313,0,0,0
-0.0862,0.0471,1.0083,-2.5496,-0.2366,-0.9847,0,0,0
-0.0815,0.0481,0.989,-3.0534,-0.8931,-1.0458,0,0,0
-0.0889,0.0466,0.9893,-3.458,-2.3282,-0.7863,0,0,0
-0.0884,0.0503,0.9956,-3.8168,-3.5725,-0.7939,0,0,0
-0.085,0.0469,1.0061,-4.1985,-4.145,-0.6718,0,0,0
-0.0754,0.052,1.0208,-4.0916,-4.3817,-0.7099,0,0,0
-0.0803,0.0547,1.031,-4.0153,-4.0153,-1.1908,0,0,0
-0.0798,0.0469,1.0305,-3.8168,-2.9542,-1.3588,0,0,0
-0.0847,0.0454,1.0312,-3.5267,-3.3053,-1.4885,0,0,0
-0.0813,0.0427,1.0327,-3.1298,-3.4351,-2.2061,0,0,0
-0.0791,0.0356,1.0413,-2.9695,-3.4733,-2.3588,0,0,0
-0.0806,0.0313,1.0481,-3.145,-3.1374,-2.0534,0,0,0
-0.085,0.0247,1.0444,-2.8931,-2.6412,-1.771,0,0,0
-0.0796,0.0298,1.0596,-3.0916,-2.1374,-1.4885,0,0,0
-0.082,0.0249,1.0596,-3.1603,-1.3053,-0.855,0,0,0
-0.0833,0.0225,1.0515,-2.4656,-0.7634,-0.6794,0,0,0
-0.0852,0.0337,1.0457,-2.2061,-0.5191,0.0458,0,0,0
-0.0759,0.0283,1.0374,-1.7863,-0.7328,0.1985,0,0,0
-0.0779,0.0313,1.0437,-1.5802,-0.4504,0.2214,0,0,0
-0.0803,0.0391,1.0408,-1.1603,-0.2672,0.3206,0,0,0
-0.0723,0.0417,1.0359,-1.4351,0.084,0.4351,0,0,0
-0.0825,0.041,1.033,-2.0153,0.5802,0.1679,0,0,0
-0.0828,0.0452,1.0239,-2.2137,0.4198,-0.5573,0,0,0
-0.0813,0.0383,1.0254,-2.1374,0.145,-0.458,0,0,0
-0.0833,0.041,1.0322,-2.3969,0.0153,-0.3282,0,0,0
-0.0869,0.0417,1.0249,-2.1832,-0.2977,-0.1145,0,0,0
-0.0806,0.0425,1.0159,-1.916,-0.313,0.374,0,0,0
-0.0779,0.0452,1.0232,-1.3511,-0.3053,0.3435,0,0,0
-0.0759,0.0488,1.0208,-1.0763,-0.5267,0.2061,0,0,0
-0.0769,0.0513,1.0186,-1.145,-0.4656,-0.1603,0,0,0
-0.0784,0.0483,1.0168,-1.0992,-0.3511,-0.2748,0,0,0
-0.0764,0.0466,1.0237,-1.458,-0.4504,-0.5496,0,0,0
-0.0774,0.0498,1.0234,-2.2748,-0.374,-0.458,0,0,0
-0.0698,0.0491,1.0234,-2.7939,-0.0534,-0.5802,0,0,0
-0.0715,0.0515,1.0229,-2.7634,-0.4275,-0.9237,0,0,0
-0.0737,0.0454,1.0242,-2.4504,-0.4122,-1.1145,0,0,0
-0.0784,0.0459,1.012,-1.6947,-0.8779,-1.6718,0,0,0
-0.0828,0.0447,1.0186,-1.0534,-1.0153,-1.4809,0,0,0
-0.0828,0.0408,1.0217,-0.7634,-1.6565,-1.5115,0,0,0
-0.0823,0.0386,1.0173,-0.9084,-1.5038,-1.2824,0,0,0
-0.0825,0.0376,1.0249,-1.7863,-1.6336,-0.855,0,0,0
-0.0842,0.0413,1.0271,-2.2595,-1.1908,-0.3588,0,0,0
-0.0791,0.043,1.0222,-2.9313,-0.9237,0.0992,0,0,0
-0.0732,0.0447,1.0242,-2.7405,-1.7557,-0.4656,0,0,0
-0.0752,0.0432,1.0288,-2.5802,-1.9847,-0.6031,0,0,0
-0.073,0.0454,1.0317,-2.458,-1.9771,-1.3664,0,0,0
-0.0796,0.0354,1.0344,-2.1679,-1.9084,-1.4656,0,0,0
-0.0828,0.0337,1.0422,-1.3053,-1.3053,-1.0687,0,0,0
-0.085,0.033,1.0422,-1.145,-0.7099,-0.4122,0,0,0
-0.0825,0.033,1.0344,-1.1832,-0.2214,0.0458,0,0,0
-0.0852,0.0383,1.0251,-1.2519,-0.1908,0.7023,0,0,0
-0.0779,0.0422,1.0251,-1.6107,-0.6336,0.3053,0,0,0
-0.0771,0.0415,1.0295,-1.9466,-1.6107,-0.2214,0,0,0
-0.0769,0.0405,1.0278,-2.3053,-1.3511,0.0,0,0,0
-0.0796,0.04,1.0281,-2.2748,-0.9618,-0.3588,0,0,0
-0.0862,0.0293,1.0217,-1.855,-0.9389,-0.0763,0,0,0
-0.0833,0.0393,1.0159,-1.229,-1.6947,0.7557,0,0,0
-0.0632,0.0266,1.0203,-3.5573,-1.6641,1.0611,0,0,0
-0.0764,0.0413,1.0181,-2.8015,-1.229,0.6794,0,0,0
-0.0847,0.0242,1.012,-1.916,-1.2137,0.4504,0,0,0
-0.0713,0.0413,1.0176,-2.5115,-2.5191,1.229,0,0,0
-0.075,0.0303,1.022,-3.0763,-2.3817,1.3359,0,0,0
-0.0808,0.0405,1.0303,-3.0992,-2.084,1.6794,0,0,0
-0.0735,0.0515,1.0388,-3.7557,-1.7099,2.084,0,0,0
-0.0674,0.0554,1.0398,-4.4733,-1.1985,1.5115,0,0,0
-0.0701,0.0552,1.043,-4.4885,-0.8702,0.6565,0,0,0
-0.0667,0.0549,1.0281,-4.4046,-0.5878,0.2748,0,0,0
-0.0686,0.0513,1.0413,-3.6565,-0.3969,-0.0611,0,0,0
-0.0706,0.0486,1.0327,-2.8626,-0.1603,-0.4656,0,0,0
-0.0706,0.0405,1.0374,-1.9618,-0.2901,-1.0076,0,0,0
-0.0784,0.0437,1.0266,-0.5878,-0.3664,-0.7557,0,0,0
-0.0774,0.0503,1.0242,-0.6718,-0.7099,-0.7939,0,0,0
-0.0737,0.0503,1.0198,-0.9466,-0.8931,-0.8473,0,0,0
-0.0676,0.0503,1.0166,-1.7328,-1.0382,-1.2061,0,0,0
-0.0747,0.0483,1.0259,-2.6794,-0.6412,-1.6794,0,0,0
-0.0769,0.0415,1.0334,-3.5725,-0.0382,-1.9237,0,0,0
-0.0793,0.0398,1.0271,-2.855,-0.084,-1.8855,0,0,0
-0.082,0.0354,1.0256,-2.9847,0.0916,-1.7863,0,0,0
-0.0811,0.0327,1.0225,-2.0229,-0.4198,-1.313,0,0,0
-0.0823,0.0339,1.0303,-1.4275,-0.7557,-1.0458,0,0,0
-0.0779,0.0378,1.03,-1.229,-0.9389,-0.8015,0,0,0
-0.072,0.0374,1.0239,-1.9771,-0.7176,-1.1145,0,0,0
-0.074,0.0376,1.031,-2.2519,-0.7863,-1.313,0,0,0
-0.0745,0.0388,1.0291,-2.7481,-0.4275,-1.1679,0,0,0
-0.0728,0.0356,1.0312,-3.2519,-0.5191,-1.4351,0,0,0
-0.0825,0.0227,1.0337,-2.7176,-0.2901,-1.1527,0,0,0
-0.0825,0.0283,1.032,-2.0305,-0.5649,-1.2595,0,0,0
-0.0793,0.0298,1.0325,-1.6794,-0.313,-0.6794,0,0,0
-0.0776,0.0288,1.0356,-1.8244,-0.2519,-0.0534,0,0,0
-0.0767,0.031,1.0291,-1.5191,-0.2443,0.0229,0,0,0
-0.072,0.0352,1.0276,-1.4427,-0.3511,-0.0687,0,0,0
-0.0706,0.0386,1.0303,-1.9771,-0.2824,-0.2901,0,0,0
-0.071,0.0359,1.0188,-1.5267,-0.2824,-0.4275,0,0,0
-0.072,0.0403,1.0352,-1.9389,-0.4885,-0.7863,0,0,0
-0.072,0.0366,1.022,-2.0229,-0.3664,-0.771,0,0,0
-0.0786,0.0388,1.0208,-2.0534,-0.4351,-0.6031,0,0,0
-0.0715,0.041,1.022,-1.8092,-0.7786,-0.5725,0,0,0
-0.0774,0.0376,1.0232,-1.6107,-0.6947,-0.7481,0,0,0
-0.0767,0.0371,1.0298,-1.3359,-0.3511,-0.5115,0,0,0
-0.0791,0.0378,1.0237,-1.2366,-0.1756,-0.3511,0,0,0
-0.0715,0.0449,1.0142,-0.9924,-0.4885,-0.3893,0,0,0
-0.0742,0.0376,1.0203,-1.2595,-0.7786,-0.8092,0,0,0
-0.075,0.0459,1.0244,-1.6794,-1.2443,-1.3359,0,0,0
-0.0752,0.0396,1.0205,-1.8931,-1.2672,-1.6412,0,0,0
-0.075,0.0344,1.0269,-2.2672,-1.3588,-1.4809,0,0,0
-0.0786,0.0303,1.0359,-1.9695,-0.855,-1.2137,0,0,0
-0.0735,0.0291,1.04,-2.1374,-0.4504,-0.7176,0,0,0
-0.072,0.0391,1.0276,-2.4733,-0.4504,-0.3817,0,0,0
-0.0708,0.0413,1.0222,-2.313,-0.3588,-0.5496,0,0,0
-0.0747,0.0408,1.0239,-1.687,-0.0687,-0.855,0,0,0
-0.0728,0.0435,1.0359,-1.2061,-0.6183,-1.2366,0,0,0
-0.0776,0.0415,1.0415,-0.1756,-0.5191,-1.687,0,0,0
-0.0798,0.0425,1.032,-0.4504,0.1221,-1.542,0,0,0
-0.0779,0.042,1.031,-0.9466,0.8092,-1.0534,0,0,0
-0.0764,0.0474,1.0168,-1.1832,1.0916,-0.9313,0,0,0
-0.0691,0.0466,1.0063,-1.4046,0.6947,-0.8244,0,0,0
-0.071,0.0432,1.002,-1.2137,-0.4504,-1.374,0,0,0
-0.0684,0.0464,1.0078,-1.7405,-1.7099,-2.0534,0,0,0
-0.0715,0.0479,1.0193,-2.2824,-2.5115,-2.8244,0,0,0
-0.0811,0.033,1.0376,-2.7023,-2.1069,-2.9008,0,0,0
-0.0898,0.0247,1.043,-2.3359,-1.5115,-2.4046,0,0,0
-0.094,0.0276,1.052,-2.4351,-1.0687,-1.3588,0,0,0
-0.0847,0.0342,1.051,-2.2214,-0.3435,-0.9847,0,0,0
-0.0798,0.0381,1.051,-2.2519,0.0458,-0.9771,0,0,0
-0.0781,0.0386,1.0522,-2.6336,0.7786,-1.2824,0,0,0
-0.0715,0.0408,1.0513,-2.687,1.1069,-2.0,0,0,0
-0.0737,0.04,1.05,-2.6718,1.1679,-2.3206,0,0,0
-0.0767,0.0371,1.0447,-2.7328,1.8855,-2.374,0,0,0
-0.0742,0.0427,1.0503,-2.8015,2.7786,-3.1069,0,0,0
-0.0725,0.0271,1.0303,-3.1145,2.771,-2.6489,0,0,0
-0.0676,0.0327,1.0442,-2.7252,4.2061,-2.9313,0,0,0
-0.073,0.0305,1.0154,-2.4656,4.9008,-2.4885,0,0,0
-0.0764,0.0271,0.999,-2.458,4.1985,-2.2824,0,0,0
-0.0764,0.0256,0.9927,-1.6718,2.9237,-1.8321,0,0,0
-0.075,0.0264,0.9822,-1.0,1.4198,-1.3053,0,0,0
-0.0796,0.0325,0.981,-1.2519,-0.0687,-1.1298,0,0,0
-0.0767,0.0398,0.9912,-1.771,-1.0458,-0.7481,0,0,0
-0.0764,0.0386,0.9924,-2.5954,-1.8244,-1.0076,0,0,0
-0.084,0.0471,1.0093,-3.7252,-1.9847,-1.374,0,0,0
-0.0852,0.0313,1.0129,-3.7557,-2.5038,-1.5344,0,0,0
-0.0876,0.0283,1.0291,-3.4351,-2.313,-1.5496,0,0,0
-0.0869,0.0151,1.0322,-2.2748,-1.8397,-0.9237,0,0,0
-0.0847,0.0217,1.0334,-1.0611,-1.7863,0.2519,0,0,0
-0.0842,0.0356,1.0242,-0.5725,-2.0458,0.6565,0,0,0
-0.0884,0.042,1.0227,-1.2672,-2.1145,0.9389,0,0,0
-0.0779,0.0488,1.0366,-2.0763,-2.1908,0.3359,0,0,0
-0.0703,0.0569,1.0334,-2.9008,-1.7557,-0.542,0,0,0
-0.0676,0.051,1.0496,-3.1145,-1.2824,-1.3588,0,0,0
-0.0735,0.0471,1.0437,-3.2137,-0.542,-2.145,0,0,0
-0.0754,0.0396,1.0403,-2.7634,-0.3282,-3.145,0,0,0
-0.0813,0.0291,1.0391,-2.6489,-0.084,-3.5191,0,0,0
-0.0879,0.0166,1.0439,-2.0534,-0.1145,-3.1298,0,0,0
-0.0884,0.0205,1.0352,-1.855,0.2672,-2.1832,0,0,0
-0.082,0.0198,1.0378,-2.2824,0.5267,-1.145,0,0,0
-0.0796,0.0264,1.0371,-2.5649,0.8092,-0.5191,0,0,0
-0.0728,0.0339,1.0259,-2.5191,1.1756,-0.5115,0,0,0
-0.0698,0.0347,1.0261,-2.5267,1.2977,-1.0992,0,0,0
-0.0732,0.0405,1.0149,-2.5115,1.2061,-1.9313,0,0,0
-0.0798,0.0342,1.0103,-1.7634,0.5725,-3.0076,0,0,0
-0.0852,0.0183,1.0066,-1.5954,-0.2901,-3.1756,0,0,0
-0.0908,0.0137,1.0054,-1.2977,-0.9771,-2.2824,0,0,0
-0.0938,0.0112,1.0095,-1.3206,-1.2977,-0.7557,0,0,0
-0.0884,0.0186,1.0164,-1.8931,-1.4122,0.4504,0,0,0
-0.0757,0.0239,1.0203,-2.4351,-1.2214,0.9466,0,0,0
-0.0762,0.0313,1.0186,-2.8015,-1.1603,0.8473,0,0,0
-0.0703,0.0366,1.0242,-2.4198,-1.3359,0.0534,0,0,0
-0.0732,0.0391,1.0298,-2.7328,-1.8015,-0.7557,0,0,0
-0.0801,0.0405,1.0261,-2.313,-1.9695,-1.5802,0,0,0
-0.083,0.0352,1.0305,-1.7786,-2.0229,-1.7863,0,0,0
-0.0811,0.0313,1.0264,-1.9313,-1.855,-2.0763,0,0,0
-0.0789,0.0244,1.0249,-1.6947,-1.9924,-1.1908,0,0,0
-0.0732,0.0269,1.0293,-2.0153,-1.916,-0.7328,0,0,0
-0.0742,0.0315,1.033,-1.9389,-1.9618,-1.1908,0,0,0
-0.0691,0.0273,1.0344,-2.0992,-1.9466,-1.7939,0,0,0
-0.0623,0.0212,1.0339,-1.9237,-2.2519,-1.7481,0,0,0
-0.0696,0.0181,1.0283,-1.7176,-2.1756,-2.2366,0,0,0
-0.0701,0.0085,1.0374,-0.7786,-2.1603,-2.4351,0,0,0
-0.0813,0.0159,1.0386,-0.7405,-2.084,-1.6031,0,0,0
-0.0869,0.0164,1.0376,-0.2672,-1.4275,-0.5802,0,0,0
-0.0894,0.02,1.042,-0.0534,-0.9466,-0.1527,0,0,0
-0.082,0.0305,1.0281,-0.2977,-0.542,0.3588,0,0,0
-0.0786,0.0273,1.0298,-0.1756,-0.916,0.084,0,0,0
-0.0745,0.0339,1.0203,-0.1298,-1.4275,-0.4351,0,0,0
-0.0791,0.0313,1.0303,-0.4504,-1.229,-1.0382,0,0,0
-0.0769,0.0256,1.0283,-0.1374,-1.2061,-1.1145,0,0,0
-0.0852,0.0298,1.0337,-0.4351,-0.9771,-1.0687,0,0,0
-0.0886,0.0271,1.0239,-0.2901,-0.8626,-0.8702,0,0,0
-0.0886,0.0215,1.0227,-0.7328,-0.7786,-0.6718,0,0,0
-0.0881,0.0183,1.0254,-0.8397,-1.1908,-0.1298,0,0,0
-0.083,0.0168,1.0291,-0.9008,-1.3435,0.6107,0,0,0
-0.0825,0.0176,1.0366,-0.8702,-1.6107,1.4809,0,0,0
-0.0793,0.0242,1.031,-0.2137,-1.2137,2.3817,0,0,0
-0.0728,0.0352,1.0347,-0.2366,-0.7405,2.5649,0,0,0
-0.0742,0.0396,1.0203,-0.1756,-1.6336,3.2214,0,0,0
-0.0728,0.0627,1.0337,-0.0076,-1.3893,1.7328,0,0,0
-0.0752,0.0564,1.0269,-0.5191,-1.0611,0.1603,0,0,0
-0.074,0.0457,1.0217,-1.4885,-1.3511,-0.1603,0,0,0
-0.0752,0.0471,1.0381,-1.7863,-1.8244,0.3206,0,0,0
-0.0776,0.0454,1.0481,-1.4733,-1.6412,0.145,0,0,0
-0.0691,0.0461,1.0454,-1.1221,-0.5267,0.5344,0,0,0
-0.0664,0.0522,1.0498,-1.4656,0.2366,0.1069,0,0,0
-0.0635,0.0598,1.0386,-1.3969,0.9389,-0.6641,0,0,0
-0.0691,0.0576,1.0415,-1.9771,0.8779,-1.5344,0,0,0
-0.0684,0.0513,1.0327,-1.7405,0.916,-2.2748,0,0,0
-0.074,0.0457,1.0303,-1.6031,0.687,-2.5954,0,0,0
-0.0742,0.0386,1.0293,-1.1527,0.6183,-2.4733,0,0,0
-0.0745,0.0383,1.0271,-1.0687,0.2519,-2.0992,0,0,0
-0.0769,0.0388,1.0237,-0.8321,0.7786,-1.8244,0,0,0
-0.0752,0.0378,1.0244,-1.0611,0.9695,-1.3435,0,0,0
-0.0713,0.0452,1.012,-1.1832,0.9542,-0.9389,0,0,0
-0.0681,0.0444,1.0071,-1.7405,0.7786,-1.5573,0,0,0
-0.0718,0.0483,1.0049,-1.9084,0.0992,-1.9542,0,0,0
-0.0735,0.0381,1.0042,-1.916,-0.2901,-2.3817,0,0,0
-0.0759,0.0403,1.0093,-2.6031,-0.9466,-2.7405,0,0,0
-0.0811,0.0361,1.019,-2.374,-1.145,-3.0611,0,0,0
-0.0842,0.0232,1.0149,-2.2748,-1.3435,-2.2977,0,0,0
-0.0889,0.0181,1.0149,-1.9008,-1.6489,-1.5115,0,0,0
-0.0847,0.022,1.0154,-1.7786,-1.7252,-0.5115,0,0,0
-0.0776,0.0217,1.0161,-1.9466,-1.9542,0.3893,0,0,0
-0.0774,0.0322,1.0188,-2.6412,-2.1985,0.7023,0,0,0
-0.0776,0.0435,1.0276,-2.6947,-2.2061,0.4504,0,0,0
-0.0781,0.0422,1.0283,-2.9924,-2.313,-0.0992,0,0,0
-0.0762,0.0447,1.0337,-2.855,-1.9313,-0.7252,0,0,0
-0.0747,0.0374,1.0381,-2.6718,-1.8321,-1.2061,0,0,0
-0.0723,0.033,1.0364,-1.9542,-1.6641,-1.3359,0,0,0
-0.0754,0.0334,1.0264,-1.9695,-1.6718,-1.145,0,0,0
-0.073,0.0295,1.0361,-1.9618,-1.6641,-0.7634,0,0,0
-0.0708,0.0339,1.031,-2.0916,-1.5496,-0.8855,0,0,0
-0.0696,0.0425,1.0354,-2.7328,-1.5878,-0.6412,0,0,0
-0.0715,0.0386,1.0376,-3.2519,-1.374,-1.2214,0,0,0
-0.0715,0.0405,1.0332,-2.9542,-1.1679,-1.687,0,0,0
-0.0757,0.0334,1.0281,-2.1221,-1.0153,-1.7481,0,0,0
-0.0754,0.0283,1.0273,-1.6565,-1.4427,-2.0382,0,0,0
-0.075,0.0298,1.0266,-1.7863,-1.6718,-1.5496,0,0,0
-0.0742,0.0286,1.0352,-1.5267,-1.7023,-1.2137,0,0,0
-0.0774,0.0283,1.0327,-1.9084,-0.9084,-0.8092,0,0,0
-0.0713,0.0293,1.0332,-2.8855,-0.6641,-0.7099,0,0,0
-0.071,0.0315,1.0361,-3.3511,-0.5649,-0.626,0,0,0
-0.071,0.0325,1.0283,-3.2214,-0.374,-0.6412,0,0,0
-0.0757,0.0276,1.0293,-2.3664,-0.5115,-0.8397,0,0,0
-0.0737,0.0217,1.0266,-2.0534,-0.6107,-0.9084,0,0,0
-0.0725,0.0215,1.0364,-1.7099,-0.5954,-0.2443,0,0,0
-0.0747,0.0225,1.03,-1.0534,0.0992,0.1145,0,0,0
-0.0759,0.032,1.0286,-1.1985,-0.2595,0.3282,0,0,0
-0.0725,0.0356,1.0166,-1.5649,-0.3588,0.4809,0,0,0
-0.0688,0.033,1.0222,-1.7557,-0.6641,0.145,0,0,0
-0.0662,0.0339,1.0254,-1.916,-1.3817,0.1908,0,0,0
-0.0691,0.0327,1.0361,-2.3053,-1.0229,-0.0687,0,0,0
-0.0686,0.0305,1.0322,-1.8779,-0.5115,0.1908,0,0,0
-0.0667,0.0342,1.0288,-1.8473,-0.3969,0.2748,0,0,0
-0.0701,0.0383,1.0242,-1.7481,-0.0458,0.0611,0,0,0
-0.0676,0.0403,1.0205,-1.374,-0.5115,-0.3359,0,0,0
-0.0681,0.0352,1.0125,-1.1908,-0.7939,-0.5038,0,0,0
-0.0691,0.0354,1.0227,-1.6336,-1.3282,-0.5878,0,0,0
-0.0737,0.043,1.0269,-1.8779,-1.0916,-0.3053,0,0,0
-0.0676,0.0383,1.0366,-3.0153,-0.9466,-0.2519,0,0,0
-0.0718,0.0369,1.0276,-3.2824,-0.3969,-0.2366,0,0,0
-0.0657,0.0408,1.0215,-2.313,-0.4733,-0.6794,0,0,0
-0.0754,0.0432,1.0225,-1.6718,-0.7634,-1.1603,0,0,0
-0.0696,0.0342,1.0251,-1.2901,-1.145,-1.8779,0,0,0
-0.0732,0.0273,1.0205,-1.458,-1.8931,-2.0305,0,0,0
-0.071,0.0237,1.03,-1.1985,-1.9542,-2.0382,0,0,0
-0.0735,0.0237,1.0298,-1.687,-1.4275,-0.7481,0,0,0
-0.0725,0.0322,1.0286,-2.2137,-0.6336,-0.2748,0,0,0
-0.0713,0.0383,1.0239,-2.6031,-0.4275,-0.9313,0,0,0
-0.0752,0.041,1.0249,-2.5649,-0.9389,-1.1069,0,0,0
-0.0754,0.0396,1.0181,-2.1756,-2.0,-1.4733,0,0,0
-0.0681,0.0408,1.0293,-1.9695,-2.2366,-2.2061,0,0,0
-0.0652,0.0378,1.0308,-1.6107,-2.4885,-2.2519,0,0,0
-0.0681,0.0315,1.0396,-1.4122,-2.0,-2.3206,0,0,0
-0.0662,0.0256,1.031,-1.1908,-1.2214,-2.2977,0,0,0
-0.0676,0.0305,1.0295,-1.3359,-1.0992,-2.4504,0,0,0
-0.0664,0.0349,1.0298,-1.7023,-1.145,-2.6565,0,0,0
-0.0681,0.0264,1.0288,-1.8855,-1.1374,-3.3359,0,0,0
-0.0654,0.0266,1.0193,-1.2366,-1.6031,-3.4504,0,0,0
-0.0696,0.0276,1.0229,-1.145,-2.5954,-3.771,0,0,0
-0.0674,0.0313,1.0315,-0.9695,-3.1527,-3.7863,0,0,0
-0.0681,0.0288,1.0393,-0.6794,-3.0153,-3.9542,0,0,0
-0.0732,0.0305,1.0381,1.0611,-2.7023,-4.2519,0,0,0
-0.0671,0.0107,1.0417,0.9313,-2.9008,-4.0153,0,0,0
-0.0808,-0.0076,1.0505,0.9618,-1.9237,-2.7634,0,0,0
-0.0854,-0.0151,1.0525,0.3206,0.0382,0.3817,0,0,0
-0.0776,-0.0054,1.0417,-1.2595,1.9771,4.0,0,0,0
-0.0725,0.0076,1.0291,-3.1679,2.9389,6.2977,0,0,0
-0.0688,0.0291,1.0256,-3.5802,3.3206,7.1145,0,0,0
-0.0627,0.0334,1.022,-4.4122,2.8702,6.626,0,0,0
-0.064,0.0383,1.0181,-4.7939,2.5344,6.9695,0,0,0
-0.0654,0.0391,1.0242,-5.458,2.6641,7.6641,0,0,0
-0.0708,0.0293,1.0264,-8.6183,3.2672,8.6641,0,0,0
-0.0869,-0.0073,1.0393,-12.2824,5.0534,10.7099,0,0,0
-0.0916,-0.0454,1.0557,-16.5267,6.8931,14.8855,0,0,0
-0.1069,-0.0542,1.053,-19.6718,10.2595,21.1908,0,0,0
-0.1064,-0.0552,1.0488,-26.8702,13.8855,27.4809,0,0,0
-0.0991,-0.0386,1.0215,-28.5038,15.2901,34.1221,0,0,0
-0.0803,0.0098,1.0066,-31.3511,13.9618,36.771,0,0,0
-0.0701,0.031,1.0132,-34.458,12.8015,33.916,0,0,0
-0.0732,0.0249,1.0254,-34.3893,12.0611,30.5038,0,0,0
-0.0828,-0.0095,1.0244,-32.4962,10.8244,28.3893,0,0,0
-0.0991,-0.0198,1.0315,-26.8779,8.9084,28.4198,0,0,0
-0.1057,-0.0212,1.0269,-20.3511,7.1679,29.0153,0,0,0
-0.0991,-0.0142,1.0273,-13.0611,5.2824,28.4885,0,0,0
-0.0818,-0.0002,1.0168,-8.2748,3.5267,25.771,0,0,0
-0.0828,-0.0068,1.0149,-4.2519,1.5267,22.4122,0,0,0
-0.092,-0.0066,1.0193,-1.8702,0.7634,19.8168,0,0,0
-0.0986,-0.0105,1.0105,-1.2214,-0.0458,18.0611,0,0,0
-0.0996,-0.0063,1.0017,-1.7863,-0.2443,16.9008,0,0,0
-0.0884,0.0081,0.9958,-3.2977,-0.7786,14.9771,0,0,0
-0.0845,0.0159,1.0029,-5.2061,-1.1374,12.3893,0,0,0
-0.0808,0.0259,1.0037,-6.6412,-1.626,9.3282,0,0,0
-0.0796,0.0222,1.0161,-6.8473,-2.1832,6.3282,0,0,0
-0.0813,0.0173,1.0247,-6.1374,-2.8779,4.145,0,0,0
-0.0803,0.0081,1.0352,-4.6718,-3.0229,1.9389,0,0,0
-0.0867,-0.0071,1.0413,-1.7634,-2.9466,0.9084,0,0,0
-0.0908,-0.0129,1.04,0.7557,-2.8855,0.3511,0,0,0
-0.0891,-0.0054,1.0374,2.0687,-2.5725,0.4122,0,0,0
-0.0864,0.0015,1.0403,2.0611,-1.6794,0.916,0,0,0
-0.0791,0.0051,1.0347,1.0611,-0.9695,0.2977,0,0,0
-0.084,0.0098,1.033,0.1145,-0.1603,-0.5725,0,0,0
-0.082,0.0012,1.0156,-1.145,-0.084,-1.5496,0,0,0
-0.0898,-0.0017,1.0164,-1.8015,-0.7634,-1.9237,0,0,0
-0.092,-0.0007,1.0205,-1.9389,-1.2672,-2.2214,0,0,0
-0.0898,-0.0032,1.0264,-2.1221,-1.1756,-1.9695,0,0,0
-0.093,0.0037,1.0237,-1.8931,-0.4351,-1.9618,0,0,0
-0.0891,-0.0022,1.0234,-1.855,-0.7405,-2.6794,0,0,0
-0.0894,-0.0103,1.0168,-0.8321,-0.7328,-2.8473,0,0,0
-0.0918,-0.0166,1.0237,-0.542,-1.2672,-2.7863,0,0,0
-0.092,-0.011,1.0225,-0.6565,-0.9847,-2.2672,0,0,0
-0.0886,-0.0085,1.0293,-1.0611,-0.4275,-1.7939,0,0,0
-0.0913,0.0,1.022,-2.3435,0.145,-1.8015,0,0,0
-0.0889,-0.0049,1.0166,-3.5802,0.5878,-2.374,0,0,0
-0.094,-0.0073,1.0098,-3.8626,-0.0534,-2.7863,0,0,0
-0.0962,-0.0129,1.0161,-3.8321,-1.0229,-3.1069,0,0,0
-0.0959,-0.0161,1.0198,-2.8244,-1.7939,-2.8397,0,0,0
-0.0957,-0.0134,1.022,-2.1603,-2.2595,-2.7863,0,0,0
-0.0913,-0.0081,1.0281,-1.542,-2.4427,-2.5267,0,0,0
-0.0896,-0.0095,1.0305,-1.5496,-2.3511,-2.5649,0,0,0
-0.0847,-0.0073,1.0303,-2.2595,-1.5802,-2.7557,0,0,0
-0.0859,-0.0034,1.0391,-2.5802,-0.8779,-3.2977,0,0,0
-0.0906,-0.0071,1.0281,-2.7252,-0.2061,-3.9313,0,0,0
-0.0918,-0.0061,1.0198,-2.6107,-0.3664,-4.5267,0,0,0
-0.0928,-0.01,1.0164,-2.5267,-1.0076,-5.0992,0,0,0
-0.0881,-0.0137,1.0154,-2.5496,-1.855,-5.2672,0,0,0
-0.0906,-0.0181,1.0217,-2.3588,-2.3206,-5.7023,0,0,0
-0.0869,-0.0205,1.0308,-2.2595,-2.0,-6.4504,0,0,0
-0.0881,-0.0322,1.0332,-2.4275,-1.7176,-6.2061,0,0,0
-0.0942,-0.0396,1.0325,-2.0076,-0.8168,-5.9542,0,0,0
-0.0938,-0.0432,1.0371,-1.542,-0.6565,-5.1985,0,0,0
-0.0972,-0.05,1.03,-1.9618,-0.2443,-3.8473,0,0,0
-0.1023,-0.0493,1.0403,-1.8015,-0.145,-2.2748,0,0,0
-0.105,-0.0479,1.04,-2.4351,0.3588,-1.1069,0,0,0
-0.0962,-0.0413,1.0376,-2.145,1.0382,0.0687,0,0,0
-0.0945,-0.0303,1.0315,-2.5344,1.1374,0.0916,0,0,0
-0.0933,-0.0217,1.0305,-2.0229,1.3053,-0.3588,0,0,0
-0.0945,-0.0198,1.02,-1.6412,1.0458,-0.8397,0,0,0
-0.0928,-0.0264,1.0234,-1.0992,0.4122,-1.1679,0,0,0
-0.093,-0.0261,1.0232,-0.6031,-0.1603,-1.2748,0,0,0
-0.0994,-0.0283,1.0225,-0.5573,-0.2672,-1.1527,0,0,0
-0.0996,-0.0322,1.0249,-0.8397,0.1908,-0.0763,0,0,0
-0.1008,-0.0354,1.0139,-1.0,0.3359,0.5573,0,0,0
-0.0962,-0.0283,1.0073,-1.5954,-0.1603,1.1756,0,0,0
-0.0996,-0.0188,1.0164,-1.6565,-0.687,1.4351,0,0,0
-0.0962,-0.0171,1.0183,-1.5191,-1.4962,1.4733,0,0,0
-0.0879,-0.0122,1.0244,-1.6031,-1.1374,1.1756,0,0,0
-0.0864,-0.012,1.0305,-1.7405,-1.0,0.5573,0,0,0
-0.0891,-0.0098,1.0349,-1.8168,-0.4351,-0.2061,0,0,0
-0.0872,-0.0095,1.0356,-1.0305,-0.1908,-0.9237,0,0,0
-0.0894,-0.0156,1.0242,-0.9542,-0.5115,-1.0992,0,0,0
-0.0925,-0.0146,1.0254,-0.4733,-0.6412,-1.3893,0,0,0
-0.0952,-0.0159,1.0247,-0.8855,-1.0305,-1.4046,0,0,0
-0.0977,-0.0249,1.0247,-1.4885,-1.1527,-1.0992,0,0,0
-0.0972,-0.0269,1.0327,-1.4809,-0.9466,-0.4733,0,0,0
-0.0979,-0.0249,1.0295,-1.542,-0.2901,0.2672,0,0,0
-0.092,-0.0212,1.0266,-1.7634,-0.2061,1.0763,0,0,0
-0.0889,-0.0203,1.0281,-1.5115,0.0229,0.8397,0,0,0
-0.0891,-0.0164,1.0222,-1.3969,-0.1527,0.6718,0,0,0
-0.0903,-0.0085,1.0264,-1.3359,-0.5496,0.1679,0,0,0
-0.0913,-0.0134,1.0166,-1.3893,-1.0687,-0.8168,0,0,0
-0.0886,-0.0244,1.0408,-1.374,-1.0611,-0.7634,0,0,0
-0.0935,-0.0208,1.032,-1.3969,-0.4809,0.0,0,0,0
-0.0896,-0.0227,1.0271,-1.6183,0.1374,0.6183,0,0,0
-0.0933,-0.0103,1.022,-1.6031,0.5191,0.5038,0,0,0
-0.0908,-0.0083,1.0244,-2.0305,1.0382,0.3664,0,0,0
-0.0928,-0.0105,1.0122,-2.1374,0.3053,-0.458,0,0,0
-0.0938,-0.0125,1.0122,-1.8168,-0.6565,-0.771,0,0,0
-0.0933,-0.0146,1.0225,-1.0229,-1.5038,-1.5038,0,0,0
-0.0938,-0.02,1.0327,-0.4504,-1.9084,-1.4275,0,0,0
-0.0923,-0.0295,1.0403,-0.0992,-1.6107,-1.1145,0,0,0
-0.0977,-0.0313,1.0332,-0.5344,-0.626,-0.4962,0,0,0
-0.0955,-0.0308,1.0317,-0.8779,-0.0611,0.7252,0,0,0
-0.0986,-0.0266,1.0217,-1.2519,0.0611,1.3053,0,0,0
-0.092,-0.0161,1.0225,-2.1832,-0.0229,1.8244,0,0,0
-0.0889,-0.0063,1.0205,-2.3817,-0.0916,1.2672,0,0,0
-0.0906,0.0,1.0291,-2.2748,0.1069,0.2977,0,0,0
-0.0862,-0.0049,1.0193,-1.9389,-0.313,-0.9389,0,0,0
-0.0906,-0.0125,1.0298,-1.8168,-0.5573,-1.5954,0,0,0
-0.0986,-0.0171,1.0256,-1.5191,-0.6489,-1.6947,0,0,0
-0.0964,-0.0283,1.0349,-0.7557,-0.8168,-1.2824,0,0,0
-0.0977,-0.0271,1.0269,-0.5649,-0.3282,-0.4427,0,0,0
-0.0972,-0.0234,1.0266,-0.6794,0.0,0.2977,0,0,0
-0.0938,-0.0193,1.019,-1.1221,0.1832,0.6794,0,0,0
-0.0903,-0.0107,1.0149,-1.1679,-0.0382,0.4427,0,0,0
-0.0903,-0.0095,1.0112,-1.8855,-0.6489,-0.145,0,0,0
-0.0859,-0.0098,1.0234,-2.1832,-1.229,-0.8931,0,0,0
-0.0903,-0.0095,1.02,-1.8244,-1.6489,-1.542,0,0,0
-0.0906,-0.0242,1.0298,-1.3435,-2.0687,-2.0076,0,0,0
-0.0977,-0.0286,1.033,-1.3206,-1.8779,-1.5115,0,0,0
-0.0989,-0.0256,1.0295,-1.0534,-1.4351,0.0916,0,0,0
-0.0972,-0.0178,1.0325,-0.8855,-0.7557,1.4046,0,0,0
-0.0894,-0.0054,1.0325,-1.1374,-0.3969,1.9771,0,0,0
-0.0854,0.0039,1.0281,-1.6031,-0.4504,0.7023,0,0,0
-0.0825,0.0068,1.0312,-1.916,-0.5725,-0.7634,0,0,0
-0.0806,-0.001,1.0388,-1.7252,-0.5344,-2.4198,0,0,0
-0.0889,-0.0144,1.0466,-1.8779,-0.1298,-3.2061,0,0,0
-0.0935,-0.0137,1.0452,-1.542,0.9008,-2.8931,0,0,0
-0.0876,-0.0215,1.0247,-1.0382,1.1374,-2.2672,0,0,0
-0.0906,-0.0273,1.0232,-1.2214,1.1679,-1.8473,0,0,0
-0.0911,-0.0205,1.0225,-1.0458,0.3893,-1.4427,0,0,0
-0.0952,-0.022,1.0176,-1.1374,-0.0305,-1.3893,0,0,0
-0.095,-0.0215,1.0212,-1.3817,-0.1985,-0.7405,0,0,0
-0.1018,-0.0198,1.0325,-1.8015,0.0916,-0.4046,0,0,0
-0.0981,-0.0173,1.0325,-2.1374,0.9084,-0.1603,0,0,0
-0.0969,-0.0188,1.0259,-2.4427,1.4427,-0.1527,0,0,0
-0.092,-0.0081,1.0164,-2.313,0.9695,-0.4733,0,0,0
-0.0886,-0.0117,1.0156,-1.7863,0.2824,-0.8015,0,0,0
-0.0933,-0.0125,1.022,-1.5878,-0.5344,-1.4198,0,0,0
-0.0969,-0.0134,1.0217,-1.3664,-0.626,-2.2672,0,0,0
-0.0991,-0.0237,1.0227,-1.2519,-0.458,-2.0153,0,0,0
-0.105,-0.0344,1.0293,-0.6183,-0.6031,-1.084,0,0,0
-0.1055,-0.0281,1.0229,-0.7099,-0.7481,-0.1069,0,0,0
-0.0991,-0.0264,1.0217,-1.3282,-1.0687,0.9237,0,0,0
-0.0991,-0.0217,1.0269,-1.8092,-0.771,1.458,0,0,0
-0.0891,-0.0115,1.0232,-2.2061,-0.7863,1.2977,0,0,0
-0.0889,-0.0049,1.0291,-2.687,-0.6031,0.5573,0,0,0
-0.0901,-0.0105,1.0312,-2.2672,-0.3206,-0.374,0,0,0
-0.093,-0.0081,1.0237,-1.6565,-0.7557,-1.4809,0,0,0
-0.0935,-0.0107,1.0273,-1.2137,-1.2214,-1.7939,0,0,0
-0.0928,-0.0193,1.0259,-1.3511,-1.2672,-1.313,0,0,0
-0.0942,-0.021,1.0391,-1.5496,-0.7099,-0.6718,0,0,0
-0.0942,-0.019,1.0454,-1.5267,-0.3969,0.0458,0,0,0
-0.0974,-0.0188,1.0374,-2.0458,0.9084,0.4504,0,0,0
-0.0964,-0.0151,1.0334,-2.2672,0.8855,0.2672,0,0,0
-0.0991,-0.0125,1.0227,-1.6107,0.6947,0.1374,0,0,0
-0.0981,-0.0103,1.0215,-1.1374,-0.1145,-0.9008,0,0,0
-0.095,-0.0117,1.0139,-0.5878,-0.5038,-0.9695,0,0,0
-0.0906,-0.0127,1.0239,-0.4046,-1.4198,-0.8779,0,0,0
-0.0947,-0.0125,1.0269,-0.9084,-1.0,-0.9084,0,0,0
-0.0896,-0.0139,1.033,-1.7176,0.0611,-0.7939,0,0,0
-0.0879,-0.019,1.033,-2.6718,0.916,-0.6031,0,0,0
-0.0955,-0.0171,1.0298,-2.626,1.5344,-0.542,0,0,0
-0.0977,-0.0149,1.0178,-2.5191,1.3053,-0.5649,0,0,0
-0.0945,-0.0139,1.0176,-1.8779,0.2672,-0.3893,0,0,0
-0.0996,-0.0129,1.0168,-0.8702,-0.771,-0.4504,0,0,0
-0.1028,-0.012,1.01,-0.8244,-1.2519,-0.6412,0,0,0
-0.093,-0.0198,1.01,-0.5496,-1.374,-0.3359,0,0,0
-0.0935,-0.0212,1.0229,-1.0305,-1.6336,0.1145,0,0,0
-0.0962,-0.0154,1.0281,-1.7481,-1.374,0.2366,0,0,0
-0.0923,-0.0161,1.0283,-2.2748,-0.8244,0.542,0,0,0
-0.094,-0.012,1.0293,-2.855,0.0916,0.5267,0,0,0
-0.0891,-0.0085,1.0303,-2.6336,0.4122,0.3969,0,0,0
-0.0947,-0.0068,1.0261,-2.229,0.1069,-0.1679,0,0,0
-0.0967,-0.0095,1.0251,-1.7863,-0.0458,-0.9389,0,0,0
-0.1006,-0.0161,1.0195,-0.6718,-0.9618,-1.1221,0,0,0
-0.0974,-0.0176,1.0249,-0.5267,-1.6031,-1.1145,0,0,0
-0.0991,-0.0198,1.0305,-0.7023,-1.3435,-0.6107,0,0,0
-0.0935,-0.0095,1.0378,-1.313,-1.3053,-0.0229,0,0,0
-0.0918,-0.0078,1.0317,-1.855,0.1603,0.2977,0,0,0
-0.0869,-0.0029,1.0305,-2.2824,0.2519,0.0611,0,0,0
-0.0847,-0.0024,1.0205,-3.0076,0.4122,-0.7481,0,0,0
-0.0901,-0.0022,1.0315,-3.1221,0.1374,-2.0458,0,0,0
-0.0991,-0.0129,1.0242,-2.4504,0.0076,-2.9313,0,0,0
-0.1008,-0.0259,1.0288,-1.8855,0.0687,-2.1298,0,0,0
-0.0986,-0.0339,1.0215,-0.8015,-0.1603,-0.9847,0,0,0
-0.0994,-0.0259,1.0151,-0.3282,-0.2214,-0.229,0,0,0
-0.1021,-0.0229,1.0181,-0.855,-0.7176,0.5267,0,0,0
-0.094,-0.0181,1.0188,-1.0916,-0.8779,0.626,0,0,0
-0.0925,-0.0107,1.0249,-1.7023,-0.8473,0.145,0,0,0
-0.0935,-0.011,1.0344,-2.4809,-0.5496,-0.8779,0,0,0
-0.0952,-0.0151,1.0217,-2.5038,-0.6412,-1.458,0,0,0
-0.0984,-0.0222,1.022,-2.4809,-0.5115,-1.3664,0,0,0
-0.1013,-0.02,1.0256,-2.0687,-0.8168,-0.5954,0,0,0
-0.1013,-0.022,1.0232,-1.9695,-1.5878,0.3435,0,0,0
-0.0962,-0.0208,1.0273,-1.5496,-1.8779,1.0763,0,0,0
-0.0955,-0.0063,1.0347,-1.1298,-1.4122,1.2366,0,0,0
-0.0889,-0.0034,1.0432,-1.0992,-0.6489,0.9084,0,0,0
-0.0823,0.0073,1.0288,-1.5344,0.2137,-0.1679,0,0,0
-0.0862,-0.002,1.0225,-1.6183,0.2672,-1.2061,0,0,0
-0.0876,-0.0022,1.0227,-2.3664,0.145,-2.3053,0,0,0
-0.0935,-0.0122,1.0266,-2.8092,-0.4427,-2.8626,0,0,0
-0.0974,-0.0234,1.0352,-2.7405,-0.5267,-2.4962,0,0,0
-0.1011,-0.0315,1.0378,-3.0305,0.2366,-1.8779,0,0,0
-0.0996,-0.032,1.04,-2.6565,0.4962,-0.7405,0,0,0
-0.0969,-0.0283,1.0325,-2.1603,1.0153,-0.2214,0,0,0
-0.0984,-0.0173,1.0312,-1.3435,1.1832,-0.0992,0,0,0
-0.0999,-0.0168,1.0122,-0.916,0.7405,-0.6107,0,0,0
-0.0979,-0.0232,1.0002,-0.6718,-0.2061,-0.7099,0,0,0
-0.0979,-0.0269,1.0007,-0.4351,-1.2443,-0.2443,0,0,0
-0.0959,-0.0195,1.0203,-0.8092,-2.0229,0.1679,0,0,0
-0.0989,-0.019,1.0352,-1.4351,-2.4046,0.8397,0,0,0
-0.0962,-0.0168,1.0393,-2.1908,-0.9389,0.8397,0,0,0
-0.094,-0.0139,1.0386,-2.0229,0.3435,0.855,0,0,0
-0.0962,-0.0098,1.0234,-1.5115,0.9389,0.229,0,0,0
-0.0974,-0.0066,1.012,-0.916,0.4351,-0.084,0,0,0
-0.0952,-0.0117,1.0029,-0.2137,-1.3282,-0.3969,0,0,0
-0.1011,-0.0134,1.0115,0.145,-2.6107,-0.687,0,0,0
-0.1023,-0.0168,1.0293,-0.313,-3.4351,-0.6489,0,0,0
-0.0925,-0.0151,1.0383,-0.7405,-2.7023,0.0076,0,0,0
-0.0972,-0.0081,1.0435,-1.7099,-1.7176,1.0076,0,0,0
-0.0874,0.0005,1.0442,-3.0611,0.2672,0.9389,0,0,0
-0.085,0.0061,1.0349,-3.4733,1.4809,0.1374,0,0,0
-0.0876,0.0107,1.0203,-3.1527,1.6565,-1.4198,0,0,0
-0.0859,-0.0054,1.0181,-2.4427,0.1985,-2.7863,0,0,0
-0.0911,-0.0117,1.0195,-1.3588,-1.145,-3.3664,0,0,0
-0.1011,-0.0188,1.0259,-1.1527,-1.4809,-3.2137,0,0,0
-0.0986,-0.0264,1.0425,-1.4809,-0.771,-2.7328,0,0,0
-0.1006,-0.0276,1.0427,-1.8779,0.1832,-1.313,0,0,0
-0.1008,-0.0227,1.0347,-1.9008,0.9313,-0.7786,0,0,0
-0.0996,-0.0195,1.0217,-2.1145,1.4733,-0.4122,0,0,0
-0.0964,-0.0168,1.0188,-1.8779,0.6718,-0.5878,0,0,0
-0.0935,-0.0193,1.0137,-1.8168,-0.4656,-1.0229,0,0,0
-0.0964,-0.0249,1.0237,-1.5649,-0.8092,-1.3282,0,0,0
-0.1023,-0.0229,1.0281,-1.1527,-0.6565,-0.8626,0,0,0
-0.0972,-0.0266,1.0251,-1.2061,-0.2824,-0.313,0,0,0
-0.0945,-0.0276,1.0249,-1.4504,-0.0534,0.5267,0,0,0
-0.0955,-0.0142,1.0161,-1.5802,-0.1374,0.5191,0,0,0
-0.0969,-0.0122,1.0132,-1.8855,-0.4351,0.3664,0,0,0
-0.0959,-0.0151,1.02,-1.8702,-1.1679,-0.1527,0,0,0
-0.1023,-0.0146,1.0188,-2.0076,-1.2595,0.1603,0,0,0
-0.1003,-0.0144,1.0164,-1.9466,-1.7405,0.4427,0,0,0
-0.0974,-0.0161,1.0244,-1.4656,-1.9771,0.7099,0,0,0
-0.0964,-0.0125,1.0298,-1.374,-1.5954,0.9389,0,0,0
-0.0942,-0.0107,1.0305,-0.9237,-1.3817,0.687,0,0,0
-0.0881,-0.0105,1.0359,-1.1527,-1.1603,0.5496,0,0,0
-0.0898,-0.0059,1.0334,-1.5191,-0.8168,-0.0305,0,0,0
-0.0901,-0.0066,1.0378,-2.0534,-0.2901,-0.0305,0,0,0
-0.0903,-0.0024,1.0398,-2.3359,0.4122,-0.542,0,0,0
-0.0959,-0.0081,1.0327,-2.5878,0.9695,-1.0076,0,0,0
-0.0955,-0.0061,1.0183,-2.6107,0.6107,-1.2214,0,0,0
-0.1001,-0.012,1.0222,-1.6947,-0.0763,-1.3588,0,0,0
-0.0994,-0.0127,1.0251,-1.1679,-0.5573,-1.374,0,0,0
-0.0969,-0.0183,1.0308,-0.4198,-0.3664,-0.9008,0,0,0
-0.0959,-0.0156,1.0234,-0.5649,-0.4962,-0.542,0,0,0
-0.095,-0.0134,1.0239,-0.7939,-0.313,-0.3053,0,0,0
-0.0884,-0.0088,1.0251,-2.0916,-0.0076,-0.8397,0,0,0
-0.092,-0.0093,1.0291,-3.2977,0.8321,-0.9466,0,0,0
-0.0945,-0.0093,1.0271,-4.2977,1.5115,-1.2366,0,0,0
-0.1011,-0.0193,1.0261,-3.7634,1.4122,-1.1985,0,0,0
-0.1028,-0.0247,1.0105,-2.4809,0.7176,-1.0153,0,0,0
-0.1018,-0.0249,1.011,-1.5878,-0.6794,-0.7405,0,0,0
-0.1055,-0.0242,1.0149,-1.2137,-1.6336,-0.6794,0,0,0
-0.1038,-0.0264,1.0181,-0.687,-1.6794,-0.0687,0,0,0
-0.104,-0.0193,1.0254,-0.8168,-1.2519,0.542,0,0,0
-0.1001,-0.0212,1.0288,-1.7634,-0.2595,1.1908,0,0,0
-0.0957,-0.0132,1.0247,-2.0076,-0.0763,1.5573,0,0,0
-0.0984,-0.01,1.0261,-2.229,-0.4351,0.8779,0,0,0
-0.0942,-0.0046,1.0237,-2.6031,-0.9771,0.1069,0,0,0
-0.0925,-0.0134,1.0298,-2.458,-1.4733,-0.4962,0,0,0
-0.0925,-0.0186,1.0398,-1.9542,-1.0382,-0.8397,0,0,0
-0.0955,-0.0212,1.0481,-1.4351,-0.1527,-0.5802,0,0,0
-0.0999,-0.0181,1.0437,-0.9389,0.5038,-0.0153,0,0,0
-0.0945,-0.0112,1.0417,-0.8931,1.229,0.4122,0,0,0
-0.0901,-0.0071,1.03,-1.4046,1.4427,0.084,0,0,0
-0.0903,-0.0037,1.0181,-1.4427,0.771,-0.3893,0,0,0
-0.0884,-0.0068,1.0203,-1.9847,0.0687,-1.2519,0,0,0
-0.0935,-0.0125,1.0278,-2.084,-0.3359,-1.6183,0,0,0
-0.1018,-0.0168,1.0303,-1.4962,0.0916,-1.4275,0,0,0
-0.1042,-0.0212,1.032,-1.3664,0.3282,-0.9695,0,0,0
-0.1001,-0.0215,1.0271,-1.0382,1.6183,-0.2595,0,0,0
-0.0979,-0.0146,1.0176,-1.3664,1.855,0.0305,0,0,0
-0.0989,-0.0076,1.0088,-1.771,1.4733,0.1908,0,0,0
-0.095,-0.0029,1.0049,-1.9237,0.374,-0.6947,0,0,0
-0.0977,-0.001,1.0085,-2.5038,-0.1374,-1.4809,0,0,0
-0.1001,-0.0068,1.0161,-2.3282,-0.5573,-2.4809,0,0,0
-0.1028,-0.02,1.0122,-1.5267,-1.0992,-2.9237,0,0,0
-0.1094,-0.0269,1.0146,-0.8015,-1.4809,-2.2901,0,0,0
-0.1106,-0.0293,1.0151,-0.6947,-1.9237,-0.7939,0,0,0
-0.1074,-0.0266,1.0164,-0.5267,-1.9008,0.1985,0,0,0
-0.0977,-0.0142,1.0164,-1.0763,-1.8321,1.0076,0,0,0
-0.0945,-0.0051,1.0239,-1.7328,-1.771,0.9313,0,0,0
-0.0925,-0.001,1.0283,-2.4198,-1.9237,0.1374,0,0,0
-0.0884,0.0007,1.0364,-2.8092,-1.5649,-1.3282,0,0,0
-0.0908,-0.0081,1.0374,-2.3282,-1.3588,-1.9771,0,0,0
-0.0962,-0.0081,1.0396,-1.8015,-1.0916,-2.5267,0,0,0
-0.0996,-0.0183,1.0276,-1.2748,-1.0229,-2.0305,0,0,0
-0.0979,-0.0186,1.042,-1.1832,-0.5725,-1.5267,0,0,0
-0.0974,-0.0144,1.0278,-1.1679,-0.4122,-1.2977,0,0,0
-0.0957,-0.0144,1.0205,-1.3588,-0.1221,-1.2595,0,0,0
-0.0969,-0.0132,1.0195,-1.7786,0.2672,-1.3206,0,0,0
-0.1021,-0.0049,1.0227,-2.5573,-0.0305,-1.5496,0,0,0
-0.1045,-0.0159,1.019,-2.2901,-0.3282,-1.4198,0,0,0
-0.1035,-0.0151,1.0264,-2.1527,-0.9008,-1.4122,0,0,0
-0.1038,-0.0203,1.0322,-1.8626,-0.7099,-1.0534,0,0,0
-0.1011,-0.021,1.0312,-1.4427,-1.0534,-0.6565,0,0,0
-0.0942,-0.0225,1.0237,-1.1832,-0.5038,0.1298,0,0,0
-0.0955,-0.0176,1.0188,-1.6565,-0.4122,0.6565,0,0,0
-0.0996,-0.0127,1.0237,-1.8931,-0.1603,0.626,0,0,0
-0.0972,-0.0088,1.0234,-2.6107,0.145,0.2443,0,0,0
-0.0916,-0.0142,1.0234,-3.3511,0.6565,-0.1985,0,0,0
-0.0964,-0.0059,1.0176,-3.542,0.6107,-0.8397,0,0,0
-0.0955,-0.0081,1.0132,-3.6336,-0.0153,-1.7405,0,0,0
-0.0986,-0.0132,1.0164,-2.9847,-0.9389,-2.374,0,0,0
-0.1001,-0.0264,1.0244,-2.313,-2.0763,-2.3664,0,0,0
-0.106,-0.042,1.0344,-1.2366,-1.7786,-1.6031,0,0,0
-0.1099,-0.041,1.0312,-0.8473,-1.4962,0.1374,0,0,0
-0.105,-0.0383,1.0269,-1.1527,-1.2901,2.3588,0,0,0
-0.0979,-0.0237,1.0327,-1.3359,-1.145,3.3435,0,0,0
-0.0898,0.0007,1.0291,-2.2824,-0.9466,2.7328,0,0,0
-0.0967,-0.0251,1.0347,-1.9542,-0.7099,-0.8015,0,0,0
-0.0989,-0.0215,1.0342,-1.9847,-0.6031,0.1985,0,0,0
-0.0942,-0.0134,1.0239,-2.0229,-0.2824,0.0992,0,0,0
-0.0969,-0.0085,1.0244,-1.5573,-0.687,-0.2824,0,0,0
-0.0935,-0.0144,1.0315,-1.6947,-0.771,-0.8015,0,0,0
-0.0977,-0.0093,1.0198,-1.9084,-0.4504,-1.4885,0,0,0
-0.0955,-0.01,1.0186,-2.0458,0.0687,-1.5802,0,0,0
-0.0962,-0.0132,1.0134,-2.0,-0.0458,-1.7405,0,0,0
-0.0969,-0.0188,1.0088,-2.0153,-0.9313,-1.8168,0,0,0
-0.103,-0.0288,1.0081,-1.4656,-2.374,-1.5725,0,0,0
-0.0991,-0.033,1.0183,-1.3282,-2.7252,-1.2061,0,0,0
-0.0923,-0.0356,1.0344,-1.7481,-2.7176,0.0992,0,0,0
-0.0952,-0.0186,1.0388,-2.5496,-1.7557,0.9771,0,0,0
-0.0962,-0.0044,1.0374,-2.9924,-0.2977,0.916,0,0,0
-0.0891,-0.0049,1.0371,-2.9237,0.1908,-0.2672,0,0,0
-0.0933,-0.0068,1.0234,-2.313,-0.5496,-1.2901,0,0,0
-0.0952,-0.0176,1.0195,-1.2977,-1.3588,-2.1374,0,0,0
-0.1003,-0.0269,1.0271,-0.9084,-2.1527,-1.8626,0,0,0
-0.0994,-0.0298,1.0422,-1.1221,-1.7863,-0.687,0,0,0
-0.0952,-0.0227,1.0461,-1.8855,-0.3206,0.1756,0,0,0
-0.0901,-0.0137,1.041,-2.5344,0.7328,0.6718,0,0,0
-0.0859,-0.0054,1.032,-3.0534,1.687,-0.0687,0,0,0
-0.0903,-0.009,1.0229,-2.855,1.2366,-0.9084,0,0,0
-0.0906,-0.0178,1.0107,-1.9542,-0.1069,-1.6031,0,0,0
-0.0981,-0.0247,1.0254,-0.7023,-0.9466,-1.7634,0,0,0
-0.104,-0.0276,1.0269,0.0382,-1.6565,-1.0305,0,0,0
-0.0994,-0.0286,1.0361,0.1145,-1.0076,0.3206,0,0,0
-0.0959,-0.0156,1.0383,-0.9237,-0.458,1.0687,0,0,0
-0.0925,-0.0066,1.0347,-2.0229,1.229,1.1069,0,0,0
-0.0962,0.0017,1.0273,-2.7252,1.9389,0.2519,0,0,0
-0.0967,-0.0005,1.0042,-2.855,1.3435,-1.2977,0,0,0
-0.1008,-0.0063,0.9971,-2.4504,0.0153,-1.6489,0,0,0
-0.0996,-0.0154,1.0059,-1.6031,-1.9618,-1.542,0,0,0
-0.1006,-0.0146,1.0122,-1.229,-2.6794,-1.145,0,0,0
-0.0962,-0.0149,1.0359,-1.1298,-2.3435,-0.5725,0,0,0
-0.094,-0.019,1.0432,-0.9847,-1.7863,0.0763,0,0,0
-0.0908,-0.0103,1.0388,-1.0305,-0.7023,-0.0153,0,0,0
-0.0925,-0.0056,1.0408,-1.313,-0.5802,-0.4427,0,0,0
-0.0913,-0.0054,1.0352,-1.1145,0.0153,-1.1221,0,0,0
-0.0925,-0.0107,1.0339,-1.8702,0.0611,-2.0763,0,0,0
-0.0974,-0.0144,1.0337,-2.3893,0.0611,-2.4046,0,0,0
-0.1003,-0.0234,1.0359,-2.4427,0.0076,-2.5954,0,0,0
-0.1028,-0.0322,1.0388,-2.0611,0.7481,-1.9771,0,0,0
-0.1086,-0.0374,1.0334,-1.5344,1.1679,-1.1374,0,0,0
-0.1086,-0.0359,1.0229,-1.6794,1.1756,-0.5115,0,0,0
-0.1028,-0.0383,1.0198,-1.1374,0.6718,0.3053,0,0,0
-0.1042,-0.0339,1.0232,-1.1603,0.0687,0.8779,0,0,0
-0.1077,-0.0271,1.0198,-1.4962,-0.1069,1.4656,0,0,0
-0.095,-0.0205,1.0232,-2.4275,0.0305,1.7786,0,0,0
-0.0972,-0.0146,1.0256,-2.5191,0.4198,1.3511,0,0,0
-0.0967,-0.0137,1.0222,-2.2519,0.458,0.7634,0,0,0
-0.0957,-0.0183,1.0181,-1.9466,-0.4122,0.2595,0,0,0
-0.1003,-0.0247,1.0208,-1.2443,-1.1298,0.6107,0,0,0
-0.1045,-0.0183,1.022,-1.0687,-1.5954,1.0305,0,0,0
-0.1016,-0.019,1.0295,-0.8015,-1.4962,1.6031,0,0,0
-0.0959,-0.0117,1.0244,-1.0611,-0.9008,1.9008,0,0,0
-0.092,-0.0042,1.0159,-1.626,-0.6565,1.6641,0,0,0
-0.0918,0.0056,1.0117,-2.3435,-0.3359,1.2137,0,0,0
-0.0874,0.0071,1.0164,-3.084,-0.4809,0.3511,0,0,0
-0.0837,-0.001,1.0198,-3.0229,-1.1603,-0.8244,0,0,0
-0.0933,-0.0073,1.0278,-2.7328,-1.7176,-1.4198,0,0,0
-0.0952,-0.0098,1.0264,-2.5115,-1.9084,-1.3893,0,0,0
-0.0913,-0.0117,1.0247,-2.0458,-1.4275,-0.771,0,0,0
-0.0955,-0.0112,1.032,-1.6336,-1.3817,-0.8779,0,0,0
-0.095,-0.0098,1.0291,-1.3435,-1.5496,-1.3588,0,0,0
-0.0945,-0.0078,1.0195,-0.7939,-2.2824,-2.1603,0,0,0
-0.0952,-0.0159,1.0159,-0.4504,-2.4504,-3.084,0,0,0
-0.0996,-0.0239,1.0222,-0.313,-3.1603,-3.0992,0,0,0
-0.0952,-0.0247,1.0149,-0.145,-3.458,-2.9771,0,0,0
-0.1006,-0.0244,1.0127,-0.0611,-3.8168,-2.9008,0,0,0
-0.0891,-0.0112,1.0093,0.5573,-4.9695,-3.1221,0,0,0
-0.0779,0.0081,1.0151,0.626,-6.5038,-4.7328,0,0,0
-0.0686,0.0337,1.0083,0.0992,-8.0229,-7.8397,0,0,0
-0.0596,0.0515,1.0347,-0.542,-8.9084,-12.0305,0,0,0
-0.0562,0.0498,1.0422,-0.1832,-8.5344,-16.2137,0,0,0
-0.0508,0.0605,1.0205,3.8702,-9.0229,-19.7634,0,0,0
-0.0474,0.0615,1.0444,5.3664,-9.6794,-24.8702,0,0,0
-0.0491,0.0474,1.0583,9.3435,-10.4809,-29.3817,0,0,0
-0.0662,0.0439,1.0896,15.9618,-10.7099,-32.6031,0,0,0
-0.0542,0.0276,1.0894,24.7481,-9.4046,-34.9618,0,0,0
-0.0627,0.02,1.0713,32.4809,-8.4733,-36.7099,0,0,0
-0.0708,0.0215,1.0457,38.687,-8.6565,-37.0992,0,0,0
-0.0679,0.0337,1.0334,43.2519,-9.7099,-37.6565,0,0,0
-0.0608,0.0491,1.0178,46.8855,-10.8321,-38.7023,0,0,0
-0.0488,0.0781,1.0056,49.3588,-12.9542,-40.6794,0,0,0
-0.0454,0.0916,1.011,50.4275,-13.2977,-44.7481,0,0,0
-0.0442,0.1245,1.0051,49.9618,-14.313,-47.0611,0,0,0
-0.0371,0.1152,1.0046,43.7557,-15.1679,-49.7634,0,0,0
-0.0349,0.1299,1.0076,40.5725,-15.9237,-51.9084,0,0,0
-0.0217,0.1145,1.0117,38.0763,-15.0305,-53.5191,0,0,0
-0.019,0.1377,1.033,32.0763,-13.1298,-56.2443,0,0,0
-0.0239,0.1089,1.02,27.0534,-12.2137,-57.3435,0,0,0
-0.0325,0.1145,1.0112,24.7786,-12.4122,-57.2519,0,0,0
-0.0374,0.0999,1.0161,26.0611,-13.0153,-57.4733,0,0,0
-0.0313,0.1067,1.0249,22.4962,-13.5802,-57.687,0,0,0
-0.0474,0.0898,0.9993,21.1756,-16.542,-56.5802,0,0,0
-0.0642,0.0708,1.0391,17.916,-16.4046,-53.3664,0,0,0
-0.063,0.0415,1.0547,14.084,-12.6947,-48.7252,0,0,0
-0.0693,0.0469,1.0789,8.7481,-7.542,-42.8244,0,0,0
-0.0852,0.0256,1.05,4.8779,-3.9008,-36.5115,0,0,0
-0.0872,0.0313,1.0483,3.9466,-3.2672,-30.2366,0,0,0
-0.0676,0.0369,1.0605,3.9771,-1.4046,-26.5802,0,0,0
-0.0667,0.0425,1.0547,3.8702,0.4962,-23.2443,0,0,0
-0.0732,0.0422,1.0269,4.1069,0.9542,-20.3511,0,0,0
-0.0786,0.0515,1.0315,4.8779,1.1603,-17.855,0,0,0
-0.0732,0.0471,1.0173,4.2366,0.6641,-16.0229,0,0,0
-0.0762,0.0415,1.0151,2.8321,1.0305,-13.0687,0,0,0
-0.0813,0.0371,1.0037,1.458,0.8321,-10.1069,0,0,0
-0.0815,0.0305,1.0032,-0.5267,-0.2519,-7.0076,0,0,0
-0.0869,0.0381,1.0024,-1.9313,-1.2061,-3.3053,0,0,0
-0.0815,0.0469,1.0146,-4.313,-0.7939,-0.1908,0,0,0
-0.0715,0.0459,1.0171,-6.084,0.0611,2.9313,0,0,0
-0.0645,0.0613,1.0085,-6.8779,-0.1374,4.8626,0,0,0
-0.0564,0.0754,1.0215,-6.7939,-0.4275,5.8931,0,0,0
-0.05,0.0876,1.0222,-5.2901,-1.1908,6.1221,0,0,0
-0.042,0.0972,1.0308,-3.1603,-1.7328,5.6412,0,0,0
-0.0483,0.1038,1.0386,-2.1679,-1.8092,5.145,0,0,0
-0.0474,0.1086,1.0334,-1.8931,-1.1832,4.8931,0,0,0
-0.0535,0.1104,1.032,-2.6641,-0.6183,5.0,0,0,0
-0.0515,0.1165,1.0251,-3.4962,-0.2366,5.145,0,0,0
-0.0498,0.1155,1.0283,-4.5725,0.229,5.2672,0,0,0
-0.0474,0.116,1.0327,-4.5115,-0.2595,5.4733,0,0,0
-0.0466,0.125,1.0322,-3.4198,-0.1908,5.3664,0,0,0
-0.0469,0.1294,1.0339,-1.5344,-0.1069,4.5573,0,0,0
-0.0393,0.1255,1.0322,-0.3359,-0.5649,3.5802,0,0,0
-0.0403,0.1248,1.0283,-0.3817,-0.3893,3.3817,0,0,0
-0.0393,0.1279,1.0203,-1.0687,0.4427,3.3817,0,0,0
-0.0398,0.1309,1.0222,-1.7786,0.5649,3.4809,0,0,0
-0.0354,0.1338,1.0156,-1.7405,0.3206,3.084,0,0,0
-0.041,0.1375,1.0146,-1.6183,-0.3359,2.0611,0,0,0
-0.0371,0.147,1.02,-2.1221,-0.7099,0.6183,0,0,0
-0.0413,0.1399,1.0105,-2.9771,-0.8092,-0.9084,0,0,0
-0.041,0.1233,1.0166,-4.1069,-1.0992,-1.229,0,0,0
-0.0537,0.1155,1.0229,-3.3893,-0.9466,-1.2595,0,0,0
-0.0552,0.114,1.0256,-3.0992,-0.6947,-1.0763,0,0,0
-0.0542,0.1101,1.0352,-2.2519,-0.5725,-0.4122,0,0,0
-0.0469,0.1116,1.0344,-1.0153,-0.3588,-0.2672,0,0,0
-0.0454,0.1216,1.0232,-0.8473,0.3893,-0.1374,0,0,0
-0.0444,0.1243,1.0237,-1.7481,0.3206,-0.3206,0,0,0
-0.0396,0.1187,1.0256,-2.7328,0.5038,-0.5649,0,0,0
-0.0505,0.1213,1.0317,-3.6641,0.7023,-1.1527,0,0,0
-0.0481,0.1101,1.0281,-4.0305,0.9008,-1.0992,0,0,0
-0.0498,0.1021,1.0227,-3.4656,0.4198,-1.0153,0,0,0
-0.0566,0.1091,1.0178,-2.458,-0.3053,-1.1221,0,0,0
-0.052,0.1072,1.02,-1.9084,-0.1603,-0.7786,0,0,0
-0.0505,0.0999,1.019,-2.3206,-0.229,-0.2443,0,0,0
-0.0542,0.1016,1.0171,-2.855,-0.0916,0.6489,0,0,0
-0.0486,0.1108,1.0295,-3.7481,0.2824,1.1908,0,0,0
-0.0439,0.1084,1.0178,-4.2977,0.6412,0.6947,0,0,0
-0.0427,0.1074,1.0183,-4.5802,-0.0305,0.7939,0,0,0
-0.0442,0.1133,1.0244,-3.7939,-0.4122,0.4885,0,0,0
-0.0474,0.1162,1.0264,-3.2137,-0.5725,0.0534,0,0,0
-0.0537,0.1145,1.0208,-2.5954,-0.6031,-0.2061,0,0,0
-0.054,0.1138,1.0195,-2.7634,-0.2443,-0.229,0,0,0
-0.0542,0.114,1.0208,-3.2901,-0.0229,-0.2748,0,0,0
-0.0562,0.106,1.0198,-4.313,-0.0763,-0.1221,0,0,0
-0.0552,0.1072,1.0129,-5.3435,-0.2748,0.626,0,0,0
-0.053,0.1028,1.0315,-5.0076,-0.1221,0.6947,0,0,0
-0.0525,0.1096,1.0276,-3.4198,-0.3359,0.7176,0,0,0
-0.0503,0.1157,1.0261,-2.9924,0.2901,0.8092,0,0,0
-0.0437,0.1196,1.0151,-3.0916,0.3282,0.4809,0,0,0
-0.0452,0.1311,1.0007,-3.3282,0.1374,-0.0611,0,0,0
-0.0457,0.127,1.0056,-4.8626,-0.1679,-0.8321,0,0,0
-0.0471,0.1213,0.99,-6.7557,-0.771,-1.0534,0,0,0
-0.0483,0.113,0.9978,-8.3588,-1.0076,-0.855,0,0,0
-0.0464,0.1035,0.9998,-10.5954,-1.9771,-0.3664,0,0,0
-0.0469,0.1033,1.0134,-12.2137,-2.9847,-0.3206,0,0,0
-0.0474,0.0918,1.0447,-14.2901,-2.229,-0.374,0,0,0
-0.051,0.082,1.0605,-15.5267,-0.6183,0.3817,0,0,0
-0.0537,0.0735,1.061,-14.5802,1.3053,1.2748,0,0,0
-0.0469,0.0808,1.0508,-11.229,1.5038,1.5954,0,0,0
-0.0479,0.0896,1.0464,-6.2366,0.5878,1.0229,0,0,0
-0.0408,0.0996,1.0376,-2.374,-0.9847,-0.7939,0,0,0
-0.04,0.0967,1.0393,-0.084,-1.771,-2.6641,0,0,0
-0.0417,0.093,1.042,0.7481,-1.7328,-3.8168,0,0,0
-0.0508,0.084,1.0361,0.626,-1.084,-4.1527,0,0,0
-0.053,0.0725,1.0273,-0.2214,-0.2443,-3.5496,0,0,0
-0.0581,0.0681,1.0244,-0.5649,-0.0382,-2.2137,0,0,0
-0.0657,0.0735,1.022,-0.7939,-0.0611,-1.3053,0,0,0
-0.0583,0.0784,1.0208,-1.6336,-0.7786,-0.1298,0,0,0
-0.0537,0.0811,1.0239,-2.6794,-0.3435,0.5496,0,0,0
-0.0527,0.0867,1.0237,-3.1069,-0.2748,0.6183,0,0,0
-0.0493,0.0913,1.0247,-3.0763,-0.2137,0.7634,0,0,0
-0.0408,0.0955,1.0229,-2.9237,-0.313,0.6031,0,0,0
-0.0493,0.1035,1.0273,-2.4046,-0.3435,-0.1908,0,0,0
-0.0483,0.1062,1.0234,-2.3282,-0.6947,-1.1908,0,0,0
-0.0479,0.0979,1.0256,-2.5191,-0.9313,-1.4504,0,0,0
-0.0481,0.0847,1.0215,-2.8931,-1.4427,-1.3511,0,0,0
-0.0537,0.0845,1.032,-2.855,-1.1221,-0.9618,0,0,0
-0.0566,0.0833,1.0356,-2.8931,-0.6489,-0.4427,0,0,0
-0.0554,0.0913,1.0342,-3.0,-0.4122,-0.2061,0,0,0
-0.0491,0.0955,1.0283,-3.0611,0.0076,-0.2061,0,0,0
-0.0471,0.0984,1.0273,-3.0305,0.3282,-0.6336,0,0,0
-0.0471,0.0979,1.0195,-2.9542,0.2672,-0.8397,0,0,0
-0.0474,0.0989,1.0132,-2.9237,-0.1908,-1.4656,0,0,0
-0.0457,0.0928,1.0112,-2.9542,-0.5496,-1.7557,0,0,0
-0.0488,0.0876,1.0037,-2.6412,-1.1985,-2.0305,0,0,0
-0.0532,0.0845,1.0222,-3.0076,-0.8473,-1.6794,0,0,0
-0.0496,0.0854,1.022,-4.084,-0.9008,-0.9389,0,0,0
-0.051,0.0837,1.02,-4.5038,-0.5649,-0.5725,0,0,0
-0.0479,0.0837,1.0154,-4.7176,-0.8931,-1.0534,0,0,0
-0.0508,0.0789,1.0266,-4.1832,-1.2214,-1.1145,0,0,0
-0.0488,0.0781,1.0205,-3.6183,-1.7939,-1.2366,0,0,0
-0.0491,0.0764,1.0295,-3.229,-1.855,-0.7634,0,0,0
-0.0474,0.0791,1.0354,-3.3206,-1.4809,-0.5496,0,0,0
-0.0498,0.075,1.0391,-2.8473,-1.0992,-0.8244,0,0,0
-0.0476,0.0837,1.0283,-2.4427,-1.1374,-0.3435,0,0,0
-0.0503,0.0798,1.0327,-2.0687,-1.5573,-0.7023,0,0,0
-0.043,0.084,1.0437,-1.7252,-1.687,-0.8702,0,0,0
-0.0496,0.0854,1.0405,-1.5496,-1.5878,-0.9847,0,0,0
-0.0476,0.0833,1.0386,-2.5191,-0.5038,-0.8244,0,0,0
-0.053,0.0823,1.0286,-2.9466,0.4275,-0.3664,0,0,0
-0.051,0.0811,1.02,-3.4809,0.229,-0.3664,0,0,0
-0.0459,0.0828,1.0212,-3.8473,-0.2672,-0.4122,0,0,0
-0.0435,0.082,1.0364,-4.3511,-0.6947,-0.4885,0,0,0
-0.0479,0.074,1.0315,-3.8092,-0.6336,-0.3969,0,0,0
-0.0483,0.0769,1.0369,-2.5191,-0.374,-0.6336,0,0,0
-0.0479,0.0752,1.0344,-1.6183,0.3359,-0.7328,0,0,0
-0.0498,0.0779,1.0225,-0.8321,0.5496,-0.3511,0,0,0
-0.0566,0.0815,1.009,-0.9618,-0.1985,-0.2901,0,0,0
-0.0491,0.0769,1.0049,-1.5344,-1.0916,-0.1145,0,0,0
-0.0464,0.0774,1.0168,-2.4351,-1.4885,0.4809,0,0,0
-0.0503,0.0796,1.0251,-2.313,-1.7863,0.5802,0,0,0
-0.0474,0.0815,1.033,-2.7023,-1.1756,0.9847,0,0,0
-0.0464,0.0906,1.0356,-3.2824,-0.3511,0.9771,0,0,0
-0.0459,0.0935,1.0376,-3.6565,0.4733,0.542,0,0,0
-0.0444,0.0928,1.0273,-3.626,0.7099,-0.1679,0,0,0
-0.0479,0.0925,1.021,-3.916,0.4656,-0.6565,0,0,0
-0.0439,0.0784,1.0237,-4.2061,0.0,-1.2977,0,0,0
-0.0535,0.0801,1.0251,-3.5954,-0.3435,-1.4122,0,0,0
-0.0518,0.0759,1.0312,-3.0687,-0.1985,-0.7634,0,0,0
-0.0447,0.0774,1.0352,-2.8626,0.2901,-0.626,0,0,0
-0.0491,0.0798,1.03,-2.9237,0.3588,-0.3359,0,0,0
-0.0449,0.0776,1.0227,-2.4351,0.542,-0.7328,0,0,0
-0.0457,0.0825,1.0144,-2.0076,-0.1298,-0.8092,0,0,0
-0.0442,0.082,1.0261,-2.1069,-0.7023,-1.1374,0,0,0
-0.0525,0.0764,1.0215,-1.6412,-0.9924,-1.1374,0,0,0
-0.0513,0.0796,1.0347,-1.5496,-1.0534,-1.1145,0,0,0
-0.0483,0.0759,1.0325,-2.2366,-0.5038,-0.6031,0,0,0
-0.0505,0.0759,1.0244,-2.4275,-0.3588,-0.3282,0,0,0
-0.0503,0.0803,1.022,-2.8473,-0.1145,0.0611,0,0,0
-0.0474,0.0852,1.0146,-2.8779,-0.1145,-0.0611,0,0,0
-0.0454,0.0862,1.0178,-3.2214,-0.458,-0.6489,0,0,0
-0.0522,0.083,1.0225,-2.7405,-0.6641,-1.2214,0,0,0
-0.0444,0.0786,1.0161,-2.1832,-0.8855,-1.4656,0,0,0
-0.0537,0.0808,1.0156,-2.2824,-0.9237,-1.3817,0,0,0
-0.0544,0.0803,1.0127,-2.7481,-1.0305,-1.3969,0,0,0
-0.0542,0.0667,1.0078,-3.5038,-1.6565,-0.8931,0,0,0
-0.0535,0.0564,1.0095,-3.9084,-2.1908,-0.458,0,0,0
-0.052,0.0603,1.0232,-3.9389,-2.6412,0.4733,0,0,0
-0.051,0.0642,1.0342,-3.9008,-2.5878,1.3969,0,0,0
-0.0562,0.0713,1.0417,-3.7328,-1.7176,1.855,0,0,0
-0.0515,0.0784,1.0391,-3.4427,-1.0229,1.8626,0,0,0
-0.0444,0.0762,1.0225,-2.9847,-1.0305,1.687,0,0,0
-0.042,0.0825,1.0237,-2.3969,-2.1374,0.6947,0,0,0
-0.0381,0.0823,1.0439,-1.7328,-2.5573,-0.0534,0,0,0
-0.0444,0.0747,1.0325,-1.626,-1.9771,-0.8015,0,0,0
-0.0447,0.0767,1.0439,-2.1069,-1.0153,-0.3969,0,0,0
-0.0461,0.0771,1.0354,-2.313,-0.4122,-0.3359,0,0,0
-0.05,0.0747,1.0271,-2.7176,-0.1985,-0.2824,0,0,0
-0.0496,0.0791,1.0293,-3.0992,-0.3206,-0.6336,0,0,0
-0.0435,0.072,1.0317,-3.1374,-0.7481,-0.626,0,0,0
-0.0476,0.0652,1.0398,-2.9008,-1.0305,-0.7786,0,0,0
-0.0513,0.0671,1.0364,-2.1985,-0.2061,-0.4198,0,0,0
-0.0515,0.0623,1.033,-2.0687,0.0687,-0.1527,0,0,0
-0.0469,0.0686,1.03,-2.1985,0.0153,0.7405,0,0,0
-0.0491,0.0688,1.0117,-2.1527,-0.5878,1.0458,0,0,0
-0.0444,0.073,1.0208,-3.1908,-0.9542,1.2672,0,0,0
-0.0417,0.0781,1.0295,-3.5573,-0.7481,1.1756,0,0,0
-0.04,0.0806,1.0317,-3.7023,0.0076,0.5344,0,0,0
-0.0432,0.0784,1.0327,-3.5878,-0.0763,-0.0763,0,0,0
-0.0466,0.0774,1.0288,-2.8473,-0.4733,-0.374,0,0,0
-0.043,0.083,1.0347,-1.8168,-0.8092,-0.4122,0,0,0
-0.0447,0.0779,1.0212,-1.7481,-0.3511,-1.1069,0,0,0
-0.0466,0.072,1.0242,-1.6947,-0.771,-0.8931,0,0,0
-0.0479,0.0769,1.0249,-1.9542,-0.8931,-0.4046,0,0,0
-0.0454,0.0735,1.0229,-2.7099,-0.6031,-0.4809,0,0,0
-0.0464,0.0718,1.0281,-3.6107,-0.3282,-0.2977,0,0,0
-0.042,0.0732,1.0271,-3.8092,-0.0076,-0.1527,0,0,0
-0.0435,0.0723,1.031,-4.0916,-0.1145,-0.2214,0,0,0
-0.0447,0.0747,1.0269,-3.2366,-0.3588,-0.5191,0,0,0
-0.0464,0.0686,1.0239,-2.6947,-0.9618,-1.2061,0,0,0
-0.0474,0.0649,1.0271,-2.2901,-1.458,-0.9084,0,0,0
-0.0505,0.063,1.022,-1.8321,-1.7405,-0.4809,0,0,0
-0.0493,0.0591,1.0239,-2.2366,-2.0382,-0.1145,0,0,0
-0.0508,0.062,1.0227,-2.0763,-2.374,0.4885,0,0,0
-0.0452,0.0593,1.0161,-1.2214,-3.3817,0.7634,0,0,0
-0.04,0.0684,1.0154,-1.1145,-4.6412,1.7252,0,0,0
-0.0437,0.0569,0.9856,-1.4809,-6.4122,1.916,0,0,0
-0.0464,0.0332,0.9346,-4.1679,-9.9466,2.9237,0,0,0
-0.0564,0.0161,0.9038,-7.0229,-16.5878,5.855,0,0,0
-0.0684,0.0066,0.9058,-8.5115,-24.1603,9.0076,0,0,0
-0.0605,0.0034,0.915,-8.1679,-30.3206,12.1069,0,0,0
-0.0486,0.0039,0.8726,-7.2901,-36.3206,15.6794,0,0,0
-0.0305,0.0081,0.8948,-8.3359,-44.4885,20.9313,0,0,0
-0.031,0.0601,0.9653,-8.2137,-50.7099,20.7405,0,0,0
0.0005,0.0784,1.0874,-5.0763,-50.4275,21.5725,0,0,0
0.0298,0.1006,1.1543,-6.0382,-40.1832,18.4656,0,0,0
0.0227,0.1047,1.1472,-3.9466,-31.7786,16.7481,0,0,0
0.0603,0.1221,1.0901,-3.8092,-23.7634,13.9389,0,0,0
0.061,0.1003,0.958,-3.2748,-24.1603,12.0916,0,0,0
0.0522,0.1101,0.9446,-6.5038,-28.4427,7.313,0,0,0
0.0403,0.082,0.9399,-5.8244,-34.4809,4.3359,0,0,0
0.0474,0.0801,0.979,-7.626,-39.2214,3.8626,0,0,0
0.0728,0.0835,1.0623,-11.0076,-39.0458,4.1145,0,0,0
0.0645,0.094,1.1333,-13.5115,-32.6718,2.3817,0,0,0
0.0808,0.0864,1.1455,-12.7023,-26.1756,2.0534,0,0,0
0.093,0.0669,1.1184,-11.8931,-18.0305,0.5496,0,0,0
0.0896,0.0496,1.0303,-12.4122,-13.3282,0.7252,0,0,0
0.0776,0.0342,0.9509,-12.542,-15.4046,1.0534,0,0,0
0.0752,0.0337,0.9475,-11.7023,-21.7176,2.1679,0,0,0
0.0742,0.0256,0.9778,-11.4809,-26.3206,1.1145,0,0,0
0.0642,0.0251,1.0454,-8.7405,-28.9542,1.3588,0,0,0
0.093,0.0381,1.0896,-8.7405,-26.916,1.5115,0,0,0
0.1038,0.0459,1.1304,-7.6947,-22.2672,1.771,0,0,0
0.1074,0.0422,1.1509,-6.6565,-14.4427,1.1298,0,0,0
0.105,0.0381,1.1279,-4.9847,-8.0458,-0.2595,0,0,0
0.1165,0.0261,1.0854,-4.3817,-4.5191,0.4962,0,0,0
0.1265,0.0227,1.0435,-4.3206,-3.5878,0.4885,0,0,0
0.1084,0.0132,0.9963,-4.0687,-5.458,0.1374,0,0,0
0.0925,0.0103,0.9875,-4.4733,-10.0611,0.3969,0,0,0
0.1016,0.0115,1.0066,-4.9466,-12.5038,1.8015,0,0,0
0.0996,0.0144,1.0503,-6.4198,-11.9847,2.3053,0,0,0
0.1047,0.0093,1.0659,-7.5191,-9.5878,3.1069,0,0,0
0.1082,0.0,1.0522,-6.7786,-7.2366,4.7328,0,0,0
0.1138,0.0061,1.0486,-5.1985,-6.9084,5.7099,0,0,0
0.1174,0.0117,1.0398,-3.771,-6.458,5.5344,0,0,0
0.1052,0.0154,1.0454,-2.4046,-7.3206,5.7099,0,0,0
0.1335,0.0237,1.0674,-2.0687,-6.2137,5.916,0,0,0
0.1284,0.0505,1.085,-1.5496,-4.4198,4.7939,0,0,0
0.1233,0.0605,1.0825,0.2214,-1.6641,2.8092,0,0,0
0.1323,0.0471,1.0718,1.1908,0.2595,1.7786,0,0,0
0.1448,0.0439,1.0154,1.9771,1.1679,0.9924,0,0,0
0.1262,0.0286,0.9592,1.9618,-1.9084,0.8168,0,0,0
0.1106,0.0342,0.9854,0.3893,-6.229,1.1221,0,0,0
0.116,0.0366,1.0327,-2.2672,-6.0534,1.458,0,0,0
0.1213,0.0374,1.0652,-3.5649,-2.4198,1.855,0,0,0
0.1282,0.0398,1.0735,-3.145,2.3206,2.4275,0,0,0
0.1394,0.0396,1.0059,-0.7557,3.5878,2.6107,0,0,0
0.1257,0.054,0.9517,0.8855,0.3053,1.6565,0,0,0
0.1191,0.0613,0.9685,-0.0076,-3.8397,-0.6031,0,0,0
0.1226,0.0513,1.01,-1.7939,-4.4885,-2.1679,0,0,0
0.1218,0.0425,1.0569,-3.0611,-2.6107,-1.6947,0,0,0
0.1204,0.0408,1.0808,-2.5878,0.8168,-1.2672,0,0,0
0.1274,0.0471,1.0908,-0.2824,4.2748,-1.5344,0,0,0
0.1292,0.0547,1.0537,1.626,6.2519,-2.5115,0,0,0
0.1367,0.0374,0.9871,2.1527,5.687,-3.3969,0,0,0
0.1238,0.0283,0.9346,1.1374,1.229,-3.4504,0,0,0
0.1094,0.0205,0.9531,-1.374,-3.8855,-3.3435,0,0,0
0.1143,0.0144,1.0078,-4.8168,-5.6641,-2.3282,0,0,0
0.1101,0.0122,1.0618,-6.9313,-3.6107,-0.7328,0,0,0
0.1174,0.0115,1.0835,-7.0611,0.0458,0.5191,0,0,0
0.1169,0.0273,1.0642,-5.687,3.2519,0.8931,0,0,0
0.1262,0.0291,1.0312,-4.1527,3.6489,0.5267,0,0,0
0.1194,0.0347,1.0171,-2.0763,2.9084,-0.2137,0,0,0
0.1243,0.0254,1.0144,-0.6947,1.6641,-0.7557,0,0,0
0.1296,0.0203,1.0103,0.2519,-0.4198,-0.8015,0,0,0
0.1201,0.0313,1.0249,-0.0763,-1.4733,-0.8397,0,0,0
0.1257,0.0339,1.0583,-0.7481,-0.4809,-1.1908,0,0,0
0.1233,0.031,1.0554,-1.6183,1.2061,-1.1679,0,0,0
0.1208,0.0264,1.0381,-2.2443,2.7023,-1.0916,0,0,0
0.1169,0.0242,1.0166,-2.542,2.5344,-1.1603,0,0,0
0.1106,0.0281,1.0173,-2.6412,1.626,-0.9313,0,0,0
0.1067,0.0215,1.0286,-2.8931,1.3206,-0.8168,0,0,0
0.1067,0.0212,1.0398,-2.1145,1.7557,0.313,0,0,0
0.1135,0.0244,1.0339,-1.5115,2.2595,0.7557,0,0,0
0.1201,0.0244,1.0244,-0.6336,2.2061,0.916,0,0,0
0.1238,0.0386,1.0134,-0.3359,1.374,0.4656,0,0,0
0.1218,0.0496,1.0156,-1.6641,1.0076,-0.3664,0,0,0
0.1206,0.0471,1.0107,-3.2443,1.0076,-1.145,0,0,0
0.1113,0.0176,1.0273,-3.3588,0.5573,-1.0763,0,0,0
0.1116,0.0205,1.0327,-2.4885,0.6107,-0.7176,0,0,0
0.1108,0.0205,1.0386,-1.1832,1.0229,-0.5802,0,0,0
0.1096,0.02,1.0276,-1.1527,1.4275,-0.2672,0,0,0
0.1135,0.0237,1.012,-1.3053,1.0305,-0.2977,0,0,0
0.1099,0.0264,1.0095,-2.5038,0.5649,-0.7634,0,0,0
0.1096,0.0142,1.0039,-3.3359,0.313,-0.0916,0,0,0
0.1052,0.0176,1.0042,-4.0305,-0.687,0.7252,0,0,0
0.1042,0.0183,1.0298,-5.0763,-0.9084,0.9008,0,0,0
0.1086,0.021,1.0366,-6.0763,0.0992,1.5802,0,0,0
0.1079,0.0198,1.0327,-5.6489,1.5954,2.1832,0,0,0
0.1077,0.0151,1.0215,-5.0153,1.7863,2.2672,0,0,0
0.113,0.0195,1.0085,-4.3206,0.9618,2.5267,0,0,0
0.1099,0.0388,1.0117,-4.3359,0.0763,2.2748,0,0,0
0.1086,0.0339,1.0273,-4.9313,-0.0763,1.6107,0,0,0
0.1086,0.0361,1.03,-5.0534,0.2748,1.5954,0,0,0
0.1121,0.03,1.0251,-4.542,0.5649,1.0992,0,0,0
0.1101,0.0271,1.0293,-4.313,0.9237,0.4656,0,0,0
0.1147,0.0295,1.0188,-3.7328,0.458,0.0076,0,0,0
0.1125,0.0269,1.0024,-4.4198,-0.3206,-0.4122,0,0,0
0.1106,0.0083,1.0105,-5.458,-1.6183,-0.6031,0,0,0
0.1047,0.001,1.0437,-5.626,-1.9847,0.1527,0,0,0
0.1055,-0.0029,1.0557,-6.0305,-0.1679,0.8779,0,0,0
0.1064,-0.0002,1.0525,-6.0076,1.8473,2.5649,0,0,0
0.1052,0.0173,1.0398,-5.9847,2.8397,3.3359,0,0,0
0.1101,0.0261,1.0393,-5.4885,2.7176,2.6031,0,0,0
0.1128,0.0242,1.0283,-4.4733,2.1221,1.6718,0,0,0
0.1177,0.021,1.0332,-3.0992,1.7099,0.7939,0,0,0
0.1138,0.0249,1.0266,-2.3359,1.2901,0.3435,0,0,0
0.1133,0.0198,1.0369,-1.8321,1.3435,0.3206,0,0,0
0.1118,0.0149,1.0261,-1.4122,1.0992,0.2595,0,0,0
0.1118,0.0193,1.0168,-2.0611,0.626,0.229,0,0,0
0.1096,0.0242,1.0212,-2.6718,0.1985,-0.0382,0,0,0
0.1101,0.0181,1.0237,-3.5802,0.5267,0.1527,0,0,0
0.1091,0.01,1.0166,-3.7252,0.2595,0.1145,0,0,0
0.1055,0.02,1.0237,-3.2443,0.0534,0.3969,0,0,0
0.1094,0.0205,1.0242,-3.0305,0.5496,0.0153,0,0,0
0.1077,0.0188,1.0295,-2.4885,0.5954,-0.3053,0,0,0
0.1094,0.0176,1.032,-1.8931,0.9466,-0.4809,0,0,0
0.103,0.0195,1.0151,-1.4504,0.4504,-1.0611,0,0,0
0.1047,0.0217,1.0283,-1.6031,-0.0076,-1.4351,0,0,0
0.1072,0.0173,1.0254,-1.7328,0.1221,-1.6183,0,0,0
0.1013,0.0122,1.0144,-1.8931,0.0153,-1.687,0,0,0
0.1016,0.0027,1.0176,-2.1069,-0.8779,-1.4656,0,0,0
0.1025,0.0144,1.0288,-2.145,-0.6718,-0.7481,0,0,0
0.1028,0.01,1.0386,-2.1832,0.0382,-0.7786,0,0,0
0.106,0.0103,1.0378,-1.8244,0.8244,-0.4198,0,0,0
0.1045,0.0171,1.0374,-1.6489,1.3359,-0.3206,0,0,0
0.1089,0.0227,1.0308,-2.1527,2.4351,-0.855,0,0,0
0.1086,0.0156,1.0176,-2.4198,2.7176,-1.6107,0,0,0
0.1047,0.011,1.01,-2.1603,1.4351,-1.8168,0,0,0
0.0984,0.0056,1.0093,-2.3817,-0.1756,-1.7557,0,0,0
0.0989,0.0032,1.0269,-2.4962,-0.3893,-1.4122,0,0,0
0.0969,0.0034,1.032,-2.5802,0.2137,-1.2443,0,0,0
0.0977,-0.0015,1.0205,-2.3435,0.084,-0.626,0,0,0
0.1001,0.0073,1.0212,-2.1908,-0.6641,-0.1985,0,0,0
0.0986,0.0127,1.0317,-2.626,-0.9847,-0.2748,0,0,0
0.1062,0.011,1.0322,-2.6183,-0.3969,-0.5344,0,0,0
0.0984,0.0073,1.0322,-2.7252,0.1679,-0.313,0,0,0
0.0972,0.0068,1.0386,-2.5344,0.5267,0.1832,0,0,0
0.1055,0.0093,1.0476,-3.4122,0.6183,0.7939,0,0,0
0.1035,0.0142,1.0303,-3.2519,1.1832,0.8397,0,0,0
0.105,0.0188,1.0225,-3.2595,0.8779,0.2748,0,0,0
0.1035,0.0171,1.0229,-2.6565,0.0229,-0.4198,0,0,0
0.1055,0.0129,1.0227,-1.6565,-0.1832,-0.3969,0,0,0
0.1077,0.0159,1.0222,-1.2443,-0.4885,-0.8626,0,0,0
0.1018,0.0129,1.0322,-1.9008,-0.2366,-0.9084,0,0,0
0.106,0.0076,1.0342,-2.3282,0.3588,-1.5038,0,0,0
0.1062,0.0012,1.0334,-2.1756,0.7939,-1.4504,0,0,0
0.1057,-0.0054,1.0178,-2.5496,0.855,-0.9237,0,0,0
0.1025,-0.0017,1.0059,-3.0611,0.3969,-0.0534,0,0,0
0.1001,-0.0054,1.0156,-3.6107,-0.8168,0.374,0,0,0
0.0991,0.0012,1.0342,-4.6718,-1.0,0.5115,0,0,0
0.1008,-0.0015,1.0354,-4.7176,0.4046,1.0,0,0,0
0.0981,-0.0071,1.0312,-4.0687,1.2672,1.3435,0,0,0
0.0896,-0.0034,1.0334,-3.1908,1.2214,1.8473,0,0,0
0.0964,-0.0046,1.0286,-1.2901,0.626,2.2748,0,0,0
0.1021,0.01,1.0291,-0.7557,0.5267,2.2977,0,0,0
0.1028,0.0176,1.0269,-1.4656,1.4351,1.8321,0,0,0
0.1028,-0.0005,1.0251,-2.2443,1.9847,1.5802,0,0,0
0.0972,-0.0032,1.0203,-2.5496,2.1374,1.9084,0,0,0
0.0884,-0.0132,1.0046,-3.4275,2.1679,2.5802,0,0,0
0.0933,-0.011,1.0227,-4.7634,1.8931,3.9466,0,0,0
0.0869,-0.0093,1.0303,-4.7557,1.458,4.7481,0,0,0
0.0881,-0.0266,1.0498,-4.542,2.0153,5.7786,0,0,0
0.0862,-0.0461,1.0735,-3.2672,3.2519,7.8626,0,0,0
0.0767,-0.0784,1.0984,-3.8473,6.0382,11.1908,0,0,0
0.0591,-0.0916,1.1062,-3.8473,9.9618,16.6031,0,0,0
0.0435,-0.114,1.0247,-5.5496,9.9008,24.2137,0,0,0
0.0571,-0.0845,1.0332,-8.0153,7.5038,29.9542,0,0,0
0.083,-0.063,1.063,-12.0992,11.1145,32.0458,0,0,0
0.0884,-0.0952,1.0662,-20.1069,15.0305,34.6641,0,0,0
0.0654,-0.0986,1.0925,-27.9618,19.8015,38.8321,0,0,0
0.0544,-0.0942,1.1001,-34.7176,24.7634,45.145,0,0,0
0.0554,-0.0701,1.1218,-40.6336,29.7023,50.084,0,0,0
0.0698,-0.0513,1.144,-43.7786,36.0229,51.9847,0,0,0
0.0723,-0.0449,1.1113,-43.6489,42.687,51.1908,0,0,0
0.0901,-0.0854,1.054,-40.4809,44.7328,50.7786,0,0,0
0.052,-0.1201,0.968,-32.4351,40.2672,50.1221,0,0,0
0.0154,-0.1604,0.9233,-23.3282,27.8855,51.8092,0,0,0
-0.0173,-0.1685,0.8977,-10.9924,15.1603,54.9008,0,0,0
-0.0122,-0.1533,0.9116,-2.6565,4.7863,59.2595,0,0,0
0.0071,-0.125,0.9397,0.8626,-0.7328,62.3053,0,0,0
0.0239,-0.083,0.9592,0.5038,-1.771,63.4275,0,0,0
0.0215,-0.073,0.9829,-1.6107,-1.5115,62.3206,0,0,0
0.0303,-0.0769,0.9771,-5.4733,-1.5191,61.2595,0,0,0
0.0173,-0.1084,0.9946,-9.3282,-2.0992,61.3282,0,0,0
-0.0005,-0.1272,1.0037,-9.8779,-2.0534,63.1832,0,0,0
0.0081,-0.1287,1.0251,-8.5573,-3.0687,66.7023,0,0,0
0.0015,-0.0864,1.0339,-6.1298,-3.7557,68.9695,0,0,0
0.0408,-0.0647,1.0229,-3.0458,-3.5267,68.4198,0,0,0
0.0576,-0.0178,1.0271,2.4427,-3.7023,64.6565,0,0,0
0.0574,0.0015,1.0039,4.1756,-4.2366,58.4733,0,0,0
0.0789,-0.0022,0.9976,6.5573,-6.7634,52.4504,0,0,0
0.0564,-0.0083,0.991,8.2214,-9.8092,46.2443,0,0,0
0.0383,-0.02,0.9995,10.2443,-12.6107,42.5954,0,0,0
0.0513,-0.0413,1.0061,9.7176,-13.771,40.6565,0,0,0
0.0437,-0.0413,1.0227,9.7786,-13.8702,40.4504,0,0,0
0.0486,-0.022,1.0427,8.8702,-12.7405,40.5496,0,0,0
0.0596,0.0078,1.0713,8.8321,-10.2977,39.4046,0,0,0
0.0659,0.0298,1.0593,8.9771,-7.3893,35.5496,0,0,0
0.0762,0.0364,1.0427,9.916,-5.2214,31.0687,0,0,0
0.092,0.0554,1.0222,8.6641,-4.6412,26.2824,0,0,0
0.0779,0.0574,1.0222,7.6031,-5.5954,20.8702,0,0,0
0.0847,0.0574,1.0203,8.1603,-6.9466,15.7557,0,0,0
0.0745,0.043,1.0132,7.9847,-7.5649,11.2137,0,0,0
0.0703,0.0435,1.0129,7.771,-8.4275,8.3588,0,0,0
0.0671,0.0457,1.0183,6.8092,-9.1374,6.0687,0,0,0
0.074,0.0491,1.0247,5.2595,-8.5802,3.6565,0,0,0
0.0745,0.0574,1.0452,2.7634,-7.2824,0.6031,0,0,0
0.0774,0.0193,1.0632,0.3664,-4.9695,-2.8931,0,0,0
0.0701,-0.0039,1.0569,-0.1527,-2.0992,-4.2137,0,0,0
0.0557,-0.0168,1.0359,-0.7252,0.0,-4.1832,0,0,0
0.0491,-0.0254,1.0134,-2.0305,-0.2824,-3.0763,0,0,0
0.0486,-0.0188,1.0203,-2.4962,-1.5725,-2.2519,0,0,0
0.0542,-0.0029,1.0413,-2.313,-2.0,-3.0763,0,0,0
0.0637,0.0044,1.05,-1.7634,-1.7252,-5.4885,0,0,0
0.0671,-0.0127,1.0586,-1.4198,-0.2061,-8.4656,0,0,0
0.0615,-0.0254,1.0449,-0.6031,1.5725,-9.9695,0,0,0
0.0442,-0.0481,1.0315,-1.2366,1.4122,-10.2748,0,0,0
0.0364,-0.0571,1.0173,-1.1985,0.4275,-9.4275,0,0,0
0.0269,-0.0593,1.0332,-1.3053,-0.3282,-8.3435,0,0,0
0.03,-0.0615,1.0227,-1.3511,0.0687,-7.6412,0,0,0
0.0359,-0.0764,1.022,-2.1298,0.4275,-6.626,0,0,0
0.0266,-0.0828,1.0166,-2.0916,0.145,-5.2519,0,0,0
0.0171,-0.0735,1.0249,-1.8779,-0.7176,-3.6412,0,0,0
0.0195,-0.0662,1.0381,-1.5954,-1.0305,-2.1145,0,0,0
0.0298,-0.0674,1.0447,-0.4504,-0.4733,-1.0916,0,0,0
0.0391,-0.042,1.0417,0.771,0.6336,-1.3817,0,0,0
0.0469,-0.0327,1.0361,0.0382,0.855,-2.4962,0,0,0
0.0474,-0.042,1.0291,-0.4962,0.9542,-3.8168,0,0,0
0.0415,-0.0581,1.021,-0.0992,-0.1374,-4.5496,0,0,0
0.0352,-0.0562,1.0298,0.5038,-1.3969,-3.7786,0,0,0
0.03,-0.0513,1.0474,0.4046,-1.2366,-2.8015,0,0,0
0.0391,-0.0579,1.0559,-0.2824,0.1069,-1.7023,0,0,0
0.0403,-0.0522,1.0513,-0.3893,1.6641,-0.5191,0,0,0
0.0403,-0.0398,1.03,-1.229,3.1908,0.0611,0,0,0
0.0396,-0.0269,1.0088,-2.4504,3.4046,-0.1832,0,0,0
0.0452,-0.0254,0.9988,-2.9771,2.2519,-1.2519,0,0,0
0.043,-0.0212,1.01,-2.9924,0.7786,-2.7252,0,0,0
0.0386,-0.0225,1.0217,-1.7176,-0.2824,-4.084,0,0,0
0.0378,-0.0317,1.0254,0.1298,-0.8473,-4.626,0,0,0
0.0327,-0.0288,1.0334,1.1832,-0.687,-4.4885,0,0,0
0.0403,-0.0325,1.0273,1.0611,-0.4809,-4.3206,0,0,0
0.043,-0.0342,1.0164,-0.7023,0.2824,-3.8321,0,0,0
0.04,-0.0359,1.0078,-2.4733,0.3969,-3.7634,0,0,0
0.0342,-0.0476,1.0144,-3.9618,-0.1145,-3.3282,0,0,0
0.0337,-0.0476,1.0298,-4.1679,-0.7252,-2.4656,0,0,0
0.0291,-0.0359,1.0359,-3.4122,-0.6947,-1.7939,0,0,0
0.041,-0.0261,1.0388,-2.4504,-0.458,-1.6183,0,0,0
0.0417,-0.0288,1.0315,-1.4198,-0.3893,-2.7328,0,0,0
0.0449,-0.0339,1.0259,-0.6565,-0.9618,-3.4809,0,0,0
0.0398,-0.0432,1.0261,-0.7328,-1.8931,-3.3893,0,0,0
0.0386,-0.051,1.0322,-0.4427,-1.7939,-2.5344,0,0,0
0.0381,-0.0435,1.0483,-0.2672,-1.5267,-1.8855,0,0,0
0.0483,-0.0371,1.0439,-0.4733,0.0153,-1.7099,0,0,0
0.0513,-0.0356,1.0383,-0.6947,0.9466,-1.8321,0,0,0
0.0508,-0.0217,1.0225,-1.3588,1.0076,-2.6183,0,0,0
0.0447,-0.0273,1.0205,-2.374,0.4885,-3.4427,0,0,0
0.0396,-0.0352,1.0239,-2.7557,0.0382,-4.4046,0,0,0
0.0288,-0.0435,1.0352,-2.2443,-0.3893,-4.0305,0,0,0
0.0283,-0.0427,1.0371,-1.2901,-0.3817,-3.6031,0,0,0
0.0369,-0.0496,1.0498,-1.2595,0.2595,-2.9847,0,0,0
0.0356,-0.0464,1.0361,-0.542,0.5191,-2.3588,0,0,0
0.0366,-0.0386,1.043,0.7328,0.9771,-2.0916,0,0,0
0.0427,-0.0334,1.0293,0.3511,1.0534,-2.1832,0,0,0
0.0466,-0.0398,1.0264,-0.6565,0.7786,-2.3206,0,0,0
0.0366,-0.0369,1.0242,-1.6565,0.5267,-2.7023,0,0,0
0.0291,-0.0391,1.0205,-2.6794,0.3588,-2.7176,0,0,0
0.0369,-0.042,1.0222,-2.6565,-0.3511,-2.6183,0,0,0
0.04,-0.0371,1.0298,-2.7176,-0.5954,-2.3206,0,0,0
0.033,-0.0278,1.0325,-2.6412,-0.2366,-2.6565,0,0,0
0.0371,-0.0278,1.0359,-2.5954,0.5267,-3.3206,0,0,0
0.0393,-0.0264,1.0325,-2.2519,0.2443,-3.9389,0,0,0
0.0437,-0.0327,1.0415,-1.7634,0.1145,-4.8015,0,0,0
0.0356,-0.0378,1.0415,-0.5573,-0.1679,-4.9771,0,0,0
0.0339,-0.0405,1.0388,0.1298,-0.2901,-5.0534,0,0,0
0.033,-0.0408,1.0491,0.1832,0.0076,-4.5649,0,0,0
0.0342,-0.0325,1.043,0.0458,0.6107,-3.9771,0,0,0
0.0332,-0.0256,1.0447,-0.4046,1.5191,-3.6412,0,0,0
0.0386,-0.0225,1.0256,-1.6565,2.3664,-3.7939,0,0,0
0.0354,-0.0305,1.0249,-2.5802,2.0458,-4.3817,0,0,0
0.0339,-0.03,1.0295,-2.6107,1.9542,-4.7099,0,0,0
0.0293,-0.0352,1.0291,-2.2901,1.6565,-4.8702,0,0,0
0.0276,-0.0427,1.0266,-1.7023,1.3359,-4.7863,0,0,0
0.0269,-0.0415,1.0286,-1.145,1.2443,-4.1832,0,0,0
0.0291,-0.0488,1.0203,-1.1679,1.2137,-3.9084,0,0,0
0.032,-0.0442,1.0088,-1.458,0.8244,-2.9084,0,0,0
0.03,-0.0464,1.0095,-2.2443,0.1985,-1.8397,0,0,0
0.0293,-0.0408,1.0188,-3.2137,-0.5802,-1.4733,0,0,0
0.0273,-0.0374,1.0222,-3.2061,-1.2595,-1.0992,0,0,0
0.0352,-0.032,1.0444,-2.8702,-1.3817,-1.2672,0,0,0
0.0447,-0.0337,1.0454,-1.6489,-0.626,-1.9313,0,0,0
0.0388,-0.0247,1.0479,-1.0992,0.5038,-2.1679,0,0,0
0.0374,-0.0264,1.0444,-0.5954,1.3282,-2.771,0,0,0
0.0398,-0.0293,1.0293,-0.5038,1.4122,-3.229,0,0,0
0.0439,-0.03,1.0178,-1.1756,1.313,-3.4656,0,0,0
0.0327,-0.0405,1.0071,-2.5725,0.2061,-3.1221,0,0,0
0.0242,-0.0437,1.0234,-2.8779,-0.8702,-2.7786,0,0,0
0.0291,-0.0454,1.0359,-2.6107,-1.0611,-2.1298,0,0,0
0.0317,-0.0408,1.0391,-1.2824,-0.5267,-1.5878,0,0,0
0.0317,-0.0371,1.0337,-0.0534,-0.1374,-1.4351,0,0,0
0.0371,-0.0347,1.0215,-0.0305,0.1221,-1.7405,0,0,0
0.0354,-0.0339,1.0159,-0.8626,-0.084,-1.8702,0,0,0
0.0203,-0.0334,1.0227,-1.7176,-0.7252,-1.8397,0,0,0
0.0291,-0.0366,1.041,-2.1756,-0.5725,-1.7252,0,0,0
0.0322,-0.0381,1.0457,-1.6412,-0.2366,-1.0458,0,0,0
0.0308,-0.0217,1.0405,-1.0916,0.2595,-1.6718,0,0,0
0.0334,-0.0225,1.0322,-0.4198,1.084,-2.1298,0,0,0
0.0398,-0.0334,1.0129,-0.6489,0.9618,-2.8397,0,0,0
0.0352,-0.0393,1.0125,-0.916,-0.374,-2.9084,0,0,0
0.0261,-0.0347,1.0227,-1.7176,-1.2901,-2.3282,0,0,0
0.0259,-0.0305,1.0415,-1.9466,-1.3359,-1.5191,0,0,0
0.0313,-0.0374,1.0642,-2.0,0.1832,-1.2595,0,0,0
0.0337,-0.0371,1.0537,-1.2824,1.7252,-1.4351,0,0,0
0.0322,-0.0313,1.0325,-1.5191,2.0229,-1.5038,0,0,0
0.0322,-0.02,1.03,-1.6336,1.6107,-1.771,0,0,0
0.0305,-0.021,1.0322,-1.1374,1.1298,-2.8321,0,0,0
0.0344,-0.0342,1.031,-0.3053,1.1756,-3.6107,0,0,0
0.0256,-0.0415,1.0259,0.3435,0.9008,-3.374,0,0,0
0.0193,-0.0461,1.0225,-0.4198,0.5191,-2.2977,0,0,0
0.0266,-0.0454,1.0271,-1.1298,0.1069,-1.1832,0,0,0
0.0281,-0.0393,1.0298,-2.1221,0.687,-1.1145,0,0,0
0.0305,-0.033,1.0193,-3.6031,1.4885,-1.2901,0,0,0
0.0234,-0.0337,1.0195,-4.2214,0.7328,-1.4351,0,0,0
0.0205,-0.0383,1.0273,-3.5344,-0.2977,-1.626,0,0,0
0.0237,-0.0408,1.0366,-1.9542,-0.5191,-1.8321,0,0,0
0.0286,-0.0393,1.0374,0.0611,-0.6641,-1.6794,0,0,0
0.0239,-0.0256,1.0308,1.0153,-0.4809,-1.7176,0,0,0
0.0356,-0.0229,1.0337,0.9542,-0.1298,-2.0916,0,0,0
0.0325,-0.0181,1.0479,0.4122,0.3206,-2.8092,0,0,0
0.0393,-0.0173,1.0288,-0.5191,1.0,-3.7557,0,0,0
0.0376,-0.0354,1.0322,-2.0916,1.3893,-4.3206,0,0,0
0.0225,-0.0452,1.0322,-2.4504,1.2061,-4.1679,0,0,0
0.0181,-0.0488,1.032,-1.7176,0.9771,-3.1221,0,0,0
0.0186,-0.0447,1.032,-0.6183,0.5496,-2.0076,0,0,0
0.021,-0.0313,1.0393,0.1679,0.9313,-1.458,0,0,0
0.0266,-0.0173,1.0342,0.5649,1.5573,-2.084,0,0,0
0.0315,-0.0144,1.0256,0.9313,1.5038,-3.4504,0,0,0
0.0313,-0.0027,1.0356,0.5267,1.0992,-5.1298,0,0,0
0.0261,-0.0085,1.0383,0.1756,1.5649,-6.8779,0,0,0
0.0298,-0.0095,1.0442,0.8931,2.3588,-8.9389,0,0,0
0.0313,-0.0059,1.063,2.084,3.4885,-10.458,0,0,0
0.0342,0.0002,1.074,3.1756,4.7328,-12.2137,0,0,0
0.0264,0.0063,1.0981,4.9847,6.7481,-14.1298,0,0,0
0.0339,-0.0039,1.1025,7.2672,9.0687,-16.0458,0,0,0
0.0405,0.0137,1.1184,10.9389,12.5344,-17.8855,0,0,0
0.0459,0.0364,1.113,13.0382,16.0229,-20.6412,0,0,0
0.0498,0.0488,1.0937,14.2977,19.1908,-24.3359,0,0,0
0.0413,0.0444,1.0537,13.7405,20.9466,-28.1603,0,0,0
0.042,0.0317,1.0364,13.2748,21.1145,-31.0076,0,0,0
0.031,0.0359,0.9995,12.9008,18.4122,-32.9695,0,0,0
0.0225,0.0356,1.0071,11.9542,16.1374,-35.3969,0,0,0
0.0168,0.0259,1.0166,11.0458,14.9008,-37.3817,0,0,0
0.0063,0.0156,1.0093,10.7099,14.6412,-38.0763,0,0,0
-0.0029,0.0068,0.9993,10.1832,14.0382,-38.145,0,0,0
-0.0105,-0.0063,0.9961,9.3588,13.0153,-36.9542,0,0,0
-0.0168,-0.0266,0.989,8.6107,11.4122,-35.0076,0,0,0
-0.0298,-0.0352,0.9888,8.8168,9.4809,-32.916,0,0,0
-0.0391,-0.0369,0.9893,8.3511,7.8702,-29.6794,0,0,0
-0.0454,-0.0371,0.9895,6.6718,6.8473,-25.3588,0,0,0
-0.0474,-0.0283,0.9956,5.3664,6.5191,-21.9237,0,0,0
-0.0178,-0.0017,0.9902,1.1221,6.2519,-19.9542,0,0,0
-0.0503,0.0024,0.9839,1.8702,5.4275,-19.1298,0,0,0
-0.043,-0.0054,0.9766,-0.2977,3.0763,-17.6947,0,0,0
-0.0347,-0.0203,0.9985,-2.1527,0.4275,-16.084,0,0,0
-0.0403,-0.021,1.0181,-1.4427,-0.9847,-14.5573,0,0,0
-0.0405,-0.01,1.0273,-0.4885,-0.6718,-13.1756,0,0,0
-0.0347,-0.0112,1.0291,0.1832,-0.0076,-11.6412,0,0,0
-0.0256,0.0056,1.0173,1.9313,0.2443,-11.3053,0,0,0
-0.0247,0.0208,1.0037,3.3664,-1.0305,-12.5878,0,0,0
-0.0225,0.0317,1.0,4.771,-3.3817,-14.2901,0,0,0
-0.0217,0.0405,0.9932,5.8931,-5.7252,-16.3664,0,0,0
-0.0137,0.0403,1.0044,6.3817,-7.3664,-18.1756,0,0,0
-0.0073,0.0481,1.009,7.6489,-8.8244,-20.4046,0,0,0
-0.0059,0.0518,1.0156,8.6336,-10.0687,-23.1069,0,0,0
0.0002,0.051,1.0171,10.084,-11.6641,-26.1756,0,0,0
-0.0027,0.0493,1.0171,11.8015,-13.2366,-28.6412,0,0,0
-0.0034,0.0474,1.022,13.9847,-14.5802,-30.7557,0,0,0
0.0112,0.0554,1.0017,14.4962,-15.3511,-32.1221,0,0,0
0.0188,0.0637,0.9663,14.5878,-17.313,-34.2595,0,0,0
0.0132,0.0813,0.9438,13.1603,-21.1221,-37.2977,0,0,0
0.011,0.0742,0.9382,9.8397,-25.771,-39.7557,0,0,0
0.0117,0.0513,0.9648,4.5725,-29.2137,-41.3969,0,0,0
0.0027,0.0215,1.0122,-0.2519,-30.3053,-40.9313,0,0,0
-0.0154,-0.0012,1.0525,-4.0687,-28.1298,-37.3588,0,0,0
-0.0188,-0.0354,1.0837,-7.9008,-23.5191,-29.542,0,0,0
-0.0154,-0.0496,1.1218,-12.3206,-16.3206,-22.6031,0,0,0
-0.0127,-0.0486,1.1345,-14.458,-9.687,-16.0763,0,0,0
-0.0103,-0.0566,1.1409,-14.2672,-3.9695,-9.916,0,0,0
-0.0166,-0.0503,1.1362,-10.6336,-0.1832,-4.1603,0,0,0
-0.0093,-0.0269,1.1062,-4.9618,2.2901,0.6641,0,0,0
0.0054,0.0093,1.0852,0.1908,3.6794,3.2137,0,0,0
0.0259,0.0464,1.0483,2.9542,3.7176,3.1908,0,0,0
0.0457,0.074,1.0208,3.7023,1.8244,0.6641,0,0,0
0.0464,0.0764,1.0132,2.8779,0.4198,-2.6183,0,0,0
0.0413,0.0598,1.0151,0.6641,-0.2519,-5.3893,0,0,0
0.0347,0.0356,1.0344,-1.6947,-0.7634,-6.9771,0,0,0
0.0203,0.0149,1.041,-3.3359,0.0153,-6.5954,0,0,0
0.0105,0.0063,1.0427,-4.1756,1.2901,-4.8092,0,0,0
0.0071,-0.0071,1.043,-3.4733,2.1221,-3.0153,0,0,0
0.0137,-0.0117,1.0417,-2.0687,1.8779,-1.084,0,0,0
0.0059,-0.001,1.0447,-0.4885,1.7939,0.7099,0,0,0
0.0088,0.0129,1.0352,0.5802,1.8626,1.5878,0,0,0
0.0115,0.0256,1.0359,0.9466,1.6718,2.1298,0,0,0
0.0168,0.0359,1.0312,0.7481,1.771,2.2214,0,0,0
0.0186,0.0408,1.0312,0.5191,1.7328,1.9313,0,0,0
0.0149,0.0422,1.0305,-0.6031,1.8779,1.3664,0,0,0
0.0193,0.042,1.0295,-1.1221,1.3435,1.2595,0,0,0
0.0176,0.0442,1.0312,-1.8168,1.3664,0.9466,0,0,0
0.0237,0.0347,1.0325,-2.2901,1.3053,0.7481,0,0,0
0.0212,0.0391,1.041,-2.1298,1.5954,0.6794,0,0,0
0.0156,0.0427,1.0354,-1.0611,1.6947,0.7252,0,0,0
0.0222,0.0486,1.0315,-0.1069,1.6641,0.0,0,0,0
0.0198,0.05,1.0249,0.6489,1.0992,-0.2901,0,0,0
0.0259,0.0503,1.0225,0.8931,0.5191,-1.2061,0,0,0
0.0237,0.0493,1.0227,0.5725,0.4046,-1.7252,0,0,0
0.0137,0.0374,1.0281,-0.3817,0.1527,-1.5802,0,0,0
0.009,0.0295,1.0298,-1.1145,0.313,-1.1221,0,0,0
0.0046,0.0293,1.0217,-1.4046,0.4275,-0.0076,0,0,0
0.0056,0.0239,1.0293,-2.0534,1.1221,0.9924,0,0,0
0.0095,0.0354,1.021,-2.3588,0.916,2.0611,0,0,0
0.0107,0.0415,1.0269,-2.7939,1.0763,1.8244,0,0,0
0.0181,0.0347,1.0315,-3.0687,0.5267,1.4885,0,0,0
0.0154,0.041,1.0361,-2.5725,0.4046,1.458,0,0,0
0.0103,0.0403,1.0305,-2.5191,0.145,1.2366,0,0,0
0.0166,0.0337,1.0413,-2.855,1.1145,0.7786,0,0,0
0.0151,0.0247,1.0376,-3.0382,1.3664,0.9466,0,0,0
0.0088,0.0251,1.0308,-3.1985,1.5573,1.3893,0,0,0
0.0073,0.019,1.0378,-3.2595,1.6947,1.9008,0,0,0
0.0103,0.0139,1.0376,-3.3817,1.8244,2.8244,0,0,0
0.0039,0.0222,1.0376,-3.2443,2.0687,3.8092,0,0,0
0.0063,0.03,1.0432,-4.6107,2.7328,4.687,0,0,0
0.0071,0.0288,1.0444,-6.4275,3.771,5.3893,0,0,0
0.0071,0.0391,1.0447,-8.2977,5.4962,5.4809,0,0,0
0.0032,0.0371,1.0349,-9.8168,6.3969,5.3817,0,0,0
0.0134,0.0464,1.0308,-10.9237,6.7557,5.1221,0,0,0
0.009,0.0457,1.0337,-10.8244,6.5038,4.0763,0,0,0
0.0056,0.0476,1.053,-10.4885,6.3588,2.6489,0,0,0
-0.0027,0.052,1.1028,-9.8168,8.8397,0.5496,0,0,0
0.0093,0.0435,1.1138,-5.2595,12.3053,-0.2977,0,0,0
-0.0029,0.0425,1.0671,-0.542,15.2977,-1.3282,0,0,0
-0.0071,0.041,1.051,3.5954,16.5496,-2.916,0,0,0
-0.0105,0.0249,0.9878,10.5725,13.9771,-3.6336,0,0,0
-0.0071,0.0344,0.9675,13.1298,9.4351,-4.1756,0,0,0
-0.022,0.0308,0.96,14.229,4.7863,-4.4427,0,0,0
-0.0264,0.0383,0.9744,13.8321,1.0916,-4.6031,0,0,0
-0.0198,0.0396,1.0,11.1679,0.8092,-4.1527,0,0,0
-0.0161,0.0413,1.0039,6.5954,2.1374,-3.8473,0,0,0
-0.0212,0.0349,1.0085,1.3969,3.8931,-2.855,0,0,0
-0.0156,0.043,0.9951,-3.3435,5.2214,-1.5954,0,0,0
-0.0176,0.0356,0.9883,-7.0992,5.1069,-1.0,0,0,0
-0.0249,0.0271,1.0032,-8.9313,3.7863,-0.5267,0,0,0
-0.022,0.022,1.0095,-8.6489,2.8626,0.1069,0,0,0
-0.0259,0.0229,1.0244,-7.7176,2.2977,1.1756,0,0,0
-0.02,0.0298,1.0317,-6.145,2.3206,2.145,0,0,0
-0.0159,0.0259,1.0273,-4.7252,1.9542,2.5115,0,0,0
-0.0144,0.0339,1.0337,-3.8321,1.3817,2.3435,0,0,0
-0.0215,0.0432,1.0601,-2.2214,1.2137,1.5115,0,0,0
-0.0168,0.0408,1.064,-2.3511,1.9695,1.145,0,0,0
-0.0139,0.0415,1.0623,-1.9771,4.1832,1.1221,0,0,0
-0.0127,0.0432,1.0466,-1.8855,6.1527,0.8244,0,0,0
-0.0205,0.0491,1.0405,-3.2672,6.626,-0.1908,0,0,0
-0.0085,0.0342,1.0078,-2.4504,5.2214,0.5267,0,0,0
-0.0195,0.0454,1.0103,-3.3588,3.1756,0.6183,0,0,0
-0.0212,0.0491,1.0137,-3.2366,0.6412,0.3359,0,0,0
-0.0325,0.0608,1.0481,-4.4275,0.1221,-2.458,0,0,0
-0.0132,0.0391,1.0454,-2.3053,0.3282,-1.9313,0,0,0
-0.0237,0.0496,1.0403,-2.2366,1.4046,-1.542,0,0,0
-0.0264,0.0532,1.0315,-1.2748,1.6947,-1.9389,0,0,0
-0.0281,0.0535,1.0215,-1.6565,1.7176,-2.7023,0,0,0
-0.0251,0.0398,1.02,-1.9084,0.9695,-3.145,0,0,0
-0.0281,0.0295,1.0291,-2.5725,0.7786,-2.626,0,0,0
-0.0298,0.0303,1.0405,-1.8015,0.374,-2.6489,0,0,0
-0.0271,0.0339,1.0427,-1.8397,1.313,-2.1679,0,0,0
-0.0256,0.0374,1.0327,-1.8702,2.374,-2.542,0,0,0
-0.0249,0.0313,1.0134,-1.6947,1.6947,-2.6412,0,0,0
-0.0308,0.0342,1.0063,-1.4504,0.0687,-3.0382,0,0,0
-0.0344,0.0376,1.0107,-1.5038,-0.7481,-3.084,0,0,0
-0.0347,0.0408,1.0122,-2.3053,-1.1145,-3.1603,0,0,0
-0.0352,0.0325,1.0164,-3.3206,-1.4122,-3.0229,0,0,0
-0.0342,0.0254,1.0256,-3.7405,-1.2366,-2.7634,0,0,0
-0.0347,0.0244,1.0371,-3.3435,-0.916,-2.145,0,0,0
-0.0359,0.0232,1.0374,-2.7023,-0.7099,-1.7099,0,0,0
-0.0313,0.0254,1.0364,-2.0,-1.2137,-1.5878,0,0,0
-0.0239,0.0317,1.0457,-1.6794,-1.0916,-1.5878,0,0,0
-0.02,0.0381,1.0427,-1.3511,-0.5267,-1.9389,0,0,0
-0.0229,0.0315,1.0422,-1.3359,-0.0611,-2.4885,0,0,0
-0.0256,0.03,1.0388,-1.6183,0.0763,-2.9847,0,0,0
-0.0313,0.0154,1.0295,-1.6183,0.1069,-2.9618,0,0,0
-0.03,0.0127,1.0356,-1.4733,-0.0305,-2.3511,0,0,0
-0.0344,0.0154,1.0518,-1.7939,0.7023,-1.626,0,0,0
-0.0354,0.021,1.0483,-2.2824,1.3969,-1.1527,0,0,0
-0.0371,0.0225,1.0388,-2.4351,1.855,-0.9389,0,0,0
-0.0396,0.0181,1.031,-2.4427,2.1069,-0.855,0,0,0
-0.0396,0.0129,1.0256,-2.0458,1.3053,-0.2595,0,0,0
-0.0325,0.0176,1.0273,-1.0382,-0.1679,0.0916,0,0,0
-0.033,0.0261,1.0481,-0.5649,0.0992,0.5573,0,0,0
-0.0269,0.0295,1.0479,0.0229,1.2824,0.6565,0,0,0
-0.0293,0.0378,1.0493,-0.3817,2.2824,0.3359,0,0,0
-0.0298,0.042,1.0371,-0.4351,2.6794,-0.2214,0,0,0
-0.0266,0.0432,1.0317,-0.4046,2.7939,-0.916,0,0,0
-0.0271,0.0388,1.0271,-0.7634,2.7328,-1.0458,0,0,0
-0.0364,0.0325,1.0256,-0.9618,1.8244,-0.8779,0,0,0
-0.0393,0.0347,1.0303,-1.0076,1.2901,-0.8473,0,0,0
-0.0381,0.0332,1.02,-0.9313,1.458,-0.5115,0,0,0
-0.0325,0.0366,1.0295,-1.2061,1.8015,-0.2824,0,0,0
-0.0291,0.0466,1.0364,-2.8397,2.084,-0.0382,0,0,0
-0.0322,0.0576,1.0266,-3.2977,3.0382,-0.8244,0,0,0
-0.033,0.0547,1.0269,-3.4885,3.5115,-2.1069,0,0,0
-0.0322,0.0491,1.0188,-3.1221,3.1069,-3.0611,0,0,0
-0.0352,0.0391,1.0212,-2.2519,2.1374,-4.313,0,0,0
-0.0381,0.0259,1.0342,-1.9542,1.3435,-3.9847,0,0,0
-0.0457,0.0146,1.0383,-0.7786,1.8244,-3.4122,0,0,0
-0.0496,0.0195,1.0273,-0.5649,2.6031,-2.0611,0,0,0
-0.0537,0.0215,1.0237,-0.9313,3.4275,-1.0916,0,0,0
-0.0518,0.0229,1.0117,-1.1756,2.6718,-0.4275,0,0,0
-0.0483,0.03,1.0071,-0.9389,1.2519,-0.4809,0,0,0
-0.04,0.0342,1.0122,-0.916,-0.1298,-0.8015,0,0,0
-0.0334,0.0354,1.0315,-1.3969,0.2137,-0.6107,0,0,0
-0.0361,0.0442,1.0251,-1.8092,0.7786,-1.3664,0,0,0
-0.041,0.0344,1.0225,-2.0611,1.0382,-1.8168,0,0,0
-0.0464,0.033,1.0149,-1.9466,0.8015,-2.4275,0,0,0
-0.0476,0.0305,1.0117,-1.2672,0.145,-2.1527,0,0,0
-0.0513,0.0286,1.0105,-0.9847,-0.4962,-1.6565,0,0,0
-0.05,0.0334,1.0171,-1.4733,-0.9695,-1.5038,0,0,0
-0.0471,0.0383,1.0137,-1.3588,-0.8855,-1.5191,0,0,0
-0.0496,0.0354,1.0193,-1.771,-1.0534,-1.4046,0,0,0
-0.0459,0.0288,1.0198,-2.0,-1.855,-1.2137,0,0,0
-0.0427,0.0317,1.0298,-1.9389,-2.313,-1.3664,0,0,0
-0.0417,0.0308,1.0432,-2.0687,-1.7405,-1.7786,0,0,0
-0.0422,0.0295,1.0366,-1.8397,-0.7863,-1.1221,0,0,0
-0.0432,0.0291,1.0386,-2.2977,-0.4427,-0.916,0,0,0
-0.042,0.0352,1.0383,-1.9542,-0.8931,-1.2214,0,0,0
-0.0447,0.0374,1.0383,-1.8015,-1.3206,-1.2748,0,0,0
-0.04,0.0344,1.0427,-2.1679,-1.1756,-1.7328,0,0,0
-0.0381,0.0327,1.0557,-1.7481,-0.4885,-1.6336,0,0,0
-0.0427,0.03,1.0422,-1.7252,0.5649,-1.8473,0,0,0
-0.0432,0.0347,1.0415,-1.542,1.1298,-2.0076,0,0,0
-0.0398,0.0288,1.041,-1.9313,1.2137,-2.2977,0,0,0
-0.0386,0.0261,1.0298,-1.6183,0.7634,-2.4962,0,0,0
-0.0435,0.0237,1.0334,-1.2901,0.6031,-2.3664,0,0,0
-0.0417,0.0151,1.0408,-1.6565,0.8397,-2.0076,0,0,0
-0.05,0.0195,1.0364,-1.3893,1.1908,-1.3359,0,0,0
-0.051,0.0195,1.0359,-1.2366,1.626,-0.9389,0,0,0
-0.0508,0.0203,1.0269,-0.8779,1.5267,-0.0992,0,0,0
-0.0503,0.0288,1.0151,-0.8168,0.8168,0.374,0,0,0
-0.0461,0.0303,1.0156,-1.0992,0.1756,0.1145,0,0,0
-0.043,0.0383,1.0239,-1.6183,0.3588,0.374,0,0,0
-0.0396,0.0408,1.0254,-2.458,0.6947,0.0916,0,0,0
-0.0369,0.0388,1.0344,-3.1985,0.9695,-0.3435,0,0,0
-0.0381,0.0383,1.0295,-2.5573,1.0763,-0.9466,0,0,0
-0.0444,0.0281,1.0293,-2.0229,0.7557,-0.916,0,0,0
-0.0469,0.0281,1.0332,-1.1069,0.3053,-1.2824,0,0,0
-0.0491,0.0281,1.03,-1.0458,0.4351,-0.5725,0,0,0
-0.0547,0.0303,1.0276,-1.4427,0.7939,-0.7863,0,0,0
-0.0481,0.0322,1.0386,-2.1221,1.3053,-0.6031,0,0,0
-0.0457,0.0234,1.0339,-2.4962,1.9847,-0.4656,0,0,0
-0.0481,0.0198,1.0369,-2.2977,0.7023,-0.0534,0,0,0
-0.0503,0.0261,1.0498,-2.5649,0.9313,0.5267,0,0,0
-0.0491,0.0298,1.0378,-2.084,1.8473,0.6947,0,0,0
-0.05,0.0291,1.0386,-2.1374,2.7176,0.6031,0,0,0
-0.0554,0.0334,1.021,-1.2366,2.6947,0.5725,0,0,0
-0.0547,0.0327,0.9985,-0.626,1.6183,0.2595,0,0,0
-0.0554,0.0342,1.0071,-0.0992,0.0458,0.2672,0,0,0
-0.061,0.031,1.0142,-0.5115,-0.7557,0.5344,0,0,0
-0.0588,0.0256,1.0264,-0.8702,-0.7939,0.8931,0,0,0
-0.0596,0.0295,1.0295,-0.8702,-0.2519,1.4504,0,0,0
-0.0518,0.0405,1.0298,-1.313,0.7481,2.4122,0,0,0
-0.0527,0.0532,1.0217,-1.5496,0.9084,1.8473,0,0,0
-0.0535,0.0581,1.0125,-1.687,0.1832,0.5573,0,0,0
-0.0515,0.0554,1.0122,-1.6031,-0.8015,-0.8626,0,0,0
-0.0461,0.0437,1.0273,-2.0076,-1.6718,-1.4885,0,0,0
-0.0469,0.0452,1.0393,-2.4275,-1.1374,-1.9695,0,0,0
-0.0493,0.0366,1.0457,-2.8626,-0.2061,-1.9466,0,0,0
-0.0459,0.0354,1.0352,-3.229,0.6336,-2.0916,0,0,0
-0.0454,0.0266,1.0322,-3.5802,0.5954,-1.8779,0,0,0
-0.0513,0.0251,1.021,-3.4275,0.4885,-1.7176,0,0,0
-0.0496,0.0254,1.0269,-3.3511,0.3435,-1.2977,0,0,0
-0.0459,0.0244,1.031,-2.8092,-0.0763,-1.4046,0,0,0
-0.0466,0.0237,1.032,-2.2443,-0.6336,-1.1298,0,0,0
-0.0513,0.0173,1.0388,-1.8168,-1.0992,-0.8321,0,0,0
-0.0559,0.0161,1.04,-0.8092,-0.626,-0.4046,0,0,0
-0.053,0.0193,1.0352,-0.5802,0.229,0.3817,0,0,0
-0.0476,0.0295,1.0239,-0.6336,1.0305,0.9313,0,0,0
-0.0464,0.0378,1.0208,-0.3282,0.6412,0.7939,0,0,0
-0.0496,0.0408,1.0005,-0.6794,-0.0382,-0.0687,0,0,0
-0.0432,0.0391,1.0076,-1.2519,-0.4809,-0.1756,0,0,0
-0.0449,0.0454,1.0107,-1.6718,-1.2443,-0.8931,0,0,0
-0.0537,0.0391,1.0168,-2.3588,-1.4733,-1.2443,0,0,0
-0.0535,0.0427,1.0256,-2.4733,-0.7939,-1.313,0,0,0
-0.0535,0.0435,1.0247,-2.8092,-1.0153,-1.1832,0,0,0
-0.0535,0.0378,1.0222,-2.8168,-0.7863,-1.1145,0,0,0
-0.0491,0.0347,1.0142,-2.5496,-1.6794,-1.3282,0,0,0
-0.0459,0.0254,1.0242,-1.7328,-2.6794,-1.0534,0,0,0
-0.0493,0.0229,1.0459,-1.7863,-2.5954,-0.7634,0,0,0
-0.0435,0.0242,1.0525,-1.6412,-2.3053,-0.8779,0,0,0
-0.041,0.0283,1.0579,-1.8244,-1.0076,-0.5573,0,0,0
-0.043,0.0259,1.0515,-1.6107,0.0916,-0.7939,0,0,0
-0.0474,0.0325,1.0486,-1.2748,0.3817,-0.6183,0,0,0
-0.0471,0.0273,1.0339,-1.0992,0.313,-0.7023,0,0,0
-0.0496,0.0271,1.0298,-0.7863,-0.0458,-0.7863,0,0,0
-0.0518,0.022,1.0386,-0.855,-0.3359,-0.8473,0,0,0
-0.0466,0.0298,1.0393,-1.313,-0.084,-0.3282,0,0,0
-0.0552,0.0332,1.0464,-1.0076,0.7405,-0.4427,0,0,0
-0.0588,0.0295,1.031,-1.0458,1.8473,-0.5573,0,0,0
-0.0605,0.032,1.0083,-1.0611,1.5115,-0.0916,0,0,0
-0.0598,0.0283,1.001,-0.5954,0.1069,-0.3206,0,0,0
-0.0527,0.0291,1.0002,-0.9237,-1.084,-0.2061,0,0,0
-0.0513,0.0332,1.01,-1.7328,-2.1298,-0.0763,0,0,0
-0.0525,0.0315,1.0225,-2.5802,-2.0,0.2061,0,0,0
-0.0498,0.0354,1.0349,-3.0,-1.4275,0.4198,0,0,0
-0.0496,0.0422,1.0327,-2.5878,-0.7328,0.2214,0,0,0
-0.043,0.04,1.0242,-2.4809,-0.5344,0.1298,0,0,0
-0.0466,0.0342,1.0261,-1.9771,-0.916,-0.3511,0,0,0
-0.0459,0.0369,1.0308,-1.6412,-1.4198,-0.7786,0,0,0
-0.0493,0.0315,1.0391,-1.6031,-1.2061,-0.7863,0,0,0
-0.0476,0.03,1.0479,-1.8244,-0.9313,-0.4198,0,0,0
-0.0483,0.0288,1.0452,-2.0534,-0.313,-0.5496,0,0,0
-0.051,0.0361,1.051,-1.9084,0.3664,-0.145,0,0,0
-0.0474,0.0347,1.0444,-1.8779,0.7557,-0.1221,0,0,0
-0.0496,0.0347,1.0447,-1.6718,1.1679,-0.5115,0,0,0
-0.0535,0.0298,1.0383,-1.3511,1.2137,-0.8244,0,0,0
-0.0535,0.0271,1.0374,-0.9924,1.3511,-0.7023,0,0,0
-0.0532,0.031,1.0305,-0.4351,1.5573,-0.9847,0,0,0
-0.053,0.0295,1.0283,-0.0458,1.6947,-0.8473,0,0,0
-0.0542,0.0269,1.0203,-0.5496,1.4656,-1.0611,0,0,0
-0.0581,0.0271,1.0125,-1.7786,0.8779,-0.7786,0,0,0
-0.061,0.0232,1.022,-2.9084,1.2443,-0.2366,0,0,0
-0.0605,0.0195,1.01,-3.2748,1.2824,0.2061,0,0,0
-0.062,0.019,1.0051,-2.9924,0.7557,0.8092,0,0,0
-0.0627,0.03,1.0049,-1.8168,-0.3893,0.8244,0,0,0
-0.0564,0.0269,1.0151,-1.2214,-1.7176,0.916,0,0,0
-0.0547,0.0339,1.0139,-1.1756,-2.2672,1.1527,0,0,0
-0.0505,0.0303,1.0249,-1.3359,-1.9008,1.2519,0,0,0
-0.0476,0.0317,1.0312,-2.0229,-1.4275,1.4656,0,0,0
-0.0444,0.031,1.0288,-2.7863,-1.0534,1.4427,0,0,0
-0.0479,0.0422,1.0459,-2.8702,-0.229,1.1069,0,0,0
-0.0449,0.0444,1.0425,-3.4962,0.687,0.4885,0,0,0
-0.0481,0.0388,1.0425,-3.3893,1.0611,0.1679,0,0,0
-0.05,0.0344,1.0381,-2.5496,0.916,-0.229,0,0,0
-0.05,0.0325,1.0283,-1.9771,0.2595,-0.374,0,0,0
-0.053,0.0244,1.04,-1.5038,-0.0611,-0.5115,0,0,0
-0.0522,0.0229,1.0391,-1.3435,0.5191,-0.0763,0,0,0
-0.0515,0.0237,1.0518,-1.8321,0.9924,0.1145,0,0,0
-0.0581,0.0234,1.0466,-1.7252,2.313,0.7557,0,0,0
-0.0574,0.0232,1.0332,-1.6718,2.9389,1.4198,0,0,0
-0.0559,0.0286,1.0234,-1.3359,2.9313,1.2214,0,0,0
-0.0579,0.0251,1.0085,-1.2366,1.7405,0.9008,0,0,0
-0.0632,0.0239,1.0222,-1.6412,1.3817,1.0076,0,0,0
-0.064,0.0181,1.0186,-1.8855,1.1908,1.5725,0,0,0
-0.0549,0.0227,1.0232,-2.0382,1.374,1.9389,0,0,0
-0.0544,0.0237,1.0281,-2.6183,1.1374,1.687,0,0,0
-0.0554,0.0364,1.031,-2.1069,1.0305,1.2519,0,0,0
-0.0598,0.0403,1.0396,-1.5038,1.0153,0.6947,0,0,0
-0.0588,0.0349,1.0459,-1.374,1.2824,0.1985,0,0,0
-0.0608,0.0281,1.0344,-0.9466,1.7863,-0.0382,0,0,0
-0.0564,0.0254,1.0398,-0.7786,2.374,0.374,0,0,0
-0.0623,0.01,1.0364,-1.3664,2.1145,1.0611,0,0,0
-0.0659,-0.0056,1.0623,-2.3969,2.313,2.2672,0,0,0
-0.0835,-0.0261,1.0913,-2.2901,3.5725,4.4885,0,0,0
-0.0854,-0.0313,1.1104,-1.5115,6.7786,7.9313,0,0,0
-0.0813,-0.0215,1.1096,-0.3969,11.0992,12.0229,0,0,0
-0.0513,-0.001,1.0842,1.1832,15.4427,14.3817,0,0,0
-0.0813,0.0359,1.0386,2.2901,16.4656,14.458,0,0,0
-0.0776,0.0439,1.0022,3.5115,14.7023,13.2824,0,0,0
-0.0681,0.0432,0.9946,3.5954,11.4733,12.0305,0,0,0
-0.0776,0.0435,1.0088,2.6031,9.7481,10.1374,0,0,0
-0.0806,0.0278,1.0115,2.9466,9.6641,10.2595,0,0,0
-0.0864,0.0239,1.0066,1.8397,10.2061,11.3282,0,0,0
-0.0901,0.0383,1.0044,1.1298,11.1908,12.855,0,0,0
-0.0852,0.0466,0.9897,-0.3664,11.084,13.5802,0,0,0
-0.0815,0.0522,0.9841,-1.2824,9.8092,13.0229,0,0,0
-0.0833,0.0498,0.9915,-2.9695,8.8473,11.5878,0,0,0
-0.0833,0.0471,1.0085,-2.542,7.7176,11.1298,0,0,0
-0.0891,0.0459,1.0415,-1.0763,7.313,9.9771,0,0,0
-0.083,0.05,1.0437,-0.6641,7.6794,8.7557,0,0,0
-0.1006,0.0479,1.0535,1.2443,8.8779,8.229,0,0,0
-0.0862,0.0415,1.0349,3.0,9.313,9.5267,0,0,0
-0.0901,0.0576,1.0229,3.0687,9.0534,9.7634,0,0,0
-0.082,0.0635,1.0215,2.229,8.5115,8.8397,0,0,0
-0.0859,0.0708,1.0259,2.1832,7.9389,6.7405,0,0,0
-0.093,0.0676,1.0264,1.5954,7.3588,4.8473,0,0,0
-0.0962,0.062,1.0212,1.5115,7.0611,4.0,0,0,0
-0.0984,0.0686,1.0168,1.0687,7.3511,3.5649,0,0,0
-0.1021,0.0771,1.0063,0.5267,7.6031,3.0076,0,0,0
-0.0981,0.0713,0.9875,-0.4046,7.0229,1.8397,0,0,0
-0.1045,0.0647,0.9839,-0.9466,5.1298,0.9618,0,0,0
-0.1123,0.0691,0.9941,-0.9313,3.6489,0.5649,0,0,0
-0.1106,0.0662,1.0002,-1.3817,3.0458,0.8092,0,0,0
-0.1067,0.0708,1.0249,-1.5573,3.1985,0.1832,0,0,0
-0.1013,0.0769,1.0249,-0.8321,4.0458,-0.6107,0,0,0
-0.0967,0.0837,1.0164,-0.5649,4.0916,-2.2214,0,0,0
-0.1018,0.0706,1.0208,-1.0458,3.5115,-4.1374,0,0,0
-0.1123,0.0742,1.0291,-1.084,3.4504,-4.9847,0,0,0
-0.113,0.0596,1.0364,-1.4427,3.7786,-5.4351,0,0,0
-0.1089,0.0627,1.0359,-1.8855,4.7405,-5.1527,0,0,0
-0.1072,0.0657,1.0415,-2.145,5.4198,-4.8931,0,0,0
-0.1033,0.073,1.0508,-1.8473,6.1527,-6.2137,0,0,0
-0.1067,0.0691,1.0588,-1.4656,7.4733,-8.0305,0,0,0
-0.0999,0.0635,1.071,-0.8473,10.2977,-8.2977,0,0,0
-0.1182,0.0776,1.0713,-0.7939,12.229,-9.2061,0,0,0
-0.1238,0.0637,1.0396,0.3282,12.6718,-10.084,0,0,0
-0.1174,0.0601,1.0276,1.1374,12.4504,-10.5954,0,0,0
-0.126,0.0559,1.0269,0.9924,11.9924,-10.7099,0,0,0
-0.1287,0.0481,1.0261,0.7481,12.1374,-10.9771,0,0,0
-0.1362,0.0513,1.0266,0.6031,12.5878,-10.855,0,0,0
-0.1431,0.0466,1.0249,0.374,13.2137,-10.8092,0,0,0
-0.1453,0.0481,1.0188,0.5954,13.5038,-10.2443,0,0,0
-0.1533,0.0513,1.0032,1.7023,13.5191,-10.374,0,0,0
-0.1497,0.0535,0.988,1.8397,12.2595,-10.2061,0,0,0
-0.1526,0.0557,0.9644,1.6489,10.2443,-10.3206,0,0,0
-0.1575,0.0503,0.9653,1.5191,7.1527,-10.1145,0,0,0
-0.1594,0.042,0.9739,0.8015,4.7557,-10.0229,0,0,0
-0.1604,0.0452,0.9675,0.3206,2.7481,-9.7176,0,0,0
-0.1619,0.0476,0.9734,0.1527,1.5725,-9.1603,0,0,0
-0.158,0.052,0.981,-0.4351,0.6031,-9.084,0,0,0
-0.1636,0.0515,0.9697,-0.8244,-0.3206,-9.0305,0,0,0
-0.1548,0.0496,0.9697,-1.0916,-2.0229,-9.4275,0,0,0
-0.1499,0.0491,0.9629,-0.7863,-4.2443,-8.9466,0,0,0
-0.1482,0.0632,0.9705,-1.3588,-7.1603,-9.1908,0,0,0
-0.144,0.0742,0.9827,-2.0076,-8.5802,-9.9924,0,0,0
-0.1438,0.0774,0.99,-3.084,-9.3282,-11.5878,0,0,0
-0.1313,0.0786,0.9878,-3.4809,-10.0153,-12.626,0,0,0
-0.1318,0.0774,0.9846,-4.313,-11.0305,-14.2519,0,0,0
-0.1345,0.072,0.9851,-5.8168,-12.1908,-15.374,0,0,0
-0.1404,0.0552,0.9905,-5.7099,-13.1221,-16.3053,0,0,0
-0.1516,0.0403,1.0044,-7.2366,-13.5649,-16.0382,0,0,0
-0.1509,0.0208,1.0024,-7.855,-13.8473,-14.1374,0,0,0
-0.1533,0.021,0.9917,-8.313,-13.8626,-11.6565,0,0,0
-0.1443,0.0151,0.9956,-8.2901,-14.8931,-9.9771,0,0,0
-0.1387,0.0237,0.9895,-7.8397,-15.9847,-9.1756,0,0,0
-0.1423,0.0317,0.9893,-8.0763,-17.4046,-8.9771,0,0,0
-0.1409,0.0254,0.9932,-7.7023,-17.9466,-8.9389,0,0,0
-0.1257,0.0168,0.9924,-6.9924,-18.4198,-8.4656,0,0,0
-0.1287,0.0073,0.999,-6.9924,-19.5725,-7.6489,0,0,0
-0.1306,-0.0034,1.0139,-5.9313,-20.3893,-6.8473,0,0,0
-0.1318,-0.0249,1.0305,-3.8397,-20.6031,-4.4351,0,0,0
-0.1282,-0.019,1.0491,-3.6107,-19.0153,-1.8321,0,0,0
-0.1191,-0.0112,1.0376,-3.8321,-17.9618,1.1069,0,0,0
-0.1077,0.0078,1.0317,-4.0534,-16.7939,2.1603,0,0,0
-0.0964,0.0154,1.0168,-4.3817,-17.3435,2.1221,0,0,0
-0.0938,0.0176,1.0139,-4.0611,-18.7557,1.7099,0,0,0
-0.0913,0.0127,0.9963,-3.8931,-20.2443,1.3359,0,0,0
-0.0977,0.0051,1.022,-4.4275,-22.0382,1.4351,0,0,0
-0.0901,-0.0083,1.0349,-5.0916,-22.8092,2.2672,0,0,0
-0.0911,-0.0168,1.0479,-5.7939,-22.0687,4.2137,0,0,0
-0.0952,-0.0286,1.0508,-6.458,-20.9847,7.1985,0,0,0
-0.0872,-0.0225,1.0515,-5.771,-19.8244,9.9695,0,0,0
-0.0806,-0.0286,1.0476,-4.8931,-20.0382,12.0687,0,0,0
-0.0752,-0.0164,1.0452,-4.0,-20.2824,14.0534,0,0,0
-0.0671,-0.0044,1.0564,-2.5954,-20.1603,14.9237,0,0,0
-0.0625,0.0029,1.0598,-1.3435,-19.313,15.2595,0,0,0
-0.0637,0.0007,1.0564,-1.0458,-18.5573,15.4885,0,0,0
-0.0449,0.0002,1.0508,-0.084,-16.9466,16.0305,0,0,0
-0.0425,0.0095,1.0542,-0.2595,-16.2061,16.5114,0,0,0
-0.05,0.0081,1.0491,-0.7099,-15.2901,16.771,0,0,0
-0.0405,0.0044,1.0466,-0.8626,-15.0382,18.2595,0,0,0
-0.0459,0.009,1.0403,-1.4427,-15.3282,19.3053,0,0,0
-0.0459,0.0149,1.0347,-1.6565,-15.229,20.0763,0,0,0
-0.0269,0.0078,1.0286,-1.4504,-14.8321,21.3817,0,0,0
-0.019,0.0193,1.032,-0.7099,-14.0534,22.2443,0,0,0
-0.0293,0.0161,1.0305,-0.9008,-13.9542,21.9618,0,0,0
-0.0259,0.0151,1.0298,-1.4122,-14.145,22.771,0,0,0
-0.031,0.0139,1.0491,-1.3206,-14.0076,23.9771,0,0,0
-0.0186,0.0149,1.0679,-1.4351,-12.1832,24.9313,0,0,0
-0.0115,0.0168,1.0696,-0.7405,-9.7634,25.9695,0,0,0
-0.0059,0.0295,1.0708,-0.1145,-6.9313,26.4122,0,0,0
-0.0005,0.0452,1.0593,1.0992,-5.1374,26.1985,0,0,0
0.0068,0.0608,1.0476,1.5802,-4.7405,24.916,0,0,0
0.0125,0.074,1.0576,1.4504,-4.3588,22.7099,0,0,0
0.019,0.0823,1.0708,1.5649,-3.5954,19.542,0,0,0
0.0229,0.0881,1.0735,1.6107,-1.5649,17.0229,0,0,0
0.022,0.0869,1.0828,0.771,0.687,14.3664,0,0,0
0.0149,0.0698,1.0752,0.145,2.9466,12.2443,0,0,0
0.0081,0.0566,1.0664,-0.7634,4.7405,11.3588,0,0,0
-0.0073,0.0496,1.0557,-2.1221,6.4275,11.5725,0,0,0
-0.0024,0.0413,1.0542,-3.9237,7.9771,12.3511,0,0,0
-0.0078,0.04,1.071,-5.2901,10.5954,13.1145,0,0,0
-0.002,0.0298,1.0642,-5.5038,12.2901,13.7252,0,0,0
-0.0234,0.0425,1.0715,-5.5649,14.084,13.229,0,0,0
-0.0183,0.0308,1.0388,-3.5038,14.6336,13.4962,0,0,0
-0.0261,0.0352,1.0332,-3.6641,13.8397,13.626,0,0,0
-0.0337,0.0269,1.0134,-3.1832,13.1985,13.7405,0,0,0
-0.0249,0.03,1.0146,-3.8015,11.2595,14.4427,0,0,0
-0.0286,0.0278,1.0342,-4.2824,10.2672,14.2214,0,0,0
-0.0403,0.03,1.0432,-3.8168,10.916,14.0687,0,0,0
-0.0393,0.021,1.042,-3.7634,12.4427,13.9466,0,0,0
-0.0325,0.0334,1.0354,-6.0534,13.4198,14.5191,0,0,0
-0.0288,0.0398,1.0242,-6.7405,14.8626,14.3282,0,0,0
-0.0332,0.0425,1.0332,-8.5115,15.4885,12.9924,0,0,0
-0.0308,0.0466,1.0161,-7.771,14.4885,11.8244,0,0,0
-0.0437,0.0403,1.0151,-7.0687,13.1069,10.458,0,0,0
-0.0403,0.0466,1.0259,-4.2137,11.3359,9.0763,0,0,0
-0.0371,0.0461,1.0393,-0.5573,9.916,7.7252,0,0,0
-0.0405,0.0591,1.0532,1.3588,9.6489,5.3664,0,0,0
-0.0464,0.0549,1.0583,4.1679,10.2595,3.7252,0,0,0
-0.0498,0.0527,1.054,5.3511,11.8168,2.6794,0,0,0
-0.0518,0.0596,1.0461,5.229,13.0382,1.9847,0,0,0
-0.0481,0.0659,1.0244,4.9313,13.2214,1.8092,0,0,0
-0.0476,0.0759,1.0315,3.6489,12.9695,-0.1756,0,0,0
-0.0435,0.0813,1.0515,3.1603,12.6565,-2.5954,0,0,0
-0.0566,0.0842,1.0759,3.6794,14.7176,-5.3359,0,0,0
-0.0649,0.0825,1.0842,4.4351,17.2977,-7.4885,0,0,0
-0.0596,0.0684,1.0598,5.7405,19.8473,-8.0534,0,0,0
-0.064,0.0667,1.041,5.7328,21.0382,-8.2748,0,0,0
-0.0669,0.0662,1.0281,6.687,20.6947,-8.6489,0,0,0
-0.0779,0.0701,1.0312,7.9695,19.1069,-9.7099,0,0,0
-0.0837,0.0786,1.0498,9.4122,18.1298,-11.1985,0,0,0
-0.0796,0.0769,1.0742,9.2519,19.5725,-13.1069,0,0,0
-0.0857,0.0747,1.0911,10.0992,22.9237,-14.7252,0,0,0
-0.0879,0.0642,1.0664,10.916,26.3664,-15.6107,0,0,0
-0.0938,0.0649,1.0249,9.8015,28.1527,-16.0534,0,0,0
-0.104,0.0671,0.9941,7.7557,27.3969,-16.3664,0,0,0
-0.1108,0.0696,0.9729,6.6489,24.687,-17.4198,0,0,0
-0.1189,0.0732,0.9807,5.3359,21.4809,-18.8092,0,0,0
-0.1199,0.0649,1.0024,5.5802,19.3053,-19.9313,0,0,0
-0.1321,0.0632,0.9932,6.0916,18.1374,-21.0458,0,0,0
-0.1357,0.0579,1.0,6.2595,17.5496,-21.5954,0,0,0
-0.1345,0.0588,0.9932,6.2443,17.6412,-22.1221,0,0,0
-0.155,0.062,0.9871,5.9084,17.687,-22.7099,0,0,0
-0.1575,0.0527,0.9687,4.626,16.229,-22.5496,0,0,0
-0.1531,0.05,0.9741,3.0916,14.084,-21.1069,0,0,0
-0.1562,0.0574,0.9658,2.1603,12.6107,-20.5649,0,0,0
-0.1597,0.0601,0.9668,1.5267,11.5115,-20.229,0,0,0
-0.1621,0.0601,0.9617,0.7481,9.8702,-20.4809,0,0,0
-0.1641,0.0554,0.9409,0.2977,7.2137,-20.4809,0,0,0
-0.1658,0.0527,0.938,0.4656,3.4885,-20.1374,0,0,0
-0.1731,0.0518,0.9421,0.5344,-0.2824,-19.8244,0,0,0
-0.1707,0.0469,0.9478,-0.1756,-3.542,-19.0305,0,0,0
-0.1697,0.0469,0.9558,-1.1756,-5.3893,-18.3588,0,0,0
-0.1655,0.0405,0.9622,-1.6565,-6.8244,-17.0076,0,0,0
-0.1675,0.0376,0.9724,-3.1908,-8.2748,-16.4656,0,0,0
-0.1726,0.0364,0.9871,-5.0916,-9.4351,-15.9618,0,0,0
-0.1746,0.0259,0.9968,-5.6031,-9.4427,-14.9847,0,0,0
-0.1719,0.0212,0.9807,-4.5878,-10.4046,-13.1756,0,0,0
-0.168,0.0181,0.9861,-5.2137,-11.5649,-11.4504,0,0,0
-0.1738,0.0168,0.9883,-5.3282,-12.7557,-9.6641,0,0,0
-0.1682,0.0288,0.9824,-5.9924,-13.9542,-8.5191,0,0,0
-0.1572,0.0286,0.9817,-6.1985,-15.0611,-8.1069,0,0,0
-0.1533,0.0352,0.9907,-6.1298,-16.5191,-7.9237,0,0,0
-0.1492,0.0366,1.0049,-6.145,-17.7481,-8.0916,0,0,0
-0.146,0.0308,1.0066,-6.5649,-17.5114,-8.0916,0,0,0
-0.1462,0.0273,1.0171,-7.6031,-17.3969,-7.6565,0,0,0
-0.147,0.01,1.0142,-6.916,-16.5802,-6.6183,0,0,0
-0.1516,0.0085,1.0112,-7.1374,-16.5802,-5.0916,0,0,0
-0.1433,-0.0005,1.0127,-6.9237,-16.916,-2.8168,0,0,0
-0.1387,0.0005,1.0098,-6.7023,-17.6565,-0.1603,0,0,0
-0.1399,-0.0017,1.0112,-8.2366,-18.6031,1.6107,0,0,0
-0.137,-0.0046,1.0242,-8.084,-18.4351,3.4198,0,0,0
-0.1328,-0.0081,1.0317,-8.5267,-18.3817,5.2061,0,0,0
-0.1282,-0.0098,1.0305,-8.0611,-18.4504,7.229,0,0,0
-0.1255,-0.0183,1.0332,-7.8702,-18.3435,9.0687,0,0,0
-0.1189,-0.0159,1.0374,-6.1985,-18.3282,11.4962,0,0,0
-0.1191,-0.0183,1.0593,-5.1069,-18.0611,13.0992,0,0,0
-0.1162,-0.0129,1.0635,-4.0687,-15.8244,15.0611,0,0,0
-0.1091,-0.0132,1.0562,-3.7939,-13.8855,16.9771,0,0,0
-0.1008,0.0012,1.0396,-3.4733,-12.6183,18.9695,0,0,0
-0.093,0.0049,1.0188,-4.3282,-12.6183,20.1145,0,0,0
-0.0879,0.0112,1.0132,-4.5725,-13.5115,21.0916,0,0,0
-0.0813,0.0117,1.0203,-4.8168,-15.084,21.4809,0,0,0
-0.084,0.0112,1.0286,-5.0,-16.0687,21.7863,0,0,0
-0.0991,-0.012,1.0566,-5.1832,-15.3969,23.0,0,0,0
-0.0979,-0.0313,1.0449,-4.084,-13.4733,26.3817,0,0,0
-0.0906,-0.0217,1.0347,-2.542,-12.7252,30.4809,0,0,0
-0.0793,0.0085,1.03,-1.6718,-12.8473,32.8702,0,0,0
-0.062,0.0288,1.0234,-1.7176,-13.8779,32.542,0,0,0
-0.0544,0.0378,1.03,-0.8092,-14.5115,31.1298,0,0,0
-0.0518,0.0374,1.0427,-0.4504,-14.5115,29.9771,0,0,0
-0.0513,0.052,1.0508,-0.0076,-13.7252,29.6412,0,0,0
-0.0408,0.0674,1.0664,-0.3969,-11.1679,28.9847,0,0,0
-0.0229,0.0813,1.0647,-0.8473,-8.7176,27.4046,0,0,0
-0.0161,0.0884,1.0676,-1.8855,-6.374,24.6718,0,0,0
-0.0173,0.0803,1.0801,-1.855,-5.2137,21.9542,0,0,0
-0.0232,0.084,1.0952,-1.626,-3.3206,20.1221,0,0,0
-0.0261,0.0901,1.1152,-0.9847,-0.542,18.7557,0,0,0
-0.0254,0.0964,1.1218,0.1221,3.0,17.1603,0,0,0
-0.02,0.106,1.1145,1.1832,6.2977,14.9313,0,0,0
-0.0149,0.1138,1.1084,2.687,9.1221,12.0458,0,0,0
-0.0159,0.1292,1.1062,3.8473,11.2977,8.0763,0,0,0
-0.0217,0.1365,1.0901,4.7176,14.3893,3.5267,0,0,0
-0.0142,0.1292,1.0881,5.0076,16.3969,-1.1832,0,0,0
-0.0212,0.1152,1.0833,4.7099,17.8473,-5.6489,0,0,0
-0.0261,0.1165,1.0854,5.084,19.4427,-9.4733,0,0,0
-0.0513,0.113,1.0942,3.7939,21.5573,-13.8931,0,0,0
-0.0488,0.0757,1.0957,5.6794,24.5649,-14.6947,0,0,0
-0.0674,0.0601,1.0786,5.4656,26.8779,-14.7939,0,0,0
-0.0776,0.0386,1.0806,5.4885,28.6336,-13.4656,0,0,0
-0.0911,0.0322,1.0659,5.7634,29.9466,-11.8397,0,0,0
-0.0979,0.0383,1.0476,5.5649,31.2672,-10.2137,0,0,0
-0.1003,0.0461,1.0303,4.6565,32.7481,-8.9008,0,0,0
-0.1038,0.0557,1.0093,3.0611,32.9618,-8.8015,0,0,0
-0.1106,0.0461,1.0039,1.7481,32.5725,-9.5649,0,0,0
-0.1287,0.0356,1.0051,-0.4122,31.6183,-9.8397,0,0,0
-0.1436,-0.0029,1.0007,-1.6947,31.2443,-7.7252,0,0,0
-0.1655,-0.0271,0.9873,-2.9084,30.3511,-3.313,0,0,0
-0.1787,-0.05,0.9634,-6.5954,29.7099,2.6947,0,0,0
-0.1772,-0.0361,0.9702,-11.4962,28.4656,9.8626,0,0,0
-0.1396,-0.0081,0.9719,-16.7557,29.3053,14.3511,0,0,0
-0.165,0.0466,0.9668,-18.6641,28.2824,16.374,0,0,0
-0.1624,0.0769,0.9702,-19.0305,26.8626,15.3435,0,0,0
-0.1494,0.0947,0.9658,-17.1985,23.4122,11.8931,0,0,0
-0.144,0.1047,0.9729,-14.3053,20.1985,6.3511,0,0,0
-0.1555,0.0967,0.9834,-9.7786,17.4275,0.5649,0,0,0
-0.1533,0.0854,0.9873,-4.8473,16.0229,-3.9008,0,0,0
-0.1848,0.0728,0.9722,-0.542,12.9771,-6.8092,0,0,0
-0.1853,0.0664,0.9651,3.6489,10.2366,-8.5878,0,0,0
-0.1865,0.0596,0.9663,6.5038,8.1985,-9.9618,0,0,0
-0.1865,0.0571,0.9724,7.5954,7.0153,-11.2748,0,0,0
-0.1897,0.0479,0.9768,6.4351,6.084,-12.1298,0,0,0
-0.1919,0.0427,0.97,4.9695,5.7634,-11.8779,0,0,0
-0.1926,0.0183,0.9875,1.5267,5.6336,-11.0534,0,0,0
-0.2209,0.0056,1.0112,0.1985,5.4656,-9.3969,0,0,0
-0.196,-0.0017,1.0264,-0.7863,7.1374,-5.771,0,0,0
-0.2161,0.0164,1.0181,-1.1756,8.1603,-2.5191,0,0,0
-0.2117,0.0286,1.0071,-0.7405,8.9466,0.0382,0,0,0
-0.1865,0.043,1.0005,0.4809,8.7405,-0.4504,0,0,0
-0.1902,0.073,0.99,1.9542,7.2214,-2.1069,0,0,0
-0.1931,0.0706,0.9856,2.7786,5.1908,-5.2748,0,0,0
-0.199,0.0708,0.9714,3.1832,2.7481,-7.2595,0,0,0
-0.2017,0.062,0.9839,2.855,1.0076,-8.4275,0,0,0
-0.2034,0.063,0.9934,2.1679,0.4962,-8.855,0,0,0
-0.1985,0.0698,0.9995,0.9695,1.3664,-9.0763,0,0,0
-0.1938,0.0718,0.9995,-0.7328,2.458,-9.5267,0,0,0
-0.1956,0.0791,0.9929,-1.8168,2.0611,-10.5954,0,0,0
-0.1975,0.0806,0.9773,-1.374,0.7328,-12.7023,0,0,0
-0.197,0.0701,0.968,-0.4427,-1.2901,-14.0382,0,0,0
-0.1909,0.0769,0.9673,0.3588,-3.6718,-15.1374,0,0,0
-0.1909,0.0767,0.9814,0.3893,-5.1985,-17.145,0,0,0
-0.188,0.083,0.9849,0.6336,-6.229,-18.8397,0,0,0
-0.1819,0.082,0.9866,0.0611,-6.8702,-20.313,0,0,0
-0.186,0.0776,1.0083,-1.0763,-7.3817,-21.8855,0,0,0
-0.1912,0.0833,1.0146,-1.0916,-6.6794,-23.9695,0,0,0
-0.1829,0.0583,1.0259,-1.7099,-5.1527,-24.9847,0,0,0
-0.1865,0.0442,1.0312,-2.5802,-3.8702,-24.8168,0,0,0
-0.2012,0.0325,1.0408,-1.7481,-2.5649,-24.3817,0,0,0
-0.2,0.0166,1.0269,-0.6412,-1.7634,-22.7252,0,0,0
-0.2048,0.0208,1.0193,0.2214,-1.7786,-21.084,0,0,0
-0.2007,0.031,1.0042,1.0534,-2.3511,-19.6336,0,0,0
-0.1948,0.0415,0.9895,2.1908,-3.2214,-19.2672,0,0,0
-0.1899,0.0515,0.9712,2.7099,-4.5573,-19.6718,0,0,0
-0.1907,0.0557,0.9648,3.2443,-7.1908,-20.8702,0,0,0
-0.1904,0.0579,0.9534,2.1832,-9.4809,-22.6412,0,0,0
-0.1917,0.0437,0.9497,0.855,-11.3893,-23.8626,0,0,0
-0.1997,0.0266,0.9614,-1.3359,-13.2137,-23.5344,0,0,0
-0.2012,0.0071,0.959,-2.084,-14.5038,-22.4122,0,0,0
-0.2107,-0.0125,0.9521,-3.4504,-16.5725,-20.145,0,0,0
-0.2078,-0.021,0.9529,-4.6641,-18.9466,-16.6718,0,0,0
-0.2124,-0.0256,0.9573,-7.3282,-20.7939,-13.2824,0,0,0
-0.2075,-0.0154,0.9724,-9.0,-21.8473,-10.0534,0,0,0
-0.2,-0.0125,0.9736,-10.1527,-21.9542,-7.1145,0,0,0
-0.1804,-0.0105,0.9534,-10.3435,-23.5573,-4.8244,0,0,0
-0.175,-0.0173,0.9631,-11.6031,-26.4351,-3.2137,0,0,0
-0.1746,-0.0239,0.9644,-10.5344,-29.4198,-2.6107,0,0,0
-0.1743,-0.033,0.9797,-9.8855,-31.6947,-0.7099,0,0,0
-0.1646,-0.0627,0.9915,-9.1603,-33.4809,3.4885,0,0,0
-0.1714,-0.0566,1.0039,-10.313,-32.7023,6.3664,0,0,0
-0.1621,-0.0459,1.001,-9.7328,-32.771,9.5496,0,0,0
-0.134,-0.0515,0.9753,-10.0534,-32.9618,13.2366,0,0,0
-0.1406,-0.0425,0.9956,-13.1069,-34.3359,14.6336,0,0,0
-0.1423,-0.0613,1.0085,-11.1603,-36.7863,16.4046,0,0,0
-0.1311,-0.0881,1.0283,-12.7023,-38.4427,19.8473,0,0,0
-0.145,-0.0813,1.0586,-11.7481,-37.8779,23.2366,0,0,0
-0.1321,-0.0884,1.074,-9.7176,-36.3206,27.9466,0,0,0
-0.1228,-0.0767,1.0833,-7.3664,-33.6794,33.2519,0,0,0
-0.0828,-0.0505,1.0774,-4.8092,-30.7481,36.6947,0,0,0
-0.0696,-0.0168,1.0806,-3.1527,-28.4504,36.7405,0,0,0
-0.0588,-0.0002,1.0813,-3.7405,-26.4351,34.6336,0,0,0
-0.0396,0.0012,1.1018,-4.0534,-22.9695,33.0611,0,0,0
-0.0413,-0.002,1.1133,-4.8321,-19.0687,32.1679,0,0,0
-0.053,-0.0071,1.1174,-5.8931,-14.9847,32.2672,0,0,0
-0.0518,-0.0225,1.1208,-7.1221,-10.8779,33.5191,0,0,0
-0.0525,-0.019,1.1104,-6.9313,-7.5573,35.542,0,0,0
-0.0469,-0.0056,1.0891,-6.3588,-5.3511,36.9542,0,0,0
-0.0352,0.0144,1.0891,-6.6336,-4.2443,37.4198,0,0,0
-0.0352,0.0112,1.0833,-5.7863,-2.7023,36.5649,0,0,0
-0.0354,0.0137,1.0906,-4.1603,-1.4504,35.8168,0,0,0
-0.033,0.0012,1.0776,-2.7099,-0.7481,35.6107,0,0,0
-0.0374,-0.0068,1.0903,-1.0687,0.0229,35.3817,0,0,0
-0.0469,-0.0205,1.1011,0.145,2.0305,36.7786,0,0,0
-0.0569,-0.019,1.0874,0.4427,5.5802,38.6412,0,0,0
-0.0513,-0.0122,1.074,-0.3053,8.4504,41.2901,0,0,0
-0.043,0.0134,1.0623,-2.7634,11.374,42.8702,0,0,0
-0.0344,0.0249,1.0466,-6.6183,13.6412,42.1374,0,0,0
-0.0427,0.0496,1.0486,-10.2977,16.0076,39.7634,0,0,0
-0.0444,0.0342,1.0361,-12.8931,17.7328,37.4809,0,0,0
-0.0488,0.0322,1.0156,-13.7252,17.4504,36.229,0,0,0
-0.0566,0.0249,1.0015,-13.6183,15.3282,34.9389,0,0,0
-0.0569,0.0034,1.0225,-13.2595,12.7863,33.2977,0,0,0
-0.0706,-0.033,1.0449,-9.855,11.1145,33.2672,0,0,0
-0.092,-0.0564,1.0537,-6.7634,10.542,35.5573,0,0,0
-0.0942,-0.0637,1.0613,-2.6412,11.2366,39.6031,0,0,0
-0.0894,-0.0359,1.0522,0.2366,12.7863,43.229,0,0,0
-0.0732,0.0012,1.0437,1.3588,14.2214,44.5878,0,0,0
-0.0708,0.0542,1.033,-0.9695,15.8168,42.4885,0,0,0
-0.0593,0.0845,1.0063,-2.8779,16.5038,38.3588,0,0,0
-0.0603,0.084,1.0134,-7.458,15.6947,32.5038,0,0,0
-0.0696,0.0579,1.0227,-7.3435,14.9542,27.8244,0,0,0
-0.0845,-0.0195,1.0535,-7.313,13.7176,25.0763,0,0,0
-0.1106,-0.043,1.0642,-3.7634,14.7252,27.2595,0,0,0
-0.1228,-0.0388,1.0596,4.3053,14.1908,32.9466,0,0,0
-0.1055,0.0078,1.0588,5.6107,16.5802,35.1756,0,0,0
-0.0867,0.0391,1.052,4.9542,18.7252,34.2519,0,0,0
-0.0842,0.0723,1.0476,4.2748,21.3893,30.4046,0,0,0
-0.0874,0.061,1.042,1.2519,23.0458,25.7786,0,0,0
-0.0989,0.0603,1.0364,0.4427,23.7634,22.9466,0,0,0
-0.1011,0.0796,1.0315,-0.3206,22.9008,19.5191,0,0,0
-0.0964,0.083,1.0376,3.3359,21.8855,16.458,0,0,0
-0.1067,0.0913,1.0444,4.7099,21.0687,13.0,0,0,0
-0.1055,0.0913,1.05,7.3588,20.8702,8.7634,0,0,0
-0.1155,0.0945,1.0789,9.855,21.1221,4.8015,0,0,0
-0.1182,0.0994,1.0774,14.2519,23.1603,1.6641,0,0,0
-0.1206,0.1089,1.0808,16.4351,25.8092,-2.0229,0,0,0
-0.1221,0.1174,1.0984,17.0534,29.5954,-5.8855,0,0,0
-0.1211,0.1226,1.0725,17.5573,33.9084,-9.6183,0,0,0
-0.1248,0.1145,1.04,16.1908,36.4198,-13.1069,0,0,0
-0.1394,0.1045,1.0186,14.5802,36.5115,-15.9389,0,0,0
-0.1633,0.1045,1.0046,13.1221,36.0382,-18.2214,0,0,0
-0.1541,0.103,0.9871,12.6794,33.916,-19.5267,0,0,0
-0.1543,0.1128,0.9902,12.7481,32.7939,-21.4885,0,0,0
-0.1633,0.1448,0.9683,13.4504,31.5649,-25.1527,0,0,0
-0.1702,0.1377,0.9634,13.3511,29.2595,-29.313,0,0,0
-0.1689,0.1372,0.9617,13.3817,26.9313,-33.374,0,0,0
-0.1814,0.1414,0.9644,12.7481,25.3359,-37.5954,0,0,0
-0.1907,0.125,0.9814,12.2901,23.9237,-41.0,0,0,0
-0.186,0.1094,1.0085,13.2137,25.1985,-42.9466,0,0,0
-0.2151,0.0977,1.0042,12.9008,25.9695,-44.3435,0,0,0
-0.2292,0.0723,0.9675,13.6183,25.2672,-44.3053,0,0,0
-0.2346,0.0596,0.9529,13.4504,23.4046,-43.3206,0,0,0
-0.2407,0.0483,0.9519,12.4122,20.9389,-42.1756,0,0,0
-0.2561,0.0505,0.949,10.6565,19.1298,-40.6565,0,0,0
-0.2527,0.0386,0.9551,9.1908,18.0687,-39.5725,0,0,0
-0.2563,0.0374,0.9468,8.4427,16.1756,-38.6336,0,0,0
-0.2542,0.0415,0.9551,7.7939,15.1527,-37.9924,0,0,0
-0.2747,0.051,0.9375,8.2824,13.6183,-38.1985,0,0,0
-0.2742,0.0515,0.9395,8.6565,11.3359,-38.2977,0,0,0
-0.2649,0.0334,0.9314,9.6947,8.1221,-38.4809,0,0,0
-0.2703,0.0293,0.9495,11.4275,5.5954,-38.4733,0,0,0
-0.2866,0.0256,0.9517,12.7939,3.5954,-38.2672,0,0,0
-0.2905,0.0156,0.9487,13.771,2.0153,-36.7023,0,0,0
-0.3027,0.0259,0.9412,14.1374,0.855,-34.374,0,0,0
-0.2993,0.041,0.9397,12.9618,-0.7252,-32.6565,0,0,0
-0.2871,0.0474,0.9224,10.3969,-2.542,-31.6718,0,0,0
-0.2803,0.0684,0.9255,7.4122,-4.1908,-32.2061,0,0,0
-0.2795,0.0762,0.9297,4.3511,-5.6412,-33.5725,0,0,0
-0.2791,0.0823,0.9109,2.1832,-7.9924,-35.2061,0,0,0
-0.2671,0.0444,0.9119,-0.3817,-10.687,-36.0229,0,0,0
-0.28,0.0127,0.9519,-3.4122,-13.6565,-35.5954,0,0,0
-0.3062,-0.0232,0.9761,-5.9771,-13.8397,-32.229,0,0,0
-0.3179,-0.0437,1.011,-8.7634,-11.5344,-26.3282,0,0,0
-0.311,-0.0479,1.0215,-10.9008,-7.7176,-19.1985,0,0,0
-0.2954,-0.0352,0.991,-11.1679,-4.458,-13.4275,0,0,0
-0.283,0.0046,0.9692,-10.1985,-4.1374,-10.8855,0,0,0
-0.2734,0.0244,0.9458,-9.4198,-7.2901,-11.5573,0,0,0
-0.2708,0.0144,0.9539,-8.6107,-11.0305,-13.6031,0,0,0
-0.2839,-0.0012,0.981,-7.6412,-13.6794,-14.0763,0,0,0
-0.2847,-0.031,1.0166,-7.1603,-13.8321,-12.4122,0,0,0
-0.2893,-0.0376,1.0366,-6.6336,-11.2824,-8.9466,0,0,0
-0.2822,-0.0332,1.0364,-6.7863,-8.4351,-5.2137,0,0,0
-0.2708,-0.0293,1.0234,-6.9237,-6.7557,-2.9924,0,0,0
-0.2666,-0.0093,1.0076,-5.9084,-6.2443,-1.855,0,0,0
-0.2642,-0.0007,1.0037,-5.3969,-6.9084,-2.084,0,0,0
-0.262,-0.0073,1.0137,-4.0153,-7.5802,-2.0229,0,0,0
-0.2656,-0.0022,1.0066,-2.1527,-7.4962,-1.3969,0,0,0
-0.2622,0.0054,1.0,-0.9389,-7.4351,-0.4504,0,0,0
-0.2607,0.0073,1.0046,-1.2137,-8.1374,0.6031,0,0,0
-0.2522,0.0164,1.0127,-2.4962,-7.9237,1.1908,0,0,0
-0.2512,0.0105,1.0232,-3.3969,-6.8397,1.2672,0,0,0
-0.2524,0.0098,1.032,-3.8015,-5.4656,2.2366,0,0,0
-0.2534,0.0161,1.04,-4.313,-3.7557,3.4122,0,0,0
-0.2402,0.0188,1.0371,-3.7252,-2.2672,4.5573,0,0,0
-0.2378,0.0391,1.0215,-2.5573,-1.3359,4.5038,0,0,0
-0.2334,0.0513,1.0115,-1.0534,-1.2748,3.0153,0,0,0
-0.2354,0.0649,0.9929,0.2443,-2.313,1.1679,0,0,0
-0.2366,0.0654,0.9893,0.6031,-3.6412,-0.9618,0,0,0
-0.2339,0.0571,0.9878,0.626,-4.145,-2.5725,0,0,0
-0.2363,0.0403,0.9993,-0.5191,-4.313,-3.5573,0,0,0
-0.2466,0.0234,1.0186,-1.229,-3.7557,-3.1145,0,0,0
-0.2495,0.0134,1.0168,-1.8168,-1.8168,-1.6718,0,0,0
-0.2432,0.0222,1.0159,-2.084,-0.687,0.0229,0,0,0
-0.239,0.0337,0.9995,-1.8244,0.084,0.7481,0,0,0
-0.2363,0.0483,0.9817,-1.4962,0.0763,0.0534,0,0,0
-0.2363,0.0532,0.9788,-0.7328,-1.5802,-1.5573,0,0,0
-0.2346,0.0464,0.9697,-0.2443,-3.3282,-2.9313,0,0,0
-0.2397,0.031,0.9956,-0.771,-4.313,-3.5496,0,0,0
-0.2498,0.0203,1.0068,-0.1145,-3.8015,-3.2061,0,0,0
-0.2471,0.0186,1.0256,-0.3511,-2.3893,-1.6031,0,0,0
-0.2466,0.0234,1.0144,-0.7099,-1.0687,0.0916,0,0,0
-0.2434,0.031,1.0056,-0.7099,-0.3206,0.7786,0,0,0
-0.2375,0.0405,0.9922,-0.5802,-0.626,0.4885,0,0,0
-0.2261,0.0537,0.9824,-1.1985,-1.7939,-0.8244,0,0,0
-0.2336,0.0559,0.9907,-2.1069,-1.9389,-1.9924,0,0,0
-0.2363,0.0427,1.0017,-2.4122,-2.1832,-3.313,0,0,0
-0.2371,0.0347,1.0166,-2.4046,-2.0534,-3.771,0,0,0
-0.2393,0.0254,1.0042,-2.0229,-1.5573,-3.5954,0,0,0
-0.2429,0.0151,1.0042,-1.6565,-1.5649,-2.9542,0,0,0
-0.2412,0.0173,1.0173,-0.7099,-1.7023,-2.0076,0,0,0
-0.2395,0.0264,1.0125,-0.3893,-1.2443,-1.6947,0,0,0
-0.2373,0.0173,1.0171,-1.3053,-0.4046,-1.0687,0,0,0
-0.241,0.0239,1.0159,-1.7252,0.4427,-0.9313,0,0,0
-0.2407,0.0281,1.01,-2.1985,1.1298,-0.7634,0,0,0
-0.2419,0.0293,1.0024,-2.6947,1.1679,-0.4809,0,0,0
-0.2397,0.0229,1.0088,-2.6947,0.8626,-0.7176,0,0,0
-0.2427,0.0164,1.0039,-1.3053,0.2595,-0.5038,0,0,0
-0.2449,0.0269,1.0024,-0.4885,0.3969,0.1756,0,0,0
-0.2383,0.0305,1.0044,-0.5725,0.5038,0.4046,0,0,0
-0.229,0.0369,0.9966,-0.3206,0.3969,0.2214,0,0,0
-0.2324,0.0393,0.9937,-1.2366,0.626,-0.4198,0,0,0
-0.2349,0.0276,0.9922,-1.3511,0.3435,-1.1069,0,0,0
-0.2419,0.0339,0.9873,-1.0382,-0.1069,-1.6565,0,0,0
-0.2449,0.0344,0.9822,-1.3282,-0.3206,-1.3206,0,0,0
-0.2444,0.0369,0.981,-1.3664,-0.626,-1.0153,0,0,0
-0.239,0.0376,0.9885,-1.9924,-0.6718,-0.6794,0,0,0
-0.2334,0.0457,0.989,-2.4046,-0.8702,-0.8855,0,0,0
-0.2363,0.0454,0.9871,-2.1374,-0.9542,-1.771,0,0,0
-0.2383,0.0425,0.9907,-1.5115,-1.855,-2.458,0,0,0
-0.2388,0.0396,0.999,-1.5496,-2.1832,-2.1145,0,0,0
-0.2422,0.031,1.0051,-1.3282,-2.2977,-2.374,0,0,0
-0.2366,0.0212,1.0103,-1.1603,-1.8168,-1.6565,0,0,0
-0.2432,0.031,1.0051,-1.0992,-1.3435,-0.8244,0,0,0
-0.2378,0.0354,0.9966,-1.4198,-1.2519,-0.5649,0,0,0
-0.2371,0.0381,0.9917,-2.3588,-1.3435,-0.3206,0,0,0
-0.2388,0.0425,0.991,-2.7176,-1.9847,-1.0611,0,0,0
-0.2334,0.0378,0.9924,-2.7786,-2.4122,-1.4351,0,0,0
-0.2368,0.0356,0.9944,-2.2443,-2.374,-2.1221,0,0,0
-0.2373,0.0356,1.0017,-2.0534,-2.458,-2.3588,0,0,0
-0.2393,0.0291,1.0012,-1.7099,-2.4809,-2.5191,0,0,0
-0.2363,0.0261,0.9988,-1.5038,-1.916,-2.3817,0,0,0
-0.2375,0.0181,0.9939,-0.8168,-2.0916,-1.4656,0,0,0
-0.2454,0.0244,0.9905,-0.7557,-2.5344,-0.7557,0,0,0
-0.2407,0.0234,0.9963,-0.9313,-3.5191,-0.4962,0,0,0
-0.2388,0.031,0.9846,-1.1756,-4.0992,0.4046,0,0,0
-0.2373,0.0417,0.9983,-1.8244,-4.4122,0.084,0,0,0
-0.2351,0.0447,1.002,-2.7939,-4.1908,-0.6336,0,0,0
-0.2327,0.0374,0.9971,-3.7786,-4.0,-1.3511,0,0,0
-0.2339,0.0413,0.9976,-3.3664,-3.6794,-2.0229,0,0,0
-0.2305,0.0247,1.0054,-3.9237,-3.8321,-2.2595,0,0,0
-0.2361,0.0181,1.0129,-3.8779,-3.7328,-1.4198,0,0,0
-0.2402,0.02,1.0095,-3.8855,-3.1908,-0.6412,0,0,0
-0.2319,0.0188,1.001,-3.9313,-2.7634,0.7252,0,0,0
-0.2261,0.0198,1.0012,-3.5573,-3.5115,1.0534,0,0,0
-0.2261,0.0286,1.0085,-3.0916,-3.5573,0.9847,0,0,0
-0.228,0.0422,1.0125,-2.3053,-3.6641,0.0611,0,0,0
-0.2244,0.0359,1.0061,-2.3435,-3.4504,-0.5802,0,0,0
-0.2253,0.0317,1.01,-2.4351,-3.374,-1.3969,0,0,0
-0.2227,0.0271,1.0095,-2.2672,-2.5954,-1.7634,0,0,0
-0.2307,0.0229,0.9976,-2.2519,-2.6183,-1.229,0,0,0
-0.2307,0.0227,0.9971,-1.7481,-3.0763,-1.1679,0,0,0
-0.2295,0.0217,0.9851,-2.145,-4.0611,-0.916,0,0,0
-0.228,0.0193,0.9792,-2.1832,-5.2061,-0.4122,0,0,0
-0.2246,0.0186,0.9829,-2.6031,-5.9618,-0.0992,0,0,0
-0.2253,0.022,1.009,-2.7023,-5.5115,0.2748,0,0,0
-0.2261,0.0305,1.0115,-2.7557,-4.4046,0.1527,0,0,0
-0.2214,0.0305,0.9983,-2.5878,-3.2366,-0.0916,0,0,0
-0.2202,0.0313,0.991,-2.4733,-3.8855,-0.3282,0,0,0
-0.2219,0.0286,0.9829,-2.145,-4.7939,-0.6107,0,0,0
-0.2222,0.0261,0.9868,-1.9618,-6.2519,-0.8092,0,0,0
-0.2217,0.0259,1.0015,-1.5802,-7.4504,-0.6489,0,0,0
-0.2197,0.0217,1.0046,-1.3588,-7.7557,-0.4885,0,0,0
-0.2195,0.0242,1.0088,-2.0,-7.4198,0.5954,0,0,0
-0.2131,0.0225,1.0073,-2.5725,-7.0,0.7634,0,0,0
-0.2036,0.0303,1.0066,-2.7252,-6.374,0.7557,0,0,0
-0.2107,0.0381,1.0029,-2.3588,-6.2595,0.1985,0,0,0
-0.2063,0.0378,1.0051,-2.145,-6.1145,-0.6794,0,0,0
-0.2029,0.0371,1.0017,-1.6947,-6.6183,-1.7328,0,0,0
-0.2087,0.0278,1.0027,-2.0382,-7.0076,-2.6183,0,0,0
-0.2092,0.0134,1.0125,-1.9466,-6.8015,-2.6489,0,0,0
-0.2109,0.0046,1.0217,-1.4733,-6.7634,-1.9008,0,0,0
-0.2144,0.0073,1.0227,-0.7557,-6.6489,-1.0687,0,0,0
-0.2168,0.0088,1.0146,-0.5191,-6.1985,-0.2901,0,0,0
-0.2078,0.0144,1.0166,-0.6718,-5.8397,1.0992,0,0,0
-0.2026,0.0183,1.0122,-0.8779,-5.5115,1.3588,0,0,0
-0.1941,0.0176,1.0176,-1.0687,-5.1908,1.3893,0,0,0
-0.1938,0.0283,1.0247,-1.3053,-4.9618,1.3359,0,0,0
-0.1946,0.0359,1.0339,-1.2061,-4.1908,1.0611,0,0,0
-0.1963,0.0361,1.0264,-1.084,-3.2519,0.687,0,0,0
-0.1909,0.0388,1.0232,-0.8855,-2.8015,0.1985,0,0,0
-0.196,0.0408,1.0059,-1.2061,-2.6336,-0.5725,0,0,0
-0.1965,0.0308,1.0,-1.5954,-3.1603,-1.0382,0,0,0
-0.1956,0.0298,1.0044,-1.8092,-3.3664,-0.916,0,0,0
-0.1965,0.0293,0.9998,-1.5878,-3.8015,-0.4656,0,0,0
-0.1948,0.0303,1.0054,-1.4122,-3.5878,-0.1679,0,0,0
-0.1943,0.0342,1.0076,-1.3893,-3.4733,-0.0687,0,0,0
-0.1907,0.0356,0.9993,-1.4885,-3.3359,-0.4275,0,0,0
-0.1963,0.0354,1.0068,-1.1374,-3.7176,-0.7023,0,0,0
-0.1912,0.0281,0.9998,-1.2214,-4.2443,-0.9008,0,0,0
-0.1914,0.0327,0.9966,-1.2977,-4.8626,-1.1679,0,0,0
-0.1899,0.0376,1.0093,-2.0076,-4.9389,-1.4122,0,0,0
-0.188,0.0322,1.0132,-2.4046,-4.5725,-1.4809,0,0,0
-0.1934,0.0271,1.0093,-2.5649,-4.5954,-1.458,0,0,0
-0.1904,0.0273,1.0068,-2.7557,-4.313,-1.6641,0,0,0
-0.1904,0.0283,1.0127,-2.1832,-4.7023,-1.6031,0,0,0
-0.1909,0.0281,1.01,-2.3435,-4.4885,-1.9542,0,0,0
-0.187,0.0269,1.0088,-2.6641,-4.6412,-2.0153,0,0,0
-0.1819,0.0261,1.0107,-3.8092,-4.8321,-1.6718,0,0,0
-0.1877,0.0142,1.009,-3.4962,-4.4733,-1.4733,0,0,0
-0.1873,0.0085,1.0186,-3.3664,-4.4809,-0.8321,0,0,0
-0.1887,0.0098,1.0251,-3.0458,-4.0916,0.3511,0,0,0
-0.1826,0.0203,1.033,-2.9847,-3.3893,0.855,0,0,0
-0.1812,0.0271,1.0312,-3.0382,-3.0992,0.687,0,0,0
-0.177,0.0325,1.0266,-2.4198,-2.1832,-0.229,0,0,0
-0.1843,0.0234,1.0122,-2.0611,-1.6031,-1.3664,0,0,0
-0.1887,0.0156,0.9961,-1.4962,-2.2977,-1.4809,0,0,0
-0.1909,0.0144,1.0032,-1.5573,-3.5344,-0.7939,0,0,0
-0.1951,0.0115,1.0044,-1.3893,-4.2443,0.1527,0,0,0
-0.1855,0.0142,1.0046,-1.4809,-4.6641,1.3206,0,0,0
-0.1809,0.0249,1.0081,-1.6412,-4.6183,2.2748,0,0,0
-0.1748,0.0347,1.0234,-2.4885,-4.5267,2.1679,0,0,0
-0.1709,0.0403,1.0237,-3.0229,-3.7252,1.2443,0,0,0
-0.1702,0.0447,1.0259,-3.1527,-3.0916,0.229,0,0,0
-0.1731,0.0403,1.0181,-2.9466,-2.4962,-1.0076,0,0,0
-0.1658,0.0417,1.0122,-2.9542,-2.4275,-1.9237,0,0,0
-0.1753,0.0327,1.0085,-2.8702,-3.0382,-2.5649,0,0,0
-0.1714,0.0168,1.0085,-2.6565,-3.4809,-2.6489,0,0,0
-0.1768,0.0088,1.0139,-2.2824,-4.145,-1.7176,0,0,0
-0.1816,0.0129,1.0154,-2.2672,-3.9237,-0.7023,0,0,0
-0.1772,0.022,1.0132,-2.4504,-3.8626,0.374,0,0,0
-0.1687,0.031,1.022,-3.0611,-3.2595,0.7939,0,0,0
-0.168,0.0332,1.0149,-3.1832,-2.5725,0.2214,0,0,0
-0.1626,0.0408,1.0178,-3.5573,-2.5191,-1.0076,0,0,0
-0.1692,0.0344,1.0171,-3.3893,-2.4046,-2.0992,0,0,0
-0.1687,0.031,1.0166,-3.4351,-3.0076,-2.8168,0,0,0
-0.1733,0.0259,1.0083,-3.0534,-3.1832,-3.313,0,0,0
-0.1753,0.0154,1.0063,-2.8397,-3.5878,-3.5878,0,0,0
-0.1748,0.0061,1.0068,-2.8702,-4.1221,-2.9618,0,0,0
-0.1826,0.0068,1.0078,-2.458,-5.0305,-1.8626,0,0,0
-0.1814,0.011,1.0088,-2.6489,-5.0076,-0.6947,0,0,0
-0.1746,0.0149,1.0083,-3.1985,-4.8092,0.3282,0,0,0
-0.1648,0.0195,1.0039,-3.9771,-5.0153,0.3359,0,0,0
-0.1687,0.0215,1.0054,-4.2137,-5.3282,-0.0153,0,0,0
-0.1599,0.0251,1.0046,-4.7786,-5.7176,0.0458,0,0,0
-0.1675,0.0266,1.0134,-4.7328,-5.458,-0.5191,0,0,0
-0.1614,0.0286,1.0193,-4.8168,-5.7176,-0.8321,0,0,0
-0.1616,0.0208,1.0215,-4.5802,-5.2901,-1.5802,0,0,0
-0.1611,0.0149,1.0229,-4.1603,-4.7786,-1.9924,0,0,0
-0.1604,0.0137,1.0166,-3.7405,-5.0076,-1.771,0,0,0
-0.167,0.0105,1.02,-3.6336,-5.1374,-1.4733,0,0,0
-0.1658,0.0073,1.0249,-3.4275,-5.1985,-1.0229,0,0,0
-0.1614,0.0137,1.0217,-3.5878,-4.8702,-0.229,0,0,0
-0.1611,0.012,1.0308,-3.9237,-4.5573,-0.2137,0,0,0
-0.1514,0.0181,1.0225,-3.4656,-5.0,-0.5954,0,0,0
-0.1575,0.0308,1.0261,-2.4809,-4.8397,-1.229,0,0,0
-0.1499,0.021,1.0264,-2.4809,-4.771,-1.5496,0,0,0
-0.1519,0.0242,1.0259,-2.229,-3.9618,-1.4885,0,0,0
-0.1509,0.0237,1.011,-2.542,-3.7099,-1.6718,0,0,0
-0.1506,0.0256,1.0129,-3.2519,-3.6718,-1.5038,0,0,0
-0.1479,0.0293,1.0063,-4.1603,-4.0382,-2.084,0,0,0
-0.1455,0.0278,1.0125,-5.2137,-4.4427,-2.4885,0,0,0
-0.147,0.02,1.0137,-5.0305,-4.855,-2.7481,0,0,0
-0.147,0.019,1.0217,-5.0382,-4.7939,-3.0992,0,0,0
-0.1445,0.0151,1.0183,-5.2137,-4.4427,-3.1908,0,0,0
-0.1448,0.0107,1.0251,-4.8779,-4.0305,-3.3893,0,0,0
-0.1423,0.0112,1.0203,-4.2137,-4.2748,-3.5115,0,0,0
-0.147,0.0076,1.0239,-3.8779,-4.0382,-3.7176,0,0,0
-0.1492,0.0044,1.0266,-3.374,-4.0305,-3.5344,0,0,0
-0.1436,0.0024,1.0303,-3.3664,-3.374,-2.7863,0,0,0
-0.1455,0.0029,1.0203,-2.9466,-2.8626,-2.8855,0,0,0
-0.1428,0.0042,1.0142,-2.5725,-2.9771,-2.6641,0,0,0
-0.1467,0.0049,1.0112,-2.7863,-3.2595,-2.7328,0,0,0
-0.1487,-0.0073,1.0215,-3.0611,-3.6336,-2.6794,0,0,0
-0.1499,-0.0034,1.0222,-3.1374,-3.229,-1.7328,0,0,0
-0.1472,-0.0051,1.0217,-3.0687,-3.3511,-1.4275,0,0,0
-0.1453,-0.0022,1.0278,-2.4351,-3.0,-1.0534,0,0,0
-0.1436,0.0037,1.0239,-2.6183,-3.084,-0.8244,0,0,0
-0.1421,0.002,1.0215,-2.7863,-3.4351,-1.1756,0,0,0
-0.1448,0.0068,1.0278,-2.6718,-3.4198,-1.2519,0,0,0
-0.1423,0.0005,1.0342,-2.9847,-3.1832,-1.145,0,0,0
-0.1418,-0.0017,1.0344,-2.7481,-2.7252,-1.2443,0,0,0
-0.1482,-0.009,1.0317,-2.6107,-2.0687,-0.9008,0,0,0
-0.1467,-0.012,1.0195,-2.2672,-2.1832,-0.5725,0,0,0
-0.1438,-0.0129,1.0178,-1.6412,-2.5573,-0.3206,0,0,0
-0.144,-0.0178,1.0234,-1.2214,-3.0534,0.626,0,0,0
-0.1409,-0.0234,1.0288,-0.9695,-3.1985,1.084,0,0,0
-0.1453,-0.0195,1.0378,-0.9237,-3.1527,2.2137,0,0,0
-0.1431,-0.01,1.0308,-1.1985,-2.9237,2.7252,0,0,0
-0.1418,-0.0129,1.041,-1.3511,-2.5573,3.0076,0,0,0
-0.1433,-0.0107,1.0442,-1.6641,-1.7634,3.0,0,0,0
-0.137,-0.0054,1.0505,-2.1374,-0.8244,2.687,0,0,0
-0.1433,0.0022,1.0498,-2.1679,0.4198,2.7328,0,0,0
-0.1477,0.0024,1.0317,-2.1527,1.0458,2.4351,0,0,0
-0.1506,0.0103,1.0334,-2.1298,0.7481,2.3511,0,0,0
-0.1528,0.0044,1.0137,-2.374,-0.0611,2.7099,0,0,0
-0.1543,0.0085,1.0232,-2.3969,-0.5573,3.1145,0,0,0
-0.1489,0.0112,1.0374,-2.6565,-0.6489,3.4885,0,0,0
-0.1401,0.0168,1.0476,-3.2977,-0.1298,3.5802,0,0,0
-0.1387,0.0183,1.0579,-3.2672,1.0687,4.145,0,0,0
-0.1355,0.0256,1.0518,-2.9542,2.0763,4.0687,0,0,0
-0.1318,0.0278,1.0486,-1.9389,3.9084,3.6947,0,0,0
-0.1218,0.0325,1.0342,-0.9084,5.4427,3.1985,0,0,0
-0.1196,0.0415,1.0212,-0.4962,5.3969,2.1908,0,0,0
-0.114,0.0439,1.0022,0.542,4.5573,1.1908,0,0,0
-0.1023,0.0464,0.9988,-0.2137,3.916,-0.1221,0,0,0
-0.1016,0.0461,0.9988,-0.9389,3.7481,-2.2748,0,0,0
-0.1145,0.0447,0.9883,-1.9618,3.855,-4.3511,0,0,0
-0.1287,0.0359,0.9851,-2.7634,3.2824,-6.1527,0,0,0
-0.1335,0.0227,0.9763,-3.6718,2.6489,-7.0153,0,0,0
-0.1487,0.0017,0.9729,-3.5954,1.3511,-6.9847,0,0,0
-0.1587,-0.0137,0.9746,-2.6794,-0.3817,-6.1679,0,0,0
-0.1558,-0.0261,0.9785,-1.9237,-2.0992,-4.458,0,0,0
-0.1531,-0.032,0.9893,-1.3511,-3.1985,-2.7252,0,0,0
-0.1565,-0.0332,0.998,-0.8702,-4.084,-0.9695,0,0,0
-0.1484,-0.0234,1.0044,-0.542,-4.2672,0.2061,0,0,0
-0.1465,-0.0159,1.01,-0.542,-4.1985,1.1527,0,0,0
-0.1404,-0.0105,1.0159,-0.9389,-4.0611,1.0458,0,0,0
-0.1382,-0.0088,1.0081,-0.8779,-4.5191,0.7023,0,0,0
-0.145,-0.0046,1.0205,-1.1679,-4.7863,0.1221,0,0,0
-0.1472,-0.0061,1.03,-1.8702,-4.5038,-0.5038,0,0,0
-0.1479,-0.0095,1.0493,-2.5267,-3.7786,-1.1221,0,0,0
-0.1538,-0.0215,1.0554,-2.0611,-3.0763,-1.0687,0,0,0
-0.1558,-0.0317,1.0481,-1.4656,-2.6336,-0.6565,0,0,0
-0.1616,-0.0317,1.0554,-0.7939,-1.9542,0.6794,0,0,0
-0.157,-0.0305,1.0464,-0.4198,-1.5725,1.7481,0,0,0
-0.155,-0.0173,1.0515,-0.1603,-1.3664,2.4809,0,0,0
-0.1582,-0.0129,1.0378,0.5038,-1.229,3.1908,0,0,0
-0.1506,0.0056,1.032,0.374,-1.1985,3.6641,0,0,0
-0.1443,0.0178,1.0327,0.1298,-0.9084,3.8015,0,0,0
-0.1406,0.0203,1.0227,0.2595,-0.5649,3.542,0,0,0
-0.1343,0.0259,1.0198,0.1069,-0.1679,3.1603,0,0,0
-0.1272,0.0249,1.022,-0.3969,-0.2214,2.4656,0,0,0
-0.1304,0.0281,1.0134,-0.6183,-0.7939,2.0916,0,0,0
-0.1306,0.0349,1.0161,-0.6947,-1.0076,1.5115,0,0,0
-0.1267,0.0317,1.0208,-1.0687,-1.0534,1.1069,0,0,0
-0.1262,0.0305,1.0334,-1.1832,-0.3817,-0.0534,0,0,0
-0.1272,0.0242,1.0361,-0.6031,0.3206,-0.542,0,0,0
-0.127,0.0203,1.0425,-0.2595,0.6565,-1.1603,0,0,0
-0.1301,0.0205,1.0286,0.084,1.2519,-1.0229,0,0,0
-0.1384,0.0171,1.03,0.4122,1.4275,-1.3893,0,0,0
-0.1355,0.0159,1.0249,1.0763,1.7786,-1.145,0,0,0
-0.136,0.0085,1.0132,1.4122,1.8702,-0.7634,0,0,0
-0.1311,0.02,0.9995,1.7481,1.6794,-0.1832,0,0,0
-0.1377,0.0239,0.9893,1.3282,0.8626,-0.4351,0,0,0
-0.1333,0.0305,0.9846,0.4504,-0.3969,-0.626,0,0,0
-0.1328,0.0352,0.9937,-1.2748,-1.6107,-1.2443,0,0,0
-0.1367,0.0344,1.0042,-1.7252,-1.5344,-2.3969,0,0,0
-0.1311,0.0256,1.0168,-2.458,-1.0534,-2.9847,0,0,0
-0.1311,0.0181,1.0112,-2.229,-0.313,-3.5267,0,0,0
-0.1433,0.0117,1.0103,-1.5725,-0.8092,-3.0916,0,0,0
-0.1436,0.0085,1.0159,-1.6183,-1.4275,-2.9389,0,0,0
-0.1384,0.0002,1.0254,-1.8855,-2.313,-2.3817,0,0,0
-0.1401,-0.0007,1.0322,-1.9389,-1.9008,-1.9466,0,0,0
-0.1431,0.001,1.0374,-2.0305,-1.5191,-1.5267,0,0,0
-0.1416,0.0059,1.0437,-1.7176,-0.916,-1.0611,0,0,0
-0.1394,0.0071,1.0381,-1.1908,-0.229,-0.7099,0,0,0
-0.1421,0.0142,1.0369,-1.2366,0.3511,-0.7405,0,0,0
-0.1448,0.0142,1.0327,-1.9618,0.5344,-0.5344,0,0,0
-0.1423,0.0132,1.0286,-2.4275,0.8931,-0.2214,0,0,0
-0.1387,0.0159,1.0259,-3.3435,1.4962,0.2061,0,0,0
-0.1313,0.0217,1.022,-3.3206,1.7252,0.5038,0,0,0
-0.1365,0.022,1.0261,-3.0611,2.542,0.2137,0,0,0
-0.1345,0.0227,1.0112,-2.2519,2.3511,-0.6641,0,0,0
-0.1392,0.0239,1.0042,-2.1756,1.2824,-1.229,0,0,0
-0.1414,0.0168,1.0071,-2.4122,0.3282,-1.2824,0,0,0
-0.1409,0.0178,1.0139,-2.687,0.0229,-1.084,0,0,0
-0.1409,0.0161,1.0254,-3.0076,0.5038,-1.1221,0,0,0
-0.145,0.0129,1.0242,-2.5267,1.2061,-0.6641,0,0,0
-0.1479,0.0154,1.0183,-2.5344,1.3817,-0.374,0,0,0
-0.1526,0.0195,1.0139,-2.7023,1.5802,-0.2672,0,0,0
-0.1541,0.0244,1.0081,-2.4885,0.5496,-0.7786,0,0,0
-0.1523,0.0215,1.0107,-2.5496,0.0534,-1.313,0,0,0
-0.1472,0.0234,1.0063,-2.4198,-0.7786,-1.3817,0,0,0
-0.145,0.0266,1.0247,-2.7939,-0.6031,-1.4275,0,0,0
-0.1367,0.022,1.0354,-3.0534,0.0992,-1.7557,0,0,0
-0.1379,0.0281,1.0293,-3.3969,1.0687,-2.4733,0,0,0
-0.1438,0.0186,1.0229,-3.5267,1.8473,-3.5573,0,0,0
-0.147,0.0107,1.0188,-3.5725,1.5649,-4.3206,0,0,0
-0.1592,0.0049,0.9976,-3.542,0.313,-4.6107,0,0,0
-0.1602,-0.0049,0.9998,-2.8702,-0.8626,-3.8855,0,0,0
-0.1614,-0.0073,1.0051,-2.2672,-1.8015,-2.8702,0,0,0
-0.1543,-0.0034,1.0217,-2.2595,-2.4351,-2.2137,0,0,0
-0.1514,0.0056,1.0281,-2.7863,-1.9542,-1.2061,0,0,0
-0.1389,0.0103,1.0347,-3.7099,-0.8779,-1.5954,0,0,0
-0.134,0.0042,1.032,-3.5649,0.3206,-2.1221,0,0,0
-0.1426,0.0115,1.0327,-2.9771,0.8626,-2.9542,0,0,0
-0.1389,0.0054,1.0259,-3.1908,0.9313,-3.3588,0,0,0
-0.1475,-0.0007,1.0142,-2.7481,0.6336,-3.771,0,0,0
-0.1453,-0.0129,1.0129,-1.8626,0.0382,-3.6107,0,0,0
-0.1533,-0.0137,1.0193,-1.8855,-0.6107,-2.9313,0,0,0
-0.1514,-0.0205,1.0242,-1.8931,-1.0382,-1.9237,0,0,0
-0.1465,-0.012,1.0315,-2.1908,-0.2443,-1.0076,0,0,0
-0.1482,-0.0125,1.0203,-1.7405,0.2519,-0.4962,0,0,0
-0.1438,-0.0098,1.0222,-1.5267,0.8855,-0.4962,0,0,0
-0.1443,-0.0098,1.0105,-1.2443,0.5954,-0.2748,0,0,0
-0.1477,-0.0078,0.9956,-0.626,-0.374,-0.1832,0,0,0
-0.1453,-0.0027,1.0042,-0.542,-1.6947,-0.4733,0,0,0
-0.145,-0.0046,1.011,-1.2901,-2.6947,-0.2366,0,0,0
-0.1433,-0.0073,1.022,-1.8473,-2.8702,-0.5115,0,0,0
-0.1384,-0.0081,1.042,-2.3359,-2.7557,-0.4122,0,0,0
-0.1357,-0.0176,1.0496,-2.2672,-1.8168,-0.6565,0,0,0
-0.1411,-0.0227,1.053,-1.855,-0.7252,-0.2672,0,0,0
-0.1431,-0.02,1.0496,-0.9847,0.3435,0.7023,0,0,0
-0.1406,0.0024,1.0193,-0.1145,0.5878,1.1298,0,0,0
-0.1479,-0.0068,1.0222,0.2214,1.5954,1.1603,0,0,0
-0.1514,-0.0139,1.0022,0.8626,1.5725,1.2366,0,0,0
-0.1602,-0.0034,0.9998,0.8397,1.1221,2.145,0,0,0
-0.1631,-0.0015,0.9849,0.7405,-0.0611,2.6947,0,0,0
-0.158,0.0024,0.9771,0.8092,-1.3588,3.8015,0,0,0
-0.1531,0.012,0.9888,-0.0153,-2.2443,4.6107,0,0,0
-0.1501,0.0254,0.9917,-0.5954,-2.9618,4.8473,0,0,0
-0.1467,0.0366,1.0022,-1.4962,-3.0611,4.3893,0,0,0
-0.1414,0.0422,1.0056,-2.0534,-3.4962,3.2901,0,0,0
-0.1443,0.0405,1.0107,-1.8397,-3.8626,1.9771,0,0,0
-0.1482,0.0381,1.0266,-1.8092,-3.9542,0.7634,0,0,0
-0.1416,0.033,1.0295,-1.7634,-3.4427,0.0382,0,0,0
-0.1411,0.0283,1.0479,-2.1298,-2.542,0.0153,0,0,0
-0.1428,0.0266,1.0493,-2.229,-1.1145,0.0153,0,0,0
-0.1411,0.0266,1.0405,-2.771,-0.0687,-0.3893,0,0,0
-0.1311,0.0244,1.031,-3.2366,0.145,-0.7176,0,0,0
-0.1328,0.0215,1.0337,-3.3893,0.1756,-1.5038,0,0,0
-0.1389,0.0149,1.0337,-2.7939,-0.3817,-2.145,0,0,0
-0.1331,0.01,1.0381,-2.374,0.0687,-2.3282,0,0,0
-0.1321,0.0093,1.0491,-1.5649,0.1603,-2.2595,0,0,0
-0.136,0.0085,1.0422,-0.9695,1.2214,-2.3969,0,0,0
-0.1414,0.0066,1.0298,-0.458,1.9313,-2.4275,0,0,0
-0.1436,0.0039,1.0312,-0.4809,2.2901,-2.0916,0,0,0
-0.1487,0.0012,1.0115,-0.3588,2.2214,-2.2366,0,0,0
-0.1511,-0.0051,1.009,-0.7863,1.4046,-1.4809,0,0,0
-0.1514,-0.0039,1.0193,-1.1679,0.3817,-1.2977,0,0,0
-0.147,-0.0046,1.0237,-1.6718,0.5038,-0.5954,0,0,0
-0.1426,-0.0029,1.0168,-1.8244,0.9542,-0.3282,0,0,0
-0.144,-0.0063,1.021,-1.9771,1.6947,-0.9466,0,0,0
-0.1475,-0.0078,1.0083,-1.4504,2.0153,-1.3817,0,0,0
-0.1504,-0.0137,1.0049,-0.7481,1.3969,-1.7481,0,0,0
-0.1523,-0.0234,0.998,-0.687,0.4885,-1.3053,0,0,0
-0.156,-0.0256,0.9963,-0.2137,-0.7863,0.0534,0,0,0
-0.1602,-0.0205,0.9988,0.0153,-1.7481,1.5344,0,0,0
-0.1655,-0.0129,1.0039,-0.2519,-1.9847,2.8397,0,0,0
-0.1558,0.0051,1.0037,-0.6641,-2.0,3.8321,0,0,0
-0.1453,0.0144,1.0073,-0.7405,-2.1221,3.6107,0,0,0
-0.1416,0.0259,1.0017,-0.6031,-2.7481,2.9466,0,0,0
-0.1462,0.0276,1.0107,-1.0,-2.8473,1.7176,0,0,0
-0.1475,0.0271,1.0061,-1.1679,-2.8626,1.2977,0,0,0
-0.1438,0.0171,1.009,-1.5191,-3.3511,1.0916,0,0,0
-0.1421,0.0261,1.0203,-1.2977,-3.4962,1.3359,0,0,0
-0.1404,0.043,1.0129,-1.6718,-3.313,1.4504,0,0,0
-0.1438,0.0408,0.9995,-1.6641,-2.687,1.2977,0,0,0
-0.1421,0.0449,1.0183,-1.9542,-1.9313,0.1908,0,0,0
-0.1401,0.0469,1.0261,-2.7252,-2.2748,-0.2595,0,0,0
-0.1443,0.0464,1.0286,-3.2824,-2.1679,-1.0076,0,0,0
-0.1411,0.0391,1.0288,-3.2137,-1.8779,-1.626,0,0,0
-0.1384,0.0332,1.0415,-3.1069,-1.8092,-2.1756,0,0,0
-0.1394,0.0281,1.0251,-2.8321,-2.1679,-2.9389,0,0,0
-0.1326,0.0291,1.0283,-2.6183,-2.2977,-3.2519,0,0,0
-0.1323,0.0269,1.0405,-3.1679,-1.9313,-3.5344,0,0,0
-0.1313,0.0239,1.0432,-2.5802,-1.2977,-4.0076,0,0,0
-0.125,0.0051,1.0352,-2.3511,-0.1603,-4.0763,0,0,0
-0.1243,0.0049,1.0273,-1.8321,0.5038,-3.5573,0,0,0
-0.1243,0.0,1.0134,-0.8855,0.4427,-2.771,0,0,0
-0.1311,0.0051,0.9998,-0.8015,0.374,-2.6412,0,0,0
-0.1282,0.0073,0.9927,-1.3282,-0.5191,-2.458,0,0,0
-0.1299,0.0046,0.9912,-1.8626,-1.6412,-2.9008,0,0,0
-0.1348,0.0081,0.9963,-2.2214,-2.229,-3.2748,0,0,0
-0.1375,0.0002,1.0029,-2.7481,-2.2748,-3.9313,0,0,0
-0.147,-0.0081,1.0107,-2.5802,-2.5802,-3.9389,0,0,0
-0.1519,-0.0151,1.0137,-2.6794,-2.6641,-3.229,0,0,0
