ax,ay,az,gx,gy,gz,left_click,right_click
0.1335,0.0115,1.0225,-2.1374,-1.1679,0.084,0,0,0
0.1223,0.0176,1.0146,-0.7328,0.1985,1.1374,0,0,0
0.0964,0.0327,1.0291,-0.2366,0.3969,0.771,0,0,0
0.0854,0.0383,1.0303,-1.687,-0.0153,-0.3206,0,0,0
0.0918,0.0332,1.0198,-2.3435,-1.145,-0.6565,0,0,0
0.1001,0.0217,1.0129,-2.1756,-1.2824,-0.9695,0,0,0
0.1074,0.0244,1.0156,-1.2061,-0.855,-0.9847,0,0,0
0.1111,0.0264,1.0286,-0.4046,-0.3664,-0.2214,0,0,0
0.0967,0.031,1.0364,-0.5802,-0.4504,0.0687,0,0,0
0.0945,0.0369,1.0437,-1.8931,-1.3893,-0.2519,0,0,0
0.0984,0.0339,1.0447,-2.9771,-1.5344,-0.1069,0,0,0
0.1033,0.0288,1.0276,-3.1756,-0.6183,-0.3206,0,0,0
0.1011,0.0295,1.0137,-2.5954,-0.1756,-0.8244,0,0,0
0.0994,0.0288,1.0046,-2.1145,-0.2214,-1.3282,0,0,0
0.1121,0.0193,1.0073,-1.542,-0.7176,-1.3969,0,0,0
0.1123,0.0237,1.0222,-0.4733,-0.626,-0.4962,0,0,0
0.1138,0.03,1.0403,-0.8473,-0.9847,-0.0305,0,0,0
0.1047,0.0371,1.051,-1.7786,-0.771,0.0458,0,0,0
0.105,0.0376,1.0457,-2.7634,-0.771,-0.5573,0,0,0
0.1074,0.0288,1.0237,-3.6107,-0.2977,-0.6489,0,0,0
0.1123,0.0237,1.0117,-2.8779,0.1069,-0.4275,0,0,0
0.1089,0.02,0.9961,-1.3206,0.3282,-0.5038,0,0,0
0.0952,0.0359,1.0129,-0.7939,-0.2901,-0.5573,0,0,0
0.0984,0.0408,1.0327,-1.3511,-0.9847,-0.5802,0,0,0
0.1086,0.0361,1.0317,-2.2519,-0.0382,-0.771,0,0,0
0.1021,0.0344,1.0266,-2.2137,0.3969,-0.4427,0,0,0
0.0925,0.04,1.012,-2.4885,-0.5038,-1.0534,0,0,0
0.0957,0.0342,1.0142,-2.8779,-1.5802,-1.5344,0,0,0
0.1135,0.0256,1.0237,-2.3053,-1.2519,-1.4122,0,0,0
0.1108,0.0237,1.0195,-2.229,-0.5038,-0.4962,0,0,0
0.0938,0.0356,1.0251,-2.4046,-0.9313,-0.2366,0,0,0
0.0957,0.0332,1.0256,-2.2061,-1.8626,-1.4427,0,0,0
0.1047,0.0303,1.0256,-2.145,-1.9084,-1.771,0,0,0
0.1111,0.0359,1.0432,-2.229,-1.1527,-2.0,0,0,0
0.114,0.0271,1.0308,-2.4427,-0.4351,-2.1756,0,0,0
0.1135,0.0278,1.031,-2.8473,-0.3435,-1.7939,0,0,0
0.1113,0.0227,1.0317,-3.2519,-0.3969,-1.5649,0,0,0
0.1111,0.0212,1.0288,-3.313,0.0534,-0.229,0,0,0
0.1042,0.0254,1.0269,-3.8702,0.0611,-0.3511,0,0,0
0.0959,0.0244,1.0222,-3.145,0.4351,-0.9695,0,0,0
0.1155,0.0198,1.022,-2.9008,1.8855,-1.0992,0,0,0
0.1184,0.0156,1.0249,-2.0687,3.9771,-0.4504,0,0,0
0.113,0.0222,1.0239,-0.916,6.1374,-1.0992,0,0,0
0.1353,0.0254,1.0742,-2.5267,10.1603,-1.855,0,0,0
0.1274,0.0117,1.0464,-1.7863,9.0611,-1.5038,0,0,0
0.1147,0.011,1.0464,-2.7176,11.0229,0.687,0,0,0
0.1096,0.0254,1.0244,-2.916,13.8702,-0.3969,0,0,0
0.1064,0.0039,1.0247,-2.5038,14.5496,-0.2061,0,0,0
0.1589,0.0056,1.0376,1.9237,16.0687,1.7252,0,0,0
0.1189,0.0056,1.0679,1.542,18.8092,4.7328,0,0,0
0.116,0.0293,1.0613,0.0153,19.9542,6.229,0,0,0
0.0718,0.0317,1.0305,-0.4275,21.1603,6.3969,0,0,0
0.0591,0.0391,1.0261,-0.9618,19.4885,4.7023,0,0,0
0.0427,0.0552,1.0046,-1.145,18.4198,3.1908,0,0,0
0.04,0.0364,1.0212,-1.1985,16.7176,-0.0992,0,0,0
0.0476,0.0652,1.0291,-2.9084,14.1603,-1.9542,0,0,0
0.0757,-0.0417,0.9995,-0.2443,18.1221,3.4427,0,0,0
0.0186,0.085,1.0298,-4.9695,19.2977,2.4122,0,0,0
0.0093,0.0488,1.0176,-5.6794,13.4122,-0.1832,0,0,0
0.0266,0.0334,1.0127,-6.8244,10.1679,-1.3053,0,0,0
0.0281,0.04,1.0071,-6.4656,8.1603,0.1069,0,0,0
0.0217,0.0332,0.9971,-6.8092,7.374,-0.2748,0,0,0
0.0295,0.0378,1.0178,-5.8779,8.0305,-2.145,0,0,0
0.0403,0.02,1.0256,-5.8397,8.7176,-3.3206,0,0,0
0.0342,0.0225,1.0081,-5.8779,6.916,-1.3893,0,0,0
0.0459,0.012,1.0276,-4.2519,6.855,-2.0229,0,0,0
0.03,0.0278,1.0525,-4.0305,9.2977,-4.6031,0,0,0
-0.0234,0.0063,0.979,-5.9084,9.5115,-5.5649,0,0,0
0.0518,0.0117,1.0344,-4.7557,6.6947,-0.5267,0,0,0
0.0183,0.0198,0.9966,-5.8092,5.0229,-0.313,0,0,0
0.0056,0.0073,0.999,-5.1985,0.7557,-1.1756,0,0,0
0.0591,-0.0046,1.0281,-4.1069,0.2366,-0.6336,0,0,0
0.0703,-0.0107,1.0439,-3.6412,3.4351,2.0382,0,0,0
0.0417,0.0073,1.0288,-4.4656,4.1908,4.2824,0,0,0
0.0417,0.0051,1.0283,-4.7176,3.8626,3.9847,0,0,0
0.0554,-0.009,1.0183,-3.8779,5.0687,4.9466,0,0,0
0.0754,-0.0115,1.0349,-1.8702,8.6183,6.145,0,0,0
-0.0002,-0.0017,0.9783,-0.1527,10.6107,7.3969,0,0,0
-0.033,-0.0342,1.0315,1.0916,4.0076,14.3969,0,0,0
-0.009,0.0413,1.0596,-4.4275,2.4809,9.1985,0,0,0
0.0129,0.02,1.0237,-6.9313,-0.4656,7.8855,0,0,0
0.0369,0.0005,1.0166,-5.5954,0.0229,8.5115,0,0,0
0.0164,0.0037,1.0149,-3.8931,0.9084,8.4351,0,0,0
-0.0166,0.0349,1.0188,-3.4275,-0.313,6.6183,0,0,0
-0.0032,0.0325,1.0312,-5.4046,-1.7023,4.4885,0,0,0
-0.0227,0.0437,1.0276,-7.2748,-3.3359,3.4427,0,0,0
0.0127,0.0156,1.01,-8.7863,-4.8855,2.4351,0,0,0
0.0405,-0.0095,1.0081,-5.6412,-4.1298,3.374,0,0,0
0.0542,-0.0115,1.0063,-1.9695,-2.8626,2.8626,0,0,0
0.0486,-0.0125,1.0273,0.5191,-1.0687,4.4198,0,0,0
0.0171,-0.033,1.0627,0.9084,-1.4275,4.6412,0,0,0
0.0217,0.0449,1.0498,-2.7023,-1.084,4.084,0,0,0
0.0327,0.0166,1.0496,-4.4809,-2.5649,3.2214,0,0,0
0.0596,-0.0115,1.0459,-5.2901,-1.7099,4.0153,0,0,0
0.0527,-0.0071,1.0208,-3.4733,-0.229,5.6336,0,0,0
0.0264,-0.0076,1.0061,-1.7786,0.5115,5.374,0,0,0
-0.0012,0.0264,1.0215,-2.229,-1.0076,4.2214,0,0,0
0.0154,0.0139,1.0356,-3.2137,-2.4733,3.1069,0,0,0
0.0425,0.0029,1.0261,-3.3053,-2.9771,5.3511,0,0,0
0.05,-0.0059,1.0239,-2.084,-1.542,6.9847,0,0,0
0.04,-0.001,1.0259,-0.8626,0.2137,6.6718,0,0,0
0.033,-0.0005,1.0232,0.313,0.5649,6.8702,0,0,0
0.0322,-0.0032,1.0312,0.2824,0.5878,7.7252,0,0,0
0.0029,0.0166,1.0327,0.4962,-0.6718,7.7939,0,0,0
0.0298,0.0129,1.0581,-1.1374,-2.229,7.7481,0,0,0
0.0479,0.0107,1.0542,-2.8397,-1.0,8.6336,0,0,0
0.0515,-0.0005,1.0371,-2.9924,-0.0687,9.9313,0,0,0
0.0571,-0.0044,1.0374,-2.084,1.1298,10.8473,0,0,0
0.0427,-0.0012,1.03,-1.4962,2.6031,10.9008,0,0,0
0.0417,0.0054,1.0366,-0.7099,4.1221,10.855,0,0,0
0.0125,0.019,1.0273,-1.458,4.4504,10.4427,0,0,0
0.0178,0.0122,1.0337,-2.2748,4.374,9.6183,0,0,0
0.0283,-0.011,1.0144,-1.2061,4.4198,9.6794,0,0,0
0.0466,-0.019,1.0178,0.9008,5.3588,10.771,0,0,0
0.0674,-0.0017,1.0352,1.5725,6.0305,14.084,0,0,0
0.0168,-0.0015,1.0452,-0.4275,6.2519,15.4962,0,0,0
0.04,0.0173,1.0527,-3.313,3.8855,17.4427,0,0,0
0.0437,0.009,1.0488,-5.2519,3.9542,18.9542,0,0,0
0.0227,0.0144,1.0273,-4.9008,4.0229,18.6489,0,0,0
0.0164,0.0159,1.02,-4.1221,3.7405,18.3206,0,0,0
0.0168,0.012,1.0251,-3.2061,4.9008,16.0687,0,0,0
0.0063,0.0027,1.0164,-1.6947,6.5496,12.9695,0,0,0
-0.009,0.0107,1.0073,0.4275,8.2137,9.5954,0,0,0
-0.0393,0.0288,1.0081,0.916,6.0382,8.3435,0,0,0
-0.0334,0.0398,1.0281,-0.5038,3.4046,5.2061,0,0,0
0.0029,0.0173,1.0332,-2.0076,1.7099,2.2061,0,0,0
0.033,0.0002,1.0369,-1.9924,2.2061,3.084,0,0,0
0.0339,0.0,1.0325,-1.8015,3.5038,4.3511,0,0,0
0.022,0.0061,1.0364,-2.1145,3.7176,5.0687,0,0,0
0.0264,-0.0032,1.0291,-1.4198,3.1374,5.0916,0,0,0
0.021,-0.009,1.0266,-1.1298,5.6107,6.1832,0,0,0
0.0215,0.0103,1.0422,-1.2366,8.5878,6.1985,0,0,0
0.0007,0.0063,1.0371,-1.084,9.4733,5.0992,0,0,0
-0.0212,0.0273,1.0286,-2.1985,8.0153,4.5954,0,0,0
-0.0383,-0.0515,0.9966,-0.6412,3.0458,8.2137,0,0,0
0.0269,-0.0215,1.0872,-5.5038,3.7939,8.0076,0,0,0
0.0105,-0.0039,0.981,-5.3817,5.3664,4.6183,0,0,0
0.0254,-0.0425,1.0034,-0.771,8.8473,5.8321,0,0,0
0.0112,-0.0078,1.0432,0.6107,10.9466,8.5038,0,0,0
-0.0386,0.0264,1.0471,-1.6183,9.3359,7.9389,0,0,0
-0.03,0.0244,1.0374,-4.6947,6.3435,5.3511,0,0,0
0.0103,-0.0049,1.0286,-5.313,6.229,4.3053,0,0,0
0.0295,-0.0254,1.0144,-3.1527,7.9847,6.1832,0,0,0
0.0127,-0.0295,1.0247,-0.4351,10.9618,7.7405,0,0,0
0.0176,-0.0039,1.0408,0.8779,13.6031,7.771,0,0,0
-0.0168,0.009,1.0474,-0.6031,13.9847,8.4809,0,0,0
-0.0288,0.0212,1.0515,-2.6031,11.8015,7.3969,0,0,0
-0.0071,-0.0015,1.0547,-4.0076,10.7023,8.9924,0,0,0
-0.0259,0.0042,1.03,-5.1908,12.0,8.1145,0,0,0
0.0393,-0.0339,1.0359,-4.6107,13.6489,11.7176,0,0,0
0.043,-0.0361,1.0396,-4.7328,15.3893,17.6641,0,0,0
-0.053,0.0012,0.9907,-2.1069,16.4427,18.9313,0,0,0
-0.0547,0.0066,1.0151,-0.8397,13.5191,18.4427,0,0,0
-0.0413,0.0205,1.0356,-2.5573,12.1298,18.9695,0,0,0
-0.0142,-0.0098,1.0376,-2.2519,13.5115,20.7939,0,0,0
-0.0374,0.0068,1.0295,-2.0763,15.2214,21.8855,0,0,0
-0.0425,0.0015,1.0259,-0.3588,16.9618,19.9847,0,0,0
-0.075,0.0237,1.0044,0.9695,16.6336,17.5802,0,0,0
-0.0996,0.0261,0.9976,1.5878,14.313,14.4885,0,0,0
-0.1021,0.012,0.9878,4.8855,12.5344,11.1221,0,0,0
-0.0754,-0.0022,0.9954,8.9084,13.7405,9.3206,0,0,0
-0.1521,0.0442,0.968,10.0763,11.3664,7.0229,0,0,0
-0.1877,0.0569,0.9604,8.8626,-0.7634,1.0076,0,0,0
-0.1523,0.0117,0.9675,9.5954,-16.2443,-1.1756,0,0,0
-0.1389,-0.0815,1.0066,9.3206,-27.8702,2.5802,0,0,0
-0.0701,-0.0334,1.05,4.3893,-24.9542,1.4656,0,0,0
-0.0071,-0.0627,0.9509,5.8244,-15.3435,-5.7252,0,0,0
-0.0962,-0.0859,0.9834,9.9389,-12.2137,-12.2672,0,0,0
-0.0278,-0.009,1.0315,11.1603,-10.2901,-14.3664,0,0,0
-0.0767,0.002,1.0085,11.3664,-15.6947,-11.4656,0,0,0
-0.137,0.0496,0.9634,12.1908,-24.1298,-12.5802,0,0,0
-0.1145,0.052,0.9744,10.3511,-33.5649,-13.4885,0,0,0
-0.0515,0.0278,0.9995,9.8015,-35.0305,-14.9771,0,0,0
-0.0251,0.0298,0.9905,10.8168,-32.6489,-17.1221,0,0,0
-0.1201,0.0737,0.8748,14.5573,-39.855,-23.4504,0,0,0
0.2656,-0.0806,0.8779,24.3511,-96.9695,-15.4046,0,0,0
0.2795,-0.0129,1.2361,23.8015,-47.3664,6.5038,0,0,0
-0.2336,0.1638,0.9749,11.9466,-37.4733,-14.458,0,0,0
0.0273,0.1155,1.0249,9.5573,-48.9084,-19.8015,0,0,0
0.085,0.0315,1.0378,5.6641,-48.8397,-13.4733,0,0,0
0.1951,0.0271,1.0706,4.6031,-46.2901,-3.2901,0,0,0
0.092,0.0425,1.0757,8.9542,-38.7023,-4.7939,0,0,0
0.052,0.1011,1.1099,9.855,-28.2443,-18.1221,0,0,0
0.1155,0.0935,1.1047,6.7328,-23.8473,-20.7405,0,0,0
0.0938,0.0913,1.0767,2.8092,-22.1603,-17.3588,0,0,0
0.0618,0.0994,1.0205,1.8092,-24.2824,-19.0992,0,0,0
0.0396,0.0857,0.969,4.7863,-28.4351,-27.6336,0,0,0
0.0637,0.0867,0.9524,7.7252,-34.9084,-29.7023,0,0,0
0.1121,0.1086,1.0378,9.8779,-37.4275,-27.5496,0,0,0
0.1106,0.0872,1.043,7.5267,-33.9924,-26.9771,0,0,0
0.1074,0.1089,0.981,6.4656,-31.6947,-30.0229,0,0,0
0.1262,0.0957,1.0239,10.6718,-27.0687,-29.5114,0,0,0
0.114,0.1128,1.0764,9.7786,-22.3206,-29.6336,0,0,0
0.1211,0.1245,1.0459,5.5878,-22.0,-31.8779,0,0,0
0.1426,0.0713,1.042,7.7786,-20.2748,-32.0382,0,0,0
0.1802,0.085,1.0813,8.0534,-14.0153,-32.9389,0,0,0
0.1812,0.1143,1.0786,4.8931,-10.1985,-33.6412,0,0,0
0.1531,0.0925,1.0649,3.4733,-5.6947,-35.1374,0,0,0
0.178,0.1011,1.0547,1.8015,0.1679,-37.7328,0,0,0
0.2046,0.074,0.9858,-0.3206,7.1374,-36.9695,0,0,0
0.1992,0.0305,0.8962,6.1832,11.8321,-33.1145,0,0,0
0.157,0.0156,0.926,21.7328,12.2748,-32.0534,0,0,0
0.1567,0.0952,1.0608,27.0763,13.3817,-32.7328,0,0,0
0.1379,0.147,1.1567,17.4809,16.0687,-32.1145,0,0,0
0.1238,0.1633,1.1562,4.771,16.229,-31.6565,0,0,0
0.1143,0.136,1.0896,-4.7328,13.4733,-30.7863,0,0,0
0.1416,0.0952,1.0088,-6.6947,13.2901,-27.5191,0,0,0
0.1775,0.062,0.9788,-2.5496,18.7328,-25.0153,0,0,0
0.1736,0.0569,0.9646,5.1832,28.5114,-25.2901,0,0,0
0.1255,0.0422,0.9937,14.3664,38.8779,-25.0076,0,0,0
0.0801,0.1201,1.0759,17.2366,38.8779,-22.3664,0,0,0
0.1262,0.1477,1.1204,6.8779,44.9618,-25.458,0,0,0
0.136,0.1079,1.0444,5.5725,53.4122,-29.0992,0,0,0
0.0928,0.0559,1.0273,9.6947,53.5725,-26.2366,0,0,0
0.0527,0.1379,1.0325,8.9542,49.0534,-23.1985,0,0,0
0.0588,0.1235,1.052,3.4656,42.3893,-18.6412,0,0,0
0.0481,0.1118,1.0789,-1.1832,40.3206,-8.0,0,0,0
0.0513,0.1741,1.0286,-11.8855,40.8855,-6.2443,0,0,0
-0.0295,0.1021,0.9495,-9.8855,37.4809,-5.7786,0,0,0
0.0002,0.0986,0.9678,-6.5954,35.374,-5.2214,0,0,0
0.019,0.1069,1.009,-5.7557,34.2214,-0.1603,0,0,0
0.0061,0.1235,1.0376,-7.7939,34.0153,4.313,0,0,0
0.0015,0.1106,1.0398,-9.5802,32.3359,11.1756,0,0,0
-0.0413,0.1406,1.0269,-12.1832,26.687,17.3206,0,0,0
-0.0703,0.1431,1.0242,-16.6947,20.687,18.7176,0,0,0
-0.083,0.1399,1.0176,-18.0534,17.1298,15.9313,0,0,0
-0.0715,0.1611,1.0164,-21.7176,20.2443,9.4656,0,0,0
-0.2007,0.0857,0.8916,-19.8702,16.6412,7.626,0,0,0
0.0254,0.0779,1.0181,-18.9008,12.4962,20.0916,0,0,0
-0.0491,0.0591,0.9946,-14.542,16.6107,18.8321,0,0,0
-0.0737,0.1089,0.9858,-9.3817,16.3588,17.1527,0,0,0
-0.114,0.1304,1.0215,-11.6641,10.6794,16.9237,0,0,0
-0.0601,0.1189,1.0579,-18.5191,8.0229,20.3435,0,0,0
-0.0916,0.1108,0.9934,-21.3588,10.8015,23.4656,0,0,0
0.002,0.0757,1.0364,-20.7786,9.0305,28.3511,0,0,0
-0.0483,0.0549,1.022,-18.5496,-1.2519,31.2901,0,0,0
0.0369,0.0601,1.0369,-14.9924,6.7328,36.6412,0,0,0
-0.1072,0.093,0.9773,-12.8855,2.8168,33.7557,0,0,0
-0.0693,0.0798,1.0408,-17.2214,-2.8015,40.9008,0,0,0
-0.0024,0.0906,1.0735,-19.5954,4.7481,43.4885,0,0,0
-0.0557,0.0691,1.0251,-19.6489,-4.4504,36.7252,0,0,0
-0.0518,0.0579,1.0291,-21.6183,-7.313,40.3664,0,0,0
-0.0244,0.0583,1.0413,-21.145,-4.7328,41.9084,0,0,0
0.0652,0.0459,1.0259,-17.5649,9.5573,43.229,0,0,0
-0.0334,0.0703,1.0496,-14.2519,1.1298,36.3588,0,0,0
-0.0906,0.0955,1.0298,-14.5191,-5.8702,25.458,0,0,0
-0.0703,0.0969,1.0273,-18.5802,-5.3893,24.7023,0,0,0
-0.0063,0.062,1.0632,-20.2137,1.145,25.5725,0,0,0
-0.1245,0.0613,0.9919,-20.8092,-9.1756,22.855,0,0,0
-0.0688,0.0378,0.9985,-20.6641,-15.7328,25.374,0,0,0
0.0042,0.0217,1.0476,-19.0763,-15.9847,27.8168,0,0,0
-0.1321,0.0869,0.9468,-19.9847,-18.4962,31.1069,0,0,0
-0.0449,0.0183,1.0317,-22.5878,-25.3588,32.2748,0,0,0
-0.0156,-0.0159,0.9893,-19.3282,-15.9695,31.8015,0,0,0
0.0723,-0.0918,1.0442,-18.2672,-12.6336,34.0153,0,0,0
-0.0754,-0.0591,1.0334,-18.1221,-11.4962,32.4504,0,0,0
0.0535,0.0149,0.9907,-17.9924,-12.0382,34.2595,0,0,0
-0.0837,-0.0103,0.9683,-14.916,-14.9924,34.8626,0,0,0
-0.0938,0.0273,0.9475,-14.5191,-21.374,30.1145,0,0,0
-0.0159,0.0044,1.0203,-12.7557,-23.2061,33.145,0,0,0
-0.0269,0.0002,1.0396,-10.1603,-17.0382,24.8168,0,0,0
-0.0791,0.0403,0.9788,-8.8473,-18.2137,18.7405,0,0,0
-0.0984,0.0515,1.0137,-8.9237,-25.4122,6.084,0,0,0
-0.0332,0.0488,0.9973,-11.1756,-32.3588,0.3359,0,0,0
0.0303,-0.0171,1.0068,-10.1069,-38.6412,4.1603,0,0,0
0.1401,-0.0237,1.0208,-3.3588,-58.3893,12.8931,0,0,0
0.0706,-0.0256,1.0825,2.4427,-38.2901,15.8397,0,0,0
-0.0381,0.0398,1.0552,3.4885,-17.6412,-3.9542,0,0,0
0.0303,0.0393,1.0181,3.1908,-17.2214,-14.9389,0,0,0
0.0818,-0.0176,1.0215,6.0611,-12.8092,-15.3206,0,0,0
0.05,-0.001,0.9277,13.4275,-22.1527,-17.2595,0,0,0
0.0898,-0.0144,0.9822,23.0305,-16.5496,-17.7099,0,0,0
-0.042,0.0347,1.0156,25.1756,-2.7023,-30.7939,0,0,0
0.0532,0.0547,1.0527,25.9618,-0.9847,-36.5954,0,0,0
0.0471,0.0774,1.0559,20.3969,-2.4962,-34.3817,0,0,0
-0.0898,0.1248,0.925,14.6336,-18.3282,-39.1527,0,0,0
0.1411,0.0498,1.0005,16.458,-26.8015,-35.3053,0,0,0
0.0759,0.0764,1.0439,10.8855,-15.1679,-27.6947,0,0,0
0.0942,0.0334,1.0811,7.542,-14.3817,-25.2977,0,0,0
0.0735,0.0894,0.9817,3.855,-11.7863,-24.5878,0,0,0
0.0566,0.03,0.9673,8.8244,-10.9618,-23.1298,0,0,0
0.1235,0.0164,1.0283,12.916,-5.8015,-23.542,0,0,0
0.113,0.0261,1.0408,17.8092,-0.2595,-25.5496,0,0,0
0.0957,0.0415,1.04,21.6947,3.6794,-26.8779,0,0,0
0.0957,0.0359,1.0376,25.8931,6.8779,-28.1603,0,0,0
0.1089,0.0559,1.0581,27.8244,10.4962,-27.7252,0,0,0
0.0986,0.0708,1.0588,26.2443,14.2443,-25.2366,0,0,0
0.092,0.0828,1.05,24.084,17.0076,-23.8779,0,0,0
0.0637,0.083,1.0227,20.5191,17.0382,-24.1985,0,0,0
0.0588,0.0828,1.0081,18.5038,15.8779,-23.9008,0,0,0
0.0669,0.0938,1.0264,17.4046,13.9618,-21.6489,0,0,0
0.0669,0.1028,1.0415,14.916,14.1527,-19.9237,0,0,0
0.0513,0.1062,1.043,11.9008,14.1069,-18.4962,0,0,0
0.0544,0.125,1.052,8.2137,13.8779,-17.7481,0,0,0
0.0632,0.1003,1.0417,5.2977,15.5802,-17.5649,0,0,0
0.0671,0.1057,1.0322,4.2366,17.3359,-15.0458,0,0,0
0.0542,0.1094,1.033,3.7863,20.2977,-13.8702,0,0,0
0.0261,0.1367,1.0396,1.6641,22.5954,-14.4046,0,0,0
0.0322,0.1401,1.0647,-4.5496,22.4122,-12.8015,0,0,0
0.0437,0.1262,1.0583,-8.9389,24.6718,-10.8779,0,0,0
0.0515,0.1824,1.0466,-12.1832,28.7939,-13.2595,0,0,0
0.0044,0.085,1.0549,-16.4504,28.6336,-13.2748,0,0,0
0.0581,0.092,1.0554,-18.6718,27.4351,-5.5802,0,0,0
0.0056,0.0833,1.0342,-19.6641,27.1069,0.313,0,0,0
-0.0115,0.0889,1.0022,-17.7023,24.0687,1.4046,0,0,0
-0.0208,0.0701,1.0049,-14.2061,22.0305,2.3435,0,0,0
0.0332,0.1252,1.0671,-16.0153,25.9237,3.3206,0,0,0
-0.0454,0.0896,1.009,-14.9771,29.1221,-4.6183,0,0,0
-0.04,0.1216,1.0337,-18.8626,36.3282,-8.5649,0,0,0
0.0222,0.063,1.0198,-16.2748,26.6031,-6.0,0,0,0
-0.0583,0.0422,0.9724,-13.0076,28.4198,-5.0992,0,0,0
-0.0896,0.1165,0.9548,-13.2061,41.8931,-5.1679,0,0,0
-0.2041,0.1121,0.9067,-13.3053,36.084,-7.3893,0,0,0
-0.1523,0.1152,0.9358,-14.3206,28.9084,-4.4122,0,0,0
-0.0151,0.061,1.0554,-14.5038,39.1527,1.7405,0,0,0
-0.0349,0.0425,1.0234,-14.5802,35.9771,7.2824,0,0,0
-0.1042,0.0479,0.9644,-13.9695,19.6947,16.4809,0,0,0
-0.114,0.0229,0.9802,-13.9008,3.1374,25.9237,0,0,0
-0.0513,0.0437,1.0198,-17.0,-0.4351,35.8702,0,0,0
-0.1382,0.0767,1.0156,-19.7863,-6.4198,38.8092,0,0,0
-0.1826,0.0874,1.009,-25.1527,-16.7863,36.5191,0,0,0
-0.136,-0.0034,0.9924,-26.7939,-24.374,39.1374,0,0,0
0.032,0.04,1.0515,-25.9847,-11.2519,48.3893,0,0,0
-0.0322,0.0442,1.0239,-26.7557,8.2672,57.2901,0,0,0
-0.2019,0.0522,0.9429,-23.7252,-16.7634,51.5496,0,0,0
-0.1409,0.1218,0.9524,-23.5191,-13.8244,49.4427,0,0,0
-0.1006,0.0681,1.002,-25.145,-26.8473,44.2443,0,0,0
-0.0859,0.0486,1.0027,-22.5191,-27.5649,39.6489,0,0,0
-0.0176,0.031,1.0137,-17.0305,-25.4198,40.2061,0,0,0
-0.0723,0.0193,0.9937,-15.374,-26.3969,39.2366,0,0,0
0.0347,0.0273,1.0735,-13.6641,-20.7634,36.8015,0,0,0
-0.1533,-0.0762,1.053,-12.7099,-17.8092,34.9847,0,0,0
-0.1467,0.0364,1.0391,-17.0992,-24.7252,20.3893,0,0,0
-0.0916,0.0107,1.0049,-16.2595,-23.0916,11.9084,0,0,0
-0.0515,0.0383,0.9949,-15.3053,-23.9389,8.7481,0,0,0
-0.032,-0.0137,1.0122,-13.1832,-27.9466,13.2443,0,0,0
-0.0569,-0.0813,1.0098,-14.374,-27.1374,22.4733,0,0,0
0.0015,0.0034,1.0483,-16.5573,-25.2137,20.7176,0,0,0
-0.0283,0.0242,1.033,-14.1985,-29.4427,11.3588,0,0,0
0.0044,-0.0122,1.0327,-11.9847,-25.1985,5.0534,0,0,0
0.0068,-0.0046,1.0046,-10.7481,-24.3664,5.7176,0,0,0
-0.0134,0.002,0.9946,-8.5954,-25.0305,3.2061,0,0,0
-0.0242,-0.0264,0.9946,-3.5802,-23.6641,-2.1908,0,0,0
-0.2063,0.0227,0.7654,1.0992,-62.2519,-7.2137,0,0,0
0.2434,-0.0598,1.2458,4.6336,-49.4275,6.8168,0,0,0
0.1396,-0.0198,1.1804,-1.5344,-23.4122,4.9847,0,0,0
-0.0676,0.0266,1.0027,-1.0305,-19.8702,-11.229,0,0,0
0.0374,-0.0046,0.9895,1.6412,-23.229,-16.1832,0,0,0
0.0554,-0.0356,0.9521,5.7557,-30.1908,-16.6336,0,0,0
0.1479,-0.051,1.0374,13.0763,-25.3893,-11.0229,0,0,0
0.0691,0.0007,1.0659,15.3359,-16.4885,-14.1603,0,0,0
-0.0012,0.0349,1.0276,14.0458,-11.3588,-22.2061,0,0,0
0.0554,0.0376,1.0315,13.229,-12.7252,-25.2519,0,0,0
0.0317,0.032,0.9773,13.6489,-14.2214,-29.4351,0,0,0
0.0667,0.0044,0.9875,19.6107,-23.9771,-34.6718,0,0,0
0.1138,-0.0015,1.0593,24.5496,-18.8779,-31.9695,0,0,0
0.0806,0.0454,1.0657,19.8473,-24.4198,-28.0458,0,0,0
0.0591,0.0583,1.0381,14.6565,-22.6641,-27.5038,0,0,0
0.1599,0.0129,1.0818,13.2519,-22.6718,-26.4504,0,0,0
0.1052,0.0344,1.0234,13.6107,-13.3893,-27.9237,0,0,0
0.1528,0.0122,1.0442,16.8321,-5.6565,-28.9618,0,0,0
0.1555,0.0183,1.0693,18.7786,1.2824,-31.0611,0,0,0
0.1606,0.0308,1.0708,19.4351,4.626,-30.3359,0,0,0
0.1912,0.0305,1.0662,19.9618,11.0153,-27.5038,0,0,0
0.1719,0.0344,1.0745,21.0763,16.7557,-23.9084,0,0,0
0.1321,0.0549,1.0591,20.7939,21.1832,-22.6107,0,0,0
0.0986,0.0815,1.0444,21.0229,23.2214,-21.9924,0,0,0
0.0876,0.1155,1.0579,20.4656,26.1069,-21.6718,0,0,0
0.0479,0.1218,1.0493,16.771,27.0305,-22.6336,0,0,0
0.0405,0.0769,1.0173,14.7176,29.9237,-26.3435,0,0,0
0.0405,0.0835,1.0049,16.6107,31.4809,-30.8702,0,0,0
0.0232,0.0835,1.02,16.7939,31.6947,-32.5725,0,0,0
0.0186,0.1426,1.0183,14.3359,28.1069,-31.855,0,0,0
0.0295,0.1128,1.0469,11.374,27.2443,-28.9313,0,0,0
0.0146,0.1167,1.0334,8.4198,26.8168,-25.3893,0,0,0
0.0205,0.1125,1.032,7.3511,25.5573,-23.1985,0,0,0
0.0039,0.1194,1.0186,6.6107,23.458,-23.1069,0,0,0
0.0122,0.1157,1.0381,4.3359,20.7099,-21.9084,0,0,0
0.0081,0.0969,1.0276,2.2672,17.855,-20.2214,0,0,0
0.0313,0.1013,1.0457,0.0992,17.9847,-16.2519,0,0,0
0.0427,0.1113,1.041,-2.9618,19.0382,-12.7252,0,0,0
0.0391,0.0803,1.05,-6.4809,21.7939,-8.084,0,0,0
0.0146,0.1011,1.0591,-7.8015,25.3893,-6.8626,0,0,0
-0.0579,0.1272,1.0679,-11.1908,31.5802,-14.084,0,0,0
-0.0476,0.1426,0.9856,-13.084,24.687,-10.7176,0,0,0
-0.0298,0.1011,1.0522,-17.7634,30.6565,-2.7481,0,0,0
-0.1011,0.1492,1.002,-24.2214,24.2137,0.7023,0,0,0
-0.0742,0.0945,0.9895,-31.916,20.8321,10.4962,0,0,0
-0.0347,0.0859,1.0183,-39.3359,17.2061,22.4275,0,0,0
0.094,0.051,1.0522,-43.2061,16.8397,30.0076,0,0,0
-0.0366,0.0078,0.9673,-39.8168,8.2137,33.6183,0,0,0
0.0332,-0.0313,1.0298,-32.458,2.5496,38.7176,0,0,0
0.0208,0.0117,1.0508,-26.0611,10.6947,37.6565,0,0,0
-0.1423,0.0449,1.0239,-24.9542,2.1298,32.7939,0,0,0
-0.0242,0.0679,1.0632,-26.1527,7.5573,29.3359,0,0,0
-0.0632,0.0498,0.9995,-25.8397,15.9237,27.1985,0,0,0
-0.0764,0.0342,0.9666,-22.2977,15.5267,21.7557,0,0,0
-0.1108,0.0371,0.9736,-19.2824,5.9389,24.4046,0,0,0
-0.0623,0.0417,1.0327,-20.2061,-4.0305,27.4427,0,0,0
-0.1118,0.0583,0.9841,-21.3359,-8.7481,27.687,0,0,0
-0.0645,0.0447,1.0403,-21.2901,-15.1679,26.0763,0,0,0
-0.0554,0.0176,1.0305,-17.5114,-12.1603,21.3435,0,0,0
-0.0437,0.0112,1.0139,-14.2977,-6.6718,17.6794,0,0,0
-0.0659,-0.0012,0.9993,-13.3282,-15.9618,18.8702,0,0,0
-0.0298,0.0249,1.0425,-12.9313,-15.9771,21.8168,0,0,0
0.0034,0.0056,1.0525,-14.3969,-17.1221,22.5878,0,0,0
-0.0706,0.0085,1.0054,-11.0153,-18.4351,20.2061,0,0,0
-0.0676,0.0159,0.9951,-11.6336,-26.1832,19.6107,0,0,0
-0.0208,0.0195,1.0337,-12.8168,-32.0,22.0916,0,0,0
-0.0532,-0.0066,1.0181,-11.4504,-30.6641,21.0382,0,0,0
-0.0588,0.0154,1.0476,-12.0687,-30.8473,14.3206,0,0,0
0.0466,0.0044,1.0408,-11.8015,-30.3511,18.2519,0,0,0
-0.0178,-0.0498,1.0334,-9.1221,-29.1832,16.3282,0,0,0
0.1018,-0.0686,1.1228,-5.3359,-32.2366,16.9084,0,0,0
0.0305,-0.0713,1.0254,0.313,-50.8015,9.9389,0,0,0
0.1118,-0.0525,1.0454,9.855,-51.0687,5.0153,0,0,0
0.0486,-0.0435,0.9832,10.1679,-56.2519,10.0,0,0,0
0.1331,-0.0771,1.0498,21.7252,-29.8321,1.3969,0,0,0
0.0879,-0.0054,1.0024,29.2595,-25.8397,-2.2137,0,0,0
0.0901,-0.0061,1.0918,30.2214,-6.2977,-6.3359,0,0,0
0.0764,0.0308,1.0679,29.9008,1.626,-9.0,0,0,0
0.0132,0.0537,1.0488,27.9237,7.1298,-15.1756,0,0,0
0.0076,0.0615,1.019,26.4962,7.0305,-21.1527,0,0,0
0.0242,0.0642,1.0154,25.1603,4.0687,-22.4351,0,0,0
0.0288,0.0537,1.0115,24.8626,0.0229,-22.5496,0,0,0
0.0464,0.0532,0.9639,28.4962,-10.626,-20.1756,0,0,0
0.1201,0.0183,1.0591,32.9924,-7.5191,-18.542,0,0,0
0.0562,0.0913,1.0537,33.3053,0.3511,-25.5114,0,0,0
0.105,0.073,1.1108,33.5344,0.3664,-29.6031,0,0,0
0.0491,0.0859,1.0723,30.7176,7.2824,-29.3588,0,0,0
0.0942,0.1116,1.0942,24.9313,7.7557,-21.8092,0,0,0
0.033,0.1165,1.0605,18.2214,10.9008,-18.0763,0,0,0
0.0232,0.1331,1.0286,14.5038,8.4656,-17.5114,0,0,0
0.0068,0.1304,1.0186,12.2595,5.7939,-18.7557,0,0,0
0.0237,0.1399,1.0442,7.9695,3.4656,-18.7176,0,0,0
0.04,0.1328,1.0452,2.7328,2.3969,-17.2061,0,0,0
0.0413,0.1208,1.0398,-0.0153,1.2748,-15.3664,0,0,0
0.0486,0.1099,1.0291,-0.6412,0.8473,-12.5725,0,0,0
0.03,0.1194,1.022,-1.374,-0.1832,-9.687,0,0,0
0.0251,0.1252,1.0444,-4.1221,-1.8779,-8.0992,0,0,0
0.0271,0.1318,1.0376,-7.5573,-2.3969,-7.8702,0,0,0
0.0203,0.1245,1.0273,-9.2672,-4.4275,-8.0076,0,0,0
0.0234,0.115,1.04,-10.6947,-6.2214,-8.8321,0,0,0
0.0396,0.1038,1.0525,-11.8626,-6.8931,-10.1069,0,0,0
0.04,0.1055,1.0337,-14.2366,-7.2214,-9.6336,0,0,0
0.0632,0.0669,1.0327,-13.7786,-6.8855,-9.2824,0,0,0
0.0757,0.0686,1.0176,-12.145,-5.2901,-8.7634,0,0,0
0.0662,0.0662,1.011,-10.7176,-4.0611,-7.0305,0,0,0
0.0559,0.0679,1.0115,-10.5115,-4.2519,-6.0458,0,0,0
0.0688,0.0657,1.0151,-10.1527,-4.0153,-5.4885,0,0,0
0.0579,0.0596,1.0088,-9.3435,-3.7252,-4.7252,0,0,0
0.0513,0.0698,1.0066,-9.0,-4.6183,-3.9008,0,0,0
0.0808,0.0452,0.9641,-11.4122,-3.7939,-3.1756,0,0,0
0.0566,0.0293,0.9514,-6.5573,-1.8473,-0.2137,0,0,0
-0.0225,0.0652,0.9658,-2.9924,-4.3435,-2.6412,0,0,0
0.0325,0.0869,1.0112,-4.8779,-8.5573,-3.7634,0,0,0
0.0325,0.0811,1.0229,-7.1679,-10.7481,-0.1069,0,0,0
0.0337,0.0786,1.0481,-8.1374,-10.8855,-1.5725,0,0,0
0.0564,0.0608,1.0337,-6.855,-8.6412,-4.4427,0,0,0
0.0752,0.0496,1.0281,-4.5878,-6.5878,-3.7863,0,0,0
0.0754,0.0498,1.0479,-2.3511,-4.9771,-2.6336,0,0,0
0.0725,0.0679,1.0642,-3.5496,-5.1069,-1.8779,0,0,0
0.0928,0.0605,1.075,-4.6489,-4.3359,-1.542,0,0,0
0.1067,0.0408,1.0476,-3.3893,-0.5267,0.2824,0,0,0
0.0825,0.0425,1.0281,-0.626,3.8473,2.3359,0,0,0
0.0361,0.0659,1.0166,1.1756,4.3511,2.7939,0,0,0
0.0195,0.0818,1.0144,0.9237,2.313,0.1069,0,0,0
0.0491,0.0718,1.0137,-0.2061,1.5038,-0.9847,0,0,0
0.051,0.0603,0.998,0.6412,2.0305,0.3893,0,0,0
0.0427,0.0752,1.0051,1.5802,0.5954,1.7252,0,0,0
0.0544,0.0757,1.0208,0.9084,-0.4809,1.2595,0,0,0
0.0601,0.0667,1.0144,-0.2595,-0.8473,2.0916,0,0,0
0.0525,0.0571,1.0017,0.1527,-1.145,2.3359,0,0,0
0.0498,0.0596,0.9861,1.4351,-1.8626,2.0076,0,0,0
0.0684,0.0483,1.0103,2.5878,-2.542,1.7557,0,0,0
0.0962,0.0371,1.0149,4.2748,-0.0992,2.3435,0,0,0
0.0688,0.0566,1.0134,5.4733,0.8321,3.7634,0,0,0
0.0737,0.0691,1.0396,5.1221,0.0153,3.1756,0,0,0
0.085,0.0706,1.0447,4.7481,0.6718,3.3511,0,0,0
0.0859,0.0654,1.0435,5.5496,3.0534,4.0763,0,0,0
0.0647,0.0852,1.0413,6.7023,5.542,4.8321,0,0,0
0.0298,0.1167,1.0459,5.4427,4.5115,4.626,0,0,0
0.03,0.1199,1.062,2.313,2.8092,1.9313,0,0,0
0.0664,0.113,1.0593,0.145,4.0,0.9695,0,0,0
0.0632,0.1035,1.0374,0.374,6.0229,0.7786,0,0,0
0.0422,0.1155,1.0125,2.4046,7.1908,-0.3588,0,0,0
0.009,0.146,1.0112,1.5038,3.6489,-0.0382,0,0,0
0.0137,0.134,1.0327,-1.8855,-0.0534,-1.1603,0,0,0
0.0457,0.1135,1.03,-4.3053,-0.8702,-1.4962,0,0,0
0.054,0.095,1.0083,-3.4656,-0.0916,-0.6107,0,0,0
0.0425,0.1021,1.0007,-0.9924,0.8626,-1.5115,0,0,0
0.0259,0.1177,1.0117,-1.0992,-0.8626,-2.7176,0,0,0
0.03,0.1213,1.0398,-3.8702,-2.916,-3.6183,0,0,0
0.0466,0.1128,1.0408,-6.6718,-3.9924,-3.2824,0,0,0
0.0593,0.0906,1.0305,-6.687,-3.3969,-3.0534,0,0,0
0.061,0.0867,1.0137,-5.1679,-2.1908,-3.0687,0,0,0
0.0398,0.0945,1.0237,-4.458,-2.4046,-3.9237,0,0,0
0.0366,0.1108,1.0471,-6.8015,-4.3359,-5.2595,0,0,0
0.0627,0.0947,1.051,-9.8702,-5.229,-4.9847,0,0,0
0.0754,0.0671,1.0227,-10.1985,-4.1298,-2.7023,0,0,0
0.0632,0.062,1.0056,-7.6183,-2.9618,-1.8702,0,0,0
0.0537,0.0635,1.0051,-5.4962,-2.4733,-2.229,0,0,0
0.0381,0.0815,1.0176,-5.4275,-2.7786,-2.374,0,0,0
0.0491,0.0725,1.0388,-5.9847,-3.2137,-2.1298,0,0,0
0.0603,0.0691,1.0273,-6.4885,-2.3359,-1.5115,0,0,0
0.0549,0.0662,1.0239,-6.6718,-2.5038,-0.4046,0,0,0
0.083,0.0742,1.0146,-7.0458,-1.7939,-0.771,0,0,0
0.0823,0.0208,1.0103,-4.9618,-0.9924,1.6489,0,0,0
-0.0405,0.1274,1.0571,-1.0305,-9.1374,2.2214,0,0,0
0.0237,0.1204,1.1621,-9.9008,-13.5496,-1.7786,0,0,0
0.1775,0.0769,1.1802,-15.5954,-3.8855,3.2672,0,0,0
0.0786,0.0576,1.0696,-16.3511,6.2901,5.0153,0,0,0
0.0442,0.041,0.9805,-11.855,8.6794,0.5267,0,0,0
0.0693,0.0415,0.97,-8.2748,5.9313,0.6794,0,0,0
0.0928,0.0059,0.9902,-6.0,7.7863,3.3969,0,0,0
0.0378,0.052,0.9739,-7.4809,6.7481,5.9771,0,0,0
0.0264,0.0378,0.9646,-8.2595,1.771,5.5344,0,0,0
0.0359,0.0383,0.9719,-7.0611,-1.4122,5.8626,0,0,0
0.0427,0.0439,1.0012,-6.7176,-2.8855,5.2366,0,0,0
0.0522,0.0549,1.0125,-6.5267,-1.9924,3.8779,0,0,0
0.0269,0.063,1.0068,-6.2137,-1.9084,1.8473,0,0,0
0.0405,0.0769,1.0386,-7.3206,-3.9237,-0.0382,0,0,0
0.0613,0.0732,1.0657,-8.313,-4.7252,-0.5878,0,0,0
0.0723,0.0608,1.0688,-9.7634,-4.6641,-0.229,0,0,0
0.0417,0.0771,1.0527,-12.458,-5.5344,1.9313,0,0,0
0.0415,0.0591,1.0474,-14.771,-7.2977,2.542,0,0,0
0.0754,0.0276,1.0105,-13.7405,-5.145,1.3435,0,0,0
0.0649,0.0046,0.9751,-8.1298,-2.4656,0.7481,0,0,0
0.0579,0.0071,0.9829,-1.9618,0.5496,-1.2519,0,0,0
0.0481,0.0364,1.0093,1.7557,0.5802,-2.9542,0,0,0
0.0801,0.0422,1.0557,1.9847,1.5954,-4.8168,0,0,0
0.1096,0.0269,1.0498,0.7557,4.9466,-4.5573,0,0,0
0.0715,0.0286,1.0264,2.542,6.855,-2.6565,0,0,0
0.0525,0.0396,1.02,4.5649,6.7634,-3.5267,0,0,0
0.0552,0.0496,1.0256,5.5878,6.8015,-4.6412,0,0,0
0.0317,0.0583,1.0261,4.4962,7.542,-4.313,0,0,0
0.0139,0.0857,1.0342,2.3893,5.8015,-4.7863,0,0,0
0.0156,0.0825,1.0198,-0.1908,2.5267,-6.9847,0,0,0
0.0374,0.1387,0.9878,-3.9008,0.916,-14.0763,0,0,0
0.0029,0.0771,0.9829,-2.7023,1.7634,-20.3588,0,0,0
0.0801,0.0269,1.01,-3.6336,-0.9466,-14.4962,0,0,0
0.0481,0.0579,1.0088,-4.3053,-2.8321,-10.7023,0,0,0
0.0217,0.0725,1.012,-5.9618,-6.229,-12.084,0,0,0
0.0686,0.0515,1.0352,-7.5267,-6.1603,-12.8855,0,0,0
0.0979,0.0464,1.0271,-7.4275,-1.4427,-9.3969,0,0,0
0.0601,0.0444,0.999,-5.7786,0.8397,-7.0382,0,0,0
0.0225,0.0823,1.0061,-6.771,0.5496,-7.6336,0,0,0
0.0,0.103,1.0122,-11.542,-6.5191,-10.9847,0,0,0
0.0432,0.0508,1.002,-13.5496,-10.2595,-12.0687,0,0,0
-0.0088,0.0789,0.9966,-16.2901,-14.6412,-10.9847,0,0,0
-0.0076,0.0859,1.0383,-23.542,-25.1603,-13.5954,0,0,0
0.0737,0.0486,1.0312,-27.4733,-30.7557,-14.0305,0,0,0
0.0986,-0.0042,0.9939,-24.2366,-33.7405,-10.6565,0,0,0
0.1367,-0.0017,1.0415,-18.0229,-36.6794,-5.0458,0,0,0
0.1475,0.012,1.1196,-14.9847,-30.5878,-2.855,0,0,0
0.0847,0.0432,1.1335,-15.0992,-22.9847,-1.0992,0,0,0
0.0615,0.0571,1.1331,-16.8702,-20.1374,-1.7863,0,0,0
0.0625,0.0493,1.0884,-15.4962,-16.3969,-4.3435,0,0,0
0.0483,0.0483,1.0625,-12.3893,-13.7252,-7.9313,0,0,0
0.0554,0.0234,1.0374,-8.687,-10.9542,-13.2214,0,0,0
0.082,0.0093,1.0239,-5.2748,-7.626,-17.687,0,0,0
0.0901,0.0078,1.0176,-5.2519,-3.9695,-19.1527,0,0,0
0.127,-0.0239,1.0017,-5.687,-0.4733,-18.1832,0,0,0
0.1492,-0.0491,0.9619,-4.4885,1.9618,-13.1374,0,0,0
0.1875,-0.0605,0.9417,-3.7099,6.4198,-7.7405,0,0,0
0.2041,-0.0981,0.896,0.5954,16.1603,-4.3359,0,0,0
0.1921,-0.1143,0.8887,11.0076,24.1985,1.1374,0,0,0
0.1953,-0.0479,0.9619,19.2595,30.3664,4.2824,0,0,0
0.0261,0.0139,1.0076,21.9924,20.084,6.0992,0,0,0
0.0396,0.0554,1.1323,12.1221,10.4733,6.374,0,0,0
0.1113,0.051,1.1411,-0.1298,6.0229,5.7557,0,0,0
0.1499,0.0002,1.1021,-2.9618,9.3511,6.2519,0,0,0
0.1377,0.002,1.0793,0.6718,15.1756,3.4504,0,0,0
0.0972,0.0283,1.0833,2.0458,19.2824,3.8931,0,0,0
0.0952,0.0549,1.0996,1.0153,19.4809,4.7176,0,0,0
0.0784,0.0278,1.0747,-0.855,25.5954,3.1145,0,0,0
0.0645,0.0432,1.0535,-1.1832,35.6183,-0.5267,0,0,0
0.0505,0.0237,1.0063,2.0611,30.4122,0.3664,0,0,0
0.009,0.0522,1.0063,1.7405,32.1908,1.0229,0,0,0
-0.0076,0.0706,1.0413,-0.8168,40.5802,-4.9847,0,0,0
0.0352,0.0581,0.999,-3.4427,39.1527,-11.1832,0,0,0
-0.0632,-0.0562,0.9263,0.0534,54.8397,-19.1603,0,0,0
0.0547,0.0371,0.9512,-0.626,46.2366,-17.5725,0,0,0
0.0288,-0.0046,0.9875,1.9084,34.0153,-6.7252,0,0,0
0.0759,0.0261,1.0466,3.5725,27.8321,0.9542,0,0,0
0.0049,0.0149,1.0544,2.8931,26.7252,-0.4427,0,0,0
0.011,0.0391,1.0728,0.7481,30.0992,-0.7481,0,0,0
0.0303,0.0322,1.0591,-1.3359,25.2748,2.9847,0,0,0
-0.0181,0.0427,1.0474,-2.6031,16.7557,8.5802,0,0,0
-0.0085,0.0398,1.0564,-4.5573,13.4656,10.5573,0,0,0
-0.0254,0.0393,1.0188,-5.1832,15.5573,8.8473,0,0,0
-0.0586,0.0117,0.9963,-1.5649,16.2137,6.0305,0,0,0
-0.0647,0.0491,1.0151,-0.2061,13.1069,7.0076,0,0,0
-0.0769,0.0417,1.0193,-1.3282,10.9389,6.8397,0,0,0
-0.1057,0.0562,1.0037,-1.855,6.4504,6.2061,0,0,0
-0.1133,0.054,1.01,-2.1298,0.6031,3.6565,0,0,0
-0.095,0.0654,1.0156,-4.1221,-3.9771,-0.1069,0,0,0
-0.094,0.0474,1.0129,-5.0305,-8.0687,-1.9695,0,0,0
-0.0571,0.0378,1.0173,-6.5725,-11.9008,-3.0458,0,0,0
-0.0383,0.0278,1.0127,-6.6641,-13.4733,-1.4046,0,0,0
-0.0281,0.0308,1.0229,-6.6107,-14.5725,-0.4885,0,0,0
-0.0186,0.0254,1.0161,-5.9695,-14.2519,-0.313,0,0,0
-0.0278,0.0222,0.9995,-3.7557,-13.458,-1.0,0,0,0
-0.0581,0.0364,0.9998,-1.4962,-15.3893,-2.7863,0,0,0
-0.0745,0.0632,1.0222,-2.4733,-20.2901,-7.1145,0,0,0
-0.0317,0.1084,1.0513,-8.3435,-30.5114,-11.0992,0,0,0
0.0115,0.0068,1.0403,-10.1221,-33.0229,-7.4809,0,0,0
-0.0261,0.0525,1.0217,-6.8702,-34.4733,-9.6031,0,0,0
0.0076,0.012,1.0308,-6.7099,-35.0916,-5.6565,0,0,0
0.0781,0.0178,1.0186,-8.5573,-35.9389,-3.5191,0,0,0
0.092,-0.0337,1.0378,-4.084,-21.7481,-2.2748,0,0,0
0.0574,0.0039,1.0359,-0.8015,-11.4198,-5.5954,0,0,0
0.0444,0.0061,1.0657,-1.7557,-8.2519,-3.8931,0,0,0
0.0291,0.0488,1.0454,-7.0687,-7.8626,-4.1679,0,0,0
0.0344,-0.0046,1.02,-4.3588,-8.771,-3.7405,0,0,0
0.0459,0.0154,1.0381,-4.2824,-7.8931,-3.0305,0,0,0
0.0708,-0.0015,1.0347,-4.855,-5.6641,-0.8397,0,0,0
0.0369,0.0066,1.0237,-3.2137,-2.8397,-1.3817,0,0,0
0.0291,0.01,1.022,-1.6718,-2.0611,-2.8779,0,0,0
0.0366,0.012,1.0339,-1.7481,-1.7328,-2.7099,0,0,0
0.0471,0.0063,1.042,-2.4351,-0.7634,-2.0153,0,0,0
0.0364,-0.001,1.031,-1.6718,0.2672,-1.5496,0,0,0
0.0313,0.0085,1.033,-0.4656,1.2061,-1.7939,0,0,0
0.0129,0.0271,1.0271,-2.084,-0.084,-1.6336,0,0,0
0.0161,0.0161,1.0171,-2.4733,-1.7099,-1.9618,0,0,0
0.0396,-0.0042,1.0188,-1.4733,-1.0992,-1.4198,0,0,0
0.0313,0.0085,1.0254,0.0611,0.2901,-0.9847,0,0,0
-0.0005,0.0298,1.0183,0.1145,-0.5725,-1.542,0,0,0
0.0127,0.0283,1.0391,-2.0992,-2.8626,-1.8855,0,0,0
0.0459,0.0132,1.0415,-2.9084,-2.7939,-1.5344,0,0,0
0.0344,0.0142,1.0269,-2.3893,-1.6412,-1.1145,0,0,0
0.0205,0.0264,1.0146,-1.8779,-2.0305,-1.1069,0,0,0
0.0103,0.0352,1.0298,-2.8168,-4.5878,-2.1298,0,0,0
0.032,0.0242,1.0359,-3.6565,-5.3664,-3.0305,0,0,0
0.0659,0.0066,1.0417,-3.1145,-3.2443,-1.8397,0,0,0
0.0483,0.0166,1.0339,-2.5954,-1.3206,-0.2672,0,0,0
0.0303,0.0286,1.0312,-2.9695,-1.5038,-0.4351,0,0,0
0.0386,0.0317,1.0386,-3.7939,-1.0611,-1.2214,0,0,0
0.0681,0.0005,1.0398,-4.313,0.9313,-0.2672,0,0,0
0.1072,-0.0247,1.0342,-0.9847,6.8244,2.8626,0,0,0
0.1423,-0.0439,1.0452,4.1298,16.1221,4.6336,0,0,0
0.0957,-0.0125,1.0139,8.0153,24.0153,6.7252,0,0,0
0.063,-0.0271,1.0288,10.4427,26.2137,7.4962,0,0,0
0.0317,0.0251,1.0203,11.9313,27.7405,8.2824,0,0,0
-0.0081,0.0295,1.0366,10.3282,26.0458,4.5878,0,0,0
0.0496,-0.0027,1.053,9.4427,29.2977,3.2672,0,0,0
0.1213,-0.0229,1.0503,11.542,38.229,3.2137,0,0,0
0.063,-0.0676,0.9656,18.2519,49.9695,2.8015,0,0,0
-0.0168,-0.0332,0.9707,26.9466,53.7405,3.771,0,0,0
0.0068,0.0085,0.9734,28.9618,52.1756,6.2901,0,0,0
-0.2053,0.0747,1.0808,25.6565,45.0382,2.9695,0,0,0
-0.2283,0.2029,1.0518,10.0076,26.2595,-7.145,0,0,0
-0.1565,0.1021,0.9988,-1.7939,9.9008,-4.3817,0,0,0
-0.0476,0.0706,1.0344,-2.8473,7.9237,-5.3206,0,0,0
-0.0779,0.0393,0.9783,-1.3969,11.1756,-9.5038,0,0,0
-0.0854,0.0391,0.97,1.1908,15.4504,-10.5038,0,0,0
-0.0364,0.0654,1.0369,4.3435,14.2061,-6.9771,0,0,0
-0.0891,0.0818,1.0225,4.5573,3.7099,-3.7481,0,0,0
-0.0852,0.0825,1.0718,0.1374,-0.9237,-0.5725,0,0,0
-0.0818,0.0947,1.0774,-5.2901,-4.3359,-0.458,0,0,0
-0.0815,0.0935,1.0442,-9.3053,-7.229,-0.6718,0,0,0
-0.075,0.0723,1.0247,-9.4504,-9.542,-0.0611,0,0,0
-0.0757,0.0676,1.0168,-8.542,-10.5649,-0.1679,0,0,0
-0.1125,0.0881,1.0244,-9.0534,-14.1221,-1.542,0,0,0
-0.1201,0.0891,1.0259,-11.4198,-19.3664,-4.8015,0,0,0
-0.0923,0.0759,1.0305,-15.0153,-24.9008,-6.3817,0,0,0
-0.0642,0.0522,1.0178,-16.9389,-28.7634,-4.5191,0,0,0
-0.0273,0.0356,1.0054,-17.4809,-29.8321,-2.8321,0,0,0
-0.0093,0.009,0.9897,-14.1832,-28.2519,-1.3053,0,0,0
-0.031,0.0212,0.9902,-9.8779,-27.1221,-2.2214,0,0,0
-0.0544,0.0415,1.0132,-8.1298,-29.1221,-4.1603,0,0,0
-0.0408,0.0413,1.0369,-9.3969,-33.3664,-5.4122,0,0,0
0.0083,0.0291,1.0583,-10.7634,-34.7405,-5.4427,0,0,0
0.0229,0.0132,1.0396,-11.0992,-34.9542,-4.1145,0,0,0
0.114,-0.0283,1.0278,-7.1679,-54.5573,2.1908,0,0,0
0.0881,-0.0454,1.0232,-0.9618,-64.3359,13.7252,0,0,0
0.1023,0.0186,1.033,-4.7405,-53.0076,13.7481,0,0,0
0.0464,-0.0007,1.0391,-1.8931,-36.9542,9.3893,0,0,0
0.0469,0.0779,1.0854,-5.5725,-25.626,-0.5496,0,0,0
0.009,0.0044,1.0059,-7.5496,-25.0534,0.2137,0,0,0
0.1335,-0.0161,1.0713,-6.4275,-24.4885,8.6031,0,0,0
0.1038,0.001,1.0388,-3.4809,-16.9466,6.7786,0,0,0
0.0469,0.012,1.0093,-0.7634,-4.855,0.1832,0,0,0
0.0618,0.033,1.0288,0.9695,-1.9695,-0.7176,0,0,0
0.0442,0.0396,1.0508,-0.6031,0.2061,-1.3969,0,0,0
0.0342,0.052,1.0344,-2.8168,0.0153,-3.7252,0,0,0
0.0813,0.011,1.0422,-2.2366,2.3893,-5.8168,0,0,0
0.1113,0.0051,1.0369,-0.1221,7.6031,-6.0382,0,0,0
0.1147,-0.0105,1.0256,3.4656,13.4275,-5.2061,0,0,0
0.0981,0.0068,1.0161,6.1908,17.0,-3.0992,0,0,0
0.0903,0.0,1.0388,6.8931,20.9924,-1.626,0,0,0
0.0825,0.0144,1.0383,6.916,23.8321,-0.1603,0,0,0
0.0764,0.01,1.0322,7.1679,26.8244,0.5496,0,0,0
0.0942,0.0247,1.0398,7.6031,32.0,0.7405,0,0,0
0.1086,0.021,1.0935,7.9695,45.7252,-5.9084,0,0,0
0.064,0.0217,1.0154,8.1908,56.8931,-15.5115,0,0,0
0.1228,-0.0144,1.0276,12.2061,71.1298,-14.9084,0,0,0
0.0164,-0.0071,0.9966,16.7176,74.771,-8.229,0,0,0
-0.0354,0.0339,0.991,18.1374,65.6718,-3.7099,0,0,0
-0.0732,0.0684,0.9954,19.8626,57.8473,-2.1908,0,0,0
-0.1335,0.0806,0.9924,18.0229,55.1298,-5.1985,0,0,0
-0.1458,0.1033,0.9998,13.7939,42.2137,-1.0458,0,0,0
-0.2173,0.1206,0.9951,6.8244,39.3817,-3.6412,0,0,0
-0.2026,0.1282,1.0061,2.2672,28.9008,-7.2824,0,0,0
-0.1897,0.1165,1.0193,4.0458,5.9237,-5.4733,0,0,0
-0.094,0.1355,1.0872,-5.1145,-1.1756,-6.916,0,0,0
-0.1079,0.0576,1.0151,-4.9008,-7.8092,-3.9847,0,0,0
-0.0911,0.095,1.05,-7.4351,-13.9924,-3.0458,0,0,0
-0.0874,0.0896,1.0608,-11.0229,-19.6489,-1.4351,0,0,0
-0.0803,0.0813,1.0505,-16.1298,-23.5344,-0.1832,0,0,0
-0.0889,0.0752,1.0105,-18.0763,-26.3206,1.8168,0,0,0
-0.1282,0.0847,0.9976,-18.9847,-32.1603,0.8473,0,0,0
-0.1028,0.0796,1.0105,-19.4427,-36.542,-3.6794,0,0,0
-0.0588,0.0493,1.0105,-19.9924,-38.3588,-4.9389,0,0,0
-0.0244,0.0549,1.0256,-20.9695,-39.0916,-5.0,0,0,0
-0.0164,0.0322,1.0107,-20.3359,-40.3435,-3.4809,0,0,0
-0.0024,0.0281,1.0244,-19.5191,-41.0687,-1.6489,0,0,0
0.0242,0.0181,1.0422,-19.8092,-40.9008,0.8244,0,0,0
0.0532,0.0068,1.0447,-19.0992,-35.6489,1.2672,0,0,0
0.0344,-0.0051,1.021,-16.084,-29.6947,1.7939,0,0,0
-0.0283,0.0303,0.9512,-11.6336,-36.1374,4.9008,0,0,0
-0.0513,0.0054,0.9875,-7.8168,-58.1756,11.2366,0,0,0
0.0637,0.0439,0.9919,-13.8244,-81.687,20.1832,0,0,0
0.1548,-0.0024,1.0967,-14.2443,-69.084,25.458,0,0,0
0.1604,-0.0049,1.061,-10.7023,-50.9084,19.145,0,0,0
0.0879,-0.0081,1.0059,-8.3588,-36.8321,18.1832,0,0,0
0.0664,0.0012,1.0261,-5.7176,-20.7557,13.6107,0,0,0
0.0701,-0.0078,1.0137,-4.0153,-11.8473,6.8779,0,0,0
0.0884,-0.0027,0.9929,-0.6565,1.0458,1.9771,0,0,0
0.0928,-0.0066,0.969,6.229,6.687,0.9542,0,0,0
0.0483,0.0283,1.0063,9.4351,8.6794,-0.145,0,0,0
0.0623,0.0291,1.0708,7.5725,9.6183,-4.8015,0,0,0
0.1238,0.0134,1.0823,5.7099,16.374,-7.1374,0,0,0
0.1545,-0.0244,1.0552,9.5115,27.8473,-6.4351,0,0,0
0.1379,-0.0081,1.0671,13.3817,36.9008,-6.084,0,0,0
0.0962,0.0039,1.0735,12.0611,53.8397,-13.6947,0,0,0
0.2151,-0.0447,1.1006,12.5267,65.9237,-18.5191,0,0,0
0.1704,-0.0559,1.0544,15.626,86.6183,-22.5573,0,0,0
0.1204,-0.0791,1.0801,18.6031,101.0992,-18.9771,0,0,0
-0.0388,-0.0227,0.9521,20.084,90.9237,-14.2443,0,0,0
-0.0989,0.0828,0.9351,19.0916,76.8092,-7.4046,0,0,0
-0.1443,0.1523,1.0105,6.4656,68.7863,-10.9084,0,0,0
-0.2427,0.0527,0.9661,2.2137,46.0916,-11.8473,0,0,0
-0.1287,0.0493,1.062,-2.084,33.1298,0.1221,0,0,0
-0.1499,0.1345,1.0625,-10.1298,16.374,2.6641,0,0,0
-0.175,0.0735,0.9807,-13.2519,1.9847,4.8244,0,0,0
-0.2031,0.1045,0.9954,-14.8855,-15.1603,7.4427,0,0,0
-0.2688,0.1494,0.9751,-24.7405,-36.1145,7.8015,0,0,0
-0.2366,0.1211,0.9739,-31.7863,-57.3893,7.0382,0,0,0
-0.1494,0.0925,0.9812,-35.7023,-72.3435,4.2748,0,0,0
-0.0427,0.0383,0.9961,-34.1908,-77.2137,0.5496,0,0,0
-0.0374,-0.0154,0.9629,-25.5496,-82.2901,3.3053,0,0,0
0.0544,-0.0605,1.03,-14.9771,-92.9847,14.4733,0,0,0
0.1404,-0.0225,1.0862,-11.7328,-90.8931,26.458,0,0,0
0.0979,0.0662,1.1101,-18.7328,-67.1756,21.5649,0,0,0
0.0872,0.0227,1.083,-18.3206,-39.5573,3.2977,0,0,0
0.1309,-0.0093,1.0361,-10.0076,-26.3435,-10.1985,0,0,0
0.2336,-0.0693,1.0457,-6.8244,-1.771,-11.2443,0,0,0
0.3513,-0.1628,1.0156,2.1298,26.0076,-11.3664,0,0,0
0.302,-0.145,0.9631,21.0382,58.1679,-12.626,0,0,0
0.1643,-0.0737,1.0315,34.2748,80.771,-22.4809,0,0,0
0.113,-0.0159,1.0835,32.229,91.0153,-26.4885,0,0,0
-0.0737,-0.0483,1.0254,34.0687,77.0611,-17.2901,0,0,0
-0.0115,0.0188,1.0955,28.458,64.5573,-2.3282,0,0,0
-0.1301,0.0579,1.0359,17.2672,55.1221,1.0382,0,0,0
-0.2253,0.1587,1.0747,-5.374,48.8092,-4.1374,0,0,0
-0.2336,0.1113,0.9072,-7.8626,4.4656,1.6107,0,0,0
-0.2534,0.0625,0.9265,-9.7863,-22.2595,6.3435,0,0,0
-0.3318,0.0916,0.9497,-23.7252,-55.8321,11.7176,0,0,0
-0.1497,0.1311,0.9856,-35.5038,-78.3817,9.0229,0,0,0
-0.019,-0.0325,1.0068,-33.0687,-81.9695,9.542,0,0,0
0.0884,-0.0264,1.0554,-32.5267,-71.9389,13.6107,0,0,0
0.1084,-0.0435,1.0315,-25.3359,-61.1603,10.1985,0,0,0
0.1614,-0.0403,1.0559,-14.4656,-39.8855,2.1145,0,0,0
0.1792,-0.0488,1.0728,-6.4198,-18.5725,-1.4962,0,0,0
0.1997,-0.0676,1.083,0.1985,-0.1527,-2.626,0,0,0
0.1641,-0.0728,1.0732,7.8168,13.1221,-2.8244,0,0,0
0.1201,-0.0347,1.0698,9.626,20.4885,-1.2443,0,0,0
0.1101,-0.0344,1.0615,8.4046,26.2519,-1.7481,0,0,0
0.0593,-0.0564,1.0073,10.0534,30.7405,0.6794,0,0,0
0.0042,-0.0159,0.9839,11.3053,28.4809,2.9618,0,0,0
-0.0127,-0.0188,0.9917,12.3206,24.084,4.9847,0,0,0
-0.0388,0.01,0.979,11.1603,19.8397,5.8168,0,0,0
-0.0884,0.0293,0.9961,9.9771,12.5573,6.1298,0,0,0
-0.0205,0.0425,1.0212,7.9771,7.4733,4.4198,0,0,0
0.0068,0.0098,1.0186,6.8779,4.855,7.7634,0,0,0
0.0063,0.0066,1.0159,6.9389,4.1298,11.2519,0,0,0
0.0483,-0.0222,1.0271,8.3282,4.3893,16.7099,0,0,0
0.083,-0.0283,1.0527,10.8779,10.0916,22.4198,0,0,0
0.0337,0.0105,1.0417,10.9924,12.8931,25.6107,0,0,0
0.0898,0.0042,1.1157,7.8626,18.5344,35.2366,0,0,0
0.1453,0.0093,1.1262,-0.9695,22.7099,50.687,0,0,0
-0.1277,0.0391,1.0027,-3.771,21.5267,46.5649,0,0,0
-0.0085,0.0662,1.0066,-3.2748,24.7939,44.6412,0,0,0
0.0095,0.0327,1.0334,-1.8855,19.8931,43.3053,0,0,0
-0.0984,0.0725,0.9749,-2.2366,13.9695,35.4122,0,0,0
-0.0684,0.0405,0.9871,-0.2061,12.4198,28.6718,0,0,0
-0.0286,0.0134,1.0042,4.2443,14.5344,27.1679,0,0,0
-0.0276,0.0564,0.9939,3.2214,12.3206,32.2061,0,0,0
-0.009,0.0144,1.0281,4.8244,11.6565,34.542,0,0,0
-0.1138,0.1233,1.0024,1.8244,6.4656,34.1527,0,0,0
-0.1719,0.1348,1.0386,-6.6718,-4.8015,26.1985,0,0,0
-0.0938,0.0732,1.0571,-10.2443,-8.5954,17.2672,0,0,0
0.0249,0.0273,1.113,-14.2672,-2.5802,26.6794,0,0,0
-0.03,0.031,1.0608,-19.0992,2.2824,26.6641,0,0,0
-0.0879,0.0342,0.9478,-15.0916,-1.0,28.8015,0,0,0
-0.0833,0.0332,0.9746,-9.0382,-2.7481,26.9237,0,0,0
-0.1252,0.0613,1.0107,-7.8092,-14.1374,21.313,0,0,0
-0.0247,0.0513,1.0701,-12.1221,-13.1756,21.2366,0,0,0
0.0132,0.0154,1.0564,-13.1985,-13.5496,18.1679,0,0,0
0.0115,-0.0049,1.0193,-8.0153,-11.1069,15.2061,0,0,0
0.0132,-0.0078,1.0215,-4.626,-6.8321,13.8779,0,0,0
0.0098,0.0063,1.0454,-3.9389,-4.5267,15.1298,0,0,0
-0.0227,0.0293,1.0332,-5.0534,-3.0687,14.9313,0,0,0
-0.0264,0.0261,1.0315,-7.7786,-5.3817,15.8168,0,0,0
0.011,-0.0005,1.0408,-8.1374,-4.3206,16.3817,0,0,0
0.0,0.0029,1.0081,-6.313,-3.3206,17.9466,0,0,0
0.0166,-0.0068,1.0452,-5.3969,-1.5038,18.8779,0,0,0
-0.0186,0.0149,1.0366,-4.4656,-0.8626,17.8626,0,0,0
-0.0332,0.0217,1.0378,-4.229,-0.1298,14.6412,0,0,0
-0.0598,0.0435,1.0247,-5.5725,-3.313,14.6412,0,0,0
-0.0122,0.0317,1.0493,-8.9847,-4.0916,14.5191,0,0,0
-0.0352,0.0046,0.9973,-10.1069,-3.8779,14.0687,0,0,0
0.0364,-0.021,1.0366,-8.2595,-3.5878,15.6412,0,0,0
0.0203,-0.0042,1.0312,-5.9389,-0.9237,16.0,0,0,0
-0.002,-0.0046,1.0452,-4.3435,0.6107,15.855,0,0,0
-0.022,0.0117,1.0474,-3.8397,2.8321,12.2824,0,0,0
-0.0493,0.0254,1.021,-2.8626,3.0687,6.6336,0,0,0
-0.0579,0.0168,0.9922,-0.3206,2.0229,1.9466,0,0,0
-0.0469,0.0132,1.0017,2.5115,2.2137,-2.8473,0,0,0
-0.042,0.0293,1.0112,4.3206,2.4809,-5.7786,0,0,0
-0.0425,0.041,1.0347,1.3511,-0.3053,-5.916,0,0,0
-0.0481,0.0369,1.0491,-1.4046,-1.0458,-8.6336,0,0,0
-0.0645,0.051,1.0317,-3.1679,-4.1374,-11.7252,0,0,0
-0.0479,0.0225,1.0327,-5.0305,-7.3893,-14.4046,0,0,0
0.0203,-0.0159,1.0347,-5.1298,-6.771,-11.9695,0,0,0
0.0581,-0.0286,1.0283,-3.7405,-3.9237,-5.2672,0,0,0
0.0359,-0.0317,1.019,-1.0,-0.5878,0.1985,0,0,0
-0.0017,-0.0037,1.0278,1.5496,1.4656,-0.4122,0,0,0
-0.0054,-0.0085,1.0381,2.7557,1.9924,-2.9924,0,0,0
-0.0244,0.0146,1.0403,1.6031,1.5725,-4.5496,0,0,0
-0.043,0.0295,1.032,-1.0076,-1.1145,-4.7328,0,0,0
-0.0374,0.0247,1.0439,-3.9237,-5.0916,-4.855,0,0,0
-0.0042,0.0171,1.0566,-7.5496,-6.5115,-4.4046,0,0,0
-0.01,0.0022,1.0339,-8.3282,-5.8779,-4.8779,0,0,0
-0.0134,0.0042,1.0144,-6.8702,-5.3511,-5.855,0,0,0
-0.0271,-0.0056,0.9946,-4.6947,-5.4198,-7.3664,0,0,0
-0.0012,0.0063,1.0181,-2.3817,-5.6031,-8.8092,0,0,0
-0.0205,0.0178,1.0137,-2.3893,-7.1298,-7.1527,0,0,0
-0.0154,0.0127,1.0391,-4.7252,-8.3359,-5.5267,0,0,0
-0.0129,0.0205,1.0413,-7.5725,-10.626,-5.1069,0,0,0
0.0015,-0.0022,1.0315,-8.1603,-11.7557,-5.7176,0,0,0
0.0249,-0.0227,1.0103,-5.4122,-16.4656,-6.458,0,0,0
0.0762,-0.0315,1.051,-3.1985,-7.9084,-1.2061,0,0,0
0.0698,-0.0203,1.0574,-2.6718,-5.626,3.374,0,0,0
-0.0015,-0.0107,1.0261,-1.0687,0.687,2.6565,0,0,0
0.0083,-0.0032,1.0305,0.6794,1.4046,-1.2901,0,0,0
0.0322,-0.0161,1.042,3.0153,4.4962,-5.1908,0,0,0
-0.0081,0.0012,1.0015,5.5496,6.8015,-8.9313,0,0,0
-0.0125,0.0039,1.0315,7.4733,7.6183,-11.3282,0,0,0
-0.0239,0.0295,1.0281,5.1603,4.7557,-10.6031,0,0,0
-0.0376,0.0127,1.03,2.9313,-1.8702,-13.0,0,0,0
0.0088,0.0256,1.0513,1.9771,-6.4046,-9.6489,0,0,0
0.021,0.0142,1.0369,-0.5038,-7.3664,-8.3206,0,0,0
0.0188,0.0,1.0303,0.0992,-0.9542,-10.9084,0,0,0
-0.0071,-0.0007,0.989,3.1756,3.0611,-14.8779,0,0,0
0.0012,0.0029,1.0081,6.9695,3.9924,-18.2901,0,0,0
0.0103,0.0012,1.0212,8.5954,6.9924,-18.6947,0,0,0
-0.0198,0.0247,1.0322,8.6565,6.6412,-17.0611,0,0,0
-0.02,0.0269,1.0486,5.8473,4.4198,-18.9695,0,0,0
-0.0298,0.0315,1.0349,3.0763,1.0992,-18.7023,0,0,0
0.0012,0.011,1.0405,1.2672,-2.8092,-15.5725,0,0,0
0.0161,0.0083,1.0303,1.1985,-3.5649,-12.4885,0,0,0
0.0298,0.0095,1.0366,1.6489,0.8092,-11.2748,0,0,0
0.0068,0.0107,1.0098,4.0611,3.5115,-14.6107,0,0,0
-0.0083,0.0127,1.0183,7.4809,4.7099,-16.9695,0,0,0
0.0059,0.0107,1.032,8.6336,5.7405,-17.6641,0,0,0
-0.0183,0.0317,1.0312,8.1221,6.1298,-15.374,0,0,0
-0.0364,0.0444,1.0386,4.7176,2.3588,-16.2595,0,0,0
0.0017,0.0217,1.052,1.1756,-0.5344,-12.5115,0,0,0
0.0254,0.0042,1.042,-1.4046,-1.1221,-7.0611,0,0,0
0.0088,0.0134,1.0256,-0.0763,0.5802,-3.4275,0,0,0
-0.0244,0.0283,1.0112,0.5802,-0.9618,-2.1832,0,0,0
-0.0127,0.0342,1.03,0.4122,-2.1069,-3.5954,0,0,0
-0.0107,0.0261,1.0366,0.0305,-2.3817,-3.9084,0,0,0
-0.0002,0.0261,1.0371,-0.4427,-2.1985,-3.313,0,0,0
0.0034,0.0366,1.0288,-1.2366,-0.8321,-3.4809,0,0,0
0.0012,0.0208,1.0225,-0.8168,0.4198,-3.3664,0,0,0
-0.0032,0.0251,1.0139,0.4885,0.8168,-2.4122,0,0,0
-0.0056,0.0325,1.0354,0.5191,0.0458,-1.0458,0,0,0
-0.0261,0.0403,1.0317,-0.1756,-0.1145,-1.2748,0,0,0
-0.0227,0.0474,1.0457,-2.0763,-2.4275,-1.0687,0,0,0
-0.0137,0.0403,1.041,-3.5954,-3.3435,-2.2901,0,0,0
-0.0198,0.0398,1.0264,-4.6412,-4.5267,-1.6718,0,0,0
-0.0015,0.033,1.0352,-4.4733,-5.0076,-2.145,0,0,0
0.0039,0.0234,1.0251,-3.9313,-2.9695,-2.1298,0,0,0
0.0171,0.0181,1.0288,-3.3511,-1.1374,-2.1908,0,0,0
0.0286,0.0107,1.0251,-1.855,0.8702,-1.5115,0,0,0
0.0095,0.0081,1.0144,0.7023,2.7328,-0.4733,0,0,0
-0.0417,0.0569,1.0239,-0.313,-1.0382,0.5038,0,0,0
-0.0269,0.0425,1.0425,-3.4809,-3.626,-2.3588,0,0,0
0.0071,0.022,1.0442,-3.9618,-3.2443,-2.7405,0,0,0
0.0249,0.0042,1.0291,-2.9466,-0.374,-1.8702,0,0,0
0.012,0.0132,1.0042,0.2061,2.9084,-0.8321,0,0,0
-0.0283,0.04,1.0247,0.4351,1.084,-1.2901,0,0,0
-0.0273,0.0442,1.0493,-1.8779,-2.4504,-3.0687,0,0,0
-0.0054,0.0305,1.062,-3.9695,-3.8702,-2.2824,0,0,0
0.0112,0.0286,1.0454,-5.6183,-2.1221,-1.3435,0,0,0
0.0156,0.0071,1.0208,-3.8168,0.916,-1.4046,0,0,0
0.0103,0.0059,1.0017,0.4275,2.9924,-1.6336,0,0,0
-0.0051,0.0149,1.0095,2.8168,3.8779,-1.7481,0,0,0
-0.0417,0.0398,1.0347,1.771,0.6947,-0.4504,0,0,0
-0.0403,0.05,1.0525,-2.313,-2.9847,-2.6718,0,0,0
0.0095,0.0227,1.0388,-4.4046,-3.5267,-3.458,0,0,0
0.04,0.0017,1.0242,-2.8244,-0.3282,-1.9313,0,0,0
0.0193,0.011,1.0034,-0.145,3.5344,-0.5954,0,0,0
-0.0193,0.0281,1.0225,1.6565,2.0,-0.8779,0,0,0
-0.0178,0.0364,1.0364,0.542,-0.3206,-1.9313,0,0,0
0.0217,0.0271,1.0598,-1.2672,1.2214,0.4733,0,0,0
-0.0095,0.0479,1.0508,-2.9695,0.5573,1.229,0,0,0
-0.0486,0.0491,1.0168,-5.313,-2.8168,0.0916,0,0,0
-0.0281,0.0244,1.0151,-4.5267,-5.7634,-0.6565,0,0,0
0.0068,0.0237,1.0278,-4.4656,-5.374,1.1527,0,0,0
0.0068,0.0168,1.0115,-4.8473,-4.7863,3.9466,0,0,0
0.0125,0.0117,1.0056,-4.4122,-8.2824,10.0153,0,0,0
0.0002,0.0151,1.0352,-5.3817,-10.1985,15.9313,0,0,0
0.0044,0.0256,1.0408,-9.3053,-14.0,22.9237,0,0,0
0.0642,0.0054,1.093,-13.626,-15.458,30.7481,0,0,0
0.0391,0.0168,1.0596,-15.2214,-10.3817,30.9466,0,0,0
-0.0242,0.0269,0.9973,-14.5115,-11.8931,29.0076,0,0,0
0.0259,-0.0073,1.0281,-12.3664,-14.2672,27.7481,0,0,0
0.0564,-0.0085,1.0342,-10.8779,-10.0458,28.9695,0,0,0
0.0679,-0.0125,1.0464,-10.3359,-7.0153,33.0611,0,0,0
0.0498,-0.0129,1.031,-8.1069,-1.7634,32.6031,0,0,0
-0.0247,0.0273,1.0059,-7.5649,-4.6641,31.0,0,0,0
0.0029,0.0239,1.0369,-7.5802,-6.8931,27.5496,0,0,0
-0.0156,0.02,1.0291,-8.1908,-6.3893,23.7939,0,0,0
0.011,0.0139,1.0312,-8.9924,-7.1603,20.771,0,0,0
0.0,0.0166,1.0029,-7.5725,-7.5649,21.5649,0,0,0
0.0193,0.0034,1.0317,-6.4885,-7.6183,19.2519,0,0,0
0.0183,0.0071,1.0337,-4.4656,-5.9084,17.8473,0,0,0
0.0127,0.0024,1.033,-4.4351,-2.8092,13.8473,0,0,0
-0.01,0.0403,1.0217,-5.7557,-2.542,9.1756,0,0,0
0.0066,0.0042,1.0237,-6.7557,-4.9389,8.3893,0,0,0
0.0864,-0.0212,1.0461,-6.6412,-3.3435,12.374,0,0,0
0.0557,-0.0154,1.0349,-5.7252,1.5038,11.5115,0,0,0
0.0352,-0.0164,1.0146,-2.7863,3.4504,9.1298,0,0,0
0.0181,-0.002,1.03,-0.7557,3.313,6.9237,0,0,0
0.0078,0.0149,1.0383,-3.0,2.4962,6.5344,0,0,0
-0.0146,0.0137,1.0188,-3.687,0.7176,4.5115,0,0,0
-0.0176,0.0186,1.0146,-4.0,-1.7099,2.0229,0,0,0
-0.0105,0.0115,1.0144,-4.2672,-3.626,-0.8321,0,0,0
0.001,-0.002,1.0208,-3.4275,-5.687,-2.7405,0,0,0
0.0051,0.0095,1.0173,-3.9389,-6.4122,-0.8092,0,0,0
0.0454,-0.0222,1.0698,-6.9542,-9.3664,5.2366,0,0,0
0.0574,-0.0076,1.073,-9.8931,-6.5496,10.3588,0,0,0
0.0605,-0.0344,1.061,-10.7634,-6.855,13.6336,0,0,0
0.0515,-0.0139,1.0354,-10.1069,-5.626,15.8397,0,0,0
0.0647,-0.0356,1.0342,-10.7023,-4.2137,17.8244,0,0,0
0.0295,-0.0315,1.0251,-10.1985,-2.8855,18.9313,0,0,0
0.0317,-0.0002,1.021,-9.1679,-1.0153,20.2366,0,0,0
0.0071,-0.0081,1.0195,-10.4656,-4.4504,16.855,0,0,0
0.0125,-0.0076,1.0046,-9.4733,-5.3817,11.7405,0,0,0
0.0266,-0.0203,1.0129,-7.2748,-4.8702,8.4122,0,0,0
0.0083,-0.0034,1.0066,-5.1069,-4.1756,5.2977,0,0,0
-0.0039,0.0027,1.0247,-4.9771,-5.9008,1.2366,0,0,0
0.0151,0.0022,1.0322,-5.855,-7.0611,0.2595,0,0,0
0.0574,-0.0176,1.0576,-7.6641,-6.7023,3.5191,0,0,0
0.0596,-0.0332,1.0437,-9.2061,-7.4198,6.3664,0,0,0
0.1089,-0.0554,1.0583,-8.4656,-3.4885,9.5878,0,0,0
0.0725,-0.0444,1.0303,-5.9313,1.7634,8.8779,0,0,0
0.0281,-0.041,1.0068,-2.916,2.3206,4.8779,0,0,0
0.0559,-0.0391,1.0137,-1.6947,1.0992,4.1756,0,0,0
0.0657,-0.0396,1.0437,-3.8626,0.2061,9.5115,0,0,0
0.0605,-0.0396,1.0532,-7.5954,-1.8015,15.0229,0,0,0
0.0542,-0.0447,1.0364,-10.5954,-1.6947,16.771,0,0,0
0.0505,-0.0413,1.0339,-10.145,-1.0153,16.9237,0,0,0
0.021,-0.0195,1.0027,-8.2214,0.5038,15.2672,0,0,0
0.0081,-0.031,1.0059,-7.3053,-2.7252,13.1679,0,0,0
0.0378,-0.0391,1.0322,-7.5267,-2.8473,11.9771,0,0,0
0.0313,-0.0408,1.0195,-6.8779,-3.3893,10.542,0,0,0
0.0259,-0.0361,1.0107,-4.6794,-5.8015,7.2901,0,0,0
0.0537,-0.0442,1.0391,-5.1298,-7.7099,8.3206,0,0,0
0.0327,-0.022,1.0386,-7.1908,-6.5573,6.9237,0,0,0
0.0105,-0.0525,1.0083,-5.0382,-7.1603,3.1527,0,0,0
0.0176,-0.0342,1.0183,-1.3511,-7.084,-1.2595,0,0,0
0.0471,-0.0408,1.0225,0.2977,-6.3053,-4.6489,0,0,0
0.0542,-0.0513,1.0232,2.9313,-4.8702,-6.0229,0,0,0
0.0393,-0.0164,1.0327,4.4427,-5.0,-4.9084,0,0,0
0.0322,-0.0088,1.0422,1.3435,-7.7405,-4.8397,0,0,0
-0.0791,-0.0168,0.9592,-4.8397,-44.3206,-8.1756,0,0,0
0.1006,-0.0615,1.0894,-5.7634,-35.1832,-6.3664,0,0,0
0.1035,-0.011,1.0588,-10.4046,-17.1832,-2.1679,0,0,0
0.0642,-0.0308,1.0376,-9.5649,-9.3053,-4.2672,0,0,0
0.0171,-0.04,0.9412,-7.2595,-23.2595,-8.9466,0,0,0
0.1172,-0.0764,1.002,-5.8168,-24.8092,-3.0458,0,0,0
0.0752,-0.041,1.0134,-6.1832,-15.5725,1.313,0,0,0
0.0322,-0.0256,0.9951,-5.8473,-16.5496,-1.8626,0,0,0
0.0815,-0.0525,1.0334,-3.916,-8.5649,-4.8321,0,0,0
0.0469,-0.021,1.0002,-3.4809,-11.4504,-7.6489,0,0,0
0.0698,-0.0352,1.0149,-3.3359,-19.3893,-8.1908,0,0,0
0.0667,-0.0227,1.042,-6.5267,-12.1985,-4.0763,0,0,0
0.0466,-0.0244,1.0125,-10.9618,-19.1527,-6.6031,0,0,0
0.1072,-0.052,1.0144,-11.6336,-19.0992,-5.313,0,0,0
0.1384,-0.0996,0.9707,-10.4046,-17.7634,-4.5649,0,0,0
0.1226,-0.0769,0.9761,-2.5954,-6.4351,-0.8321,0,0,0
0.0918,-0.0593,1.0242,0.3893,-4.9695,-4.1756,0,0,0
0.095,-0.0388,1.0364,-0.8473,-5.1603,-6.2748,0,0,0
0.1121,-0.0674,1.0386,-1.5496,-6.3969,-7.2366,0,0,0
0.1235,-0.0645,1.0386,-0.9237,-3.4351,-7.1832,0,0,0
0.1165,-0.0444,1.0322,-2.229,-3.6031,-5.7939,0,0,0
0.1123,-0.052,1.0161,-3.4198,-3.145,-6.7634,0,0,0
0.1028,-0.063,0.9971,-1.8931,-3.5038,-7.9237,0,0,0
0.1448,-0.0679,1.0195,1.687,0.4198,-6.3053,0,0,0
0.1394,-0.0718,1.0359,2.8702,1.8397,-4.4275,0,0,0
0.1152,-0.0471,1.04,1.855,3.5344,-3.4962,0,0,0
0.094,-0.03,1.0337,0.458,2.1756,-4.6794,0,0,0
0.1206,-0.0491,1.032,-0.4656,1.7023,-6.6031,0,0,0
0.1025,-0.0479,0.9988,1.1298,3.1374,-8.1374,0,0,0
0.0977,-0.0383,1.0051,2.5649,1.1756,-7.7252,0,0,0
0.0913,-0.0281,1.0273,2.0534,-1.0,-8.6489,0,0,0
0.0693,-0.0154,1.0229,1.3817,-3.4275,-12.6794,0,0,0
0.0979,-0.0295,1.0237,1.2672,-2.7252,-16.3282,0,0,0
0.1067,-0.0334,1.03,2.1832,-1.3435,-16.9313,0,0,0
0.1001,-0.033,1.0308,1.7328,-0.6336,-17.1527,0,0,0
0.0779,-0.032,1.0159,1.1298,-1.6336,-22.8168,0,0,0
0.1074,-0.04,0.9905,4.2824,0.4198,-26.0229,0,0,0
0.1121,-0.0515,0.9958,9.2214,0.2901,-28.8702,0,0,0
0.1497,-0.071,1.0203,14.1603,3.916,-33.2443,0,0,0
0.1589,-0.0796,1.0286,21.2366,11.7099,-37.8626,0,0,0
0.1348,-0.0522,0.9897,30.1985,14.3435,-38.6641,0,0,0
0.0957,-0.0247,1.033,32.1603,10.1221,-33.2901,0,0,0
0.0916,0.0369,1.0789,23.458,6.3969,-28.6947,0,0,0
0.1086,0.0435,1.1145,12.5496,2.0076,-26.5878,0,0,0
0.0847,0.0129,1.0217,6.6107,0.9695,-26.6718,0,0,0
0.1382,-0.012,1.0386,8.3282,0.5954,-20.4733,0,0,0
0.0405,-0.064,0.9375,6.1069,-11.2519,-23.0305,0,0,0
0.1245,0.0039,1.0195,8.3359,-7.7023,-17.0534,0,0,0
0.094,0.0088,1.0625,6.1908,-1.2824,-16.8015,0,0,0
0.1025,0.0198,1.0664,2.4046,-0.7634,-19.9008,0,0,0
0.0918,0.0164,1.0259,0.2519,1.1221,-22.3893,0,0,0
0.0701,0.0217,0.9917,1.0153,-2.1145,-23.6107,0,0,0
0.092,-0.0046,1.0068,-0.313,-3.8779,-21.6183,0,0,0
0.1191,0.0044,1.0054,-1.2748,-2.3435,-19.5267,0,0,0
0.1311,-0.0217,1.0063,1.0611,1.7328,-18.4733,0,0,0
0.1179,-0.0024,1.0137,3.7023,2.9847,-17.3359,0,0,0
0.1162,0.01,1.0398,4.6641,4.7023,-17.2824,0,0,0
0.0842,0.0205,1.0298,1.7939,4.0611,-16.6794,0,0,0
0.0798,0.0198,1.0405,-0.2443,-0.7634,-14.8168,0,0,0
0.0859,0.0295,1.0349,-3.5725,-5.9237,-11.6794,0,0,0
0.1194,0.0105,1.0342,-5.1756,-6.9466,-9.4504,0,0,0
0.1206,0.0068,1.0261,-4.3435,-3.2214,-9.7939,0,0,0
0.1289,-0.0029,1.0029,-1.771,-0.145,-13.1756,0,0,0
0.126,-0.0066,0.9966,2.229,3.916,-14.687,0,0,0
0.1279,0.0017,1.0222,4.542,5.1985,-15.3893,0,0,0
0.137,0.0,1.0405,5.3053,8.9313,-15.0229,0,0,0
0.123,-0.0032,1.0544,6.8779,14.2901,-15.458,0,0,0
0.072,0.0244,1.011,6.1832,15.5878,-15.3969,0,0,0
0.0381,0.0349,0.9902,4.9771,6.9466,-12.4885,0,0,0
0.0461,0.0425,1.0227,2.9924,-0.4122,-9.4504,0,0,0
0.0671,0.0486,1.0647,-0.4504,-3.5802,-9.4733,0,0,0
0.0828,0.0452,1.0674,-4.4809,-2.458,-11.1908,0,0,0
0.1023,0.0269,1.0405,-6.1527,-2.2901,-11.0611,0,0,0
0.1355,0.001,1.0322,-4.7557,0.0916,-10.5191,0,0,0
0.1345,-0.0095,1.009,-1.9771,5.5344,-7.9924,0,0,0
0.0969,0.0183,0.9946,-0.6489,5.0916,-5.6031,0,0,0
0.0906,0.0073,0.9966,0.1985,5.1069,-4.7939,0,0,0
0.0554,0.0303,1.0051,0.6183,0.6718,-2.5725,0,0,0
0.0835,0.0293,1.0374,-1.1374,-1.8015,-2.1527,0,0,0
0.0935,0.0269,1.0474,-3.313,-0.6107,-2.1145,0,0,0
0.0881,0.0327,1.0269,-4.8168,0.145,-1.5573,0,0,0
0.1113,0.009,1.0291,-5.0687,-0.4046,2.1679,0,0,0
0.1492,-0.0056,1.0415,-4.9389,3.6031,6.5038,0,0,0
0.1406,0.0054,1.0388,-4.6336,8.2061,11.2824,0,0,0
0.0913,0.0,1.0205,-4.6183,8.5344,17.3359,0,0,0
0.095,0.0186,1.0396,-5.313,5.1985,20.4198,0,0,0
0.1096,0.0103,1.0342,-5.7863,6.6565,20.0687,0,0,0
0.1208,-0.0132,1.0317,-3.7786,9.3359,21.8931,0,0,0
0.1311,-0.0137,1.0266,-1.3893,13.8702,21.2977,0,0,0
0.0884,0.0,1.0198,3.4046,17.687,18.8779,0,0,0
0.0432,0.032,1.0242,5.3664,16.0229,11.7328,0,0,0
0.0264,0.052,1.0383,3.1679,13.8015,7.0382,0,0,0
0.05,0.0398,1.0374,0.5573,12.8168,3.5649,0,0,0
0.0657,0.0151,0.9993,1.5267,11.8168,1.4504,0,0,0
0.1262,-0.0117,0.9927,5.6718,14.7634,-0.1069,0,0,0
0.0688,-0.0056,0.9927,10.8244,19.6031,-0.3893,0,0,0
0.042,0.0313,1.041,11.7557,16.687,0.0534,0,0,0
0.0078,0.084,1.075,4.2595,13.0687,1.3893,0,0,0
0.0251,0.0664,1.0864,-3.2672,8.6489,0.7939,0,0,0
0.0635,0.0361,1.0657,-5.6565,13.8626,-1.084,0,0,0
0.0415,0.0227,1.01,-4.313,17.9771,-3.8626,0,0,0
0.0698,0.0168,1.0029,-0.687,18.7786,-3.9389,0,0,0
0.0303,0.0247,0.9832,2.2901,19.4885,-6.4122,0,0,0
0.0305,0.0327,1.0054,4.0611,16.5191,-8.145,0,0,0
0.0212,0.0449,1.0227,2.4962,18.2595,-9.1985,0,0,0
0.0049,0.0425,1.0271,1.5115,13.855,-10.5725,0,0,0
0.0181,0.0227,1.0127,1.4046,10.6794,-11.0534,0,0,0
0.002,0.0334,1.0271,1.3664,9.1985,-9.4046,0,0,0
0.0203,0.0281,1.0496,-0.3511,7.3969,-6.6489,0,0,0
0.0171,0.0347,1.0535,-3.1069,6.1145,-3.4351,0,0,0
0.0007,0.041,1.042,-4.8015,4.7481,-1.8397,0,0,0
0.0408,0.0242,1.033,-4.3664,5.8855,-2.458,0,0,0
0.0586,0.0081,1.0354,-1.5115,9.8397,-1.3817,0,0,0
0.0386,0.0093,1.0266,0.9084,10.3435,0.3969,0,0,0
0.0376,0.0244,1.0508,1.8015,11.1221,2.1298,0,0,0
0.0081,0.0391,1.0415,0.3511,10.0153,3.4656,0,0,0
0.0066,0.0378,1.0425,-2.3435,10.2214,3.916,0,0,0
0.0146,0.0347,1.0344,-4.4733,9.8244,4.7023,0,0,0
-0.0125,0.0291,0.9944,-3.2977,6.8779,5.5573,0,0,0
0.0098,0.0232,0.9968,-1.4122,3.7863,6.1145,0,0,0
-0.0159,0.0356,0.9946,-0.8397,1.0382,7.2595,0,0,0
-0.0117,0.0327,1.0117,-4.145,-4.6489,13.6489,0,0,0
0.092,0.02,1.0691,-8.7634,-9.0076,24.7328,0,0,0
0.0356,0.0186,1.0708,-10.5344,-6.374,29.145,0,0,0
0.041,0.0464,1.0461,-10.6641,-1.8015,26.9389,0,0,0
-0.0513,0.0364,0.9883,-9.4122,-3.8702,20.687,0,0,0
-0.0181,0.0356,1.0193,-6.4656,-4.7176,15.0,0,0,0
-0.0059,0.0212,1.0234,-5.8015,-5.7786,16.8092,0,0,0
0.0222,0.0483,1.064,-8.1374,-6.4351,20.5573,0,0,0
0.0156,0.0212,1.0618,-10.0382,-3.9618,18.9847,0,0,0
0.0259,0.0208,1.0339,-9.6489,-1.4046,18.0687,0,0,0
0.0098,0.0093,1.0076,-8.0763,-1.8015,14.1221,0,0,0
0.0403,0.0034,1.0195,-5.4504,-2.374,16.7481,0,0,0
0.0173,0.021,1.0273,-5.4656,-1.6183,20.2137,0,0,0
0.0027,0.0332,1.042,-7.0763,-1.3588,19.8168,0,0,0
0.0034,0.0347,1.0437,-8.5344,0.0916,16.7023,0,0,0
-0.0112,0.0339,1.0269,-9.0916,-0.6565,12.4962,0,0,0
-0.002,0.01,1.0122,-9.4733,-2.6183,6.3817,0,0,0
0.0281,-0.002,1.01,-6.2443,-2.229,6.6412,0,0,0
0.0256,0.0059,1.0374,-4.687,-0.6107,6.4809,0,0,0
0.0425,0.0127,1.0605,-5.3817,3.0687,8.5267,0,0,0
-0.0398,0.043,1.0061,-7.0916,0.6412,8.626,0,0,0
-0.0078,0.022,1.0225,-10.5878,-6.4198,7.1069,0,0,0
0.0806,-0.0515,1.0237,-9.1069,-6.229,11.5954,0,0,0
0.1409,-0.0784,1.0618,-3.6641,1.0153,26.3435,0,0,0
0.1104,-0.0173,1.0942,-4.7023,10.6794,37.3588,0,0,0
-0.0359,0.04,1.0593,-9.3435,5.0916,28.458,0,0,0
-0.0571,0.0388,1.0278,-12.3893,-1.6412,20.6718,0,0,0
-0.0171,0.0388,1.0388,-15.1527,0.1985,17.3511,0,0,0
-0.0215,-0.0017,1.0073,-16.7099,-1.7634,18.3359,0,0,0
-0.0432,0.0042,0.9409,-14.313,-7.6412,17.4733,0,0,0
0.0244,-0.0273,1.0186,-10.3817,-7.2366,10.9389,0,0,0
0.0137,0.0076,1.0139,-8.8473,-5.7863,11.4351,0,0,0
-0.0059,0.0034,1.0415,-10.8702,-7.3588,10.5344,0,0,0
-0.0222,0.0125,1.0237,-12.7481,-8.8779,6.3053,0,0,0
0.0203,-0.0024,1.0435,-13.7328,-11.1985,4.6412,0,0,0
0.0605,-0.0427,1.0396,-11.8092,-7.5802,3.1985,0,0,0
0.0872,-0.0432,1.0251,-7.8321,-4.1145,8.1298,0,0,0
0.0371,-0.0337,1.0486,-7.0687,-0.084,5.6031,0,0,0
-0.0281,0.0107,1.0117,-8.1069,-3.5878,4.916,0,0,0
-0.0183,0.0227,1.0444,-12.5191,-10.7023,5.3206,0,0,0
0.0374,-0.0149,1.0642,-17.7328,-13.1069,6.7634,0,0,0
0.0713,-0.0425,1.041,-20.0229,-10.5802,8.0076,0,0,0
0.0798,-0.0708,0.9985,-15.7099,-5.8779,7.855,0,0,0
0.0486,-0.0581,1.0042,-8.9237,-2.1145,6.5496,0,0,0
0.0291,-0.0215,1.033,-9.626,-4.7328,11.7786,0,0,0
0.0576,-0.0383,1.0881,-14.8931,-4.8168,15.5573,0,0,0
0.0129,-0.0332,1.0361,-15.7099,-4.4427,14.5573,0,0,0
0.0054,-0.0437,0.9961,-13.6565,-4.1908,11.4122,0,0,0
-0.011,-0.0176,0.9636,-11.4962,-6.6031,7.6107,0,0,0
-0.0149,-0.0427,0.9773,-9.4656,-11.145,3.7786,0,0,0
-0.0066,-0.0339,0.9695,-7.5115,-23.6336,1.2366,0,0,0
0.0762,-0.0132,1.0691,-8.1145,-9.4198,3.1679,0,0,0
0.0232,-0.0508,1.0447,-9.9847,-11.8092,-0.5267,0,0,0
0.0935,-0.0867,1.0459,-9.6336,-9.2061,-0.7023,0,0,0
0.1099,-0.104,1.0261,-6.5802,-4.5496,0.7252,0,0,0
0.1194,-0.1047,1.0139,-2.4885,-0.0992,2.855,0,0,0
0.0911,-0.0947,1.0225,1.4122,2.2519,5.2672,0,0,0
0.0176,-0.0342,1.0303,0.2214,0.771,5.6412,0,0,0
0.0129,-0.0342,1.0659,-4.6641,-3.313,2.8092,0,0,0
0.0371,-0.0374,1.0515,-9.0687,-6.6031,1.7023,0,0,0
0.0493,-0.0613,1.0017,-8.2824,-5.9695,1.7481,0,0,0
-0.0349,-0.0798,0.8701,-2.2901,-31.5649,-1.7481,0,0,0
0.1758,-0.1248,1.1003,2.6718,-8.7481,5.542,0,0,0
0.0037,-0.0493,1.0312,3.3206,-0.8931,-0.8244,0,0,0
-0.0144,0.0007,1.0293,0.1298,-5.4733,-2.6641,0,0,0
0.0073,-0.0176,1.064,-4.8779,-11.3359,-5.4427,0,0,0
0.0039,-0.0251,0.9878,-8.0763,-19.5267,-9.8931,0,0,0
0.1514,-0.0669,1.0159,-3.9618,-33.4046,-7.2137,0,0,0
0.1604,-0.1121,1.053,1.1145,-13.3817,-0.7786,0,0,0
0.1338,-0.0776,1.0725,3.9084,-3.8779,-1.3282,0,0,0
0.0237,-0.0225,1.0098,4.0,-4.1985,-4.7557,0,0,0
-0.0376,-0.0068,0.9189,2.8702,-28.2824,-8.1908,0,0,0
0.1077,-0.0769,1.0334,3.9084,-23.3206,-7.5954,0,0,0
0.0278,-0.0308,0.9839,5.0382,-16.6107,-13.1221,0,0,0
0.0879,-0.0332,1.0168,6.6107,-11.2137,-15.9618,0,0,0
0.042,-0.0125,1.0002,6.5878,-20.1832,-20.6718,0,0,0
0.0522,-0.0298,0.9883,6.6565,-19.2901,-24.5267,0,0,0
0.0894,-0.0388,1.0308,7.7863,-13.2901,-28.4809,0,0,0
0.113,-0.042,1.0312,9.6565,-14.5191,-32.4656,0,0,0
0.1306,-0.071,1.0076,14.1298,-10.4962,-34.4656,0,0,0
0.1614,-0.0701,1.0183,20.2061,0.9542,-33.5802,0,0,0
0.0989,0.0027,1.0105,18.6183,-1.4656,-29.1298,0,0,0
0.1265,-0.011,1.064,14.9237,-0.8702,-27.2061,0,0,0
0.1248,-0.0283,1.0562,12.6947,-1.1756,-30.3817,0,0,0
0.125,-0.019,1.0376,12.7023,1.8092,-30.6031,0,0,0
0.1279,-0.0254,1.0447,11.5649,4.9084,-30.3817,0,0,0
0.1279,-0.0195,1.0422,11.6183,9.7176,-28.6565,0,0,0
0.1011,-0.0115,1.031,12.2901,10.6565,-30.8321,0,0,0
0.1282,-0.0083,1.03,14.5115,15.145,-33.9695,0,0,0
0.1338,-0.0276,1.0039,16.7023,17.9924,-36.3359,0,0,0
0.1377,-0.0552,1.0095,23.6794,24.7176,-37.2061,0,0,0
0.0696,0.0046,1.0261,26.2519,26.6947,-36.313,0,0,0
0.0784,0.0459,1.0632,19.2824,23.8626,-31.1985,0,0,0
0.0508,0.0374,1.0603,11.8092,19.5802,-26.5191,0,0,0
0.054,0.0271,1.0569,7.6794,14.9695,-23.1145,0,0,0
0.0833,0.0334,1.0396,5.0611,14.2901,-19.9771,0,0,0
0.0796,0.0029,1.0071,6.1221,16.0992,-19.4198,0,0,0
0.0774,0.002,1.0012,10.458,19.2214,-19.8702,0,0,0
0.0701,0.0271,1.041,11.5267,23.1603,-21.9847,0,0,0
0.0574,0.0581,1.0549,9.2366,28.145,-23.2061,0,0,0
0.0557,0.0527,1.0637,6.2901,32.2977,-25.7863,0,0,0
0.0571,0.0381,1.0454,4.4122,37.6794,-27.9924,0,0,0
0.0745,0.0173,1.051,5.7176,41.2595,-26.9695,0,0,0
0.0596,0.0178,1.0435,3.7634,43.0992,-18.2443,0,0,0
0.019,0.0386,1.0518,-1.5573,36.542,-7.084,0,0,0
-0.021,0.085,1.0269,-7.9313,25.2061,0.9008,0,0,0
-0.0266,0.0671,1.0344,-13.1221,13.3664,4.5573,0,0,0
-0.0261,0.05,1.0178,-20.313,10.8244,7.3893,0,0,0
0.0913,-0.0234,1.0496,-21.9542,6.0916,15.687,0,0,0
0.0823,-0.0334,1.0098,-21.4351,4.2061,28.9313,0,0,0
0.0247,-0.0107,1.0146,-19.9542,5.7634,42.1985,0,0,0
0.0537,0.0349,1.0754,-20.5649,9.5115,47.1069,0,0,0
-0.1045,0.073,1.0303,-24.0763,5.542,41.8168,0,0,0
-0.0984,0.0735,1.0405,-28.2901,-2.229,32.5802,0,0,0
-0.0229,0.0281,1.0437,-30.9924,-2.0229,30.8092,0,0,0
0.0066,-0.0024,1.0122,-30.1298,-1.2214,27.5725,0,0,0
-0.0227,-0.0095,0.9563,-25.1527,-3.0305,27.0763,0,0,0
-0.0112,-0.0266,0.9878,-20.2519,-8.1298,25.9695,0,0,0
-0.009,-0.0049,1.0166,-16.6183,-6.6718,22.7099,0,0,0
-0.0159,-0.0156,1.0337,-16.5344,-11.0229,18.2748,0,0,0
0.0471,-0.0076,1.062,-18.1527,-8.1069,22.8321,0,0,0
0.0347,-0.0271,1.0745,-21.229,-9.9084,19.7557,0,0,0
0.0493,-0.0198,1.0425,-21.4809,-6.4046,19.4427,0,0,0
0.0366,-0.0496,1.0398,-20.7176,-9.1527,17.1908,0,0,0
0.0696,-0.052,1.0374,-18.0611,-2.1527,14.8397,0,0,0
-0.0347,-0.0264,0.9846,-17.7481,-4.4122,13.7328,0,0,0
0.0066,-0.0408,1.0122,-17.7634,-8.6641,9.1603,0,0,0
0.0735,-0.0906,1.0264,-14.7099,-4.771,13.5573,0,0,0
0.0986,-0.0869,1.042,-11.2061,3.2214,20.374,0,0,0
0.0354,-0.0618,1.0669,-12.7023,-3.0229,21.1832,0,0,0
0.0269,-0.0347,1.071,-15.9313,-2.0229,22.5038,0,0,0
-0.0452,0.0066,1.0254,-21.9084,-9.1832,24.7786,0,0,0
-0.0107,0.0159,1.0657,-28.1908,-14.0305,22.6489,0,0,0
-0.0088,-0.0227,1.0413,-32.8473,-15.1985,24.1069,0,0,0
0.0215,-0.0564,1.0645,-32.5115,-14.2672,23.5725,0,0,0
0.0122,-0.0469,1.0425,-32.5878,-12.687,19.3206,0,0,0
0.0188,-0.0837,1.0203,-30.3359,-11.0992,15.1145,0,0,0
-0.0007,-0.0986,0.9937,-25.0687,-10.9008,10.9389,0,0,0
0.0127,-0.0872,0.9995,-21.2977,-13.7023,10.2901,0,0,0
0.0532,-0.1194,1.0359,-19.0,-12.2366,10.4122,0,0,0
0.0486,-0.0908,1.019,-18.9695,-10.7863,11.3359,0,0,0
0.032,-0.1077,1.0103,-17.3588,-9.3893,9.8015,0,0,0
0.0212,-0.0845,0.9927,-17.4198,-10.2061,6.2214,0,0,0
0.0474,-0.1228,1.0005,-16.1221,-10.4733,3.8244,0,0,0
0.0488,-0.1282,0.9915,-12.1221,-8.0534,3.9695,0,0,0
0.0457,-0.0842,1.0227,-14.1679,-10.0916,10.1374,0,0,0
0.0388,-0.1184,1.0525,-16.8244,-9.0,9.1832,0,0,0
0.0291,-0.1167,1.019,-17.0458,-9.145,5.9771,0,0,0
0.0117,-0.0957,0.9902,-17.7481,-12.6947,5.0,0,0,0
0.0474,-0.1333,1.0208,-16.6031,-15.3206,4.1298,0,0,0
-0.0151,-0.1106,0.9065,-12.9389,-38.3053,4.3664,0,0,0
0.0129,-0.1284,0.9778,-15.0992,-25.6718,8.0076,0,0,0
-0.0396,-0.1016,0.9739,-15.3359,-7.4656,-0.7786,0,0,0
0.0591,-0.1084,1.0081,-11.7863,-8.2824,-3.7863,0,0,0
0.0793,-0.1487,1.0474,-12.6794,-6.0534,-1.9084,0,0,0
0.0264,-0.082,1.0225,-17.855,-13.458,3.6489,0,0,0
0.0911,-0.1465,1.0769,-22.4504,-19.7405,8.1756,0,0,0
0.0671,-0.1448,0.9978,-22.6565,-24.084,9.0229,0,0,0
0.1108,-0.1611,1.0366,-19.2366,-12.3588,7.1756,0,0,0
0.0376,-0.1755,0.9727,-13.9924,-11.8702,-1.7557,0,0,0
0.0745,-0.1829,0.938,-8.1756,-22.8015,-3.4504,0,0,0
0.1628,-0.2009,1.0583,-1.3817,-10.2977,-2.4809,0,0,0
0.0662,-0.1826,0.9702,4.4427,-16.4275,-8.6412,0,0,0
0.0906,-0.1343,1.0029,7.4122,-2.7405,-10.7557,0,0,0
0.0205,-0.1399,0.959,10.7252,-19.9771,-18.2748,0,0,0
0.0569,-0.1409,0.9929,11.5115,-22.8702,-22.4962,0,0,0
0.0579,-0.1619,0.991,14.2443,-21.5114,-28.145,0,0,0
0.0974,-0.1816,0.9897,20.3053,-16.3969,-31.1832,0,0,0
0.1121,-0.1782,0.9614,26.1374,-10.6794,-33.0534,0,0,0
0.0994,-0.1494,0.9675,32.2366,-3.9008,-31.9924,0,0,0
0.1597,-0.1377,1.0527,32.6031,-1.3206,-30.8855,0,0,0
0.1411,-0.1301,1.0513,31.2672,1.145,-32.2061,0,0,0
0.1321,-0.1301,1.0242,31.4198,5.6947,-32.9695,0,0,0
0.1484,-0.1128,1.0249,31.5802,5.7252,-29.542,0,0,0
0.1196,-0.0901,1.0154,30.1908,4.916,-25.9389,0,0,0
0.1553,-0.0723,1.072,31.0763,9.7481,-24.6565,0,0,0
0.1245,-0.0645,1.0298,31.0611,14.8931,-28.1985,0,0,0
0.1143,-0.0908,1.0171,34.5496,20.1603,-30.2366,0,0,0
0.1213,-0.0754,1.0203,37.0382,24.4656,-31.9695,0,0,0
0.0618,-0.0427,0.9985,37.6412,25.2214,-31.7099,0,0,0
0.0396,-0.0176,1.0334,33.4885,18.8626,-29.3817,0,0,0
0.0835,-0.0149,1.0518,27.4351,15.4809,-25.2061,0,0,0
0.0989,-0.0205,1.0466,23.8779,16.0916,-19.3206,0,0,0
0.0859,-0.0249,1.031,21.7634,16.8015,-16.5878,0,0,0
0.0781,-0.0222,1.0198,22.5725,17.9237,-16.3664,0,0,0
0.1106,-0.0251,1.0459,21.8855,20.6183,-16.6412,0,0,0
0.1099,-0.022,1.052,19.0916,23.8092,-14.3893,0,0,0
0.0903,0.0093,1.0706,13.6641,28.1145,-16.0534,0,0,0
0.0813,0.0017,1.0559,9.5191,28.3511,-13.2672,0,0,0
0.1328,-0.0195,1.0837,5.8092,34.8092,-9.0153,0,0,0
0.0942,-0.0027,1.0515,2.7176,40.3664,-7.2061,0,0,0
0.1135,-0.0276,1.0911,0.3053,46.5802,-1.5267,0,0,0
0.051,-0.0137,1.0403,-2.7328,47.1603,2.0153,0,0,0
0.0618,-0.0068,1.0476,-6.1527,57.7481,3.3282,0,0,0
0.0408,-0.0007,1.0625,-9.916,66.5115,5.0153,0,0,0
-0.0476,0.0068,0.9868,-10.1069,70.229,3.0153,0,0,0
-0.0713,0.0168,0.9739,-10.1985,69.8931,6.5725,0,0,0
-0.1169,0.0195,1.0098,-9.0992,59.9084,10.3969,0,0,0
-0.075,0.0159,1.0684,-12.1756,56.4809,8.1756,0,0,0
0.0518,-0.0557,1.0745,-13.6718,68.5573,12.2061,0,0,0
0.0176,-0.0496,1.0671,-6.0916,96.9008,21.3206,0,0,0
-0.0996,-0.0383,0.9963,-2.2977,103.1908,21.5954,0,0,0
-0.2024,0.0132,0.9438,-0.3588,93.4504,26.1908,0,0,0
-0.2529,0.0464,0.938,-8.2595,70.0992,33.9618,0,0,0
-0.2395,0.0376,0.9504,-13.7099,46.4122,34.1069,0,0,0
-0.2195,-0.0427,0.9753,-13.1527,26.5878,31.8015,0,0,0
-0.1711,-0.0298,0.96,-11.0763,13.3435,31.8779,0,0,0
-0.1453,-0.0613,0.9641,-8.687,1.8168,36.0763,0,0,0
-0.168,-0.0195,1.0193,-10.0687,-2.6489,38.8626,0,0,0
-0.1755,0.0098,1.0811,-16.5267,-4.9771,35.1069,0,0,0
-0.2031,0.0178,1.0596,-22.6107,-5.0687,27.7557,0,0,0
-0.1809,-0.0078,1.0537,-25.3893,-6.3359,25.5191,0,0,0
-0.1702,-0.0195,1.0149,-25.2977,-6.9847,19.6107,0,0,0
-0.1594,-0.0493,0.9788,-21.8168,-11.7863,14.6107,0,0,0
-0.1533,-0.0493,0.9956,-18.0153,-15.3969,13.4351,0,0,0
-0.1289,-0.0291,1.0403,-20.9771,-17.2214,18.5573,0,0,0
-0.1125,-0.0698,1.0469,-23.2824,-17.2061,20.7481,0,0,0
-0.0964,-0.0911,1.0349,-21.7863,-13.7557,26.9542,0,0,0
-0.0867,-0.0693,1.0122,-22.542,-12.4809,28.7634,0,0,0
-0.0542,-0.0964,1.0186,-21.9313,-20.2901,39.2595,0,0,0
-0.0161,-0.0586,1.0493,-24.8321,-15.5038,49.9618,0,0,0
-0.1104,-0.0527,0.9954,-26.4733,-13.313,53.3664,0,0,0
-0.1504,-0.0801,0.9673,-18.916,-15.1908,49.1527,0,0,0
-0.1494,-0.062,0.9814,-11.0,-15.4504,42.9847,0,0,0
-0.1274,-0.03,0.9985,-8.9618,-12.4046,40.1756,0,0,0
-0.1362,-0.0278,0.9963,-9.3817,-10.3053,39.4504,0,0,0
-0.1328,-0.0435,0.9819,-9.2901,-12.2901,37.9695,0,0,0
-0.1433,-0.0562,0.9736,-4.6718,-15.3206,33.2443,0,0,0
-0.1833,-0.0283,0.9812,-2.2901,-19.4275,29.1221,0,0,0
-0.1531,-0.0488,1.0283,-3.7481,-25.2595,20.4656,0,0,0
-0.1531,-0.0125,1.0483,-8.2595,-31.8855,18.3664,0,0,0
-0.1123,-0.0361,1.0918,-15.6031,-39.5344,15.2443,0,0,0
-0.1084,-0.0334,1.0842,-19.626,-41.7786,11.7481,0,0,0
-0.0854,-0.0615,1.0557,-20.626,-42.1145,9.5573,0,0,0
-0.0483,-0.106,1.0723,-16.374,-40.313,9.8702,0,0,0
-0.1021,-0.0537,1.0354,-13.1756,-41.6489,8.9237,0,0,0
-0.1328,-0.0664,0.9978,-11.4046,-55.542,4.542,0,0,0
-0.1028,-0.0278,0.9426,-8.855,-60.7863,-1.7557,0,0,0
-0.1057,-0.114,0.9724,-2.4504,-62.4504,-2.3435,0,0,0
0.0723,-0.1213,1.0098,4.8855,-46.2901,-1.6489,0,0,0
0.0552,-0.1345,1.0017,11.687,-32.2061,2.2672,0,0,0
0.0039,-0.1223,0.9656,20.8092,-25.8168,4.2901,0,0,0
-0.0186,-0.0991,0.9905,27.3817,-23.9084,4.5649,0,0,0
-0.0051,-0.0603,1.0291,27.084,-24.1985,7.1069,0,0,0
-0.0261,0.0022,0.9875,17.2977,-26.6183,14.2824,0,0,0
-0.1191,-0.0347,0.9102,3.7786,-53.3969,19.8702,0,0,0
-0.04,-0.0042,0.9341,2.2748,-70.7939,20.6641,0,0,0
0.0564,-0.0579,1.127,2.2672,-74.6565,17.6718,0,0,0
-0.0071,0.0007,1.1099,-1.7099,-53.3282,7.4046,0,0,0
-0.1157,0.0527,1.0276,-7.145,-41.3282,-11.5191,0,0,0
-0.0891,0.0383,0.9795,-5.3664,-43.6718,-33.3053,0,0,0
-0.0532,0.0166,0.9646,-2.4275,-49.7863,-45.9771,0,0,0
0.0801,-0.0613,1.0713,-4.7557,-47.7557,-46.5954,0,0,0
0.2788,-0.1379,1.116,-4.9771,-26.8168,-27.6412,0,0,0
0.2327,-0.1511,0.9858,-4.7252,-21.0687,-8.0,0,0,0
0.1614,-0.1355,0.9382,3.2748,-24.3969,2.2901,0,0,0
0.1226,-0.1094,0.9614,13.0534,-21.0076,0.3435,0,0,0
0.0847,-0.104,0.9641,22.1908,-21.0687,-8.2595,0,0,0
0.1279,-0.0979,0.9807,29.4122,-22.1145,-13.0076,0,0,0
0.1479,-0.0503,1.0007,36.1069,-19.2137,-8.8092,0,0,0
0.1084,-0.0115,1.0439,35.2748,-16.6412,-5.0382,0,0,0
0.0583,-0.0103,1.0481,33.5038,-17.5191,-9.6336,0,0,0
0.0911,0.032,1.0269,32.5573,-20.7634,-15.3282,0,0,0
0.1201,-0.0063,1.0439,32.0,-20.6412,-19.8931,0,0,0
0.1589,-0.0256,1.0476,33.6107,-15.8473,-23.7176,0,0,0
0.1873,-0.0388,1.04,36.4885,-7.1603,-25.9084,0,0,0
0.1941,-0.0525,1.0103,43.374,-0.0916,-27.8321,0,0,0
0.1455,-0.0024,0.9661,51.8397,1.8397,-26.0611,0,0,0
0.1077,0.0581,0.9802,52.4427,-2.855,-21.8244,0,0,0
0.1338,0.0813,1.0308,46.0611,-8.2137,-18.4427,0,0,0
0.1189,0.0735,1.0381,39.916,-9.2824,-16.2137,0,0,0
0.0889,0.0908,1.031,35.4733,-10.626,-19.2901,0,0,0
0.0916,0.1025,1.0659,29.3206,-12.5267,-23.2137,0,0,0
0.1228,0.1133,1.0916,21.0992,-10.4962,-27.145,0,0,0
0.1387,0.1028,1.0759,14.5344,-8.5038,-29.4427,0,0,0
0.1497,0.0732,1.041,12.687,-4.4427,-30.542,0,0,0
0.1543,0.0823,1.0042,14.0076,-0.8321,-31.1527,0,0,0
0.1382,0.0706,0.9761,17.1756,0.1145,-32.6031,0,0,0
0.1614,0.0559,0.9795,22.2443,1.8168,-33.7634,0,0,0
0.1582,0.0774,0.9805,26.5114,6.8779,-34.3664,0,0,0
0.1372,0.0962,1.0098,29.5191,9.1908,-33.8321,0,0,0
0.1453,0.0796,1.062,28.5573,12.0534,-33.1069,0,0,0
0.1934,0.1296,1.0708,23.6641,13.0611,-29.5573,0,0,0
0.1733,0.1458,1.0603,13.8626,14.9237,-20.0916,0,0,0
0.2058,0.1079,1.1035,11.4198,19.9389,-12.5115,0,0,0
0.126,0.125,1.0166,15.8321,20.9389,-15.313,0,0,0
0.1023,0.1201,1.0029,20.2824,22.9695,-22.8397,0,0,0
0.1145,0.1206,1.052,20.7023,30.3511,-31.0534,0,0,0
0.1367,0.1511,1.0178,21.2366,37.2748,-35.7634,0,0,0
0.1003,0.1287,0.9995,23.6107,39.7176,-37.0305,0,0,0
0.0786,0.1487,0.9922,26.5496,41.6489,-34.9008,0,0,0
0.0447,0.1746,1.0254,24.1908,38.4198,-33.3359,0,0,0
0.0186,0.2148,1.021,19.8855,33.6336,-34.4885,0,0,0
0.0146,0.1934,1.0388,16.374,30.8702,-34.9695,0,0,0
0.0164,0.2209,1.0349,9.8092,24.3893,-32.374,0,0,0
0.0454,0.2085,1.0469,1.855,16.1756,-25.0611,0,0,0
0.0481,0.1868,1.0234,-3.5725,10.3664,-17.7252,0,0,0
0.0664,0.1689,1.0166,-4.6565,9.0992,-14.542,0,0,0
0.0747,0.1592,1.0073,-2.7786,11.9847,-13.7557,0,0,0
0.0845,0.1494,1.0081,-0.3511,17.6489,-14.2214,0,0,0
0.0798,0.1421,1.0015,2.458,24.7099,-14.8092,0,0,0
0.0415,0.1375,0.9863,7.374,28.0992,-15.9924,0,0,0
0.0225,0.1602,0.9939,10.8092,29.8855,-17.7863,0,0,0
0.0437,0.1462,1.0251,14.1527,33.0229,-16.0153,0,0,0
-0.0669,0.2151,1.0161,11.8626,35.7634,-16.6183,0,0,0
-0.0999,0.2778,1.1113,-0.6641,34.7786,-28.6718,0,0,0
-0.0764,0.3389,1.1121,-19.4809,35.5344,-40.6107,0,0,0
-0.0427,0.2239,1.1096,-34.6565,38.5038,-46.4504,0,0,0
0.043,0.1777,1.0752,-42.3435,38.9847,-39.7176,0,0,0
0.0513,0.1428,1.0347,-43.2901,40.6718,-30.0534,0,0,0
0.0737,0.0811,1.002,-39.2748,43.4046,-17.5573,0,0,0
0.02,0.1052,0.9939,-33.3893,45.7176,-7.0611,0,0,0
0.0393,0.0728,1.0378,-33.7099,52.6794,4.1603,0,0,0
-0.0557,0.1235,1.0134,-34.6489,54.1145,8.0305,0,0,0
-0.0945,0.1411,0.9927,-34.8626,55.5038,11.0763,0,0,0
-0.1113,0.1243,0.9714,-32.5267,50.2595,12.7252,0,0,0
-0.0857,0.1394,0.98,-35.7634,46.374,16.5038,0,0,0
-0.0991,0.1018,1.0039,-37.5725,43.1221,20.626,0,0,0
-0.1235,0.0781,0.9851,-36.916,35.9466,24.5038,0,0,0
-0.1667,0.0894,1.0105,-35.2214,25.2901,27.3511,0,0,0
-0.1443,0.0999,1.0261,-34.771,19.374,24.2748,0,0,0
-0.1528,0.0674,1.0154,-31.9847,19.2443,23.0534,0,0,0
-0.1804,0.104,0.9915,-29.9924,16.2595,22.3206,0,0,0
-0.1665,0.0735,0.9932,-32.1527,11.855,24.458,0,0,0
-0.1423,0.0745,0.9795,-32.8397,6.2443,33.1832,0,0,0
-0.1318,0.0918,0.9802,-40.0076,0.5267,41.1603,0,0,0
-0.095,0.0605,1.0022,-41.0076,-1.0076,44.7634,0,0,0
-0.1179,0.0723,0.9719,-35.9313,-0.6794,41.7863,0,0,0
-0.1602,0.0195,0.9756,-29.0916,1.1298,35.5573,0,0,0
-0.2014,0.0481,0.9719,-24.7405,-3.9466,34.9389,0,0,0
-0.1348,0.0493,1.0337,-25.9542,-8.8702,33.7176,0,0,0
-0.1511,0.0737,1.0491,-30.1832,-10.8244,34.6565,0,0,0
-0.1169,0.0562,1.0908,-34.0916,-13.8702,34.9313,0,0,0
-0.1157,0.0217,1.093,-34.542,-8.6794,28.0534,0,0,0
-0.1782,0.0405,1.0278,-34.3969,-7.5725,21.229,0,0,0
-0.1758,0.0437,1.0154,-35.9389,-13.3817,19.9771,0,0,0
-0.1252,0.0522,1.0093,-36.9008,-18.2366,19.5496,0,0,0
-0.106,0.0347,1.0137,-38.3435,-19.1527,22.0458,0,0,0
-0.0732,0.0085,1.0291,-38.9695,-14.5649,18.374,0,0,0
-0.104,-0.0332,1.0005,-34.6794,-10.6412,13.4733,0,0,0
-0.1262,-0.0327,0.981,-27.9237,-10.5496,8.3435,0,0,0
-0.1238,-0.0239,0.988,-23.1679,-13.2366,4.3817,0,0,0
-0.1128,-0.0347,0.9824,-20.0458,-17.2824,1.1985,0,0,0
-0.1345,-0.0195,0.9736,-17.0687,-23.5878,-0.8321,0,0,0
-0.1296,-0.0225,1.0005,-15.9389,-31.2366,-4.0382,0,0,0
-0.1506,0.0173,0.999,-17.3511,-40.1069,-7.1374,0,0,0
-0.1204,-0.0405,1.0422,-18.0687,-49.1298,-9.2977,0,0,0
-0.0886,-0.0386,1.0435,-18.4122,-58.8626,-10.3969,0,0,0
-0.0432,-0.0212,1.0391,-21.0153,-70.5191,-4.0153,0,0,0
0.0254,-0.0251,1.0823,-25.2595,-71.0916,4.0153,0,0,0
0.071,-0.0632,1.0796,-27.9618,-61.771,8.3664,0,0,0
0.0356,-0.0708,1.0161,-26.5038,-50.4809,12.9466,0,0,0
-0.0264,-0.0574,0.9844,-24.0153,-45.4504,13.3588,0,0,0
-0.0222,-0.0884,0.9929,-19.6031,-47.626,9.0458,0,0,0
0.0059,-0.0774,0.9768,-13.9389,-48.5878,5.771,0,0,0
0.0198,-0.0784,0.949,-8.1069,-51.5267,7.9847,0,0,0
0.0847,-0.1096,1.0046,0.6718,-46.6947,9.9924,0,0,0
0.104,-0.0896,1.0483,3.8779,-25.8244,11.2595,0,0,0
0.022,-0.084,1.0103,6.855,-21.0687,10.0534,0,0,0
0.0303,-0.0759,1.0059,9.6336,-26.1221,8.8321,0,0,0
0.0447,-0.0769,1.0293,11.8473,-28.8626,9.1679,0,0,0
0.0405,-0.0796,1.041,13.1756,-29.8855,9.3282,0,0,0
0.0388,-0.0364,1.084,9.3893,-24.6718,6.8168,0,0,0
0.0627,-0.0378,1.1101,4.0611,-17.5802,1.855,0,0,0
0.075,-0.0645,1.0706,1.7939,-10.8397,-1.1145,0,0,0
0.0645,-0.0747,1.0386,5.8397,-5.4885,-3.5115,0,0,0
0.0806,-0.0793,1.0093,12.1298,1.1679,-7.2672,0,0,0
0.0786,-0.0728,0.9961,19.458,8.3511,-12.3206,0,0,0
0.0906,-0.0896,1.002,28.2977,17.7939,-18.0458,0,0,0
0.1013,-0.0933,0.9963,38.1603,29.1603,-23.1756,0,0,0
0.0801,-0.0701,0.9973,47.5725,39.3359,-25.2672,0,0,0
0.04,-0.0183,1.0071,52.8473,44.5496,-25.1374,0,0,0
-0.0051,0.0532,1.0198,50.4885,42.4427,-23.2443,0,0,0
-0.0146,0.053,1.0474,43.0916,34.6031,-20.2672,0,0,0
0.0151,0.042,1.0835,33.6641,32.0076,-19.4962,0,0,0
0.0322,0.0139,1.0754,28.458,32.9924,-19.4275,0,0,0
0.0181,0.0125,1.0642,29.0687,36.313,-20.8626,0,0,0
-0.0054,0.0186,1.0503,30.7328,39.0611,-21.855,0,0,0
-0.0515,0.0754,1.0212,28.855,34.6412,-19.4351,0,0,0
-0.0149,0.0764,1.033,23.0534,28.3053,-18.7176,0,0,0
-0.0232,0.0,1.0178,20.5114,23.8015,-18.2366,0,0,0
0.0515,0.0095,1.0037,21.3664,20.145,-14.8473,0,0,0
0.0273,0.0168,1.0078,22.9542,17.1908,-9.2519,0,0,0
-0.0471,0.0576,1.0002,22.7634,16.6641,-4.1985,0,0,0
-0.0305,0.1145,0.9956,16.1603,14.2595,0.4962,0,0,0
-0.0781,0.0786,0.9929,13.3206,11.6718,-0.1832,0,0,0
-0.1082,0.1001,0.9482,14.2366,7.1985,-2.1145,0,0,0
-0.0217,0.0225,1.0339,18.9924,9.9618,-4.2519,0,0,0
0.0432,0.0723,1.0874,24.2443,15.2977,-0.0763,0,0,0
-0.2878,0.135,0.9292,24.8626,-4.4122,-1.8855,0,0,0
-0.0022,0.1902,1.0352,17.6718,-40.8702,4.7023,0,0,0
0.1162,0.0234,1.1875,4.2519,-21.4351,14.5725,0,0,0
-0.0085,0.0688,1.0872,1.9389,-7.4198,11.1832,0,0,0
-0.1348,0.1677,1.0422,-1.1985,-7.5649,0.6794,0,0,0
-0.0845,0.1465,1.0562,-7.3282,-15.1069,-6.2595,0,0,0
-0.0647,0.1187,1.0425,-9.4733,-19.2214,-13.8092,0,0,0
-0.009,0.0823,0.9805,-7.9008,-14.7786,-12.5267,0,0,0
0.0,0.0713,0.9819,-5.8244,-16.2672,-9.5954,0,0,0
-0.0383,0.0603,0.9336,1.6107,-17.1832,-7.4122,0,0,0
-0.0134,0.0781,0.9314,13.3053,-13.542,-7.1908,0,0,0
-0.0681,0.1194,0.9561,22.7863,-8.9313,-13.2672,0,0,0
-0.1121,0.1819,0.9812,25.9084,-18.3359,-17.3893,0,0,0
-0.0437,0.1516,1.0449,22.6565,-29.1298,-21.9924,0,0,0
-0.0256,0.1604,1.054,21.0382,-39.2061,-24.458,0,0,0
0.0569,0.1218,1.0913,22.9389,-41.9389,-21.9237,0,0,0
0.1091,0.1313,1.0889,24.5725,-27.1985,-17.3817,0,0,0
0.0671,0.0996,1.0322,30.5344,-10.2214,-17.8397,0,0,0
-0.0239,0.1443,0.9556,38.1603,1.4809,-27.3969,0,0,0
-0.1021,0.2163,0.9243,40.145,2.1679,-46.6794,0,0,0
-0.0576,0.2219,0.9619,34.2748,-5.4962,-63.3588,0,0,0
-0.0151,0.198,0.9771,28.0382,-5.7863,-68.8931,0,0,0
-0.0129,0.144,0.9465,30.1832,-7.1298,-65.8702,0,0,0
-0.0503,0.228,0.9697,32.7023,-4.2901,-69.0916,0,0,0
-0.1011,0.2905,0.9858,29.4733,-6.8092,-80.4504,0,0,0
-0.1392,0.27,1.0132,16.2366,-19.5573,-87.4657,0,0,0
-0.0461,0.24,1.0217,6.2672,-28.8168,-91.4657,0,0,0
-0.0198,0.2278,0.9448,0.4809,-42.4885,-87.1679,0,0,0
0.04,0.1597,0.8669,-4.2137,-75.6565,-76.9847,0,0,0
0.3196,0.043,1.1111,-2.9237,-68.3893,-44.8626,0,0,0
0.0254,0.1865,1.042,-5.8015,-43.2824,-49.7557,0,0,0
-0.072,0.1711,0.9587,-2.2519,-52.0458,-65.4886,0,0,0
0.114,0.1592,0.9607,1.2977,-52.9237,-64.1374,0,0,0
0.0564,0.2187,1.0564,-11.6718,-44.229,-57.313,0,0,0
0.1575,0.1604,1.021,-21.7405,-46.2672,-52.8015,0,0,0
0.2183,0.073,1.0454,-22.8015,-41.4275,-41.9084,0,0,0
0.1501,0.116,0.9819,-23.145,-31.3511,-32.5573,0,0,0
0.0872,0.073,0.9507,-17.1527,-27.6183,-29.9771,0,0,0
0.1965,0.0718,1.1035,-12.1374,-8.4504,-28.2137,0,0,0
0.2229,0.054,1.085,-11.5038,12.6031,-26.8321,0,0,0
0.1785,0.1406,0.9761,-9.5954,28.4733,-28.1527,0,0,0
0.1155,0.094,0.9709,-2.3511,22.2214,-24.6794,0,0,0
0.1951,0.0283,1.1458,-0.6031,12.542,-18.4275,0,0,0
-0.0012,0.1191,1.1152,-3.7099,-5.4046,-10.0992,0,0,0
0.0422,0.2427,1.2375,-23.4962,-24.4656,2.9466,0,0,0
0.1987,0.1958,1.2136,-47.1374,-29.7786,7.6183,0,0,0
0.2324,0.0129,1.0591,-49.2748,-19.4198,15.0687,0,0,0
0.1875,0.0166,0.9687,-36.7786,-9.2672,21.8244,0,0,0
0.1541,0.0493,0.9531,-24.4275,-0.4962,22.6565,0,0,0
0.115,0.0754,1.0007,-16.1527,9.6183,21.4198,0,0,0
0.0337,0.1145,1.0334,-12.771,12.916,16.6489,0,0,0
0.0605,0.1221,1.0496,-11.3893,17.1908,11.6336,0,0,0
0.0439,0.1526,1.0439,-12.2672,22.5344,6.6641,0,0,0
0.0139,0.1025,0.9797,-10.2519,22.687,2.0,0,0,0
0.0659,0.1003,1.0315,-10.2977,21.8397,2.3588,0,0,0
0.0503,0.1221,0.9758,-10.9313,12.1374,5.2061,0,0,0
0.0142,0.1133,0.95,-10.8626,8.9618,7.6794,0,0,0
0.0059,0.0801,1.0063,-8.6107,10.9389,5.2748,0,0,0
0.0632,0.1196,1.0371,-6.2672,1.1145,6.542,0,0,0
0.0688,0.1521,1.0564,-12.7328,2.9466,8.1985,0,0,0
-0.0076,0.1501,1.0137,-15.8855,4.6336,6.8092,0,0,0
0.1614,0.124,1.0845,-15.5954,12.9313,7.1527,0,0,0
0.0732,0.1238,1.0266,-14.1298,22.4427,3.3817,0,0,0
0.134,0.0728,1.01,-7.4351,17.6412,4.3969,0,0,0
0.0916,0.0608,0.9651,-2.313,14.8015,6.4809,0,0,0
0.1121,0.1016,1.0117,-1.3359,9.9695,13.0763,0,0,0
0.0754,0.1177,1.0615,-7.7099,9.9466,16.3435,0,0,0
0.0552,0.0911,1.0173,-10.0382,6.3511,17.4427,0,0,0
0.0625,0.1086,1.0254,-8.6031,7.4733,18.2672,0,0,0
0.0291,0.1045,1.0415,-8.7863,8.4962,14.7023,0,0,0
0.0325,0.1157,1.0261,-9.3206,8.5649,11.916,0,0,0
0.0376,0.1013,1.0154,-9.6794,8.4275,10.7481,0,0,0
0.0273,0.092,0.988,-8.3282,5.8015,10.9695,0,0,0
0.0662,0.0642,1.0525,-3.771,12.0076,7.8855,0,0,0
-0.0027,0.1096,1.0344,-3.8779,13.1832,1.3969,0,0,0
0.0042,0.1074,0.9973,-3.5573,12.8473,-0.7405,0,0,0
0.019,0.1328,1.0291,-6.2519,6.0611,2.3893,0,0,0
0.0676,0.0808,1.0623,-9.8473,6.542,4.3206,0,0,0
0.0562,0.053,1.0403,-6.313,11.2748,5.9313,0,0,0
0.0552,0.1008,1.0127,-6.5725,7.6794,6.5649,0,0,0
0.0947,0.0244,1.0981,3.2519,19.6031,5.626,0,0,0
0.2192,0.0425,1.123,-1.7786,29.9847,9.5573,0,0,0
-0.021,0.0117,0.9768,-3.0992,59.0076,12.4962,0,0,0
-0.0891,0.0493,0.929,10.3664,49.9618,5.1221,0,0,0
0.0701,0.0618,1.0496,7.5267,50.5802,11.0382,0,0,0
0.0144,0.0537,1.0859,1.2366,53.4962,11.0229,0,0,0
0.0188,0.0776,1.072,-2.1069,49.7023,12.4046,0,0,0
0.0164,0.0471,1.053,-2.7863,49.6565,13.458,0,0,0
0.0176,0.0325,1.032,-1.3435,60.374,14.0611,0,0,0
0.0098,0.0398,1.0029,1.3664,73.3511,21.5802,0,0,0
-0.0527,0.0681,0.9709,7.1603,74.313,20.1603,0,0,0
-0.1416,0.1106,0.9597,6.3435,64.5725,15.8931,0,0,0
-0.1296,0.1362,0.9844,4.8855,53.9466,13.5878,0,0,0
-0.2422,0.1692,0.9902,-2.4198,39.9084,9.9466,0,0,0
-0.2617,0.1479,0.9963,-14.8702,29.6412,-1.2366,0,0,0
-0.229,0.1174,0.957,-21.8473,6.8855,-7.1069,0,0,0
-0.0889,0.0337,0.9749,-21.2443,-4.8473,0.5878,0,0,0
-0.1016,0.0471,0.9529,-14.4809,-6.771,8.3206,0,0,0
-0.1626,0.0505,0.9634,-11.9313,-2.4427,6.3511,0,0,0
-0.2134,0.0957,0.9919,-9.9313,-0.1756,-1.9695,0,0,0
-0.1853,0.1223,1.0535,-14.0153,-2.9008,-8.9695,0,0,0
-0.1213,0.0488,1.0808,-21.3053,-10.4275,-7.2672,0,0,0
-0.0742,0.0701,1.0483,-24.2366,-14.2977,-3.4351,0,0,0
-0.032,0.0295,1.0342,-21.9237,-12.4122,3.8168,0,0,0
-0.0874,0.0491,1.0037,-19.6031,-5.8855,5.3664,0,0,0
-0.1321,0.0562,0.99,-17.229,-3.8092,1.542,0,0,0
-0.0759,0.0215,0.9949,-13.1832,0.7786,0.4046,0,0,0
-0.0764,0.0183,0.9851,-6.7786,4.7176,2.5115,0,0,0
-0.1353,0.0449,0.9419,-2.4809,-9.2977,2.2824,0,0,0
-0.0225,-0.0034,1.052,1.2214,-9.0458,14.2443,0,0,0
-0.0776,0.0806,1.0615,-0.7099,3.2366,18.145,0,0,0
-0.1853,0.0747,1.001,-2.7634,1.4885,7.9008,0,0,0
-0.1494,0.0806,1.0044,-0.7252,-6.3511,4.9466,0,0,0
-0.0916,0.0708,1.0588,-4.145,-10.313,6.855,0,0,0
-0.0913,0.074,1.0432,-8.145,-11.6489,12.3969,0,0,0
-0.1096,0.0771,1.0425,-11.5954,-12.0382,15.374,0,0,0
-0.1177,0.0627,1.0652,-16.6031,-12.3282,12.8168,0,0,0
-0.0737,0.0391,1.0566,-19.5038,-16.145,12.8855,0,0,0
-0.0217,0.0205,1.0581,-20.2672,-14.4733,18.8092,0,0,0
-0.0212,0.0103,1.012,-18.2672,-9.6947,23.7481,0,0,0
-0.0535,0.0203,0.9597,-16.0534,-6.2748,29.374,0,0,0
-0.0225,-0.002,0.9807,-12.1527,-7.6336,37.5954,0,0,0
-0.0044,-0.0027,1.0059,-11.5725,-4.5878,44.9466,0,0,0
0.0046,0.0168,1.0339,-12.3969,-0.8321,52.1145,0,0,0
-0.009,0.0527,1.0334,-17.626,4.3664,57.1527,0,0,0
-0.1038,0.0718,1.0005,-20.0992,0.5954,60.8855,0,0,0
-0.1086,0.0344,0.9897,-13.8244,-8.0076,58.9466,0,0,0
-0.0791,0.0063,1.0103,-8.4122,-8.2977,57.0305,0,0,0
-0.0525,-0.0061,1.0427,-3.3282,-1.4046,57.2214,0,0,0
-0.1528,0.1052,1.0391,-4.8473,3.0458,53.2977,0,0,0
-0.2205,0.1157,1.0381,-11.4733,0.5573,39.2824,0,0,0
-0.1616,0.0745,1.0183,-13.687,-5.3664,28.9618,0,0,0
-0.0852,0.0186,1.0334,-11.8473,-4.8244,25.0076,0,0,0
-0.0859,0.0203,1.0002,-8.145,-3.9771,23.5725,0,0,0
-0.0735,0.0393,1.0142,-7.1756,-3.2061,23.5114,0,0,0
-0.063,0.02,1.0249,-6.3435,-1.8397,23.3206,0,0,0
-0.0911,0.0129,1.0022,-7.4427,-3.5267,24.3664,0,0,0
-0.0681,0.0115,1.0447,-7.1603,-3.5725,22.0458,0,0,0
-0.0828,0.0408,1.0359,-7.542,-3.1832,21.3359,0,0,0
-0.1079,0.0649,1.0334,-10.4733,-4.7863,19.5038,0,0,0
-0.1147,0.0266,1.0293,-13.0763,-5.9389,11.9618,0,0,0
-0.0728,-0.0027,1.0051,-9.9695,-5.4275,6.0992,0,0,0
-0.0491,-0.0203,1.0078,-5.2901,-2.3511,2.6489,0,0,0
-0.0293,-0.0073,1.0039,-1.1908,0.458,2.542,0,0,0
-0.0354,0.0217,1.0088,-0.687,1.2824,6.8473,0,0,0
-0.0405,-0.002,1.0496,-1.5344,1.5954,10.4809,0,0,0
-0.0654,0.0288,1.0237,-2.8397,0.145,11.0992,0,0,0
-0.0613,-0.0083,1.0347,-2.1985,-1.5878,10.9847,0,0,0
-0.0447,0.0083,1.0291,-0.7634,0.0992,10.8626,0,0,0
-0.0696,0.0103,1.0398,-0.1679,3.2901,9.7405,0,0,0
-0.0964,0.031,1.0413,0.084,3.855,6.0687,0,0,0
-0.1062,0.0427,1.0566,-2.5802,2.542,3.1679,0,0,0
-0.0986,0.0464,1.0557,-6.1374,0.4275,0.2519,0,0,0
-0.0901,0.0371,1.0344,-7.2672,-0.3969,-0.6183,0,0,0
-0.0974,0.0442,1.0164,-6.771,-1.4885,-0.8092,0,0,0
-0.1072,0.0386,1.0098,-7.2977,-3.0153,-2.855,0,0,0
-0.082,0.0071,1.0105,-6.5878,-3.084,-8.3206,0,0,0
-0.052,0.0005,0.9983,-1.3664,-2.4198,-9.6489,0,0,0
-0.0391,-0.0085,1.0066,2.6641,-0.2824,-11.3817,0,0,0
-0.0439,-0.022,0.9941,7.5115,3.3664,-13.8321,0,0,0
-0.0405,-0.0386,1.0017,15.2977,6.7328,-18.0153,0,0,0
-0.0261,-0.0032,1.0444,23.6412,13.5191,-24.6183,0,0,0
-0.0562,0.0029,1.033,24.771,15.9618,-29.5802,0,0,0
-0.0527,0.0068,1.0212,27.9542,17.8244,-32.2214,0,0,0
-0.0586,0.0291,1.0181,32.0916,20.458,-32.7634,0,0,0
-0.1326,0.1128,1.0298,27.1985,14.2901,-26.916,0,0,0
-0.1208,0.0981,1.0684,15.6947,8.3053,-25.2824,0,0,0
-0.1013,0.0417,1.0332,10.8168,7.5649,-26.8015,0,0,0
-0.0964,0.0193,0.9785,14.8473,6.4198,-28.0076,0,0,0
-0.0151,-0.0276,0.9687,22.6107,-24.0382,-30.5267,0,0,0
0.0432,0.0098,0.967,31.5496,-6.9542,-16.8321,0,0,0
-0.0627,0.0269,0.9949,32.3206,13.3588,-12.7023,0,0,0
-0.1428,0.0215,1.0127,37.3588,23.2214,-24.5344,0,0,0
-0.1086,0.0908,1.0681,41.6489,28.3282,-37.2137,0,0,0
-0.1262,0.1111,1.0483,38.1679,29.0,-39.8473,0,0,0
-0.1497,0.1506,1.0623,29.2137,17.3282,-28.9237,0,0,0
-0.127,0.157,1.0962,14.9618,8.3282,-17.4733,0,0,0
-0.1685,0.1438,1.0784,3.7939,3.7252,-14.6183,0,0,0
-0.1675,0.1187,1.0151,1.1069,-3.3969,-16.7176,0,0,0
-0.0886,0.0745,1.0271,1.5267,-8.5496,-14.6565,0,0,0
-0.0566,0.074,1.0066,2.4351,-3.6718,-12.0687,0,0,0
-0.0945,0.0364,0.9504,6.8397,-7.1679,-13.0992,0,0,0
-0.0828,0.0459,0.9604,14.313,-0.8855,-11.6718,0,0,0
-0.0894,0.0925,1.0105,17.6565,3.6183,-9.2366,0,0,0
-0.1753,0.1335,1.0366,13.542,7.9008,-11.6412,0,0,0
-0.2087,0.1658,1.0398,6.0687,2.3893,-16.6031,0,0,0
-0.1604,0.1362,1.0591,-0.6412,-4.3206,-20.3053,0,0,0
-0.1709,0.1497,1.0349,-4.2061,-9.0,-23.5191,0,0,0
-0.0374,0.0876,1.0461,-2.9389,-11.9771,-24.6489,0,0,0
-0.0769,0.0779,0.9973,-3.6183,-6.5802,-14.6183,0,0,0
-0.1135,0.1067,0.9995,-2.8626,-9.1985,-14.1679,0,0,0
-0.0803,0.082,1.0164,-2.626,-6.6031,-12.9924,0,0,0
-0.1519,0.0837,1.0093,0.1679,-6.7481,-15.3664,0,0,0
-0.1301,0.1243,1.0464,-1.3206,-17.542,-22.2519,0,0,0
-0.0264,0.1184,1.0244,-6.8321,-9.1298,-12.6565,0,0,0
-0.0906,0.0615,1.0066,-5.4275,-6.626,-6.5878,0,0,0
-0.1008,0.0933,0.9915,-2.5038,-9.5267,-3.313,0,0,0
-0.0891,0.1047,1.0237,-3.4275,-10.6947,-1.2519,0,0,0
-0.1206,0.1133,1.0239,-5.4962,-9.2901,-0.0992,0,0,0
-0.1826,0.1738,1.0496,-11.5725,-12.4046,-3.1221,0,0,0
-0.136,0.1377,1.0723,-19.1145,-16.2214,-7.855,0,0,0
-0.0928,0.1033,1.0305,-20.6412,-19.2977,-6.1603,0,0,0
-0.0735,0.0837,1.0098,-18.9847,-22.1069,-0.4733,0,0,0
-0.0647,0.082,1.0049,-19.1374,-23.7634,3.6641,0,0,0
-0.0679,0.0811,1.0273,-18.3435,-21.5191,6.1603,0,0,0
-0.0889,-0.0374,1.188,-29.7405,-61.3664,-10.1069,0,0,0
0.0378,0.1467,1.1816,-26.9695,-34.1374,-8.2748,0,0,0
-0.1624,0.0576,1.0947,-30.2443,-55.8244,-8.0763,0,0,0
-0.1013,0.1392,1.1069,-44.2595,-57.1069,-13.6031,0,0,0
0.0298,0.0212,1.052,-43.0916,-53.5038,-15.7557,0,0,0
0.0566,0.0261,0.9702,-34.3664,-43.855,-12.1603,0,0,0
0.009,0.0071,0.9629,-27.5038,-35.8931,-11.3053,0,0,0
0.031,-0.0017,0.9441,-19.2672,-24.3893,-11.9695,0,0,0
0.0422,-0.0471,0.9417,-6.0611,-11.5649,-13.4275,0,0,0
0.0374,-0.0178,0.9729,5.0153,-1.8168,-12.8473,0,0,0
0.0215,0.0283,1.0176,8.1832,1.0382,-10.9084,0,0,0
-0.0066,0.0344,1.0361,7.5496,0.6947,-11.0763,0,0,0
-0.0154,0.0356,1.0476,7.6107,-2.855,-11.5496,0,0,0
-0.019,0.0623,1.0774,6.313,-5.2748,-13.458,0,0,0
0.0059,0.0693,1.0698,1.313,-1.8397,-12.313,0,0,0
-0.0247,0.0833,1.0806,-1.0992,-11.7481,-12.3588,0,0,0
0.0117,0.0764,1.0757,-5.5954,-7.6718,-12.2977,0,0,0
-0.0305,0.032,0.9868,-4.771,-6.4809,-14.8321,0,0,0
-0.0159,0.0054,0.9902,3.6107,-13.4122,-17.0611,0,0,0
-0.0525,0.0537,0.9675,3.6031,-14.5649,-17.2366,0,0,0
0.042,0.0525,1.0435,0.6641,-19.1145,-15.9313,0,0,0
0.0044,0.0166,0.9863,2.313,-24.2366,-16.1069,0,0,0
-0.0273,0.0288,0.9797,5.1832,-32.9924,-18.1298,0,0,0
0.1038,0.0288,1.0723,4.8702,-29.7328,-10.542,0,0,0
-0.0105,0.031,0.9497,3.2672,-23.626,-13.3969,0,0,0
0.1294,0.0071,1.0437,9.0458,-6.7863,-10.0153,0,0,0
0.0962,0.0061,1.0393,13.8168,4.3969,-4.8626,0,0,0
0.0403,0.0088,1.0134,15.7939,13.1069,-5.1298,0,0,0
0.0308,0.0488,1.0112,16.6107,16.5191,-6.6336,0,0,0
0.0076,0.0571,1.0068,19.1145,18.2443,-8.3053,0,0,0
-0.0227,0.0771,1.0295,16.9771,15.0305,-11.9008,0,0,0
0.0085,0.0771,1.0464,15.3969,13.3053,-10.0763,0,0,0
0.0066,0.0815,1.0691,12.3664,13.0153,-8.3511,0,0,0
-0.0042,0.0911,1.0615,7.6031,13.7405,-6.916,0,0,0
-0.0044,0.0935,1.0461,4.6183,14.7786,-6.8321,0,0,0
-0.0027,0.075,1.0256,3.4198,17.7023,-6.9924,0,0,0
-0.0015,0.0737,1.0095,4.5725,23.5496,-7.5649,0,0,0
-0.0356,0.0867,0.9797,6.4656,27.4809,-10.9084,0,0,0
-0.0652,0.0867,0.9597,8.8779,28.0153,-16.8702,0,0,0
-0.0332,0.0752,0.9761,12.0458,26.7481,-21.7176,0,0,0
-0.0254,0.0925,1.0132,12.1603,25.8473,-23.3588,0,0,0
-0.0342,0.0808,1.0244,11.4885,24.855,-29.8702,0,0,0
0.0083,0.0334,1.0212,13.6183,29.3969,-29.6031,0,0,0
-0.0076,0.0469,1.0347,17.3359,28.9237,-21.9618,0,0,0
-0.0681,0.1252,1.0596,14.084,23.3969,-16.5878,0,0,0
-0.0925,0.1279,1.0754,3.6641,9.6565,-16.1985,0,0,0
-0.0513,0.1182,1.0574,-1.2672,3.5725,-10.0229,0,0,0
-0.04,0.1013,1.052,-2.0916,2.1374,-6.3206,0,0,0
-0.0493,0.1116,1.0334,-2.8092,2.7176,-6.3969,0,0,0
-0.0649,0.1104,1.0022,-1.687,1.2137,-5.542,0,0,0
-0.0728,0.1052,1.0098,-1.5649,0.2443,-4.6794,0,0,0
-0.0898,0.1089,0.9956,0.2214,-0.5649,-5.8702,0,0,0
-0.0972,0.1108,1.0044,1.3435,-3.1679,-8.1756,0,0,0
-0.0801,0.1272,1.0015,0.3206,-4.7176,-11.8321,0,0,0
-0.0588,0.1155,1.0129,0.9542,-4.0992,-13.4504,0,0,0
-0.0776,0.0952,1.0354,-1.4427,-5.7557,-11.1298,0,0,0
-0.0295,0.1021,1.0586,-3.7557,-7.5496,-7.313,0,0,0
-0.0283,0.0903,1.0381,-4.9237,-7.2366,-4.0992,0,0,0
-0.0205,0.0901,1.021,-3.8779,-6.9237,-1.1908,0,0,0
-0.0125,0.0986,1.0205,-3.5344,-7.1298,-0.4962,0,0,0
-0.0444,0.0872,0.9949,-2.0992,-4.6183,-0.145,0,0,0
-0.0662,0.0894,1.0093,-0.5038,-2.5115,-2.0,0,0,0
-0.0652,0.1011,1.0132,-0.4351,-1.5573,-4.771,0,0,0
-0.0466,0.094,1.0122,0.0458,-0.9695,-4.7328,0,0,0
-0.033,0.0874,1.0146,1.2214,0.2748,-3.8092,0,0,0
-0.054,0.1013,1.0332,1.5573,0.0382,-0.8092,0,0,0
-0.041,0.1069,1.0457,-0.4275,-0.6183,-0.2824,0,0,0
-0.0425,0.1018,1.033,-1.1603,-0.4809,0.8397,0,0,0
-0.0662,0.1025,1.0354,-1.3053,-1.2748,2.542,0,0,0
-0.0952,0.1372,1.0605,-5.6336,-3.6183,-1.4122,0,0,0
-0.0886,0.1155,1.0332,-9.3588,-5.1832,-3.5878,0,0,0
-0.0403,0.0857,1.02,-8.771,-6.8244,-2.4275,0,0,0
-0.0137,0.0798,1.0222,-7.3511,-4.9924,-0.8931,0,0,0
-0.0222,0.0762,0.9968,-5.6489,-1.9847,0.7405,0,0,0
-0.0754,0.0959,0.9998,-4.5954,-4.0992,5.0153,0,0,0
-0.0684,0.1125,1.0732,-7.6641,-9.3282,4.8092,0,0,0
-0.072,0.1321,1.0952,-14.5038,-9.1298,-0.313,0,0,0
-0.064,0.1233,1.083,-18.0382,-7.6107,-4.8015,0,0,0
-0.0012,0.0752,1.0693,-21.5496,-8.6031,-4.6183,0,0,0
0.0344,0.0444,1.0134,-22.5954,-14.4198,9.2137,0,0,0
0.0557,0.022,1.0083,-19.687,-20.8473,18.2595,0,0,0
0.0508,0.0305,0.9897,-14.4962,-18.9237,22.0916,0,0,0
0.0713,0.0364,0.9983,-7.3206,-14.7023,22.8855,0,0,0
-0.0085,0.0474,0.9448,1.3053,-10.7023,16.6031,0,0,0
-0.033,0.0415,0.9451,10.7328,-5.7023,12.1756,0,0,0
-0.0608,0.0691,0.9814,15.3511,-1.084,6.7099,0,0,0
-0.0796,0.1184,1.042,14.9237,2.1832,-1.3435,0,0,0
-0.0623,0.1245,1.074,11.4427,4.7023,-9.9084,0,0,0
-0.012,0.0923,1.0776,7.9695,4.3282,-11.3969,0,0,0
0.0098,0.0955,1.0422,7.5878,6.0687,-11.1069,0,0,0
-0.0105,0.0928,1.011,8.7481,7.2366,-11.9695,0,0,0
-0.0237,0.0916,1.0205,10.5496,10.8779,-11.8702,0,0,0
-0.0618,0.1135,1.0278,9.9466,12.5038,-13.5038,0,0,0
-0.0581,0.1143,1.0259,7.7634,9.9313,-11.9237,0,0,0
-0.0608,0.1228,1.0366,5.1145,5.5496,-8.2519,0,0,0
-0.0422,0.1079,1.0249,1.8626,1.2595,-5.7557,0,0,0
-0.0347,0.1033,1.0198,1.8015,-0.1374,-4.5267,0,0,0
-0.0237,0.0996,1.0076,2.9466,-0.2824,-8.2137,0,0,0
-0.0166,0.0776,1.0037,6.3435,2.0229,-11.1069,0,0,0
-0.0413,0.1079,1.0042,7.5649,4.374,-12.1756,0,0,0
-0.0588,0.1082,1.0334,6.6412,2.6641,-12.0534,0,0,0
-0.0579,0.1174,1.0571,3.771,0.7023,-11.2443,0,0,0
-0.1213,0.1206,1.0146,2.6565,-3.4504,-19.0229,0,0,0
-0.0186,0.103,1.0237,3.1527,1.0763,-24.3588,0,0,0
-0.0083,0.0732,1.0134,7.4962,1.8473,-20.3282,0,0,0
-0.1067,0.0708,0.9412,12.7634,-4.2366,-25.3359,0,0,0
0.0071,0.1462,0.9749,14.7176,-17.2748,-27.5725,0,0,0
0.0381,0.0859,1.0508,16.1069,-12.145,-15.7252,0,0,0
-0.0273,0.1194,1.1062,14.6183,-7.9771,-11.916,0,0,0
-0.0696,0.1702,1.0686,11.6794,-7.9466,-17.0153,0,0,0
0.0022,0.1582,1.0845,11.2137,-7.9847,-27.3664,0,0,0
-0.0769,0.1213,1.0286,8.916,-6.7023,-22.313,0,0,0
-0.0784,0.1526,1.0232,5.1527,-9.1069,-21.9466,0,0,0
-0.0469,0.1255,0.9785,5.4427,-14.1527,-20.3282,0,0,0
-0.0178,0.1389,0.9922,7.4733,-14.8626,-18.374,0,0,0
-0.009,0.1177,0.99,8.8397,-14.3282,-17.4046,0,0,0
-0.001,0.1033,0.9973,12.1679,-7.6031,-16.1679,0,0,0
-0.041,0.1614,1.0337,9.771,-4.687,-18.0458,0,0,0
-0.0574,0.1697,1.0288,8.7099,-7.1527,-22.4733,0,0,0
0.0105,0.1086,1.0759,8.9618,-9.3359,-25.6412,0,0,0
0.0398,0.1416,1.1035,4.6947,-4.0305,-20.8779,0,0,0
-0.0449,0.156,1.0024,5.1908,-5.145,-25.5038,0,0,0
0.0134,0.1345,0.9958,8.8702,-0.4656,-26.9313,0,0,0
-0.0188,0.1658,1.0034,11.9237,-2.1832,-30.1908,0,0,0
-0.0208,0.1228,1.0437,9.6412,-0.1145,-26.2595,0,0,0
0.0049,0.1609,1.0388,5.2748,2.5115,-21.0229,0,0,0
-0.0034,0.1689,1.0073,5.7023,5.4351,-19.1298,0,0,0
-0.0588,0.1538,1.0266,4.8702,4.2137,-19.6183,0,0,0
-0.0564,0.1821,1.0237,1.9084,0.6641,-22.2366,0,0,0
-0.0366,0.1521,0.981,3.4885,-4.374,-21.374,0,0,0
-0.0027,0.1213,1.0237,5.9618,-7.771,-15.8015,0,0,0
-0.0088,0.1589,1.0281,5.2748,-6.4198,-10.6794,0,0,0
0.0002,0.1487,1.0269,5.5802,-3.6718,-10.2214,0,0,0
0.0039,0.1636,1.0117,7.6641,0.2443,-12.8855,0,0,0
-0.0144,0.1562,1.002,10.6489,2.9542,-17.7328,0,0,0
-0.0317,0.165,1.011,11.9389,3.9542,-19.6107,0,0,0
-0.033,0.1694,1.0269,10.6183,5.2214,-18.8015,0,0,0
-0.0537,0.1804,1.0325,7.855,3.5649,-18.3664,0,0,0
-0.0457,0.1755,1.0208,5.8702,1.0611,-18.4046,0,0,0
-0.0598,0.1824,0.98,8.8015,-3.6565,-23.0,0,0,0
-0.0247,0.1731,0.9841,15.7328,-8.5878,-27.7557,0,0,0
-0.0234,0.168,1.0034,20.6336,-9.0076,-28.2214,0,0,0
-0.0295,0.1899,1.0317,18.9313,-8.0763,-25.9008,0,0,0
-0.0359,0.2031,1.0386,13.5573,-7.6489,-23.626,0,0,0
-0.0532,0.1838,1.033,9.3282,-7.5496,-19.0611,0,0,0
-0.0505,0.2004,1.0198,6.0992,-10.3511,-17.3969,0,0,0
-0.0176,0.1885,0.9956,6.5344,-11.8779,-17.0992,0,0,0
0.0054,0.1919,1.0149,6.3359,-8.0534,-16.9771,0,0,0
-0.0227,0.2058,1.019,4.9313,-4.1527,-20.9466,0,0,0
-0.0225,0.1987,1.0432,4.229,-0.3664,-24.855,0,0,0
-0.0381,0.1929,1.0195,3.1298,0.7023,-23.542,0,0,0
-0.0349,0.1873,1.0273,0.5802,0.4504,-22.0992,0,0,0
-0.0232,0.1653,1.0034,-0.3817,0.7863,-19.1298,0,0,0
0.0039,0.1641,1.0066,-1.1527,1.8397,-12.8855,0,0,0
0.0095,0.1714,0.9973,-0.6031,3.8092,-6.8092,0,0,0
-0.0376,0.1777,0.9907,1.3664,3.084,-4.6412,0,0,0
-0.0667,0.2114,1.0447,-1.6412,-1.0076,-4.6794,0,0,0
-0.0261,0.1973,1.064,-7.2366,-1.8168,-3.626,0,0,0
-0.0115,0.1914,1.0532,-10.4351,0.4962,0.3817,0,0,0
-0.0264,0.2073,1.0342,-14.0076,3.0382,2.5344,0,0,0
-0.0278,0.1836,1.0281,-16.9695,5.3359,3.6565,0,0,0
-0.0203,0.1697,1.0171,-19.5114,7.3817,6.855,0,0,0
-0.0049,0.1558,1.0198,-22.5649,8.3588,16.3588,0,0,0
0.0037,0.1553,1.0457,-27.4733,12.4427,25.7481,0,0,0
-0.0293,0.1599,1.0332,-34.1527,15.6107,32.6336,0,0,0
-0.0403,0.115,1.0171,-39.2137,15.7939,44.5649,0,0,0
-0.03,0.1589,0.9985,-41.8702,7.4733,55.6107,0,0,0
-0.0166,0.1482,0.9919,-37.4885,1.2366,57.145,0,0,0
-0.0273,0.1243,0.9744,-30.9542,-6.4656,56.0458,0,0,0
-0.001,0.1602,1.0117,-25.626,-7.8626,55.1603,0,0,0
-0.012,0.1404,1.0415,-26.2443,-4.6794,52.7023,0,0,0
0.021,0.1438,1.0422,-24.9695,-0.1374,52.0992,0,0,0
0.0334,0.1062,1.0527,-22.2901,6.6641,52.5725,0,0,0
-0.0269,0.1536,1.0098,-22.5114,8.4198,53.0,0,0,0
-0.1011,0.1316,1.0032,-21.7786,7.9924,47.7786,0,0,0
-0.1309,0.1829,1.0195,-22.9771,-1.1221,39.855,0,0,0
-0.1099,0.1721,1.0388,-24.2672,-11.7939,29.6107,0,0,0
-0.0706,0.146,0.9973,-23.2595,-19.5878,19.9847,0,0,0
-0.0203,0.1072,0.9785,-16.9542,-19.3664,10.3511,0,0,0
0.0444,0.0747,0.9834,-9.9771,-11.3206,5.8931,0,0,0
0.0352,0.0732,0.988,-3.7328,-0.0992,4.855,0,0,0
-0.0183,0.1052,0.9885,0.6947,6.1069,-1.0,0,0,0
-0.0339,0.1208,1.0137,2.9542,8.1908,-5.9695,0,0,0
-0.0229,0.1274,1.0481,2.2366,9.6412,-8.5878,0,0,0
-0.0579,0.1431,1.0481,-0.7176,8.8855,-9.2672,0,0,0
-0.0774,0.1499,1.053,-4.7023,4.6794,-12.5344,0,0,0
-0.0344,0.1282,1.0342,-7.4656,0.9924,-13.4962,0,0,0
0.0061,0.0967,1.0178,-6.9389,0.374,-10.3588,0,0,0
-0.0142,0.0945,1.0042,-5.7405,-0.8855,-5.6107,0,0,0
-0.0078,0.106,1.0154,-4.7634,-0.145,-3.5191,0,0,0
-0.0237,0.1094,1.0117,-3.7863,1.8855,-3.8855,0,0,0
-0.0425,0.106,1.0134,-3.3664,1.687,-4.9466,0,0,0
-0.0369,0.1055,1.0276,-3.4351,1.5038,-5.6107,0,0,0
-0.0198,0.1011,1.0288,-4.0382,1.6031,-4.5038,0,0,0
-0.0081,0.0928,1.0132,-2.8397,2.6031,-1.9847,0,0,0
-0.0327,0.0906,1.0127,-1.0611,4.1908,-2.4962,0,0,0
-0.0564,0.1128,1.0305,-1.1145,4.7863,-5.3664,0,0,0
-0.0442,0.103,1.0515,-2.9466,3.9466,-5.8473,0,0,0
-0.0088,0.0938,1.064,-3.7176,4.0763,-3.8779,0,0,0
-0.0237,0.1091,1.0576,-4.7099,5.4809,-2.3664,0,0,0
-0.0261,0.1018,1.0454,-6.1298,5.1603,-1.8168,0,0,0
-0.0195,0.0925,1.0291,-6.5115,7.5496,-1.9008,0,0,0
-0.0237,0.092,1.0205,-6.1374,10.0763,-0.4809,0,0,0
-0.053,0.0933,1.0032,-4.1756,10.084,-0.6794,0,0,0
-0.0659,0.0964,1.0015,-2.6489,9.0458,-1.2366,0,0,0
-0.0898,0.1211,1.0464,-4.0534,9.229,-2.8855,0,0,0
-0.071,0.1353,1.074,-10.9618,12.687,-9.5191,0,0,0
-0.0356,0.1008,1.0417,-13.2901,15.6412,-11.0,0,0,0
-0.0293,0.0764,0.9988,-11.0611,13.7099,-8.5038,0,0,0
-0.0222,0.073,0.9849,-6.9847,11.6565,-4.5802,0,0,0
-0.0217,0.0796,1.0039,-5.7405,11.6565,-2.7328,0,0,0
-0.0159,0.0686,1.0059,-4.6031,16.3206,-2.6489,0,0,0
-0.0483,0.0752,0.9988,-2.6718,20.6336,-2.4962,0,0,0
-0.0615,0.073,0.9963,-0.7405,20.3511,-2.6031,0,0,0
-0.0659,0.0786,1.0193,-0.0992,17.6183,-1.5878,0,0,0
-0.0642,0.0935,1.0461,-1.1603,15.6183,-0.0763,0,0,0
-0.0776,0.0994,1.0537,-4.0076,13.5496,0.1527,0,0,0
-0.0869,0.0977,1.0508,-6.1603,13.145,0.2137,0,0,0
-0.085,0.1069,1.0583,-8.4427,14.9542,-0.8015,0,0,0
-0.0667,0.1086,1.0439,-11.3511,18.3511,-2.916,0,0,0
-0.0437,0.0652,0.9919,-11.8397,20.6565,-3.1298,0,0,0
-0.0425,0.0559,0.9968,-7.7099,21.6565,-0.1756,0,0,0
-0.0579,0.0674,1.0098,-6.313,23.0534,1.626,0,0,0
-0.0945,0.0732,0.9871,-5.2061,23.6412,3.0229,0,0,0
-0.0964,0.0569,0.9912,-0.5038,24.3893,4.6107,0,0,0
-0.1218,0.0767,1.0061,0.6641,27.5802,4.7481,0,0,0
-0.1755,0.1074,1.02,-0.4275,26.1221,1.5725,0,0,0
-0.188,0.1091,1.0103,-1.9313,20.229,-0.855,0,0,0
-0.1738,0.1079,1.0142,-3.4885,13.3588,-2.4427,0,0,0
-0.1443,0.0962,1.0203,-3.7252,7.3893,-1.6412,0,0,0
-0.144,0.0925,1.0137,-4.9618,3.5344,-0.1527,0,0,0
-0.1689,0.0879,1.0146,-5.5344,-2.8015,0.8626,0,0,0
-0.1516,0.0896,1.0269,-6.458,-6.2977,-0.4504,0,0,0
-0.1509,0.0916,1.02,-6.9847,-8.7405,-1.1221,0,0,0
-0.125,0.0828,1.0308,-7.8779,-9.7634,-1.4427,0,0,0
-0.1311,0.0928,1.0266,-9.6183,-9.5649,-2.6947,0,0,0
-0.1084,0.0769,1.0125,-10.5115,-10.0458,-5.3282,0,0,0
-0.0596,0.052,1.0176,-8.626,-8.4122,-3.9084,0,0,0
-0.0728,0.0469,0.9866,-5.8168,-7.6489,0.6641,0,0,0
-0.0962,0.053,0.9871,-2.0229,-8.9695,4.1145,0,0,0
-0.1313,0.0613,0.9902,0.8626,-12.8244,3.8321,0,0,0
-0.1755,0.0857,0.9976,1.2824,-24.771,4.6031,0,0,0
-0.2026,0.1028,1.0251,-0.8015,-42.4275,5.7634,0,0,0
-0.1748,0.1155,1.0657,-5.855,-59.6412,4.6641,0,0,0
-0.1062,0.0918,1.0874,-11.7939,-68.8931,6.9389,0,0,0
-0.0767,0.0801,1.0581,-14.2977,-74.4046,9.5573,0,0,0
-0.0564,0.0698,1.0139,-14.6107,-77.6565,10.5573,0,0,0
-0.0134,0.0496,0.9893,-11.2366,-78.0992,12.9695,0,0,0
0.0239,0.0486,1.0046,-7.2366,-68.6336,12.5496,0,0,0
0.0342,0.053,0.9797,-3.6412,-52.6412,9.3511,0,0,0
0.0256,0.042,0.9807,-0.9313,-33.2748,2.6947,0,0,0
0.0652,0.0381,1.0132,3.1679,-13.687,-3.2595,0,0,0
0.0461,0.0398,1.0027,6.0229,1.6336,-5.458,0,0,0
0.0188,0.0588,0.9993,8.2061,7.9924,-4.8015,0,0,0
0.0024,0.0759,1.031,8.8397,12.0534,-5.5725,0,0,0
0.0063,0.0918,1.0652,6.2901,16.2901,-7.0,0,0,0
-0.0088,0.0862,1.0701,2.9389,19.6489,-7.9542,0,0,0
-0.0127,0.083,1.0735,0.6107,21.458,-9.6107,0,0,0
0.0017,0.0708,1.0654,-1.0611,23.0916,-8.9237,0,0,0
0.0203,0.0752,1.064,-2.1298,27.9008,-7.229,0,0,0
0.0063,0.0615,1.033,-1.6336,35.1221,-8.3664,0,0,0
-0.0164,0.0684,1.0071,0.5802,39.0305,-8.2595,0,0,0
-0.0564,0.0667,1.0134,1.9771,39.1603,-8.374,0,0,0
-0.0532,0.0757,1.0247,1.4962,39.0458,-8.9542,0,0,0
-0.075,0.0745,1.0164,1.3969,37.2824,-10.4122,0,0,0
-0.0605,0.0703,1.0176,1.9847,33.0763,-9.5649,0,0,0
-0.0432,0.0476,1.0156,1.0763,32.8626,-4.5954,0,0,0
-0.0806,0.0669,1.0303,1.2824,33.5725,-2.3053,0,0,0
-0.1096,0.0945,1.0132,0.145,31.4809,-2.9389,0,0,0
-0.116,0.0757,1.0059,-0.6565,26.9924,-1.8473,0,0,0
-0.1233,0.0791,0.9929,0.0229,20.6031,-0.7863,0,0,0
-0.1345,0.0808,1.0042,0.3435,15.0916,-1.7634,0,0,0
-0.104,0.0842,1.0251,-0.6183,13.542,-3.6489,0,0,0
-0.085,0.0708,1.0149,-0.2443,15.687,-3.3817,0,0,0
-0.1079,0.0579,1.0005,1.1756,15.8626,-1.7099,0,0,0
-0.0798,0.0583,1.0208,1.9847,15.2366,0.2137,0,0,0
-0.0273,0.0474,1.0444,4.1527,20.0382,3.2824,0,0,0
-0.0461,0.0549,1.0496,5.1908,25.7634,6.8931,0,0,0
-0.1343,0.0908,1.0222,3.229,23.7634,9.4122,0,0,0
-0.1536,0.0896,1.0422,0.7481,17.1985,7.9542,0,0,0
-0.1038,0.0769,1.0474,-0.8321,17.3359,8.374,0,0,0
-0.116,0.0745,1.0244,-1.5649,17.9466,10.7557,0,0,0
-0.1501,0.0859,0.9946,-0.5191,15.626,11.1145,0,0,0
-0.1692,0.085,0.9861,1.626,11.3206,10.5573,0,0,0
-0.1501,0.0867,1.0015,2.8015,9.855,10.5725,0,0,0
-0.1731,0.1011,1.0112,3.3435,9.542,9.7176,0,0,0
-0.1858,0.115,1.0232,1.1069,8.2214,6.9771,0,0,0
-0.165,0.1025,1.02,-0.2824,7.2672,6.687,0,0,0
-0.0657,0.0735,1.0657,-1.3588,12.0382,9.5038,0,0,0
-0.1035,0.0547,0.998,0.6489,20.4885,11.2214,0,0,0
-0.1316,0.0852,0.9763,2.7481,24.7405,12.229,0,0,0
-0.156,0.0901,0.9927,5.626,18.9084,11.5725,0,0,0
-0.1975,0.1045,1.0007,5.0916,13.0534,11.8244,0,0,0
-0.1702,0.1011,1.0483,0.9695,11.0534,9.7634,0,0,0
-0.1284,0.0847,1.051,-0.5267,16.1145,9.8855,0,0,0
-0.1421,0.0996,1.0288,-2.1832,19.9771,13.229,0,0,0
-0.2078,0.1104,0.9846,-4.145,16.7863,14.0076,0,0,0
-0.2305,0.1023,0.9668,-3.1145,8.9313,12.1145,0,0,0
-0.1755,0.1055,1.0195,-1.8244,6.6412,12.0458,0,0,0
-0.1792,0.126,1.0452,-6.3817,8.6794,10.8397,0,0,0
-0.1887,0.113,1.0159,-9.0687,5.9084,9.4504,0,0,0
-0.2114,0.104,0.9761,-7.3817,0.6031,8.5878,0,0,0
-0.1812,0.095,0.9812,-6.1756,-1.0992,7.1145,0,0,0
-0.1533,0.0769,0.9841,-4.5496,3.0458,7.374,0,0,0
-0.1394,0.0774,1.0078,-2.9237,8.5954,11.9313,0,0,0
-0.1533,0.1121,1.0496,-6.1527,12.2672,16.3359,0,0,0
-0.1816,0.1077,1.0662,-10.8702,13.4427,14.9542,0,0,0
-0.2168,0.0977,1.0198,-11.6718,9.1908,12.0611,0,0,0
-0.2229,0.092,1.0093,-10.145,3.084,10.1145,0,0,0
-0.2056,0.0908,1.0022,-11.9847,-3.855,11.5496,0,0,0
-0.177,0.093,1.0151,-13.1221,-10.6031,16.3817,0,0,0
-0.1453,0.0774,1.0586,-15.687,-11.5802,23.7405,0,0,0
-0.1616,0.0876,1.0481,-18.8168,-10.0382,24.3435,0,0,0
-0.196,0.0828,1.0012,-16.3206,-8.3359,19.4962,0,0,0
-0.1833,0.0796,0.9941,-14.7481,-8.5191,16.8931,0,0,0
-0.2024,0.0774,0.9807,-12.7405,-7.0382,12.4351,0,0,0
-0.2126,0.0901,0.9775,-11.4656,-9.8244,8.5496,0,0,0
-0.188,0.0889,0.9829,-11.2061,-13.6107,6.7405,0,0,0
-0.1753,0.0652,0.968,-8.542,-13.2137,4.8931,0,0,0
-0.1746,0.0786,0.9807,-4.7405,-10.687,3.6183,0,0,0
-0.1741,0.0808,0.9885,-3.9924,-8.458,2.3969,0,0,0
-0.2017,0.0879,0.9998,-3.2672,-9.9924,1.1069,0,0,0
-0.2124,0.1047,1.01,-4.0687,-13.6412,-0.6107,0,0,0
-0.2109,0.1091,1.0398,-7.542,-17.855,-3.229,0,0,0
-0.187,0.0989,1.053,-11.4733,-21.2748,-4.4656,0,0,0
-0.1431,0.0745,1.0454,-13.687,-23.8779,-4.2443,0,0,0
-0.0984,0.0503,1.0415,-13.3664,-23.4962,-1.5267,0,0,0
-0.0977,0.0498,1.0093,-11.3206,-22.2595,0.0,0,0,0
-0.0835,0.0325,1.0034,-8.7557,-20.6183,2.2519,0,0,0
-0.0833,0.0327,0.9883,-5.2748,-17.3511,5.626,0,0,0
-0.1384,0.052,0.9873,-2.4656,-15.1603,5.0916,0,0,0
-0.1616,0.0754,1.0042,-1.7481,-18.1069,2.3206,0,0,0
-0.1438,0.071,1.0322,-2.6565,-22.0382,1.8168,0,0,0
-0.1284,0.0706,1.0415,-5.2366,-25.3969,2.2672,0,0,0
-0.1204,0.0696,1.04,-7.0534,-27.8779,2.3435,0,0,0
-0.1035,0.061,1.0325,-7.3053,-28.2443,1.6641,0,0,0
-0.1091,0.032,1.0229,-6.8092,-27.9313,2.4962,0,0,0
-0.094,0.0576,0.991,-5.458,-28.1908,1.4733,0,0,0
-0.0857,0.0391,0.9832,-2.6718,-30.1374,2.0229,0,0,0
-0.0964,0.0381,0.9932,0.2443,-31.7863,3.6412,0,0,0
-0.0708,0.0576,1.0264,1.5802,-29.5649,1.9084,0,0,0
-0.0532,0.0566,1.0352,1.3817,-25.7099,0.3588,0,0,0
-0.0498,0.0491,1.0066,2.3435,-20.8092,-1.5649,0,0,0
-0.0728,0.0415,0.9905,6.9618,-22.7481,-3.0,0,0,0
-0.0583,0.0532,1.0012,9.2137,-26.5649,-2.7634,0,0,0
-0.0518,0.0598,1.0229,10.0153,-26.4198,-2.3053,0,0,0
-0.062,0.0781,1.03,9.9008,-24.2214,-4.0305,0,0,0
-0.0601,0.0823,1.0505,9.0534,-21.7405,-6.771,0,0,0
-0.0464,0.0815,1.0352,8.542,-19.6718,-9.0229,0,0,0
-0.032,0.0625,1.0259,9.2977,-17.229,-9.5802,0,0,0
-0.0266,0.0662,1.0261,9.6107,-12.4427,-9.0076,0,0,0
-0.0129,0.0688,1.0217,9.8779,-10.8931,-7.8473,0,0,0
-0.0361,0.0667,1.0144,10.9771,-9.4046,-5.3588,0,0,0
-0.0647,0.0837,1.01,10.8702,-15.3053,-4.7634,0,0,0
-0.0459,0.093,1.0229,9.7481,-16.5038,-4.2061,0,0,0
-0.0352,0.0945,1.0627,8.313,-16.1832,-6.1908,0,0,0
-0.0171,0.0999,1.0708,5.0382,-9.3359,-5.916,0,0,0
-0.0259,0.0925,1.0481,2.8931,-5.9924,-6.2824,0,0,0
-0.0217,0.093,1.0334,1.7099,-4.6031,-6.2214,0,0,0
-0.0181,0.0928,1.0291,0.7481,-1.3664,-5.9084,0,0,0
-0.0286,0.0896,1.0256,0.0687,-0.8779,-5.3588,0,0,0
-0.0254,0.0864,1.0271,0.687,-1.4962,-3.8626,0,0,0
-0.0168,0.1003,1.0349,0.0382,-0.6489,-3.6183,0,0,0
-0.0151,0.0911,1.0327,-1.0458,1.1832,-4.0,0,0,0
-0.0088,0.0808,1.021,-0.229,1.4275,-3.0153,0,0,0
0.002,0.0837,1.0303,0.7939,1.8092,-0.6489,0,0,0
-0.0222,0.0908,1.0281,0.3206,2.7786,0.0687,0,0,0
-0.0283,0.0925,1.0127,0.9771,2.8168,-0.8779,0,0,0
-0.0234,0.0906,1.0146,1.5267,3.2061,-1.9542,0,0,0
-0.0171,0.0837,1.0117,2.3893,4.1069,-2.6107,0,0,0
-0.0254,0.0786,1.0088,4.4275,4.5649,-1.5954,0,0,0
-0.0205,0.0837,1.0071,6.9008,2.8092,-1.1527,0,0,0
0.0007,0.0754,1.0049,9.7786,1.771,0.1832,0,0,0
-0.0159,0.0774,0.9722,14.229,-1.6641,2.1298,0,0,0
-0.0347,0.0879,0.9812,20.0,-2.1832,2.2519,0,0,0
-0.0273,0.106,1.0269,22.2519,-0.8473,0.0229,0,0,0
-0.0188,0.1021,1.0168,23.5649,1.542,-0.8321,0,0,0
-0.0161,0.0977,0.9973,27.1908,3.0611,-0.2366,0,0,0
-0.0173,0.1011,0.9832,31.6031,3.9389,-1.1603,0,0,0
-0.0366,0.1245,0.9956,35.5496,7.6947,0.374,0,0,0
-0.0698,0.1575,1.0471,32.9847,8.7099,-3.313,0,0,0
-0.0796,0.1797,1.0869,27.9847,9.0153,-8.687,0,0,0
-0.0811,0.199,1.0896,21.6107,6.2366,-11.5344,0,0,0
-0.0723,0.2075,1.1006,12.687,1.6183,-15.0687,0,0,0
-0.0305,0.1887,1.0576,5.9771,0.5496,-15.2519,0,0,0
-0.0598,0.1538,1.021,3.916,-2.8092,-13.7481,0,0,0
-0.0544,0.1624,1.0151,1.4427,-6.5267,-15.0687,0,0,0
-0.03,0.1436,1.0166,-0.1985,-4.6641,-14.5344,0,0,0
-0.0332,0.1279,0.9919,1.9389,-1.6412,-13.7634,0,0,0
-0.0186,0.1221,0.9951,6.4809,-0.2748,-12.855,0,0,0
-0.0186,0.1401,1.0134,8.6947,1.9237,-11.0458,0,0,0
-0.0256,0.1624,1.0405,6.9466,4.0305,-12.7786,0,0,0
-0.0432,0.1497,1.0303,7.7099,4.626,-14.6718,0,0,0
-0.0381,0.1653,1.0132,8.4885,4.7405,-14.4198,0,0,0
-0.0569,0.1653,1.0181,8.0,4.2137,-13.0916,0,0,0
-0.0532,0.1833,1.0227,5.9313,2.3588,-12.4962,0,0,0
-0.0603,0.1677,1.0107,4.8092,-0.2595,-10.4198,0,0,0
-0.0718,0.1863,1.0085,2.8931,-4.1298,-8.7786,0,0,0
-0.0525,0.1848,1.0081,0.9847,-6.0992,-8.8092,0,0,0
-0.0332,0.1738,0.9958,-0.2748,-5.3893,-8.5344,0,0,0
-0.0535,0.1582,0.9827,2.3206,-8.5649,-8.5954,0,0,0
-0.061,0.1938,1.0295,1.7939,-4.0916,-9.7328,0,0,0
-0.0842,0.2063,1.062,-3.2977,-4.1069,-13.1832,0,0,0
-0.0625,0.1953,1.0332,-7.7557,-5.4504,-14.3588,0,0,0
-0.0217,0.1646,1.012,-7.5954,-6.7328,-12.7176,0,0,0
0.0146,0.1526,1.0007,-5.1069,-5.0305,-10.5725,0,0,0
0.0083,0.1433,0.9968,-2.2748,-1.8473,-9.0763,0,0,0
-0.0305,0.1528,1.0178,-0.229,0.1145,-8.6031,0,0,0
-0.0476,0.1729,1.0322,-1.6489,-0.0382,-10.1679,0,0,0
-0.0437,0.1687,1.0361,-3.5038,-0.374,-9.7481,0,0,0
-0.0317,0.1553,1.0188,-4.0382,-0.3664,-7.626,0,0,0
-0.0193,0.1479,0.9917,-2.7176,1.3893,-5.3664,0,0,0
-0.0322,0.1548,0.991,0.5344,3.7939,-5.4427,0,0,0
-0.03,0.1689,0.9851,1.4351,4.7176,-7.7328,0,0,0
-0.0229,0.1423,1.0068,5.3511,2.5573,-8.0229,0,0,0
-0.0537,0.155,1.0442,5.1145,8.8244,-8.687,0,0,0
-0.0591,0.1875,1.0505,1.8702,8.626,-9.2901,0,0,0
-0.0703,0.1851,1.033,-0.3588,5.0534,-7.7099,0,0,0
-0.0588,0.1736,1.0173,-0.9542,0.9695,-7.4962,0,0,0
-0.0364,0.1768,1.0142,-0.7939,1.5191,-7.9237,0,0,0
-0.0605,0.1753,1.0178,-0.7786,2.7405,-9.374,0,0,0
-0.0601,0.1692,1.0105,-0.7099,3.6336,-10.5649,0,0,0
-0.0554,0.1707,1.0146,-0.7176,4.5573,-11.4504,0,0,0
-0.0508,0.1484,0.9954,-0.4198,4.9466,-8.9542,0,0,0
-0.0444,0.1487,1.0007,1.3588,3.5038,-5.0916,0,0,0
-0.0464,0.1724,1.0173,1.5802,2.1145,-1.8473,0,0,0
-0.082,0.186,1.0066,0.9771,-0.9542,-3.4046,0,0,0
-0.0588,0.1892,1.0388,-0.3511,-2.5954,-5.771,0,0,0
-0.0537,0.1848,1.0425,-2.8244,-0.2061,-6.8321,0,0,0
-0.0693,0.1777,1.0193,-4.5344,0.3053,-7.1603,0,0,0
-0.0806,0.1719,0.9917,-4.0305,-1.7176,-8.9008,0,0,0
-0.0718,0.1628,0.9868,-2.7176,-3.5115,-10.3053,0,0,0
-0.0583,0.1675,0.9973,-1.5115,-3.1374,-11.5878,0,0,0
-0.0408,0.1599,1.0142,-0.8244,-1.5267,-11.6183,0,0,0
-0.0291,0.155,1.0208,0.0153,0.1145,-9.0687,0,0,0
-0.0313,0.1599,1.0256,-0.0611,0.8855,-5.5191,0,0,0
-0.0383,0.1665,1.0251,-0.1527,1.6031,-1.6336,0,0,0
-0.0806,0.189,1.0312,-1.7481,-0.1221,-1.8168,0,0,0
-0.0706,0.1814,1.0381,-5.2901,-0.1756,-4.1221,0,0,0
-0.0835,0.1785,1.0183,-5.8473,-0.1832,-4.313,0,0,0
-0.0925,0.1829,1.012,-6.3969,-2.1832,-4.8397,0,0,0
-0.0615,0.1711,1.0056,-5.9771,-1.6107,-6.0763,0,0,0
-0.0425,0.1653,1.0059,-5.0763,0.458,-6.4504,0,0,0
-0.063,0.1624,1.0122,-4.5649,1.2061,-6.0916,0,0,0
-0.0588,0.1726,1.0083,-5.5115,1.4504,-5.3511,0,0,0
-0.0681,0.1665,1.0229,-5.8168,1.5725,-5.9389,0,0,0
-0.0637,0.1833,1.0271,-8.7557,2.626,-9.4962,0,0,0
-0.0298,0.1582,1.0251,-10.5267,6.0763,-10.5115,0,0,0
-0.01,0.1482,1.0149,-9.9084,9.5267,-7.5725,0,0,0
0.0166,0.1694,1.0369,-10.374,13.9466,-6.2672,0,0,0
0.0242,0.1448,1.0439,-12.1908,23.8168,-4.2137,0,0,0
-0.0398,0.1365,1.0203,-12.0076,27.7023,-4.1679,0,0,0
-0.052,0.1284,1.0098,-9.2214,28.2137,-3.4122,0,0,0
-0.061,0.1333,0.9983,-6.687,27.0,1.0382,0,0,0
-0.1021,0.1396,0.9944,-4.313,25.0076,4.0076,0,0,0
-0.1287,0.1646,1.0061,-4.3511,22.3359,1.4351,0,0,0
-0.1177,0.1516,1.0146,-5.7405,22.687,-1.4198,0,0,0
-0.1069,0.1646,1.0312,-5.8092,25.3282,-0.9008,0,0,0
-0.1743,0.1709,1.0195,-7.6718,23.9924,-4.4656,0,0,0
-0.1255,0.1707,1.0334,-9.7557,27.0382,-7.2977,0,0,0
-0.1396,0.1455,1.0125,-12.0916,25.3817,-8.7939,0,0,0
-0.1296,0.1394,0.9744,-10.9008,24.9084,-7.626,0,0,0
-0.1157,0.1228,0.9778,-7.6565,26.2901,-5.4809,0,0,0
-0.1292,0.1313,1.0027,-4.9542,23.6641,-4.7023,0,0,0
-0.1482,0.1387,1.0176,-4.2595,18.229,-5.7557,0,0,0
-0.1348,0.144,1.0383,-5.6031,21.8321,-4.9389,0,0,0
-0.1191,0.1519,1.0557,-8.5802,25.8473,-5.4962,0,0,0
-0.1587,0.1362,1.0239,-10.1527,24.5878,-6.6641,0,0,0
-0.1482,0.1382,0.9971,-10.2443,22.771,-6.5115,0,0,0
-0.1187,0.1072,0.9924,-8.8702,24.5573,-3.9924,0,0,0
-0.1035,0.1077,0.9883,-5.4198,26.3282,-1.9847,0,0,0
-0.1746,0.1216,0.9722,-2.1221,27.3053,-1.6336,0,0,0
-0.1743,0.136,1.0149,-2.0305,28.8473,-3.1069,0,0,0
-0.207,0.1382,1.0242,-3.8931,25.0992,-4.229,0,0,0
-0.207,0.1409,1.012,-5.1603,18.8702,-1.3435,0,0,0
-0.228,0.1511,1.0151,-7.5344,14.1527,1.3282,0,0,0
-0.2271,0.1638,1.0054,-9.4733,11.3282,0.0382,0,0,0
-0.2371,0.1504,1.009,-11.7481,10.7939,-3.542,0,0,0
-0.2095,0.137,0.9871,-12.2137,11.1908,-5.7023,0,0,0
-0.1772,0.104,0.9717,-9.5038,12.5725,-6.0153,0,0,0
-0.1548,0.1165,0.9846,-7.1756,16.2901,-6.2595,0,0,0
-0.1763,0.1025,0.9756,-5.5115,19.916,-5.2824,0,0,0
-0.1848,0.0986,0.9834,-2.4427,17.9389,-1.9924,0,0,0
-0.228,0.1177,0.9944,-0.8702,12.9847,2.2519,0,0,0
-0.2642,0.1421,1.0146,-2.6336,7.6031,1.2366,0,0,0
-0.2549,0.1367,1.0168,-4.7099,1.5573,0.0763,0,0,0
-0.2063,0.1335,1.0171,-6.2366,-0.1985,0.9924,0,0,0
-0.199,0.1233,0.9988,-7.2901,0.9924,1.4733,0,0,0
-0.2029,0.1113,0.9834,-5.916,3.0153,1.8473,0,0,0
-0.2156,0.1116,0.9829,-4.313,3.1298,2.2672,0,0,0
-0.2146,0.1172,1.0015,-4.7939,4.9084,1.3588,0,0,0
-0.2207,0.1116,0.981,-4.4122,5.4198,0.4122,0,0,0
-0.1938,0.1199,1.009,-4.5038,7.9389,1.4504,0,0,0
-0.2334,0.1165,1.0049,-5.7176,7.9924,0.8855,0,0,0
-0.2144,0.1165,1.0007,-5.9466,4.7939,2.4198,0,0,0
-0.1956,0.1069,1.0159,-5.8397,4.0,6.8321,0,0,0
-0.177,0.113,1.0261,-8.0305,7.313,9.7863,0,0,0
-0.2336,0.105,0.9712,-7.5344,7.2595,9.9847,0,0,0
-0.2339,0.1023,0.9656,-4.7557,4.0763,9.1985,0,0,0
-0.2285,0.1177,0.9961,-5.3817,3.5344,8.4885,0,0,0
-0.1968,0.1064,1.0073,-8.5954,4.8626,13.8321,0,0,0
-0.1975,0.1028,1.0095,-10.2366,7.0763,19.0,0,0,0
-0.2014,0.1123,1.001,-11.6489,9.8473,20.6031,0,0,0
-0.2368,0.1138,0.9807,-10.374,9.7328,19.1908,0,0,0
-0.2493,0.1101,0.9854,-9.0229,9.5725,15.4504,0,0,0
-0.2532,0.1167,0.9983,-9.3817,7.1374,13.5573,0,0,0
-0.2664,0.1074,0.9937,-10.5267,3.2366,14.1603,0,0,0
-0.2187,0.1104,1.0078,-10.8244,0.313,18.2519,0,0,0
-0.1877,0.1023,1.0334,-13.0763,4.4427,22.2977,0,0,0
-0.22,0.1152,1.0188,-15.5573,8.9008,23.1298,0,0,0
-0.2446,0.1008,1.0017,-16.084,9.3282,22.1221,0,0,0
-0.2383,0.1082,0.9995,-16.0611,8.6183,20.6947,0,0,0
-0.2266,0.1069,1.0115,-16.7557,5.4733,20.3435,0,0,0
-0.2253,0.0947,0.9932,-16.0916,4.7023,20.313,0,0,0
-0.2363,0.0969,0.9819,-14.1985,4.4122,18.3664,0,0,0
-0.2471,0.0981,0.98,-12.4733,4.6412,13.7939,0,0,0
-0.2434,0.0671,0.9731,-10.5878,4.8855,12.8931,0,0,0
-0.2317,0.0752,0.9731,-7.6031,4.3893,15.6947,0,0,0
-0.2295,0.1062,0.9995,-8.2748,5.7634,15.1221,0,0,0
-0.2632,0.1111,0.9956,-10.8244,5.7252,16.7786,0,0,0
-0.2739,0.0935,0.989,-12.9618,1.3206,18.6489,0,0,0
-0.241,0.1006,1.0154,-13.3282,0.8473,19.4427,0,0,0
-0.2166,0.0801,1.0386,-12.0534,2.4885,19.145,0,0,0
-0.2354,0.0962,1.0327,-13.3588,2.9389,18.1908,0,0,0
-0.2498,0.0996,0.9993,-16.0763,2.2366,19.6718,0,0,0
-0.2451,0.0989,1.0059,-17.5344,-1.4733,21.7557,0,0,0
-0.2446,0.0798,0.9805,-16.374,-3.0229,20.1374,0,0,0
-0.2424,0.0715,0.9805,-14.1298,-4.0916,19.8321,0,0,0
-0.2305,0.0957,0.9846,-15.229,-5.7557,19.3588,0,0,0
-0.2144,0.0647,0.9785,-14.8626,-5.2137,18.4885,0,0,0
-0.2273,0.0603,0.9612,-10.2977,-2.2901,16.7557,0,0,0
-0.2153,0.0496,0.9724,-5.2595,2.3511,13.6489,0,0,0
-0.2041,0.0647,0.9954,-2.3664,8.2061,14.8321,0,0,0
-0.2349,0.1084,1.0159,-3.7939,12.6489,14.2443,0,0,0
-0.2908,0.1125,1.0159,-6.7786,13.1908,9.3435,0,0,0
-0.3308,0.1187,1.0032,-9.8855,6.0076,5.6107,0,0,0
-0.2944,0.0994,1.0042,-12.1069,-3.0229,3.4733,0,0,0
-0.2554,0.0901,1.0112,-14.4275,-5.2214,1.687,0,0,0
-0.2271,0.0593,0.99,-14.2595,-3.8702,0.3893,0,0,0
-0.2195,0.0515,0.9739,-11.0763,-2.3206,2.2061,0,0,0
-0.23,0.0554,0.9797,-9.1603,-0.145,3.7328,0,0,0
-0.2549,0.0601,0.9932,-8.7939,-1.084,5.313,0,0,0
-0.2522,0.0676,0.999,-9.1221,-3.5267,4.6565,0,0,0
-0.2412,0.0659,1.0,-9.5649,-4.1145,4.4656,0,0,0
-0.2344,0.0562,1.0063,-9.3664,-3.3969,5.1756,0,0,0
-0.2375,0.0635,1.0081,-11.4198,-2.5496,8.9542,0,0,0
-0.2363,0.075,1.0281,-14.9695,-2.1985,12.6489,0,0,0
-0.2446,0.0586,1.0061,-17.2748,-4.4504,12.6183,0,0,0
-0.2104,0.0471,1.0186,-18.3511,-5.8168,12.5267,0,0,0
-0.21,0.0593,1.0071,-18.0305,-4.2214,11.3511,0,0,0
-0.2341,0.0476,0.9741,-15.3053,-4.9237,9.3893,0,0,0
-0.2231,0.0449,0.9783,-11.8244,-4.1603,7.5725,0,0,0
-0.2434,0.0461,0.9773,-10.4504,-3.8473,7.7328,0,0,0
-0.2432,0.0544,0.98,-9.374,-3.8473,6.7939,0,0,0
-0.25,0.0476,0.968,-7.0611,-4.6947,5.9389,0,0,0
-0.23,0.0488,0.98,-5.0611,-4.7405,5.6489,0,0,0
-0.2461,0.0625,1.0039,-6.3588,-3.3206,6.2366,0,0,0
-0.269,0.0637,1.0137,-9.1985,-2.2824,4.2214,0,0,0
-0.2463,0.0542,1.0288,-12.7634,-7.1221,3.771,0,0,0
-0.1978,0.0349,1.0232,-14.2443,-9.626,5.4275,0,0,0
-0.1926,0.032,0.9927,-14.0992,-10.7252,8.6794,0,0,0
-0.1692,0.0034,0.991,-12.1527,-8.0916,10.7328,0,0,0
-0.2187,0.062,0.9453,-15.5115,-7.0076,14.0763,0,0,0
-0.2695,0.0837,0.9189,-9.4427,0.4962,14.2443,0,0,0
-0.3279,0.0251,0.979,-1.6336,-6.5115,7.7176,0,0,0
-0.2485,0.0667,1.064,-6.4809,-7.7099,1.3053,0,0,0
-0.2229,0.0747,1.0354,-14.7786,-9.2672,6.542,0,0,0
-0.2117,0.0208,1.0076,-15.4962,-14.8855,12.5649,0,0,0
-0.1738,0.0186,0.9961,-12.9237,-15.1832,12.7939,0,0,0
-0.1692,0.0093,0.9856,-10.5115,-9.7481,10.5344,0,0,0
-0.199,0.0122,0.9849,-7.8931,-5.3359,9.4504,0,0,0
-0.2092,0.0125,0.9976,-5.5038,-3.0687,8.7023,0,0,0
-0.2097,0.0405,1.0186,-6.458,0.5573,7.5191,0,0,0
-0.2263,0.0515,1.0439,-10.8855,0.1374,6.8168,0,0,0
-0.2317,0.0579,1.0264,-16.3969,-4.0,6.3206,0,0,0
-0.2021,0.0254,1.0229,-18.7786,-7.1145,7.8397,0,0,0
-0.1772,0.04,1.0303,-27.0916,-6.5344,11.5191,0,0,0
-0.1653,0.0632,0.9558,-33.2214,-1.1603,17.2061,0,0,0
-0.2744,-0.0518,0.8433,-13.5191,-12.8702,15.1985,0,0,0
-0.1853,-0.0403,1.0034,-4.2061,-10.687,6.1908,0,0,0
-0.1675,0.0212,0.9795,-5.6641,-1.7786,3.2443,0,0,0
-0.1855,-0.0288,0.9336,-0.5496,-0.7939,7.4962,0,0,0
-0.1841,-0.0176,0.9617,6.3588,0.626,8.3817,0,0,0
-0.2048,0.0161,1.0059,7.6183,2.458,5.5267,0,0,0
-0.2297,0.0442,1.0356,5.7176,3.0,3.9008,0,0,0
-0.2539,0.0527,1.0701,0.8473,0.145,1.0763,0,0,0
-0.2339,0.0371,1.0625,-3.8931,-4.7252,-1.3511,0,0,0
-0.2085,0.0286,1.0461,-7.1145,-9.2672,-1.3893,0,0,0
-0.2,0.0127,1.0068,-7.5573,-12.458,0.0534,0,0,0
-0.1929,-0.0024,0.9685,-5.2519,-17.0229,1.855,0,0,0
-0.1853,-0.0078,0.969,-1.3206,-21.3282,3.3053,0,0,0
-0.1782,-0.0022,0.9832,2.1985,-22.313,2.4198,0,0,0
-0.1692,0.0088,1.0027,3.8931,-22.1832,1.8855,0,0,0
-0.1658,0.0056,1.0022,4.8855,-21.6794,2.3511,0,0,0
-0.2004,0.0088,0.989,6.0611,-22.7328,2.5191,0,0,0
-0.2083,0.0295,1.0278,6.1145,-24.2748,0.2901,0,0,0
-0.2012,0.0295,1.0222,4.5344,-29.3206,-2.2061,0,0,0
-0.1912,0.0356,1.0303,3.7557,-34.0229,-2.7252,0,0,0
-0.1931,0.0425,1.0234,1.2595,-38.4504,-4.3664,0,0,0
-0.1426,0.0293,1.0374,-0.6031,-40.1985,-5.084,0,0,0
-0.125,0.0239,1.0381,-1.9084,-38.9008,-4.7023,0,0,0
-0.125,0.0063,1.0176,-1.6565,-39.0687,-4.8244,0,0,0
-0.106,0.0066,1.0156,-0.0229,-38.855,-2.1603,0,0,0
-0.1045,0.01,1.0239,0.8244,-36.9847,-1.3893,0,0,0
-0.0913,0.001,1.0225,2.2519,-34.145,-1.4656,0,0,0
-0.0979,-0.009,1.0146,5.2595,-32.4122,1.4275,0,0,0
-0.1396,0.0342,1.0283,6.5496,-33.687,-0.5649,0,0,0
-0.1377,0.0469,1.0481,4.8626,-33.8702,-6.6947,0,0,0
-0.1223,0.0564,1.0442,0.7939,-35.1679,-7.0458,0,0,0
-0.1057,0.0515,1.0515,-3.855,-40.3817,-2.5038,0,0,0
-0.0811,0.0366,1.0486,-7.4962,-40.4733,-0.6718,0,0,0
-0.075,0.0444,1.0312,-9.542,-39.6947,-1.9847,0,0,0
-0.0579,0.0156,1.0225,-9.1221,-37.542,-3.0229,0,0,0
-0.0449,0.0093,1.0195,-8.229,-35.6794,-3.4046,0,0,0
-0.0176,0.0076,0.9998,-6.0687,-30.6718,-4.6412,0,0,0
-0.0283,-0.0034,0.9929,-1.687,-24.0458,-6.8321,0,0,0
-0.0349,0.0081,0.9956,1.7328,-19.229,-7.5573,0,0,0
-0.0332,0.0198,1.0132,3.3817,-17.0,-8.0229,0,0,0
-0.0325,0.0288,1.0122,2.3664,-15.6031,-8.7405,0,0,0
-0.0327,0.0229,1.0125,2.8092,-15.0153,-9.2214,0,0,0
-0.0242,0.0208,1.0225,3.2061,-14.8702,-8.9618,0,0,0
-0.0112,0.0193,1.0154,3.916,-12.5725,-8.8015,0,0,0
-0.0115,0.019,1.0229,5.229,-8.8168,-8.5802,0,0,0
-0.0022,0.0161,1.0312,7.4656,-5.4809,-9.4656,0,0,0
0.001,0.0259,1.0476,8.4198,-1.1756,-10.771,0,0,0
-0.0129,0.04,1.0442,7.8092,0.8931,-11.5954,0,0,0
-0.0178,0.0396,1.0359,7.0305,-0.1908,-10.4809,0,0,0
-0.0117,0.0364,1.0383,6.7176,-1.8321,-9.5725,0,0,0
-0.0073,0.0381,1.0281,6.8702,-1.1679,-9.6412,0,0,0
-0.0227,0.0415,1.0117,8.1527,-0.1145,-12.3588,0,0,0
-0.0149,0.0234,0.9912,12.5802,-0.6947,-14.542,0,0,0
-0.0098,0.03,1.0032,18.1832,1.4198,-15.9695,0,0,0
-0.0354,0.05,1.0276,19.3206,4.9771,-18.458,0,0,0
-0.0469,0.0547,1.0347,17.6336,6.0153,-20.771,0,0,0
-0.0442,0.0647,1.043,16.0611,5.313,-20.1985,0,0,0
-0.0508,0.0747,1.0452,13.2824,1.5725,-19.3053,0,0,0
-0.0364,0.0701,1.0381,11.4809,-1.9084,-18.313,0,0,0
-0.0339,0.0669,1.019,11.8397,-5.4198,-16.8931,0,0,0
-0.0137,0.0647,1.0325,13.3588,-6.6412,-17.3053,0,0,0
-0.0325,0.0603,1.0029,14.1985,-6.8855,-17.0229,0,0,0
-0.0098,0.0398,0.9924,18.2901,-6.5649,-17.542,0,0,0
0.0305,0.0486,1.0225,20.9695,-3.1069,-14.3053,0,0,0
0.0015,0.0632,1.0259,20.5725,-1.1145,-10.5649,0,0,0
-0.0159,0.074,1.0366,21.2366,-0.5878,-8.9924,0,0,0
-0.0364,0.1079,1.0796,17.855,0.7405,-9.9924,0,0,0
-0.0442,0.113,1.0657,13.5267,0.3893,-11.1221,0,0,0
-0.0527,0.1064,1.0508,10.0687,-1.7557,-12.6489,0,0,0
-0.0278,0.1018,1.0305,8.7405,-2.7786,-14.7023,0,0,0
-0.0127,0.0913,1.0127,9.6183,-1.9695,-15.3817,0,0,0
-0.0129,0.0952,0.9946,12.458,-1.1221,-15.5573,0,0,0
0.0015,0.0916,0.998,15.1679,1.3893,-15.3053,0,0,0
-0.0249,0.0969,0.9915,18.8015,4.3511,-19.4198,0,0,0
-0.0261,0.1221,0.9983,21.9542,4.6031,-24.0763,0,0,0
-0.0349,0.1128,1.0288,22.0,4.8779,-23.5114,0,0,0
-0.0576,0.1428,1.0476,18.6718,3.1069,-23.2519,0,0,0
-0.0493,0.1421,1.0613,13.3817,0.1069,-23.9542,0,0,0
-0.0371,0.137,1.0449,9.6412,-0.7099,-23.8015,0,0,0
0.0039,0.1206,1.0276,9.0305,0.4885,-22.3588,0,0,0
-0.0166,0.1006,0.9934,12.6718,1.5954,-19.374,0,0,0
-0.0378,0.1189,0.9995,14.9618,0.1374,-19.313,0,0,0
-0.0435,0.135,1.0269,15.1374,0.0076,-20.1908,0,0,0
-0.0415,0.1465,1.0417,13.1603,1.1145,-20.0992,0,0,0
-0.0386,0.144,1.0557,9.9542,2.313,-17.5267,0,0,0
-0.0266,0.1665,1.0483,6.8092,2.1298,-18.2901,0,0,0
-0.0366,0.1401,1.0305,4.4504,2.7252,-18.4351,0,0,0
-0.0305,0.1467,1.0283,4.1679,3.2519,-18.9695,0,0,0
-0.0061,0.1465,1.0383,3.8626,5.6107,-18.9924,0,0,0
-0.0232,0.134,1.0181,3.626,8.1221,-17.4275,0,0,0
-0.04,0.1331,1.0054,4.2214,8.542,-14.5267,0,0,0
-0.061,0.1379,0.9832,4.3969,5.7405,-13.6412,0,0,0
-0.0657,0.1372,0.9834,7.0916,3.0153,-11.6565,0,0,0
-0.0852,0.1548,1.0149,7.6107,1.4122,-11.374,0,0,0
-0.072,0.1685,1.062,3.084,0.4733,-13.0076,0,0,0
-0.0378,0.167,1.0649,-1.8855,0.8015,-12.4733,0,0,0
-0.0161,0.155,1.0254,-3.6718,1.8168,-10.855,0,0,0
-0.0066,0.1448,1.0061,-3.1985,4.4656,-11.4809,0,0,0
-0.0125,0.126,1.0005,-0.313,7.542,-11.7939,0,0,0
-0.032,0.1213,0.9978,2.542,10.3053,-9.9466,0,0,0
-0.0764,0.1489,1.011,3.4656,8.6412,-8.2595,0,0,0
-0.0808,0.1548,1.0366,1.3282,6.4885,-7.2137,0,0,0
-0.0625,0.1631,1.0405,-2.6336,5.3893,-6.1374,0,0,0
-0.04,0.1526,1.0288,-4.4504,8.9695,-6.0229,0,0,0
-0.0361,0.1448,1.0122,-4.0611,13.3511,-6.2901,0,0,0
-0.0588,0.1438,1.0039,-2.9771,15.7252,-7.0229,0,0,0
-0.0557,0.1445,1.0132,-1.2672,14.6947,-7.6031,0,0,0
-0.0552,0.1521,1.02,-1.3435,16.8321,-6.9313,0,0,0
-0.0693,0.1482,1.0525,-4.0076,19.4962,-6.4198,0,0,0
-0.0884,0.1624,1.0427,-6.855,21.4351,-6.8397,0,0,0
-0.0969,0.1526,1.0247,-8.1832,20.8321,-6.9618,0,0,0
-0.0945,0.1543,1.0249,-8.7405,18.1985,-5.9389,0,0,0
-0.0664,0.1414,1.0151,-9.4427,17.7405,-4.9466,0,0,0
-0.1006,0.1453,0.9885,-8.4504,21.2519,-6.7176,0,0,0
-0.0349,0.113,1.0459,-6.687,26.7786,-5.1069,0,0,0
-0.1101,0.1321,1.0029,-4.7786,25.8321,-8.084,0,0,0
-0.1636,0.145,0.9814,-4.0687,24.4809,-10.0534,0,0,0
-0.167,0.1528,0.9895,-4.0534,22.9771,-9.8626,0,0,0
-0.1208,0.1533,1.0044,-5.6107,22.4351,-7.6565,0,0,0
-0.0676,0.1467,1.0408,-5.6794,25.0916,-7.3664,0,0,0
-0.0803,0.1243,1.0623,-5.3817,25.5954,-7.458,0,0,0
-0.0928,0.136,1.0295,-7.1985,24.4198,-7.1679,0,0,0
-0.1353,0.1282,1.0237,-6.6336,22.6336,-8.9084,0,0,0
-0.1497,0.1313,1.0115,-8.2901,23.8931,-10.8168,0,0,0
-0.1436,0.1282,0.99,-8.458,27.5954,-9.7099,0,0,0
-0.1521,0.1169,0.98,-5.0534,21.7252,-9.3359,0,0,0
-0.1265,0.1213,0.9976,-4.0458,18.3206,-5.4733,0,0,0
-0.1465,0.1187,1.0088,-3.0992,17.458,-1.5038,0,0,0
-0.2217,0.137,0.9705,-3.8626,20.1374,0.0382,0,0,0
-0.2395,0.1431,0.9709,-3.1832,20.5878,-4.0534,0,0,0
-0.1853,0.1438,1.011,-3.3664,15.4656,-7.2519,0,0,0
-0.1038,0.127,1.0383,-7.5191,16.2061,-3.7863,0,0,0
-0.155,0.127,0.9973,-10.313,23.7328,-1.7939,0,0,0
-0.2036,0.1025,0.9675,-7.6031,27.4733,-3.9237,0,0,0
-0.2043,0.1094,0.968,-4.5573,24.3511,-6.2214,0,0,0
-0.2043,0.1128,0.9717,-3.6183,23.1145,-4.6412,0,0,0
-0.1794,0.1243,0.989,-2.8931,24.374,-3.1985,0,0,0
-0.1462,0.1152,1.0354,-3.4351,26.7328,-2.0992,0,0,0
-0.1882,0.1204,1.0095,-3.6489,26.7786,-1.626,0,0,0
-0.1797,0.1121,1.0142,-5.0611,28.7863,-1.2137,0,0,0
-0.2512,0.1187,0.9812,-5.9695,29.4275,0.0076,0,0,0
-0.3074,0.1228,0.9592,-3.8626,25.1298,-3.1145,0,0,0
-0.312,0.1304,0.9749,-4.4046,17.5954,-5.0229,0,0,0
-0.26,0.1265,0.999,-4.6107,7.2901,-4.6489,0,0,0
-0.2007,0.1326,1.01,-6.7023,3.4962,-0.458,0,0,0
-0.2126,0.1235,0.9919,-7.9389,4.6489,0.6031,0,0,0
-0.2095,0.1133,0.9775,-6.6794,6.8015,0.5191,0,0,0
-0.2241,0.1082,0.9749,-4.7328,8.9542,0.6183,0,0,0
-0.2451,0.1111,0.9807,-3.2519,8.5038,1.3053,0,0,0
-0.2891,0.1238,0.981,-5.4885,13.8015,1.8931,0,0,0
-0.3054,0.1267,1.0015,-3.7023,5.8779,-5.7786,0,0,0
-0.1682,0.1357,1.0251,-8.0687,15.1374,-5.6031,0,0,0
-0.2061,0.0964,1.0024,-6.5878,19.0611,-6.7939,0,0,0
-0.2019,0.1035,0.9775,-6.4198,28.9466,-4.0611,0,0,0
-0.2175,0.1033,0.9946,-4.084,30.7176,-2.0534,0,0,0
-0.2578,0.0994,0.9885,-0.5725,21.6947,0.8855,0,0,0
-0.3269,0.1072,0.9775,0.4656,10.542,3.771,0,0,0
-0.3135,0.1267,1.0088,-0.2061,1.2901,5.1069,0,0,0
-0.2905,0.1265,1.0164,-5.6794,-1.8092,5.229,0,0,0
-0.2793,0.1174,1.0103,-8.3435,0.0458,4.1603,0,0,0
-0.2329,0.1086,1.019,-10.0382,4.7939,3.5878,0,0,0
-0.2339,0.1042,0.9934,-14.5725,15.7176,7.6565,0,0,0
-0.2688,0.1069,0.9626,-14.4504,15.6031,7.0687,0,0,0
-0.2993,0.0925,0.9282,-10.6718,9.2672,5.374,0,0,0
-0.2695,0.0891,0.9504,-6.8321,4.2519,6.6107,0,0,0
-0.2478,0.085,0.98,-5.2672,4.4809,8.3969,0,0,0
-0.259,0.0874,0.9727,-3.4962,5.4733,10.3664,0,0,0
-0.2783,0.0972,0.9836,-3.4198,4.8855,12.5344,0,0,0
-0.3037,0.123,1.0085,-6.5038,2.0534,12.9466,0,0,0
-0.2903,0.1194,1.0151,-10.4046,0.1221,12.6336,0,0,0
-0.2905,0.1162,0.9917,-12.0382,-2.8015,12.7176,0,0,0
-0.2837,0.0981,0.9827,-12.4046,-2.1985,11.9771,0,0,0
-0.2646,0.0977,0.9824,-14.2824,-1.9008,13.6336,0,0,0
-0.2334,0.0811,0.9963,-14.542,0.3359,18.7481,0,0,0
-0.2568,0.1082,0.9829,-17.6183,1.3817,23.3511,0,0,0
-0.2761,0.0935,0.9683,-17.5725,-0.8397,23.0458,0,0,0
-0.2854,0.0981,0.9578,-13.2519,-1.3817,19.6183,0,0,0
-0.2825,0.0891,0.9626,-9.313,-1.3588,16.0916,0,0,0
-0.2844,0.0952,0.9668,-6.8855,-2.458,14.5802,0,0,0
-0.2617,0.0933,0.9846,-6.458,-1.4351,15.145,0,0,0
-0.2861,0.0952,0.9832,-7.8015,-1.3511,17.5573,0,0,0
-0.2559,0.1003,1.0293,-10.771,-0.3206,19.145,0,0,0
-0.2534,0.1052,1.0239,-15.3893,3.8931,17.4427,0,0,0
-0.229,0.0774,1.0039,-15.9008,6.771,20.458,0,0,0
-0.241,0.0642,0.9905,-13.2748,9.1679,24.0382,0,0,0
-0.2813,0.0654,0.9736,-11.6794,8.2595,24.8702,0,0,0
-0.3293,0.1155,0.9905,-12.5878,5.1908,24.7405,0,0,0
-0.3416,0.0959,1.0002,-14.5038,1.8855,19.6107,0,0,0
-0.3115,0.1091,0.9949,-16.6641,-1.2672,16.8244,0,0,0
-0.2361,0.0718,1.0005,-17.2366,-1.3053,16.2366,0,0,0
-0.1985,0.0352,0.9822,-15.0611,3.771,19.4427,0,0,0
-0.2104,0.0508,0.9702,-11.2137,8.6947,24.6107,0,0,0
-0.2449,0.0376,0.9753,-10.3359,11.0916,28.2061,0,0,0
-0.2925,0.1155,0.9844,-10.6565,6.855,31.4122,0,0,0
-0.322,0.0913,0.9995,-13.771,2.5191,29.0916,0,0,0
-0.3042,0.0925,1.0076,-16.1603,0.374,23.6947,0,0,0
-0.2888,0.1108,1.0083,-17.6183,-0.916,19.2977,0,0,0
-0.2595,0.0737,1.0293,-18.0382,-1.6412,17.3511,0,0,0
-0.2744,0.0964,1.0061,-18.6565,1.4122,15.3359,0,0,0
-0.3193,0.0857,0.9463,-17.3588,0.6947,12.0382,0,0,0
-0.3342,0.0906,0.9497,-15.3969,-4.3359,8.8321,0,0,0
-0.3018,0.0745,0.9841,-14.6412,-6.0,8.458,0,0,0
-0.2878,0.0806,0.9834,-16.0153,-9.1603,9.0153,0,0,0
-0.2739,0.0671,0.9707,-16.2748,-10.0382,10.2824,0,0,0
-0.2688,0.0474,0.9744,-15.5038,-10.7176,9.6718,0,0,0
-0.2437,0.0725,0.9741,-14.9618,-6.626,11.2901,0,0,0
-0.2532,0.0437,0.9875,-13.0534,-6.0076,11.7863,0,0,0
-0.2639,0.0486,0.9832,-11.8626,-5.9389,10.3588,0,0,0
-0.2585,0.0486,0.98,-10.1221,-8.0534,9.6412,0,0,0
-0.2629,0.0503,0.9907,-9.6107,-8.0305,9.3664,0,0,0
-0.2734,0.053,0.9878,-10.7252,-9.1908,8.6183,0,0,0
-0.2549,0.0415,0.9998,-10.0534,-9.0458,8.0229,0,0,0
-0.2473,0.0525,0.9856,-9.5649,-6.5649,9.626,0,0,0
-0.2637,0.0557,0.9915,-9.8779,-6.229,10.3435,0,0,0
-0.2842,0.0583,1.0017,-10.8397,-7.0229,9.855,0,0,0
-0.2888,0.0479,1.0059,-11.7939,-8.6947,7.0534,0,0,0
-0.2847,0.0686,1.0093,-12.7634,-10.2901,3.7176,0,0,0
-0.2869,0.074,1.0015,-14.2443,-12.4046,3.0305,0,0,0
-0.2571,0.0681,1.0134,-16.5496,-11.9084,0.2901,0,0,0
-0.2349,0.0439,0.9841,-18.6718,-10.8779,1.1221,0,0,0
-0.217,0.0166,0.9807,-17.9466,-10.0992,4.7634,0,0,0
-0.2251,0.042,0.9568,-16.5878,-9.7786,7.3359,0,0,0
-0.2375,0.0283,0.9622,-14.5267,-8.6718,6.2977,0,0,0
-0.2432,0.0029,0.9604,-10.855,-8.6107,5.0916,0,0,0
-0.2446,0.022,0.9702,-7.9771,-7.9618,5.8855,0,0,0
-0.2109,0.0125,1.0098,-5.4962,-5.7634,4.7023,0,0,0
-0.1948,0.0266,1.0276,-4.8244,-1.229,5.1908,0,0,0
-0.207,0.0222,1.0332,-5.7557,2.1985,6.9695,0,0,0
-0.2224,0.0308,1.0161,-5.4809,1.8779,8.5573,0,0,0
-0.2576,0.0403,1.0088,-5.3206,1.8931,6.9466,0,0,0
-0.2759,0.0459,0.9983,-5.7328,2.6183,2.3511,0,0,0
-0.2878,0.0483,0.9836,-7.4351,0.5573,2.5115,0,0,0
-0.261,0.0115,1.0059,-9.7786,-0.9237,0.1069,0,0,0
-0.2412,0.0381,0.9897,-12.1527,-3.0458,1.145,0,0,0
-0.2041,0.0002,1.0071,-10.7023,-5.6412,7.9389,0,0,0
-0.2092,-0.001,1.0054,-9.3511,-5.5038,11.3969,0,0,0
-0.2312,0.0347,0.9893,-9.3435,-4.5344,11.5802,0,0,0
-0.2507,0.0327,0.9905,-10.3664,-2.687,10.084,0,0,0
-0.2454,0.0139,0.9949,-10.5725,-1.2061,9.6183,0,0,0
-0.2278,-0.0046,1.0181,-9.9847,1.0382,7.4962,0,0,0
-0.2205,0.0093,1.0117,-9.9389,4.6794,4.7939,0,0,0
-0.2314,0.0161,0.9792,-7.2824,7.5496,3.5267,0,0,0
-0.2517,0.0112,0.9836,-5.9695,6.4656,2.6107,0,0,0
-0.2534,0.021,0.9768,-6.5802,3.7023,3.6489,0,0,0
-0.2412,0.0117,0.9819,-7.4046,0.1069,5.4962,0,0,0
-0.2327,0.0027,0.9912,-6.8702,-1.0076,8.0534,0,0,0
-0.2197,0.011,1.0024,-7.7557,0.2672,11.3053,0,0,0
-0.2224,0.0647,0.9854,-11.6641,3.9771,10.7176,0,0,0
-0.2083,0.0063,1.0229,-11.5191,9.2977,9.7405,0,0,0
-0.2322,-0.0171,0.9829,-8.0153,11.7786,10.0611,0,0,0
-0.2351,-0.0015,1.0032,-5.458,11.9237,10.4351,0,0,0
-0.2549,0.032,1.0117,-8.229,12.1679,10.2672,0,0,0
-0.2744,0.0095,1.022,-11.9466,9.3817,9.3511,0,0,0
-0.2712,0.0227,1.009,-13.0763,7.0076,8.626,0,0,0
-0.2695,0.0015,0.9934,-12.9389,5.2977,8.1985,0,0,0
-0.2773,-0.0015,0.9722,-10.855,3.8931,6.2672,0,0,0
-0.282,-0.0044,0.9768,-9.8931,0.7252,5.2061,0,0,0
-0.2527,-0.0107,0.9983,-9.7939,-0.2672,5.4504,0,0,0
-0.2583,-0.0066,0.9929,-9.8168,0.9618,4.8855,0,0,0
-0.2495,0.0078,1.0127,-11.3053,2.8168,6.374,0,0,0
-0.2495,-0.0095,1.0259,-13.1756,4.5344,4.9542,0,0,0
-0.2361,-0.0151,1.0146,-14.1756,4.1985,4.6718,0,0,0
-0.2305,-0.0229,0.9995,-13.3893,4.3206,5.4733,0,0,0
-0.2424,-0.0388,0.9773,-10.6718,4.3969,6.1527,0,0,0
-0.2742,-0.0266,0.9658,-6.7176,3.9313,4.0687,0,0,0
-0.29,-0.0093,0.9753,-3.9847,2.5115,1.9008,0,0,0
-0.2864,0.0027,0.9731,-4.4275,-1.5267,0.6107,0,0,0
-0.2727,-0.0024,0.9512,-4.1298,-6.1679,1.5649,0,0,0
-0.2583,-0.02,0.9561,-0.313,-8.916,2.7939,0,0,0
-0.281,0.0095,0.9595,2.0,-8.4275,0.8321,0,0,0
-0.3035,-0.0005,0.9761,2.7252,-11.855,-4.1832,0,0,0
-0.2849,0.0144,1.0071,1.6412,-17.3588,-5.0,0,0,0
-0.2656,0.0081,1.0427,-1.7023,-20.4198,-5.2748,0,0,0
-0.2285,0.0266,1.0613,-8.3969,-23.5802,-3.2901,0,0,0
-0.2163,-0.0103,1.0425,-13.4275,-22.9466,-1.6336,0,0,0
-0.2192,-0.0269,1.0105,-13.9542,-22.6794,0.1908,0,0,0
-0.2271,-0.0198,0.9851,-12.4962,-19.8092,1.2595,0,0,0
-0.2527,-0.0151,0.9895,-12.2137,-19.4504,1.8855,0,0,0
-0.2566,0.0046,1.0083,-15.1069,-19.9618,0.9084,0,0,0
-0.2676,-0.0042,1.0081,-18.7252,-23.7634,1.374,0,0,0
-0.2322,-0.0061,1.0178,-21.4962,-26.6489,0.0611,0,0,0
-0.1982,-0.0393,1.0081,-20.687,-24.2595,-1.6412,0,0,0
-0.1614,-0.0618,0.999,-19.1832,-20.2443,-1.6947,0,0,0
-0.1536,-0.0637,0.9871,-15.7634,-15.7405,1.4046,0,0,0
-0.1853,-0.0679,0.9836,-12.0229,-12.6489,2.9695,0,0,0
-0.2114,-0.0464,0.9849,-8.626,-13.145,3.4809,0,0,0
-0.2104,-0.0479,1.0017,-6.8855,-13.0458,1.7252,0,0,0
-0.2114,-0.0508,0.9885,-5.2977,-13.0382,-1.0916,0,0,0
-0.22,-0.0466,0.9832,-2.6412,-13.855,-3.7481,0,0,0
-0.2112,-0.05,0.9749,-0.4962,-16.0,-3.6565,0,0,0
-0.229,-0.0369,0.988,0.916,-20.7939,-7.5954,0,0,0
-0.207,-0.0391,1.0259,0.6183,-22.8473,-12.2443,0,0,0
-0.1746,-0.0493,1.0308,0.4427,-26.6718,-10.7863,0,0,0
-0.1406,-0.0513,1.0549,-0.7481,-28.5878,-6.1679,0,0,0
-0.1624,-0.042,1.0342,-3.1985,-28.542,-3.9084,0,0,0
-0.1733,-0.0447,1.0166,-3.6641,-30.1221,-3.8321,0,0,0
-0.156,-0.0513,1.0039,-3.0458,-28.6107,-5.8244,0,0,0
-0.1455,-0.054,0.9976,-1.4275,-26.3511,-5.2824,0,0,0
-0.1672,-0.0745,0.9792,1.8931,-26.5191,-6.9695,0,0,0
-0.1221,-0.0574,0.9854,5.3511,-29.1527,-10.2061,0,0,0
-0.0935,-0.0552,1.0093,6.8626,-27.0458,-9.4733,0,0,0
-0.1167,-0.0457,1.0239,7.1221,-23.8168,-7.1832,0,0,0
-0.1182,-0.0332,1.051,4.8321,-20.9237,-6.2672,0,0,0
-0.1157,-0.0344,1.0608,1.313,-18.2977,-5.1069,0,0,0
-0.1333,-0.0281,1.0271,-0.5878,-17.5878,-3.7405,0,0,0
-0.1516,-0.0339,1.0056,-0.687,-20.5954,-4.5802,0,0,0
-0.1208,-0.0376,1.0144,0.374,-22.145,-6.6031,0,0,0
-0.1157,-0.043,1.0188,1.4351,-19.8473,-7.4198,0,0,0
-0.1069,-0.0376,1.0183,3.2824,-20.5954,-8.687,0,0,0
-0.0991,-0.0396,1.0173,4.5115,-21.9466,-8.2595,0,0,0
-0.0859,-0.0483,1.0156,5.6947,-22.7481,-8.0229,0,0,0
-0.1001,-0.0317,1.0105,7.9924,-19.9084,-7.9618,0,0,0
-0.1326,-0.0205,1.0222,8.2824,-19.229,-9.4046,0,0,0
-0.1201,-0.0076,1.0349,6.5878,-19.6107,-11.084,0,0,0
-0.0796,-0.0225,1.0242,5.1985,-19.0153,-10.8397,0,0,0
-0.0581,-0.0342,1.0198,6.0153,-14.7939,-10.771,0,0,0
-0.082,-0.0251,1.0173,6.8015,-11.855,-9.916,0,0,0
-0.0715,-0.0159,1.0298,5.3817,-11.3435,-10.687,0,0,0
-0.0564,-0.0327,1.0264,4.5267,-10.2824,-9.0458,0,0,0
-0.0725,-0.0313,1.0037,6.2824,-9.9237,-7.9695,0,0,0
-0.0596,-0.0334,0.9949,9.5954,-8.9847,-11.2443,0,0,0
-0.0315,-0.0471,0.9783,15.229,-5.3282,-15.0153,0,0,0
-0.0024,-0.0681,0.9639,24.5191,4.3282,-18.1908,0,0,0
-0.0557,-0.0386,0.9822,33.4809,16.0305,-24.5114,0,0,0
-0.0659,0.0168,1.0271,35.2748,24.1985,-34.2061,0,0,0
-0.0955,0.0054,1.0117,35.0611,26.0992,-36.0076,0,0,0
-0.1545,0.0322,1.0066,34.2519,22.6947,-34.6336,0,0,0
-0.1377,0.0735,1.0581,30.2519,16.8626,-33.0,0,0,0
-0.1248,0.0605,1.0984,21.374,9.771,-27.7252,0,0,0
-0.0837,0.0386,1.075,15.0687,6.9466,-23.1145,0,0,0
-0.0762,0.0305,1.04,12.9618,4.6718,-17.5725,0,0,0
-0.0798,0.0054,1.0042,15.4427,2.229,-13.8092,0,0,0
-0.0757,-0.0039,0.9868,20.8702,-0.2443,-11.4733,0,0,0
-0.0796,0.0142,0.9717,26.9084,1.1832,-11.4351,0,0,0
-0.0762,0.0273,1.0024,29.9542,5.8015,-15.5573,0,0,0
-0.1155,0.0464,1.0164,31.3359,10.2137,-17.5267,0,0,0
-0.165,0.0933,1.0559,28.229,8.8702,-21.084,0,0,0
-0.1504,0.0706,1.0757,21.4427,3.5573,-23.4733,0,0,0
-0.1011,0.0737,1.0574,17.5802,-0.4427,-19.3893,0,0,0
-0.0879,0.0522,1.0339,16.0992,-4.1069,-11.0076,0,0,0
-0.0801,0.0642,1.0325,16.0153,-6.1603,-5.7557,0,0,0
-0.0754,0.0703,1.0249,14.7023,-3.9237,-2.7939,0,0,0
-0.0928,0.0864,1.0144,14.4122,0.1069,-2.1221,0,0,0
-0.1277,0.0977,1.0361,12.6718,4.084,-7.6565,0,0,0
-0.1104,0.1025,1.0444,9.7863,7.8015,-13.1298,0,0,0
-0.116,0.0925,1.0427,6.1679,10.542,-15.9313,0,0,0
-0.1194,0.0967,1.0391,2.9389,12.855,-17.2748,0,0,0
-0.1177,0.1047,1.0442,-1.4504,13.0305,-16.9389,0,0,0
-0.1448,0.1038,1.0237,-3.5573,10.3969,-16.5191,0,0,0
-0.1179,0.0942,1.0056,-3.771,8.9924,-17.9771,0,0,0
-0.0847,0.0669,1.0088,-1.2214,13.6718,-20.3893,0,0,0
-0.0908,0.0435,0.9978,2.3206,19.0,-19.8473,0,0,0
-0.1143,0.0417,0.9944,7.4046,21.145,-15.7252,0,0,0
-0.1394,0.0859,1.0283,7.9084,18.3969,-12.8779,0,0,0
-0.1409,0.1062,1.043,4.0611,15.4122,-10.6183,0,0,0
-0.1541,0.1035,1.0452,2.5115,15.5954,-11.7634,0,0,0
-0.1284,0.1096,1.0364,1.1374,15.4809,-16.9313,0,0,0
-0.0742,0.0627,1.03,0.0305,24.0153,-19.771,0,0,0
-0.1013,0.0789,0.9861,3.7557,30.2824,-16.9084,0,0,0
-0.1707,0.0569,0.9465,8.7405,28.8473,-13.1298,0,0,0
-0.2144,0.083,0.9924,11.542,20.2443,-12.5038,0,0,0
-0.2241,0.1187,1.0439,7.6412,11.8931,-10.771,0,0,0
-0.2397,0.1213,1.0735,-0.1298,4.4962,-11.374,0,0,0
-0.1682,0.1138,1.0569,-5.7634,1.4046,-11.0763,0,0,0
-0.1313,0.0771,1.0198,-7.7634,3.084,-9.4046,0,0,0
-0.1265,0.0623,0.9727,-4.1527,5.0763,-5.5802,0,0,0
-0.1443,0.0632,0.9705,0.2137,4.4656,-1.8855,0,0,0
-0.1489,0.0879,1.0051,0.916,6.6412,-1.4351,0,0,0
-0.1802,0.1001,1.0239,-2.3435,11.1832,-4.1221,0,0,0
-0.1409,0.0942,1.0359,-5.2519,16.3817,-2.313,0,0,0
-0.239,0.0769,0.9885,-3.3435,13.2901,-4.9466,0,0,0
-0.1719,0.0869,1.0164,-4.2214,10.916,-4.2366,0,0,0
-0.1646,0.0671,0.9993,-4.229,10.2519,-3.5878,0,0,0
-0.1392,0.0835,1.0208,-4.3969,11.145,-1.2672,0,0,0
-0.1755,0.0786,1.0222,-6.2595,16.1985,-1.9847,0,0,0
-0.1851,0.0952,1.0334,-7.7328,17.5038,-4.2672,0,0,0
-0.1797,0.0862,1.0278,-11.2366,16.2137,0.6107,0,0,0
-0.2141,0.0723,0.9961,-12.4275,20.4122,7.7863,0,0,0
-0.2402,0.0872,0.9805,-10.5573,20.3359,5.3511,0,0,0
-0.2432,0.0886,0.9687,-9.6565,18.3817,2.8168,0,0,0
-0.2104,0.073,0.9954,-8.374,16.1374,3.6565,0,0,0
-0.1926,0.0796,1.0188,-9.8321,15.2672,5.5038,0,0,0
-0.1975,0.085,1.0347,-11.6107,14.771,5.6794,0,0,0
-0.2085,0.0691,1.001,-11.8931,11.8931,5.9695,0,0,0
-0.2253,0.0562,0.9812,-8.9466,8.229,5.916,0,0,0
-0.2214,0.0564,0.9875,-6.5191,3.2061,7.5573,0,0,0
-0.2209,0.0693,1.0073,-6.8015,1.0305,8.3969,0,0,0
-0.2312,0.0784,1.0103,-8.7099,0.6718,6.229,0,0,0
-0.2178,0.0645,1.0012,-9.084,2.2672,3.9084,0,0,0
-0.2087,0.0754,1.0066,-9.0229,5.8397,2.6183,0,0,0
-0.2207,0.0708,1.0132,-10.4962,8.4885,0.0382,0,0,0
-0.2244,0.0598,1.0005,-12.1374,6.9924,3.1603,0,0,0
-0.2202,0.0525,1.0205,-12.5267,4.5115,7.4046,0,0,0
-0.2136,0.0559,1.0144,-12.8092,4.0916,8.6412,0,0,0
-0.2212,0.0562,0.9963,-12.9924,3.916,10.0916,0,0,0
-0.2173,0.0488,0.988,-11.1145,2.4122,10.1298,0,0,0
-0.2234,0.0449,0.9702,-7.6031,0.3359,10.1832,0,0,0
-0.2175,0.04,0.9773,-4.8397,0.2061,9.4809,0,0,0
-0.2163,0.0549,0.9958,-3.8626,2.7863,8.1603,0,0,0
-0.2073,0.0518,1.0,-4.0992,5.3435,8.2214,0,0,0
-0.229,0.0605,0.9961,-4.1832,5.2443,10.5038,0,0,0
-0.2476,0.0774,1.0129,-5.8702,4.687,9.6794,0,0,0
-0.2556,0.0737,1.0183,-8.5954,4.145,3.8931,0,0,0
-0.2573,0.0586,0.991,-8.0687,1.3359,1.7328,0,0,0
-0.2495,0.0471,0.9871,-5.1756,-2.2901,3.1985,0,0,0
-0.2429,0.0574,1.0037,-4.2366,-4.9771,1.9924,0,0,0
-0.2351,0.0579,0.9968,-4.8092,-6.5267,-0.2443,0,0,0
-0.2236,0.0408,0.9856,-3.5725,-8.3435,0.3435,0,0,0
-0.2227,0.0447,0.9924,-1.7557,-10.1221,1.8702,0,0,0
-0.2014,0.0569,1.0178,-2.1832,-5.6489,-0.6489,0,0,0
-0.2139,0.0481,1.0134,-3.0305,-1.8626,-2.4427,0,0,0
-0.2266,0.0444,0.9907,-2.2824,-1.9695,-2.1374,0,0,0
-0.2212,0.0564,1.0071,-2.8855,-2.0076,-1.7863,0,0,0
-0.2227,0.0479,0.9922,-2.2214,-5.8092,1.1298,0,0,0
-0.2175,0.0549,1.0115,-4.4962,-2.3053,-2.0,0,0,0
-0.2244,0.0461,0.9902,-3.9237,-4.3206,0.1985,0,0,0
-0.2146,0.0496,1.01,-1.8168,-4.5344,-0.0153,0,0,0
-0.2112,0.0505,1.0005,-1.7252,-2.8779,-0.1832,0,0,0
-0.2261,0.0513,0.9927,-1.687,-1.3588,-0.4962,0,0,0
-0.2258,0.0535,0.9915,-0.5954,-1.4122,-0.458,0,0,0
-0.2305,0.0544,0.9941,-0.6641,-2.687,-0.771,0,0,0
-0.2268,0.0603,1.0073,-1.5573,-1.9008,-2.1069,0,0,0
-0.2217,0.0483,1.0115,-1.9313,-1.1374,-3.1527,0,0,0
-0.2175,0.0518,1.0056,-2.1374,-1.5191,-2.1908,0,0,0
-0.2139,0.0603,1.0098,-2.9542,-1.7023,-2.0763,0,0,0
-0.2153,0.0496,1.0034,-3.5267,-2.1221,-1.9542,0,0,0
-0.1992,0.0413,0.998,-3.0382,-2.5115,-1.3969,0,0,0
-0.196,0.032,0.9951,-1.7405,-1.084,-0.2672,0,0,0
-0.2075,0.0408,0.9897,-0.8244,-0.6107,0.2824,0,0,0
-0.2371,0.0488,0.9946,-0.9466,-0.8244,0.2443,0,0,0
-0.2422,0.0608,1.0173,-2.7099,-2.6183,-1.1985,0,0,0
-0.2241,0.0535,1.0125,-3.9542,-3.8397,-1.8473,0,0,0
-0.2131,0.0515,0.9988,-3.8626,-4.8321,-0.8473,0,0,0
-0.2205,0.0593,0.9905,-3.6718,-4.9084,-1.3282,0,0,0
-0.2085,0.051,1.0046,-3.6718,-4.6107,-3.3053,0,0,0
-0.2075,0.0461,0.9927,-3.5954,-4.2061,-1.8168,0,0,0
-0.2239,0.0486,0.9993,-3.0763,-4.7863,-1.1603,0,0,0
-0.2185,0.0474,1.0,-3.6031,-4.5191,-3.5267,0,0,0
-0.2092,0.0459,0.9971,-3.4809,-4.3206,-4.1832,0,0,0
-0.2187,0.0447,0.9946,-2.4275,-5.7634,-3.0611,0,0,0
-0.2085,0.0493,1.012,-2.5038,-6.626,-2.4122,0,0,0
-0.2095,0.0508,1.0122,-3.6794,-6.9466,-2.1985,0,0,0
-0.2332,0.0542,0.9978,-4.4504,-8.771,-1.1908,0,0,0
-0.2344,0.0452,0.9998,-4.4198,-11.6641,-1.0229,0,0,0
-0.2642,0.0593,0.9985,-5.7634,-16.9008,-0.4962,0,0,0
-0.2849,0.0671,0.9954,-7.4809,-23.6336,-1.5496,0,0,0
-0.2859,0.05,0.9998,-8.8779,-35.0,-1.0916,0,0,0
-0.2722,0.0581,0.9885,-10.4809,-49.2214,-0.3511,0,0,0
-0.208,0.0505,1.02,-11.1679,-59.6489,0.9695,0,0,0
-0.1711,0.0513,1.0283,-12.0382,-60.1908,0.6412,0,0,0
-0.166,0.0383,1.0183,-12.0305,-65.0916,0.916,0,0,0
-0.1804,0.0469,0.9875,-11.0382,-74.687,2.2901,0,0,0
-0.1831,0.0457,1.0088,-12.6641,-92.6565,3.8321,0,0,0
-0.1228,0.0415,1.031,-15.4046,-105.0382,3.7786,0,0,0
-0.0183,0.0098,1.0195,-13.4046,-102.9466,4.5573,0,0,0
0.0686,-0.0142,1.0491,-8.3817,-85.5344,5.4733,0,0,0
0.0962,-0.0039,1.0549,-6.0382,-58.3817,4.916,0,0,0
0.071,-0.0044,1.0291,-3.5496,-30.9542,2.374,0,0,0
0.0281,0.0054,1.0142,-0.4504,-9.6718,-3.7252,0,0,0
0.02,0.0037,1.0107,1.4275,5.2824,-7.3664,0,0,0
0.0334,-0.0051,1.021,3.7786,19.4198,-8.2824,0,0,0
0.0212,0.0002,1.0054,7.2748,33.1221,-8.6183,0,0,0
0.0059,0.0139,1.0154,8.3359,46.1679,-7.9847,0,0,0
-0.0459,0.0276,1.0378,7.9924,55.0,-10.0229,0,0,0
-0.0581,0.0149,1.0437,5.8855,58.5267,-10.5878,0,0,0
-0.1133,0.0322,1.0325,4.4504,53.1221,-5.542,0,0,0
-0.1069,0.0417,1.0466,1.5954,45.5878,-2.3359,0,0,0
-0.1362,0.061,1.033,-1.1832,39.0382,-0.5267,0,0,0
-0.1445,0.0356,1.0435,-2.4885,35.2977,-0.5573,0,0,0
-0.0774,0.0273,1.0535,-5.2061,37.8092,-1.0229,0,0,0
-0.0657,0.0044,1.0139,-5.0992,47.8397,-0.2595,0,0,0
-0.0977,0.0017,0.9753,-0.7252,53.3588,3.3588,0,0,0
-0.1636,0.021,0.9714,3.2595,51.626,5.9618,0,0,0
-0.22,0.0571,0.9851,3.7939,41.8015,3.2061,0,0,0
-0.2341,0.0532,0.9968,1.3282,30.8855,1.6947,0,0,0
-0.241,0.0486,1.0178,0.3359,17.6794,2.7557,0,0,0
-0.2434,0.0574,1.0188,-1.3282,3.1679,4.4962,0,0,0
-0.2705,0.0752,1.0222,-5.7481,-13.687,5.2443,0,0,0
-0.2356,0.0615,1.0264,-8.4809,-25.4427,4.7176,0,0,0
-0.1931,0.0466,1.0315,-9.0153,-27.7634,1.8321,0,0,0
-0.1458,0.0413,1.0173,-9.7405,-26.7634,0.458,0,0,0
-0.0957,0.0132,1.0022,-8.3588,-19.3359,1.1069,0,0,0
-0.0906,0.0029,0.9785,-3.8855,-13.2214,3.229,0,0,0
-0.1326,0.0115,0.9773,0.5802,-9.8626,3.0916,0,0,0
-0.179,0.0293,0.9958,3.3511,-13.8931,0.4504,0,0,0
-0.1746,0.0332,1.0303,2.0992,-22.9695,0.7099,0,0,0
-0.166,0.0435,1.0532,-0.7252,-31.2443,2.3435,0,0,0
-0.1558,0.0491,1.0664,-3.7481,-37.8397,3.5191,0,0,0
-0.0918,0.0569,1.0708,-7.5878,-37.5954,3.2366,0,0,0
0.0068,0.0261,1.0645,-13.3511,-22.4275,0.5344,0,0,0
0.0261,-0.0178,0.9893,-10.9771,1.3969,-1.8779,0,0,0
-0.0166,-0.0378,0.9365,-0.2519,20.1298,0.4198,0,0,0
-0.0972,-0.0063,0.9458,7.9771,29.1679,1.7405,0,0,0
-0.1692,0.0471,0.9841,9.855,30.3817,-0.5115,0,0,0
-0.1631,0.0386,1.02,7.8779,29.8321,-4.0382,0,0,0
-0.1729,0.0452,1.0337,6.4809,27.6565,-4.9008,0,0,0
-0.186,0.0542,1.0505,4.1985,22.7328,-3.229,0,0,0
-0.2258,0.0623,1.0464,0.3359,10.084,-1.0992,0,0,0
-0.2417,0.0703,1.0405,-3.7252,-7.5344,0.2214,0,0,0
-0.2312,0.0623,1.051,-7.3359,-22.5496,0.9008,0,0,0
-0.2493,0.0684,1.0349,-10.7405,-39.1832,1.9313,0,0,0
-0.2849,0.0496,0.9905,-10.6031,-61.6718,0.4504,0,0,0
-0.1362,0.0464,1.0437,-10.1069,-76.8092,1.687,0,0,0
-0.0083,0.0251,1.0735,-14.4504,-72.1298,5.9313,0,0,0
0.0623,-0.0044,1.0391,-14.7023,-53.3969,7.6336,0,0,0
0.1001,-0.0149,1.0027,-9.2137,-22.9618,5.8321,0,0,0
0.0972,-0.0225,0.9863,-4.1527,12.6718,-0.4733,0,0,0
0.0042,-0.0459,0.9312,4.1145,36.3282,-4.1298,0,0,0
-0.0386,-0.0046,0.937,12.3511,46.3359,-3.145,0,0,0
-0.085,0.0159,0.9995,15.2061,52.6031,-1.4733,0,0,0
-0.1648,0.0454,1.0405,13.0229,55.0687,-4.4504,0,0,0
-0.2053,0.0559,1.0476,8.6565,48.1527,-5.7023,0,0,0
-0.2004,0.0608,1.0605,5.2672,40.0763,-5.3053,0,0,0
-0.2,0.0698,1.0645,-0.5267,30.4046,-4.2901,0,0,0
-0.199,0.0566,1.0396,-4.0382,21.3435,-4.2748,0,0,0
-0.2151,0.0498,1.0156,-5.8931,9.7023,-3.1069,0,0,0
-0.2102,0.0459,1.0146,-5.855,-3.2519,-1.6336,0,0,0
-0.197,0.0413,1.0261,-6.7328,-16.1985,1.1908,0,0,0
-0.1875,0.0469,1.0173,-8.3817,-25.084,3.6107,0,0,0
-0.1831,0.0427,1.0186,-9.6794,-31.1298,3.0382,0,0,0
-0.1677,0.0352,1.0139,-9.542,-34.5725,0.0382,0,0,0
-0.106,0.0376,1.0317,-10.0611,-35.7328,-0.6183,0,0,0
-0.0459,0.0044,1.0195,-10.2595,-26.9695,-0.916,0,0,0
-0.0085,-0.0015,1.0059,-7.1832,-14.2595,0.2366,0,0,0
0.0139,-0.0012,1.0054,-3.2748,0.4809,1.5649,0,0,0
-0.0193,-0.0115,1.0095,0.5573,15.4122,1.0,0,0,0
-0.0557,-0.0046,1.0081,4.084,27.4733,0.1985,0,0,0
-0.1023,0.0188,1.0093,6.7099,32.8397,-0.0382,0,0,0
-0.1206,0.0349,1.0383,5.4809,36.458,-0.0687,0,0,0
-0.1553,0.0442,1.0342,2.0153,40.7557,-0.687,0,0,0
-0.1802,0.0527,1.0129,1.4504,40.4504,-1.1756,0,0,0
-0.1934,0.0488,1.0134,-0.1145,39.9466,-2.0611,0,0,0
-0.21,0.0459,1.0029,-0.2214,37.0916,-3.9847,0,0,0
-0.2075,0.0422,0.9939,0.5267,31.855,-4.2214,0,0,0
-0.249,0.0461,0.9917,0.5573,21.5802,-3.7099,0,0,0
-0.2642,0.0432,1.0168,-0.0763,5.8702,-3.9771,0,0,0
-0.2498,0.0454,1.0444,-1.7557,-12.6336,-2.6718,0,0,0
-0.2151,0.0464,1.0642,-5.8779,-25.771,1.1221,0,0,0
-0.1968,0.0383,1.0674,-10.7557,-32.0,2.2443,0,0,0
-0.1853,0.0325,1.0393,-11.7099,-33.9313,1.9695,0,0,0
-0.1794,0.0322,1.022,-10.4046,-39.7786,-0.0305,0,0,0
-0.1057,0.0227,1.0347,-12.2672,-39.7786,0.3206,0,0,0
-0.0479,0.0137,1.02,-13.1298,-31.0534,1.8855,0,0,0
-0.0286,-0.0078,0.9951,-9.8931,-15.2595,0.7557,0,0,0
-0.0535,-0.0151,0.9619,-4.3359,-0.8092,1.0611,0,0,0
-0.106,-0.0024,0.9556,0.5038,8.3588,0.626,0,0,0
-0.1196,0.0103,0.9771,4.3206,13.5573,-1.1374,0,0,0
-0.1216,0.0164,0.9836,6.8321,18.145,-2.9313,0,0,0
-0.1226,0.0188,1.0027,8.3588,21.6031,-2.8397,0,0,0
-0.1521,0.0383,1.0244,7.9847,21.3969,-1.4198,0,0,0
-0.1829,0.0542,1.0386,4.9084,17.3664,-1.5038,0,0,0
-0.1855,0.0491,1.0588,1.3893,13.0687,-2.0382,0,0,0
-0.2053,0.0378,1.0266,-1.229,8.2443,-2.1908,0,0,0
-0.1892,0.0388,1.0278,-2.7405,3.3817,-1.6412,0,0,0
-0.1428,0.0273,1.0391,-3.9008,3.229,-1.6412,0,0,0
-0.1311,0.0125,1.0298,-5.0992,7.0687,-1.1985,0,0,0
-0.1562,0.0139,1.0015,-4.9771,8.3359,1.7405,0,0,0
-0.1538,0.0046,1.0037,-5.0687,6.6107,5.3359,0,0,0
-0.1313,0.0093,1.0334,-5.4351,8.9313,9.6183,0,0,0
-0.1738,0.0356,1.0203,-8.8931,10.7634,15.7634,0,0,0
-0.2083,0.0403,1.0186,-14.6183,7.374,21.5344,0,0,0
-0.1985,-0.0022,1.0447,-19.7634,-0.2519,28.0687,0,0,0
-0.1597,0.0271,1.042,-21.1069,-1.9771,28.2061,0,0,0
-0.1289,0.0027,1.0342,-18.7863,0.9542,24.8092,0,0,0
-0.126,0.0115,1.0024,-15.4427,5.2672,21.8931,0,0,0
-0.0967,0.0024,1.0437,-13.4504,8.8931,21.5038,0,0,0
-0.1577,0.0256,1.0571,-20.0611,6.6412,34.4122,0,0,0
-0.1648,-0.0222,0.9973,-12.2137,5.8779,25.0,0,0,0
-0.1646,-0.0046,0.9836,-7.8626,4.0916,28.0916,0,0,0
-0.145,0.0366,1.02,-8.2519,5.7405,28.2901,0,0,0
-0.1824,0.0203,1.0334,-11.8168,8.9924,28.2672,0,0,0
-0.1658,0.0203,1.0449,-15.1221,10.626,31.7939,0,0,0
-0.1841,0.0208,1.0261,-17.0153,8.6718,34.9924,0,0,0
-0.2051,0.0088,1.0249,-20.5649,3.7328,27.4122,0,0,0
-0.2329,0.0059,0.9846,-17.145,0.4122,19.8168,0,0,0
-0.1938,0.0078,0.999,-14.0687,-0.4504,15.1832,0,0,0
-0.1799,-0.0083,1.001,-13.687,0.9389,15.855,0,0,0
-0.166,0.0056,1.0002,-14.1069,2.5802,17.5496,0,0,0
-0.1724,-0.022,1.0083,-12.6412,9.4427,15.3435,0,0,0
-0.1909,0.0029,0.9915,-12.145,12.2443,13.1832,0,0,0
-0.2014,-0.02,0.988,-10.1221,9.9618,11.1298,0,0,0
-0.2222,-0.0017,0.9785,-5.7176,5.5649,8.4122,0,0,0
-0.2268,0.0107,0.989,-3.3664,0.9084,3.7405,0,0,0
-0.208,0.0063,0.9932,-2.2672,-2.1985,0.4275,0,0,0
-0.1926,-0.0059,0.9993,-0.542,-1.4504,-0.6947,0,0,0
-0.1836,0.0007,1.0049,0.9618,-0.0305,-1.8931,0,0,0
-0.1736,-0.0103,1.0017,2.3511,2.6336,-3.084,0,0,0
-0.1973,-0.0032,1.0037,3.8702,5.6794,-4.7939,0,0,0
-0.2043,-0.0032,1.0076,4.7252,4.6947,-6.4046,0,0,0
-0.207,0.0068,1.0105,4.9313,1.9313,-8.6641,0,0,0
-0.1992,0.001,1.0178,4.4962,0.6336,-11.5191,0,0,0
-0.1987,0.0039,1.0139,5.2748,-0.6794,-14.6565,0,0,0
-0.1921,-0.0017,1.019,6.1908,-2.5954,-16.8015,0,0,0
-0.1904,0.0042,1.0215,6.1832,-4.4962,-18.9847,0,0,0
-0.2183,0.0156,1.0027,6.6565,-6.6412,-22.1221,0,0,0
-0.2476,0.0205,0.9963,6.7481,-8.6489,-29.9542,0,0,0
-0.2258,0.0227,0.9951,7.7634,-8.8855,-39.4122,0,0,0
-0.1814,-0.0154,1.0015,11.626,-5.8473,-44.0458,0,0,0
-0.125,-0.0129,1.01,14.145,-0.5267,-40.8473,0,0,0
-0.1152,-0.022,1.021,14.8626,7.2137,-33.5038,0,0,0
-0.1489,-0.0129,1.0251,14.9084,8.6031,-25.3511,0,0,0
-0.1943,0.0115,1.0164,12.2595,4.0611,-18.2519,0,0,0
-0.1917,0.0027,1.0315,10.2977,-1.1298,-14.4275,0,0,0
-0.1648,-0.0032,1.041,9.1832,-3.6489,-11.8092,0,0,0
-0.1836,0.0015,1.0405,8.2595,-3.7634,-10.5344,0,0,0
-0.1904,0.0049,1.0168,8.6565,-1.8092,-11.4351,0,0,0
-0.2007,0.0112,1.012,7.6794,0.7557,-10.6794,0,0,0
-0.2124,0.022,1.0225,6.2443,1.5267,-11.9313,0,0,0
-0.2026,0.0271,1.0349,4.313,1.7481,-14.0229,0,0,0
-0.2043,0.0264,1.0127,2.1221,-0.0153,-12.8702,0,0,0
-0.2031,0.0225,1.0063,0.4733,-2.0305,-10.8092,0,0,0
-0.1904,0.012,0.9963,-1.3206,-3.2443,-10.1221,0,0,0
-0.1826,-0.0039,0.9944,-0.6412,-1.9542,-7.6183,0,0,0
-0.188,0.0029,0.9902,1.7939,-0.626,-4.9313,0,0,0
-0.1868,0.0083,0.9971,2.2901,-0.8397,-3.916,0,0,0
-0.1667,0.012,1.0212,1.6031,0.8092,-1.3359,0,0,0
-0.1716,0.0146,1.022,0.5344,1.8321,0.0992,0,0,0
-0.189,0.0332,1.0105,-0.5878,2.1756,2.3053,0,0,0
-0.2092,0.0405,1.0332,-4.374,1.6412,3.0076,0,0,0
-0.1741,0.0125,1.0435,-7.2748,2.8244,3.1985,0,0,0
-0.177,0.0161,1.0203,-7.9924,3.5573,5.2519,0,0,0
-0.1963,0.0051,0.9993,-6.8626,2.3817,6.6641,0,0,0
-0.1907,0.0347,0.9922,-10.1832,5.0229,9.0534,0,0,0
-0.1575,0.0034,0.9971,-18.6183,7.3282,27.7557,0,0,0
-0.0256,-0.0488,1.0747,-25.8931,13.0076,52.6947,0,0,0
-0.0547,-0.0244,1.0544,-24.9924,21.6107,62.6412,0,0,0
-0.2178,-0.0125,0.9731,-17.1221,21.4427,55.5725,0,0,0
-0.29,-0.0144,0.9448,-8.0458,9.9313,42.3588,0,0,0
-0.2725,0.0115,0.9878,-3.0229,3.1221,31.9847,0,0,0
-0.2627,0.04,1.0134,-3.3359,0.7176,28.2824,0,0,0
-0.314,0.0513,1.0132,-6.4427,-3.2443,26.1985,0,0,0
-0.3123,0.0559,1.0266,-10.2061,-11.9313,21.4351,0,0,0
-0.2698,0.0579,1.0376,-14.0687,-17.6641,12.6031,0,0,0
-0.2549,0.0356,0.9993,-16.0153,-20.7634,5.6336,0,0,0
-0.2051,0.0137,0.981,-13.9695,-22.2137,2.0763,0,0,0
-0.1816,-0.0042,0.9805,-10.2824,-19.1527,0.7328,0,0,0
-0.177,0.0005,0.9824,-7.0687,-15.1908,-0.1069,0,0,0
-0.168,0.0046,1.0049,-4.8779,-10.1679,-0.084,0,0,0
-0.1628,-0.0007,0.9983,-3.8321,-6.9924,-0.8473,0,0,0
-0.1628,0.002,1.011,-2.3206,-4.7176,-1.8702,0,0,0
-0.1736,0.0049,1.0095,-1.1679,-2.8931,-4.3893,0,0,0
-0.1763,0.0129,1.0037,-0.9084,-1.2443,-7.084,0,0,0
-0.1899,0.0164,0.9956,-0.5344,-2.458,-7.3435,0,0,0
-0.2048,0.0205,1.0059,-0.5267,-5.0916,-10.4122,0,0,0
-0.1987,0.0193,1.0115,-2.0229,-6.4427,-16.8702,0,0,0
-0.1875,0.0112,0.988,-1.5496,-8.6718,-21.9542,0,0,0
-0.1877,0.0063,0.9866,1.1221,-10.0,-25.2672,0,0,0
-0.2051,0.0183,0.9868,2.2137,-11.2137,-29.0382,0,0,0
-0.1914,-0.0142,0.9976,2.9008,-12.3817,-31.3969,0,0,0
-0.1235,-0.0271,1.0134,7.5725,-10.084,-26.9084,0,0,0
-0.1018,-0.0066,1.0349,9.8244,-1.8931,-22.1985,0,0,0
-0.1426,-0.001,1.0164,9.7481,5.626,-22.9008,0,0,0
-0.1619,-0.0083,0.999,12.4427,8.2443,-25.458,0,0,0
-0.1506,-0.0093,1.0088,14.9466,10.0992,-25.542,0,0,0
-0.1709,-0.0059,1.0293,15.6107,12.5267,-24.4733,0,0,0
-0.1709,0.0117,1.052,11.4733,13.7252,-21.4275,0,0,0
-0.1748,0.0044,1.0647,6.084,12.3206,-14.0076,0,0,0
-0.1902,0.0054,1.0378,3.1298,7.7176,-7.3053,0,0,0
-0.1995,0.0212,1.0254,-0.1908,5.916,-4.9542,0,0,0
-0.1975,0.0044,1.0229,-3.0305,3.229,-2.4351,0,0,0
-0.179,0.0151,1.0215,-5.1603,2.0305,1.0382,0,0,0
-0.198,0.0083,1.0161,-7.7099,1.8931,4.313,0,0,0
-0.1521,-0.0139,1.0278,-10.2672,1.7023,7.2748,0,0,0
-0.1355,-0.022,1.0205,-10.3206,7.8702,11.0076,0,0,0
-0.1802,-0.0085,0.9971,-10.5267,10.4122,17.8779,0,0,0
-0.1816,-0.0093,1.0264,-11.0382,10.1221,22.9618,0,0,0
-0.2222,0.0063,1.0,-11.3893,8.1679,22.7176,0,0,0
-0.2383,0.0168,0.9807,-12.0916,2.7176,22.5344,0,0,0
-0.2109,-0.0059,0.9905,-10.3206,-0.7634,19.8626,0,0,0
-0.1853,-0.011,0.9773,-7.1069,-0.9924,16.4962,0,0,0
-0.1648,-0.0195,0.9709,-2.3588,1.8779,16.6031,0,0,0
-0.1533,-0.0093,0.9934,1.9389,7.7176,16.3664,0,0,0
-0.2041,0.0171,1.0139,2.8779,12.0916,11.7099,0,0,0
-0.2222,0.0303,1.0081,2.1527,11.9389,5.3053,0,0,0
-0.2034,0.0117,1.009,1.6336,10.7176,4.5954,0,0,0
-0.1853,0.0105,1.0083,1.4809,8.8092,7.7252,0,0,0
-0.167,-0.0073,1.0176,2.0382,9.4885,10.4656,0,0,0
-0.1882,0.0171,1.0015,2.6107,10.2366,13.916,0,0,0
-0.2168,0.0056,0.9932,3.9466,8.3053,13.8321,0,0,0
-0.2427,0.0432,0.989,4.1985,7.3206,10.3282,0,0,0
-0.2441,0.0376,1.0027,4.2595,9.6489,3.8397,0,0,0
-0.2341,0.0378,0.9946,4.6718,11.1832,-0.9466,0,0,0
-0.2222,0.021,0.9802,6.4504,10.2366,-2.2672,0,0,0
-0.2173,0.0247,0.9866,8.7099,10.4122,-3.1908,0,0,0
-0.2339,0.0334,1.0056,8.5496,11.0916,-4.8779,0,0,0
-0.2668,0.0442,1.0085,7.5802,9.5191,-6.7176,0,0,0
-0.3083,0.0637,1.0063,4.2672,2.8244,-7.2824,0,0,0
-0.2834,0.0527,1.0354,0.8397,-5.3817,-7.855,0,0,0
-0.2544,0.0483,1.0239,-2.8321,-9.3282,-9.9389,0,0,0
-0.2207,0.0171,1.0134,-3.1832,-10.6183,-10.0153,0,0,0
-0.2131,0.0195,0.9902,-1.7328,-10.7786,-8.8397,0,0,0
-0.2246,0.0176,0.9956,-1.7557,-11.4351,-9.4809,0,0,0
-0.2231,0.0259,0.9932,-1.5878,-11.8473,-9.7481,0,0,0
-0.2239,0.0249,0.9871,-1.4122,-11.5954,-10.2748,0,0,0
-0.2117,0.0222,0.9841,-0.6794,-9.3206,-10.9389,0,0,0
-0.2002,0.0144,0.9932,0.2443,-4.9389,-11.0687,0,0,0
-0.1836,0.0139,1.0127,1.4809,-1.3817,-11.8779,0,0,0
-0.1597,0.0088,1.0076,2.626,1.6565,-10.4809,0,0,0
-0.1553,0.0034,1.0044,3.8168,3.8168,-7.0763,0,0,0
-0.1531,0.0024,1.0056,5.1603,7.084,-4.145,0,0,0
-0.1711,-0.0005,1.0017,7.1603,12.1603,-1.5115,0,0,0
-0.2019,0.0193,0.9998,8.8931,17.229,-2.5496,0,0,0
-0.2163,0.022,1.0188,9.0076,22.6107,-5.687,0,0,0
-0.2437,0.0398,0.9888,8.3282,24.313,-6.626,0,0,0
-0.2261,0.0374,1.0061,7.2595,27.0458,-6.1145,0,0,0
-0.2336,0.0251,1.0195,6.3053,29.0458,-6.3893,0,0,0
-0.2493,0.0376,0.9956,4.8397,26.3435,-4.8397,0,0,0
-0.2434,0.0271,1.0056,3.1603,23.0534,-3.4962,0,0,0
-0.2388,0.0198,0.999,2.4198,19.313,-1.8779,0,0,0
-0.2388,0.0215,0.9954,2.1908,16.5573,0.2519,0,0,0
-0.2603,0.0229,0.9905,2.0992,13.1908,1.7481,0,0,0
-0.293,0.0388,0.9746,1.3511,7.8855,3.4809,0,0,0
-0.322,0.0471,0.978,-0.2443,-0.1374,3.1527,0,0,0
-0.3145,0.0537,1.0171,-1.6183,-5.4427,0.771,0,0,0
-0.3125,0.0664,1.0195,-5.1221,-9.0458,-1.2443,0,0,0
-0.2705,0.0601,1.0366,-9.4504,-10.771,-1.771,0,0,0
-0.23,0.0381,1.03,-12.6183,-8.2137,-3.4809,0,0,0
-0.2195,0.022,0.989,-11.8168,-6.6718,-1.374,0,0,0
-0.2048,0.0164,0.9758,-9.1221,-5.2366,1.4733,0,0,0
-0.2288,0.0146,0.9592,-5.7328,-2.7023,1.6489,0,0,0
-0.2468,0.0161,0.9495,-0.458,-0.6412,1.8092,0,0,0
-0.269,0.0339,0.9653,2.9695,-0.5573,0.6947,0,0,0
-0.269,0.0503,1.0051,2.5496,-0.2366,-0.7786,0,0,0
-0.2825,0.0498,1.019,-0.2061,-0.5191,-2.2214,0,0,0
-0.2849,0.0522,1.0059,-1.8779,-4.7634,-2.4885,0,0,0
-0.2871,0.0623,1.0046,-4.2061,-10.626,-2.0,0,0,0
-0.2681,0.0513,1.01,-6.084,-14.8626,-3.6336,0,0,0
-0.2529,0.0317,0.9946,-6.2366,-16.8931,-4.6107,0,0,0
-0.2676,0.0264,0.9771,-4.542,-24.626,-2.5954,0,0,0
-0.2583,0.0403,1.0049,-5.2595,-29.4046,-0.7786,0,0,0
-0.2505,0.0383,1.0237,-6.9389,-33.3893,-0.1069,0,0,0
-0.2263,0.0342,1.0264,-8.5267,-32.3664,-0.4351,0,0,0
-0.2332,0.0354,1.0242,-9.5038,-30.2443,-1.8168,0,0,0
-0.2341,0.0313,1.0168,-10.6565,-29.0382,-4.0992,0,0,0
-0.198,0.0364,1.0103,-11.3359,-27.9466,-4.855,0,0,0
-0.1416,0.0061,0.9912,-10.145,-21.8244,-4.8244,0,0,0
-0.123,-0.0134,0.9783,-5.4122,-13.1756,-3.1069,0,0,0
-0.1475,-0.0039,0.9709,-0.6183,-6.0916,-1.3282,0,0,0
-0.1831,0.0095,0.9827,1.5649,-1.5573,-1.0458,0,0,0
-0.2385,0.0264,0.9919,0.7328,-1.7176,-2.8626,0,0,0
-0.2275,0.0247,1.0149,-0.9695,-5.8397,-3.3969,0,0,0
-0.2222,0.0269,1.0132,-3.3359,-8.0687,-3.8015,0,0,0
-0.188,0.0132,1.0093,-4.1756,-9.2519,-3.5191,0,0,0
-0.1477,-0.0022,1.0117,-2.8397,-6.1908,-2.8092,0,0,0
-0.1279,-0.0042,1.0039,-0.4427,-1.6641,-0.7557,0,0,0
-0.1462,-0.0007,0.9971,2.374,3.4809,1.2214,0,0,0
-0.1992,0.0188,1.0269,3.4656,6.7328,-1.458,0,0,0
-0.2146,0.0313,1.0542,0.687,4.9695,-2.3969,0,0,0
-0.2163,0.0337,1.0471,-3.0763,0.8779,-0.3893,0,0,0
-0.2192,0.0349,1.0212,-5.2824,-3.0687,-0.5573,0,0,0
-0.1829,0.0217,1.0015,-4.8473,-3.2214,-1.3359,0,0,0
-0.1726,0.0173,0.9851,-3.5267,2.3282,-1.5038,0,0,0
-0.1787,0.0054,0.9766,-0.9466,6.3282,-3.5954,0,0,0
-0.1838,0.0098,0.9846,1.6718,6.1985,-1.2137,0,0,0
-0.1995,0.0249,1.0051,2.0611,4.4962,1.2824,0,0,0
-0.2197,0.0388,1.0244,0.4733,3.2137,1.229,0,0,0
-0.2461,0.0493,1.0237,-1.4351,0.8015,-1.916,0,0,0
-0.2275,0.0447,1.0325,-4.0534,-2.0382,-3.9847,0,0,0
-0.1975,0.0244,1.0225,-6.0916,-4.4885,-2.5725,0,0,0
-0.1785,0.0164,1.0029,-4.9618,-3.9084,-1.145,0,0,0
-0.1799,0.0103,0.9897,-2.5725,-3.084,-0.9618,0,0,0
-0.1719,0.0134,1.0012,-0.8779,-0.6718,-1.2061,0,0,0
-0.179,0.009,1.0037,-0.6412,1.9542,-1.313,0,0,0
-0.1899,0.0093,1.0005,0.3435,2.2519,-0.145,0,0,0
-0.2068,0.0159,1.0017,1.3053,1.2366,1.1069,0,0,0
-0.2329,0.0415,1.0215,0.5878,0.313,-1.4733,0,0,0
-0.2275,0.0413,1.0425,-3.4733,-1.1832,-4.1756,0,0,0
-0.1919,0.0229,1.0359,-5.7405,-3.626,-4.0305,0,0,0
-0.1812,0.0156,1.0122,-5.4733,-4.8092,-1.3435,0,0,0
-0.1802,0.011,1.0044,-4.0534,-3.1374,-0.8397,0,0,0
-0.186,0.0146,0.9985,-3.2519,-2.0382,0.3282,0,0,0
-0.1992,0.0146,1.0042,-2.4046,-1.0076,-0.3588,0,0,0
-0.2014,0.0186,1.0046,-2.3282,-0.1221,-1.1374,0,0,0
-0.1941,0.0125,1.0007,-1.9695,0.8931,-1.2137,0,0,0
-0.1953,0.0112,0.9905,-0.5344,1.916,-1.0305,0,0,0
-0.2029,0.0144,0.9958,0.855,1.9695,-1.2519,0,0,0
-0.2061,0.0178,1.0103,0.8931,1.1908,-1.8702,0,0,0
-0.2068,0.0239,1.0217,-0.7557,-1.3664,-0.4733,0,0,0
-0.208,0.0254,1.0303,-2.7634,-3.6031,-0.2519,0,0,0
-0.2063,0.0278,1.0242,-4.5954,-5.374,-0.7328,0,0,0
-0.1902,0.0137,1.0068,-5.229,-5.8779,-0.9084,0,0,0
-0.1836,0.0098,1.002,-5.5115,-6.0153,0.0687,0,0,0
-0.1917,0.0073,0.9924,-4.7634,-7.4504,1.0763,0,0,0
-0.1819,0.0054,0.9998,-2.7863,-7.3359,1.7023,0,0,0
-0.1904,0.0137,0.9998,-1.855,-5.3664,1.1756,0,0,0
-0.199,0.0154,1.0078,-0.8779,-5.626,0.9466,0,0,0
-0.2004,0.0327,1.0251,-0.9847,-5.374,0.1679,0,0,0
-0.2063,0.0388,1.0244,-3.458,-6.9771,-1.1756,0,0,0
-0.2051,0.0249,1.019,-4.8397,-9.8779,-1.5725,0,0,0
-0.2053,0.0251,1.0044,-5.4351,-12.2366,0.1679,0,0,0
-0.1802,0.0195,1.0122,-5.1832,-12.9695,-0.4656,0,0,0
-0.1682,0.0205,1.0105,-5.3435,-10.3588,-0.8473,0,0,0
-0.1689,0.0085,0.9905,-4.5649,-6.7557,-0.6107,0,0,0
-0.1702,0.0049,0.9868,-1.7023,-4.7405,-1.0763,0,0,0
-0.1636,0.0049,0.9995,-0.0992,-3.2901,-2.1756,0,0,0
-0.1582,0.0073,1.0142,0.8931,-0.3359,-1.8702,0,0,0
-0.1731,0.0173,1.0239,0.3588,-0.8015,-0.4198,0,0,0
-0.1858,0.022,1.0273,-1.0687,-2.7252,-0.9466,0,0,0
-0.1909,0.0198,1.0247,-3.2519,-4.6641,-1.6641,0,0,0
-0.1704,0.0129,1.0203,-4.1756,-4.9618,-2.7328,0,0,0
-0.1584,-0.0002,1.0029,-3.2595,-3.8855,-3.0153,0,0,0
-0.1382,-0.0059,0.988,-0.6412,-1.5496,-3.0382,0,0,0
-0.134,-0.0068,0.9902,2.9389,1.229,-2.2977,0,0,0
-0.146,0.0042,1.0007,4.855,3.7252,-1.8626,0,0,0
-0.1699,0.0142,1.0161,5.8473,4.9695,-1.8244,0,0,0
-0.2092,0.0295,1.0288,5.0382,5.1298,-2.6565,0,0,0
-0.2305,0.0435,1.0378,2.9542,2.4656,-4.8397,0,0,0
-0.2122,0.042,1.0298,-0.0763,-0.2672,-8.8626,0,0,0
-0.1814,0.0273,1.011,0.0229,-2.5038,-11.0916,0,0,0
-0.1567,0.0146,1.0059,0.7481,-1.5344,-9.8092,0,0,0
-0.1565,0.0154,1.0178,1.6947,1.313,-8.3053,0,0,0
-0.1838,0.0146,1.0105,2.0382,3.3817,-8.3664,0,0,0
-0.2017,0.0208,1.0039,1.6718,1.8015,-8.0229,0,0,0
-0.2087,0.0229,1.0054,0.5191,-1.7176,-7.3359,0,0,0
-0.1997,0.0154,1.001,0.1145,-3.9771,-7.4198,0,0,0
-0.1653,0.0046,1.0012,1.5267,-4.229,-6.7252,0,0,0
-0.1519,0.0205,1.0139,2.3282,-1.1221,-4.7634,0,0,0
-0.1753,0.0132,1.0349,1.9618,1.0534,-4.9389,0,0,0
-0.1755,0.0247,1.0312,1.1527,1.4122,-5.8244,0,0,0
-0.1685,0.0161,1.0181,0.1069,1.0382,-4.1298,0,0,0
-0.166,0.0144,1.0095,-0.1374,1.1603,-2.1756,0,0,0
-0.177,0.0164,1.011,-0.4427,0.5954,-1.5038,0,0,0
-0.1846,0.0212,1.0051,0.4504,0.4198,-2.0916,0,0,0
-0.1785,0.0225,1.0073,2.0,0.4198,-2.5267,0,0,0
-0.1755,0.0291,1.0117,3.1374,0.9389,-1.9237,0,0,0
-0.1853,0.0391,1.0295,2.0305,0.9466,-2.2137,0,0,0
-0.1936,0.0447,1.0432,-0.7328,0.1069,-3.2901,0,0,0
-0.1885,0.0396,1.0354,-3.5878,-0.8244,-3.2366,0,0,0
-0.1729,0.0313,1.0176,-5.7176,-0.9618,-2.5725,0,0,0
-0.1711,0.022,0.9897,-4.9313,-0.6183,-3.1756,0,0,0
-0.1731,0.0137,0.9797,-1.8168,0.1145,-3.0305,0,0,0
-0.1812,0.0129,0.9868,1.1527,0.771,-2.5496,0,0,0
-0.1836,0.0188,1.0071,2.6107,1.916,-3.4198,0,0,0
-0.1797,0.0283,1.0247,2.1756,2.5191,-4.5267,0,0,0
-0.1687,0.0278,1.0422,0.313,2.5725,-4.2672,0,0,0
-0.1648,0.0293,1.0396,-1.8473,2.855,-2.6565,0,0,0
-0.1772,0.0242,1.0298,-3.3359,3.0916,-2.1374,0,0,0
-0.1921,0.0251,1.0146,-4.1603,2.2443,-1.8779,0,0,0
-0.1985,0.0234,0.9946,-3.7328,1.1908,-1.8473,0,0,0
-0.199,0.0244,0.9946,-2.9924,0.9008,-3.4046,0,0,0
-0.1855,0.0249,0.9937,-2.1603,1.0,-3.855,0,0,0
-0.1699,0.0195,1.0012,-1.5038,1.1985,-3.4275,0,0,0
-0.158,0.0193,1.0144,-0.8855,2.8931,-2.9771,0,0,0
-0.1692,0.0188,1.0134,-1.0763,4.5878,-1.9313,0,0,0
-0.1929,0.0259,1.0088,-0.6794,4.8015,-1.6031,0,0,0
-0.208,0.0242,1.01,-1.145,3.6412,-2.8168,0,0,0
-0.2014,0.0247,1.0146,-0.9771,3.4351,-3.6718,0,0,0
-0.1929,0.0217,1.0022,-0.687,2.9389,-2.9466,0,0,0
-0.1877,0.0244,1.0139,-0.2977,2.0458,-1.9084,0,0,0
-0.1907,0.0247,1.011,-0.5878,2.1679,-1.6412,0,0,0
-0.1985,0.0254,1.0166,-0.8321,2.3053,-2.3893,0,0,0
-0.2058,0.0217,1.011,-1.771,2.1603,-3.2137,0,0,0
-0.207,0.0254,1.0073,-2.1985,1.2595,-3.8702,0,0,0
-0.1875,0.0237,1.0059,-2.7099,0.8931,-3.8015,0,0,0
-0.1655,0.0176,1.0059,-2.3053,2.771,-3.7634,0,0,0
-0.1682,0.0139,0.9971,-0.6641,4.5496,-2.8321,0,0,0
-0.1763,0.0125,0.9971,1.4962,4.6336,-1.0305,0,0,0
-0.1816,0.0205,1.0144,2.4733,5.4962,-0.8015,0,0,0
-0.2002,0.033,1.0203,1.0305,6.0,-1.3511,0,0,0
-0.2166,0.0334,1.0186,-0.1221,4.5802,-1.5649,0,0,0
-0.2224,0.0403,1.0061,-1.1756,1.9695,-1.6947,0,0,0
-0.2102,0.0374,1.0083,-2.3817,1.1603,-2.4809,0,0,0
-0.1934,0.03,1.009,-2.2061,2.4351,-1.8931,0,0,0
-0.1909,0.0334,0.9995,-1.3206,5.9847,-1.8244,0,0,0
-0.2175,0.0334,0.991,-0.5573,7.3588,-3.4046,0,0,0
-0.2219,0.0308,0.9812,1.0916,5.5038,-4.2824,0,0,0
-0.2114,0.0369,1.0061,1.458,3.458,-5.0763,0,0,0
-0.1873,0.0095,1.0139,1.4885,8.3817,-6.0534,0,0,0
-0.2026,0.0371,1.0042,1.1221,6.7252,-3.7252,0,0,0
-0.2202,0.0286,1.0103,1.0916,3.916,-3.9466,0,0,0
-0.2024,0.0276,1.0254,0.7099,3.5344,-5.2672,0,0,0
-0.2026,0.0291,1.0259,-1.3969,3.6031,-4.6718,0,0,0
-0.1997,0.0247,1.0161,-2.7328,2.1527,-3.0916,0,0,0
-0.1965,0.0242,1.0061,-3.3664,2.1985,-2.3511,0,0,0
-0.1943,0.0173,0.9885,-2.1145,2.7786,-1.2366,0,0,0
-0.1946,0.0151,0.9814,0.0534,4.0992,-0.3206,0,0,0
-0.22,0.0239,0.9839,2.0611,4.9847,-1.0992,0,0,0
-0.2258,0.0317,1.0093,3.4656,5.626,-2.6565,0,0,0
-0.2261,0.0405,1.0283,2.2443,5.4275,-3.3359,0,0,0
-0.2332,0.0444,1.0203,0.3206,3.1603,-2.6336,0,0,0
-0.2412,0.0437,1.0151,-1.7328,0.3435,-2.9084,0,0,0
-0.2129,0.0405,1.021,-4.0992,0.8702,-4.4504,0,0,0
-0.189,0.0173,1.0022,-4.4046,3.0687,-4.0916,0,0,0
-0.1885,0.0103,0.9678,-1.0382,5.5191,-2.1145,0,0,0
-0.21,0.0208,0.98,1.855,7.2214,-2.1603,0,0,0
-0.22,0.0234,0.9976,2.6336,7.9008,-2.6183,0,0,0
-0.229,0.0352,1.0049,2.1603,6.5725,-1.6947,0,0,0
-0.2539,0.0413,1.0125,0.2519,3.3893,-2.0763,0,0,0
-0.2385,0.0422,1.0239,-1.9466,0.7252,-3.9008,0,0,0
-0.2173,0.0366,1.0044,-3.6183,0.7863,-4.3435,0,0,0
-0.2124,0.0217,0.9988,-2.3435,1.1298,-3.2748,0,0,0
-0.2078,0.0195,0.9954,-0.7405,2.6794,-4.0076,0,0,0
-0.209,0.0166,0.9988,0.5725,4.0687,-3.4733,0,0,0
-0.2207,0.03,1.0146,0.8626,4.4733,-2.4885,0,0,0
-0.2317,0.031,1.0115,0.374,3.9237,-1.2824,0,0,0
-0.2356,0.0391,1.0142,-0.542,2.2214,-1.5725,0,0,0
-0.2297,0.0293,1.011,-1.1832,2.0763,-1.1679,0,0,0
-0.228,0.033,1.0056,-1.4198,2.1679,-0.7405,0,0,0
-0.2373,0.0361,0.9971,-1.0763,2.687,-0.3893,0,0,0
-0.2358,0.0415,0.9956,-1.5267,3.771,-1.3053,0,0,0
-0.2241,0.0347,1.0012,-1.1527,5.6947,-2.7634,0,0,0
-0.2383,0.03,0.9985,-0.0611,5.0,-3.0076,0,0,0
-0.2483,0.0369,1.0022,0.084,3.2061,-2.7786,0,0,0
-0.2354,0.0374,1.0078,-1.4122,1.5191,-3.4504,0,0,0
-0.2195,0.03,0.9985,-2.7023,2.3664,-3.1298,0,0,0
-0.2166,0.0212,0.9729,-1.9695,2.2137,-2.145,0,0,0
-0.2312,0.0225,0.9749,0.5725,2.6107,-1.8702,0,0,0
-0.2197,0.0281,0.9995,1.3435,4.0076,-3.0611,0,0,0
-0.2073,0.0315,1.0195,0.7099,6.6336,-3.3893,0,0,0
-0.2344,0.0303,1.0034,-0.0229,6.0992,-1.9313,0,0,0
-0.2585,0.0359,1.0007,0.4198,2.4733,-0.9924,0,0,0
-0.252,0.0376,1.0049,-0.6641,-0.3511,-0.9618,0,0,0
-0.2444,0.0327,0.9963,-1.1145,-1.0153,-1.8626,0,0,0
-0.239,0.0369,0.9954,-0.771,0.626,-3.1985,0,0,0
-0.2354,0.0303,0.9934,0.374,1.9924,-4.6336,0,0,0
-0.239,0.0288,0.9966,1.6947,2.2137,-4.1908,0,0,0
-0.2422,0.0437,1.0085,0.9618,1.9695,-3.313,0,0,0
-0.23,0.0388,1.0178,-0.7863,2.7252,-2.9084,0,0,0
-0.2385,0.0366,1.0054,-1.2443,4.6031,-2.687,0,0,0
-0.249,0.0383,0.9839,-0.3588,4.3969,-2.2137,0,0,0
-0.251,0.0381,0.9917,0.8473,2.9389,-2.916,0,0,0
-0.2517,0.0317,0.9927,1.2748,2.5344,-3.3359,0,0,0
-0.2561,0.0417,0.9954,1.5725,2.2519,-4.0992,0,0,0
-0.2463,0.0371,1.011,1.4046,3.0916,-5.1756,0,0,0
-0.2412,0.0327,1.0117,0.0992,4.855,-4.0382,0,0,0
-0.2446,0.0413,1.0088,-1.5191,4.4885,-2.9542,0,0,0
-0.2441,0.0354,0.9988,-2.6031,3.6947,-3.9771,0,0,0
-0.2317,0.0266,0.9902,-2.4275,3.2901,-3.4351,0,0,0
-0.2283,0.0278,0.9839,-1.5878,2.7099,-1.5649,0,0,0
-0.2273,0.0261,0.9941,-0.8626,4.3817,-0.7939,0,0,0
-0.2483,0.0295,0.9873,-0.5496,5.8092,0.0,0,0,0
-0.2688,0.0396,0.9873,0.2366,4.2901,-0.1985,0,0,0
-0.2773,0.043,0.9907,0.1374,1.3511,-0.8779,0,0,0
-0.2551,0.0452,1.0039,-1.1832,1.5725,-2.3206,0,0,0
-0.2427,0.0376,1.0015,-2.313,3.229,-2.4504,0,0,0
-0.2397,0.0422,0.9907,-1.687,3.5878,-1.3664,0,0,0
-0.23,0.0337,0.9978,-1.8015,5.3817,-2.0534,0,0,0
-0.2002,0.0234,0.9995,-0.8244,10.0763,-1.4504,0,0,0
-0.2322,0.0225,0.9753,0.7099,14.5496,0.5878,0,0,0
-0.281,0.0327,0.9658,3.0611,14.1221,1.3588,0,0,0
-0.3054,0.0398,0.9756,4.0611,11.0,-0.5496,0,0,0
-0.3013,0.0493,1.0056,3.542,7.1985,-2.4275,0,0,0
-0.2825,0.0603,1.0186,1.5725,3.8626,-1.3664,0,0,0
-0.2605,0.0635,1.0308,-2.3206,4.1527,-2.3893,0,0,0
-0.2559,0.042,1.0103,-4.2061,6.1679,-3.0916,0,0,0
-0.2661,0.0398,0.9893,-2.9313,5.6641,-1.1298,0,0,0
-0.2754,0.0383,0.9878,-2.1985,6.3511,-1.1908,0,0,0
-0.2859,0.0439,0.9807,-1.855,7.0992,-2.0916,0,0,0
-0.28,0.0354,0.9626,-0.916,6.458,-3.8702,0,0,0
-0.2778,0.032,0.9692,0.8168,5.2137,-3.5573,0,0,0
-0.2769,0.0442,0.9917,1.3282,3.0,-3.626,0,0,0
-0.2446,0.0493,1.0093,-0.4656,3.9466,-4.7023,0,0,0
-0.2549,0.0342,0.9919,-3.0229,6.916,-3.8626,0,0,0
-0.2915,0.0344,0.9749,-1.9313,5.7939,-1.626,0,0,0
-0.3218,0.0442,0.9692,-0.8168,0.6641,-1.084,0,0,0
-0.3101,0.0508,0.9768,-1.855,-2.6565,-3.4275,0,0,0
-0.2798,0.05,0.9895,-3.0916,-4.4122,-4.4809,0,0,0
-0.2512,0.032,0.9841,-3.5115,-3.0763,-3.9008,0,0,0
-0.2654,0.0378,0.9778,-3.1679,-2.3435,-1.5573,0,0,0
-0.2788,0.0422,0.98,-2.1985,-3.1527,-0.374,0,0,0
-0.2644,0.0496,0.988,-3.4885,-3.1374,-2.2824,0,0,0
-0.26,0.0337,0.9783,-4.4351,-0.7786,-2.6031,0,0,0
-0.2739,0.0327,0.9556,-2.8092,-0.3206,-1.9924,0,0,0
-0.293,0.0313,0.9492,-0.374,-0.5038,-2.7023,0,0,0
-0.2839,0.0334,0.9746,1.1145,-0.8931,-4.1145,0,0,0
-0.2632,0.0288,0.998,1.6794,-0.3053,-4.0305,0,0,0
-0.262,0.041,1.0117,1.2366,0.7786,-3.9237,0,0,0
-0.2629,0.0474,1.0107,0.5496,-0.6107,-2.5573,0,0,0
-0.2874,0.0515,1.0166,-0.8321,-3.3282,-1.2595,0,0,0
-0.2827,0.0554,1.0127,-3.2595,-3.8702,-1.8168,0,0,0
-0.301,0.0479,0.9941,-4.8931,-3.1832,-3.1908,0,0,0
-0.2864,0.0408,0.9724,-4.1374,-2.9389,-4.4275,0,0,0
-0.2578,0.0278,0.9634,-2.2901,-0.2748,-5.5878,0,0,0
-0.2407,0.0164,0.9646,0.1908,3.7786,-4.9389,0,0,0
-0.2581,0.032,0.9709,3.3511,6.8473,-3.9313,0,0,0
-0.2808,0.0339,0.9929,4.0305,6.4733,-3.0229,0,0,0
-0.2986,0.052,1.0007,3.0305,3.3282,-2.1603,0,0,0
-0.3071,0.0579,1.0095,1.0611,0.3511,-2.542,0,0,0
-0.3201,0.0591,1.0122,-1.1908,-1.8626,-4.5573,0,0,0
-0.314,0.0571,1.0039,-2.6565,-4.2748,-7.0458,0,0,0
-0.2859,0.0396,0.9944,-3.5649,-3.6412,-8.771,0,0,0
-0.2649,0.053,0.9719,-2.6947,-2.8397,-10.1679,0,0,0
-0.2341,0.0254,0.9629,-1.0534,1.1298,-9.3206,0,0,0
-0.2817,0.0283,0.9597,2.687,0.0992,-5.9389,0,0,0
-0.2769,0.0466,0.9875,2.7939,-0.1145,-6.8321,0,0,0
-0.2717,0.0515,1.0066,0.2901,2.4504,-9.1145,0,0,0
-0.2773,0.0391,0.9863,-0.8244,3.5344,-8.9771,0,0,0
-0.2742,0.0378,0.9817,0.2519,4.229,-8.8092,0,0,0
-0.3027,0.0483,0.9937,0.687,3.1832,-9.4504,0,0,0
-0.291,0.0327,0.9939,-0.2519,2.5649,-12.6031,0,0,0
-0.2708,0.022,0.9932,0.2672,1.6489,-12.3893,0,0,0
-0.2649,0.0291,0.9985,0.4504,-0.5191,-9.7252,0,0,0
-0.2668,0.0344,0.9963,-0.6412,-2.9313,-7.2672,0,0,0
-0.2813,0.0349,0.9915,-2.2214,-4.6641,-5.3893,0,0,0
-0.2769,0.032,0.99,-2.3893,-4.4275,-4.5267,0,0,0
-0.283,0.0376,0.9878,-3.1069,-1.9542,-5.0611,0,0,0
-0.2881,0.0269,0.9802,-3.0687,-1.3206,-4.8092,0,0,0
-0.2827,0.0381,0.9858,-1.916,-1.1679,-4.8855,0,0,0
-0.2603,0.0278,0.9905,-2.1679,0.9695,-5.687,0,0,0
-0.2532,0.0205,0.9829,-1.1908,2.5573,-4.458,0,0,0
-0.2725,0.0217,0.9861,-0.2519,3.2519,-2.5344,0,0,0
-0.2915,0.0281,0.9971,-0.4275,3.1221,-2.8397,0,0,0
-0.3037,0.0332,1.002,-1.6947,2.4046,-2.6031,0,0,0
-0.2925,0.0356,1.0042,-3.0992,1.5115,-3.3359,0,0,0
-0.2715,0.03,0.9895,-3.916,0.7023,-3.8168,0,0,0
-0.2488,0.0269,0.9873,-3.4351,3.1527,-2.2443,0,0,0
-0.26,0.021,0.9854,-2.8015,5.855,-0.9008,0,0,0
-0.2708,0.0349,0.9973,-3.6794,11.1527,-1.2672,0,0,0
-0.2993,0.033,0.9812,-4.0076,13.3282,-1.2901,0,0,0
-0.3098,0.0376,0.9644,-2.6641,11.3664,-1.7634,0,0,0
-0.3152,0.0334,0.9561,-1.0763,6.9237,-1.8015,0,0,0
-0.2827,0.0396,0.9761,-0.2977,3.4198,-2.6031,0,0,0
-0.2578,0.0295,0.9895,-0.6718,5.4885,-1.8015,0,0,0
-0.2734,0.0327,0.9897,-0.5344,8.4885,0.3435,0,0,0
-0.2998,0.0464,0.9937,-0.2901,11.0153,-1.3053,0,0,0
-0.3203,0.0391,0.9985,-1.7481,10.5344,-3.5496,0,0,0
-0.3232,0.0408,0.9812,-2.9847,7.1832,-3.4122,0,0,0
-0.3264,0.0325,0.9849,-2.9542,1.9695,-2.4656,0,0,0
-0.3164,0.0381,0.9812,-3.8626,-0.6412,-3.0763,0,0,0
-0.2971,0.0293,0.9773,-3.4046,-2.5267,-3.1832,0,0,0
-0.2695,0.0281,0.9902,-2.5802,-0.2519,-1.916,0,0,0
-0.2795,0.0315,0.9866,-2.6641,3.7863,-1.7557,0,0,0
-0.2954,0.0315,0.9744,-2.3817,5.0992,-2.1069,0,0,0
-0.2886,0.0286,0.9685,-1.5954,6.3588,-3.084,0,0,0
-0.2947,0.0317,0.9727,-0.8092,6.2443,-2.6565,0,0,0
-0.3049,0.0322,0.9653,-0.7328,4.8244,-0.5954,0,0,0
-0.3208,0.0242,0.9646,-0.6336,4.0992,-0.3359,0,0,0
-0.3308,0.0283,0.958,1.1756,2.3969,-0.916,0,0,0
-0.2939,0.0342,0.9795,1.1069,3.2519,-1.9847,0,0,0
-0.3025,0.0334,0.9778,0.9771,5.626,-1.6336,0,0,0
-0.325,0.0381,0.9775,1.0534,5.1679,-1.8702,0,0,0
-0.3293,0.0381,0.9834,0.5496,2.9847,-2.3893,0,0,0
-0.3293,0.042,1.0042,-1.7023,0.9618,-2.2061,0,0,0
-0.3311,0.0386,0.9875,-3.4885,-0.2824,-2.771,0,0,0
-0.3064,0.0332,0.979,-4.5649,1.2214,-4.4427,0,0,0
-0.2957,0.022,0.9548,-3.4046,2.9771,-3.916,0,0,0
-0.2979,0.0107,0.9421,-0.4733,5.0992,-2.6107,0,0,0
-0.3257,0.0288,0.9553,2.5267,5.1603,-1.7023,0,0,0
-0.3228,0.0354,0.9846,3.8626,3.0687,-4.2748,0,0,0
-0.3135,0.0354,1.0037,2.6412,1.9695,-4.7252,0,0,0
-0.3167,0.0327,1.0071,0.313,0.3969,-3.0611,0,0,0
-0.3157,0.0444,1.0054,-2.4198,-1.5649,-2.4962,0,0,0
-0.2947,0.0356,0.9978,-4.9466,0.626,-2.9618,0,0,0
-0.2988,0.0173,0.9617,-4.3969,3.1374,-2.1756,0,0,0
-0.3257,0.0176,0.9265,-1.4962,2.0458,0.5496,0,0,0
-0.3369,0.0393,0.9458,-0.1145,-0.0153,1.0229,0,0,0
-0.3477,0.0374,0.9563,0.1908,-2.4046,-0.084,0,0,0
-0.332,0.0393,0.9817,-0.4656,-3.626,-0.7176,0,0,0
-0.3345,0.042,0.9797,-1.7557,-5.1908,0.6336,0,0,0
-0.3281,0.0439,0.9717,-2.9771,-7.0076,0.9008,0,0,0
-0.3237,0.0369,0.9702,-3.9389,-7.687,0.6947,0,0,0
-0.3203,0.0374,0.9595,-3.6718,-8.5649,2.374,0,0,0
-0.3181,0.0271,0.9634,-2.8015,-8.8321,3.0687,0,0,0
-0.3071,0.0305,0.9739,-2.3282,-7.9618,3.7634,0,0,0
-0.2866,0.0308,0.9878,-1.9389,-5.7786,3.9313,0,0,0
-0.2903,0.0305,0.9827,-1.9695,-4.2519,5.7481,0,0,0
-0.292,0.042,0.9814,-1.3893,-6.4656,7.9847,0,0,0
-0.3081,0.0408,0.9924,-2.3893,-8.5573,7.8931,0,0,0
-0.2939,0.0461,1.0073,-3.4046,-6.8092,5.2137,0,0,0
-0.3088,0.0452,1.0068,-5.0229,-2.9847,2.0687,0,0,0
-0.3152,0.0369,0.9807,-6.6947,-4.0916,1.4046,0,0,0
-0.2771,0.0203,0.9651,-6.4275,-5.6107,3.8473,0,0,0
-0.2737,0.0173,0.9558,-3.5878,-4.0992,6.5725,0,0,0
-0.2922,0.0266,0.9585,-1.229,-2.0,7.7557,0,0,0
-0.3035,0.0435,0.9763,0.0534,0.1985,6.7481,0,0,0
-0.3303,0.0427,0.9736,0.1832,0.0153,4.0534,0,0,0
-0.3374,0.0498,0.9851,0.5344,-2.5115,0.8779,0,0,0
-0.3096,0.0361,0.9966,-0.626,-4.5267,-1.458,0,0,0
-0.2842,0.0308,1.0061,-2.2214,-2.4351,-1.626,0,0,0
-0.2908,0.0259,0.9944,-3.0153,-2.2824,-0.6107,0,0,0
-0.2888,0.0212,0.9717,-3.1527,-2.9008,0.0,0,0,0
-0.2842,0.0168,0.969,-2.3969,-3.1832,1.0458,0,0,0
-0.2815,0.0276,0.9751,-1.5725,-2.3206,0.916,0,0,0
-0.2825,0.0276,0.9744,-1.4275,-1.4351,1.6031,0,0,0
-0.2964,0.031,0.9792,-1.3435,-1.0687,2.5573,0,0,0
-0.2988,0.0366,0.9805,-1.2977,-1.4046,2.0458,0,0,0
-0.302,0.0437,0.9858,-1.7786,-1.0992,1.916,0,0,0
-0.3066,0.0405,0.9856,-1.145,-0.6794,0.7557,0,0,0
-0.2966,0.0371,0.9851,-0.7786,-0.0687,-0.2977,0,0,0
-0.3054,0.0435,0.9966,-0.9466,0.8321,-0.3588,0,0,0
-0.3193,0.0537,1.001,-2.7557,0.374,-1.5573,0,0,0
-0.3232,0.0422,0.9937,-3.5267,-1.2137,-2.6031,0,0,0
-0.3125,0.033,0.9885,-4.4809,-2.9542,-3.1603,0,0,0
-0.2983,0.0259,0.9758,-5.0382,-3.4656,-2.8244,0,0,0
-0.2764,0.0171,0.9539,-4.1756,-3.3664,-2.0687,0,0,0
-0.2576,0.0071,0.9561,-2.0153,-1.6641,0.687,0,0,0
-0.2732,0.0127,0.9575,1.3588,1.3206,2.1298,0,0,0
-0.2998,0.0295,0.9795,3.0229,2.9389,1.1069,0,0,0
-0.3081,0.0388,1.0164,1.2901,2.0916,0.0687,0,0,0
-0.3118,0.0396,1.0139,-2.2519,0.0305,0.1985,0,0,0
-0.3115,0.0349,1.0081,-4.1603,-1.3588,-0.2443,0,0,0
-0.3013,0.0313,0.9836,-4.771,-1.8626,-1.1679,0,0,0
-0.2844,0.0295,0.9741,-4.6412,-2.0,0.1298,0,0,0
-0.2771,0.0208,0.9658,-2.6183,-0.9695,1.5573,0,0,0
-0.2881,0.0337,0.9658,-0.7863,0.7786,1.3664,0,0,0
-0.2922,0.0347,0.9753,-0.145,1.7634,0.8092,0,0,0
-0.2874,0.04,0.9836,-0.7252,1.9466,1.5573,0,0,0
-0.3154,0.0537,0.9873,-0.9695,1.1603,1.6107,0,0,0
-0.3232,0.0591,0.99,-2.1527,-0.4427,-0.3664,0,0,0
-0.3103,0.052,0.9866,-3.4809,-0.8015,-0.7252,0,0,0
-0.313,0.0474,0.9727,-3.3359,-2.1603,-0.374,0,0,0
-0.3108,0.043,0.97,-2.8626,-3.6794,-1.6489,0,0,0
-0.2935,0.0386,0.9771,-2.1603,-3.6947,-2.1908,0,0,0
-0.2756,0.0325,0.9844,-1.9466,-2.0153,-1.2061,0,0,0
-0.2971,0.0405,0.9919,-2.6107,-0.6641,-2.0153,0,0,0
-0.29,0.0337,0.9946,-3.2595,-0.2901,-3.2672,0,0,0
-0.2827,0.0261,0.9817,-3.7023,-0.2824,-1.3053,0,0,0
-0.2859,0.0237,0.9739,-3.4809,-0.8321,0.8855,0,0,0
-0.3042,0.0256,0.9673,-2.9389,-1.4733,0.1679,0,0,0
-0.2969,0.0278,0.9604,-1.7252,-1.6641,-0.0687,0,0,0
-0.2896,0.0198,0.9702,-0.0229,-1.1908,0.8244,0,0,0
-0.3125,0.033,0.9751,0.5267,-0.7023,0.3282,0,0,0
-0.3113,0.0425,0.9949,-0.4733,-1.2137,-2.145,0,0,0
-0.2925,0.0327,1.0068,-2.1374,-0.6565,-2.7863,0,0,0
-0.2795,0.0276,0.9902,-2.9924,-1.2443,-0.5267,0,0,0
-0.2749,0.0227,0.9846,-2.7023,-0.687,0.7405,0,0,0
-0.2817,0.0254,0.9744,-2.4275,0.0458,1.0763,0,0,0
-0.3071,0.0293,0.9648,-1.4962,0.3969,1.3511,0,0,0
-0.3059,0.0288,0.9658,0.1832,-0.8931,0.9924,0,0,0
-0.2847,0.0334,0.9836,1.8244,0.8397,0.9847,0,0,0
-0.2974,0.0408,0.9861,1.8855,2.3511,1.5878,0,0,0
-0.3081,0.052,0.991,0.5344,1.6641,0.687,0,0,0
-0.3037,0.0471,0.9929,-1.5115,0.3969,0.4046,0,0,0
-0.304,0.0435,0.9919,-2.8244,-0.5191,0.0229,0,0,0
-0.3101,0.0332,0.9805,-2.8626,-0.1679,-0.8397,0,0,0
-0.2993,0.0293,0.968,-2.6412,-0.374,-1.4122,0,0,0
-0.2998,0.0259,0.9675,-2.0,-1.2519,-1.0763,0,0,0
-0.2883,0.0198,0.9761,-0.4046,-1.3053,-1.4962,0,0,0
-0.2771,0.0244,0.988,0.1527,-0.4198,-0.7786,0,0,0
-0.2742,0.0242,0.9951,-0.1603,-0.0382,1.7786,0,0,0
-0.2922,0.0325,0.9915,-0.5496,-0.6718,3.0534,0,0,0
-0.292,0.0432,0.9919,-1.0,-0.458,2.8321,0,0,0
-0.3054,0.043,0.9888,-1.374,0.5344,2.3588,0,0,0
-0.3196,0.0476,0.9814,-1.3206,0.3969,2.0,0,0,0
-0.3291,0.0505,0.9736,-1.5954,-0.5954,0.1374,0,0,0
-0.3176,0.0449,0.978,-1.4122,-1.7557,-1.1603,0,0,0
-0.3042,0.0454,0.9822,-1.1145,-2.771,-2.0,0,0,0
-0.2876,0.0432,0.998,-2.0382,-2.374,-2.0687,0,0,0
-0.2834,0.0488,0.9995,-2.4809,-1.9618,-2.0687,0,0,0
-0.2844,0.0498,1.0002,-3.0916,-2.5649,-1.6412,0,0,0
-0.2817,0.0422,0.9946,-4.7634,-3.1603,-1.9771,0,0,0
-0.2644,0.0388,0.9888,-5.0076,-1.9084,-0.9389,0,0,0
-0.2664,0.0432,0.9578,-4.3817,-0.4733,1.1679,0,0,0
-0.2842,0.051,0.9507,-2.8092,-0.1832,2.2595,0,0,0
-0.2993,0.052,0.9636,-1.374,0.4046,1.9313,0,0,0
-0.3193,0.0618,0.9604,-0.6641,1.0458,0.8931,0,0,0
-0.3562,0.0713,0.967,-0.7786,-0.7786,-1.3053,0,0,0
-0.3572,0.0649,0.9834,-1.7863,-4.6336,-5.084,0,0,0
-0.3337,0.0537,1.0054,-3.8015,-7.4046,-6.3969,0,0,0
-0.3088,0.041,1.0034,-4.7405,-7.7939,-6.3359,0,0,0
-0.2881,0.0247,1.0198,-4.3206,-5.855,-6.8321,0,0,0
-0.261,0.0151,1.02,-3.4351,-3.626,-6.8702,0,0,0
-0.2456,0.0088,1.0322,-2.5191,0.0153,-4.7634,0,0,0
-0.2705,0.0164,1.0215,-3.2061,3.6947,-2.7099,0,0,0
-0.3054,0.0457,0.9741,-5.313,0.7557,-4.0916,0,0,0
-0.2839,0.0107,0.9922,-5.5649,-1.1985,-2.313,0,0,0
-0.2859,0.0098,0.9773,-6.1069,0.855,-1.7405,0,0,0
-0.3008,0.021,0.9199,-6.916,0.8855,-4.0,0,0,0
-0.2666,-0.0159,0.9351,-4.9237,0.4351,-3.1679,0,0,0
-0.2424,0.0134,0.9062,-4.3664,0.8244,-0.9924,0,0,0
-0.2693,-0.0002,0.9141,-0.7863,0.0534,0.4122,0,0,0
-0.2532,0.0139,0.9446,-0.2672,-0.4275,1.229,0,0,0
-0.2065,0.0244,0.9373,1.7328,2.6565,7.1832,0,0,0
-0.313,0.0378,0.9451,6.2519,5.0,9.0229,0,0,0
-0.3735,0.0811,1.0244,5.8168,1.7405,1.4122,0,0,0
-0.3435,0.0908,1.0664,-1.6565,1.0076,-4.6336,0,0,0
-0.3328,0.0688,1.0342,-7.6947,-2.9466,-5.7863,0,0,0
-0.2935,0.05,1.0049,-8.9618,-7.1374,-4.7023,0,0,0
-0.2395,0.0325,0.9863,-8.0534,-6.2977,-1.9008,0,0,0
-0.2517,0.0273,0.9678,-4.7634,-0.5344,0.5496,0,0,0
-0.3079,0.0286,0.9702,-1.2824,3.374,-0.7557,0,0,0
-0.3381,0.0422,0.99,0.3206,3.374,-2.4351,0,0,0
-0.3386,0.0405,1.0024,-0.8626,-0.0458,-3.3893,0,0,0
-0.3132,0.0371,1.0098,-2.9389,-1.6947,-4.2595,0,0,0
-0.3059,0.0193,0.9878,-4.3206,-1.687,-4.6489,0,0,0
-0.2837,0.0059,0.9668,-3.6794,-2.7099,-3.9466,0,0,0
-0.2644,0.0,0.9561,-2.1985,-2.2824,-2.0305,0,0,0
-0.269,-0.0017,0.9529,-0.3511,-0.8473,-1.1221,0,0,0
-0.2688,0.0005,0.9587,1.0382,0.5191,-0.0992,0,0,0
-0.2744,-0.0005,0.9651,1.5496,1.3817,0.5878,0,0,0
-0.2815,0.0066,0.9773,1.6107,1.7328,1.8855,0,0,0
-0.3074,0.0188,0.9856,0.4122,0.4809,2.0992,0,0,0
-0.3208,0.0249,0.9951,-1.4122,-1.8702,0.7252,0,0,0
-0.311,0.0286,0.9956,-2.8015,-4.3588,-0.8779,0,0,0
-0.2798,0.0247,0.9941,-3.5649,-4.1374,-1.6183,0,0,0
-0.2551,0.0127,0.9897,-2.855,-2.5115,-0.2366,0,0,0
-0.2595,0.0276,0.9939,-1.5267,-0.1679,2.4733,0,0,0
-0.2725,0.0359,1.0107,-1.3969,2.8168,2.5802,0,0,0
-0.3052,0.0405,0.999,-2.313,4.1221,2.6641,0,0,0
-0.3403,0.0505,0.9836,-2.8931,2.145,2.0076,0,0,0
-0.3464,0.0483,0.9651,-2.7557,-1.3359,0.5573,0,0,0
-0.3201,0.0388,0.9644,-2.8244,-2.374,-1.2214,0,0,0
-0.2996,0.0269,0.9585,-2.0458,-1.7481,-1.4962,0,0,0
-0.2949,0.0251,0.959,0.0458,-2.0153,-1.542,0,0,0
-0.2925,0.0291,0.9761,0.7328,-3.0,-1.3664,0,0,0
-0.2771,0.0371,0.9905,-0.2977,-3.1145,-0.6641,0,0,0
-0.2715,0.0369,0.9893,-1.8015,-1.7634,-0.5191,0,0,0
-0.2798,0.0205,0.9873,-2.2519,-0.5496,-1.2595,0,0,0
-0.2825,0.0259,0.9832,-1.626,0.1221,-1.6336,0,0,0
-0.2822,0.0313,0.979,-1.3969,-1.8397,-0.4275,0,0,0
-0.2649,0.0325,0.9968,-1.9542,-1.9695,0.1908,0,0,0
-0.2695,0.0339,0.9954,-2.374,-0.3588,0.4427,0,0,0
-0.2991,0.0378,0.9822,-2.4351,0.0382,1.3359,0,0,0
-0.3218,0.0461,0.9868,-3.1527,-2.1603,0.4962,0,0,0
-0.3269,0.0503,0.9915,-3.6412,-3.4427,-0.9466,0,0,0
-0.3167,0.0542,0.9807,-3.8702,-3.6794,-2.687,0,0,0
-0.2979,0.0405,0.979,-3.8321,-3.458,-4.4122,0,0,0
-0.2842,0.0288,0.9763,-1.9695,-2.6031,-4.5573,0,0,0
-0.2773,0.0269,0.9954,-0.1298,-2.1603,-3.2443,0,0,0
-0.2825,0.03,1.0039,-0.3206,-0.6641,-2.1298,0,0,0
-0.2905,0.0247,0.9993,-1.374,0.4656,-2.3664,0,0,0
-0.3147,0.021,0.991,-2.7634,-0.4809,-3.4427,0,0,0
-0.3096,0.0146,0.9885,-3.6794,-3.0229,-4.4427,0,0,0
-0.27,0.0078,0.9758,-4.9618,-4.8397,-3.8855,0,0,0
-0.25,-0.0049,0.9592,-3.9237,-3.4275,-1.2061,0,0,0
-0.2583,-0.0115,0.9553,-1.3206,-0.7176,0.8855,0,0,0
-0.2852,0.0071,0.9656,1.7099,0.4275,2.0687,0,0,0
-0.2922,0.0212,0.9954,2.2443,0.9389,1.0916,0,0,0
-0.2979,0.0342,1.02,0.5267,1.5267,-0.3588,0,0,0
-0.2979,0.0437,1.0085,-2.8244,-0.1298,-0.8397,0,0,0
-0.2913,0.0278,0.9978,-4.9618,-2.687,-0.0153,0,0,0
-0.2844,0.03,0.9756,-4.9924,-3.1603,0.5267,0,0,0
-0.2856,0.0303,0.9687,-4.5038,-2.3282,-0.1145,0,0,0
-0.2891,0.0244,0.9607,-2.9618,-2.313,-0.8321,0,0,0
-0.2756,0.0337,0.9731,-1.687,-2.0763,-0.626,0,0,0
-0.2776,0.0305,0.9827,-1.9771,-0.6412,-1.1145,0,0,0
-0.2852,0.0374,0.9915,-2.145,-0.2595,-0.8015,0,0,0
-0.283,0.0398,0.9971,-2.7481,-0.6031,-0.1221,0,0,0
-0.29,0.0405,0.9968,-3.374,-0.0992,-0.5344,0,0,0
-0.3005,0.0454,0.989,-3.5038,-0.3511,-0.771,0,0,0
-0.3066,0.0398,0.9871,-3.2137,-1.4351,-1.5115,0,0,0
-0.2979,0.0344,0.9956,-3.2137,-2.1221,-2.5573,0,0,0
-0.2981,0.0293,0.9915,-3.229,-2.0687,-3.0916,0,0,0
-0.2922,0.0288,0.9893,-4.1298,-2.4733,-3.7939,0,0,0
-0.2856,0.021,0.9768,-4.1832,-2.7023,-3.916,0,0,0
-0.2773,0.0112,0.9724,-3.313,-3.6412,-3.145,0,0,0
-0.2571,0.0063,0.9788,-3.1374,-2.1756,-2.9389,0,0,0
-0.2559,0.0002,0.9778,-2.3588,-0.2061,-2.2519,0,0,0
-0.2629,0.0046,0.9695,-1.3053,-0.0916,-1.3359,0,0,0
-0.2664,0.0076,0.9883,-0.9466,-0.7023,-0.1756,0,0,0
-0.2673,0.0178,1.001,-2.1756,0.2672,0.5954,0,0,0
-0.2891,0.021,0.9934,-2.8092,1.8626,1.0153,0,0,0
-0.3225,0.0234,0.9849,-2.7252,0.6947,0.4427,0,0,0
-0.3174,0.0247,0.9827,-2.7023,-1.1756,-1.3893,0,0,0
-0.2932,0.0222,0.9929,-3.2061,-1.1069,-1.3435,0,0,0
-0.2937,0.0166,0.9756,-2.9237,-1.0534,-0.6565,0,0,0
-0.2964,0.0242,0.978,-2.0534,-1.3893,-0.8168,0,0,0
-0.2825,0.0115,0.9763,-1.4733,-0.9542,-1.458,0,0,0
-0.2788,0.0139,0.9805,-1.0458,-0.0992,-0.8779,0,0,0
-0.2778,0.0159,0.9871,-0.6718,0.1527,-0.7099,0,0,0
-0.2808,0.0142,0.978,-1.6489,-0.0229,-0.3435,0,0,0
-0.2844,0.0134,0.978,-1.5878,-1.4427,0.1832,0,0,0
-0.2759,0.02,0.9834,-1.626,-1.0229,1.0305,0,0,0
-0.281,0.0181,0.9736,-0.9847,-1.0611,-0.0458,0,0,0
-0.2715,0.0195,0.9844,-0.5649,-1.7786,-0.2061,0,0,0
-0.2615,0.0205,0.9858,-0.5344,-1.5878,1.3511,0,0,0
-0.2759,0.0271,0.9929,-0.7557,-0.458,1.9924,0,0,0
-0.2815,0.03,0.9907,-1.6489,0.5344,1.5725,0,0,0
-0.2986,0.0293,0.9836,-1.6336,0.4198,1.0687,0,0,0
-0.313,0.033,0.9866,-1.3969,-1.084,0.4733,0,0,0
-0.2998,0.0364,0.9919,-1.9542,-2.0611,-0.2901,0,0,0
-0.2971,0.04,0.9985,-2.6107,-1.8244,-1.4046,0,0,0
-0.2896,0.0237,0.9868,-1.9466,-1.5038,-1.7099,0,0,0
-0.2771,0.0283,0.9897,-1.2366,-1.7176,-1.5115,0,0,0
-0.2683,0.0283,0.9902,-1.5191,-0.1527,-0.8779,0,0,0
-0.28,0.0215,0.9851,-2.2214,1.1069,-0.5878,0,0,0
-0.2935,0.0181,0.981,-1.5191,0.3511,-0.4351,0,0,0
-0.2905,0.0229,0.9851,-1.8397,-0.6641,-0.7328,0,0,0
-0.2852,0.0203,0.9819,-2.458,-0.4198,-1.6107,0,0,0
-0.2776,0.0127,0.9731,-2.3282,-1.3893,-1.1679,0,0,0
-0.2778,0.0117,0.9746,-1.2366,-1.7634,0.0611,0,0,0
-0.2764,0.0161,0.9832,-0.9466,-1.7405,0.2595,0,0,0
-0.2793,0.0229,0.9878,-1.3588,-2.2672,-0.4198,0,0,0
-0.2815,0.0222,0.9827,-1.7023,-2.229,0.0763,0,0,0
-0.2795,0.0281,0.9839,-1.2595,-2.3969,0.0763,0,0,0
-0.2705,0.0225,0.9924,-1.6947,-1.8168,-0.3893,0,0,0
-0.2729,0.0186,0.9834,-1.3893,-0.5344,0.1756,0,0,0
-0.2769,0.0195,0.9829,-0.6489,0.1527,0.2748,0,0,0
-0.2798,0.02,0.998,-0.2748,-0.0763,0.4962,0,0,0
-0.2803,0.0225,1.0051,-0.7328,0.9771,0.3969,0,0,0
-0.2925,0.0298,0.9988,-1.8092,0.1985,-0.2443,0,0,0
-0.2913,0.0281,0.9944,-2.7176,-0.3206,0.1221,0,0,0
-0.2896,0.0247,0.9871,-2.771,-1.0763,0.4809,0,1,0
-0.2957,0.0264,0.9817,-2.145,-1.4046,-0.1908,0,1,0
-0.2913,0.02,0.9768,-1.5038,-1.4809,-0.6031,0,1,0
-0.282,0.0242,0.981,-0.542,-0.687,-0.4504,0,1,0
-0.2874,0.021,0.9834,-0.5649,-0.1756,-0.3206,0,1,0
-0.28,0.0168,0.9812,-0.7405,-0.4427,-0.5496,0,1,0
-0.2791,0.0247,0.9866,-1.0305,-0.6183,-0.3664,0,1,0
-0.2722,0.0159,0.9912,-1.5344,-0.3817,-0.6336,0,1,0
-0.2795,0.0159,0.9861,-1.1069,0.145,-0.9924,0,1,0
-0.2737,0.0129,0.9897,-1.1221,-0.4275,-0.313,0,1,0
-0.2712,0.0171,0.9973,-1.2061,-0.5954,0.5649,0,1,0
-0.2747,0.0288,0.9932,-1.7481,-0.2748,1.2214,0,1,0
-0.2891,0.03,0.9863,-2.0534,-0.1603,0.8168,0,1,0
-0.2893,0.0298,0.9802,-1.6107,-0.5115,0.8931,0,1,0
-0.2874,0.0334,0.98,-1.3053,-0.1221,0.6336,0,1,0
-0.2839,0.0315,0.9783,-0.9466,0.0611,0.0305,0,1,0
-0.2842,0.0315,0.9854,-0.4885,0.6718,0.1908,0,1,0
-0.2922,0.0322,0.9968,-0.542,0.5496,-0.2443,0,1,0
-0.2991,0.0337,0.9958,-1.5573,-0.3359,-0.9237,0,1,0
-0.283,0.032,0.9978,-2.8168,-0.7328,-1.4504,0,1,0
-0.2695,0.0225,0.9802,-3.5573,-0.8397,-1.3893,0,1,0
-0.2598,0.012,0.9663,-2.6031,0.4733,0.0763,0,1,0
-0.2676,0.0149,0.9648,-0.9695,0.8931,1.1527,0,1,0
-0.28,0.0139,0.9673,0.5954,1.4198,1.1527,0,1,0
-0.2883,0.0234,0.9836,0.7405,0.8168,0.9008,0,1,0
-0.3047,0.0334,0.9854,-0.1908,-0.2672,1.1298,0,1,0
-0.2996,0.0295,0.9919,-0.8015,-1.3053,-0.0687,0,1,0
-0.2957,0.0308,1.0015,-1.4046,-2.3588,-0.9466,0,1,0
-0.2766,0.0251,1.0022,-2.2748,-1.9313,-0.9771,0,1,0
-0.2686,0.0183,0.9873,-2.6031,-1.2672,0.1221,0,1,0
-0.2725,0.0237,0.9775,-1.458,0.0305,1.1069,0,1,0
-0.2832,0.0259,0.9868,-0.3588,1.0992,0.5954,0,1,0
-0.2815,0.0305,0.99,0.0611,1.8626,0.7863,0,1,0
-0.292,0.0381,0.9927,-0.2748,1.5267,1.2901,0,1,0
-0.3083,0.0327,0.9866,-1.0687,-0.5115,0.8168,0,1,0
-0.2988,0.0352,0.9924,-1.7557,-1.7252,-0.6718,0,1,0
-0.2815,0.0308,0.9939,-2.3511,-0.7557,-0.9847,0,1,0
-0.2883,0.032,0.9819,-2.7405,-1.1374,-0.8321,0,1,0
-0.2832,0.0283,0.9792,-2.1603,-1.5496,-0.7786,0,1,0
-0.2813,0.0283,0.9788,-1.6641,-0.3053,-0.9237,0,1,0
-0.2815,0.0249,0.9827,-1.8779,0.2824,-0.9847,0,1,0
-0.2996,0.0315,0.9863,-2.5649,-1.1985,-0.6107,0,1,0
-0.2947,0.0281,0.9897,-2.5191,-1.7634,-1.7176,0,1,0
-0.2876,0.0259,0.9788,-2.6565,-2.0992,-1.7557,0,1,0
-0.28,0.021,0.9829,-1.8244,-1.8626,-2.4809,0,1,0
-0.2561,0.0186,0.9937,-1.0458,-0.8931,-2.0305,0,1,0
-0.2622,0.0193,0.9958,-0.9084,0.4351,-0.2977,0,1,0
-0.2817,0.0249,1.0022,-1.313,0.8702,0.1374,0,1,0
-0.2876,0.0339,0.9932,-2.2901,1.1145,-0.4809,0,1,0
-0.2893,0.0344,0.9929,-3.9542,0.6031,-0.8321,0,1,0
-0.2798,0.0347,0.9761,-4.1679,0.3817,-0.4733,0,1,0
-0.2974,0.0325,0.959,-3.3588,-0.2061,-0.6641,0,1,0
-0.29,0.0315,0.9656,-1.5038,-1.1679,-1.6183,0,1,0
-0.2825,0.0342,0.9822,-0.0687,-0.5496,-1.0305,0,1,0
-0.2871,0.042,1.0073,-0.1145,0.4656,-1.4656,0,1,0
-0.2905,0.0461,1.0068,-1.5115,0.7328,-2.855,0,1,0
-0.281,0.0322,1.0142,-3.1145,-0.1832,-2.0,0,1,0
-0.2827,0.0261,0.998,-4.5725,-0.9237,-1.4046,0,1,0
-0.2815,0.0105,0.9844,-4.5344,-1.0382,-1.2901,0,0,0
-0.2864,0.0105,0.9636,-3.2901,-1.0,-1.2137,0,0,0
-0.2896,0.0071,0.9592,-0.9771,-1.1756,-1.0534,0,0,0
-0.2734,0.0142,0.9761,-0.0382,-0.8702,-1.1756,0,0,0
-0.2571,0.0146,0.9866,0.3588,-0.1298,-0.1298,0,0,0
-0.262,0.0239,0.99,-0.4962,0.1145,2.0916,0,0,0
-0.2825,0.0317,0.9888,-1.2519,0.0305,3.3206,0,0,0
-0.2996,0.0334,0.9802,-1.5725,-0.458,2.8015,0,0,0
-0.3159,0.0459,0.9805,-1.5115,-1.7405,0.9924,0,0,0
-0.3079,0.0391,0.9866,-2.2443,-1.374,-2.8015,0,0,0
-0.2925,0.0334,0.9905,-2.7863,-1.6565,-3.1832,0,0,0
-0.2798,0.0234,0.991,-2.5115,-2.3511,-3.3817,0,0,0
-0.2571,0.0225,1.0056,-2.3969,-2.0534,-2.2595,0,0,0
-0.2583,0.0198,0.9949,-2.7405,-0.7023,-1.0687,0,0,0
-0.2764,0.0173,0.9907,-2.8015,-0.2519,-0.771,0,0,0
-0.2769,0.0251,0.9824,-2.9847,-0.2519,-0.626,0,0,0
-0.2922,0.0247,0.9785,-2.7176,-0.374,0.0076,0,0,0
-0.2949,0.0244,0.979,-1.9313,-0.7481,-0.4351,0,0,0
-0.2939,0.0273,0.9819,-1.458,-0.3664,-0.6565,0,0,0
-0.2942,0.0259,0.9846,-1.4656,-0.4275,-0.6718,0,0,0
-0.301,0.0247,0.9817,-1.2672,-0.9237,-1.4275,0,0,0
-0.2883,0.0247,0.9878,-1.3817,-1.3511,-2.1756,0,0,0
-0.2749,0.0166,0.9871,-1.9466,-1.0687,-2.0992,0,0,0
-0.2632,0.0127,0.9797,-1.7634,-0.6183,-1.5573,0,0,0
-0.261,0.009,0.9841,-0.9389,-0.3588,-0.3206,0,0,0
-0.2676,0.0125,0.9939,-1.4962,-0.3893,0.0916,0,0,0
-0.2649,0.0144,0.9912,-1.9084,0.3359,0.1908,0,0,0
-0.269,0.0132,0.9827,-1.7099,0.4962,1.1374,0,0,0
-0.2747,0.0198,0.9753,-1.0153,0.2672,1.9695,0,0,0
-0.281,0.0242,0.9722,-0.4122,-0.3359,2.7863,0,0,0
-0.2976,0.0359,0.9807,-0.7939,-0.7023,1.8321,0,0,0
-0.301,0.0356,0.9761,-1.8015,-1.4198,-0.0687,0,0,0
-0.2908,0.0283,0.9795,-1.3053,-2.1145,-0.4046,0,0,0
-0.2747,0.0266,0.9756,-0.626,-2.0,0.5267,0,0,0
-0.2666,0.0146,0.9824,0.7481,-1.2061,1.229,0,0,0
-0.2661,0.03,0.9956,1.1069,0.1527,2.7252,0,0,0
-0.2852,0.0347,1.0037,-0.0916,0.4427,3.2901,0,0,0
-0.3137,0.0366,0.9976,-1.1221,-0.6031,2.8473,0,0,0
-0.324,0.0476,0.9814,-1.4351,-2.2137,0.0534,0,0,0
-0.2905,0.0247,0.9998,-0.7328,-2.4122,-0.8702,0,0,0
-0.2678,0.0217,0.9893,-0.0153,-0.3969,0.2214,0,0,0
-0.2712,0.0161,0.9878,2.0076,2.0229,0.145,0,0,0
-0.2908,0.0337,1.0088,2.458,1.7023,0.1298,0,0,0
-0.2925,0.0325,1.0088,-0.4733,0.1985,-0.1298,0,0,0
-0.2859,0.0303,0.9944,-2.9695,-0.9466,0.0153,0,0,0
-0.2722,0.0178,0.9756,-2.7023,-1.5878,0.5038,0,0,0
-0.2625,0.0186,0.9697,-0.5954,-0.4656,1.229,0,0,0
-0.2686,0.0376,0.9814,0.9084,1.8321,1.8855,0,0,0
-0.2786,0.0364,0.9839,1.1756,2.6718,1.1069,0,0,0
-0.2898,0.0488,1.0,0.8931,1.771,1.3588,0,0,0
-0.3093,0.0542,1.0054,-1.0916,0.7176,0.8931,0,0,0
-0.3066,0.0525,0.9976,-2.8931,-0.3206,-0.7176,0,0,0
-0.2957,0.041,0.9888,-3.8855,-2.0076,-1.626,0,0,0
-0.2803,0.0369,0.9727,-3.9542,-3.542,-0.9008,0,0,0
-0.272,0.0347,0.9641,-2.7634,-1.9924,-0.9847,0,0,0
-0.2695,0.0322,0.9663,-0.9695,-0.4198,-1.3588,0,0,0
-0.2805,0.0342,0.9849,-0.1832,-0.2137,-0.458,0,0,0
-0.2842,0.04,0.9939,-0.771,-0.7481,-0.1298,0,0,0
-0.2922,0.041,0.9968,-2.0458,-1.4351,-0.9771,0,0,0
-0.292,0.0369,0.9973,-3.3053,-1.9771,-2.0382,0,0,0
-0.29,0.0227,0.9766,-3.6183,-3.1145,-1.6031,0,0,0
-0.2883,0.0193,0.9705,-3.542,-4.7786,-1.2137,0,0,0
-0.2693,0.0081,0.9697,-1.6031,-3.9618,-0.916,0,0,0
-0.259,0.0115,0.9827,0.855,-1.6641,-0.0534,0,0,0
-0.2686,0.0178,1.0017,2.5191,0.1985,0.1985,0,0,0
-0.2795,0.031,1.0151,0.5802,0.0382,-0.3588,0,0,0
-0.2476,0.0261,1.009,-2.7176,-0.084,0.4809,0,0,0
-0.2524,0.0237,0.9744,-2.8626,0.4809,3.7328,0,0,0
-0.2832,0.0232,0.969,0.1985,1.145,4.7634,0,0,0
-0.3152,0.0439,0.9834,1.6641,0.9847,3.1221,0,0,0
-0.324,0.0649,1.0012,0.1145,0.3282,0.855,0,1,0
-0.3127,0.0693,1.001,-1.7405,-0.855,-1.229,0,1,0
-0.3132,0.0354,1.0139,-2.084,-1.8855,-1.5725,0,1,0
-0.323,0.0447,0.9856,-4.2061,-4.0153,-3.8931,0,1,0
-0.2673,0.0422,0.9875,-4.8397,-6.2214,-4.7405,0,1,0
-0.2319,0.0112,0.9871,-3.8321,-3.2214,-3.687,0,1,0
-0.2434,0.0159,0.9856,-2.313,-0.313,-2.4427,0,1,0
-0.2476,0.0134,0.9875,-1.1527,1.2366,-0.6794,0,1,0
-0.2625,0.0215,0.9958,-1.2137,1.9847,1.6031,0,1,0
-0.2898,0.0305,0.9917,-2.1985,2.0763,1.5649,0,1,0
-0.301,0.0281,0.9883,-2.4885,1.1832,0.1069,0,1,0
-0.2844,0.0303,0.9905,-1.5191,0.542,0.0229,0,1,0
-0.2852,0.0378,0.9922,-2.1985,-0.3435,1.0611,0,1,0
-0.2874,0.0388,0.9797,-2.8321,-0.6183,0.8779,0,1,0
-0.2947,0.0337,0.9717,-2.5725,-0.7252,0.2901,0,1,0
-0.3005,0.0366,0.9653,-1.542,-1.9618,-0.4885,0,1,0
-0.2864,0.0334,0.9844,-0.8626,-2.6641,-1.2366,0,1,0
-0.2688,0.0352,0.9954,-1.0992,-1.8702,-1.4275,0,1,0
-0.2549,0.0313,1.002,-1.2595,-0.5573,-0.9542,0,1,0
-0.2598,0.0352,1.0005,-2.0,0.8473,0.3588,0,1,0
-0.2795,0.0435,1.0005,-2.0534,0.9313,1.5496,0,1,0
-0.29,0.0374,0.9944,-3.916,1.1374,0.8397,0,1,0
-0.303,0.0334,0.9651,-1.9084,-0.7786,0.9237,0,1,0
-0.2966,0.0381,0.9768,-0.9618,-0.9771,0.0992,0,1,0
-0.2859,0.0396,0.9954,-0.0153,-0.1756,-0.5878,0,1,0
-0.2903,0.0498,0.9917,-1.0763,0.0611,-1.8244,0,1,0
-0.2793,0.0356,0.9993,-2.3282,-0.771,-2.5954,0,1,0
-0.2754,0.031,0.9875,-3.0153,-0.9466,-1.2672,0,1,0
-0.2778,0.0286,0.9736,-3.1221,-1.7328,-0.2519,0,1,0
-0.2771,0.0276,0.9788,-1.9847,-1.3282,-0.374,0,1,0
-0.2854,0.03,0.9854,-1.145,-0.2366,-1.084,0,1,0
-0.2869,0.0378,0.9951,-1.458,-0.0229,-1.7099,0,1,0
-0.2737,0.0305,0.9978,-1.8015,-0.2519,-2.3435,0,1,0
-0.2632,0.0325,0.9995,-2.4962,0.2214,-1.9313,0,1,0
-0.2705,0.0305,0.9983,-3.0763,0.1298,-0.8626,0,1,0
-0.2791,0.0337,0.9873,-3.3511,0.5802,-0.8168,0,1,0
-0.2791,0.0278,0.9861,-3.5267,1.0763,-1.1908,0,1,0
-0.2939,0.0378,0.9766,-3.5496,0.7023,-0.916,0,1,0
-0.3032,0.0334,0.9683,-3.084,-0.687,-2.2443,0,1,0
-0.2922,0.0349,0.9724,-2.3817,-0.8702,-3.3588,0,1,0
-0.2788,0.0342,0.9846,-1.7328,-0.5115,-3.5038,0,1,0
-0.2803,0.0251,0.9788,-1.1603,-0.8397,-2.4962,0,1,0
-0.2791,0.0317,0.989,-1.1832,-0.7252,-1.5878,0,1,0
-0.2825,0.0295,1.002,-1.9695,-0.0458,-2.3817,0,1,0
-0.2925,0.0339,0.9995,-2.7023,-0.5573,-3.1832,0,1,0
-0.2798,0.0212,0.9968,-3.7176,-2.0382,-2.7786,0,1,0
-0.2642,0.0156,0.9846,-4.4351,-2.3282,-1.3511,0,1,0
-0.2588,0.0059,0.9629,-3.4198,-1.2443,0.5267,0,1,0
-0.2703,0.002,0.9656,-1.3817,0.0916,1.8702,0,1,0
-0.2964,0.0208,0.97,0.8397,-0.1069,1.2901,0,1,0
-0.3013,0.0352,0.9832,1.3511,-0.4351,0.2519,0,1,0
-0.2996,0.0408,0.9971,0.7252,-1.3053,-0.4885,0,1,0
-0.2893,0.0405,1.0139,-0.4962,-1.4427,-1.542,0,1,0
-0.2717,0.0486,1.0039,-2.6183,-1.9008,-1.1908,0,1,0
-0.2637,0.0369,1.0056,-3.6031,-1.7328,-0.1221,0,1,0
-0.2673,0.0327,0.9773,-3.5344,-1.1221,0.4351,0,1,0
-0.2881,0.0337,0.9692,-2.542,-0.9237,0.3969,0,1,0
-0.2954,0.0349,0.9709,-1.9771,-1.0992,-1.4275,0,1,0
-0.2871,0.0359,0.9822,-1.1374,-0.9924,-3.0534,0,1,0
-0.2847,0.0381,1.0027,-1.1145,-1.5954,-3.8626,0,1,0
-0.272,0.0369,1.0154,-2.7557,-2.5191,-2.8626,0,1,0
-0.2666,0.0352,1.009,-4.6794,-2.1069,-2.0763,0,1,0
-0.2778,0.0261,0.9829,-5.1221,-2.3664,-1.4198,0,1,0
-0.2791,0.0232,0.9758,-4.8092,-2.4733,-1.4962,0,1,0
-0.2859,0.021,0.9668,-4.0,-2.4275,-1.1985,0,0,0
-0.2979,0.0112,0.9619,-2.4198,-2.5725,-1.4427,0,0,0
-0.3455,0.0242,0.9531,-0.4733,-6.1603,-0.855,0,0,0
-0.2563,0.0222,1.0146,0.4504,-6.6107,-4.4351,0,0,0
-0.2549,0.0273,1.0073,-2.0992,-2.9313,-5.4427,0,0,0
-0.2329,0.0071,1.0059,-4.2366,-2.687,-2.8168,0,0,0
-0.2163,-0.0063,0.9866,-3.0153,-1.7481,1.0305,0,0,0
-0.238,0.0012,0.978,-1.7252,0.4962,3.5725,0,0,0
-0.2705,0.0105,0.9773,-0.626,2.5802,3.9924,0,0,0
-0.2976,0.0232,0.9883,0.2443,2.9924,3.6412,0,0,0
-0.3171,0.0256,0.9644,0.4885,-0.145,1.9313,0,0,0
-0.2808,0.0317,0.9937,1.4122,-1.7252,1.0687,0,0,0
-0.2644,0.0476,1.0129,1.1908,0.5725,1.8244,0,0,0
-0.2871,0.0537,1.0303,0.4198,2.1832,1.0763,0,0,0
-0.3037,0.0615,1.0344,-1.145,0.855,-0.1679,0,0,0
-0.2932,0.0591,1.0291,-3.9237,-0.5191,-0.6718,0,0,0
-0.2944,0.0566,1.0037,-5.9618,-0.8855,-0.9466,0,0,0
-0.2991,0.0405,0.9741,-5.458,-1.5496,-2.3664,0,0,0
-0.2803,0.0291,0.968,-3.229,-0.4427,-3.5878,0,0,0
-0.2632,0.0337,0.9646,-1.542,0.1756,-3.4656,0,0,0
-0.2542,0.0251,0.9893,0.5115,1.5649,-2.7481,0,0,0
-0.2576,0.04,0.9961,0.0305,2.0,-1.4885,0,0,0
-0.2773,0.0464,0.998,-1.8092,0.8168,-1.1374,0,0,0
-0.2842,0.041,0.9917,-4.0229,-0.7481,-1.6718,0,0,0
-0.2888,0.0374,0.9773,-4.8397,-1.6794,-1.8779,0,0,0
-0.2979,0.0291,0.9695,-4.4427,-2.3969,-3.2748,0,0,0
-0.2893,0.0234,0.97,-3.2519,-2.7252,-4.2366,0,0,0
-0.2751,0.0198,0.9841,-2.2443,-2.3817,-4.6031,0,0,0
-0.2668,0.0139,0.9995,-1.4122,-0.9771,-4.8626,0,0,0
-0.2563,0.0078,1.011,-1.3969,0.7252,-4.6336,0,0,0
-0.2666,0.0112,1.0122,-2.4809,0.8473,-2.855,0,0,0
-0.2761,0.0142,1.0063,-4.7405,-0.0305,-2.4275,0,0,0
-0.2708,0.0051,0.9795,-6.6489,0.0229,-2.2519,0,0,0
-0.2727,-0.0046,0.9397,-5.3588,-0.4962,-1.4962,0,0,0
-0.26,-0.0159,0.9595,-0.4351,-2.2901,0.0992,0,0,0
-0.2637,0.0166,0.9932,-0.3359,2.0458,2.1374,0,0,0
-0.3137,0.0278,0.9734,-2.8244,2.1145,0.4427,0,0,0
-0.3086,0.0208,0.9617,-0.5954,-0.4198,-2.8779,0,0,0
-0.2668,0.0251,0.9873,0.6107,-1.7634,-2.7481,0,0,0
-0.2559,0.0298,1.0078,-1.4733,-0.2748,-0.9008,0,0,0
-0.2666,0.0303,1.0068,-3.1221,0.3282,-0.7863,0,0,0
-0.2778,0.0242,0.9934,-3.0458,-0.0076,-0.9618,0,0,0
-0.2717,0.0256,0.9849,-3.7328,-0.8168,-0.6412,0,0,0
-0.2798,0.0242,0.9856,-3.229,-0.2977,-0.313,0,0,0
-0.2734,0.0234,0.9753,-1.4198,0.3053,-0.2824,0,0,0
-0.2705,0.0374,0.9907,-0.0076,1.458,-0.458,0,0,0
-0.2725,0.042,0.9988,-0.7557,2.2824,-0.7863,0,0,0
-0.2905,0.0383,1.0039,-1.5573,2.0458,-0.6718,0,0,0
-0.3018,0.0422,0.9922,-2.1527,0.1374,-0.8092,0,0,0
-0.293,0.0366,0.9939,-2.8168,-0.4504,-1.4885,0,0,0
-0.2888,0.0354,0.9778,-2.9847,-0.3969,-2.0687,0,0,0
-0.2964,0.0264,0.9724,-2.3282,-1.2595,-2.4885,0,0,0
-0.2856,0.0203,0.978,-1.8702,-1.4198,-2.916,0,0,0
-0.2776,0.0107,0.98,-1.1221,-2.0229,-2.4351,0,0,0
-0.2661,0.0129,0.9895,-1.8092,-1.7023,-1.8626,0,0,0
-0.2676,0.0125,0.98,-2.4046,-0.4122,-1.7557,0,0,0
-0.2744,0.0273,0.9194,-3.4809,-1.771,-1.855,0,0,0
-0.2625,-0.0122,0.9866,-0.5038,-1.8702,-0.0611,0,0,0
-0.2661,0.0027,0.9893,-0.3817,-0.7481,0.4275,0,0,0
-0.2725,0.0061,0.9922,-1.0458,0.1832,-0.8244,0,0,0
-0.2788,-0.0042,1.0017,-1.5802,-1.1374,0.0305,0,0,0
-0.2703,0.0073,1.0049,-1.8931,-1.8397,1.2366,0,0,0
-0.2683,0.0076,1.0076,-2.8092,-0.6565,1.1298,0,0,0
-0.2708,0.0122,0.9958,-2.9008,0.1756,1.1908,0,0,0
-0.2656,0.0112,0.9836,-2.1832,0.7786,2.0458,0,0,0
-0.269,0.0173,0.9829,-1.5725,2.084,3.0305,0,0,0
-0.2874,0.031,0.9846,-1.5115,4.0611,1.458,0,0,0
-0.3108,0.0361,0.9683,-0.8855,1.9466,-0.2061,0,0,0
-0.3,0.0339,0.9902,-1.1832,-1.8626,0.3817,0,0,0
-0.2778,0.0376,0.9998,-2.3893,-1.2443,0.1908,0,0,0
-0.2874,0.0415,0.9941,-2.8244,0.5267,-1.7634,0,0,0
-0.2891,0.031,0.9836,-2.4122,-0.5878,-2.0458,0,0,0
-0.2715,0.0327,0.9912,-1.8779,-2.1069,-0.9847,0,0,0
-0.2612,0.0334,0.9897,-2.0687,-0.7557,-0.5573,0,0,0
-0.2717,0.032,0.9778,-2.3893,0.2901,-0.8855,0,0,0
-0.2798,0.0244,0.9778,-2.2748,-0.1298,-0.6565,0,0,0
-0.2739,0.0178,0.9724,-1.7481,-1.5191,0.2443,0,0,0
-0.2798,0.0234,0.9734,-0.9389,-0.7252,0.6794,0,0,0
-0.283,0.0229,0.9834,-0.8244,-0.3359,-1.2519,0,0,0
-0.2769,0.0242,0.9929,-0.5649,-0.6947,-1.9542,0,0,0
-0.271,0.0293,1.0015,-0.4733,-0.5191,-1.0153,0,0,0
-0.2708,0.0247,1.0107,-1.6031,-0.3817,-0.5115,0,0,0
-0.2803,0.03,0.9954,-2.4198,-0.3969,-0.1908,0,0,0
-0.281,0.022,0.9839,-2.7252,-0.6794,-0.4351,0,0,0
-0.2795,0.0161,0.9729,-2.6336,-1.1069,0.0687,0,0,0
-0.2827,0.0195,0.9749,-1.3817,-0.7099,0.542,0,0,0
-0.2947,0.0264,0.9749,-0.8931,-1.0382,-0.3664,0,0,0
-0.2898,0.0342,0.9746,-1.4809,-1.7481,-1.7252,0,0,0
-0.28,0.0156,0.9795,-1.687,-2.0611,-1.8092,0,0,0
-0.2593,0.0066,0.9683,-1.5649,-2.3282,-0.3817,0,0,0
-0.2559,0.002,0.9719,-0.7557,-1.4046,1.0611,0,0,0
-0.2686,0.0063,0.9775,0.916,0.2214,2.0687,0,0,0
-0.2959,0.0129,1.0027,1.7099,-0.0153,1.6336,0,0,0
-0.3008,0.0286,1.0242,0.6489,-0.6718,0.7023,0,0,0
-0.2908,0.0359,1.032,-1.8855,-1.542,-0.0305,0,0,0
-0.2817,0.0356,1.0349,-3.0382,-1.5878,-0.7634,0,0,0
-0.2639,0.0344,1.0291,-3.4122,-0.1221,-1.0458,0,0,0
-0.2837,0.0339,1.0081,-4.3664,1.6336,-0.8855,0,0,0
-0.2825,0.0344,0.9897,-3.9924,2.0534,-0.8092,0,0,0
-0.2898,0.0344,0.9858,-3.4733,1.7328,-1.2137,0,0,0
-0.2939,0.0386,0.9729,-3.5802,1.145,-2.4122,0,0,0
-0.2866,0.0369,0.9736,-3.6641,0.1069,-3.2901,0,0,0
-0.2781,0.0293,0.9697,-3.4198,-0.8092,-2.7557,0,0,0
-0.269,0.0198,0.9771,-2.5802,-1.1679,-2.4733,0,0,0
-0.2676,0.0364,0.9905,-2.1221,1.0076,-2.5725,0,0,0
-0.281,0.0347,0.9927,-2.626,1.1603,-3.0458,0,0,0
-0.2883,0.0334,0.99,-3.6641,-0.4733,-3.4275,0,0,0
-0.2793,0.0269,0.9912,-4.4962,-1.6794,-2.8015,0,0,0
-0.2756,0.0195,0.9802,-4.5878,-1.9008,-2.5954,0,0,0
-0.28,0.0115,0.9563,-2.5496,-2.0382,-2.916,0,0,0
-0.2683,0.0022,0.9685,0.0382,-2.6947,-2.2595,0,0,0
-0.2561,0.0093,0.9941,-0.2214,-0.6107,0.5496,0,0,0
-0.2803,0.0195,1.0027,-0.0534,1.8702,0.458,0,0,0
-0.3101,0.0239,0.998,-0.4656,0.229,-0.7023,0,0,0
-0.3015,0.0198,0.9954,-1.8244,-2.2366,-1.7099,0,0,0
-0.2732,0.0154,0.9961,-3.2977,-2.9389,-2.3282,0,0,0
-0.2566,0.0085,0.9832,-3.7252,-1.7634,-2.0229,0,0,0
-0.2551,0.0007,0.9705,-2.2824,-1.1298,-0.5496,0,0,0
-0.26,0.0061,0.9707,-1.2137,-0.1985,0.8779,0,0,0
-0.2759,0.0151,0.9763,-0.5878,-0.2366,1.2519,0,0,0
-0.2898,0.022,0.9878,-0.6947,-0.0534,0.8015,0,0,0
-0.2949,0.0229,0.9949,-1.2519,-1.458,-0.4122,0,0,0
-0.2859,0.0293,0.9946,-1.9542,-2.5725,-0.2901,0,0,0
-0.282,0.0195,0.9897,-2.084,-2.4351,-0.3282,0,0,0
-0.2856,0.0225,0.9849,-2.0153,-1.7405,-0.9313,0,0,0
-0.2815,0.0195,0.9954,-2.2366,-1.229,-2.3511,0,0,0
-0.2771,0.0166,0.9961,-2.2901,-1.1908,-2.145,0,0,0
-0.2764,0.0146,0.9932,-2.7328,-1.7099,-1.2443,0,0,0
-0.2686,0.0098,0.9868,-3.2901,-1.5649,-1.6947,0,0,0
-0.2727,0.0049,0.9861,-3.1298,-1.1756,-1.0992,0,0,0
-0.2712,-0.0037,0.9802,-1.8397,-1.7328,0.0076,0,0,0
-0.2725,0.0024,0.9878,-1.3053,-1.1221,-0.084,0,0,0
-0.2725,0.0024,0.9832,-1.2901,-0.3435,0.5115,0,0,0
-0.2813,0.0095,0.9951,-1.374,-0.3053,0.5878,0,0,0
