ax,ay,az,gx,gy,gz,left_click,right_click
-0.082,-0.0723,0.9788,-12.6489,-4.7786,-11.6489,0,0,0
-0.1074,-0.0818,0.9873,-6.7023,-5.0382,-8.3817,0,0,0
-0.1089,-0.0427,0.9814,0.0687,-5.6718,-5.8015,0,0,0
-0.1082,0.0186,0.9756,2.542,-7.3817,-7.6183,0,0,0
-0.1157,0.0686,1.0046,-0.0305,-9.9618,-11.0534,0,0,0
-0.104,0.0554,1.0239,-4.9084,-12.1298,-14.4046,0,0,0
-0.0928,0.0051,1.0405,-6.916,-10.6336,-15.8779,0,0,0
-0.1135,-0.0208,1.0464,-3.9084,-9.771,-17.4046,0,0,0
-0.1355,-0.0322,1.0422,-0.2672,-11.0611,-18.1985,0,0,0
-0.1423,-0.021,1.064,1.1908,-12.6794,-18.7252,0,0,0
-0.1213,0.0024,1.1086,-1.0458,-13.2824,-20.1527,0,0,0
-0.0869,-0.0017,1.137,-5.1985,-12.0076,-23.229,0,0,0
-0.051,-0.0112,1.1506,-11.145,-8.2366,-25.9924,0,0,0
-0.0259,-0.0618,1.1575,-14.7023,-3.0916,-26.9237,0,0,0
-0.0225,-0.0952,1.1355,-15.5038,0.5649,-26.5191,0,0,0
-0.0381,-0.1204,1.0859,-13.916,2.0992,-24.2519,0,0,0
-0.0408,-0.1272,1.0737,-10.3435,1.2672,-20.5878,0,0,0
-0.041,-0.104,1.0649,-7.0,0.8702,-18.2061,0,0,0
-0.0347,-0.0579,1.0542,-5.5191,0.1679,-16.0382,0,0,0
-0.0239,-0.0352,1.0518,-6.084,1.0534,-15.2366,0,0,0
-0.0283,-0.042,1.0334,-5.7099,1.8397,-14.9237,0,0,0
-0.041,-0.0632,1.0376,-1.8168,1.8168,-13.3969,0,0,0
-0.0562,-0.0483,1.0186,1.7328,1.2214,-11.5725,0,0,0
-0.0637,-0.0161,1.0259,3.7405,-0.7023,-9.6718,0,0,0
-0.0459,0.0273,1.0234,3.3359,-1.5191,-9.3206,0,0,0
-0.0488,0.0483,0.9985,0.145,-0.0305,-13.145,0,0,0
-0.0657,0.05,0.9768,-5.1221,-2.7176,-17.7557,0,0,0
-0.0745,-0.019,0.9734,-8.9695,-6.0687,-19.0611,0,0,0
-0.0781,-0.0752,0.9897,-7.6412,-10.6565,-17.1145,0,0,0
-0.0657,-0.1099,1.0129,-2.4351,-14.0,-14.0916,0,0,0
-0.0359,-0.1013,1.0435,3.2137,-13.5725,-11.6489,0,0,0
-0.0317,-0.0867,1.0459,6.916,-10.0076,-9.3893,0,0,0
-0.0537,-0.0471,1.0337,7.9084,-7.626,-7.9237,0,0,0
-0.0686,-0.0283,1.0286,7.855,-7.6183,-8.7023,0,0,0
-0.0698,-0.0217,1.0312,7.4046,-9.0992,-9.7176,0,0,0
-0.0596,-0.0273,1.0364,6.6794,-10.8244,-10.8931,0,0,0
-0.0447,-0.0437,1.0583,4.8244,-10.7252,-11.0153,0,0,0
-0.0303,-0.0674,1.0642,3.6183,-8.542,-9.2137,0,0,0
-0.0225,-0.0901,1.0547,6.1221,-5.8473,-6.4656,0,0,0
-0.0181,-0.0688,1.0344,9.8855,-4.1603,-3.9924,0,0,0
-0.0352,-0.0518,1.0083,14.0,-4.1145,-2.8321,0,0,0
-0.0408,-0.0234,1.0093,16.626,-5.1985,-1.7863,0,0,0
-0.0439,-0.0042,1.0166,17.0687,-6.3511,-2.1527,0,0,0
-0.0347,-0.0015,1.0203,16.8473,-7.0763,-2.2824,0,0,0
-0.0203,-0.0051,1.0112,15.3893,-6.4733,-2.2595,0,0,0
-0.022,0.0146,0.9805,13.0382,-6.1374,-2.855,0,0,0
-0.0425,0.0146,0.9778,10.4962,-7.8168,-3.4885,0,0,0
-0.0476,0.0103,0.9832,9.3969,-10.5344,-4.4122,0,0,0
-0.0789,-0.0261,0.989,7.626,-13.8015,-5.6107,0,0,0
-0.0203,-0.0056,1.0227,7.7405,-14.4962,-5.5573,0,0,0
0.0203,-0.0193,1.0332,8.374,-13.9084,-5.8168,0,0,0
0.0498,-0.0205,1.0574,7.7634,-9.7481,-6.2443,0,0,0
0.0457,-0.009,1.0649,6.687,-5.0305,-5.916,0,0,0
0.0293,-0.0203,1.0686,5.5878,-1.4962,-5.7023,0,0,0
0.0183,-0.0317,1.0564,5.8397,0.1908,-5.374,0,0,0
0.0186,-0.0383,1.0535,6.8397,1.4275,-3.4733,0,0,0
0.0486,-0.0337,1.0591,7.145,2.2137,-1.5267,0,0,0
0.0684,-0.0376,1.0334,7.1221,5.2519,0.1756,0,0,0
0.0449,-0.0488,1.0259,7.1679,7.6718,1.2519,0,0,0
0.0203,-0.0798,1.0381,9.7481,8.3282,5.8015,0,0,0
0.0056,-0.063,1.0405,14.4427,8.4427,9.8168,0,0,0
0.0325,-0.0198,1.0764,17.5114,9.5954,14.5496,0,0,0
0.0208,0.0156,1.0747,14.084,12.9771,16.5114,0,0,0
0.0098,-0.0007,1.0737,11.0305,17.5954,15.4885,0,0,0
-0.0317,0.0027,1.0352,9.3969,19.8931,14.4427,0,0,0
-0.0225,-0.0186,1.0212,9.8473,19.542,13.7176,0,0,0
0.1335,-0.001,1.0688,12.9618,20.8321,13.4351,0,0,0
-0.0781,0.0225,1.0305,14.7863,17.2672,14.2672,0,0,0
-0.0276,0.0588,1.0413,12.855,17.771,13.3282,0,0,0
0.0037,0.0701,1.0828,9.6031,21.1145,9.9389,0,0,0
-0.0237,0.0798,1.0818,3.0611,29.6107,7.1985,0,0,0
-0.0344,0.0383,1.0664,0.3969,32.9466,6.9695,0,0,0
-0.0208,0.0537,1.0212,-0.1679,34.4427,8.3053,0,0,0
-0.0613,0.064,1.0188,0.4656,33.8855,9.5267,0,0,0
-0.0579,0.0837,0.9834,2.771,33.145,8.9008,0,0,0
-0.1035,0.0935,0.9534,2.8931,30.4427,5.374,0,0,0
-0.1038,0.0845,0.9412,1.5725,27.0153,2.458,0,0,0
-0.1023,0.0569,0.9604,-0.7099,24.9389,4.5038,0,0,0
-0.1323,0.0203,0.9858,-0.4351,23.3511,7.2214,0,0,0
-0.127,0.0295,0.9893,6.4962,20.6183,7.5878,0,0,0
-0.1152,0.0718,1.0125,10.5496,19.9771,6.2214,0,0,0
-0.1458,0.1118,1.0181,8.9771,19.145,5.0992,0,0,0
-0.1128,0.1028,1.0288,6.9924,19.0458,3.0916,0,0,0
-0.1426,0.0779,1.0366,8.1374,20.8473,-0.2137,0,0,0
-0.155,0.0884,1.0403,9.9695,20.1374,-1.0992,0,0,0
-0.1543,0.0837,1.0291,8.4885,20.1069,-2.3511,0,0,0
-0.1401,0.0684,1.0613,9.8702,18.1756,-2.4733,0,0,0
-0.1125,0.1067,1.0725,6.9695,20.5191,-3.1832,0,0,0
-0.1387,0.1116,1.05,2.5191,22.5725,-5.9237,0,0,0
-0.1599,0.0798,1.0105,-1.3817,22.5573,-7.4351,0,0,0
-0.1506,0.0486,1.0154,-1.3053,20.4733,-8.2519,0,0,0
-0.1545,0.0325,1.0393,1.5038,18.9008,-8.5115,0,0,0
-0.1716,0.032,1.0217,4.2443,18.6031,-5.9924,0,0,0
-0.1633,0.061,1.0083,4.5191,17.6107,-4.3053,0,0,0
-0.1655,0.0679,0.9978,1.8779,15.1069,-4.3435,0,0,0
-0.155,0.0483,0.991,-1.084,13.7252,-2.9695,0,0,0
-0.1531,0.0525,0.9919,-3.374,13.6412,-2.7481,0,0,0
-0.1331,0.0569,0.9922,-5.7786,12.145,-2.7328,0,0,0
-0.1711,0.0154,0.9773,-5.4962,12.7786,-1.6336,0,0,0
-0.1836,0.022,0.9731,-3.542,8.4962,0.4122,0,0,0
-0.1875,0.0066,0.9631,-1.5878,4.5802,2.8473,0,0,0
-0.1895,0.0129,0.9641,1.6947,0.1603,4.916,0,0,0
-0.1804,0.0442,0.9868,2.7023,-1.9542,6.1069,0,0,0
-0.1611,0.0564,1.0173,1.6031,-0.8779,7.2824,0,0,0
-0.136,0.0776,1.0457,-1.9542,1.8855,8.8244,0,0,0
-0.1782,0.071,1.0388,-5.1221,4.5496,11.0763,0,0,0
-0.1875,0.0742,1.021,-5.7099,5.084,11.0382,0,0,0
-0.1919,0.0811,1.0107,-4.5496,4.6947,9.7023,0,0,0
-0.2007,0.0759,1.0115,-3.0229,3.7939,7.9237,0,0,0
-0.1965,0.0833,1.0078,-1.3588,3.8473,7.2214,0,0,0
-0.1887,0.0798,1.0198,0.9618,4.9237,5.8855,0,0,0
-0.1921,0.0935,1.0144,1.3435,5.1908,4.6412,0,0,0
-0.1919,0.1138,1.0229,-1.7176,5.4733,3.6718,0,0,0
-0.1904,0.124,1.0137,-6.9924,5.6565,1.6718,0,0,0
-0.1868,0.0842,1.0256,-9.0076,5.7099,0.1908,0,0,0
-0.1853,0.0688,1.032,-9.2595,6.626,-0.2443,0,0,0
-0.1924,0.05,1.0308,-7.6336,6.916,0.3206,0,0,0
-0.1931,0.0542,1.0361,-6.2366,7.5496,0.6107,0,0,0
-0.1902,0.0332,1.0325,-5.3435,8.5878,2.2595,0,0,0
-0.2,0.0496,1.0142,-2.1145,8.7023,5.1679,0,0,0
-0.2004,0.0313,1.0112,1.4885,9.9618,5.1145,0,0,0
-0.2083,0.0608,0.9956,3.5267,9.1374,5.0305,0,0,0
-0.2058,0.0872,0.998,0.7099,8.3359,3.8855,0,0,0
-0.2021,0.0881,1.012,-4.8855,7.5496,3.3206,0,0,0
-0.1863,0.0732,1.03,-9.3511,8.6031,3.3206,0,0,0
-0.207,0.0618,1.0242,-11.2061,10.7405,3.6565,0,0,0
-0.2048,0.0349,1.0056,-6.6718,11.1374,1.6489,0,0,0
-0.1863,0.0193,0.9861,-0.6794,10.4809,0.2595,0,0,0
-0.2205,0.0623,0.9973,0.7634,6.7405,-0.2137,0,0,0
-0.1968,0.0691,0.9949,-1.3664,6.9313,0.8397,0,0,0
-0.1873,0.0571,0.9829,-3.1298,6.8244,1.0687,0,0,0
-0.1965,0.0544,0.979,-4.8092,6.9237,1.3053,0,0,0
-0.1985,0.054,0.9915,-5.4351,6.9542,0.313,1,0,0
-0.2024,0.0408,0.9854,-3.6031,6.8473,-0.9084,1,0,0
-0.2043,0.0322,0.9844,-1.0,6.8397,-1.4046,1,0,0
-0.2061,0.0447,0.9819,0.8931,5.4733,-0.9237,1,0,0
-0.2073,0.072,0.9734,1.0229,4.2595,-0.145,1,0,0
-0.1841,0.0962,0.9739,-1.7023,3.6107,-0.1679,1,0,0
-0.2007,0.0898,0.9675,-3.2519,1.1069,-0.8855,1,0,0
-0.2048,0.0632,0.9709,-3.8855,0.0,-0.626,1,0,0
-0.2024,0.071,0.9761,-5.6489,-1.0153,-1.8855,1,0,0
-0.218,0.063,0.9707,-6.7557,-2.2977,-1.4275,1,0,0
-0.2134,0.0452,0.9749,-7.8168,-4.0916,-0.9847,1,0,0
-0.2039,0.0435,0.9971,-7.9847,-4.2824,-0.6336,1,0,0
-0.196,0.0239,0.9958,-4.2519,-3.3969,1.1756,1,0,0
-0.1978,0.0476,0.9924,-0.771,-2.229,1.3053,1,0,0
-0.2051,0.0835,0.9924,-0.7786,-1.5878,-1.5878,1,0,0
-0.2156,0.054,0.9756,-1.5573,-2.2901,-3.2443,1,0,0
-0.2131,0.0574,0.9919,-3.1756,-3.2672,-2.5038,1,0,0
-0.2104,0.0776,1.0129,-6.6107,-3.2824,-3.3664,1,0,0
-0.2104,0.064,1.0073,-7.9313,-3.3053,-4.0305,1,0,0
-0.2085,0.0459,1.0098,-8.145,-4.1832,-3.6031,1,0,0
-0.2144,0.0242,1.0186,-5.8092,-4.6183,-1.5649,1,0,0
-0.2178,0.0173,1.0212,-1.5954,-4.084,-0.1832,1,0,0
-0.2034,0.0356,1.011,2.0687,-3.1527,0.9847,1,0,0
-0.2061,0.063,1.0127,2.2977,-2.1603,1.2443,1,0,0
-0.2034,0.0793,1.0146,-0.3511,-1.4122,0.2977,0,0,0
-0.2073,0.0786,1.021,-2.8855,-1.4504,-0.9389,0,0,0
-0.2021,0.0745,1.0212,-5.0992,-1.0305,-1.9542,0,0,0
-0.2141,0.0466,1.0078,-4.5878,-1.3664,-2.0229,0,0,0
-0.22,0.0366,0.9946,-2.4733,-2.0687,-1.9924,0,0,0
-0.2139,0.0466,1.0066,-1.1145,-3.3511,-1.0763,0,0,0
-0.2122,0.0518,1.0076,-1.084,-3.6336,-0.8168,0,0,0
-0.2039,0.0493,1.0034,-0.084,-3.7634,-0.8397,0,0,0
-0.199,0.0603,1.0139,0.1985,-2.7252,-2.0763,0,0,0
-0.2053,0.0659,1.0081,0.1145,-2.0916,-2.771,0,0,0
-0.2141,0.0598,1.0132,0.2214,-2.4962,-3.2977,0,0,0
-0.2153,0.061,1.0188,1.0,-3.0229,-2.8473,0,0,0
-0.2058,0.0605,1.0125,2.8015,-2.2672,-3.0382,0,0,0
-0.2166,0.0718,1.0044,3.4962,-2.7405,-4.2214,0,0,0
-0.2212,0.0728,0.9971,3.4122,-3.8015,-5.3206,0,0,0
-0.2202,0.0654,0.991,1.771,-5.1298,-5.7023,0,0,0
-0.2156,0.0544,0.9976,1.5344,-6.6336,-5.3053,0,0,0
-0.196,0.0474,1.0144,2.084,-6.8626,-4.8473,0,0,0
-0.1938,0.0552,1.0242,2.6336,-6.1603,-4.0458,0,0,0
-0.2068,0.0618,1.0149,2.7863,-5.7786,-3.4962,0,0,0
-0.2036,0.0615,1.0159,3.4046,-5.8092,-4.3511,0,0,0
-0.2151,0.0593,0.9963,4.9542,-7.3282,-5.3588,0,0,0
-0.2107,0.0632,0.9873,5.0611,-9.771,-5.7557,0,0,0
-0.1938,0.0532,1.0005,5.7252,-11.2977,-5.1374,0,0,0
-0.1787,0.0625,1.011,4.855,-10.9084,-4.3817,0,0,0
-0.189,0.0581,1.0132,5.4046,-11.5573,-4.626,0,0,0
-0.1768,0.0703,1.0,5.4427,-11.5191,-4.8626,0,0,0
-0.1738,0.0798,0.9949,3.4046,-11.2595,-6.7099,0,0,0
-0.1863,0.051,0.9717,2.2748,-12.313,-8.4046,0,0,0
-0.1924,0.0371,1.0059,4.0611,-14.3435,-8.1527,0,0,0
-0.1584,0.0425,1.0354,4.7099,-13.0534,-4.2061,0,0,0
-0.1475,0.0422,1.0413,5.0153,-10.4122,-0.7634,0,0,0
-0.1567,0.0535,1.0232,5.542,-7.771,0.3206,0,0,0
-0.1658,0.0793,1.0115,5.4351,-6.5878,-0.0076,0,0,0
-0.1748,0.0833,1.0066,4.0382,-7.0305,-0.8168,0,0,0
-0.1619,0.0828,1.0215,1.5954,-7.3817,-0.7176,0,0,0
-0.1553,0.0725,1.0227,0.1603,-5.8168,-0.0992,0,0,0
-0.1538,0.0769,1.02,0.3664,-4.687,-0.2061,0,0,0
-0.1533,0.0901,1.0146,-1.3969,-3.542,-1.3969,0,0,0
-0.167,0.0759,1.01,-3.1298,-2.6947,-2.0992,0,0,0
-0.1628,0.0759,1.0208,-4.542,-2.8244,-1.0,0,0,0
-0.1562,0.0579,1.0322,-4.5191,-1.6336,0.1679,0,0,0
-0.1501,0.0398,1.0293,-1.7099,0.0458,0.9466,0,0,0
-0.1533,0.054,1.0217,0.7634,1.9313,1.542,0,0,0
-0.168,0.0571,1.0088,2.7328,2.2901,1.9389,0,0,0
-0.1682,0.0901,1.0098,2.7939,2.1908,2.4656,0,0,0
-0.1694,0.0935,1.0037,0.9618,2.5115,1.542,0,0,0
-0.176,0.0879,1.0046,0.0458,1.9695,0.4198,0,0,0
-0.1743,0.0928,1.0017,-1.2214,1.3435,-1.8473,0,0,0
-0.1655,0.0879,1.0188,-3.0611,1.1908,-2.2595,0,0,0
-0.1606,0.074,1.0186,-4.2519,2.1679,-1.229,0,0,0
-0.1709,0.0657,1.0117,-4.1908,2.458,-0.542,0,0,0
-0.1765,0.0735,1.0063,-3.4504,1.9084,-0.3893,0,0,0
-0.1758,0.0815,0.9822,-2.2519,0.7634,-1.1298,1,0,0
-0.1677,0.0596,1.0076,-2.0534,-0.6031,-1.916,1,0,0
-0.1797,0.0901,1.0049,-1.7252,-0.916,-0.8168,1,0,0
-0.1692,0.0498,1.0229,-0.8244,-1.855,-0.6183,1,0,0
-0.1619,0.0725,1.0168,0.2824,-0.5954,-0.458,1,0,0
-0.1748,0.0935,1.0171,-1.0,-0.3206,-0.6107,1,0,0
-0.1685,0.1023,1.0183,-3.8473,-0.5496,-1.084,1,0,0
-0.1711,0.0918,1.0139,-6.2672,-0.9542,-1.5802,1,0,0
-0.1655,0.0886,1.0115,-7.7023,-1.3359,-1.6489,1,0,0
-0.1641,0.0737,1.0151,-7.374,-0.5496,-1.5115,1,0,0
-0.1682,0.0808,1.0198,-7.8626,-0.0687,-1.6489,1,0,0
-0.166,0.0718,1.011,-5.6641,1.2443,-3.084,1,0,0
-0.176,0.062,0.9966,-3.1756,1.0534,-3.4656,1,0,0
-0.1816,0.0796,0.9976,-2.1374,-0.4504,-4.3435,1,0,0
-0.1797,0.0862,1.0081,-3.8779,-1.3817,-4.3893,1,0,0
-0.167,0.0691,1.011,-5.5038,-1.6641,-3.3588,1,0,0
-0.1733,0.051,1.0205,-4.6565,-1.2443,-2.1374,1,0,0
-0.1743,0.0613,1.0144,-3.1756,-1.542,-1.2214,1,0,0
-0.1755,0.0686,1.0103,-1.9084,-1.5954,-1.0916,1,0,0
-0.1838,0.073,1.0093,-0.6107,-1.7939,-1.8779,1,0,0
-0.1753,0.0781,1.0105,1.374,-1.9847,-3.5115,1,0,0
-0.1704,0.0991,1.0259,2.5725,-1.3511,-5.6031,1,0,0
-0.1731,0.0979,1.0283,1.7023,-0.7405,-7.4885,0,0,0
-0.1697,0.0881,1.0359,1.6107,0.1985,-9.0687,0,0,0
-0.1548,0.0928,1.0459,2.229,2.9924,-11.9924,0,0,0
-0.1587,0.0984,1.052,2.5496,6.1527,-14.9466,0,0,0
-0.1614,0.0933,1.0466,2.9924,9.458,-19.3206,0,0,0
-0.1719,0.0942,1.0532,5.1756,11.7863,-23.8015,0,0,0
-0.176,0.0959,1.0444,8.5267,14.0611,-27.4809,0,0,0
-0.1641,0.0952,1.0388,10.4504,16.0458,-30.8931,0,0,0
-0.1733,0.0828,1.0479,11.1298,18.6336,-31.3435,0,0,0
-0.1482,0.113,1.0481,10.229,22.0992,-32.2366,0,0,0
-0.2209,0.0725,1.02,8.2901,23.0687,-31.9695,0,0,0
-0.2268,0.0637,1.0007,6.8092,20.9618,-30.6641,0,0,0
-0.2271,0.0569,0.9983,7.7481,18.7634,-30.0992,0,0,0
-0.2395,0.0483,0.9956,8.2366,15.4427,-26.5725,0,0,0
-0.217,0.0488,1.0081,8.9466,14.0458,-21.8397,0,0,0
-0.2058,0.0444,1.0159,10.1756,14.6565,-18.2748,0,0,0
-0.2166,0.0652,1.0049,10.6565,14.9924,-16.145,0,0,0
-0.2444,0.0869,0.979,8.3664,13.1985,-14.8473,0,0,0
-0.2473,0.0781,0.967,5.7328,9.3435,-13.2137,0,0,0
-0.2336,0.0593,1.0056,4.8244,6.9084,-11.3893,0,0,0
-0.1982,0.0762,1.0417,6.229,7.6489,-10.687,0,0,0
-0.1965,0.0925,1.0491,6.7328,11.7634,-11.2901,0,0,0
-0.1882,0.0925,1.0605,6.2748,16.6183,-12.0458,0,0,0
-0.2222,0.0781,1.0356,7.1527,19.855,-12.7939,0,0,0
-0.2441,0.0759,0.9985,7.6718,20.6336,-12.229,0,0,0
-0.2654,0.0859,0.9839,6.8702,18.9924,-11.2519,0,0,0
-0.27,0.0757,0.9663,5.6336,15.3511,-9.2748,0,0,0
-0.2581,0.082,0.9788,4.0992,13.1145,-7.7863,0,0,0
-0.2424,0.0835,0.9851,3.542,12.2977,-7.7863,0,0,0
-0.2483,0.0916,0.9807,2.4275,11.9389,-7.7252,0,0,0
-0.262,0.0867,0.9695,1.3053,10.0,-6.3664,0,0,0
-0.2515,0.0811,0.9727,1.9847,8.6794,-6.3969,0,0,0
-0.2329,0.0845,1.0073,4.6183,10.0,-5.9237,0,0,0
-0.2317,0.0979,1.0256,6.7099,13.5344,-6.2824,0,0,0
-0.2422,0.1675,1.0466,9.4656,11.2366,-7.7786,0,0,0
-0.2583,0.0637,0.9902,2.6947,22.0458,-8.3893,0,0,0
-0.2969,0.0859,0.9541,8.7023,16.5191,-6.7252,0,0,0
-0.3003,0.0981,0.9392,8.7481,13.2214,-6.4733,0,0,0
-0.2979,0.1492,0.9363,6.4504,9.3969,-7.6183,0,0,0
-0.2898,0.1394,0.9458,2.2137,6.2748,-9.7634,0,0,0
-0.2693,0.1165,0.9514,1.9847,5.0534,-10.8168,0,0,0
-0.2673,0.1113,0.9661,3.5954,5.6794,-11.3664,0,0,0
-0.283,0.1011,0.9619,4.6107,5.0992,-11.1527,0,0,0
-0.2854,0.1121,0.9585,3.374,3.9466,-9.9618,0,0,0
-0.2791,0.1042,0.9619,2.5802,3.0229,-9.3435,0,0,0
-0.2791,0.104,0.9634,2.8321,1.9847,-9.7634,0,0,0
-0.269,0.1018,0.969,6.0458,1.5573,-12.5191,0,0,0
-0.2744,0.1187,0.9614,6.542,1.4809,-13.1603,0,0,0
-0.2849,0.1018,0.9585,4.626,0.458,-12.7176,0,0,0
-0.2729,0.092,0.969,2.8931,-0.4122,-10.5725,0,0,0
-0.2703,0.0867,0.9817,3.1298,-0.4885,-9.5496,0,0,0
-0.2739,0.1035,0.9812,2.2977,-0.1069,-8.3511,0,0,0
-0.2832,0.1062,0.9685,2.1298,-0.0153,-8.145,0,0,0
-0.2874,0.0913,0.9592,1.8931,-0.8321,-6.7634,0,0,0
-0.2947,0.074,0.9431,1.3282,-2.9924,-3.5573,0,0,0
-0.2849,0.0769,0.967,0.374,-4.6336,0.9008,0,0,0
-0.2722,0.0835,0.9751,-0.8092,-4.9924,3.6565,0,0,0
-0.2666,0.0952,0.989,-1.8321,-3.8092,4.8015,0,0,0
-0.2761,0.1016,0.9897,-1.4046,-2.1832,4.9618,0,0,0
-0.2793,0.1072,0.9939,0.3435,-1.626,4.3664,0,0,0
-0.2742,0.1121,0.9912,1.3206,-0.771,3.6031,0,0,0
-0.283,0.1157,0.9868,1.6489,-0.2214,3.1374,0,0,0
-0.2888,0.1265,0.9851,0.8168,-0.4504,2.8092,0,0,0
-0.2922,0.1338,0.9873,-0.229,-1.1221,2.8779,0,0,0
-0.2878,0.1396,0.9797,-2.7557,-1.687,2.2443,0,0,0
-0.2813,0.1191,0.9846,-4.7481,-1.7405,1.3206,0,0,0
-0.2717,0.092,1.0073,-4.2443,-0.626,2.0382,0,0,0
-0.2712,0.0898,1.0005,-2.8244,1.5496,3.1221,0,0,0
-0.2803,0.1045,0.9956,-1.8397,2.6718,4.542,0,0,0
-0.2893,0.1116,0.9846,-1.6031,2.7176,5.0687,0,0,0
-0.3579,0.0852,0.9707,-2.0611,0.7557,6.7328,0,0,0
-0.2927,0.1111,0.9778,-5.1298,0.7557,5.7557,0,0,0
-0.2974,0.0974,0.9736,-4.4733,-0.3817,6.4962,0,0,0
-0.2944,0.1016,0.9836,-1.916,-0.6718,6.5954,0,0,0
-0.2854,0.1201,0.9907,-0.2214,-0.1221,6.5802,0,0,0
-0.2773,0.1306,0.9971,-1.3893,0.8244,5.4122,0,0,0
-0.2754,0.1416,1.0081,-5.1832,2.4351,5.5802,0,0,0
-0.2842,0.1274,0.9919,-8.687,3.0534,4.6565,0,0,0
-0.292,0.1016,0.9841,-9.2443,2.8244,5.8015,0,0,0
-0.3003,0.0903,0.9709,-6.6718,1.6947,6.4809,0,0,0
-0.2979,0.0886,0.9663,-5.2137,0.6031,7.855,1,0,0
-0.2925,0.0852,0.9751,-2.687,-0.2366,8.8321,1,0,0
-0.2803,0.1182,0.9949,-1.1908,-0.0687,7.9847,1,0,0
-0.2756,0.1375,0.9954,-1.687,0.9084,5.5878,1,0,0
-0.2813,0.1489,0.9932,-4.0763,1.8855,2.8092,1,0,0
-0.2878,0.1196,0.9888,-4.8092,2.4046,0.9542,1,0,0
-0.2905,0.1069,0.9832,-4.0534,2.3282,-0.3664,1,0,0
-0.2927,0.1023,0.9773,-2.9084,1.5191,-0.3817,1,0,0
-0.2832,0.1021,0.969,-1.0,1.0229,-0.4046,1,0,0
-0.2764,0.1267,0.979,-1.8931,0.771,-0.4046,1,0,0
-0.2778,0.1282,0.9751,-4.1985,0.7557,-1.0534,1,0,0
-0.2822,0.1084,0.9644,-4.5344,0.771,-0.9237,1,0,0
-0.2861,0.1006,0.9724,-2.6794,0.4733,-1.1221,1,0,0
-0.2876,0.1064,0.9683,-1.9084,0.2901,-0.5649,1,0,0
-0.2834,0.1094,0.9795,-1.0763,0.1298,-0.0458,1,0,0
-0.2727,0.1233,0.9778,-0.6947,0.7863,-0.313,1,0,0
-0.2773,0.1343,0.979,-1.1221,1.4656,-0.9771,1,0,0
-0.2893,0.137,0.9712,-2.5954,1.3664,-2.5802,1,0,0
-0.2993,0.1172,0.9661,-3.7481,0.0382,-2.9847,1,0,0
-0.2886,0.0828,0.9705,-1.4733,-0.1145,-2.1221,1,0,0
-0.2788,0.0911,0.9885,2.8168,0.8397,-2.1603,1,0,0
-0.2869,0.1306,0.9878,4.3206,1.626,-1.8779,1,0,0
-0.2893,0.1458,0.9822,1.7099,1.7786,-3.1985,1,0,0
-0.2927,0.1328,0.9751,-0.4885,1.229,-4.458,1,0,0
-0.2915,0.1272,0.9712,-2.2214,0.8015,-4.5954,1,0,0
-0.2937,0.1082,0.9819,-2.313,0.3893,-3.8779,1,0,0
-0.293,0.1096,0.9709,-0.7328,0.0992,-3.1985,1,0,0
-0.2896,0.1152,0.978,-0.6947,0.3969,-1.9389,1,0,0
-0.2813,0.1089,0.9919,-0.9084,1.1527,-0.7328,1,0,0
-0.2788,0.1089,0.9851,-1.374,2.2366,-0.2977,1,0,0
-0.2905,0.1206,0.9795,-2.1145,2.5115,-0.5725,1,0,0
-0.3035,0.1167,0.9727,-3.4809,1.4122,-0.2519,1,0,0
-0.2971,0.0867,0.978,-1.6718,0.3053,-0.1679,1,0,0
-0.283,0.094,0.9949,3.3664,1.7176,-1.0229,1,0,0
-0.2795,0.1206,1.0042,5.0229,3.8015,-2.084,1,0,0
-0.2883,0.1404,0.9985,4.0229,5.6947,-3.084,1,0,0
-0.3,0.1384,0.991,1.6412,6.3893,-4.1527,1,0,0
-0.3054,0.136,0.9719,-0.1298,5.5038,-5.1832,1,0,0
-0.3164,0.1316,0.9536,-2.313,3.6489,-5.6947,1,0,0
-0.3093,0.1138,0.9587,-3.9618,1.3206,-5.3893,1,0,0
-0.2927,0.0759,0.9751,-1.1985,1.0382,-5.9618,1,0,0
-0.2922,0.0964,0.9739,2.9542,2.084,-6.3893,1,0,0
-0.2981,0.1099,0.969,6.5496,3.2519,-6.9008,1,0,0
-0.2976,0.1392,0.9739,5.0076,3.3206,-6.9924,1,0,0
-0.2979,0.1311,0.9763,2.084,3.1832,-7.0076,1,0,0
-0.3018,0.1223,0.9731,0.9771,2.6107,-7.4656,1,0,0
-0.2998,0.123,0.9714,1.4122,2.6031,-7.4198,1,0,0
-0.3259,0.2893,1.0444,7.9466,-12.8321,-9.2748,1,0,0
-0.3108,0.0403,0.9756,-4.0534,6.6031,-8.9618,1,0,0
-0.2927,0.1199,0.9683,3.6489,1.4962,-3.2977,1,0,0
-0.3137,0.0952,0.9524,0.7176,2.458,-1.4504,1,0,0
-0.3032,0.1409,0.9438,-1.8473,0.5496,-1.2214,1,0,0
-0.3103,0.1394,0.9446,-4.4046,-1.5725,-2.3435,1,0,0
-0.3176,0.1147,0.9541,-3.8626,-2.6565,-2.4733,1,0,0
-0.302,0.0962,0.9573,-1.687,-3.2443,-1.3511,1,0,0
-0.2969,0.1169,0.9641,0.0229,-3.2824,-0.2748,1,0,0
-0.2893,0.1257,0.9761,-1.3206,-2.7863,0.3588,1,0,0
-0.2908,0.1289,0.9827,-2.1985,-2.2137,-0.4885,1,0,0
-0.3,0.1255,0.9844,-3.1374,-1.3511,-0.7863,1,0,0
-0.2969,0.1169,0.9802,-3.1985,-1.7176,-0.4733,1,0,0
-0.2988,0.1125,0.9827,-2.6641,-1.6412,-0.2595,1,0,0
-0.2847,0.1021,0.9944,-1.2748,-0.7481,0.5954,1,0,0
-0.291,0.1133,0.9785,0.1527,0.4198,1.3664,1,0,0
-0.3037,0.1177,0.9756,1.9695,0.6336,1.3893,1,0,0
-0.3154,0.1443,0.9614,0.1985,-0.229,0.7939,1,0,0
-0.3115,0.1377,0.9692,-1.9008,-1.542,0.313,1,0,0
-0.3091,0.1367,0.9702,-3.2519,-1.9542,-1.3359,1,0,0
-0.3022,0.1274,0.9861,-4.1985,-1.6794,-1.8473,1,0,0
-0.3032,0.1221,0.9949,-4.3053,-0.7863,-2.1679,1,0,0
-0.3069,0.0981,0.991,-2.8931,-0.3053,-1.7099,1,0,0
-0.3027,0.103,0.979,0.4656,0.2748,-0.7557,1,0,0
-0.2991,0.1143,0.9839,1.2366,0.6107,-0.3664,1,0,0
-0.3003,0.1213,0.9905,0.5267,1.1756,-0.4427,1,0,0
-0.3079,0.1316,0.9771,-1.3817,1.2061,-1.0611,1,0,0
-0.3123,0.1299,0.9707,-2.4504,0.8931,-1.8397,1,0,0
-0.3101,0.1255,0.9751,-3.9389,0.5954,-2.4427,1,0,0
-0.3066,0.1069,0.9719,-2.8702,0.145,-1.6336,1,0,0
-0.3066,0.1079,0.9766,-0.6947,0.7252,-1.8244,1,0,0
-0.3105,0.1145,0.9663,1.7252,0.1679,-1.5496,1,0,0
-0.303,0.1323,0.9668,0.6794,-0.1832,-1.8244,1,0,0
-0.3,0.1311,0.9751,-1.0076,-0.5954,-2.5267,1,0,0
-0.3064,0.1255,0.9749,-2.3969,-1.1298,-3.3817,1,0,0
-0.3042,0.1123,0.9834,-3.1527,-1.2901,-3.0305,1,0,0
-0.3,0.0989,0.9878,-2.6031,-1.2519,-1.4962,1,0,0
-0.2922,0.1101,0.9844,-0.6183,-0.0153,-0.1832,1,0,0
-0.2954,0.1252,0.9954,-1.2977,1.0687,-0.5649,1,0,0
-0.3025,0.1377,0.9854,-2.9695,0.8702,-1.2137,1,0,0
-0.3093,0.1387,0.9805,-4.7252,0.4504,-2.4504,1,0,0
-0.3069,0.0933,0.9507,-5.0229,-0.5191,-1.4198,1,0,0
-0.314,0.1116,0.9741,-5.9237,-0.8168,-1.3969,1,0,0
-0.2996,0.1008,0.9668,-5.7328,-0.3511,-0.8244,1,0,0
-0.304,0.0955,0.9702,-2.8244,-0.0611,-0.4351,1,0,0
-0.301,0.1116,0.9739,-0.3282,-0.3359,-0.3817,1,0,0
-0.301,0.1326,0.9661,0.0229,-0.2519,-0.6489,1,0,0
-0.293,0.1311,0.9746,-1.0916,-0.1374,-1.1985,1,0,0
-0.3035,0.1245,0.9526,-1.5802,-0.4275,-1.9084,1,0,0
-0.3054,0.1147,0.9604,-1.6412,-0.8931,-1.6489,1,0,0
-0.3005,0.1069,0.958,-0.9084,-1.0458,-1.771,1,0,0
-0.2974,0.1108,0.9749,-1.3435,-1.0534,-1.0534,1,0,0
-0.3076,0.1033,0.9766,-1.313,-0.855,-0.1221,1,0,0
-0.303,0.0977,0.9861,-0.084,0.4122,1.3817,1,0,0
-0.3049,0.0986,0.9854,1.1985,0.2824,2.626,1,0,0
-0.3103,0.1143,0.9712,2.1832,0.1985,2.6412,1,0,0
-0.3115,0.1323,0.9722,1.6489,-0.0305,1.7939,1,0,0
-0.312,0.1282,0.9707,0.8931,-0.3969,0.7252,1,0,0
-0.3174,0.1187,0.9778,-0.4198,-1.0229,0.7099,1,0,0
-0.3052,0.1121,0.9839,-0.9313,-0.5878,2.2137,1,0,0
-0.3025,0.1055,0.9941,-1.4733,0.8779,4.1603,1,0,0
-0.3083,0.1086,0.989,-0.8473,1.9847,5.7786,1,0,0
-0.3083,0.134,0.9861,-0.2977,2.687,6.084,1,0,0
-0.3215,0.1426,0.9758,0.3588,2.2824,3.8855,1,0,0
-0.3171,0.1602,0.9702,-1.7252,0.8092,1.7252,1,0,0
-0.3035,0.1445,0.9727,-6.3511,-0.2443,1.2443,1,0,0
-0.2937,0.104,0.9822,-9.0763,0.229,3.0763,1,0,0
-0.2888,0.0869,0.981,-8.084,0.9771,4.4198,1,0,0
-0.2961,0.094,0.9771,-5.1069,1.9389,4.0305,1,0,0
-0.3044,0.1218,0.9792,-1.458,2.1985,2.7328,1,0,0
-0.3079,0.1333,0.9707,-0.6641,1.7252,1.374,1,0,0
-0.3074,0.1211,0.9526,-0.9618,0.7328,0.5267,1,0,0
-0.3042,0.1152,0.9529,-0.4504,-0.626,-0.1832,1,0,0
-0.2952,0.1135,0.9705,-0.8473,0.1603,0.1527,1,0,0
-0.2854,0.1213,0.9778,-1.4427,1.4046,1.1069,1,0,0
-0.2959,0.1218,0.9775,-1.3588,2.7252,0.8168,1,0,0
-0.3037,0.1284,0.9705,-0.687,3.1985,-0.9466,1,0,0
-0.3167,0.1338,0.9622,0.1374,1.8855,-2.2824,1,0,0
-0.321,0.1389,0.9629,-0.9237,0.0992,-2.5267,1,0,0
-0.3164,0.1189,0.9592,-0.084,-0.2748,-2.8244,1,0,0
-0.3066,0.1238,0.9543,2.145,-0.3664,-2.9008,1,0,0
-0.3027,0.1311,0.9377,2.4046,-0.1221,-5.2366,1,0,0
-0.3054,0.1621,0.9722,-3.1069,-0.5038,-4.9084,1,0,0
-0.3232,0.1282,0.9629,-2.8779,-2.3969,-4.7252,1,0,0
-0.312,0.113,0.9751,-2.5344,-3.3588,-4.8626,1,0,0
-0.3037,0.1289,0.9812,-3.145,-3.0229,-4.3511,1,0,0
-0.2998,0.1116,0.9851,-4.0916,-2.1832,-3.4351,1,0,0
-0.2915,0.1069,0.9834,-3.9695,-1.2748,-1.9313,1,0,0
-0.3013,0.1221,0.9861,-5.1221,-1.0076,-1.2443,1,0,0
-0.2998,0.1089,0.9797,-6.9542,-0.8779,-0.2366,1,0,0
-0.3059,0.1025,0.98,-6.5573,-0.7328,-0.1985,1,0,0
-0.3098,0.1108,0.979,-4.4198,-0.8092,-0.3588,1,0,0
-0.3101,0.103,0.9746,-2.4885,-0.6947,-1.0,1,0,0
-0.3003,0.0994,0.9651,-0.5878,-0.3511,-0.8626,1,0,0
-0.3022,0.1208,0.9746,-2.145,-0.2137,-0.4198,1,0,0
-0.3008,0.1331,0.9751,-4.2366,0.229,-0.5649,1,0,0
-0.3074,0.1143,0.9746,-5.145,-0.1298,-1.0153,1,0,0
-0.3086,0.1045,0.9629,-3.916,-0.771,-0.7405,1,0,0
-0.3098,0.1033,0.9575,-2.3435,-0.7481,-0.6031,1,0,0
-0.3132,0.114,0.9587,-0.3206,-1.3664,0.2519,1,0,0
-0.3096,0.1187,0.9749,0.5344,-1.3282,0.0,1,0,0
-0.3083,0.1223,0.9634,0.7863,-1.1145,-0.0916,1,0,0
-0.304,0.134,0.9768,-0.2214,-0.8473,0.0916,1,0,0
-0.3057,0.1357,0.9775,-1.9084,-0.8702,-0.9008,1,0,0
-0.3108,0.1355,0.9739,-3.9389,-1.2214,-2.1985,1,0,0
-0.3127,0.1177,0.9727,-4.687,-1.3435,-2.7099,1,0,0
-0.3103,0.105,0.9727,-3.8626,-2.0763,-2.5573,1,0,0
-0.303,0.1025,0.9788,-2.9542,-2.1679,-1.8397,1,0,0
-0.3064,0.0942,0.9829,-1.7099,-1.4962,-1.0382,1,0,0
-0.3152,0.1018,0.9832,0.5725,-1.458,-0.3511,1,0,0
-0.3105,0.1309,0.9814,-0.0687,-1.3359,-0.6336,1,0,0
-0.3071,0.1292,0.9692,-2.0687,-1.3817,-1.1374,1,0,0
-0.3059,0.1221,0.9829,-3.3969,-0.9695,-2.3053,1,0,0
-0.3098,0.1299,0.9832,-3.6718,-0.9008,-3.4351,1,0,0
-0.312,0.1279,0.9771,-4.5725,-1.2519,-4.7863,1,0,0
-0.3123,0.1064,0.9744,-4.458,-0.9695,-4.5344,1,0,0
-0.3201,0.1001,0.9687,-3.0687,-1.3359,-3.3282,1,0,0
-0.302,0.0967,0.9795,-0.7023,-0.4733,-1.7099,0,0,0
-0.3057,0.1223,0.9824,0.5115,0.2366,-1.5878,0,0,0
-0.2942,0.1389,0.9817,-1.2824,1.3435,-1.3817,0,0,0
-0.2947,0.1165,0.9863,-3.0,3.1985,-1.6794,0,0,0
-0.2957,0.1106,1.0056,-2.4046,4.2366,-1.5878,0,0,0
-0.3003,0.1072,0.9819,-1.4351,5.2443,-1.1221,0,0,0
-0.3135,0.0876,0.967,-1.0687,4.7634,-0.0687,0,0,0
-0.2925,0.0801,0.9802,1.2595,5.0,0.3435,0,0,0
-0.2983,0.0896,0.9829,3.5725,6.3511,1.5496,0,0,0
-0.3088,0.1143,0.9717,3.1679,6.3893,2.0153,0,0,0
-0.3147,0.1267,0.9619,0.8168,6.3206,1.9084,0,0,0
-0.3218,0.1216,0.9514,-0.2901,4.9924,0.7863,0,0,0
-0.3206,0.1323,0.9326,-0.9008,3.458,0.7252,0,0,0
-0.3196,0.1262,0.9453,-2.1756,2.0229,-0.1298,0,0,0
-0.325,0.1355,0.947,-2.1298,0.7023,-1.0305,0,0,0
-0.3176,0.1328,0.9631,-3.8626,-0.3053,-1.0,0,0,0
-0.3076,0.1104,0.9712,-2.8015,-0.0687,-1.4198,0,0,0
-0.3176,0.1096,0.9731,-0.4962,0.916,-0.7405,0,0,0
-0.3191,0.1155,0.9648,1.6641,0.8702,-0.9924,0,0,0
-0.3142,0.1414,0.9644,1.4122,1.2519,-1.7099,0,0,0
-0.3157,0.1357,0.969,-1.1069,1.0076,-3.1527,0,0,0
-0.3213,0.127,0.9658,-4.1298,0.4733,-3.9618,0,0,0
-0.3303,0.1025,0.9758,-5.3053,-0.5038,-3.3282,0,0,0
-0.3196,0.0991,0.981,-5.5725,-0.7863,-1.5267,0,0,0
-0.321,0.0972,0.9863,-5.3969,-0.3893,-0.5802,0,0,0
-0.3123,0.1018,0.999,-3.4962,0.5267,-1.1832,0,0,0
-0.3254,0.1155,0.9883,-2.8626,1.4351,-2.458,0,0,0
-0.3313,0.1116,0.9685,-2.1527,1.0153,-3.0992,0,0,0
-0.3276,0.0903,0.9578,-1.1145,0.2595,-2.4427,0,0,0
-0.3208,0.0945,0.9336,0.7634,-0.7023,-1.2366,0,0,0
-0.3057,0.1311,0.9675,-2.2061,-0.3588,-1.8092,0,0,0
-0.311,0.1335,0.979,-5.6412,1.0992,-2.3588,0,0,0
-0.3145,0.1121,0.9753,-6.0229,0.6565,-2.6718,0,0,0
-0.3259,0.104,0.9714,-5.2366,-0.2595,-2.3511,0,0,0
-0.3169,0.0952,0.9724,-3.9389,-0.687,-2.3435,0,0,0
-0.313,0.0872,0.967,-2.9237,-0.458,-2.0611,0,0,0
-0.3071,0.0923,0.9727,-1.916,-0.542,-0.1069,0,0,0
-0.3066,0.0857,0.981,-0.2748,0.8015,1.3206,0,0,0
-0.3054,0.0947,0.9873,1.1221,2.0,2.1527,0,0,0
-0.314,0.1108,0.9744,2.0992,2.3511,2.4198,0,0,0
-0.3308,0.1309,0.9514,0.9771,1.145,1.7634,0,0,0
-0.3252,0.1277,0.957,-0.9084,0.084,1.3969,0,0,0
-0.3308,0.114,0.9497,-1.1908,-0.5878,-0.4656,0,0,0
-0.3271,0.1238,0.9958,-1.2366,-0.4046,-1.7099,0,0,0
-0.311,0.115,0.9973,-1.2519,1.8015,-0.8321,1,0,0
-0.3271,0.0835,0.9749,5.3588,3.3053,-0.855,1,0,0
-0.3171,0.1128,0.9304,8.2901,3.1145,-0.0763,1,0,0
-0.3174,0.1277,0.9622,7.6947,2.3817,-0.9924,1,0,0
-0.335,0.1931,0.9536,1.4962,1.1221,-1.0992,1,0,0
-0.3311,0.0916,0.9578,0.1221,-1.4275,-2.1679,1,0,0
-0.3052,0.1477,0.9731,-0.2214,-1.1298,-1.9084,1,0,0
-0.3181,0.1423,0.9902,-2.855,-1.0229,-2.2519,1,0,0
-0.3049,0.123,0.9836,-3.7481,-0.5649,-2.0305,1,0,0
-0.3103,0.1299,0.968,-5.1679,-0.3359,-1.8626,1,0,0
-0.3193,0.1272,0.9575,-8.5496,-1.5038,-1.3359,1,0,0
-0.3159,0.0896,0.9502,-8.8168,-2.2977,-0.0305,1,0,0
-0.3262,0.1082,0.9514,-6.9084,-3.5725,0.6031,1,0,0
-0.3108,0.1106,0.9626,-6.771,-3.8015,1.2443,1,0,0
-0.3066,0.106,0.9573,-4.6489,-2.6641,0.6794,1,0,0
-0.3071,0.0847,0.9539,-2.1069,-2.3588,2.0229,1,0,0
-0.3252,0.1375,0.9719,-1.458,-2.0,0.6794,1,0,0
-0.3259,0.1309,0.969,-2.6641,-2.2366,-0.0458,1,0,0
-0.3323,0.1196,0.9678,-3.1221,-3.6489,-0.2366,1,0,0
-0.3203,0.1277,0.9707,-4.2061,-4.0992,-0.7252,1,0,0
-0.3203,0.1335,0.9707,-5.7252,-3.9008,-1.855,1,0,0
-0.3162,0.1206,0.9832,-6.8855,-3.5802,-2.6107,1,0,0
-0.3162,0.1133,0.9873,-6.0534,-2.7405,-2.6183,1,0,0
-0.3223,0.093,0.9854,-4.771,-1.8702,-2.4427,1,0,0
-0.3259,0.0898,0.9846,-2.0611,-2.1221,-1.0763,0,0,0
-0.3176,0.106,0.9846,-0.2595,-2.0534,-0.4351,0,0,0
-0.313,0.1094,0.9758,-0.9771,-1.8321,-0.9847,0,0,0
-0.3196,0.1199,0.9756,-2.7176,-1.5573,-0.8321,0,0,0
-0.314,0.1123,0.9802,-3.6031,-1.1298,-0.5038,0,0,0
-0.3164,0.1072,0.978,-2.6412,-0.8931,-0.5038,0,0,0
-0.3247,0.1094,0.9648,-1.9466,-0.8931,-0.3664,0,0,0
-0.3218,0.1138,0.9622,-1.4504,-1.8015,-0.3282,0,0,0
-0.3176,0.1211,0.9658,-1.084,-2.7405,-0.7023,0,0,0
-0.2981,0.1333,0.9666,-3.3664,-2.916,-1.1221,0,0,0
-0.3052,0.1228,0.9744,-5.0916,-1.9313,-2.0611,0,0,0
-0.3076,0.1069,0.9683,-4.6489,-1.5191,-2.5649,0,0,0
-0.3245,0.1008,0.9595,-3.7176,-1.626,-1.8321,0,0,0
-0.322,0.0908,0.9702,-1.855,-2.5038,-0.6641,0,0,0
-0.3201,0.1069,0.9521,-1.0,-3.626,-0.1145,0,0,0
-0.3208,0.1179,0.9602,-1.6718,-4.8168,-0.5496,0,0,0
-0.3252,0.1274,0.9619,-3.9466,-5.5649,-0.9389,0,0,0
-0.3142,0.116,0.9639,-5.9237,-5.6718,-1.313,0,0,0
-0.3069,0.1023,0.981,-5.2824,-5.5191,-1.7863,0,0,0
-0.2859,0.0837,1.0059,-2.2595,-2.9084,-1.4046,0,0,0
-0.3005,0.0957,0.9951,0.1221,-0.687,-1.1603,0,0,0
-0.3184,0.0972,0.9753,0.1756,-0.855,-0.9771,0,0,0
-0.3203,0.1025,0.9687,-0.2366,-2.0153,-0.8092,0,0,0
-0.3123,0.1082,0.9705,-1.8397,-2.8931,-0.3359,0,0,0
-0.3,0.1042,0.98,-3.0,-3.229,-0.4427,0,0,0
-0.3037,0.1167,0.9771,-3.8092,-2.2672,-1.5191,0,0,0
-0.3181,0.1167,0.9707,-4.3893,-2.7252,-2.5802,0,0,0
-0.3096,0.0779,0.9846,-3.2824,-3.2595,-1.1908,0,0,0
-0.2983,0.0757,0.9829,-0.1756,-2.0076,0.3435,0,0,0
-0.2998,0.0891,0.9763,1.9847,-1.3053,1.4885,0,0,0
-0.3105,0.1169,0.9619,1.6565,-1.4656,1.4046,0,0,0
-0.314,0.1255,0.9529,-0.8779,-3.4885,0.916,0,0,0
-0.3179,0.1213,0.9573,-2.8092,-5.1985,1.084,0,0,0
-0.3184,0.1226,0.9553,-4.4885,-7.0458,0.4733,0,0,0
-0.3123,0.1187,0.9548,-5.4198,-8.7863,0.3435,0,0,0
-0.3391,0.1018,0.9631,-8.0,-11.5649,2.3893,0,0,0
-0.3108,0.0898,0.9465,-9.4046,-12.4198,3.7023,0,0,0
-0.2822,0.1011,0.9463,-11.1298,-15.916,5.9237,0,0,0
-0.3162,0.0791,0.9407,-10.2595,-19.5191,9.084,0,0,0
-0.2695,0.1765,0.9429,-12.6641,-19.1069,10.8168,0,0,0
-0.2522,0.0933,0.9587,-10.1298,-19.2672,8.8397,0,0,0
-0.3101,0.075,0.9792,-8.1221,-22.6489,8.7939,0,0,0
-0.2715,0.0879,0.9858,-7.0153,-23.4733,10.5344,0,0,0
-0.2507,0.0779,1.0115,-4.9847,-21.2595,12.4046,0,0,0
-0.2329,0.0903,1.0303,-3.0153,-17.3588,12.5038,0,0,0
-0.2429,0.1189,1.0452,-2.1832,-12.1756,10.4122,0,0,0
-0.2473,0.145,1.0435,-2.0229,-7.9847,6.7252,0,0,0
-0.2476,0.1345,1.0542,-2.8855,-5.7786,4.313,0,0,0
-0.2563,0.1013,1.0454,-0.4427,-2.3664,2.5267,0,0,0
-0.2532,0.1055,1.0386,1.9618,-0.6031,0.8473,0,0,0
-0.2461,0.1191,1.0427,0.8855,2.7099,1.4504,0,0,0
-0.2573,0.1062,1.0271,-0.5649,4.6794,1.1603,0,0,0
-0.2732,0.0916,1.0225,0.5115,5.3664,1.0458,0,0,0
-0.2688,0.0874,1.0071,1.9695,5.5802,1.1756,0,0,0
-0.2617,0.0942,1.0015,2.4733,6.4275,1.2748,0,0,0
-0.2646,0.0977,1.0112,2.3511,6.7557,0.5725,0,0,0
-0.2603,0.1008,1.0149,1.6107,7.687,0.4656,0,0,0
-0.2588,0.1045,1.0229,0.8397,9.3664,0.2366,0,0,0
-0.2539,0.0986,1.011,2.7252,11.8015,-0.7328,0,0,0
-0.2656,0.1213,0.999,3.2061,13.4427,-1.9618,0,0,0
-0.2722,0.1323,0.9817,1.3969,13.3359,-3.7252,0,0,0
-0.2878,0.1035,0.9702,0.8244,12.2137,-4.2137,0,0,0
-0.2876,0.105,0.9668,1.7252,10.6565,-3.7328,0,0,0
-0.2954,0.1003,0.949,0.7481,8.687,-3.145,0,0,0
-0.2974,0.095,0.9519,0.8931,6.2901,-2.4885,0,0,0
-0.2849,0.1213,0.9705,2.0458,6.2366,-2.7863,0,0,0
-0.2759,0.1133,0.9854,2.8779,7.2748,-3.5115,0,0,0
-0.27,0.1296,0.9912,2.0611,8.8397,-3.6794,0,0,0
-0.2839,0.126,0.9932,-0.4046,10.3588,-3.7176,0,0,0
-0.2725,0.1189,0.979,-0.542,10.229,-3.3588,0,0,0
-0.2917,0.1338,0.9773,-0.0763,10.6107,-5.4046,0,0,0
-0.3054,0.116,0.98,-2.0534,10.2977,-6.2519,0,0,0
-0.2976,0.1177,0.9773,-3.4275,9.8092,-6.8244,0,0,0
-0.3037,0.0894,0.9687,-3.8931,8.6718,-5.9771,0,0,0
-0.2988,0.0894,0.9707,-4.0382,8.6947,-4.2214,0,0,0
-0.3032,0.093,0.968,-3.1756,8.5725,-3.4427,0,0,0
-0.3074,0.1011,0.9651,-2.7176,7.5878,-2.4885,0,0,0
-0.3057,0.1091,0.9651,-2.7099,6.8473,-2.0611,0,0,0
-0.3105,0.1006,0.9509,-1.3588,5.8321,-1.9618,0,0,0
-0.3049,0.0972,0.958,0.9237,5.2061,-1.9313,0,0,0
-0.3103,0.1125,0.9631,2.5496,4.8855,-2.5496,0,0,0
-0.3159,0.1279,0.9629,1.4122,4.3053,-3.3359,0,0,0
-0.3223,0.1287,0.9575,0.0611,3.5573,-3.6183,0,0,0
-0.3193,0.1189,0.9604,-0.3435,4.0076,-4.1908,0,0,0
-0.3201,0.1223,0.9634,0.687,3.3359,-4.9771,0,0,0
-0.3201,0.1277,0.9607,0.1756,2.9542,-5.6947,0,0,0
-0.3201,0.1238,0.9558,-0.8779,2.0153,-5.0534,0,0,0
-0.3235,0.1089,0.9534,-3.4962,1.2748,-4.1756,0,0,0
-0.324,0.0933,0.9563,-3.3817,-0.3893,-2.9008,0,0,0
-0.3066,0.0898,0.9648,-1.2061,-0.9008,-2.3969,0,0,0
-0.3047,0.1057,0.9858,0.6641,-0.0687,-2.8321,0,0,0
-0.3022,0.1106,0.989,0.9466,1.6718,-3.0153,0,0,0
-0.3174,0.0967,0.9885,1.5267,2.8702,-3.1908,0,0,0
-0.3342,0.1006,0.97,3.6489,2.4275,-2.4504,0,0,0
-0.3362,0.1201,0.9666,3.4809,1.3206,-2.4885,0,0,0
-0.3335,0.1309,0.9668,3.4122,0.7328,-3.0382,0,0,0
-0.3267,0.1375,0.9626,2.4046,0.5344,-4.8092,0,0,0
-0.3286,0.1458,0.9656,0.5725,0.3588,-6.2595,0,0,0
-0.3335,0.1248,0.9626,-1.7252,-0.4427,-6.7099,0,0,0
-0.3313,0.1138,0.9622,-2.1298,-1.5115,-5.8931,0,0,0
-0.314,0.1113,0.9739,-3.5725,-1.1527,-4.1069,0,0,0
-0.3098,0.0959,0.9783,-3.4885,0.2748,-2.8244,0,0,0
-0.3169,0.0991,0.9746,-2.5725,0.7099,-1.3359,0,0,0
-0.3186,0.1121,0.9641,-3.4733,0.6336,-1.1985,0,0,0
-0.3286,0.0906,0.97,-3.6412,-0.2366,-1.0076,0,0,0
-0.3115,0.0837,0.9751,0.6031,-0.7405,-1.0687,0,0,0
-0.3069,0.1055,0.9773,3.2214,0.4733,-1.5115,0,0,0
-0.3164,0.123,0.9651,3.9695,0.8244,-2.4885,0,0,0
-0.3225,0.1255,0.9609,2.0382,0.313,-3.3282,0,0,0
-0.324,0.115,0.9531,0.7099,-0.542,-4.5573,0,0,0
-0.3254,0.1157,0.9604,-1.0382,-1.3206,-4.4198,0,0,0
-0.3171,0.1023,0.9685,-2.0382,-1.5496,-4.1527,0,0,0
-0.3145,0.0942,0.9851,0.8321,-0.5496,-4.3053,0,0,0
-0.3154,0.1062,0.9771,1.8702,0.7099,-4.0153,0,0,0
-0.3218,0.0967,0.9719,2.0076,0.8244,-3.4656,0,0,0
-0.3228,0.1038,0.9609,1.6641,0.1069,-1.1756,0,0,0
-0.3154,0.1143,0.9585,-0.9847,0.3969,0.3969,0,0,0
-0.3198,0.127,0.9536,-2.9924,-0.3282,0.4351,0,0,0
-0.3196,0.1296,0.968,-4.2366,-0.6947,-1.229,0,0,0
-0.3162,0.1174,0.9695,-3.4046,-0.5878,-2.687,0,0,0
-0.3262,0.1028,0.9641,-2.2748,-0.7557,-2.0687,0,0,0
-0.3171,0.0742,0.967,0.7634,-1.0382,-0.5725,0,0,0
-0.3237,0.1042,0.9739,3.0687,-0.3511,0.1221,0,0,0
-0.3201,0.1296,0.9709,2.7023,0.1908,0.5802,0,0,0
-0.321,0.1465,0.9675,0.771,-0.0916,-0.9695,0,0,0
-0.3223,0.1367,0.9687,-1.6794,-0.4198,-1.9618,0,0,0
-0.3206,0.1248,0.9609,-3.5267,-1.1756,-2.7176,0,0,0
-0.3269,0.1082,0.9634,-4.4198,-1.1298,-2.8702,0,0,0
-0.3281,0.0916,0.9695,-3.1985,-1.4885,-2.3817,0,0,0
-0.3181,0.0896,0.9775,-0.3664,-1.4046,-0.855,0,0,0
-0.311,0.1016,0.9834,2.2748,0.3511,-0.3969,0,0,0
-0.3228,0.1316,0.9792,2.5878,1.0382,-1.4427,0,0,0
-0.3313,0.1348,0.9722,1.374,0.916,-2.5878,0,0,0
-0.3352,0.1345,0.9568,-0.7863,-0.1756,-3.8092,0,0,0
-0.3313,0.1272,0.96,-2.6031,-1.145,-4.8015,0,0,0
-0.3191,0.1077,0.9592,-4.5115,-1.2824,-4.5267,0,0,0
-0.3142,0.0774,0.9741,-2.6336,-0.1145,-4.1221,0,0,0
-0.3167,0.0916,0.9751,0.6718,1.0382,-3.0076,0,0,0
-0.3167,0.1104,0.9675,2.4275,1.313,-2.0916,0,0,0
-0.321,0.1191,0.96,2.2443,1.229,-2.313,0,0,0
-0.3323,0.1152,0.9565,1.7176,0.8702,-2.9084,0,0,0
-0.3237,0.1348,0.9714,-0.4427,-0.1374,-2.3893,1,0,0
-0.3296,0.1357,0.9709,-2.0076,-0.542,-2.4656,1,0,0
-0.3303,0.1125,0.9717,-2.4733,-0.8931,-3.4122,1,0,0
-0.3262,0.1152,0.9695,-1.8779,-0.7023,-3.6565,1,0,0
-0.3223,0.1152,0.9749,-2.8626,-1.2061,-3.0305,1,0,0
-0.3125,0.1174,0.9678,-4.4046,-0.855,-2.9313,1,0,0
-0.3225,0.1235,0.9624,-6.8626,-1.2519,-2.855,1,0,0
-0.3296,0.1216,0.9775,-9.9847,-1.771,-2.542,1,0,0
-0.3135,0.1079,0.9883,-12.1374,-1.6947,-2.3206,1,0,0
-0.3191,0.0828,0.9858,-10.0458,-1.4733,-0.374,1,0,0
-0.3064,0.0654,0.9746,-5.2519,-0.2595,0.9695,1,0,0
-0.3206,0.072,0.9543,-0.5267,0.0763,2.9466,1,0,0
-0.3335,0.1125,0.947,0.5496,-0.626,3.2519,1,0,0
-0.3215,0.1147,0.9509,-1.5191,-1.3969,3.0229,1,0,0
-0.3225,0.1187,0.9734,-2.5725,-1.313,2.0611,1,0,0
-0.3159,0.1296,0.9829,-3.687,-0.6794,1.7557,1,0,0
-0.3254,0.1165,0.9773,-3.9237,0.0076,1.0229,1,0,0
-0.3262,0.1165,0.9661,-2.9084,0.3053,0.458,1,0,0
-0.3232,0.1035,0.9622,-2.4809,-0.3664,-0.1374,1,0,0
-0.3296,0.0979,0.958,-0.6412,-0.5038,-0.2214,1,0,0
-0.324,0.1213,0.9519,0.313,-1.0458,-0.2977,0,0,0
-0.321,0.126,0.9553,-1.1756,-1.1221,-1.1908,0,0,0
-0.3164,0.1194,0.9714,-2.2443,-0.7252,-1.5496,0,0,0
-0.3208,0.116,0.978,-2.5344,0.4504,-0.916,0,0,0
-0.3279,0.1089,0.9785,-1.5725,0.5573,-0.9008,0,0,0
-0.3262,0.1169,0.9802,-1.2595,0.6947,-0.7023,0,0,0
-0.3257,0.1123,0.9724,-1.9466,0.0916,-1.6107,0,0,0
-0.3196,0.1123,0.9746,-1.8397,0.1756,-1.9695,0,0,0
-0.3264,0.1162,0.9685,-1.1603,0.6489,-2.7099,0,0,0
-0.3264,0.1353,0.9636,-2.1908,0.3588,-2.9237,0,0,0
-0.3311,0.124,0.967,-3.5038,0.8244,-3.2595,0,0,0
-0.3271,0.0967,0.9641,-1.3588,0.6718,-3.313,0,0,0
-0.3225,0.1079,0.97,1.4656,1.7328,-3.9389,0,0,0
-0.3281,0.1294,0.9575,1.2061,1.5573,-4.3817,0,0,0
-0.3364,0.1118,0.9663,-0.7786,1.1069,-5.3893,0,0,0
-0.3347,0.1294,0.9722,-1.4122,0.8092,-6.3817,0,0,0
-0.3359,0.1184,0.9587,-1.8092,-0.3511,-7.084,0,0,0
-0.3264,0.1084,0.949,-2.9008,-1.0382,-6.0534,0,0,0
-0.3203,0.1021,0.9685,-2.8092,-1.5649,-5.1756,0,0,0
-0.3252,0.0737,0.9641,-1.4809,-1.3588,-3.0687,0,0,0
-0.3213,0.0857,0.9578,0.4809,-1.7786,-1.0458,0,0,0
-0.314,0.1025,0.9629,0.3664,-1.6641,-0.1985,0,0,0
-0.3147,0.1038,0.9531,-0.9466,-1.6489,-0.0458,0,0,0
-0.313,0.0923,0.9663,-1.2137,-2.0076,0.3359,0,0,0
-0.3022,0.1055,0.9705,-1.4504,-0.9924,0.9924,0,0,0
-0.322,0.1008,0.967,-1.6183,-0.6565,1.8931,0,0,0
-0.3235,0.1008,0.9666,-1.1069,-0.9084,2.0687,0,0,0
-0.3276,0.1108,0.968,-1.2824,-1.5267,2.0,0,0,0
-0.3215,0.1147,0.9631,-2.2443,-1.9924,2.1832,0,0,0
-0.3167,0.115,0.958,-4.3511,-2.6031,2.1145,0,0,0
-0.3071,0.1021,0.9497,-5.8855,-2.9389,3.7328,0,0,0
-0.3103,0.0964,0.9512,-7.3511,-3.6412,5.1679,0,0,0
-0.3252,0.0823,0.9429,-7.4885,-4.3359,7.6489,0,0,0
-0.3293,0.082,0.9338,-9.8473,-6.3359,11.4885,0,0,0
-0.3191,0.0588,0.9531,-7.4046,-8.2595,13.4275,0,0,0
-0.3081,0.0979,0.969,-5.145,-8.3206,14.626,0,0,0
-0.3149,0.125,0.9705,-6.5802,-8.5649,15.4046,0,0,0
-0.2927,0.1174,0.9995,-6.5038,-7.4351,14.0763,0,0,0
-0.2981,0.1194,1.002,-1.8779,-5.5878,8.5267,0,0,0
-0.3093,0.1658,1.0044,-0.2061,-3.7557,4.5038,0,0,0
-0.323,0.1572,0.9861,-0.9924,-2.9771,1.0382,0,0,0
-0.3215,0.1418,0.9858,-0.9466,-2.7328,-1.6565,0,0,0
-0.3184,0.1384,0.9905,-0.4733,-2.0076,-3.771,0,0,0
-0.3164,0.1367,0.9834,-1.8397,-0.9008,-4.5496,0,0,0
-0.3123,0.0935,0.9866,-0.687,-0.2443,-4.8702,0,0,0
-0.3125,0.1021,0.9883,0.6412,0.0229,-4.4733,0,0,0
-0.3208,0.0952,0.9788,2.9924,-0.2443,-4.8626,0,0,0
-0.3125,0.1125,0.9775,5.0153,0.0611,-5.5038,0,0,0
-0.3164,0.1245,0.9829,4.1298,0.5496,-6.6794,0,0,0
-0.3098,0.134,0.9895,0.4809,1.1603,-6.8931,0,0,0
-0.3162,0.1064,0.9822,-3.5344,1.771,-6.0992,0,0,0
-0.3157,0.0701,0.9929,-0.9466,2.3359,-6.4046,0,0,0
-0.3066,0.0854,1.01,5.5725,3.9924,-7.6107,0,0,0
-0.3135,0.116,1.0112,8.8855,5.5267,-9.3511,0,0,0
-0.3235,0.1321,0.9885,7.084,6.2672,-10.0,0,0,0
-0.3667,0.0896,0.96,5.5115,6.1221,-10.0916,0,0,0
-0.333,0.1067,0.9636,1.9695,4.4122,-7.4962,0,0,0
-0.3301,0.1194,0.9612,-1.5878,2.9237,-6.3817,0,0,0
-0.3262,0.1003,0.9648,-2.6183,1.8931,-4.8015,0,0,0
-0.3181,0.0837,0.9749,1.1908,2.5573,-4.9084,0,0,0
-0.3193,0.1135,0.9746,3.084,2.8321,-4.374,0,0,0
-0.3184,0.1169,0.9719,1.3435,2.7634,-3.3588,0,0,0
-0.3135,0.1089,0.9761,-0.2214,3.313,-2.1374,0,0,0
-0.3149,0.1226,0.9727,-1.5649,3.7863,-1.9847,0,0,0
-0.3372,0.1306,0.9485,-3.7252,2.8321,-2.0229,0,0,0
-0.3379,0.1091,0.9395,-4.8626,0.5649,-1.5267,0,0,0
-0.3276,0.0798,0.9509,-3.3588,-1.1756,0.0,0,0,0
-0.3074,0.0862,0.9683,-0.1145,-1.0,1.4733,0,0,0
-0.3015,0.1138,0.9795,0.916,0.5954,1.9008,0,0,0
-0.312,0.1353,0.967,-0.2977,1.0916,1.6489,0,0,0
-0.3132,0.1348,0.958,-2.3053,0.9542,0.7252,0,0,0
-0.321,0.1228,0.9514,-3.3435,-0.0229,0.084,0,0,0
-0.3198,0.1094,0.9597,-3.7863,-0.0916,0.3282,0,0,0
-0.3145,0.1125,0.9695,-3.2901,0.1374,0.4427,0,0,0
-0.3223,0.1111,0.9653,-2.771,0.2977,0.3282,0,0,0
-0.3198,0.1116,0.9639,-2.0611,0.0534,0.8168,0,0,0
-0.3201,0.1145,0.9651,-1.4122,0.0687,0.4275,0,0,0
-0.3252,0.1245,0.9561,-0.9237,0.1603,0.2366,0,0,0
-0.3274,0.1304,0.9624,-1.084,-0.1527,-0.1756,0,0,0
-0.3247,0.1313,0.9663,-1.9084,-0.542,-1.5954,0,0,0
-0.3135,0.1064,0.9802,-2.3206,0.0611,-1.2519,0,0,0
-0.3196,0.0908,0.9771,-0.7023,1.2977,-0.6107,0,0,0
-0.3254,0.1074,0.9744,-0.1069,2.0,0.2214,0,0,0
-0.3281,0.115,0.9646,0.2672,2.4733,-0.0611,0,0,0
-0.334,0.1465,0.9663,-1.1908,2.1298,-1.4198,0,0,0
-0.3462,0.1384,0.9697,-2.0305,1.9771,-4.2748,0,0,0
-0.3467,0.1521,0.9697,-4.2595,1.2214,-6.0611,0,0,0
-0.3533,0.1082,0.97,-2.916,0.1374,-6.7481,0,0,0
-0.3325,0.0986,0.9607,-1.6412,0.229,-5.8855,0,0,0
-0.3311,0.0791,0.9478,-0.8244,0.0992,-4.6794,0,0,0
-0.3162,0.084,0.9497,1.3359,-1.1221,-2.7023,0,0,0
-0.2871,0.0168,0.9419,7.7939,-0.4275,-3.7634,1,0,0
-0.3167,0.1667,0.9734,2.8855,1.4809,-3.0992,1,0,0
-0.3381,0.1116,0.9705,-0.3817,-0.3969,-2.3969,1,0,0
-0.3108,0.1118,0.9839,0.0916,0.4733,-1.6031,1,0,0
-0.3311,0.1584,0.9705,-2.3588,0.5267,-2.145,1,0,0
-0.3262,0.1436,0.9636,-6.313,-0.7099,-2.8473,1,0,0
-0.3186,0.1235,0.9583,-7.8397,-0.9008,-2.2748,1,0,0
-0.3264,0.113,0.9568,-9.2824,-1.8626,-1.3817,1,0,0
-0.3274,0.0991,0.9604,-10.1679,-2.855,0.2901,1,0,0
-0.322,0.0857,0.9517,-9.7634,-3.4198,1.9618,1,0,0
-0.3257,0.0818,0.9678,-6.542,-3.3206,2.8397,1,0,0
-0.3181,0.0964,0.9514,-2.7099,-2.7786,2.6107,1,0,0
-0.3127,0.0825,0.9426,-1.0076,-2.7023,4.1756,1,0,0
-0.3176,0.1194,0.9785,-0.916,-1.7939,3.1221,1,0,0
-0.3225,0.1277,0.9771,-1.6336,-1.2672,1.6107,1,0,0
-0.3296,0.1233,0.9707,-3.1908,-1.0763,0.916,1,0,0
-0.3242,0.1086,0.9714,-3.5267,-1.8092,0.3588,1,0,0
-0.3181,0.1016,0.9746,-2.9924,-1.7023,0.0763,1,0,0
-0.3206,0.1147,0.9729,-3.229,-1.5649,0.229,1,0,0
-0.3308,0.1084,0.9751,-4.4809,-1.6183,0.1679,1,0,0
-0.3208,0.1038,0.9885,-3.4809,-0.771,-0.084,1,0,0
-0.3174,0.1113,0.9658,-1.8015,-0.5038,-0.2824,0,0,0
-0.3335,0.1101,0.9644,-1.8473,-0.6183,-0.1145,0,0,0
-0.3303,0.0847,0.9758,0.2824,-0.7176,0.7099,0,0,0
-0.323,0.1101,0.9819,1.458,-0.5344,1.2519,0,0,0
-0.3306,0.1255,0.9697,-0.0076,-0.5267,1.1832,0,0,0
-0.334,0.1313,0.9585,-1.626,-1.4656,0.3435,0,0,0
-0.3416,0.1257,0.9585,-3.3359,-3.0382,-0.4198,0,0,0
-0.3164,0.1091,0.9761,-3.0916,-3.0687,-0.4275,0,0,0
-0.3054,0.1121,0.9978,-1.5649,-0.3511,-1.0992,0,0,0
-0.3301,0.1289,0.9717,-1.084,0.7634,-1.771,0,0,0
-0.3442,0.1189,0.9604,-1.5649,-0.458,-2.3282,0,0,0
-0.3286,0.1045,0.9736,-1.5573,-1.0687,-1.3282,0,0,0
-0.3113,0.0918,0.9814,-1.2137,0.4656,-0.4809,0,0,0
-0.3152,0.1016,0.9812,-0.8702,1.4122,0.4122,0,0,0
-0.3335,0.1213,0.9844,-1.2595,1.3053,0.1374,0,0,0
-0.3381,0.1252,0.9761,-1.7634,0.4504,-0.5725,0,0,0
-0.3389,0.1199,0.9597,-2.1908,-0.6947,-1.8702,0,0,0
-0.333,0.123,0.959,-3.2672,-1.4885,-2.5573,0,0,0
-0.3269,0.1094,0.9624,-4.3435,-1.9618,-2.7252,0,0,0
-0.3237,0.0908,0.9758,-4.9084,-1.9084,-1.8931,0,0,0
-0.3096,0.0786,0.9805,-3.6336,-0.9695,0.1603,0,0,0
-0.313,0.0808,0.9839,-2.5115,0.2595,1.542,0,0,0
-0.3203,0.095,0.9756,-2.374,1.2901,2.374,0,0,0
-0.3264,0.0945,0.9714,-1.0611,0.5649,2.2824,0,0,0
-0.3262,0.1099,0.9661,-1.5115,0.1145,3.1374,0,0,0
-0.3218,0.114,0.9717,-2.1603,-0.2824,3.3053,0,0,0
-0.3171,0.113,0.9641,-2.5191,-0.1145,3.8244,0,0,0
-0.3245,0.1094,0.9653,-2.4504,-0.2672,4.0153,0,0,0
-0.3315,0.1113,0.9509,-2.3206,-1.3053,4.9313,0,0,0
-0.3308,0.1084,0.9424,-2.9542,-2.7481,6.458,0,0,0
-0.3347,0.0984,0.9365,-5.1756,-5.1985,9.9542,0,0,0
-0.3276,0.1125,0.9343,-9.9924,-7.4809,16.0229,0,0,0
-0.3352,0.0945,0.9272,-14.8931,-10.7023,22.2061,0,0,0
-0.2642,0.092,0.9492,-10.4809,-12.7786,21.4809,0,0,0
-0.2688,0.188,0.9985,-2.771,-10.2824,16.0229,0,0,0
-0.2883,0.1516,0.9949,-1.5115,-6.3664,9.2443,0,0,0
-0.3118,0.1396,0.9873,-1.9084,-5.0305,6.9542,0,0,0
-0.3081,0.1299,0.9883,-1.8321,-4.0687,5.084,0,0,0
-0.2815,0.1221,1.0,0.687,-1.0992,2.9771,0,0,0
-0.3059,0.1533,0.9956,3.0916,0.9618,-0.4809,0,0,0
-0.3259,0.1628,0.9805,2.0,0.7099,-2.8473,0,0,0
-0.3201,0.1282,0.9683,0.2748,-0.4733,-4.4275,0,0,0
-0.3054,0.1111,0.9741,0.6031,-0.9237,-4.9466,0,0,0
-0.3081,0.1133,0.9773,0.7405,0.0687,-6.2595,0,0,0
-0.3093,0.1155,0.9854,1.458,1.0534,-7.542,0,0,0
-0.3086,0.1108,0.9861,2.8168,1.8244,-8.1145,0,0,0
-0.3096,0.0913,0.9885,5.1603,2.9313,-7.5878,0,0,0
-0.3147,0.106,0.9834,7.7328,3.8779,-7.5725,0,0,0
-0.3252,0.1252,0.9783,6.1145,4.0,-7.5649,0,0,0
-0.3254,0.1235,0.9834,2.5115,3.687,-7.6794,0,0,0
-0.3208,0.1113,0.9758,-0.0382,2.6947,-8.2901,0,0,0
-0.3196,0.113,0.9775,-2.1603,2.4046,-8.3359,0,0,0
-0.3193,0.0801,0.9753,-1.7099,2.5115,-7.2443,0,0,0
-0.3145,0.0806,0.9778,0.5954,2.6183,-5.4427,0,0,0
-0.3206,0.0918,0.9812,0.9313,3.2595,-2.6489,0,0,0
-0.3135,0.1052,0.9834,1.2366,4.1298,-1.9389,0,0,0
-0.3093,0.116,0.9819,2.0534,5.0076,-2.8015,0,0,0
-0.3188,0.1389,0.9639,1.5496,5.5878,-4.1832,0,0,0
-0.3345,0.1282,0.9377,-1.0153,4.7634,-4.8855,0,0,0
-0.3347,0.1089,0.9399,-2.6641,2.7099,-3.5725,0,0,0
-0.3264,0.0962,0.9675,-1.4046,1.4656,-3.0916,0,0,0
-0.3125,0.1306,0.9683,-0.1374,2.1221,-2.916,0,0,0
-0.322,0.1294,0.9702,-2.3053,2.6336,-2.4962,0,0,0
-0.3269,0.1128,0.9697,-2.9389,2.2061,-2.5725,0,0,0
-0.3267,0.1184,0.9612,-2.2443,1.7786,-2.9237,0,0,0
-0.3293,0.1118,0.9534,-1.1527,1.229,-3.1069,0,0,0
-0.3369,0.1155,0.9514,-0.3359,0.1374,-2.7481,0,0,0
-0.3318,0.1147,0.9678,-0.374,-0.374,-1.771,0,0,0
-0.3157,0.1213,0.9807,-0.8931,0.0229,-0.2824,0,0,0
-0.3086,0.1265,0.9756,-0.6183,0.8015,-1.1985,0,0,0
-0.3167,0.1345,0.978,-2.0611,1.4122,-2.4885,0,0,0
-0.323,0.1204,0.9827,-3.229,1.6336,-3.4427,0,0,0
-0.3215,0.1108,0.981,-3.4809,1.5725,-3.3359,0,0,0
-0.3191,0.1045,0.979,-2.1069,2.7023,-2.8855,0,0,0
-0.3228,0.1082,0.9868,0.5496,4.1908,-2.5115,0,0,0
-0.3279,0.1448,0.9749,1.0763,5.687,-3.4351,0,0,0
-0.3406,0.1387,0.9514,-0.0992,5.3969,-4.3969,0,0,0
-0.3413,0.1228,0.9443,-1.9924,3.0,-4.8015,0,0,0
-0.3237,0.0947,0.9583,-1.9847,2.1145,-3.5878,0,0,0
-0.3262,0.0962,0.96,-0.2824,3.1985,-3.3206,0,0,0
-0.3381,0.1089,0.9678,0.3053,3.2061,-2.2824,0,0,0
-0.3442,0.1152,0.9602,0.1374,2.5649,-1.626,0,0,0
-0.334,0.1169,0.9626,0.5038,2.1145,-0.5725,0,0,0
-0.3325,0.1267,0.9592,-0.6412,1.626,-1.1527,0,0,0
-0.3306,0.1248,0.9512,-0.8473,1.0916,-2.4809,0,0,0
-0.3398,0.1277,0.9485,-1.5878,0.6489,-3.3511,0,0,0
-0.3379,0.1082,0.9392,-1.4275,-0.2061,-3.6336,0,0,0
-0.3369,0.0977,0.9543,-1.229,-0.2824,-2.374,0,0,0
-0.332,0.0952,0.9539,-0.7328,0.1908,-0.7099,0,0,0
-0.333,0.105,0.9583,0.1603,0.1145,0.3359,0,0,0
-0.333,0.1331,0.9624,-0.6336,0.4122,-0.4733,0,0,0
-0.3389,0.1128,0.9631,-2.0534,-0.458,-1.1985,0,0,0
-0.334,0.1086,0.9741,-2.6336,-0.5954,-1.0687,0,0,0
-0.3325,0.092,0.9783,-1.9847,-0.0534,-0.9008,0,0,0
-0.3362,0.1038,0.9805,0.0229,0.7405,-0.9466,0,0,0
-0.3279,0.114,0.989,1.8092,2.6489,-1.4962,0,0,0
-0.3364,0.1331,0.9841,1.8092,3.8397,-2.5191,0,0,0
-0.335,0.1406,0.9739,-0.2748,4.542,-3.6794,0,0,0
-0.3523,0.1106,0.9585,-2.6947,5.0153,-3.8702,0,0,0
-0.3538,0.1006,0.9519,-2.8321,3.9771,-2.6336,0,0,0
-0.3535,0.1011,0.9526,-2.1603,2.4733,-2.8702,0,0,0
-0.3438,0.1179,0.9526,-1.5267,2.0229,-2.6412,0,0,0
-0.3433,0.1218,0.9607,-1.4275,1.855,-3.3282,0,0,0
-0.3438,0.1216,0.9705,-1.7099,2.4885,-3.1374,0,0,0
-0.3511,0.1201,0.9607,-2.0382,2.5954,-2.1069,0,0,0
-0.3518,0.1187,0.9531,-1.6489,1.5115,-1.2901,0,0,0
-0.3394,0.1252,0.9565,-0.687,1.6336,-2.2061,0,0,0
-0.3469,0.1394,0.9636,-0.6947,1.7786,-3.5496,0,0,0
-0.3445,0.1399,0.9631,-2.2595,2.084,-4.1985,0,0,0
-0.3425,0.1118,0.9714,-1.9847,2.6641,-3.9313,0,0,0
-0.3342,0.1106,0.9719,-1.6947,3.3359,-3.5878,0,0,0
-0.3389,0.106,0.9795,-1.3053,4.5267,-3.1145,0,0,0
-0.3242,0.1018,0.9885,2.1221,6.313,-4.5725,0,0,0
-0.3354,0.1238,0.9844,5.2061,9.3206,-6.6183,0,0,0
-0.3552,0.1394,0.9712,4.2214,11.1603,-8.2519,0,0,0
-0.3684,0.1235,0.9629,2.0305,12.0153,-7.5115,0,0,0
-0.3535,0.1157,0.9597,2.1527,10.6641,-7.2672,0,0,0
-0.3823,0.124,0.9268,0.9389,9.1374,-6.4122,0,0,0
-0.3794,0.1252,0.9309,-0.2977,5.6031,-6.1298,0,0,0
-0.0625,0.2466,0.8943,-7.1221,5.5344,-10.374,0,0,0
-0.4292,0.033,0.9475,1.4656,7.9466,-9.2366,0,0,0
-0.3108,0.1077,0.9661,2.7863,9.3817,-4.1145,0,0,0
-0.3728,0.157,0.9258,-0.5725,7.4198,-2.1679,0,0,0
-0.3735,0.1316,0.9229,-5.9237,6.2137,-4.3282,0,0,0
-0.3801,0.0996,0.9136,-5.7863,3.5573,-4.4962,0,0,0
-0.377,0.0698,0.9158,-1.8168,1.458,-3.3817,0,0,0
-0.3762,0.0994,0.9136,0.5038,-0.6336,-0.9618,0,0,0
-0.3569,0.1238,0.9312,-0.1145,-2.5802,-1.5191,0,0,0
-0.3464,0.1289,0.9458,-0.7023,-2.0611,-2.3053,0,0,0
-0.3518,0.1211,0.9492,-2.0229,-1.4198,-2.1603,0,0,0
-0.3503,0.1082,0.9521,-2.313,-0.7481,-1.0687,0,0,0
-0.3591,0.0972,0.9419,-1.3511,-0.9542,-0.2901,0,0,0
-0.3579,0.1157,0.9387,-2.229,-1.6031,0.4351,0,0,0
-0.3467,0.1211,0.9453,-3.8321,-2.4427,-0.0153,0,0,0
-0.3479,0.114,0.9519,-3.9389,-1.542,-1.0992,0,0,0
-0.3538,0.116,0.9478,-2.9313,-0.687,-0.9618,0,0,0
-0.3635,0.1111,0.9453,-1.5725,-0.3588,-1.6183,0,0,0
-0.373,0.1155,0.9414,-0.9084,-1.2443,-1.0534,0,0,0
-0.3601,0.1064,0.9434,-1.2901,-1.8931,-0.5344,0,0,0
-0.3606,0.1216,0.948,-1.6565,-1.9084,0.0534,0,0,0
-0.3733,0.1255,0.9526,-2.5725,-1.7252,-0.5191,0,0,0
-0.3694,0.1304,0.9573,-3.916,-1.5115,-1.4962,0,0,0
-0.373,0.1118,0.9517,-4.0229,-1.7023,-2.1374,0,0,0
-0.3684,0.1079,0.9597,-2.855,-1.8931,-1.6412,0,0,0
-0.3628,0.0974,0.9658,-1.0687,-0.8855,-1.0763,0,0,0
-0.3635,0.1121,0.9634,-0.0229,-0.0076,-1.3435,0,0,0
-0.3726,0.116,0.9592,-0.626,0.2061,-1.0076,0,0,0
-0.3765,0.1208,0.9607,-1.2672,-0.0763,-0.542,0,0,0
-0.3716,0.1194,0.9519,-1.855,-0.4885,-0.626,0,0,0
-0.3799,0.1289,0.9534,-3.1298,-0.771,-1.4656,0,0,0
-0.3755,0.1177,0.969,-3.1756,-0.6183,-2.2595,0,0,0
-0.3704,0.1008,0.9595,-2.1679,0.2214,-2.7328,0,0,0
-0.3689,0.1086,0.9548,-1.8702,0.6107,-2.3664,0,0,0
-0.3604,0.1123,0.9558,-2.9542,0.687,-1.5115,0,0,0
-0.3716,0.0945,0.9468,-2.542,0.7405,-1.1603,0,0,0
-0.3635,0.0986,0.9392,-0.7863,-0.0153,-0.8397,0,0,0
-0.3557,0.1123,0.9377,-0.9084,-0.6107,0.1069,0,0,0
-0.3643,0.1072,0.9451,-1.4427,-0.4962,0.145,0,0,0
-0.3538,0.1179,0.948,-1.8015,-0.5725,0.5802,0,0,0
-0.3618,0.1086,0.9487,-2.3893,-0.5191,0.9389,0,0,0
-0.364,0.1128,0.957,-1.916,-0.6794,1.1374,0,0,0
-0.3645,0.1147,0.958,-2.2901,-0.7634,1.4733,0,0,0
-0.376,0.1113,0.9475,-1.7176,-0.4198,0.4122,0,0,0
-0.3743,0.1169,0.9502,-1.5573,-1.0076,-0.4504,0,0,0
-0.3623,0.1189,0.9651,-2.1832,-0.542,-0.5267,0,0,0
-0.3594,0.1001,0.9619,-0.2519,0.0382,-0.1527,0,0,0
-0.366,0.1194,0.9604,0.7481,0.5573,0.1985,0,0,0
-0.364,0.1267,0.96,-1.1985,0.5191,-0.4656,0,0,0
-0.366,0.1252,0.9561,-1.7099,0.8626,-1.8779,0,0,0
-0.3669,0.1272,0.9541,-2.5038,0.3511,-2.855,0,0,0
-0.3601,0.1206,0.958,-2.7557,0.2901,-2.4198,0,0,0
-0.3579,0.1111,0.9541,-1.6565,0.5191,-2.0458,0,0,0
-0.3584,0.1008,0.9417,-0.2366,0.4809,-0.8015,0,0,0
-0.3596,0.1199,0.9312,-0.3817,-0.1298,-0.6489,0,0,0
-0.3555,0.1235,0.9287,-2.2366,-0.8321,-0.0763,1,0,0
-0.3616,0.1079,0.9414,-2.1832,-1.1679,-0.8168,1,0,0
-0.3569,0.1277,0.9443,-0.8092,-0.9924,-1.6107,1,0,0
-0.3589,0.1443,0.9609,-1.8015,-0.4427,-1.2137,1,0,0
-0.3667,0.1392,0.9573,-2.6031,-0.5802,-1.7939,1,0,0
-0.3616,0.1262,0.9463,-2.6565,-1.0763,-1.8931,1,0,0
-0.3635,0.1313,0.9443,-3.7405,-1.5573,-2.374,1,0,0
-0.3604,0.1118,0.936,-5.6336,-2.5267,-1.9389,1,0,0
-0.3613,0.1052,0.9385,-5.6641,-3.542,-0.2672,1,0,0
-0.3616,0.1147,0.936,-5.6412,-3.9084,0.6489,1,0,0
-0.356,0.1018,0.9397,-4.5878,-3.5878,0.8092,1,0,0
-0.3611,0.1099,0.9612,-2.7786,-3.0763,0.6183,1,0,0
-0.3552,0.1035,0.9719,-0.6641,-1.626,0.6794,1,0,0
-0.3716,0.1047,0.958,0.6565,-0.4427,0.5115,1,0,0
-0.3794,0.1245,0.9468,-0.1756,-1.4656,0.3893,1,0,0
-0.376,0.1294,0.9502,-1.6641,-2.0534,0.1221,1,0,0
-0.3762,0.114,0.9478,-2.3664,-2.2214,-0.9847,1,0,0
-0.3679,0.1082,0.9639,-1.5267,-2.3282,-0.7328,1,0,0
-0.3574,0.1177,0.97,-1.5802,-1.6947,-0.6183,1,0,0
-0.3701,0.1101,0.9675,-2.2977,-0.9389,-0.8321,1,0,0
-0.3694,0.0991,0.9602,-1.7863,-0.6718,-0.2672,1,0,0
-0.3665,0.1011,0.9592,-2.0611,-0.5802,0.7023,1,0,0
-0.3711,0.1006,0.9502,-1.4046,-0.2901,0.4275,1,0,0
-0.3694,0.1116,0.9561,-1.0687,-1.4733,-0.0992,0,0,0
-0.3701,0.1108,0.9558,-1.4962,-1.374,0.1527,0,0,0
-0.3647,0.1001,0.9648,-1.6412,-0.1603,0.1679,0,0,0
-0.3721,0.1089,0.9619,-1.2366,0.2061,0.2137,0,0,0
-0.3765,0.1179,0.9578,-1.5802,-0.4504,-0.0076,0,0,0
-0.3728,0.1069,0.9575,-0.6947,-0.9389,-0.0687,0,0,0
-0.3647,0.1218,0.9651,-0.3435,-0.8244,0.0,0,0,0
-0.3594,0.1306,0.9565,-2.9008,-0.5038,-0.2977,0,0,0
-0.3662,0.1104,0.9668,-4.6183,0.5191,-0.8015,0,0,0
-0.3625,0.1011,0.9634,-3.5496,0.5802,-1.0,0,0,0
-0.363,0.0999,0.9565,-2.7863,0.7023,-0.2824,0,0,0
-0.3594,0.0928,0.949,-0.9924,0.9618,0.4504,0,0,0
-0.3618,0.1096,0.9583,0.0763,1.084,0.3359,0,0,0
-0.3655,0.1282,0.949,-1.6336,0.2366,-0.1985,0,0,0
-0.3596,0.1213,0.9443,-3.1832,-0.4198,-0.9084,0,0,0
-0.3469,0.1204,0.9507,-3.1221,-0.1908,-1.5573,0,0,0
-0.356,0.1165,0.947,-3.9237,0.3893,-2.1985,0,0,0
-0.3601,0.0886,0.947,-2.9237,0.0,-1.6641,0,0,0
-0.3528,0.1001,0.9512,-1.0458,-0.084,-0.3817,0,0,0
-0.3538,0.1025,0.9485,-0.0305,-0.0153,0.0229,0,0,0
-0.3567,0.1155,0.9441,-0.2366,-0.7557,0.7328,0,0,0
-0.3523,0.1211,0.9487,-1.8779,-0.9771,0.6565,0,0,0
-0.355,0.116,0.9414,-3.1679,-1.1679,0.6489,0,0,0
-0.3657,0.1165,0.9329,-3.9618,-2.1298,0.916,0,0,0
-0.3572,0.0999,0.9463,-3.626,-2.9466,1.7328,0,0,0
-0.3459,0.0952,0.9463,-2.1298,-2.5802,2.8244,0,0,0
-0.3569,0.1064,0.9475,-0.8321,-2.4275,3.6641,0,0,0
-0.3564,0.1133,0.9414,-1.0305,-2.4351,4.626,0,0,0
-0.3647,0.1167,0.9351,-2.0382,-3.374,5.8168,0,0,0
-0.3623,0.1252,0.9329,-4.1145,-4.4046,7.2977,0,0,0
-0.3604,0.1204,0.9189,-8.0611,-6.1527,10.4962,0,0,0
-0.3701,0.1138,0.8945,-12.8397,-8.9924,14.6336,0,0,0
-0.3857,0.0977,0.906,-16.7786,-14.0305,22.2443,0,0,0
-0.3506,0.0632,0.9172,-20.374,-15.9389,28.8779,0,0,0
-0.3354,0.04,0.8982,-21.4351,-18.8702,34.084,0,0,0
-0.3359,0.0347,0.9241,-20.626,-22.313,36.3206,0,0,0
-0.3447,0.0818,0.9312,-23.6565,-23.7481,42.2977,0,0,0
-0.2852,0.2166,0.9663,-25.8244,-25.0534,48.6336,0,0,0
-0.3032,0.0352,0.9878,-25.2595,-22.0229,46.5267,0,0,0
-0.2961,0.0779,0.9851,-22.855,-23.855,47.313,0,0,0
-0.3076,0.1116,0.999,-22.8702,-24.8015,47.626,0,0,0
-0.2966,0.0854,1.0151,-24.3511,-22.1069,45.4351,0,0,0
-0.2961,0.1184,1.0203,-23.7786,-19.1832,41.2443,0,0,0
-0.3035,0.1299,1.0601,-24.7176,-16.084,37.7939,0,0,0
-0.2651,0.093,1.0217,-26.0992,-13.1145,36.1756,0,0,0
-0.2993,0.123,1.0251,-25.3817,-12.6718,32.5649,0,0,0
-0.2893,0.115,1.0249,-22.7023,-9.5191,27.2443,0,0,0
-0.3098,0.1191,1.0129,-22.7939,-9.0229,23.7023,0,0,0
-0.2708,0.1123,1.0129,-24.7252,-8.145,22.1374,0,0,0
-0.2981,0.0654,0.9973,-24.5038,-6.2061,20.542,0,0,0
-0.2917,0.0486,0.9814,-20.9237,-4.9771,18.8473,0,0,0
-0.2939,0.0576,0.9751,-18.0153,-4.7328,17.3359,0,0,0
-0.2971,0.0339,0.9751,-15.1832,-5.2595,17.5038,0,0,0
-0.2925,0.0596,1.0044,-13.3511,-3.9313,19.1908,0,0,0
-0.2837,0.0398,1.0115,-11.7099,-1.5191,20.6718,0,0,0
-0.2898,0.085,1.011,-11.2595,-0.8244,20.6489,0,0,0
-0.3005,0.0593,1.0056,-11.1985,-0.0534,19.1985,0,0,0
-0.293,0.0349,0.999,-9.626,0.8473,19.8931,0,0,0
-0.2937,0.061,1.0061,-7.3664,2.0458,19.2061,0,0,0
-0.2915,0.0964,1.0151,-7.1985,3.0382,17.1756,0,0,0
-0.2976,0.0913,1.0117,-8.3511,5.9618,14.2366,0,0,0
-0.3113,0.072,1.0017,-8.5802,7.1985,13.2137,0,0,0
-0.3179,0.0725,0.9868,-7.6947,6.771,12.3359,0,0,0
-0.3186,0.072,0.9858,-5.8092,5.9542,12.9313,0,0,0
-0.3013,0.1035,1.0054,-6.5802,6.5344,12.145,0,0,0
-0.2998,0.1155,1.0037,-10.7176,7.771,10.6489,0,0,0
-0.3049,0.0996,1.0034,-14.0076,8.6412,9.1221,0,0,0
-0.3125,0.0789,0.9824,-15.2824,9.2824,7.5267,0,0,0
-0.3215,0.053,0.968,-13.458,8.9466,6.1603,0,0,0
-0.3242,0.051,0.9548,-11.374,7.0687,5.8015,0,0,0
-0.3176,0.0549,0.9531,-10.9313,4.9008,6.7939,0,0,0
-0.3035,0.054,0.9695,-12.6107,4.0076,8.2824,0,0,0
-0.2979,0.0325,0.9712,-14.1145,3.5725,11.4809,0,0,0
-0.2854,0.0234,0.9814,-15.3588,3.7252,14.1069,0,0,0
-0.2949,0.0054,0.9661,-12.7481,5.1756,15.313,0,0,0
-0.3003,0.0076,0.9619,-8.4198,4.145,15.6565,0,0,0
-0.3008,0.0237,0.9631,-5.0229,2.7863,16.6794,0,0,0
-0.2949,0.0452,0.9558,-3.8473,1.8015,17.6183,0,0,0
-0.2961,0.0723,0.9639,-5.5649,0.145,17.9466,0,0,0
-0.2925,0.0688,0.9612,-6.1756,-0.0534,15.9924,0,0,0
-0.2827,0.0691,0.9678,-6.2824,-0.9466,14.3511,0,0,0
-0.281,0.0603,0.9705,-4.4275,0.0153,12.8855,0,0,0
-0.2842,0.0637,0.9717,-2.3893,0.0076,11.8244,0,0,0
-0.2769,0.0872,0.9641,-1.5344,0.2519,11.1069,0,0,0
-0.282,0.1108,0.9722,-2.4275,0.7786,9.7634,0,0,0
-0.2849,0.1121,0.9539,-2.3511,0.1756,7.3511,0,0,0
-0.2891,0.1233,0.9695,-2.4275,-0.145,5.3893,0,0,0
-0.2869,0.1255,0.9653,-2.7786,-0.0992,2.1985,0,0,0
-0.2886,0.123,0.9724,-4.2519,-0.2366,1.2977,0,0,0
-0.3013,0.1055,0.9575,-3.4962,-0.0916,-0.2748,0,0,0
-0.2964,0.0991,0.9531,-2.6947,-1.0534,-1.1756,0,0,0
-0.2871,0.1086,0.9709,-3.3664,-1.2366,-2.3359,0,0,0
-0.2903,0.0945,0.9827,-3.5954,-0.5725,-2.7176,0,0,0
-0.2922,0.0867,0.9919,-2.5878,-0.0153,-2.9695,1,0,0
-0.3015,0.0913,0.9758,-2.7557,-0.0458,-4.3664,1,0,0
-0.3,0.0977,0.9736,-3.855,-0.5191,-5.2214,1,0,0
-0.2969,0.0676,0.9722,-2.7023,-2.5725,-5.7328,1,0,0
-0.2874,0.0876,1.0071,-4.5725,-2.0534,-5.1374,1,0,0
-0.293,0.054,1.0005,-3.2748,-1.1374,-4.1374,1,0,0
-0.2893,0.0442,0.9956,-1.6031,-0.6565,-3.8473,1,0,0
-0.3081,0.0645,0.9988,0.3511,0.2137,-3.8931,1,0,0
-0.3218,0.0454,0.9861,2.145,-0.5573,-3.8321,1,0,0
-0.3157,0.0559,0.9854,3.916,-1.7634,-3.3817,1,0,0
-0.3069,0.0764,0.9875,3.8092,-2.1756,-3.1221,1,0,0
-0.2991,0.0803,1.002,3.0992,-2.1603,-3.1832,1,0,0
-0.2939,0.0854,1.0039,3.6031,-1.1679,-3.7863,1,0,0
-0.2932,0.0837,1.0017,4.5267,-0.2519,-5.4504,1,0,0
-0.3047,0.0918,0.9756,4.8931,-0.1603,-7.3359,1,0,0
-0.304,0.0776,0.959,4.4656,-0.9084,-8.6489,1,0,0
-0.3037,0.0674,0.9551,6.5878,-2.6412,-9.1756,1,0,0
-0.2957,0.0674,0.9587,11.7023,-3.8168,-10.9084,1,0,0
-0.2925,0.0911,0.938,15.3435,-4.0382,-12.8321,1,0,0
-0.2996,0.0828,0.9333,17.8397,-4.6412,-14.0229,1,0,0
-0.3181,0.0703,0.907,23.2366,-8.0763,-17.0382,1,0,0
-0.2925,0.0793,0.9167,28.7176,-10.9313,-19.2824,1,0,0
-0.2961,0.0876,0.9031,32.5115,-13.7939,-20.2824,1,0,0
-0.2788,0.1292,0.9265,32.0382,-16.5267,-21.3359,1,0,0
-0.2861,0.1089,0.9368,32.1221,-17.2137,-22.5649,1,0,0
-0.2766,0.1394,0.9463,31.7099,-17.1908,-25.1527,1,0,0
-0.2844,0.1313,0.9487,29.7939,-17.8855,-26.6412,1,0,0
-0.2844,0.1316,0.9573,27.2595,-18.7252,-26.4046,1,0,0
-0.2803,0.1284,0.9495,28.0305,-20.1374,-27.145,1,0,0
-0.2969,0.1221,0.9458,28.8626,-23.2977,-27.7863,1,0,0
-0.3306,0.1121,0.9014,30.3282,-29.0763,-28.0458,1,0,0
-0.2732,0.1372,0.9658,24.8855,-34.4504,-25.7176,1,0,0
-0.2212,0.1304,1.0256,16.0,-32.6183,-22.9084,1,0,0
-0.1963,0.1108,1.092,9.0916,-26.7481,-17.6031,1,0,0
-0.1948,0.0935,1.0974,6.1679,-17.7557,-14.1374,1,0,0
-0.2322,0.0781,1.0635,9.3664,-12.1527,-13.3359,1,0,0
-0.2625,0.0886,1.0398,14.8092,-11.2595,-13.8626,1,0,0
-0.2896,0.1001,1.0103,18.5573,-13.626,-16.0153,1,0,0
-0.2852,0.1018,0.9932,22.1679,-15.7863,-18.084,1,0,0
-0.2744,0.1172,0.9844,24.3511,-17.2977,-19.2595,1,0,0
-0.2644,0.1504,0.9897,19.4198,-18.5573,-15.7863,1,0,0
-0.2546,0.1287,1.0081,8.9389,-18.1679,-11.7099,1,0,0
-0.2175,0.1418,1.0354,1.7328,-18.1221,-8.6641,1,0,0
-0.2307,0.1016,1.0413,-0.8626,-14.3893,-8.8244,1,0,0
-0.2405,0.103,1.0317,2.542,-12.626,-8.2137,1,0,0
-0.248,0.0916,1.0078,7.855,-12.1298,-8.5878,1,0,0
-0.2407,0.1243,1.0134,13.3893,-12.3969,-7.2901,1,0,0
-0.2136,0.1548,1.0205,13.6107,-10.9389,-6.916,1,0,0
-0.2051,0.1746,1.0271,7.916,-7.2443,-5.0611,1,0,0
-0.2183,0.1702,1.0376,1.9237,-3.4275,-3.5954,1,0,0
-0.2139,0.1729,1.0425,-2.8473,-0.542,-4.6183,1,0,0
-0.2295,0.158,1.0242,-5.4885,1.3282,-6.0076,1,0,0
-0.2344,0.1533,1.0051,-6.3206,1.5573,-6.687,1,0,0
-0.2312,0.1484,1.0022,-7.9008,1.8931,-6.5954,1,0,0
-0.2344,0.1316,1.0002,-8.0992,1.6336,-6.3893,1,0,0
-0.228,0.1189,1.0132,-6.8015,2.1298,-5.2137,1,0,0
-0.2187,0.1455,1.0173,-8.9695,3.626,-4.7328,1,0,0
-0.2214,0.1516,1.0181,-14.145,4.8779,-4.2672,1,0,0
-0.2266,0.1543,1.0269,-19.8931,6.0153,-3.1756,1,0,0
-0.2295,0.1348,1.0308,-24.7786,8.0916,-2.7863,1,0,0
-0.2319,0.0864,1.0181,-25.7863,9.6947,-2.1985,1,0,0
-0.2444,0.0537,1.0288,-20.9084,10.6031,0.7863,1,0,0
-0.2366,0.04,1.0295,-15.1908,11.458,4.9847,1,0,0
-0.2322,0.0708,1.0334,-14.5115,12.9771,10.1221,1,0,0
-0.2144,0.1274,1.0259,-18.4046,14.3282,18.6183,0,0,0
-0.26,0.0676,0.9729,-22.1069,14.3435,22.4809,0,0,0
-0.2532,0.0581,0.9897,-25.9695,12.9618,25.3588,0,0,0
-0.2375,0.0818,0.9885,-28.4351,12.2901,26.7405,0,0,0
-0.2502,0.0872,0.9895,-30.5344,10.9466,28.0534,0,0,0
-0.2485,0.0935,0.9905,-32.5191,10.1679,29.5191,0,0,0
-0.2393,0.0564,0.9834,-32.3282,9.5115,28.5267,0,0,0
-0.2588,0.0945,1.0005,-32.7252,8.9008,29.9618,0,0,0
-0.2573,0.0898,1.0137,-32.5802,10.5115,29.5649,0,0,0
-0.25,0.0859,1.0193,-31.458,11.6794,28.5802,0,0,0
-0.2507,0.1143,1.019,-32.229,12.2824,28.2824,0,0,0
-0.2471,0.1042,1.011,-34.4962,13.2214,26.3893,0,0,0
-0.2622,0.0903,1.0027,-35.6336,13.9771,23.2214,0,0,0
-0.249,0.0994,1.0002,-34.374,14.4656,19.1985,0,0,0
-0.24,0.1333,1.0137,-38.5725,15.8321,15.9084,0,0,0
-0.2712,0.095,0.9939,-41.1221,17.1832,13.4733,0,0,0
-0.2393,0.1062,1.0154,-42.8702,19.1908,11.8931,0,0,0
-0.2537,0.0974,1.0171,-45.4504,22.1145,9.1374,0,0,0
-0.2676,0.0791,1.0037,-46.4351,23.7023,6.8702,0,0,0
-0.2896,0.062,0.9722,-44.1756,23.0763,4.7634,0,0,0
-0.291,0.0376,0.9592,-39.7405,22.6107,3.0076,0,0,0
-0.2864,0.0103,0.9639,-34.0687,21.6947,1.2519,0,0,0
-0.2722,-0.0022,0.9797,-30.5802,20.9924,3.2443,0,0,0
-0.2766,0.0049,0.9741,-28.0992,22.4656,5.5496,0,0,0
-0.2944,0.0061,0.9597,-25.7557,23.4427,6.4275,0,0,0
-0.3105,0.01,0.9468,-22.0992,22.4885,5.9695,0,0,0
-0.3154,0.0054,0.9448,-19.626,20.9313,5.8702,0,0,0
-0.3179,-0.0154,0.9436,-15.6412,20.2977,5.6489,0,0,0
-0.322,-0.0164,0.9443,-11.8015,19.3282,5.8702,0,0,0
-0.3264,-0.0134,0.9355,-8.687,18.4198,6.9466,0,0,0
-0.3364,0.0056,0.9399,-8.2443,16.2366,6.229,0,0,0
-0.3411,0.0166,0.9463,-9.5954,14.855,5.6183,0,0,0
-0.3401,-0.0029,0.9524,-9.9924,14.2748,4.1374,0,0,0
-0.3528,-0.0168,0.957,-6.2748,11.9084,3.3359,0,0,0
-0.3574,-0.0083,0.9585,-2.8321,10.1603,3.2061,0,0,0
-0.345,-0.0098,0.9705,-1.374,9.1908,3.3664,0,0,0
-0.3235,0.0063,0.9905,-1.9389,10.2824,3.7099,0,0,0
-0.3423,0.0071,0.9958,-2.7328,10.5496,3.5344,0,0,0
-0.354,0.01,0.988,-2.5496,10.771,1.7786,0,0,0
-0.3701,0.0015,0.9622,-1.8931,9.1298,0.5573,0,0,0
-0.365,-0.0049,0.9666,-1.4275,6.855,0.2366,0,0,0
-0.3464,-0.0125,0.9792,-2.5649,7.1756,1.084,0,0,0
-0.3313,0.0132,1.0093,-5.4504,8.5649,1.229,0,0,0
-0.3364,0.0056,1.01,-8.1985,11.6794,0.7099,0,0,0
-0.3457,-0.0029,0.9912,-9.3206,14.4733,-0.3206,0,0,0
-0.3623,-0.0154,0.9666,-8.9847,14.9313,-1.0153,0,0,0
-0.3806,-0.0369,0.9634,-7.9008,13.9389,-1.7023,0,0,0
-0.3779,-0.0356,0.9629,-8.1756,12.3359,-0.8092,0,0,0
-0.3765,-0.0435,0.9568,-9.2214,11.229,1.542,0,0,0
-0.3694,-0.0457,0.9521,-10.1756,10.6794,2.8321,0,0,0
-0.3728,-0.0396,0.9482,-10.687,10.0992,2.6489,0,0,0
-0.365,-0.0354,0.9495,-11.0687,9.4046,3.0611,0,0,0
-0.3599,-0.0574,0.9456,-9.6641,9.5649,4.3359,0,0,0
-0.3542,-0.0627,0.9556,-7.0763,10.2214,5.3893,0,0,0
-0.366,-0.0332,0.9534,-4.7176,11.6641,4.9847,0,0,0
-0.2905,-0.0129,0.9587,-4.8321,8.5344,3.8473,0,0,0
-0.4285,-0.0469,0.9338,-6.8473,12.8321,2.4885,0,0,0
-0.4004,-0.0146,0.9141,-7.1679,7.7328,3.7252,0,0,0
-0.4028,-0.0232,0.9155,-11.3282,6.374,3.7634,0,0,0
-0.387,-0.0554,0.9255,-10.8855,5.1221,4.8321,0,0,0
-0.3892,-0.0662,0.9258,-7.1985,5.0,5.0229,0,0,0
-0.3894,-0.0474,0.9443,-4.2595,4.7634,5.4962,0,0,0
-0.3867,-0.0247,0.9399,-4.0,4.6183,5.7099,0,0,0
-0.3774,-0.011,0.9524,-6.1145,5.0611,6.1221,0,0,0
-0.3757,0.0029,0.959,-8.8779,5.916,6.0153,0,0,0
-0.3967,-0.0015,0.9526,-10.1756,6.6641,4.4809,0,0,0
-0.3962,0.0039,0.9475,-10.6489,6.0687,2.3817,0,0,0
-0.4004,-0.0322,0.9478,-9.7023,5.2901,1.7023,0,0,0
-0.3943,-0.0342,0.9636,-9.0992,4.5954,2.6412,0,0,0
-0.3889,-0.0413,0.9658,-8.2748,5.0382,4.3511,0,0,0
-0.3779,-0.0259,0.9429,-8.0992,5.9466,5.0458,0,0,0
-0.3787,-0.0203,0.946,-9.0611,6.4427,4.7557,0,0,0
-0.3877,-0.0078,0.9299,-11.313,5.7176,3.9313,0,0,0
-0.387,-0.0237,0.9341,-11.9771,5.3817,3.084,0,0,0
-0.3887,-0.0417,0.9507,-10.0229,5.7023,2.229,0,0,0
-0.3848,-0.0608,0.9348,-6.6183,5.8855,2.6565,0,0,0
-0.385,-0.0566,0.9431,-3.2824,5.7252,4.0,0,0,0
-0.3867,-0.0381,0.9375,-0.3053,5.8015,4.5802,0,0,0
-0.4031,-0.021,0.9197,1.7634,5.0534,3.2595,1,0,0
-0.397,-0.0007,0.8906,1.9924,2.8855,2.1756,1,0,0
-0.3853,0.0068,0.9163,-0.7328,1.5954,-0.1069,1,0,0
-0.3879,0.0417,0.9121,-4.855,1.5649,-1.8779,1,0,0
-0.3887,-0.0015,0.9265,-9.2061,1.1756,-2.9695,1,0,0
-0.3872,-0.0208,0.9399,-8.6718,0.9466,-3.8092,1,0,0
-0.4004,-0.0374,0.9382,-6.5191,0.4046,-3.5573,1,0,0
-0.4028,-0.0544,0.9211,-4.6489,-1.0916,-2.4351,1,0,0
-0.3945,-0.0415,0.9253,-3.3053,-2.2595,-1.5115,1,0,0
-0.3933,-0.0427,0.9255,-2.4046,-3.3588,-1.2061,1,0,0
-0.3796,-0.0349,0.9385,-3.2366,-2.9618,-0.5725,1,0,0
-0.3943,-0.0361,0.9424,-2.9847,-2.0153,-0.5344,1,0,0
-0.4031,-0.0508,0.9395,-0.9542,-2.7939,-0.4885,1,0,0
-0.4033,-0.052,0.9299,1.8015,-2.7099,-0.1908,1,0,0
-0.4089,-0.041,0.9417,3.2061,-3.2366,-0.7481,1,0,0
-0.4038,-0.0298,0.949,1.9389,-3.3435,-0.5115,1,0,0
-0.3953,-0.0217,0.9426,0.7099,-3.0458,-1.2748,1,0,0
-0.4028,-0.0232,0.9324,-0.687,-3.4351,-2.0687,1,0,0
-0.406,-0.0278,0.9238,-1.8626,-4.2443,-3.5267,1,0,0
-0.4023,-0.0488,0.9214,-1.1298,-4.8779,-3.916,1,0,0
-0.3989,-0.0593,0.9341,0.7252,-5.3969,-3.4198,1,0,0
-0.4023,-0.0696,0.9248,4.1679,-5.6107,-2.4504,1,0,0
-0.4067,-0.0488,0.9221,7.2214,-6.6107,-2.2443,1,0,0
-0.4104,-0.0308,0.9102,9.9084,-7.9313,-3.3053,1,0,0
-0.4199,-0.0229,0.9041,11.229,-10.9618,-4.8168,1,0,0
-0.4219,-0.0283,0.9023,14.7634,-15.4656,-6.0763,1,0,0
-0.4097,-0.0266,0.8992,20.6641,-18.4733,-9.4885,1,0,0
-0.4329,-0.0313,0.8682,27.771,-22.9618,-12.7481,1,0,0
-0.4338,-0.0618,0.8379,41.6412,-30.229,-16.1679,1,0,0
-0.4138,-0.0466,0.8281,58.9542,-38.3817,-21.8015,1,0,0
-0.3547,0.0603,0.8997,65.4046,-44.4275,-22.8626,1,0,0
-0.3391,0.0581,0.9124,62.5267,-45.6489,-21.8092,1,0,0
-0.3271,0.0715,0.9353,57.1679,-46.2977,-20.9313,1,0,0
-0.3196,0.0964,0.9531,50.3206,-43.6718,-21.5344,1,0,0
-0.3157,0.104,0.9604,45.0611,-40.7252,-24.0305,1,0,0
-0.3176,0.061,0.9695,45.8321,-40.2519,-27.4275,1,0,0
-0.3318,0.0237,0.9927,56.1145,-38.9847,-33.0305,1,0,0
-0.321,0.0413,0.9355,73.7557,-40.7099,-41.9695,1,0,0
-0.4817,0.0715,0.8918,85.9008,-60.1527,-43.542,1,0,0
-0.2043,0.2266,1.0105,73.8702,-54.0611,-40.0534,1,0,0
-0.2612,0.1743,1.0403,46.4504,-51.4504,-29.0,1,0,0
-0.1809,0.1597,1.0852,27.4122,-45.145,-23.5954,1,0,0
-0.1702,0.0999,1.103,20.4046,-34.5115,-24.8855,1,0,0
-0.1772,0.0667,1.1055,22.8397,-21.8397,-29.0305,1,0,0
-0.2419,0.0422,1.0588,30.2901,-15.6489,-32.4733,1,0,0
-0.2754,0.0344,1.0286,40.313,-14.3817,-33.2901,1,0,0
-0.2834,0.0549,0.9973,45.8626,-16.3359,-28.6412,1,0,0
-0.2546,0.1152,1.0034,40.4504,-19.4122,-20.4504,1,0,0
-0.2373,0.1394,1.0388,26.3435,-17.7328,-12.9008,1,0,0
-0.2241,0.1416,1.053,11.6947,-12.8397,-10.2214,1,0,0
-0.2307,0.1104,1.0491,2.626,-7.4046,-10.542,1,0,0
-0.2402,0.0789,1.042,2.0305,-4.6183,-10.8931,1,0,0
-0.251,0.0879,1.0168,5.458,-3.8244,-8.916,1,0,0
-0.2566,0.0989,1.0076,9.7099,-4.4046,-7.1221,1,0,0
-0.2703,0.1182,0.9966,8.374,-5.0,-4.7405,1,0,0
-0.2637,0.1194,1.0005,6.2366,-5.145,-2.4198,1,0,0
-0.2581,0.1184,0.9937,3.8779,-4.2519,-1.1145,1,0,0
-0.25,0.1428,0.9946,-0.6565,-3.5573,0.5725,1,0,0
-0.26,0.1462,1.0073,-6.0,-2.1145,0.4656,1,0,0
-0.272,0.1377,1.0085,-8.1679,-2.0153,-0.7023,1,0,0
-0.2615,0.1443,1.0071,-9.8321,-1.5573,-1.0611,1,0,0
-0.2598,0.1506,1.0139,-11.6489,-0.5191,-1.3893,1,0,0
-0.269,0.1604,1.0129,-12.542,0.5267,-4.5344,1,0,0
-0.2534,0.1272,0.9839,-13.9466,-0.1603,-4.7786,1,0,0
-0.2642,0.1089,1.0024,-15.0611,-0.8015,-3.6718,1,0,0
-0.2559,0.1208,1.0149,-16.3359,-0.3969,-3.6031,1,0,0
-0.2476,0.1216,1.0251,-17.145,1.6107,-4.5115,1,0,0
-0.249,0.1128,1.0276,-19.0153,3.4733,-4.3969,1,0,0
-0.2576,0.093,1.0176,-18.6183,4.458,-3.4046,1,0,0
-0.2551,0.0771,1.0142,-16.2824,5.855,-1.3282,1,0,0
-0.2654,0.071,1.0088,-13.3664,5.2824,0.8092,1,0,0
-0.2473,0.0972,1.0027,-13.2595,6.458,3.1069,1,0,0
-0.2532,0.1038,1.0161,-15.6183,7.8626,3.4809,1,0,0
-0.2585,0.0969,1.0149,-16.9084,8.9313,4.9313,1,0,0
-0.2617,0.095,1.0122,-18.7481,10.3664,7.6412,0,0,0
-0.2761,0.0913,1.0002,-21.1221,9.3435,11.1985,0,0,0
-0.2734,0.0974,0.97,-25.9695,6.8321,16.5802,0,0,0
-0.2651,0.0903,0.9656,-34.2672,6.458,21.6794,0,0,0
-0.2644,0.0459,0.9863,-36.2595,5.4122,24.0916,0,0,0
-0.2749,0.0413,0.9824,-33.5344,5.4809,26.1679,0,0,0
-0.2605,0.0608,1.0103,-29.1527,5.5878,25.8168,0,0,0
-0.2615,0.0891,1.03,-25.5191,6.8397,25.6794,0,0,0
-0.26,0.0835,1.0151,-23.6794,7.8473,24.3053,0,0,0
-0.2598,0.0942,1.0095,-24.687,8.9237,22.9008,0,0,0
-0.2742,0.1086,0.988,-27.5114,10.0305,21.5878,0,0,0
-0.2732,0.0793,0.9807,-29.2061,9.6489,19.2595,0,0,0
-0.2961,0.0615,0.9658,-28.313,6.2672,16.7634,0,0,0
-0.259,0.019,0.959,-26.1679,3.4351,17.145,0,0,0
-0.2688,0.0342,0.9883,-23.6565,3.5191,16.3893,0,0,0
-0.2485,0.0583,1.0286,-23.0153,5.3664,16.4275,0,0,0
-0.2654,0.0352,1.0281,-22.4198,8.8015,16.0382,0,0,0
-0.2693,0.0481,1.0088,-20.5802,10.4504,15.0534,0,0,0
-0.2788,0.0405,0.989,-17.2214,10.7252,12.9084,0,0,0
-0.2769,0.0425,0.9836,-15.1679,10.4122,10.687,0,0,0
-0.2747,0.0469,1.0034,-16.6412,11.3206,10.0534,0,0,0
-0.2791,0.0325,0.9976,-17.6718,13.4122,10.0611,0,0,0
-0.2881,0.0132,0.9858,-15.6718,14.5496,9.5344,0,0,0
-0.2983,0.0266,0.9788,-13.1985,14.4504,7.8321,0,0,0
-0.3054,0.0208,0.9668,-10.771,12.9313,6.5191,0,0,0
-0.2917,0.0261,0.9944,-10.8092,12.6412,7.2519,0,0,0
-0.2771,0.0256,0.9924,-11.5573,14.1908,8.7634,0,0,0
-0.2957,0.0315,0.9875,-10.9618,15.3053,8.1679,0,0,0
-0.3113,0.0364,0.9614,-8.5191,14.5878,5.6336,0,0,0
-0.3301,0.0273,0.9324,-6.542,11.3969,3.4351,0,0,0
-0.3301,0.0193,0.9451,-4.1527,8.1221,2.8626,0,0,0
-0.3115,0.0188,0.9626,-1.3817,6.7557,2.8397,0,0,0
-0.3027,0.0449,0.9802,-1.6107,7.3969,3.1985,0,0,0
-0.2917,0.054,0.9902,-4.2443,9.4275,2.6718,0,0,0
-0.3047,0.0557,0.969,-5.6565,10.229,1.084,0,0,0
-0.3123,0.0427,0.9619,-8.0,9.8321,0.4351,0,0,0
-0.3298,0.0164,0.9463,-5.7557,8.1145,-0.5267,0,0,0
-0.3323,0.021,0.9297,-3.0611,4.7939,-0.9084,0,0,0
-0.3323,0.0303,0.9241,-2.6336,1.5725,-1.5878,0,0,0
-0.3203,0.0095,0.9546,-2.4962,-0.7557,0.0611,0,0,0
-0.2922,0.0134,0.9614,-1.4656,-0.0382,2.3053,0,0,0
-0.3005,0.0359,0.9805,-1.0458,1.313,2.3053,0,0,0
-0.3203,0.0474,0.9587,-1.855,1.2214,0.6183,0,0,0
-0.3259,0.0295,0.9731,-2.1298,-0.1145,0.6794,0,0,0
-0.3066,0.022,0.9756,0.1985,-0.4198,0.8092,0,0,0
-0.3064,0.0598,0.9805,0.1145,1.1985,-0.3053,0,0,0
-0.321,0.0586,0.9717,-2.0916,1.0992,-2.1832,0,0,0
-0.335,0.0415,0.9719,-4.0916,-0.2672,-3.0153,0,0,0
-0.325,0.0247,0.9653,-3.5573,-1.0611,-2.6718,0,0,0
-0.3149,0.02,0.9773,-3.7405,-0.9389,-2.7023,0,0,0
-0.3196,0.0044,0.9919,-3.0916,-0.5725,-2.084,0,0,0
-0.3059,0.0215,0.9971,-3.5496,0.4656,-0.9542,0,0,0
-0.3118,0.0088,0.9827,-2.5267,1.9389,-0.1527,0,0,0
-0.3154,0.0181,0.9824,-1.9084,2.2366,0.0153,0,0,0
-0.3257,0.022,0.9687,-1.4046,1.5496,-0.1069,0,0,0
-0.3367,0.0188,0.9634,-0.1145,-0.0153,-0.8473,0,0,0
-0.3228,0.0261,0.9714,-1.9237,-0.5725,0.0229,0,0,0
-0.3167,0.03,0.9893,-2.8702,0.1221,-0.0534,0,0,0
-0.3245,0.0342,0.9885,-3.626,0.3435,-0.9542,0,0,0
-0.3306,0.021,0.9873,-4.6412,0.1374,-2.084,0,0,0
-0.3254,0.009,0.9897,-3.6947,0.0153,-2.4198,0,0,0
-0.3152,0.0022,0.9888,-2.7328,0.7634,-1.4427,0,0,0
-0.3215,0.0005,0.9871,-1.916,1.2443,-1.1603,0,0,0
-0.335,0.0088,0.9941,-0.7176,2.3817,-0.9313,0,0,0
-0.3411,0.0212,1.002,-0.2061,2.0,-1.6718,0,0,0
-0.3403,-0.009,0.9661,2.3511,1.6565,-1.6107,0,0,0
-0.3386,-0.0176,0.9504,4.5115,-0.6565,0.1298,0,0,0
-0.322,-0.0061,0.9329,6.4046,-1.7481,1.855,0,0,0
-0.2954,0.0171,0.885,6.1069,-3.2748,3.5115,0,0,0
-0.2842,0.021,1.0007,2.7863,-2.4809,1.2595,0,0,0
-0.3245,0.0784,0.96,0.3435,-0.6718,-1.0534,1,0,0
-0.3345,-0.0129,0.96,0.8473,-2.7557,-0.8397,1,0,0
-0.304,0.0488,0.9722,0.7252,-2.5344,0.1756,1,0,0
-0.3123,0.0737,0.9744,-2.4656,-1.0458,-1.3664,1,0,0
-0.3259,0.0513,0.9644,-6.6947,-1.8626,-2.9771,1,0,0
-0.3152,0.0342,0.9736,-7.5267,-2.1527,-4.1527,1,0,0
-0.3145,0.0164,0.9854,-8.5802,-1.626,-4.458,1,0,0
-0.3147,0.0149,0.9858,-8.8626,-1.1374,-4.3588,1,0,0
-0.313,0.0049,0.9841,-8.8015,0.1374,-4.0916,1,0,0
-0.3262,0.0049,0.9829,-6.6107,0.5573,-5.542,1,0,0
-0.3235,-0.0093,0.9583,-4.1756,-0.3359,-4.7634,1,0,0
-0.3225,-0.0022,0.9771,-2.3893,-1.1527,-3.8473,1,0,0
-0.3086,0.019,0.9819,-2.8855,-0.7786,-3.1527,1,0,0
-0.3188,0.0129,0.9707,-4.0305,-0.1374,-3.0153,1,0,0
-0.3274,0.0176,0.9687,-4.7634,-0.8931,-2.8244,1,0,0
-0.3274,0.0076,0.9661,-5.3053,-1.7099,-1.9389,1,0,0
-0.3171,0.0027,0.9631,-5.0305,-2.6412,-1.8092,1,0,0
-0.3252,-0.0029,0.9746,-3.2748,-2.5344,-1.0458,1,0,0
-0.3232,0.0034,0.9729,-0.1908,-2.1985,-0.6489,1,0,0
-0.3179,0.0176,0.9719,2.0458,-2.6336,-0.4122,0,0,0
-0.3201,0.0337,0.9719,1.8015,-2.7634,-0.5802,0,0,0
-0.324,0.0295,0.9702,1.4962,-2.771,-0.7863,0,0,0
-0.3184,0.0327,0.9685,-0.1069,-2.6718,-1.7328,0,0,0
-0.3105,0.032,0.9795,-2.0076,-2.0458,-2.3664,0,0,0
-0.3147,0.0298,0.9744,-3.3969,-2.084,-3.2748,0,0,0
-0.3311,0.012,0.9731,-3.2366,-2.5496,-3.5725,0,0,0
-0.325,0.0117,0.9666,-2.084,-3.2748,-3.1221,0,0,0
-0.3291,-0.0007,0.9595,-0.9542,-4.4656,-2.8397,0,0,0
-0.3193,0.001,0.969,1.0,-4.4427,-1.771,0,0,0
-0.3135,-0.0042,0.9722,3.0305,-4.2214,-1.3053,0,0,0
-0.3127,0.0166,0.969,4.0382,-4.0229,-1.3206,0,0,0
-0.3162,0.0159,0.9712,4.6412,-4.3282,-1.8397,0,0,0
-0.3101,0.0276,0.9834,3.9084,-4.3969,-2.0382,0,0,0
-0.314,0.0386,0.9739,2.4122,-4.0305,-2.9847,0,0,0
-0.3269,0.0242,0.9644,1.4046,-5.4733,-3.6489,0,0,0
-0.3186,0.0151,0.9736,1.3893,-6.9618,-4.0458,0,0,0
-0.3123,0.0015,0.9727,3.1145,-8.0916,-3.6794,0,0,0
-0.3091,-0.002,0.9656,5.7863,-9.0076,-3.6565,0,0,0
-0.3071,0.0159,0.9792,7.3435,-9.7557,-3.3511,0,0,0
-0.3079,0.022,0.9797,6.7252,-10.2901,-3.3664,0,0,0
-0.2976,0.0334,0.9856,5.542,-9.9008,-3.1298,0,0,0
-0.2996,0.0366,0.9822,4.084,-10.2443,-4.1985,0,0,0
-0.3127,0.0208,0.9814,5.5573,-11.2595,-6.2137,0,0,0
-0.3123,0.0295,0.9712,8.5802,-12.6107,-7.7328,0,0,0
-0.3191,0.0259,0.9619,11.6718,-14.6489,-8.0153,0,0,0
-0.3181,0.0327,0.9573,13.4656,-17.9924,-7.9313,0,0,0
-0.3022,0.0481,0.9551,13.1832,-20.3969,-6.9618,0,0,0
-0.2983,0.0447,0.9431,12.9084,-21.8702,-7.2443,0,0,0
-0.2915,0.0547,0.9292,12.0687,-24.687,-7.7863,0,0,0
-0.2798,0.051,0.9209,11.687,-26.7634,-8.9466,0,0,0
-0.2866,0.0388,0.9224,13.9924,-30.8626,-10.626,0,0,0
-0.2659,0.0281,0.9409,17.3969,-33.7557,-12.8397,0,0,0
-0.2673,0.083,0.9709,19.4046,-34.8931,-12.8015,0,0,0
-0.2463,0.0332,0.9756,20.145,-44.7863,-8.7557,1,0,0
-0.2886,0.0701,0.9541,17.0611,-43.0305,-5.916,1,0,0
-0.2422,0.0625,0.9465,14.5878,-44.3817,-6.0076,1,0,0
-0.1855,0.0776,1.0076,14.1985,-45.8092,-5.9695,1,0,0
-0.2256,0.0627,1.0007,14.5954,-44.916,-8.2824,1,0,0
-0.2358,0.0583,1.0105,15.3969,-51.4733,-7.8702,1,0,0
-0.1599,0.0828,1.0532,11.7557,-49.1374,-6.1679,1,0,0
-0.1611,0.0615,1.0522,10.2366,-45.4275,-3.0992,1,0,0
-0.1592,0.0518,1.0625,8.229,-40.0534,-3.1374,1,0,0
-0.1526,0.0508,1.0674,8.1527,-36.7634,-3.7099,0,0,0
-0.1658,0.0647,1.0469,6.9924,-34.1298,-3.6031,0,0,0
-0.1387,0.0649,1.0405,5.5725,-33.3817,-2.374,0,0,0
-0.1252,0.0662,1.0457,4.0611,-31.4046,-1.1679,0,0,0
-0.187,0.0457,1.0256,4.229,-29.2137,0.3282,0,0,0
-0.0474,0.0618,1.0657,4.9924,-26.6641,0.374,0,0,0
-0.1648,0.0647,1.0149,4.3206,-27.5954,1.2366,0,0,0
-0.1023,0.0549,1.0186,2.4122,-28.2824,1.9008,0,0,0
-0.1304,0.041,1.0066,1.2977,-25.313,2.5878,0,0,0
-0.1328,0.0498,1.0017,1.4351,-27.1985,4.7252,0,0,0
-0.0991,0.0615,1.0242,2.4198,-27.8397,6.6947,0,0,0
-0.1399,0.0693,1.0125,3.1069,-27.9847,9.3817,0,0,0
-0.0564,0.0947,1.0549,1.5802,-26.0916,9.5725,0,0,0
-0.0984,0.1277,1.0571,-1.6031,-20.8092,7.4656,0,0,0
-0.0874,0.1099,1.0547,-5.084,-15.5038,5.1069,0,0,0
-0.1079,0.0789,1.0374,-5.3893,-13.2061,3.8321,0,0,0
-0.1123,0.0813,1.031,-3.5954,-13.2748,4.0382,0,0,0
-0.1365,0.0964,1.0173,-3.7252,-14.0458,3.1374,0,0,0
-0.0913,0.1082,1.0369,-2.7023,-16.4427,2.6336,0,0,0
-0.1177,0.0906,1.0225,-4.4046,-15.9847,3.3359,1,0,0
-0.1155,0.0806,1.0278,-3.7099,-17.6641,2.5878,1,0,0
-0.1077,0.0835,1.0342,-1.5802,-16.9618,1.4809,1,0,0
-0.1069,0.0762,1.0259,0.313,-17.1832,2.0076,1,0,0
-0.0564,0.105,1.0498,0.0611,-15.1527,2.6489,1,0,0
-0.0845,0.103,1.0479,-1.3664,-11.855,2.9618,1,0,0
-0.0642,0.1064,1.0664,-3.7786,-9.145,2.4733,1,0,0
-0.0574,0.0942,1.071,-4.0611,-4.9466,0.3969,1,0,0
-0.0806,0.0923,1.0515,-2.6794,-2.1985,0.0229,1,0,0
-0.0918,0.0957,1.0427,-1.542,-2.4046,-0.0153,1,0,0
-0.0896,0.0896,1.0457,-1.8321,-2.3282,0.4733,1,0,0
-0.0796,0.0925,1.0471,-1.458,-1.7099,0.8626,1,0,0
-0.0791,0.0935,1.0354,-1.6794,-0.7863,1.3893,1,0,0
-0.0798,0.105,1.0417,-2.4809,-0.4427,0.9771,1,0,0
-0.0776,0.1079,1.0376,-2.8473,-0.2061,-0.3282,1,0,0
-0.0767,0.1033,1.033,-3.0153,0.4198,-1.0916,1,0,0
-0.0713,0.1006,1.03,-3.8702,1.4656,-1.7328,1,0,0
-0.0671,0.0845,1.0183,-3.6183,2.374,-2.3359,1,0,0
-0.0735,0.0828,1.0171,-3.1985,1.9084,-2.7099,1,0,0
-0.0793,0.0769,1.0,-3.6183,0.771,-2.4427,1,0,0
-0.0759,0.0625,1.0024,-3.2595,-0.8626,-1.5954,1,0,0
-0.0747,0.0703,1.0127,-2.9313,-1.6565,-0.5725,1,0,0
-0.0664,0.0776,1.0286,-2.8779,-0.9008,0.1527,1,0,0
-0.0688,0.0806,1.0303,-1.9695,0.3969,-0.4046,1,0,0
-0.0679,0.0928,1.0325,-1.6489,0.8397,-0.5649,1,0,0
-0.0713,0.0889,1.0305,-2.2137,1.0076,-1.1756,1,0,0
-0.0747,0.0872,1.0242,-3.0992,0.8015,-1.1679,1,0,0
-0.0706,0.0823,1.0256,-3.4275,0.0763,-1.1527,1,0,0
-0.0703,0.0798,1.0364,-4.1298,0.7863,-1.0992,1,0,0
-0.0669,0.0825,1.0408,-4.0305,1.8015,-0.6107,1,0,0
-0.0735,0.0881,1.0291,-4.3588,2.3969,-0.7252,1,0,0
-0.0742,0.0852,1.0403,-5.5725,2.6641,-0.8626,1,0,0
-0.0735,0.0737,1.0337,-5.7023,3.1985,-0.2672,1,0,0
-0.0723,0.0579,1.0454,-4.3206,4.3206,-0.3359,1,0,0
-0.0605,0.0774,1.041,-3.229,6.2519,1.1374,1,0,0
-0.0674,0.0815,1.0454,-4.5802,8.0763,0.5725,1,0,0
-0.0752,0.0752,1.0479,-5.6107,9.771,1.9313,1,0,0
-0.0701,0.082,1.0642,-6.3206,12.5573,2.6794,1,0,0
-0.0779,0.0837,1.0618,-7.0611,14.6107,2.542,1,0,0
-0.0962,0.0852,1.0325,-7.0763,15.4275,0.8855,1,0,0
-0.1191,0.0769,1.0088,-5.9313,13.3893,0.2595,1,0,0
-0.1196,0.0789,0.999,-4.4809,10.5802,-1.7557,1,0,0
-0.1177,0.0671,0.9932,0.2595,7.8779,-4.0687,1,0,0
-0.113,0.0808,0.9924,3.1221,6.0382,-5.5725,1,0,0
-0.1248,0.0894,0.9802,3.1221,4.145,-6.3893,1,0,0
-0.1265,0.0789,0.9958,2.5191,2.0458,-6.6031,1,0,0
-0.1116,0.0857,1.0247,1.7481,1.1221,-5.7099,1,0,0
-0.1177,0.0933,1.0276,-0.0534,1.4809,-5.0458,1,0,0
-0.1121,0.0906,1.0271,-1.1145,1.9847,-5.4275,1,0,0
-0.1135,0.0735,1.0317,0.0,2.5191,-6.0611,1,0,0
-0.1106,0.0654,1.0278,2.9847,2.6641,-6.0534,1,0,0
-0.1096,0.0798,1.0166,4.8702,2.7023,-5.6641,1,0,0
-0.1084,0.0894,1.0305,4.5649,2.8244,-5.4962,1,0,0
-0.1079,0.0823,1.0327,2.4656,2.7328,-4.3969,1,0,0
-0.1118,0.0942,1.0271,-1.2214,2.5267,-3.3893,1,0,0
-0.1143,0.0859,1.0068,-3.7939,2.2824,-3.3588,1,0,0
-0.116,0.0771,1.0063,-4.9008,1.4198,-3.771,1,0,0
-0.1189,0.0669,1.0034,-4.8321,0.1374,-3.8015,1,0,0
-0.1162,0.0505,1.012,-2.9847,-1.313,-2.5344,1,0,0
-0.1055,0.0469,1.0168,-0.1603,-1.4046,-1.0076,1,0,0
-0.0918,0.0679,1.0374,1.6641,0.4656,0.2366,1,0,0
-0.0962,0.0828,1.0269,0.8015,1.7481,0.0076,1,0,0
-0.1069,0.0872,1.0151,-1.0229,1.8244,-0.1069,1,0,0
-0.1116,0.0808,1.0061,-3.0763,1.1985,0.1527,1,0,0
-0.1038,0.0713,1.01,-4.1374,0.0992,1.0153,1,0,0
-0.1025,0.0725,1.0103,-5.6031,0.1069,1.0611,1,0,0
-0.1025,0.0562,1.0203,-6.5878,-0.8855,0.9618,1,0,0
-0.1091,0.0637,1.0142,-6.3053,-1.1221,1.7557,1,0,0
-0.1016,0.0583,1.0225,-6.2366,-0.6031,1.7863,1,0,0
-0.1001,0.0708,1.0215,-5.1221,0.9008,0.9237,1,0,0
-0.1099,0.0586,1.0107,-3.1145,1.1756,0.6718,1,0,0
-0.1106,0.063,0.9995,-1.2214,0.4351,0.313,1,0,0
-0.113,0.072,1.0024,-1.1298,-0.9313,-0.3359,1,0,0
-0.1099,0.0647,1.0005,-0.6641,-2.1527,-0.6031,1,0,0
-0.1113,0.0642,1.0015,0.2977,-3.0305,-0.5267,1,0,0
-0.1094,0.0835,1.0042,-0.9466,-3.7023,0.2519,1,0,0
-0.1069,0.082,1.0093,-2.7634,-3.771,0.2443,1,0,0
-0.1038,0.0818,1.0193,-3.0153,-3.7176,-0.1527,1,0,0
-0.1052,0.0691,1.0229,-1.3206,-3.5802,-0.5038,1,0,0
-0.105,0.0789,1.0171,0.771,-3.5496,-0.4962,1,0,0
-0.1082,0.0837,1.0183,0.9847,-3.5573,-0.2519,1,0,0
-0.1057,0.0896,1.0374,1.0534,-2.8397,0.0382,1,0,0
-0.1011,0.1055,1.0254,-0.6794,-2.3511,0.0763,1,0,0
-0.1023,0.0894,1.0291,-2.7252,-2.313,-0.9084,1,0,0
-0.104,0.0886,1.0293,-3.1832,-2.6107,-0.8473,1,0,0
-0.1064,0.0833,1.0227,-3.4504,-2.7557,-0.2672,1,0,0
-0.1099,0.0886,1.0176,-3.5038,-3.2214,-0.2061,1,0,0
-0.1108,0.0874,1.0093,-2.9847,-3.5115,-1.0763,1,0,0
-0.1072,0.0874,1.0176,-2.8626,-4.626,-1.4351,1,0,0
-0.1067,0.0813,1.0269,-2.2214,-4.6336,-1.8626,1,0,0
-0.1013,0.0662,1.0286,-0.8244,-4.5802,-1.2214,1,0,0
-0.1003,0.0791,1.0232,0.0458,-4.1832,-0.9924,1,0,0
-0.1021,0.0857,1.0254,-0.2595,-4.084,-0.6565,1,0,0
-0.1069,0.0837,1.0303,-1.6183,-3.9466,-1.1298,1,0,0
-0.1016,0.0742,1.0322,-2.0229,-4.2672,-0.458,1,0,0
-0.0913,0.0742,1.0352,-2.9924,-4.0458,-0.1298,1,0,0
-0.0923,0.0747,1.0391,-3.9924,-3.1832,-0.5115,1,0,0
-0.0969,0.0652,1.0342,-3.7786,-2.4046,-0.5954,1,0,0
-0.1001,0.0745,1.0256,-4.3053,-2.3282,-0.1603,1,0,0
-0.1074,0.071,1.0251,-4.0305,-2.6336,-0.1603,1,0,0
-0.1028,0.0652,1.0264,-2.4275,-3.084,0.1832,1,0,0
-0.1028,0.0723,1.0237,-1.0458,-3.7252,-0.0153,1,0,0
-0.0955,0.0715,1.032,-0.8626,-3.855,0.8015,1,0,0
-0.0923,0.0771,1.0369,-1.313,-3.1374,1.687,1,0,0
-0.1052,0.0825,1.0283,-2.8931,-2.7634,1.6412,1,0,0
-0.1018,0.0818,1.0408,-3.6565,-2.542,1.4885,1,0,0
-0.0923,0.0806,1.0383,-3.4427,-2.3511,0.4122,1,0,0
-0.0903,0.0923,1.0427,-3.1908,-1.8092,-0.3817,1,0,0
-0.0859,0.0903,1.04,-3.5954,0.1145,-0.8626,1,0,0
-0.0901,0.0864,1.0325,-3.4275,1.313,-1.9084,1,0,0
-0.1011,0.0781,1.0168,-3.4733,0.9389,-2.1145,1,0,0
-0.105,0.0627,1.02,-3.7099,-0.4427,-1.6641,1,0,0
-0.0974,0.0625,1.0146,-2.8168,-1.5038,-0.7863,1,0,0
-0.094,0.071,1.0203,-2.0916,-1.8397,-0.0382,1,0,0
-0.0916,0.0798,1.022,-1.687,-2.0,-0.0763,1,0,0
-0.0952,0.085,1.0132,-2.1603,-2.6565,-0.1756,1,0,0
-0.0962,0.0906,1.0129,-2.0992,-3.1832,-1.3664,1,0,0
-0.1023,0.0854,1.0161,-2.1527,-4.2901,-1.9771,1,0,0
-0.0979,0.0771,1.0161,-2.5267,-5.3817,-1.3435,1,0,0
-0.0835,0.0676,1.0237,-1.9389,-5.9084,-0.3969,1,0,0
-0.0874,0.0652,1.0349,-2.2519,-6.8855,0.6641,1,0,0
-0.0759,0.0569,1.0286,-1.1298,-6.7023,1.2519,1,0,0
-0.0679,0.082,1.0347,-2.0153,-5.3664,1.6183,1,0,0
-0.0779,0.0862,1.0466,-3.6718,-4.6718,1.313,1,0,0
-0.0659,0.0723,1.0408,-4.626,-2.4198,-0.0534,1,0,0
-0.0779,0.0647,1.0344,-3.5344,-0.771,-1.3435,1,0,0
-0.0879,0.0632,1.0203,-1.0153,-0.542,-0.916,1,0,0
-0.0981,0.062,0.998,0.7176,-2.2977,-0.1145,1,0,0
-0.0957,0.0613,0.999,1.374,-4.4885,1.2366,1,0,0
-0.0933,0.0671,1.002,1.7481,-6.2977,2.4504,1,0,0
-0.0925,0.0916,1.0117,-0.7176,-7.4275,2.5878,1,0,0
-0.0481,0.0981,1.0422,-4.145,-8.8931,2.8092,1,0,0
-0.0635,0.0818,1.0271,-6.8397,-7.6718,0.084,1,0,0
-0.0833,0.0518,1.0242,-6.3664,-7.0611,0.0229,1,0,0
-0.0701,0.0571,1.0298,-3.8015,-5.6183,-0.2137,1,0,0
-0.0583,0.0491,1.0413,-1.8702,-3.1298,0.1221,1,0,0
-0.0491,0.0625,1.0547,0.2443,-0.2824,0.8015,1,0,0
-0.0605,0.0708,1.032,0.5038,1.7634,0.1145,1,0,0
-0.0725,0.0715,1.0344,-0.1832,2.3588,-0.4275,1,0,0
-0.0833,0.0703,1.02,-1.1985,1.542,-0.6794,1,0,0
-0.083,0.0723,1.0134,-2.3053,0.5573,-1.2214,1,0,0
-0.083,0.0764,1.0166,-3.1756,-0.771,-1.374,1,0,0
-0.0789,0.0642,1.0173,-4.1756,-0.9771,-1.1298,1,0,0
-0.0776,0.0559,1.0215,-3.2977,-1.084,-0.9084,1,0,0
-0.0718,0.0615,1.0381,-2.1221,-0.626,-0.3282,1,0,0
-0.0703,0.0686,1.0352,-1.9618,0.4351,-0.5344,1,0,0
-0.0757,0.0569,1.0349,-0.9542,1.2977,-0.7099,1,0,0
-0.0813,0.0718,1.0247,-0.5344,1.0382,-0.9389,1,0,0
-0.0803,0.0747,1.0151,-1.0611,0.3588,-0.8779,1,0,0
-0.0847,0.0676,1.0115,-1.3588,-0.4885,-0.8473,1,0,0
-0.0806,0.071,1.0186,-1.5191,-1.5573,-0.6565,1,0,0
-0.0703,0.0793,1.0244,-2.313,-1.6183,-0.4122,1,0,0
-0.0701,0.0762,1.0305,-2.7939,-1.4962,-0.2748,1,0,0
-0.0691,0.0784,1.0269,-3.3588,-0.9466,-0.5038,1,0,0
-0.0713,0.0815,1.0247,-4.0076,0.2977,-1.1298,1,0,0
-0.0818,0.0601,1.0237,-2.8779,0.9084,-0.8779,1,0,0
-0.0798,0.0627,1.0288,-0.145,0.3359,-0.6947,1,0,0
-0.0762,0.0842,1.0249,1.3664,-0.4733,-0.4122,1,0,0
-0.0745,0.0952,1.0308,0.7405,-0.6565,-0.8855,1,0,0
-0.0762,0.0879,1.03,-0.5496,-0.1679,-1.4733,1,0,0
-0.0784,0.0886,1.0332,-2.771,0.0153,-1.5038,1,0,0
-0.0796,0.0837,1.0269,-4.4122,0.2137,-1.1069,1,0,0
-0.0728,0.083,1.0366,-5.0,0.1985,-1.0458,1,0,0
-0.0701,0.0769,1.0352,-5.1298,0.6718,-1.8168,1,0,0
-0.0718,0.0693,1.0208,-4.7328,0.687,-2.3893,1,0,0
-0.0859,0.0601,1.021,-3.6489,0.4733,-2.4809,1,0,0
-0.0845,0.0498,1.0281,-2.0611,-0.2901,-2.2061,1,0,0
-0.0862,0.0513,1.0171,-0.4656,-1.0916,-1.1069,1,0,0
-0.0771,0.0657,1.0266,-0.5038,-1.2366,-0.1756,1,0,0
-0.075,0.0647,1.0247,-0.8779,-0.9237,-0.2519,1,0,0
-0.073,0.0735,1.0266,-0.5725,-0.2595,-0.7863,1,0,0
-0.0745,0.083,1.0198,-1.5649,0.0076,-1.0992,1,0,0
-0.0835,0.0771,1.0232,-3.7328,0.1374,-1.374,1,0,0
-0.0872,0.0571,1.019,-4.1527,-0.6107,-1.1832,1,0,0
-0.0867,0.0486,1.0278,-2.7634,-0.7863,-0.8092,1,0,0
-0.0859,0.0498,1.0286,-0.7557,-1.1527,0.0229,1,0,0
-0.0771,0.0669,1.0317,0.5573,-1.1756,-0.4198,1,0,0
-0.0769,0.0764,1.0405,-0.0458,-0.6107,-0.313,1,0,0
-0.0735,0.084,1.0339,-1.4351,0.2595,-1.4733,1,0,0
-0.0798,0.0781,1.0308,-3.1603,0.6718,-2.0687,1,0,0
-0.0857,0.0625,1.0334,-3.5038,0.3664,-2.0916,1,0,0
-0.0818,0.0562,1.0212,-2.6412,0.0534,-1.2443,1,0,0
-0.0791,0.0627,1.021,-2.5573,-0.7557,-1.3053,1,0,0
-0.0735,0.0632,1.0278,-1.9695,-0.9618,-0.7023,1,0,0
-0.0725,0.0662,1.0293,-2.229,-0.3817,-1.3053,1,0,0
-0.0771,0.0527,1.0281,-1.5802,0.4427,-1.0076,1,0,0
-0.0815,0.0659,1.0195,-1.1679,0.2443,-0.542,1,0,0
-0.0825,0.0635,1.021,-0.7863,-0.4809,-0.3588,1,0,0
-0.0776,0.0737,1.0254,-0.7099,-1.2443,-0.1908,1,0,0
-0.0693,0.0737,1.0254,-1.7023,-0.6336,-0.5115,1,0,0
-0.0742,0.0728,1.0269,-1.3206,-0.5878,-1.0534,1,0,0
-0.0789,0.0789,1.0186,-1.2137,-0.4122,-2.0153,1,0,0
-0.0771,0.0679,1.0208,-1.4809,-0.5344,-1.6718,1,0,0
-0.0798,0.0537,1.0249,0.0458,-0.6183,-1.1756,1,0,0
-0.0781,0.0525,1.0293,2.5496,0.1221,-1.4046,1,0,0
-0.0732,0.0769,1.0251,4.374,0.2061,-1.6794,1,0,0
-0.0771,0.0928,1.0083,4.0916,0.626,-2.9618,1,0,0
-0.0791,0.0959,1.0215,2.6336,0.5573,-4.4885,1,0,0
-0.0796,0.0889,1.0171,2.7786,0.8015,-5.916,1,0,0
-0.0752,0.0825,1.0317,1.8855,0.8473,-6.4962,1,0,0
-0.075,0.0786,1.0337,1.0687,1.1145,-4.458,1,0,0
-0.0757,0.0688,1.0227,0.0916,1.8244,-3.3359,1,0,0
-0.074,0.0762,1.0242,-0.7023,2.8321,-1.8626,1,0,0
-0.0825,0.071,1.031,-1.1908,2.6794,-1.3206,1,0,0
-0.0876,0.0745,1.0237,-1.9237,2.7023,-0.084,1,0,0
-0.0908,0.0784,1.0171,-3.2595,2.2595,1.1069,1,0,0
-0.0874,0.0793,1.0261,-7.5573,2.0076,2.5344,1,0,0
-0.0806,0.0725,1.0334,-10.4122,2.2672,4.2443,1,0,0
-0.0691,0.0613,1.0486,-15.0611,3.7481,6.8092,1,0,0
-0.0781,0.0601,1.0603,-19.1908,6.2519,10.4122,1,0,0
-0.0691,0.0527,1.0742,-22.5573,9.1145,11.6412,1,0,0
-0.075,0.0591,1.0674,-25.1603,11.4046,12.9084,1,0,0
-0.0876,0.0359,1.0403,-27.4885,12.3053,14.6794,1,0,0
-0.106,0.0168,1.0286,-28.1603,11.6794,17.3435,1,0,0
-0.0999,0.0293,1.0181,-27.2519,10.0534,19.7023,1,0,0
-0.1133,0.0183,1.0146,-26.6412,8.6565,21.4046,1,0,0
-0.1147,0.0444,1.0154,-28.0763,6.8855,22.916,1,0,0
-0.1016,0.031,1.0334,-29.2824,6.2366,22.2901,1,0,0
-0.1016,0.0229,1.0261,-29.1527,6.2214,21.7328,1,0,0
-0.1018,0.0195,1.0203,-26.8168,6.8702,19.4733,1,0,0
-0.1052,-0.0037,1.0249,-22.4809,6.6183,17.6489,1,0,0
-0.0889,0.0051,1.0308,-18.6183,8.0153,16.9313,1,0,0
-0.113,0.0117,1.0291,-15.1908,8.1679,15.9695,1,0,0
-0.1123,0.0251,1.0283,-13.8321,7.9389,14.9695,1,0,0
-0.1099,0.04,1.0093,-13.5802,8.2519,11.7557,1,0,0
-0.1304,0.0271,0.9919,-13.3511,6.2672,8.4427,1,0,0
-0.1277,0.0203,0.9888,-12.7099,3.4122,6.4351,1,0,0
-0.1208,0.0078,0.9905,-12.8168,1.2595,6.0,1,0,0
-0.115,-0.002,1.0049,-11.7481,0.4656,7.3359,1,0,0
-0.1082,-0.0056,1.0227,-10.1298,0.8779,7.7939,1,0,0
-0.1018,0.0103,1.0261,-8.8168,1.6718,8.0382,1,0,0
-0.106,0.0195,1.0171,-7.9313,2.1832,6.145,1,0,0
-0.1147,0.0149,1.0168,-6.4198,1.7405,4.0382,1,0,0
-0.1218,0.0046,1.0042,-4.4656,-0.2366,2.7405,1,0,0
-0.1201,0.0039,1.0105,-2.7176,-1.7252,2.4122,1,0,0
-0.1052,0.0066,1.0188,-2.8779,-2.1221,3.626,1,0,0
-0.1003,0.0159,1.0332,-4.4733,-2.0382,4.9008,1,0,0
-0.0989,0.0354,1.0374,-8.1679,-1.8473,5.1603,1,0,0
-0.1045,0.0327,1.0291,-12.6489,-2.0992,4.374,1,0,0
-0.1121,0.0146,1.0149,-15.542,-2.4427,3.9924,1,0,0
-0.1187,-0.0063,1.0061,-14.3511,-4.1374,3.5115,1,0,0
-0.1157,-0.0105,1.0068,-12.0534,-6.1603,3.855,1,0,0
-0.1121,0.0005,1.0105,-11.7252,-7.2748,3.8931,1,0,0
-0.0984,0.0056,1.0171,-13.7176,-7.7405,5.458,1,0,0
-0.0886,0.0134,1.0308,-17.4504,-7.2519,6.4198,1,0,0
-0.0906,-0.0103,1.0366,-21.0229,-5.6489,7.0382,1,0,0
-0.0891,-0.0151,1.0376,-23.8702,-4.0458,8.0763,1,0,0
-0.0991,-0.0334,1.0337,-25.3588,-2.3588,8.3969,1,0,0
-0.0964,-0.0457,1.0366,-22.2824,-1.2672,8.2977,1,0,0
-0.0957,-0.0549,1.033,-17.2214,-0.4351,6.3359,1,0,0
-0.1074,-0.0479,1.0134,-13.8702,-0.2443,5.5802,1,0,0
-0.1108,-0.0378,1.0095,-12.6947,-0.5038,5.9466,1,0,0
-0.1228,-0.0298,1.0095,-13.9389,-1.1221,7.0,1,0,0
-0.1184,-0.0276,1.0044,-15.6183,-2.687,7.0076,1,0,0
-0.1125,-0.0325,1.0227,-17.2977,-2.8244,6.2595,1,0,0
-0.1099,-0.0493,1.0266,-17.1603,-2.8702,4.771,1,0,0
-0.1121,-0.0681,1.032,-14.9695,-2.1985,3.6718,1,0,0
-0.103,-0.0608,1.0315,-12.4351,-2.4504,2.4351,1,0,0
-0.1057,-0.071,1.0427,-10.6107,-1.8626,2.1679,1,0,0
-0.1011,-0.0752,1.0474,-8.229,-0.4733,2.1832,1,0,0
-0.0986,-0.0493,1.0415,-9.1603,0.1985,2.2519,1,0,0
-0.1025,-0.0557,1.0291,-11.9008,1.1603,2.8244,1,0,0
-0.1082,-0.0518,1.022,-13.2366,1.4656,3.1832,1,0,0
-0.116,-0.0532,1.0071,-14.1145,0.5267,1.8092,1,0,0
-0.1194,-0.0566,1.0066,-14.5191,-0.2977,0.4198,1,0,0
-0.1125,-0.0679,1.009,-14.7481,-2.2901,0.1298,1,0,0
-0.106,-0.0886,1.0254,-13.9542,-3.0687,1.4885,1,0,0
-0.0967,-0.1006,1.0322,-11.5344,-2.229,2.6412,1,0,0
-0.1008,-0.0852,1.0259,-9.4656,-1.5496,3.1221,1,0,0
-0.1089,-0.0867,1.0049,-7.4656,-2.0076,2.4885,1,0,0
-0.1145,-0.0806,0.9978,-6.0916,-3.6794,1.8397,1,0,0
-0.1138,-0.0676,0.9934,-6.229,-5.7023,1.8015,1,0,0
-0.1113,-0.0479,1.0027,-7.6031,-7.9313,2.5267,1,0,0
-0.1018,-0.0464,1.0039,-10.3664,-9.2748,2.3893,1,0,0
-0.0981,-0.0447,1.0105,-14.7099,-9.6947,1.6565,1,0,0
-0.0906,-0.054,1.0259,-17.0611,-9.6336,0.5344,1,0,0
-0.0803,-0.0674,1.0305,-17.9924,-8.7252,-0.542,1,0,0
-0.0833,-0.0916,1.0271,-16.3053,-7.374,-1.2824,1,0,0
-0.0913,-0.0754,1.012,-13.7557,-7.6183,-1.6412,1,0,0
-0.0908,-0.072,1.0127,-12.855,-8.0153,-2.1908,1,0,0
-0.0898,-0.072,1.0105,-14.1756,-9.1985,-1.6412,1,0,0
-0.0781,-0.0994,1.001,-15.0534,-9.3969,-1.4198,1,0,0
-0.0752,-0.106,1.0073,-13.7099,-9.9542,-0.6336,1,0,0
-0.1199,-0.114,0.9978,-12.5649,-12.3969,1.0382,1,0,0
-0.0979,-0.1177,1.01,-10.8702,-14.6947,1.4198,1,0,0
-0.061,-0.1155,1.0454,-10.0305,-12.458,1.6031,1,0,0
-0.0654,-0.1182,1.0415,-8.9237,-11.5115,2.3969,1,0,0
-0.0408,-0.1133,1.0557,-8.0,-8.1832,1.7405,1,0,0
-0.0544,-0.1265,1.0706,-6.0458,-4.9237,0.4427,1,0,0
-0.0513,-0.1304,1.0652,-3.084,-1.626,0.2901,1,0,0
-0.0593,-0.1287,1.0544,-1.4122,1.0763,0.2061,1,0,0
-0.0659,-0.1187,1.0442,-0.229,2.6489,0.1603,1,0,0
-0.0667,-0.1172,1.0432,-0.1527,3.4275,0.4275,1,0,0
-0.0735,-0.1226,1.0381,0.8855,4.4885,-0.2519,1,0,0
-0.0754,-0.1199,1.0239,2.1298,4.3817,-0.4351,1,0,0
-0.0818,-0.1282,1.0225,2.0992,3.2137,0.7405,1,0,0
-0.0796,-0.1387,1.0271,3.2748,3.0382,2.2824,1,0,0
-0.0784,-0.1179,1.0278,3.8779,4.2977,3.2672,1,0,0
-0.0815,-0.1123,1.0251,4.9695,5.771,3.0305,1,0,0
-0.0942,-0.1028,1.0222,4.855,5.1603,2.7481,1,0,0
-0.0933,-0.1086,1.0178,5.5573,4.374,2.4351,1,0,0
-0.0869,-0.0967,1.0188,5.3817,3.2824,2.1603,1,0,0
-0.094,-0.0889,1.0051,2.9008,1.916,1.3817,1,0,0
-0.095,-0.0876,1.0105,-1.5038,0.6489,1.1603,1,0,0
-0.093,-0.0913,1.0193,-4.1908,0.3435,1.1145,1,0,0
-0.0776,-0.1245,1.0264,-3.0687,0.8397,1.5802,1,0,0
-0.0647,-0.1128,1.0317,-0.3435,2.0076,1.8244,1,0,0
-0.0815,-0.1125,1.0266,1.5649,3.0916,2.2824,1,0,0
-0.0911,-0.1006,1.0247,3.3206,3.1145,1.9313,1,0,0
-0.0898,-0.0796,1.0193,2.7481,2.4198,1.3282,1,0,0
-0.0935,-0.062,1.0103,-0.8626,1.7634,1.0382,1,0,0
-0.0916,-0.0654,1.0015,-4.2595,1.229,-0.7939,1,0,0
-0.0945,-0.0859,0.9976,-6.0305,0.0534,-1.6794,1,0,0
-0.0869,-0.1101,1.01,-5.1298,-1.1756,-0.9771,1,0,0
-0.0798,-0.1184,1.0242,-1.2672,-1.2137,-0.1603,1,0,0
-0.0737,-0.0945,1.021,0.3969,-0.4504,0.626,1,0,0
-0.0862,-0.0754,1.0208,-0.229,-0.6336,0.3511,1,0,0
-0.0835,-0.0728,1.0298,-3.1374,-0.3664,0.3817,1,0,0
-0.0737,-0.0801,1.0327,-5.4427,0.7557,-0.3206,1,0,0
-0.0769,-0.0955,1.0288,-5.4504,1.6412,-0.5878,1,0,0
-0.0852,-0.1028,1.0242,-3.8397,1.4427,-1.4427,1,0,0
-0.0845,-0.1272,1.0251,-1.2061,0.8321,-0.8626,1,0,0
-0.0803,-0.105,1.0203,0.4198,1.5802,-0.0916,1,0,0
-0.0884,-0.1025,1.0129,-0.771,2.1679,0.0229,1,0,0
-0.0867,-0.0874,1.0071,-3.1145,1.4962,0.0153,1,0,0
-0.0891,-0.1011,1.0068,-6.5191,0.7176,0.6794,1,0,0
-0.0874,-0.1111,1.0188,-7.1679,0.0687,1.7252,1,0,0
-0.0837,-0.1226,1.0151,-6.6031,0.1985,2.084,1,0,0
-0.0862,-0.1255,1.0298,-2.9847,1.0229,2.8855,1,0,0
-0.0847,-0.1152,1.0237,0.6107,2.1603,2.0458,1,0,0
-0.0969,-0.1001,1.0125,2.0916,1.7863,0.7863,1,0,0
-0.103,-0.0959,1.0115,2.8244,0.4885,0.1069,1,0,0
-0.0947,-0.0916,1.0105,2.3435,-0.7863,0.1069,1,0,0
-0.0837,-0.0881,1.0212,0.542,-1.0611,-0.0382,1,0,0
-0.0811,-0.0784,1.0254,-3.3893,-0.7328,0.374,1,0,0
-0.0869,-0.0879,1.0276,-6.1679,0.0611,-0.1069,1,0,0
-0.0872,-0.1055,1.0293,-6.0076,0.9084,-0.5802,1,0,0
-0.0938,-0.1206,1.0256,-3.1374,1.5573,-0.9237,1,0,0
-0.0969,-0.1189,1.0217,0.687,1.1069,-0.2519,1,0,0
-0.0952,-0.0991,1.0193,2.1374,1.2672,0.2443,1,0,0
-0.0947,-0.0823,1.0244,0.8092,1.3282,0.6031,1,0,0
-0.0967,-0.0808,1.0325,-0.8321,2.0076,-0.7786,1,0,0
-0.0942,-0.0881,1.0254,-2.1985,2.145,-1.4198,1,0,0
-0.0986,-0.0972,1.0232,-2.6031,1.8397,-1.5802,1,0,0
-0.1006,-0.1328,1.011,-0.1145,0.6641,-0.4046,1,0,0
-0.0981,-0.1265,1.0232,3.5496,-0.2366,0.8626,1,0,0
-0.0989,-0.0881,1.0293,3.8168,-0.0153,-0.3588,1,0,0
-0.0908,-0.0842,1.0154,2.5802,0.2748,-0.4809,1,0,0
-0.0879,-0.0796,1.0085,1.7939,1.3893,-2.1145,1,0,0
-0.0615,-0.0752,1.0276,-1.2061,1.3511,-3.2748,1,0,0
-0.1206,-0.0837,1.0247,-2.2214,1.6336,-3.9466,1,0,0
-0.1028,-0.1282,1.0151,-1.9695,0.687,-3.3359,1,0,0
-0.093,-0.1079,1.0225,0.4962,0.4351,-2.0,1,0,0
-0.0857,-0.0862,1.0247,0.5344,1.1603,-2.0687,1,0,0
-0.0862,-0.0764,1.0134,-1.7557,0.7634,-1.3664,1,0,0
-0.0884,-0.0701,1.0107,-5.0763,0.3664,-1.5649,1,0,0
-0.0896,-0.0801,1.0068,-7.4275,0.4427,-1.5878,1,0,0
-0.0881,-0.0754,1.0186,-9.7634,1.771,-1.9924,1,0,0
-0.0913,-0.1111,1.0208,-9.7557,2.145,-3.916,1,0,0
-0.0977,-0.1396,1.0386,-6.2748,2.0992,-2.1527,1,0,0
-0.0977,-0.1196,1.0371,-2.7481,2.2901,-0.6947,1,0,0
-0.1008,-0.1023,1.0112,-0.9466,2.2901,-0.8626,1,0,0
-0.1125,-0.0996,0.9976,-0.458,0.4046,-1.6718,1,0,0
-0.1077,-0.092,0.9988,-0.7863,-0.7557,-2.1298,1,0,0
-0.1089,-0.106,1.0068,-1.8473,-2.6183,-1.8702,1,0,0
-0.1033,-0.1145,1.0071,-0.9695,-2.9008,-0.6031,1,0,0
-0.0974,-0.1204,1.02,0.6336,-2.542,-0.0076,1,0,0
-0.0977,-0.1118,1.0305,3.1374,-1.7099,0.4733,1,0,0
-0.1008,-0.1077,1.0227,5.0611,-1.855,0.229,1,0,0
-0.1023,-0.0942,1.0244,4.6565,-2.0305,-0.2977,1,0,0
-0.1023,-0.0896,1.0247,3.2595,-1.916,-0.5115,1,0,0
-0.1021,-0.0894,1.0222,2.0,-2.3969,0.0076,1,0,0
-0.0964,-0.0811,1.0295,0.2977,-2.2061,-0.6565,1,0,0
-0.0981,-0.084,1.0378,-1.4809,-1.6489,-1.3053,1,0,0
-0.0969,-0.0928,1.043,-2.0382,-0.5191,-1.4504,1,0,0
-0.0967,-0.106,1.0273,-2.8473,-0.1221,-0.4656,1,0,0
-0.1006,-0.1089,1.0371,-2.0076,0.6336,-0.2595,1,0,0
-0.1021,-0.1067,1.0283,-0.9008,0.5344,-0.2824,1,0,0
-0.0974,-0.0916,1.0249,-1.5115,0.5878,-0.5878,1,0,0
-0.1064,-0.095,1.0137,-2.0458,0.9542,-0.7939,1,0,0
-0.0942,-0.0972,1.0283,-1.3435,1.3282,-0.8702,1,0,0
-0.093,-0.0867,1.0249,-0.9771,2.3206,-2.1298,1,0,0
-0.0967,-0.0972,1.0293,-0.3435,2.6565,-2.3206,1,0,0
-0.093,-0.1047,1.0413,-0.3435,3.3893,-2.0305,1,0,0
-0.1025,-0.0986,1.0305,0.3664,4.1374,-1.8015,1,0,0
-0.1021,-0.0952,1.0188,0.0763,4.2214,-2.2137,1,0,0
-0.1111,-0.1013,1.0122,0.2443,3.5267,-2.1069,1,0,0
-0.1033,-0.1021,1.0112,2.313,3.0,-2.2366,1,0,0
-0.0894,-0.0884,1.0229,4.5344,3.6412,-3.2901,1,0,0
-0.083,-0.0876,1.043,7.5954,5.7176,-4.4275,1,0,0
-0.0796,-0.1052,1.0496,12.2977,8.4504,-5.5954,1,0,0
-0.0776,-0.0991,1.0667,16.7252,15.0916,-7.6794,1,0,0
-0.0964,-0.0623,1.0583,19.916,18.8702,-10.0229,1,0,0
-0.1182,-0.0415,1.03,18.8473,19.5191,-11.9847,1,0,0
-0.1123,-0.0339,1.0242,14.9008,20.5573,-13.2061,1,0,0
-0.125,-0.0415,1.0066,12.2137,19.9542,-13.9924,1,0,0
-0.1238,-0.0593,1.0076,11.0534,19.4962,-15.0916,1,0,0
-0.114,-0.0652,1.009,11.6641,20.3359,-15.1756,1,0,0
-0.1382,-0.062,1.0037,11.7099,18.1145,-13.9237,1,0,0
-0.1436,-0.0662,1.0037,10.4427,16.5954,-12.2977,1,0,0
-0.1514,-0.0696,1.0061,9.5115,14.3817,-10.1374,1,0,0
-0.1416,-0.0642,1.0051,8.8473,13.626,-8.542,1,0,0
-0.1511,-0.0527,1.0081,8.7481,12.458,-7.6336,1,0,0
-0.1501,-0.0566,1.0115,7.0229,10.1908,-5.9771,1,0,0
-0.1575,-0.0435,1.0061,3.3206,7.7176,-3.7557,1,0,0
-0.1594,-0.0637,1.001,-0.855,5.4962,-2.2672,1,0,0
-0.1672,-0.0601,0.9883,-3.9847,2.0382,-0.8244,1,0,0
-0.1599,-0.0615,0.9998,-6.7328,-1.3053,0.2443,1,0,0
-0.1516,-0.0767,1.0017,-6.5725,-2.2672,1.0305,1,0,0
-0.1384,-0.0703,1.0095,-5.771,-1.6336,1.4198,1,0,0
-0.1384,-0.0432,1.0125,-7.4733,-1.9618,1.5267,1,0,0
-0.1462,-0.0522,1.002,-11.5725,-2.4275,3.0458,1,0,0
-0.1531,-0.0557,0.9958,-15.4885,-3.4809,3.9695,1,0,0
-0.1484,-0.0747,0.9929,-17.4046,-5.229,4.5573,1,0,0
-0.1467,-0.0808,0.9961,-17.7328,-7.1069,5.9771,1,0,0
-0.1421,-0.0625,0.9875,-19.313,-8.3588,7.5725,1,0,0
-0.1523,-0.0884,1.0012,-19.2519,-8.8931,7.0763,1,0,0
-0.1338,-0.0869,1.0068,-18.7634,-8.7023,6.6107,1,0,0
-0.125,-0.085,1.0176,-18.2366,-7.1527,6.1908,1,0,0
-0.1194,-0.0935,1.0168,-17.6489,-5.4733,6.3282,1,0,0
-0.1279,-0.0911,1.0251,-18.3588,-4.2748,6.3969,1,0,0
-0.1331,-0.0894,1.0132,-20.1527,-4.0458,7.8626,1,0,0
-0.1401,-0.082,1.0032,-21.3282,-4.3359,8.1679,1,0,0
-0.1396,-0.1016,0.991,-21.4656,-4.8397,7.9466,1,0,0
-0.1423,-0.1423,0.9993,-19.9924,-5.8244,6.7099,1,0,0
-0.1296,-0.1035,0.9951,-19.0305,-6.6489,7.7023,1,0,0
-0.1438,-0.0862,0.9966,-21.6412,-8.4809,9.5191,1,0,0
-0.1436,-0.1094,1.0127,-23.0916,-8.5496,10.7557,1,0,0
-0.1489,-0.1243,1.021,-23.5725,-7.687,9.8092,1,0,0
-0.093,-0.1313,1.0295,-20.8702,-6.7252,8.6031,1,0,0
-0.1255,-0.127,1.0266,-17.0534,-4.3282,6.6489,1,0,0
-0.1331,-0.1372,1.0132,-13.3817,-4.0763,5.3206,1,0,0
-0.1262,-0.1221,0.9973,-11.7252,-4.4885,4.8779,1,0,0
-0.1292,-0.1316,0.9983,-10.2901,-4.6107,4.9695,1,0,0
-0.126,-0.1113,0.9978,-10.3511,-5.7099,4.1069,1,0,0
-0.1272,-0.1145,1.0037,-12.084,-5.7863,4.5191,1,0,0
-0.1221,-0.1082,1.0088,-14.6718,-5.7252,4.7023,1,0,0
-0.1218,-0.1348,1.0161,-15.0992,-5.3588,5.458,1,0,0
-0.1211,-0.1294,1.0188,-14.313,-5.4656,5.4198,1,0,0
-0.1313,-0.1514,1.0161,-11.145,-4.9618,4.2443,1,0,0
-0.1313,-0.1414,1.0176,-8.3817,-5.2748,3.0305,1,0,0
-0.1299,-0.1287,1.0159,-8.1527,-4.9695,2.1221,1,0,0
-0.1274,-0.1289,1.0142,-8.374,-5.2137,1.9847,1,0,0
-0.127,-0.1309,1.0151,-7.1908,-5.6107,1.229,1,0,0
-0.123,-0.1094,1.0059,-8.7786,-6.3282,1.3435,1,0,0
-0.1306,-0.1169,1.0063,-12.3282,-7.1908,1.1985,1,0,0
-0.1201,-0.1147,1.0142,-16.8397,-8.3817,1.9008,1,0,0
-0.1121,-0.1667,1.011,-18.145,-9.916,2.0992,1,0,0
-0.1301,-0.1833,1.0117,-15.3893,-10.6031,3.229,1,0,0
-0.127,-0.1763,1.0105,-10.6183,-9.5802,4.4809,1,0,0
-0.1064,-0.1741,1.0229,-6.7176,-7.9084,4.5878,1,0,0
-0.0798,-0.1443,1.0225,-5.2137,-7.2137,4.6641,1,0,0
-0.104,-0.1335,1.0142,-7.2824,-6.9008,3.8092,1,0,0
-0.1086,-0.1536,1.0208,-7.0305,-6.9924,2.855,1,0,0
-0.1067,-0.157,1.0098,-6.1756,-6.542,2.1527,1,0,0
-0.105,-0.1455,1.0183,-7.3359,-6.7786,2.5954,1,0,0
-0.1018,-0.1592,1.0154,-7.7786,-6.0305,2.5802,1,0,0
-0.0906,-0.1667,1.03,-6.6947,-4.3282,2.3359,1,0,0
-0.0884,-0.1589,1.0283,-4.9618,-3.2443,2.0229,1,0,0
-0.0938,-0.1548,1.0256,-4.458,-2.2977,1.145,1,0,0
-0.104,-0.1501,1.0159,-5.4046,-1.9313,0.458,1,0,0
-0.113,-0.175,1.0122,-5.0534,-2.3053,0.7863,1,0,0
-0.1182,-0.1658,1.001,-4.229,-3.6107,1.1069,1,0,0
-0.1155,-0.1724,1.0173,-3.7176,-4.3893,2.0916,1,0,0
-0.0872,-0.158,1.0173,-3.4046,-3.5496,3.229,1,0,0
-0.0908,-0.1433,1.019,-4.5267,-1.916,1.2366,1,0,0
-0.0911,-0.1533,1.0193,-4.7328,-1.4656,0.1603,1,0,0
-0.0955,-0.1541,1.0105,-5.0305,-0.7252,-0.3511,1,0,0
-0.0884,-0.1689,1.0256,-5.9084,0.7405,-1.9618,1,0,0
-0.1016,-0.1655,1.0422,-4.5038,2.2061,-1.8702,1,0,0
-0.1079,-0.1829,1.0281,-2.0,2.8397,-1.855,1,0,0
-0.1196,-0.1523,1.0178,-1.5725,2.3817,-1.7023,1,0,0
-0.1177,-0.1807,1.0037,-0.7557,0.8168,-1.5344,1,0,0
-0.1094,-0.1753,0.9973,0.3282,-0.6489,-0.8626,0,0,0
-0.1138,-0.1702,0.9963,-0.5496,-1.5649,-0.8397,0,0,0
-0.105,-0.1892,1.0076,0.7634,-1.8168,0.1756,0,0,0
-0.0886,-0.1704,1.0232,2.4275,-0.6794,0.4962,0,0,0
-0.1011,-0.1721,1.0156,2.4122,0.7328,0.6489,0,0,0
-0.1052,-0.1624,1.0208,1.3053,0.0916,1.3206,0,0,0
-0.105,-0.1638,1.0359,-0.2214,-0.1145,1.7939,0,0,0
-0.1077,-0.1619,1.0127,-1.8244,-0.3435,1.5878,0,0,0
-0.1086,-0.1704,1.0112,-3.4809,-0.9313,1.9924,0,0,0
-0.1099,-0.1675,1.0146,-4.2443,-1.3588,2.3893,0,0,0
-0.1035,-0.1721,1.0127,-4.1985,-1.1221,2.4885,0,0,0
-0.1018,-0.1804,1.0183,-3.2824,0.2137,1.9771,0,0,0
-0.1025,-0.1675,1.0181,-1.2748,0.6565,1.542,0,0,0
-0.1084,-0.1824,1.0183,-0.1756,0.9695,1.8855,0,0,0
-0.1057,-0.1655,1.0195,0.4046,0.6489,2.626,0,0,0
-0.104,-0.1697,1.0085,-0.2443,0.7099,3.313,0,0,0
-0.1125,-0.1558,1.0029,-1.0763,0.4809,3.5496,0,0,0
-0.114,-0.1519,0.9946,-2.8702,-0.0382,2.4809,0,0,0
-0.1089,-0.1741,0.9917,-2.4351,-0.8321,2.084,0,0,0
-0.1035,-0.1655,0.9973,-1.8931,-0.9847,2.2519,0,0,0
-0.1052,-0.166,0.9973,-1.8702,-1.2137,2.6641,0,0,0
-0.094,-0.1501,1.0051,-3.3053,-1.0992,3.4046,0,0,0
-0.0952,-0.136,1.0159,-5.8168,-0.9618,3.1298,0,0,0
-0.1006,-0.1484,0.998,-8.6107,-1.2443,2.4351,0,0,0
-0.0708,-0.1646,1.009,-8.7405,-1.5649,2.5802,0,0,0
-0.1042,-0.1648,1.0039,-7.4885,-1.9466,2.2137,0,0,0
-0.1008,-0.1851,1.0005,-5.2901,-2.1298,2.771,0,0,0
-0.1006,-0.1692,0.9995,-3.6565,-2.771,4.2214,0,0,0
-0.0964,-0.1521,0.9988,-4.8702,-2.8779,4.2977,0,0,0
-0.0979,-0.1514,1.0039,-7.9313,-3.1908,3.7863,0,0,0
-0.0918,-0.1626,1.0015,-11.5267,-3.8779,4.7405,0,0,0
-0.0879,-0.1562,1.0044,-14.0534,-2.9008,6.5649,0,0,0
-0.1072,-0.1724,0.9912,-14.3588,-3.8397,5.5038,0,0,0
-0.0637,-0.196,1.0098,-12.313,-4.9542,5.3511,0,0,0
-0.0793,-0.208,1.0171,-6.9237,-4.7252,4.6718,0,0,0
-0.0759,-0.179,1.0222,-3.2901,-3.7557,4.9237,0,0,0
-0.0896,-0.1731,1.0095,-3.7252,-2.7786,4.6183,0,0,0
-0.0947,-0.175,1.0015,-5.0534,-2.3664,3.9924,0,0,0
-0.1057,-0.1753,0.9973,-6.2595,-2.6718,4.9542,0,0,0
-0.0889,-0.1628,1.0029,-5.687,-2.8397,4.0992,0,0,0
-0.0913,-0.1611,1.0142,-4.2977,-3.4809,1.5496,0,0,0
-0.0925,-0.1807,1.0215,-1.7939,-3.4427,0.313,0,0,0
-0.0894,-0.1714,1.0229,-0.0229,-1.7557,-0.1832,0,0,0
-0.0972,-0.166,1.0137,0.2366,-0.8397,-0.4351,0,0,0
-0.1025,-0.1716,1.0139,-1.7557,-1.3588,-0.2977,0,0,0
-0.0859,-0.1665,1.0305,-4.3969,-0.3511,-0.0916,0,0,0
-0.0913,-0.1665,1.0212,-7.3664,1.6718,-1.4427,0,0,0
-0.0969,-0.1836,1.0308,-8.2977,1.7786,-1.4885,0,0,0
-0.1118,-0.2014,1.0173,-5.9466,1.1527,-1.6565,0,0,0
-0.1089,-0.1921,1.0051,-2.7557,-0.313,-2.1832,0,0,0
-0.1074,-0.1899,1.0017,-0.4427,-0.6565,-2.2061,0,0,0
-0.0955,-0.1841,1.0061,1.1145,-0.7252,-1.7634,0,0,0
-0.0962,-0.1875,1.0139,1.4733,-0.771,-0.7481,0,0,0
-0.1001,-0.1685,1.0063,-0.2061,-0.6794,0.1221,0,0,0
-0.1001,-0.1758,1.0049,-1.7634,-1.8473,0.5649,0,0,0
-0.0994,-0.167,1.0225,-3.4962,-1.5878,-0.4275,0,0,0
-0.0889,-0.175,1.0291,-3.8397,-0.8321,-1.145,0,0,0
-0.0872,-0.189,1.0293,-3.084,0.7786,-0.9237,0,0,0
-0.0991,-0.1882,1.012,-2.4885,1.2519,-0.4198,0,0,0
-0.1079,-0.2051,1.0093,-1.542,1.0458,-0.1603,0,0,0
-0.103,-0.188,1.0173,-0.9466,0.771,0.5191,0,0,0
-0.1084,-0.1895,1.0137,-0.3893,0.771,0.2366,0,0,0
-0.1028,-0.1816,1.0112,-0.313,0.1527,0.374,0,0,0
-0.1038,-0.1755,1.0095,-0.7786,0.8931,-0.1679,0,0,0
-0.1077,-0.1968,1.0105,0.9924,1.1069,-0.6412,0,0,0
-0.0884,-0.1663,1.0215,0.0763,1.7176,-0.3511,0,0,0
-0.0918,-0.1667,1.0237,-1.9542,1.9313,-0.7023,0,0,0
-0.084,-0.1895,1.0149,-2.7099,1.8015,1.9466,0,0,0
-0.0952,-0.1926,1.0056,-1.5954,1.9313,2.3664,0,0,0
-0.0964,-0.1755,1.0071,-1.2366,2.0305,2.1069,0,0,0
-0.0955,-0.1665,1.0029,-3.0611,3.0611,0.3053,0,0,0
-0.0908,-0.1775,1.0085,-4.374,3.0916,0.3053,0,0,0
-0.1016,-0.2041,1.0056,-2.2214,3.5725,1.5038,1,0,0
-0.1052,-0.1929,0.9998,0.7099,3.1908,2.8168,1,0,0
-0.1309,-0.1646,0.9592,0.7863,1.5344,1.3435,1,0,0
-0.1086,-0.1719,0.9807,1.229,-0.6183,0.0611,1,0,0
-0.0916,-0.1653,0.9988,-0.5496,-0.6718,-0.3969,1,0,0
-0.0874,-0.1511,1.01,-3.5115,0.8015,-0.687,1,0,0
-0.0911,-0.1528,1.0149,-6.3435,1.6183,-2.4046,1,0,0
-0.0859,-0.1577,1.0107,-8.9084,2.229,-3.6336,1,0,0
-0.0889,-0.1892,1.0183,-9.9924,3.7557,-4.5038,1,0,0
-0.094,-0.2134,1.0178,-7.3817,3.229,-3.1145,1,0,0
-0.1057,-0.2058,0.9958,-4.4885,3.4504,-1.2748,1,0,0
-0.1128,-0.196,0.9832,-2.0992,2.0458,-0.9008,1,0,0
-0.1113,-0.1777,0.9858,-2.5573,0.2901,-1.2672,1,0,0
-0.115,-0.1753,0.9866,-4.0916,-0.2748,-1.8015,1,0,0
-0.1089,-0.1985,0.9915,-3.8168,-1.1603,-2.5267,1,0,0
-0.116,-0.186,0.9995,-3.458,-1.0305,-3.2519,1,0,0
-0.1206,-0.1838,1.0029,-3.7099,-1.0687,-3.4733,1,0,0
-0.116,-0.1655,0.9966,-5.1527,-1.3893,-3.8244,1,0,0
-0.1206,-0.1885,1.0012,-6.3435,-2.1374,-4.1145,1,0,0
-0.1123,-0.1909,1.0093,-5.1069,-2.7405,-3.687,1,0,0
-0.1113,-0.2002,1.0144,-2.9695,-2.6489,-3.2977,1,0,0
-0.1116,-0.2012,1.0132,-0.6031,-2.5191,-2.6794,1,0,0
-0.1111,-0.2041,1.0115,1.9924,-2.3893,-2.2519,1,0,0
-0.1079,-0.1829,1.0054,3.3969,-1.9771,-1.4962,1,0,0
-0.1106,-0.1824,1.0061,2.0992,-2.1069,-1.5344,0,0,0
-0.1069,-0.1873,1.0117,2.0153,-1.7557,-0.916,0,0,0
-0.1082,-0.1765,1.0098,1.8092,-1.0305,-1.9008,0,0,0
-0.1038,-0.1758,1.0146,1.3359,-0.2519,-2.855,0,0,0
-0.1106,-0.1736,1.0227,0.9924,-0.1679,-3.5802,0,0,0
-0.1106,-0.1899,1.0127,1.374,-0.0382,-3.6641,0,0,0
-0.1042,-0.175,1.0183,0.9542,0.0305,-3.3282,0,0,0
-0.1089,-0.1694,1.01,-0.145,-0.0458,-3.8626,0,0,0
-0.105,-0.176,1.0054,-1.4656,0.0305,-4.6031,0,0,0
-0.0974,-0.1826,0.9934,-1.8779,0.4427,-4.7252,0,0,0
-0.1084,-0.2021,1.0208,0.0534,0.8321,-4.2977,0,0,0
-0.105,-0.2063,1.0044,1.8855,0.3359,-2.5191,0,0,0
-0.1104,-0.2012,1.0164,3.1527,0.0229,-1.4046,0,0,0
-0.0977,-0.1833,1.0176,3.5115,0.687,-1.0763,0,0,0
-0.1008,-0.1782,1.0029,2.7481,0.9389,-1.9008,0,0,0
-0.0974,-0.1746,1.0066,2.8321,0.5649,-2.3435,0,0,0
-0.0999,-0.1829,1.0061,3.1832,0.0611,-2.3588,0,0,0
-0.0984,-0.1748,1.0115,4.855,-0.1756,-2.9924,0,0,0
-0.0867,-0.1826,1.0322,7.1145,1.2748,-3.2061,0,0,0
-0.0842,-0.1641,1.0356,7.8931,4.6641,-3.9008,0,0,0
-0.0964,-0.1501,1.0359,6.3206,6.687,-4.3817,0,0,0
-0.1187,-0.1572,1.0164,4.5038,6.4427,-4.7252,0,0,0
-0.1191,-0.1812,1.0034,5.2214,5.6489,-5.0611,0,0,0
-0.1052,-0.177,1.0154,6.7023,7.0382,-5.313,0,0,0
-0.1038,-0.1672,1.0212,9.2595,7.3588,-6.3969,0,0,0
-0.1077,-0.1716,1.0198,12.0305,8.6565,-7.6336,0,0,0
-0.0979,-0.1736,1.0369,17.5573,11.4656,-9.9771,0,0,0
-0.0894,-0.1665,1.0579,24.7481,17.5954,-14.5038,0,0,0
-0.0996,-0.124,1.0559,29.4962,22.5267,-20.6718,0,0,0
-0.0955,-0.1011,1.0571,29.6107,28.1221,-25.8397,0,0,0
-0.1011,-0.1169,1.0479,32.3053,28.8855,-30.3435,0,0,0
-0.1436,-0.1497,1.0327,34.1756,28.1908,-32.3969,0,0,0
-0.1382,-0.1001,1.0203,36.9771,28.855,-34.4504,0,0,0
-0.1606,-0.0879,1.021,34.6794,30.0763,-34.2901,0,0,0
-0.1379,-0.1252,1.0256,35.2901,28.3511,-35.8244,0,0,0
-0.1819,-0.0833,1.0,34.8397,29.0534,-36.5191,0,0,0
-0.1636,-0.1079,1.0127,32.5191,29.1298,-34.2672,0,0,0
-0.1523,-0.126,1.0159,29.9466,26.4122,-29.4046,0,0,0
-0.1895,-0.1067,0.9858,27.8015,22.9618,-25.084,0,0,0
-0.1882,-0.0979,0.978,27.6947,18.2519,-22.5267,0,0,0
-0.1848,-0.1011,0.9807,28.4046,15.8855,-21.9695,0,0,0
-0.1804,-0.085,0.9875,28.1603,13.0916,-21.084,0,0,0
-0.1663,-0.0757,1.0095,24.2366,12.4351,-18.5878,0,0,0
-0.1724,-0.0959,0.9854,23.5038,10.9924,-16.1908,0,0,0
-0.1587,-0.072,1.0044,20.9771,12.1679,-14.9008,0,0,0
-0.1729,-0.0823,1.0027,19.374,12.1374,-13.1985,0,0,0
-0.188,-0.0911,0.9951,18.9542,11.4885,-12.0534,0,0,0
-0.1836,-0.1187,1.0056,20.0763,10.8473,-11.0534,0,0,0
-0.1953,-0.1279,1.0063,25.9618,10.8168,-9.0687,0,0,0
-0.1804,-0.1194,1.0022,32.5954,9.9008,-7.4122,0,0,0
-0.1873,-0.0645,1.012,33.7328,11.2137,-5.5267,0,0,0
-0.188,-0.042,1.0083,29.6031,10.4504,-3.374,0,0,0
-0.1846,-0.0313,1.0139,24.1756,10.7863,-2.4809,0,0,0
-0.188,-0.0432,1.0203,19.8473,11.6336,-1.8092,0,0,0
-0.1853,-0.0371,1.0217,17.9313,11.7634,-1.5115,0,0,0
-0.2075,-0.022,1.0012,15.3969,12.1145,-2.4962,0,0,0
-0.2087,-0.0083,1.0037,11.8397,11.5267,-3.2443,0,0,0
-0.2065,-0.0171,1.0103,7.542,10.4351,-1.9924,0,0,0
-0.2061,-0.0164,1.0095,4.0076,10.0458,0.5573,0,0,0
-0.2153,-0.0095,1.0081,0.313,10.4198,2.0687,0,0,0
-0.2183,0.0059,0.9956,-3.8168,10.1832,2.2824,0,0,0
-0.2192,-0.0212,0.9907,-8.1679,10.2443,1.3969,0,0,0
-0.2249,-0.0381,1.0042,-8.4351,9.7557,2.1679,0,0,0
-0.2021,-0.0259,1.0308,-9.5649,11.1679,5.4733,0,0,0
-0.2117,-0.0452,1.0315,-12.0763,11.9924,8.4046,0,0,0
-0.2109,-0.0337,1.0283,-14.5191,13.3359,11.7405,0,0,0
-0.2263,-0.0146,1.0149,-18.1756,14.3435,13.3053,0,0,0
-0.2271,0.0112,1.0,-25.5267,14.5191,14.4198,0,0,0
-0.251,-0.0051,0.9941,-35.2595,11.6565,17.2748,0,0,0
-0.2554,-0.0488,0.988,-43.7405,10.9847,20.5802,0,0,0
-0.2644,-0.082,0.9778,-43.5802,9.6031,19.6412,0,0,0
-0.2539,-0.0735,0.9883,-40.687,8.2748,18.0763,0,0,0
-0.2266,-0.0596,1.0,-38.7481,7.5725,16.458,0,0,0
-0.2544,-0.0042,0.9885,-42.6565,5.9542,17.9237,0,0,0
-0.2649,-0.0742,0.9478,-44.0,5.8397,17.6336,0,0,0
-0.2686,-0.0828,0.9565,-43.6794,2.6489,17.5725,0,0,0
-0.2637,-0.0903,0.9802,-39.542,3.0076,14.3893,0,0,0
-0.2495,-0.075,0.9902,-34.0763,3.313,11.5115,0,0,0
-0.2046,-0.0823,1.0085,-29.4504,5.458,8.8931,0,0,0
-0.2356,-0.0759,0.9976,-28.1527,8.1679,7.4885,0,0,0
-0.2515,-0.0933,0.9778,-26.6947,8.1221,7.9618,0,0,0
-0.2844,-0.0806,0.96,-26.4733,5.9313,8.0,0,0,0
-0.2622,-0.1277,0.9592,-24.084,3.3969,6.0382,0,0,0
-0.2791,-0.0994,0.9648,-21.6031,1.3893,6.9008,0,0,0
-0.2576,-0.1084,0.9668,-20.3282,2.0687,6.1679,0,0,0
-0.2478,-0.1372,0.9734,-17.1985,3.1527,3.8779,0,0,0
-0.2566,-0.1343,0.9658,-14.9466,1.7557,3.6183,0,0,0
-0.259,-0.1528,0.9612,-13.0458,0.2214,3.7252,0,0,0
-0.2534,-0.1384,0.9597,-12.8702,-1.9008,5.4504,0,0,0
-0.2554,-0.1484,0.9773,-11.8931,-2.8931,6.6031,0,0,0
-0.2507,-0.1418,0.9924,-11.9924,-2.8702,6.3511,0,0,0
-0.2375,-0.1277,0.9917,-13.9313,-1.6947,5.9924,0,0,0
-0.2322,-0.1589,0.9851,-15.9084,-1.0763,6.7176,0,0,0
-0.2563,-0.1731,0.9805,-13.7786,-2.0534,7.5954,0,0,0
-0.2554,-0.1685,0.9829,-8.6947,-1.458,6.0687,0,0,0
-0.2537,-0.1492,0.9919,-5.2748,-1.7634,4.7939,0,0,0
-0.252,-0.1516,0.9929,-3.1832,-1.2214,3.8015,0,0,0
-0.2444,-0.146,0.989,-2.8626,-0.6107,4.9847,0,0,0
-0.249,-0.1367,0.9856,-5.3282,0.7405,5.4733,0,0,0
-0.26,-0.1211,0.979,-8.4198,0.2748,6.0,0,0,0
-0.2668,-0.1455,0.9661,-12.2901,-1.7939,6.8397,0,0,0
-0.3049,-0.1584,0.9639,-10.6641,-5.3817,8.916,0,0,0
-0.2534,-0.1682,0.9795,-8.2214,-5.9771,8.1985,0,0,0
-0.249,-0.1667,0.981,-5.6489,-5.6565,7.5115,0,0,0
-0.2495,-0.1565,0.991,-2.7328,-4.1832,7.0382,0,0,0
-0.25,-0.1504,0.9905,-0.5878,-3.2748,5.855,0,0,0
-0.2578,-0.1438,0.981,1.6107,-4.1298,5.3359,0,0,0
-0.2615,-0.1384,0.9834,4.313,-4.5115,5.4351,0,0,0
-0.2568,-0.1296,0.9895,7.3893,-5.0153,4.8168,0,0,0
-0.2498,-0.1265,0.999,10.7176,-4.3282,3.542,0,0,0
-0.2437,-0.1162,1.0032,13.2595,-2.5878,1.542,0,0,0
-0.2493,-0.1072,1.0085,15.0763,-1.374,-1.313,0,0,0
-0.2461,-0.1101,1.0017,15.374,-0.4733,-2.8702,0,0,0
-0.2407,-0.1008,1.0117,13.916,0.5115,-2.3053,0,0,0
-0.2275,-0.0769,1.0083,8.7328,3.229,-1.4733,0,0,0
-0.2546,-0.0925,0.9885,3.4198,4.0992,-0.0229,0,0,0
-0.2695,-0.0923,0.9775,-1.229,2.145,0.7557,0,0,0
-0.2747,-0.1135,0.9724,-4.4733,0.1908,1.8779,0,0,0
-0.259,-0.1257,0.988,-5.9084,-0.7863,2.4046,0,0,0
-0.2507,-0.136,0.9954,-6.6336,-0.0076,2.6718,0,0,0
-0.2537,-0.1521,0.9927,-5.5267,0.7252,2.9542,0,0,0
-0.2583,-0.146,0.9919,-2.8092,0.8626,3.5725,0,0,0
-0.2607,-0.1396,0.9851,-1.2672,0.0458,3.9542,0,0,0
-0.2556,-0.1396,0.9907,-1.4351,0.0,5.0458,0,0,0
-0.2651,-0.1284,0.9963,-1.5344,0.374,5.2443,0,0,0
-0.2617,-0.1257,0.9966,-0.5802,-0.1298,4.5115,0,0,0
-0.2581,-0.1125,1.002,-0.0458,0.1756,3.1756,0,0,0
-0.2476,-0.1099,1.0117,-1.1679,0.4046,2.6718,0,0,0
-0.2527,-0.1052,0.9978,-2.3206,0.9771,1.9237,0,0,0
-0.2534,-0.1135,0.9951,-3.5496,0.6412,1.8244,0,0,0
-0.2549,-0.1379,0.9976,-3.8931,0.6641,2.5649,0,0,0
-0.2415,-0.1401,0.991,-1.229,1.1145,3.9542,0,0,0
-0.2498,-0.1238,0.9866,0.771,1.8321,4.2901,0,0,0
-0.2561,-0.1064,0.9834,0.5115,1.7939,3.9847,0,0,0
-0.2642,-0.0957,0.9814,-0.1985,0.8473,3.626,0,0,0
-0.2556,-0.0894,0.9753,-0.8931,0.1221,3.0229,0,0,0
-0.2488,-0.0828,0.9746,-0.8626,0.0153,1.458,0,0,0
-0.2488,-0.0774,0.9746,-1.4351,-0.5954,-0.1298,0,0,0
-0.2502,-0.0786,0.978,-1.6718,-0.855,-1.4885,0,0,0
-0.2439,-0.0972,0.991,-0.2901,-0.6718,-2.8855,0,0,0
-0.2429,-0.1001,0.9905,2.9542,0.0229,-4.9084,0,0,0
-0.2478,-0.1062,0.9912,6.3435,0.5267,-6.0382,0,0,0
-0.2544,-0.103,0.991,9.7863,0.6565,-7.2061,0,0,0
-0.2463,-0.0901,0.9888,14.4656,0.7252,-10.0,0,0,0
-0.2625,-0.0505,0.9941,16.2748,1.0992,-12.0916,0,0,0
-0.2368,-0.0593,0.9976,16.4504,3.771,-13.1756,0,0,0
-0.2356,-0.0635,0.9895,14.626,5.4351,-13.687,0,0,0
-0.2573,-0.0386,0.9675,8.7328,3.7786,-12.6565,0,0,0
-0.2783,-0.0833,0.9451,4.8321,0.6794,-10.6641,0,0,0
-0.2717,-0.1008,0.9663,4.3053,-2.7328,-8.7023,0,0,0
-0.2471,-0.0854,0.9724,2.626,-4.1832,-7.7176,0,0,0
-0.2422,-0.0955,0.9805,-0.3206,-3.4504,-6.2977,0,0,0
-0.2522,-0.1208,0.9944,-2.1679,-2.9008,-4.8244,0,0,0
-0.2598,-0.1206,0.9949,-2.542,-3.6641,-2.9695,0,0,0
-0.25,-0.1213,1.0066,-2.2595,-3.5038,-1.4504,0,0,0
-0.2473,-0.1267,1.0247,-0.458,-1.8931,-0.9008,0,0,0
-0.2424,-0.1064,1.019,0.6412,0.1298,-0.5267,0,0,0
-0.2532,-0.0942,1.0051,-0.4962,1.3817,-0.5267,0,0,0
-0.2656,-0.103,0.9924,-1.771,1.0153,-1.1985,0,0,0
-0.2717,-0.1047,0.9868,-2.9237,-0.4275,-1.4427,0,0,0
-0.2688,-0.1125,0.9805,-4.2748,-1.5573,-1.3893,0,0,0
-0.2563,-0.1194,0.9973,-5.4962,-2.0305,-0.855,0,0,0
-0.2566,-0.1218,1.0039,-5.4198,-1.1756,0.2137,0,0,0
-0.2598,-0.1213,1.0134,-4.7176,-0.3969,0.1908,0,0,0
-0.2593,-0.1223,1.0115,-3.5878,0.771,0.3435,0,0,0
-0.2598,-0.1157,1.0127,-1.4275,2.1069,0.5725,0,0,0
-0.2649,-0.1001,1.0142,-1.0916,3.9313,-0.0076,0,0,0
-0.2727,-0.095,1.0149,-2.458,4.6947,-0.6412,0,0,0
-0.2771,-0.0972,1.0083,-3.9237,5.1756,-1.0611,0,0,0
-0.2766,-0.0972,1.0042,-5.9542,5.3282,-1.626,0,0,0
-0.2761,-0.1121,1.0039,-7.3206,5.1985,-1.9847,0,0,0
-0.2717,-0.1235,1.0076,-6.2443,5.7176,-2.4275,0,0,0
-0.2659,-0.1262,1.0254,-5.2214,7.458,-2.1832,0,0,0
-0.2585,-0.1316,1.0308,-1.5802,9.3969,-2.1756,0,0,0
-0.2605,-0.1118,1.0186,0.8321,12.3435,-2.8626,0,0,0
-0.2632,-0.1167,1.0095,1.6565,14.1832,-3.2137,0,0,0
-0.2717,-0.1111,0.9893,2.9695,15.1298,-3.3511,0,0,0
-0.2793,-0.1023,0.9702,2.3435,14.542,-2.9237,0,0,0
-0.29,-0.0967,0.9507,1.2443,12.916,-2.8931,0,0,0
-0.2832,-0.1086,0.9553,0.4427,9.9924,-2.2977,0,0,0
-0.2715,-0.0906,0.9473,-0.7481,7.9542,-1.855,0,0,0
-0.2825,-0.0957,0.9409,-2.9542,5.6489,-1.6718,0,0,0
-0.2766,-0.1033,0.949,-2.6565,4.542,-0.687,0,0,0
-0.2749,-0.0923,0.9575,-1.3893,3.8015,-1.374,0,0,0
-0.281,-0.0847,0.9512,-2.2366,2.3053,-1.5038,0,0,0
-0.2715,-0.0952,0.9626,-2.8702,0.8244,-1.8168,0,0,0
-0.2603,-0.1045,0.9687,-3.1374,0.6718,-1.1527,0,0,0
-0.2563,-0.1023,0.9746,-2.5267,1.1679,-0.8244,0,0,0
-0.2673,-0.1003,0.9673,-1.7481,1.3282,-0.542,0,0,0
-0.2754,-0.105,0.9666,-1.2061,0.4733,-0.8779,0,0,0
-0.2744,-0.1055,0.9692,-0.6718,-0.0076,-0.6336,0,0,0
-0.2722,-0.1003,0.9812,-0.9466,-0.1069,-0.4504,0,0,0
-0.2778,-0.0989,0.9707,-0.5267,-0.0916,-0.5649,0,0,0
-0.2832,-0.0898,0.9629,-0.8321,-0.8779,-0.9542,0,0,0
-0.2761,-0.0894,0.9814,-1.8702,-0.855,-1.4656,0,0,0
-0.2732,-0.0974,0.9795,-2.8244,-0.9389,-2.5191,0,0,0
-0.2847,-0.1062,0.9792,-2.8015,-1.6031,-2.4427,0,0,0
-0.2834,-0.1123,0.9673,-2.3053,-2.6031,-1.855,0,0,0
-0.2793,-0.1208,0.9741,-2.9466,-3.2366,-0.3664,0,0,0
-0.2666,-0.1125,0.99,-3.542,-2.7328,0.7786,0,0,0
-0.2644,-0.106,0.99,-3.9313,-1.229,0.8015,0,0,0
-0.2788,-0.1055,0.9856,-3.8015,-0.9008,-0.0076,0,0,0
-0.2839,-0.1135,0.9832,-2.8855,-0.7176,-0.771,0,0,0
-0.2832,-0.1182,0.9714,-0.8702,-1.2366,-0.4046,0,0,0
-0.2808,-0.1055,0.9683,0.4046,-1.6565,0.0611,0,0,0
-0.2869,-0.0972,0.958,-0.5191,-2.3206,-0.2137,0,0,0
-0.2939,-0.1038,0.9565,-1.9847,-3.6489,-0.1679,0,0,0
-0.2805,-0.0962,0.9673,-3.5802,-4.855,0.313,0,0,0
-0.2773,-0.1062,0.9778,-3.4885,-4.458,0.4046,0,0,0
-0.2781,-0.0989,0.9868,-2.5038,-3.7023,-0.3664,0,0,0
-0.2825,-0.103,0.9846,-1.0916,-2.9924,-1.7634,0,0,0
-0.2849,-0.104,0.9773,0.1679,-3.2137,-2.0916,0,0,0
-0.2839,-0.1086,0.9768,-0.4122,-3.1527,-2.1985,0,0,0
-0.2888,-0.1165,0.98,-1.2443,-3.7786,-1.1908,0,0,0
-0.2852,-0.1179,0.9822,-1.8779,-4.229,-0.4962,0,0,0
-0.2822,-0.1082,0.99,-2.1298,-4.1145,-0.6412,0,0,0
-0.2869,-0.1106,0.9895,-2.2672,-4.5496,-1.4198,0,0,0
-0.2786,-0.1172,0.9822,-0.9466,-5.084,-1.1908,0,0,0
-0.2795,-0.1155,0.9805,1.2214,-5.0763,-0.9008,0,0,0
-0.2874,-0.1196,0.9783,3.4656,-5.3817,-0.8015,0,0,0
-0.2913,-0.1069,0.9736,5.2519,-6.1908,-0.8321,0,0,0
-0.2949,-0.1023,0.9773,5.687,-7.4198,-0.916,0,0,0
-0.2891,-0.0942,0.97,5.9084,-9.2748,-2.0687,0,0,0
-0.2871,-0.0835,0.9702,5.7405,-11.145,-2.6412,0,0,0
-0.2778,-0.0823,0.9778,4.6947,-12.6107,-2.9008,0,0,0
-0.2578,-0.0833,1.0051,2.626,-11.7557,-2.626,0,0,0
-0.2463,-0.0833,1.0261,0.5496,-8.4275,-1.9771,0,0,0
-0.2441,-0.0823,1.0269,-0.3588,-4.5954,-2.3053,0,0,0
-0.2642,-0.0847,1.0151,-0.2901,-2.5878,-3.4198,0,0,0
-0.2739,-0.0872,0.9905,0.374,-2.626,-4.6412,0,0,0
-0.2627,-0.0886,0.9944,0.5344,-3.9847,-4.2214,0,0,0
-0.259,-0.0867,0.9973,0.145,-3.9771,-3.6412,0,0,0
-0.2441,-0.0977,1.0005,-0.7405,-3.2443,-2.3435,0,0,0
-0.2393,-0.092,1.0073,-0.8779,-1.6336,-2.1374,0,0,0
-0.2451,-0.0947,1.0022,-1.7481,-0.1679,-2.4351,0,0,0
-0.2549,-0.0999,0.9988,-1.8015,0.1374,-2.9466,0,0,0
-0.2571,-0.1179,1.0002,-1.5725,-0.458,-1.3893,0,0,0
-0.2483,-0.1077,0.9976,-0.7252,0.2366,0.0611,0,0,0
-0.2595,-0.094,0.9973,0.0305,0.458,-0.2519,0,0,0
-0.261,-0.0823,0.9819,-0.2137,0.5191,-0.7252,0,0,0
-0.2583,-0.1089,0.9907,-0.3893,0.2366,-0.6565,0,0,0
-0.2549,-0.1094,0.9832,1.5191,0.1374,-0.3435,0,0,0
-0.2578,-0.1055,0.9841,1.3817,0.0611,0.3588,0,0,0
-0.2527,-0.094,0.9839,0.2672,-0.3435,1.4885,0,0,0
-0.2515,-0.0801,0.9946,-2.0229,-0.0763,1.916,0,0,0
-0.2542,-0.0662,0.991,-4.5725,-0.1145,1.1221,0,0,0
-0.2605,-0.0803,0.9873,-6.4656,-0.1679,-0.2824,0,0,0
-0.2639,-0.0994,0.9971,-5.7099,-0.3053,-1.0611,0,0,0
-0.2612,-0.1187,0.9963,-3.8397,0.0305,-1.3664,0,0,0
-0.2656,-0.1174,1.0002,-0.9771,-0.3359,-0.5038,0,0,0
-0.2493,-0.1123,1.0112,-0.1298,0.916,1.1603,0,0,0
-0.2493,-0.0999,1.0034,-0.3969,2.1374,2.1756,0,0,0
-0.2563,-0.0857,0.9983,-2.1527,3.3817,1.4809,0,0,0
-0.2656,-0.0769,0.9956,-3.916,3.3053,0.6412,0,0,0
-0.2737,-0.0796,0.9912,-4.9695,2.2443,-0.1221,0,0,0
-0.2703,-0.0947,1.0076,-5.7786,1.9618,0.0305,0,0,0
-0.2625,-0.1145,0.9971,-2.4046,3.0,0.5038,0,0,0
-0.2712,-0.1028,0.9836,-0.0687,2.8397,0.6031,0,0,0
-0.2776,-0.103,0.98,0.9847,2.313,-0.0763,0,0,0
-0.2688,-0.0938,0.9949,0.6412,1.8779,0.2519,0,0,0
-0.2598,-0.0974,0.9861,0.9466,1.9847,-0.1069,0,0,0
-0.2517,-0.084,0.97,0.6336,1.7023,-0.1603,0,0,0
-0.2522,-0.0796,0.9717,-0.3435,2.2366,-1.2824,0,0,0
-0.2612,-0.0869,0.9646,-1.7634,1.7481,-2.4275,0,0,0
-0.2695,-0.0957,0.9695,-1.8168,0.7405,-2.5115,0,0,0
-0.2654,-0.1072,0.9751,-1.855,0.0458,-1.4198,0,0,0
-0.2654,-0.1084,0.9717,-0.3664,-0.4427,-0.084,1,0,0
-0.2607,-0.0913,0.9814,0.5573,-0.9389,0.4122,1,0,0
-0.2588,-0.0769,0.9858,0.4198,-0.9008,-0.0382,1,0,0
-0.2644,-0.0842,0.981,-0.5115,-0.6718,-0.7481,1,0,0
-0.2642,-0.0828,0.9849,-2.1145,-0.8015,-1.0229,1,0,0
-0.2683,-0.0923,0.9805,-2.4427,-0.6412,-1.4198,1,0,0
-0.2625,-0.1011,0.9878,-2.3206,-0.9618,-1.1221,1,0,0
-0.2649,-0.1028,0.9873,-1.3435,-0.4351,-0.687,1,0,0
-0.2668,-0.0967,0.989,0.6565,-0.1679,-0.8779,1,0,0
-0.2637,-0.095,0.9744,1.5267,-0.4046,-0.6947,1,0,0
-0.2615,-0.0867,0.9836,0.626,-0.7405,-0.3511,1,0,0
-0.2651,-0.0791,0.9871,-1.2672,-0.7176,-0.5267,1,0,0
-0.2661,-0.0793,0.9839,-3.5573,-1.2824,-0.0229,1,0,0
-0.2625,-0.0881,0.9915,-5.6107,-1.9313,0.0153,1,0,0
-0.2632,-0.106,0.988,-5.0534,-1.7023,-0.4504,1,0,0
-0.2615,-0.1042,0.9802,-4.2061,-1.9695,-0.3206,1,0,0
-0.2683,-0.104,0.9773,-3.2366,-2.0382,-0.3511,1,0,0
-0.2595,-0.1021,0.97,-3.1679,-3.0382,-0.5267,1,0,0
-0.2678,-0.0945,0.9495,-3.2519,-3.5496,-0.5496,1,0,0
-0.2744,-0.0938,0.9485,-3.7328,-5.2672,-1.3206,1,0,0
-0.271,-0.1023,0.9463,-4.2672,-7.3588,-1.4046,1,0,0
-0.2732,-0.1018,0.9419,-3.1145,-9.7786,-2.229,1,0,0
-0.2725,-0.1084,0.9387,-1.9084,-12.9542,-2.2443,1,0,0
-0.2793,-0.0984,0.9385,-1.3969,-16.6489,-2.374,1,0,0
-0.2756,-0.0964,0.9402,-1.7023,-20.6489,-1.9847,1,0,0
-0.2715,-0.1008,0.9424,-2.6718,-24.3817,-1.0076,1,0,0
-0.2625,-0.1028,0.9612,-2.4427,-27.8015,-0.8397,1,0,0
-0.248,-0.0857,0.9734,-2.9008,-29.9389,0.0076,1,0,0
-0.2417,-0.0803,1.0002,-3.3282,-31.2901,0.5954,1,0,0
-0.4272,-0.0527,0.9031,-10.9847,-36.3435,4.6565,1,0,0
-0.0652,-0.0437,1.0525,-11.9618,-41.8168,2.145,1,0,0
-0.2363,-0.1069,1.0427,-12.5725,-36.0916,1.1527,1,0,0
-0.1597,-0.1042,1.0791,-10.0153,-27.3511,-0.2061,1,0,0
-0.1931,-0.093,1.0735,-9.4504,-23.1374,-2.2366,1,0,0
-0.1929,-0.0784,1.0664,-7.2824,-19.3359,-5.374,1,0,0
-0.2131,-0.1023,1.0479,-6.4809,-18.4733,-5.916,1,0,0
-0.1682,-0.0972,1.0454,-5.1145,-15.5954,-6.1985,1,0,0
-0.2151,-0.1191,1.011,-3.5038,-16.0382,-6.0763,1,0,0
-0.2024,-0.1101,1.0012,-3.687,-17.2443,-5.5496,1,0,0
-0.1892,-0.1023,1.0032,-4.084,-18.2214,-5.1298,1,0,0
-0.1833,-0.1548,0.9985,-4.6412,-21.9695,-2.1527,1,0,0
-0.1748,-0.1506,0.9995,-2.855,-21.9618,-0.0992,1,0,0
-0.1201,-0.1584,1.0225,-1.3893,-20.9237,2.7252,1,0,0
-0.1499,-0.1187,1.0425,-0.2901,-16.9466,2.4046,1,0,0
-0.1375,-0.1167,1.0432,0.7252,-12.1069,0.7481,1,0,0
-0.1533,-0.1091,1.0205,2.1985,-10.5038,-0.3588,1,0,0
-0.1738,-0.1069,0.9995,3.0916,-11.2977,-0.5649,1,0,0
-0.1748,-0.104,0.9949,3.313,-13.1374,-0.9466,1,0,0
-0.1433,-0.1021,1.0063,1.6107,-13.2137,-0.6947,1,0,0
-0.165,-0.1028,1.0051,0.7634,-12.626,-0.7023,1,0,0
-0.1165,-0.1069,1.0242,0.0763,-11.1832,-0.855,1,0,0
-0.127,-0.1204,1.0181,0.8931,-9.4275,-0.2977,1,0,0
-0.1392,-0.104,1.0361,0.7481,-7.3206,-0.3053,1,0,0
-0.1233,-0.0967,1.0315,1.1298,-5.1145,-1.3206,1,0,0
-0.1343,-0.0811,1.0281,0.2977,-3.8779,-1.0382,1,0,0
-0.1399,-0.0891,1.0249,-0.4427,-3.0076,-1.2519,1,0,0
-0.1335,-0.0891,1.022,-0.7252,-1.9237,-1.8626,1,0,0
-0.1448,-0.0911,1.009,-0.9771,-0.9542,-3.2366,1,0,0
-0.1423,-0.1006,0.9951,-1.542,-1.8244,-3.0992,1,0,0
-0.146,-0.1052,0.9934,-2.1374,-2.9771,-2.2595,1,0,0
-0.1465,-0.1077,0.9983,-2.4275,-4.1908,-0.8397,1,0,0
-0.1401,-0.0979,1.0142,-2.313,-4.313,-0.7786,1,0,0
-0.1389,-0.0999,1.0237,-0.9847,-3.6412,-1.8321,1,0,0
-0.1409,-0.1016,1.0256,-0.374,-3.084,-2.0916,1,0,0
-0.1399,-0.1042,1.0144,0.2748,-2.458,-2.2748,1,0,0
-0.137,-0.1089,1.0107,0.9542,-2.4733,-2.4885,1,0,0
-0.1333,-0.1038,1.0122,0.084,-2.0076,-1.4809,1,0,0
-0.1328,-0.1003,1.0234,-0.916,-1.1603,-0.2366,1,0,0
-0.1331,-0.0986,1.0259,-2.3359,0.1298,0.2214,1,0,0
-0.1323,-0.0928,1.0115,-3.1374,0.3435,-0.458,1,0,0
-0.1479,-0.0869,1.0125,-3.7328,0.0611,-1.6031,1,0,0
-0.1545,-0.0903,1.0115,-4.1756,-0.916,-1.8244,1,0,0
-0.1509,-0.0981,1.0056,-3.9084,-1.9237,-2.5267,1,0,0
-0.1514,-0.1057,1.0125,-2.4198,-2.5115,-2.2977,1,0,0
-0.147,-0.1101,1.021,-1.1527,-2.5802,-1.7023,1,0,0
-0.1399,-0.1023,1.0166,-0.4275,-2.1527,-1.1603,1,0,0
-0.1335,-0.092,1.0378,-1.4122,-1.7939,-0.5649,1,0,0
-0.1267,-0.0896,1.0359,-2.687,-0.4122,-0.7481,1,0,0
-0.135,-0.0852,1.0291,-4.6336,1.1679,-1.2595,1,0,0
-0.1448,-0.0864,1.0247,-6.2824,0.9695,-2.313,1,0,0
-0.1558,-0.0986,1.0217,-6.9771,0.7252,-2.9389,1,0,0
-0.1472,-0.1116,1.012,-5.9008,-0.313,-3.0992,1,0,0
-0.1411,-0.1201,1.0161,-4.5954,-0.5496,-2.3817,1,0,0
-0.137,-0.1118,1.019,-2.6412,-0.7557,-1.8702,1,0,0
-0.124,-0.103,1.0225,-3.2061,0.0076,-1.4809,1,0,0
-0.1321,-0.1072,1.0286,-5.1145,1.1756,-1.2214,1,0,0
-0.1338,-0.1001,1.0283,-5.1221,2.145,-2.1298,1,0,0
-0.1299,-0.125,1.0193,-4.7099,3.1069,-2.0305,1,0,0
-0.1387,-0.1028,1.022,-4.4351,4.4275,-2.771,1,0,0
-0.1414,-0.0828,1.0325,-5.4122,6.0382,-4.4122,1,0,0
-0.1499,-0.1003,1.0259,-6.6183,7.1374,-6.1527,1,0,0
-0.1453,-0.1106,1.0212,-5.9237,8.7176,-7.542,1,0,0
-0.1472,-0.1157,1.0134,-5.0916,9.6489,-8.7634,1,0,0
-0.1521,-0.1316,1.0227,-3.3359,9.5115,-8.6794,1,0,0
-0.1541,-0.1396,1.0076,-0.2214,9.3969,-6.4733,1,0,0
-0.1538,-0.1443,1.0071,3.0534,8.2824,-4.916,1,0,0
-0.1479,-0.1301,1.0125,5.7634,8.7557,-4.2443,0,0,0
-0.0281,-0.1365,1.0708,9.4046,14.6718,-6.1145,0,0,0
-0.0847,-0.0952,1.0266,10.5725,13.6718,-4.8931,0,0,0
-0.1858,-0.0972,1.0293,8.9237,16.6794,-4.8168,0,0,0
-0.1575,-0.0957,1.0457,7.4046,17.2519,-4.3511,0,0,0
-0.1826,-0.1104,1.0374,6.6947,19.9618,-4.3664,0,0,0
-0.1799,-0.1277,1.0293,8.4351,18.4351,-3.0,0,0,0
-0.1616,-0.1316,1.0422,12.0076,18.9924,-1.3359,0,0,0
-0.1697,-0.1104,1.0476,15.0382,23.1603,-1.5344,0,0,0
-0.1663,-0.0889,1.0566,17.2748,26.2061,-2.3359,0,0,0
-0.1917,-0.0601,1.0454,18.5496,28.1679,-3.771,0,0,0
-0.1929,-0.0466,1.0078,16.8168,29.7557,-6.6183,0,0,0
-0.2295,-0.0439,1.009,11.7939,27.7252,-5.8931,0,0,0
-0.1968,-0.041,0.9973,6.3511,26.8779,-6.4962,0,0,0
-0.2642,-0.0642,0.9609,2.7557,22.3511,-7.3206,0,0,0
-0.2368,-0.0811,0.9753,2.458,17.7863,-6.5878,0,0,0
-0.2432,-0.0823,0.9644,2.2366,13.9313,-5.0992,0,0,0
-0.2344,-0.0938,0.9692,0.9847,10.3282,-3.2901,0,0,0
-0.228,-0.0845,0.978,-1.0916,8.8702,-2.7328,0,0,0
-0.2349,-0.085,0.9802,-3.9847,7.3588,-1.0076,0,0,0
-0.2249,-0.0876,0.9827,-3.458,5.771,-0.9695,0,0,0
-0.2178,-0.0981,0.9829,-1.6183,5.4809,-0.3969,0,0,0
-0.2175,-0.0823,0.9822,-0.3893,4.8397,0.3359,0,0,0
-0.2273,-0.0728,0.9836,-0.7634,4.374,0.7099,0,0,0
-0.2275,-0.0769,0.988,-1.3053,2.9542,1.3359,0,0,0
-0.2126,-0.084,0.9988,-1.1298,2.8931,0.7481,0,0,0
-0.2075,-0.0706,1.0054,-1.8015,4.3893,-0.2977,0,0,0
-0.2129,-0.0764,1.0056,-2.5496,5.9084,-1.7939,0,0,0
-0.2129,-0.0942,1.0125,-3.2672,6.7176,-0.9542,0,0,0
-0.2253,-0.1028,1.0061,-1.916,7.374,1.1527,0,0,0
-0.217,-0.1006,1.0017,-0.1221,7.7481,2.3206,0,0,0
-0.2104,-0.0745,1.0076,-0.1221,9.7786,1.3664,0,0,0
-0.231,-0.063,1.0037,-1.9008,10.458,0.4656,0,0,0
-0.2451,-0.0798,1.0042,-4.145,10.0763,0.5802,0,0,0
-0.249,-0.0952,0.9915,-3.1603,9.0916,1.5573,0,0,0
-0.23,-0.0896,1.0142,-1.3817,9.8779,2.3969,0,0,0
-0.2305,-0.0825,1.0,-0.1374,11.6794,1.9618,0,0,0
-0.2551,-0.0579,1.0022,0.0229,12.2366,0.855,0,0,0
-0.2576,-0.0671,0.9963,0.0305,11.7481,0.3359,0,0,0
-0.2693,-0.073,0.998,-0.5191,11.0916,0.1298,0,0,0
-0.27,-0.0842,0.9756,-0.687,9.7863,0.5344,0,0,0
-0.2876,-0.0903,0.9687,-0.0916,8.0305,0.2824,0,0,0
-0.2686,-0.0737,0.9753,1.5573,5.3817,0.8397,0,0,0
-0.2566,-0.0642,0.9905,0.7405,5.2672,1.0458,0,0,0
-0.259,-0.0696,0.9939,0.9924,5.3053,-0.0076,0,0,0
-0.2605,-0.0786,0.9961,1.4198,5.4046,0.6107,0,0,0
-0.248,-0.0767,0.9973,2.6718,6.3206,0.855,0,0,0
-0.2532,-0.0737,0.9971,4.2443,7.6412,0.1603,0,0,0
-0.2642,-0.0669,0.9944,5.0229,7.6336,-0.1298,0,0,0
-0.2739,-0.064,0.9766,4.5191,6.2748,-0.2443,0,0,0
-0.2896,-0.0674,0.9626,3.2214,4.5191,0.1145,0,0,0
-0.2861,-0.0664,0.9761,1.8473,2.5725,0.3435,0,0,0
-0.2634,-0.0566,0.9895,0.084,2.9771,0.8244,0,0,0
-0.2651,-0.0518,0.9915,-1.2595,3.3206,0.0076,0,0,0
-0.2695,-0.0613,0.9858,-1.9847,3.3282,-1.1985,0,0,0
-0.2771,-0.0793,0.9841,-0.6412,2.458,-1.4962,0,0,0
-0.2729,-0.0754,0.9717,1.2672,1.2672,-1.0382,0,0,0
-0.2639,-0.0684,0.989,0.8168,0.6718,0.0916,0,0,0
-0.2622,-0.064,0.9722,-0.2977,1.1679,0.1298,0,0,0
-0.2666,-0.0557,0.9746,-1.8244,0.916,-0.5115,0,0,0
-0.2598,-0.0461,0.9812,-4.6794,1.1756,-1.6718,0,0,0
-0.2654,-0.071,0.9797,-5.2748,0.0687,-1.8779,0,0,0
-0.2639,-0.0913,0.9797,-3.9008,-1.1603,-1.4198,0,0,0
-0.2598,-0.0808,0.9841,-1.8626,-1.542,-0.6718,0,0,0
-0.26,-0.0713,0.9751,-0.9695,-1.4275,-0.8779,0,0,0
-0.2583,-0.063,0.9729,-2.0763,-1.4656,-1.0687,0,0,0
-0.2629,-0.0637,0.9683,-2.5267,-1.6641,-1.0,0,0,0
-0.2598,-0.0615,0.98,-3.8626,-1.7634,-1.0763,0,0,0
-0.2605,-0.0745,0.9819,-3.2519,-2.0305,-1.0076,0,0,0
-0.261,-0.0723,0.9897,-2.2137,-1.9542,-0.4275,0,0,0
-0.2529,-0.0674,0.9924,-2.1374,-1.7328,-0.2443,0,0,0
-0.26,-0.0652,0.9829,-2.1756,-1.4122,-0.6947,0,0,0
-0.2686,-0.0627,0.9714,-2.542,-1.5878,-1.0763,0,0,0
-0.272,-0.0693,0.9749,-3.2519,-2.7481,-0.855,0,0,0
-0.2688,-0.074,0.9746,-3.626,-3.6489,-0.5725,0,0,0
-0.27,-0.0789,0.9851,-2.0229,-3.4885,-0.3893,0,0,0
-0.2534,-0.0784,0.981,-0.2214,-2.8397,0.3511,0,0,0
-0.2673,-0.0618,0.9917,-0.9237,-2.7252,0.0153,0,0,0
-0.2693,-0.0798,0.9941,-1.4275,-2.8168,0.6412,0,0,0
-0.2722,-0.0767,0.999,-1.5038,-2.8015,1.7786,0,0,0
-0.2637,-0.0759,0.9915,-1.7405,-2.0458,2.9466,0,0,0
-0.2573,-0.0674,1.0193,-2.7557,-0.4198,2.4275,0,0,0
-0.2549,-0.0596,1.0325,-3.8855,1.5115,1.8321,0,0,0
-0.2676,-0.0842,1.0095,-5.3588,2.458,1.458,0,0,0
-0.2881,-0.0959,0.9985,-4.7328,1.7023,3.3359,0,0,0
-0.2861,-0.1028,0.9915,-4.3588,1.3053,5.0687,0,0,0
-0.2859,-0.1099,0.9822,-2.6183,0.229,6.771,0,0,0
-0.269,-0.0879,0.9795,-2.3817,-0.4122,7.7023,0,0,0
-0.2866,-0.0876,0.9824,-2.3817,-1.1527,7.3511,0,0,0
-0.2729,-0.0935,0.9885,-3.9771,-1.1985,8.1221,0,0,0
-0.2627,-0.085,1.0085,-7.1985,0.2824,9.9542,0,0,0
-0.2576,-0.0906,1.0134,-11.7481,2.3053,11.771,0,0,0
-0.2671,-0.0615,1.0063,-16.7634,1.6107,15.0611,0,0,0
-0.2747,-0.0962,1.0083,-20.4351,-0.5344,18.4504,0,0,0
-0.2905,-0.1484,0.9893,-18.0687,-2.1298,21.1221,0,0,0
-0.2891,-0.1157,0.9785,-14.1603,-2.8397,20.084,0,0,0
-0.27,-0.0725,0.9746,-14.0076,-4.6565,17.8626,0,0,0
-0.2607,-0.0745,0.9841,-14.3664,-4.2519,16.8092,0,0,0
-0.2319,-0.0583,1.0012,-16.2137,-2.542,14.2977,0,0,0
-0.2629,-0.0596,1.0002,-19.8626,-0.7481,13.0611,0,0,0
-0.269,-0.0259,0.999,-24.0687,1.0229,11.6947,0,0,0
-0.2734,-0.0752,0.9895,-26.5725,1.1221,11.0458,0,0,0
-0.2693,-0.0549,0.9766,-27.9237,-0.1374,11.1527,0,0,0
-0.2849,-0.0728,0.9512,-27.5573,-0.8168,9.0534,0,0,0
-0.2695,-0.0581,0.9553,-27.145,-2.7099,6.9313,0,0,0
-0.2739,-0.0791,0.9478,-28.7863,-4.5496,5.458,0,0,0
-0.2717,-0.082,0.9465,-32.0992,-7.0382,5.9389,0,0,0
-0.261,-0.0691,0.9573,-35.5954,-8.0992,4.2672,0,0,0
-0.24,-0.0813,0.967,-40.3969,-8.8168,2.1374,0,0,0
-0.2607,-0.0862,0.9651,-45.5038,-9.6336,0.0458,0,0,0
-0.2651,-0.1133,0.9692,-49.7939,-10.2366,-1.8473,0,0,0
-0.2607,-0.1934,0.969,-48.7023,-11.6107,1.0992,0,0,0
-0.2637,-0.2153,0.9587,-41.7939,-13.2672,4.2901,0,0,0
-0.2561,-0.2319,0.958,-31.9466,-14.8092,5.3588,0,0,0
-0.1184,-0.2412,1.0347,-25.1527,-20.1374,9.0,0,0,0
-0.1726,-0.1729,1.0112,-22.3359,-13.9084,7.084,0,0,0
-0.2319,-0.1777,0.9971,-20.313,-11.4962,6.4885,0,0,0
-0.2175,-0.158,0.9988,-19.9847,-8.8092,6.0992,0,0,0
-0.229,-0.1301,0.9968,-23.6183,-6.7557,4.6107,0,0,0
-0.25,-0.1538,0.9885,-27.0611,-7.0,3.4427,0,0,0
-0.248,-0.188,0.9929,-27.2061,-7.7099,2.5115,0,0,0
-0.238,-0.2129,0.9888,-24.7252,-7.6794,2.313,0,0,0
-0.2222,-0.2061,0.9937,-21.0763,-6.916,2.2672,0,0,0
-0.2295,-0.1982,0.9885,-20.4198,-5.4275,1.4962,0,0,0
-0.2344,-0.1821,0.9888,-20.3359,-5.0153,1.4733,0,0,0
-0.2417,-0.199,0.9768,-21.2977,-4.1985,0.9389,0,0,0
-0.2483,-0.1973,0.9697,-22.8015,-5.4809,1.6718,0,0,0
-0.2607,-0.2097,0.9517,-24.4351,-7.1832,2.1603,0,0,0
-0.2502,-0.2078,0.95,-26.5114,-9.4275,2.5573,0,0,0
-0.2429,-0.24,0.9629,-26.0458,-11.0992,1.1374,0,0,0
-0.2341,-0.3008,0.9824,-18.6565,-11.4122,3.7481,0,0,0
-0.2117,-0.2883,1.0039,-11.1679,-8.771,5.1603,0,0,0
-0.2227,-0.2715,0.9822,-6.5038,-6.8626,7.1756,0,0,0
-0.2258,-0.2444,0.979,-5.1832,-6.4656,7.9847,0,0,0
-0.2346,-0.231,0.9792,-5.4275,-6.0687,7.2901,0,0,0
-0.24,-0.2139,0.9792,-7.9695,-6.8244,6.1679,0,0,0
-0.2466,-0.209,0.9692,-11.6641,-7.4504,5.9924,0,0,0
-0.2432,-0.2168,0.9849,-13.6031,-8.8168,4.542,0,0,0
-0.2305,-0.2139,0.9983,-15.2061,-8.5954,2.9847,0,0,0
-0.2292,-0.2434,0.9834,-14.5496,-8.7405,2.1145,0,0,0
-0.2148,-0.2703,0.9946,-10.6794,-7.5802,4.3893,0,0,0
-0.218,-0.2588,0.9866,-7.542,-5.7481,5.4427,0,0,0
-0.2219,-0.2363,0.9753,-5.7405,-5.4198,5.8626,0,0,0
-0.2283,-0.2253,0.9712,-7.5191,-5.3511,5.6183,0,0,0
-0.2402,-0.2327,0.9739,-9.145,-6.6718,5.6718,0,0,0
-0.2302,-0.2334,0.968,-8.6947,-6.9008,5.0611,0,0,0
-0.2246,-0.2251,0.9778,-7.0382,-6.4275,3.6718,0,0,0
-0.2156,-0.2419,0.9885,-5.0992,-5.3053,2.4809,0,0,0
-0.2017,-0.2537,0.9944,-0.6565,-2.9695,1.9771,0,0,0
-0.2007,-0.241,0.9915,2.2137,-0.1679,0.7099,0,0,0
-0.207,-0.2312,0.9954,3.2824,1.3053,0.9084,0,0,0
-0.2229,-0.2288,0.9727,3.4275,1.2366,0.6565,0,0,0
-0.2173,-0.2234,0.9756,2.3817,0.3588,0.5267,0,0,0
-0.2141,-0.2258,0.9697,1.3206,0.2595,0.2595,0,0,0
-0.2144,-0.2302,0.9683,0.0611,0.0534,-0.1756,0,0,0
-0.2119,-0.2476,0.97,-0.3282,-0.1756,0.7328,0,0,0
-0.2117,-0.2424,0.9814,1.1756,0.1603,1.0076,0,0,0
-0.2139,-0.2405,0.9729,1.9466,0.5496,1.0916,0,0,0
-0.2141,-0.2319,0.9746,1.2061,0.5573,0.7939,0,0,0
-0.2109,-0.2463,0.9871,0.8473,-0.1069,1.8855,0,0,0
-0.2092,-0.2505,0.9858,1.8626,0.8092,2.4351,0,0,0
-0.2217,-0.249,0.989,4.3435,1.7939,1.5038,0,0,0
-0.217,-0.2419,0.9895,6.7863,2.1908,1.7405,0,0,0
-0.2263,-0.2446,0.9746,8.4427,2.4046,1.8397,0,0,0
-0.2297,-0.2375,0.9751,9.8092,1.9542,1.1603,0,0,0
-0.2251,-0.2322,0.9727,10.7405,1.542,0.8015,0,0,0
-0.2156,-0.2324,0.988,11.2519,2.084,0.5954,0,0,0
-0.2185,-0.2334,0.9858,10.5344,2.8092,0.374,0,0,0
-0.2229,-0.2544,0.9751,11.5038,2.5267,1.8626,0,0,0
-0.2205,-0.2637,0.978,15.1221,2.3435,4.6031,0,0,0
-0.2244,-0.2861,0.9712,20.4275,1.458,7.0992,0,0,0
-0.228,-0.3008,0.9844,27.8168,1.313,9.626,0,0,0
-0.2222,-0.2966,0.9885,36.5649,1.7786,13.855,0,0,0
-0.2175,-0.3062,1.0046,45.6107,2.7939,18.458,0,0,0
-0.2146,-0.2759,0.9753,53.3969,3.4656,24.0687,0,0,0
-0.2026,-0.2122,0.9976,53.084,5.6489,27.7634,0,0,0
-0.2095,-0.1624,0.9958,51.5802,7.8779,27.1069,0,0,0
-0.2166,-0.1636,0.9998,50.4504,9.5954,24.8931,0,0,0
-0.1604,-0.1609,1.0376,53.5649,13.0534,21.8321,0,0,0
-0.2126,-0.1077,1.0229,56.7481,17.5954,17.2519,0,0,0
-0.2383,-0.0396,1.0195,54.7557,21.9924,10.2443,0,0,0
-0.2183,0.0159,1.0298,51.229,25.542,1.4733,0,0,0
-0.2478,0.0513,1.0151,44.374,29.8321,-8.458,0,0,0
-0.2581,0.0835,1.011,34.3359,30.7863,-17.1374,0,0,0
-0.2795,0.0681,0.989,23.2366,32.3664,-25.2519,0,0,0
-0.2881,0.0566,0.9792,18.1221,31.0382,-34.8092,0,0,0
-0.2466,0.0396,1.0007,21.3206,32.1603,-45.6412,0,0,0
-0.2822,0.0054,0.9744,30.8092,32.4962,-57.9542,0,0,0
-0.3604,0.0171,0.9224,41.4504,31.3435,-68.8931,0,0,0
-0.3257,0.0217,0.9102,53.5878,26.0534,-75.9389,0,0,0
-0.3447,-0.0879,0.8865,66.7863,20.3359,-78.4198,0,0,0
-0.365,-0.0874,0.8865,82.0763,13.9695,-77.1069,0,0,0
-0.3389,0.0266,0.8794,89.4198,7.5725,-75.2443,0,0,0
-0.3359,0.0405,0.8862,83.4886,-0.0382,-74.9313,0,0,0
-0.3071,0.0803,0.9419,72.5573,-6.0458,-75.6031,0,0,0
-0.3259,0.0212,0.9458,65.5496,-8.5878,-78.1527,0,0,0
-0.2854,0.0186,0.957,62.7252,-10.9237,-81.2214,0,0,0
-0.3469,-0.0171,0.9321,61.8168,-15.374,-78.3893,0,0,0
-0.3286,-0.0464,0.9402,66.8397,-23.3359,-77.2977,0,0,0
-0.3137,-0.0757,0.9404,81.0534,-30.1832,-77.2519,0,0,0
-0.2878,-0.0215,0.9392,95.4198,-35.5344,-77.1603,0,0,0
-0.3044,-0.0002,0.9526,102.0305,-40.9771,-76.0992,0,0,0
-0.2468,0.0947,0.9707,100.6489,-43.9847,-72.8473,0,0,0
-0.231,0.1406,1.0103,83.3664,-43.2672,-66.1069,0,0,0
-0.2405,0.1157,1.0349,68.6489,-42.8626,-61.1374,0,0,0
-0.2034,0.1094,1.062,59.2061,-40.3435,-59.4733,0,0,0
-0.2236,0.0964,1.0168,56.2748,-40.4733,-57.0992,0,0,0
-0.2261,0.0952,1.0208,53.7023,-41.8931,-54.2672,0,0,0
-0.2981,0.1436,0.9612,53.0534,-48.374,-49.6183,0,0,0
-0.2153,0.1584,0.9636,48.6183,-57.229,-45.5038,0,0,0
-0.0632,0.1301,1.0056,36.8397,-56.3664,-43.6565,0,0,0
-0.0859,0.1077,1.0933,35.3664,-51.1298,-37.1374,0,0,0
-0.0767,0.1538,1.1045,21.6794,-34.0229,-36.2595,0,0,0
-0.1602,0.1646,1.082,12.8626,-27.084,-34.2214,0,0,0
-0.1287,0.156,1.0828,9.6412,-19.6641,-32.5115,0,0,0
-0.1243,0.1108,1.0654,6.8702,-13.2824,-27.9695,0,0,0
-0.1384,0.135,1.0718,-0.7557,-8.3359,-18.5878,0,0,0
-0.1409,0.0867,1.054,-7.8855,-3.0763,-9.9924,0,0,0
-0.1675,0.0798,1.0425,-9.6489,-1.0229,-3.9847,0,0,0
-0.1729,0.0959,1.0242,-7.1298,-1.1908,-1.4275,0,0,0
-0.1648,0.1184,1.0271,-5.1985,-0.9389,-1.9924,0,0,0
-0.158,0.1448,1.043,-4.6565,-0.2977,-4.9924,0,0,0
-0.1436,0.1423,1.0408,-3.6336,2.5649,-8.5878,0,0,0
-0.1465,0.1309,1.0396,-4.084,6.8855,-11.3893,0,0,0
-0.1655,0.0913,1.0288,-3.2901,10.0,-11.5267,0,0,0
-0.1816,0.0833,1.0107,3.9618,10.4046,-13.4351,0,0,0
-0.1899,0.1221,1.0002,8.8244,9.7939,-15.7328,0,0,0
-0.1992,0.1167,0.9824,11.0611,7.771,-16.7863,0,0,0
-0.2029,0.1406,0.9851,11.0076,5.0229,-17.3588,0,0,0
-0.1934,0.1213,0.9766,12.2519,3.5115,-20.7099,0,0,0
-0.1995,0.1497,0.9751,12.5573,1.6183,-23.7099,0,0,0
-0.2227,0.1479,0.938,12.7405,-3.1603,-28.4733,0,0,0
-0.2485,0.1497,0.9326,12.1603,-9.3206,-31.374,0,0,0
-0.252,0.145,0.9453,13.7328,-15.6641,-32.626,0,0,0
-0.2266,0.1394,0.9609,15.3664,-20.2061,-33.6183,0,0,0
-0.2104,0.1523,0.98,14.3969,-22.2824,-33.6565,0,0,0
-0.2065,0.1414,0.9858,10.6947,-23.0229,-30.3893,0,0,0
-0.1824,0.1282,1.0068,4.9389,-22.2595,-24.9695,0,0,0
-0.1726,0.1211,1.031,-0.084,-20.1832,-18.0229,0,0,0
-0.1672,0.1321,1.0459,-4.5267,-17.2824,-11.0076,0,0,0
-0.1514,0.1265,1.0371,-8.8321,-13.3664,-5.8931,0,0,0
-0.1565,0.1333,1.0393,-13.9237,-9.7634,-0.5496,0,0,0
-0.1582,0.1111,1.0278,-19.5725,-6.3359,6.6718,0,0,0
-0.1606,0.0952,1.0354,-22.0153,-3.5954,14.4809,0,0,0
-0.1348,0.1035,1.0408,-21.2901,-0.2137,19.8855,0,0,0
-0.127,0.0952,1.0383,-19.6641,5.7099,24.6336,0,0,0
-0.1472,0.0969,1.0186,-18.5114,9.3588,28.8168,0,0,0
-0.1648,0.0798,0.991,-18.5573,9.9695,35.9237,0,0,0
-0.1741,0.0762,0.9824,-19.855,8.3817,44.9237,0,0,0
-0.1604,0.0723,1.0032,-14.6947,6.313,44.5344,0,0,0
-0.1387,0.1748,1.0129,-9.7863,7.2748,37.916,0,0,0
-0.1323,0.2141,1.0178,-10.2748,9.7786,27.7405,0,0,0
-0.1445,0.2109,1.0415,-15.3435,12.5649,20.7328,0,0,0
-0.1487,0.1792,1.0625,-21.8321,15.7481,21.3817,0,0,0
-0.157,0.1377,1.0425,-26.855,19.8244,26.9237,0,0,0
-0.1863,0.1116,0.9734,-31.8168,20.4504,34.374,0,0,0
-0.2078,0.0701,0.9167,-37.0992,16.2901,43.2595,0,0,0
-0.2197,0.0432,0.9287,-41.8397,7.8931,50.7176,0,0,0
-0.1897,0.0247,0.9697,-34.9237,-0.0382,48.5191,0,0,0
-0.1499,0.1194,1.0012,-25.9847,-2.4733,40.4198,0,0,0
-0.1289,0.1816,1.0356,-30.6031,1.2366,35.313,0,0,0
-0.1323,0.1565,1.0378,-39.4198,7.6183,33.7863,0,0,0
-0.1631,0.1287,1.0237,-44.7252,10.4733,33.2977,0,0,0
-0.1799,0.1138,1.0,-50.0305,11.4809,34.7405,0,0,0
-0.196,0.0637,0.9861,-53.5038,9.2672,38.0763,0,0,0
-0.2175,0.0081,0.9595,-54.4733,4.8702,44.3588,0,0,0
-0.2043,-0.0007,0.9622,-54.2824,-1.9084,50.1908,0,0,0
-0.1914,-0.0225,0.9878,-48.626,-5.4351,50.0153,0,0,0
-0.1565,0.0266,1.0186,-41.8244,-5.5802,43.3206,0,0,0
-0.1436,0.0967,1.0276,-44.4962,-2.1908,39.3817,0,0,0
-0.155,0.0696,1.0315,-51.4504,0.8702,39.0916,0,0,0
-0.1897,0.0286,1.0259,-55.9847,1.3282,40.5267,0,0,0
-0.1912,0.0171,1.0259,-58.3969,0.3206,41.6947,0,0,0
-0.1743,-0.0208,1.04,-61.374,1.6031,45.4504,0,0,0
-0.3269,-0.1357,1.0198,-59.1069,-0.6183,54.8473,0,0,0
-0.1526,-0.0886,1.0417,-55.1832,2.8931,53.8244,0,0,0
-0.1919,-0.0234,1.0298,-50.0458,5.5115,51.9542,0,0,0
-0.1885,-0.0901,1.031,-43.4046,4.687,48.2061,0,0,0
-0.177,-0.0535,1.0283,-38.4198,5.1908,44.5802,0,0,0
-0.1875,-0.0647,1.0339,-35.6412,6.0992,42.9008,0,0,0
-0.1912,-0.0547,1.0439,-32.9237,7.1298,41.5267,0,0,0
-0.1909,-0.0193,1.0195,-35.4122,7.9542,42.4809,0,0,0
-0.2258,-0.05,1.011,-35.7252,7.2214,40.458,0,0,0
-0.2119,-0.0286,1.0146,-34.6565,6.6489,36.8626,0,0,0
-0.2234,-0.0588,1.0046,-31.084,6.5802,31.4122,0,0,0
-0.2036,-0.0615,1.0256,-29.5114,6.6794,29.7786,0,0,0
-0.2134,-0.0811,1.0242,-27.8092,8.6489,30.1298,0,0,0
-0.2153,-0.0793,1.0337,-25.5038,10.2443,30.9389,0,0,0
-0.2173,-0.0725,1.0237,-22.3511,12.6183,29.084,0,0,0
-0.2339,-0.0583,1.0164,-17.0763,14.0305,24.5954,0,0,0
-0.2268,-0.0161,1.0083,-15.4656,14.1069,20.3511,0,0,0
-0.241,-0.0317,1.0098,-18.2901,14.916,18.6107,0,0,0
-0.2441,-0.0427,0.9934,-19.6565,15.3588,17.3053,0,0,0
-0.238,-0.0647,0.988,-21.0992,15.7252,15.9924,0,0,0
-0.252,-0.0757,0.9937,-19.0,15.6031,13.8092,0,0,0
-0.2539,-0.0708,0.9873,-15.8397,14.458,11.7557,0,0,0
-0.2405,-0.0676,0.9751,-14.6947,13.3435,9.2366,0,0,0
-0.252,-0.0769,0.9751,-14.626,12.084,9.0611,0,0,0
-0.2446,-0.0933,0.9617,-13.7557,11.3282,9.6565,0,0,0
-0.2314,-0.1086,0.9802,-13.3359,9.9466,11.7939,0,0,0
-0.229,-0.095,0.9841,-11.8702,10.3206,13.2366,0,0,0
-0.2305,-0.0984,0.9788,-12.4198,11.2366,12.7786,0,0,0
-0.2358,-0.0818,0.9788,-13.2137,10.4122,11.1298,0,0,0
-0.2483,-0.0859,0.969,-13.2519,9.3282,9.3511,0,0,0
-0.2512,-0.0925,0.9548,-13.3206,7.1145,8.5802,0,0,0
-0.2446,-0.1035,0.9705,-12.7099,5.3435,9.0076,0,0,0
-0.2422,-0.1033,0.9761,-10.3893,4.8626,8.5802,0,0,0
-0.2356,-0.103,0.981,-7.7557,4.1679,7.3664,0,0,0
-0.2383,-0.1118,0.9802,-6.3206,3.6336,6.9008,0,0,0
-0.2314,-0.114,0.9983,-6.9313,4.1832,8.0382,0,0,0
-0.2273,-0.1147,0.9912,-7.9542,5.9771,9.1756,0,0,0
-0.238,-0.1125,0.9802,-8.687,6.8397,8.9618,0,0,0
-0.2522,-0.1147,0.979,-8.5038,5.7634,8.0611,0,0,0
-0.2512,-0.1177,0.9805,-7.2366,4.6031,7.229,0,0,0
-0.2417,-0.1294,0.9854,-6.1603,3.1756,6.4885,0,0,0
-0.2368,-0.1301,0.9861,-5.5038,2.7099,6.2214,0,0,0
-0.2361,-0.1316,0.9907,-4.687,3.5191,6.5191,0,0,0
-0.2336,-0.1333,0.9939,-4.7176,4.8931,7.2901,0,0,0
-0.241,-0.1372,0.9792,-5.3893,6.2595,7.5038,0,0,0
-0.2551,-0.1482,0.9685,-4.5725,6.542,8.8931,0,0,0
-0.2637,-0.1392,0.9622,-2.7328,5.8092,9.916,0,0,0
-0.2646,-0.125,0.9583,-1.7863,5.0763,10.3969,0,0,0
-0.2703,-0.1147,0.9568,-1.3588,4.5496,10.6107,0,0,0
-0.2764,-0.1255,0.9631,0.6031,5.2061,10.7252,0,0,0
-0.2944,-0.1245,0.9578,3.9313,5.6718,12.5878,0,0,0
-0.2949,-0.1177,0.967,9.3817,5.458,12.687,0,0,0
-0.2798,-0.0952,0.9858,14.0611,6.2061,12.8321,0,0,0
-0.26,-0.0483,0.999,14.6031,8.1069,12.7328,0,0,0
-0.2693,-0.0242,1.0088,10.1145,11.5191,10.8092,0,0,0
-0.2852,-0.0105,1.0068,3.9389,13.4504,8.6718,0,0,0
-0.2856,0.0005,0.9844,-2.9542,14.0687,5.4046,0,0,0
-0.3081,-0.0156,0.9763,-8.4198,13.3893,2.084,0,0,0
-0.3069,-0.0393,0.9568,-9.0,12.1679,-1.5038,0,0,0
-0.3086,-0.0212,0.947,-8.0534,10.3206,-5.2366,0,0,0
-0.3074,-0.0527,0.9299,-9.3282,8.1069,-7.4122,0,0,0
-0.3267,-0.0835,0.9226,-8.771,5.9695,-8.0229,0,0,0
-0.3044,-0.0984,0.9292,-6.0458,3.3969,-8.4504,0,0,0
-0.3552,-0.1021,0.9004,-4.145,-1.8015,-7.4275,0,0,0
-0.2839,-0.0596,0.9287,-5.626,-5.542,-5.145,0,0,0
-0.2686,-0.1221,0.9656,-7.4046,-7.7863,-4.3053,0,0,0
-0.2356,-0.1082,1.0039,-8.313,-4.3282,-1.2519,0,0,0
-0.2522,-0.1228,0.9985,-9.7786,0.5115,1.145,0,0,0
-0.2546,-0.1257,0.9795,-11.8397,4.1756,2.9695,0,0,0
-0.2793,-0.1138,0.9558,-14.2214,4.1527,3.2443,0,0,0
-0.2905,-0.1223,0.9612,-16.0458,2.3511,2.8092,0,0,0
-0.2854,-0.126,0.9568,-16.1069,-0.8626,2.4809,0,0,0
-0.2834,-0.1426,0.9705,-14.8855,-2.2366,3.0611,0,0,0
-0.2791,-0.1443,0.9653,-13.5878,-1.9313,4.313,0,0,0
-0.2747,-0.1313,0.9722,-13.5344,-2.3053,5.2443,0,0,0
-0.2783,-0.1384,0.9722,-14.4809,-2.4198,6.4962,0,0,0
-0.2693,-0.1333,0.9824,-15.4809,-1.9313,7.9237,0,0,0
-0.2668,-0.1221,1.0,-16.8931,-0.2672,8.229,0,0,0
-0.2766,-0.106,0.9863,-18.7557,0.8779,6.8626,0,0,0
-0.2883,-0.1348,0.9797,-20.771,1.2366,5.4427,0,0,0
-0.2815,-0.1396,0.9883,-21.8015,2.145,5.2366,0,0,0
-0.2888,-0.1682,0.9839,-21.1985,2.1832,6.0916,0,0,0
-0.2888,-0.1714,0.99,-19.6794,2.1298,7.3053,0,0,0
-0.2949,-0.1711,0.9773,-17.9008,2.1069,7.5802,0,0,0
-0.3027,-0.1699,0.9819,-17.0611,1.7405,6.9542,0,0,0
-0.2954,-0.1536,0.9907,-17.9008,3.0992,6.3511,0,0,0
-0.2922,-0.1655,0.9937,-21.3893,5.0382,6.1374,0,0,0
-0.3042,-0.1938,0.9934,-24.3282,6.8931,8.1145,0,0,0
-0.3157,-0.2156,0.9724,-23.0382,7.7252,8.5267,0,0,0
-0.3264,-0.2256,0.9609,-19.3588,6.4656,7.7863,0,0,0
-0.3291,-0.2131,0.9678,-15.8779,4.8779,8.7099,0,0,0
-0.3301,-0.2102,0.9604,-13.4962,3.771,9.4885,0,0,0
-0.3315,-0.2107,0.97,-11.1679,3.5725,10.3664,0,0,0
-0.3386,-0.2029,0.967,-8.542,2.771,11.1374,0,0,0
-0.3398,-0.1899,0.979,-7.0992,0.5344,12.4809,0,0,0
-0.3391,-0.1831,0.9939,-4.6947,-1.4122,13.2061,0,0,0
-0.3132,-0.1689,1.0173,-1.8092,-2.3511,12.7099,0,0,0
-0.2881,-0.1541,1.0442,-1.3435,-0.1985,12.4427,0,0,0
-0.293,-0.1365,1.0291,-0.6489,4.9542,11.313,0,0,0
-0.3206,-0.1284,1.0056,-0.458,7.5344,8.7786,0,0,0
-0.3398,-0.1187,0.9746,-2.4962,7.8473,6.084,0,0,0
-0.3525,-0.1245,0.9634,-4.6031,5.7786,3.7557,0,0,0
-0.3557,-0.1541,0.949,-6.1985,3.1679,2.2595,0,0,0
-0.3381,-0.1689,0.9756,-6.916,1.7939,1.4962,0,0,0
-0.3257,-0.1868,0.9609,-6.4504,3.0229,2.5344,0,0,0
-0.3298,-0.1802,0.968,-6.7939,4.3817,2.5725,0,0,0
-0.3291,-0.1821,0.9663,-5.3893,5.6718,1.9924,0,0,0
-0.3311,-0.1746,0.9666,-4.7099,5.7557,1.4427,0,0,0
-0.3389,-0.1887,0.9434,-3.9466,5.687,0.5725,0,0,0
-0.3435,-0.2041,0.9404,-2.0458,3.9618,0.0534,0,0,0
-0.3333,-0.209,0.9385,-0.1679,2.2748,1.1679,0,0,0
-0.3259,-0.2087,0.9526,0.8855,1.8015,2.7863,0,0,0
-0.322,-0.1851,0.9529,1.7023,1.4656,2.9313,0,0,0
-0.3184,-0.1658,0.958,-0.2137,2.1374,1.9771,0,0,0
-0.3157,-0.168,0.9778,-3.9618,2.9924,0.3664,0,0,0
-0.3247,-0.1868,0.9766,-5.9389,4.4962,-0.4809,0,0,0
-0.3257,-0.209,0.9753,-5.4504,4.8321,0.3206,0,0,0
-0.3242,-0.2322,0.9851,-2.7099,6.2137,3.084,0,0,0
-0.3247,-0.1968,0.9844,1.0763,7.9008,4.8397,0,0,0
-0.343,-0.1697,0.9622,3.229,8.6794,4.3817,0,0,0
-0.3481,-0.137,0.9585,3.7252,8.5496,2.0382,0,0,0
-0.3584,-0.137,0.9397,2.3511,7.1985,-0.1756,0,0,0
-0.3555,-0.1543,0.9482,0.2214,5.2137,-0.7863,0,0,0
-0.3396,-0.1533,0.9548,-2.084,4.542,-0.0382,0,0,0
-0.3303,-0.1592,0.9626,-4.3969,5.5954,1.0,0,0,0
-0.3308,-0.1541,0.9663,-4.9771,7.1832,1.458,0,0,0
-0.3347,-0.1489,0.9558,-4.2214,8.2901,0.0611,0,0,0
-0.3501,-0.1501,0.9365,-3.7557,7.916,-1.5038,0,0,0
-0.3535,-0.1641,0.9282,-2.687,6.5954,-1.9313,0,0,0
-0.3435,-0.1714,0.9395,-2.0076,5.7328,-0.916,0,0,0
-0.3384,-0.1624,0.9602,-0.7481,6.0229,-0.1374,0,0,0
-0.3362,-0.1643,0.9744,-1.2824,8.2748,-0.8092,0,0,0
-0.3374,-0.1494,0.9622,-1.4809,9.5115,-1.8168,0,0,0
-0.3481,-0.1611,0.948,-3.313,10.374,-2.9695,0,0,0
-0.355,-0.1655,0.9399,-4.3817,9.7557,-3.9695,0,0,0
-0.3508,-0.176,0.9299,-6.2748,8.6489,-4.145,0,0,0
-0.3655,-0.1953,0.9299,-5.8626,6.7786,-2.0916,0,0,0
-0.3606,-0.1926,0.9343,-4.145,5.9924,-0.0382,0,0,0
-0.3748,-0.1648,0.9109,-2.3282,4.0458,-0.5573,0,0,0
-0.3577,-0.1506,0.9221,-2.0916,2.7176,-1.2901,0,0,0
-0.3545,-0.1611,0.9258,-2.6565,2.084,-2.626,0,0,0
-0.364,-0.1855,0.9314,-0.8321,1.3435,-2.8321,0,0,0
-0.3582,-0.1848,0.9351,-0.2901,0.9771,-0.4427,0,0,0
-0.3555,-0.1724,0.9443,-0.3206,0.7863,0.9542,0,0,0
-0.3567,-0.1448,0.9431,-0.7939,0.6107,1.1985,0,0,0
-0.353,-0.1355,0.949,-2.2901,1.0611,-0.7939,0,0,0
-0.3628,-0.1362,0.9451,-3.6336,1.374,-2.5115,0,0,0
-0.3672,-0.1531,0.9434,-4.3511,0.8244,-3.7405,0,0,0
-0.3616,-0.1731,0.9351,-3.9771,-0.5725,-3.7405,0,0,0
-0.3564,-0.2036,0.946,-1.1145,-1.1985,-2.0458,0,0,0
-0.3379,-0.1919,0.9587,1.2519,-0.916,-1.1221,0,0,0
-0.3347,-0.1658,0.9583,0.9008,0.5725,-1.2519,0,0,0
-0.3477,-0.1553,0.95,-0.9618,1.1679,-2.229,0,0,0
-0.3564,-0.1697,0.9343,-3.0305,0.8702,-3.2595,0,0,0
-0.3564,-0.186,0.9355,-4.2061,-0.3206,-1.9313,0,0,0
-0.3655,-0.2019,0.9216,-3.6183,-1.2595,-0.6031,0,0,0
-0.364,-0.1997,0.9368,-2.4885,-2.8397,1.0305,0,0,0
-0.3467,-0.1833,0.9482,-1.5878,-2.7939,1.771,0,0,0
-0.3386,-0.1772,0.9641,-1.6489,-1.2061,1.855,0,0,0
-0.3462,-0.177,0.9578,-0.6183,1.0763,1.3359,0,0,0
-0.353,-0.1533,0.9497,-0.9695,2.2595,1.0382,0,0,0
-0.3677,-0.1443,0.9399,-3.7252,2.3053,-0.0305,0,0,0
-0.3826,-0.1538,0.9297,-4.771,1.0687,-1.2977,0,0,0
-0.3774,-0.158,0.9292,-4.8321,-0.7252,-1.5725,0,0,0
-0.3699,-0.1638,0.9346,-3.9695,-1.5038,-1.8321,0,0,0
-0.3652,-0.1665,0.938,-2.7786,-1.9695,-1.7939,0,0,0
-0.363,-0.1672,0.9478,-3.1908,-1.1603,-2.2214,0,0,0
-0.3687,-0.1689,0.9446,-3.229,-1.0611,-2.542,0,0,0
-0.3743,-0.1738,0.9434,-2.8092,-1.4733,-1.8168,0,0,0
-0.3689,-0.166,0.9377,-2.7481,-2.2137,-2.0,0,0,0
-0.365,-0.1731,0.9514,-3.2595,-2.0916,-2.1527,0,0,0
-0.3552,-0.176,0.9521,-3.0458,-1.6641,-2.3359,0,0,0
-0.3635,-0.1821,0.9465,-2.9237,-1.2443,-2.2748,0,0,0
-0.3716,-0.1902,0.9531,-2.6641,-1.8244,-1.5115,0,0,0
-0.365,-0.1909,0.9507,-2.8626,-2.2824,-0.916,0,0,0
-0.3591,-0.1804,0.9497,-3.1985,-2.2824,-1.0,0,0,0
-0.3555,-0.1726,0.9478,-3.1298,-1.8626,-1.5649,0,0,0
-0.363,-0.1611,0.9385,-3.0229,-2.5115,-2.6718,0,0,0
-0.366,-0.1621,0.9341,-3.5267,-3.1679,-3.8321,0,0,0
-0.3699,-0.1694,0.926,-4.2901,-4.1298,-4.7252,0,0,0
-0.3652,-0.1592,0.925,-6.9466,-5.855,-5.1298,0,0,0
-0.365,-0.1902,0.9426,-8.7863,-6.8931,-3.9084,0,0,0
-0.3462,-0.2104,0.9558,-6.4733,-6.2443,-1.2595,0,0,0
-0.3376,-0.198,0.9714,-3.1145,-4.0382,-0.2061,0,0,0
-0.3384,-0.1851,0.9687,-0.6336,-2.1374,-0.9924,0,0,0
-0.3516,-0.1721,0.9448,-0.0458,-1.4885,-2.374,0,0,0
-0.3572,-0.168,0.9292,-1.084,-1.7939,-3.2901,0,0,0
-0.3599,-0.1738,0.9333,-2.1756,-2.6565,-3.626,0,0,0
-0.3516,-0.1992,0.9368,-2.6947,-3.9924,-2.4198,0,0,0
-0.3318,-0.2004,0.9619,-1.0382,-2.8015,-0.7252,0,0,0
-0.3237,-0.1829,0.9609,-0.9313,-0.1908,-0.7786,0,0,0
-0.333,-0.1724,0.9507,-1.0229,0.7786,-1.1145,0,0,0
-0.3569,-0.1926,0.9451,-1.5267,0.2824,-1.1298,0,0,0
-0.3528,-0.187,0.9258,-1.7939,-0.8397,-1.1985,0,0,0
-0.3555,-0.1929,0.9297,-1.8015,-1.9237,-0.9389,0,0,0
-0.3406,-0.1982,0.9568,-3.5267,-1.0458,0.9389,0,0,0
-0.3333,-0.2056,0.9729,-2.5954,1.2443,2.0992,0,0,0
-0.3372,-0.1929,0.9648,-1.1985,2.229,2.084,0,0,0
-0.3562,-0.1814,0.946,-0.6412,2.1374,1.2824,0,0,0
-0.355,-0.1846,0.9382,-0.8015,1.1069,0.9695,0,0,0
-0.3452,-0.1694,0.9429,-1.2824,0.916,0.4122,0,0,0
-0.3467,-0.165,0.9429,-2.4733,1.084,-0.3359,0,0,0
-0.3459,-0.1611,0.9329,-4.6107,2.0763,-1.0305,0,0,0
-0.3511,-0.1741,0.9407,-6.5496,2.2214,-1.6107,0,0,0
-0.3662,-0.1938,0.927,-5.3511,1.4198,-1.3893,0,0,0
-0.3684,-0.2034,0.9275,-3.1145,0.4962,-1.1985,0,0,0
-0.366,-0.197,0.9302,-0.3282,-0.8015,-0.1069,0,0,0
-0.3608,-0.1843,0.9294,0.5344,-1.8702,-0.0992,0,0,0
-0.3513,-0.176,0.9397,-0.1908,-2.5954,0.1527,0,0,0
-0.3418,-0.179,0.9556,-1.0763,-1.4733,0.687,0,0,0
-0.3464,-0.1838,0.9629,-1.1985,-0.5573,0.855,0,0,0
-0.3516,-0.1802,0.9675,-1.0611,-0.084,0.4198,0,0,0
-0.366,-0.1782,0.9507,-0.1908,0.0076,-1.1527,0,0,0
-0.3616,-0.1816,0.9512,-0.8779,-0.3206,-1.2137,0,0,0
-0.3521,-0.1877,0.9458,-0.626,0.0763,-0.8397,0,0,0
-0.3452,-0.1848,0.9436,-1.1908,-1.1298,-1.1069,1,0,0
-0.3511,-0.1729,0.9348,-1.8626,-1.2901,-1.4885,1,0,0
-0.3521,-0.1748,0.9263,-2.7252,-1.9237,-2.0916,1,0,0
-0.353,-0.1714,0.9197,-2.9847,-2.8702,-2.8702,1,0,0
-0.3438,-0.1787,0.9236,-2.4122,-3.6641,-3.7557,1,0,0
-0.3442,-0.1904,0.9248,-1.3511,-3.8244,-2.7328,1,0,0
-0.3433,-0.1936,0.937,-0.8702,-3.0229,-1.3511,1,0,0
-0.3413,-0.2104,0.9478,0.1603,-1.7405,-0.0992,1,0,0
-0.3467,-0.1936,0.96,0.2824,-1.0382,0.7634,1,0,0
-0.3484,-0.179,0.9583,-0.6031,-0.6107,0.8092,1,0,0
-0.3452,-0.1685,0.9492,-2.8779,-0.3893,-0.1069,1,0,0
-0.3511,-0.1604,0.949,-5.5954,-0.2595,-2.4351,1,0,0
-0.3635,-0.1831,0.9399,-7.3893,-1.3282,-3.0,1,0,0
-0.3665,-0.1941,0.9348,-6.6794,-2.2443,-2.8168,1,0,0
-0.3616,-0.2046,0.9417,-4.1756,-3.0763,-1.5725,1,0,0
-0.3569,-0.2048,0.9429,-1.458,-3.7405,-0.6565,1,0,0
-0.3564,-0.1978,0.9568,1.6183,-3.6947,-0.2672,1,0,0
-0.3521,-0.1865,0.9534,2.0534,-3.6947,0.1679,1,0,0
-0.3521,-0.177,0.9624,0.7786,-2.8626,0.4809,1,0,0
-0.3523,-0.1704,0.9607,-1.3435,-2.1985,-0.2977,1,0,0
-0.356,-0.1614,0.9546,-3.2061,-1.3282,-1.4122,1,0,0
-0.3606,-0.1736,0.9507,-4.3664,-2.458,-2.2748,1,0,0
-0.3555,-0.1785,0.9434,-3.8473,-2.8015,-2.6565,1,0,0
-0.3535,-0.175,0.9414,-3.145,-3.0916,-3.4885,1,0,0
-0.3594,-0.1709,0.9365,-3.8015,-3.1756,-4.3053,1,0,0
-0.3564,-0.1875,0.957,-4.8931,-3.5573,-4.1221,1,0,0
-0.3401,-0.1863,0.9624,-5.0534,-2.4275,-3.4198,1,0,0
-0.3394,-0.1816,0.9539,-5.313,-1.6489,-4.2519,1,0,0
-0.3398,-0.1731,0.9507,-6.0534,-1.771,-4.9466,1,0,0
-0.3447,-0.1787,0.9424,-7.4733,-2.1832,-5.0382,1,0,0
-0.3308,-0.2021,0.9561,-7.3664,-1.8397,-4.229,1,0,0
-0.3167,-0.2107,0.9604,-5.8244,0.7786,-3.8702,1,0,0
-0.3201,-0.1875,0.9644,-6.687,3.3893,-4.2061,1,0,0
-0.3398,-0.2007,0.967,-6.6489,4.8626,-5.0382,1,0,0
-0.3474,-0.208,0.9714,-5.7939,4.6947,-4.6183,1,0,0
-0.3474,-0.21,0.9631,-4.8473,4.6794,-3.3359,1,0,0
-0.3511,-0.2031,0.9509,-3.9389,4.2443,-2.7176,1,0,0
-0.3474,-0.2019,0.9329,-2.7863,2.9542,-2.5573,1,0,0
-0.3398,-0.1841,0.9316,-3.0305,3.1069,-2.7023,1,0,0
-0.3433,-0.1917,0.9163,-5.2137,2.374,-3.1374,0,0,0
-0.3496,-0.2112,0.9216,-6.0611,1.229,-3.0763,0,0,0
-0.3455,-0.2075,0.938,-5.6107,0.4275,-1.7557,0,0,0
-0.333,-0.2288,0.9365,-3.9618,0.5344,-0.2366,0,0,0
-0.3323,-0.217,0.9399,-2.3282,1.855,0.3053,0,0,0
-0.3467,-0.2017,0.9377,-1.8015,2.4733,-1.1603,0,0,0
-0.3604,-0.1968,0.9333,-1.9771,1.7481,-1.6718,0,0,0
-0.3679,-0.2041,0.9351,-1.6489,0.2824,-1.6031,0,0,0
-0.3625,-0.2148,0.9331,0.2595,-1.2824,-0.8931,0,0,0
-0.3579,-0.2078,0.9397,2.2595,-2.0687,-0.8626,0,0,0
-0.3533,-0.2109,0.9485,5.1603,-2.8779,-1.458,0,0,0
-0.3381,-0.1877,0.9673,6.8397,-1.0916,-2.8779,0,0,0
-0.3381,-0.1748,0.9656,6.3511,0.374,-5.0153,0,0,0
-0.3464,-0.168,0.9551,5.0534,1.8092,-6.0534,0,0,0
-0.3542,-0.1787,0.9443,3.4122,1.1985,-5.8015,0,0,0
-0.342,-0.1729,0.9514,-1.0916,2.0687,-4.2901,0,0,0
-0.3423,-0.1809,0.9451,-4.1832,2.6412,-4.0763,0,0,0
-0.3523,-0.1853,0.9407,-5.6947,2.3511,-4.8244,0,0,0
-0.3638,-0.2004,0.9392,-6.5038,2.1069,-5.5802,0,0,0
-0.3542,-0.219,0.9341,-5.374,1.7328,-5.5191,0,0,0
-0.3533,-0.2083,0.9331,-3.2443,0.1756,-5.1756,0,0,0
-0.3574,-0.2139,0.9268,-1.8702,-1.0076,-4.3206,0,0,0
-0.3489,-0.2231,0.9185,-0.084,-2.1221,-2.687,0,0,0
-0.3428,-0.2007,0.9338,-0.7405,-1.9542,-1.5649,0,0,0
-0.3423,-0.2004,0.9412,-1.313,-1.0382,-1.0916,0,0,0
-0.3491,-0.2083,0.9368,-1.626,-1.5191,-0.3969,0,0,0
-0.3469,-0.2024,0.9495,-1.7099,-1.458,-0.2748,0,0,0
-0.3523,-0.2021,0.95,-1.1908,-1.3511,-0.9847,0,0,0
-0.3516,-0.2051,0.9453,0.5725,-1.9084,-0.2137,0,0,0
-0.3442,-0.1987,0.9534,-0.2443,-2.4427,0.2519,0,0,0
-0.3398,-0.2029,0.9529,0.1985,-1.542,0.9771,0,0,0
-0.3411,-0.1897,0.9495,0.626,-0.687,0.5496,0,0,0
-0.3481,-0.1833,0.949,-0.9084,-0.5344,-0.7099,0,0,0
-0.3479,-0.1865,0.9451,-2.0992,-0.6107,-1.4809,0,0,0
-0.3499,-0.2026,0.9521,-2.2519,-0.6565,-1.8473,0,0,0
-0.3467,-0.2036,0.9387,-1.3893,-0.855,-1.4962,0,0,0
-0.3521,-0.1956,0.9307,-0.5802,-1.3282,-1.9695,0,0,0
-0.3452,-0.188,0.9402,-1.4656,-1.9695,-2.0382,0,0,0
-0.3408,-0.189,0.9434,-2.5954,-1.687,-1.8092,0,0,0
-0.3423,-0.1975,0.9421,-2.8626,-1.542,-2.2977,0,0,0
-0.3406,-0.199,0.9558,-1.9389,-1.313,-2.1145,0,0,0
-0.3389,-0.2014,0.9451,-2.1603,-1.2519,-2.4885,0,0,0
-0.3455,-0.1997,0.9338,-2.0458,-1.8321,-2.2443,0,0,0
-0.3457,-0.1934,0.9258,-2.4504,-2.5954,-2.3359,0,0,0
-0.3433,-0.2046,0.9331,-1.9084,-3.4198,-2.1374,0,0,0
-0.3416,-0.2007,0.9463,-1.1221,-2.9542,-2.5038,0,0,0
-0.3391,-0.2021,0.9534,-0.2366,-2.3893,-2.2901,0,0,0
-0.3479,-0.1921,0.9529,0.1221,-1.7252,-2.1145,0,0,0
-0.3552,-0.1946,0.9509,0.2595,-2.2977,-2.5802,0,0,0
-0.3521,-0.1846,0.9441,0.4122,-3.1603,-2.6794,0,0,0
-0.3513,-0.1853,0.9387,-0.4962,-3.458,-3.0916,0,0,0
-0.3538,-0.1838,0.9355,-1.9924,-3.8092,-3.0916,0,0,0
-0.3555,-0.1887,0.9417,-2.8244,-3.9695,-3.0153,0,0,0
-0.3491,-0.1978,0.947,-2.0534,-4.0382,-2.6107,0,0,0
-0.3401,-0.2014,0.9546,-0.1069,-4.0,-2.9389,0,0,0
-0.3364,-0.1895,0.9526,0.3359,-3.6641,-3.458,0,0,0
-0.3313,-0.1917,0.946,-0.5038,-3.5038,-3.7634,0,0,0
-0.3364,-0.1907,0.9375,-1.1985,-2.9618,-4.1374,0,0,0
-0.3413,-0.1987,0.9402,-2.6031,-3.3893,-3.8702,0,0,0
-0.344,-0.2114,0.9329,-2.6718,-3.7939,-3.2977,0,0,0
-0.3364,-0.2114,0.9375,-1.3588,-4.2748,-2.687,0,0,0
-0.3308,-0.2017,0.9443,-0.4198,-4.3435,-2.6489,0,0,0
-0.3186,-0.1973,0.9485,-0.3206,-4.3206,-3.0305,0,0,0
-0.324,-0.1992,0.9465,-1.5496,-3.3511,-2.7634,0,0,0
-0.323,-0.1936,0.9475,-3.0153,-2.2672,-2.4962,0,0,0
-0.3362,-0.2012,0.9436,-4.1679,-2.4198,-3.1985,0,0,0
-0.3403,-0.2139,0.9412,-3.9313,-3.2061,-2.9466,0,0,0
-0.3247,-0.2361,0.9617,-1.9313,-3.542,-1.3969,0,0,0
-0.3135,-0.2236,0.9741,0.313,-1.5725,0.0458,0,0,0
-0.3213,-0.2129,0.9607,1.3588,-0.1221,-0.1069,0,0,0
-0.3354,-0.2063,0.9492,1.3435,-0.0153,-0.6947,0,0,0
-0.345,-0.2104,0.9336,0.3511,-1.6336,-0.2977,0,0,0
-0.3396,-0.1948,0.9268,0.0076,-2.9084,-0.1985,0,0,0
-0.3354,-0.1777,0.9272,-0.9313,-3.9695,-1.0305,0,0,0
-0.3359,-0.1702,0.9277,-2.0687,-5.0534,-2.2748,0,0,0
-0.3242,-0.1851,0.9451,-3.1603,-5.2443,-2.5649,0,0,0
-0.3201,-0.1997,0.9399,-3.0534,-4.5267,-2.1985,0,0,0
-0.3184,-0.2017,0.9465,-2.5115,-3.7557,-2.6489,0,0,0
-0.323,-0.1973,0.9426,-1.9466,-3.5191,-2.2214,0,0,0
-0.324,-0.2021,0.9495,-1.0,-4.0611,-1.9466,0,0,0
-0.3274,-0.1936,0.9319,0.1069,-4.7328,-2.4733,0,0,0
-0.3252,-0.1848,0.9329,1.0458,-5.9847,-3.6336,0,0,0
-0.3208,-0.1785,0.9309,0.9084,-6.8092,-4.6412,0,0,0
-0.3125,-0.1794,0.9473,-1.7786,-6.7863,-5.1985,0,0,0
-0.3108,-0.177,0.957,-5.5115,-5.8244,-4.5267,0,0,0
-0.3115,-0.1824,0.9604,-7.7557,-4.4198,-4.5191,0,0,0
-0.321,-0.1997,0.9485,-7.9542,-4.1298,-4.7786,0,0,0
-0.3291,-0.2012,0.9404,-6.9924,-4.374,-5.3359,0,0,0
-0.3284,-0.2161,0.9436,-3.7252,-5.0229,-4.8855,0,0,0
-0.321,-0.2134,0.9417,-0.9313,-5.6794,-4.7786,0,0,0
-0.325,-0.2092,0.9438,0.3282,-6.7634,-4.1679,0,0,0
-0.3208,-0.21,0.9573,-0.0916,-7.8244,-3.1756,0,0,0
-0.3096,-0.2039,0.99,-2.5191,-6.9008,-1.9237,0,0,0
-0.3008,-0.2222,1.0022,-3.6794,-4.4504,-0.2137,0,0,0
-0.3047,-0.2202,1.0037,-4.6641,-2.4656,0.7099,0,0,0
-0.3103,-0.2285,1.0071,-5.1832,-0.9389,0.6107,0,0,0
-0.313,-0.2485,0.9998,-2.8244,-0.5802,0.7634,0,0,0
-0.3123,-0.2427,1.0002,-1.0611,-0.3282,2.0305,0,0,0
-0.3071,-0.2236,1.0049,-0.6489,1.626,3.458,0,0,0
-0.3071,-0.2126,0.991,-1.9771,3.0076,3.9847,0,0,0
-0.3147,-0.1909,0.9885,-3.8168,4.1527,3.2977,0,0,0
-0.3235,-0.1887,0.9626,-6.6183,4.7786,2.1221,0,0,0
-0.322,-0.2061,0.9534,-8.3664,4.7405,0.7634,0,0,0
-0.3296,-0.2185,0.9475,-7.145,3.9466,0.3588,0,0,0
-0.332,-0.2109,0.9417,-5.2824,3.084,0.1756,0,0,0
-0.3345,-0.2119,0.9302,-3.2748,1.9542,0.4122,0,0,0
-0.3203,-0.2031,0.9404,-1.4275,1.771,0.0305,0,0,0
-0.3196,-0.1953,0.937,-2.3893,2.0382,-0.3511,0,0,0
-0.3164,-0.1904,0.949,-3.6107,2.5802,-0.5267,0,0,0
-0.3171,-0.2046,0.947,-4.4504,3.0076,-0.374,0,0,0
-0.3159,-0.2109,0.9314,-3.5649,2.687,0.0992,0,0,0
-0.3127,-0.1963,0.9417,-2.8779,3.0534,-0.0611,0,0,0
-0.3174,-0.2,0.9365,-2.6641,2.7634,-1.1985,0,0,0
-0.3184,-0.2112,0.9312,-0.8855,1.9008,-1.3206,0,0,0
-0.3149,-0.2114,0.9331,-0.5573,1.1527,-0.8092,0,0,0
-0.3132,-0.2114,0.9395,-0.5649,0.9618,-0.1985,0,0,0
-0.3176,-0.198,0.9382,-1.6183,0.4198,-0.2519,0,0,0
-0.3164,-0.1892,0.9282,-3.5878,-0.0916,-0.2061,0,0,0
-0.3145,-0.2043,0.9519,-4.5573,-0.5191,-0.3588,0,0,0
-0.313,-0.2014,0.9595,-4.0687,0.6794,-0.1069,0,0,0
-0.312,-0.2205,0.9478,-4.4809,1.3206,0.4275,0,0,0
-0.3267,-0.2285,0.9365,-3.313,0.3893,1.2366,0,0,0
-0.3296,-0.2217,0.9382,-1.7252,-0.6336,0.916,0,0,0
-0.3259,-0.2275,0.9419,-0.9084,-1.5191,0.3282,0,0,0
-0.3135,-0.2139,0.9604,-0.6489,-1.6183,0.5191,0,0,0
-0.3062,-0.2041,0.9658,-1.2977,-0.7328,1.6718,0,0,0
-0.313,-0.2007,0.9673,-2.7786,1.2901,1.5802,0,0,0
-0.3191,-0.2068,0.9482,-4.3206,2.4885,1.3664,0,0,0
-0.3308,-0.2109,0.9436,-4.0763,3.313,-0.6947,0,0,0
-0.3354,-0.2046,0.9429,-2.771,2.5878,-1.8015,0,0,0
-0.3328,-0.1975,0.9402,-3.0076,1.0229,-2.8779,0,0,0
-0.3274,-0.2024,0.9399,-2.8397,0.0611,-3.1374,1,0,0
-0.332,-0.2109,0.9253,-2.374,-0.7099,-3.626,1,0,0
-0.3369,-0.2034,0.9333,-3.0992,-1.4656,-3.3969,1,0,0
-0.3328,-0.208,0.9407,-3.7405,-1.9084,-3.1374,1,0,0
-0.3162,-0.2068,0.9561,-4.3053,-1.0,-2.2901,1,0,0
-0.3105,-0.207,0.9651,-5.1527,0.1374,-2.1298,1,0,0
-0.3164,-0.2256,0.9761,-4.6947,1.5802,-0.9618,1,0,0
-0.3245,-0.2319,0.9629,-3.0611,2.6031,-0.313,1,0,0
-0.3325,-0.2227,0.947,-1.6718,1.9389,-0.4733,1,0,0
-0.3396,-0.2224,0.9426,-1.5115,0.8397,-0.7252,1,0,0
-0.3301,-0.2104,0.9543,-2.1756,0.7176,-0.2443,1,0,0
-0.3157,-0.2139,0.95,-2.5496,1.8702,-0.1908,1,0,0
-0.3188,-0.2004,0.9531,-3.8473,2.6107,-1.145,1,0,0
-0.3235,-0.2068,0.9453,-5.3435,2.8244,-2.4427,1,0,0
-0.3345,-0.2163,0.9395,-6.7786,2.084,-2.7481,1,0,0
-0.3357,-0.2241,0.9426,-6.6565,1.8168,-2.8015,1,0,0
-0.325,-0.2249,0.9485,-6.6718,2.0611,-2.7176,1,0,0
-0.3352,-0.231,0.9375,-5.6565,1.771,-2.771,1,0,0
-0.3433,-0.2368,0.9294,-2.5496,0.2519,-2.9008,1,0,0
-0.3315,-0.2278,0.9287,-1.7023,-1.0611,-2.7405,1,0,0
-0.3213,-0.2051,0.9395,-2.8321,-1.0076,-2.9695,0,0,0
-0.323,-0.2073,0.9438,-5.0305,0.0687,-3.7176,0,0,0
-0.333,-0.2102,0.9502,-6.9618,0.855,-4.4885,0,0,0
-0.3423,-0.2263,0.9385,-7.3435,0.9924,-4.9466,0,0,0
-0.3354,-0.2461,0.9397,-4.5954,-1.2061,-3.626,0,0,0
-0.3313,-0.2393,0.9229,-0.6718,-2.4351,-3.7481,0,0,0
-0.3254,-0.2339,0.938,1.2061,-2.2672,-3.1221,0,0,0
-0.3225,-0.2322,0.9551,2.0382,-1.8702,-2.1298,0,0,0
-0.322,-0.2222,0.9414,1.5725,-0.7023,-1.1756,0,0,0
-0.3352,-0.199,0.9358,-1.4046,-0.2519,-2.6183,0,0,0
-0.3416,-0.21,0.947,-3.7481,-0.5267,-3.8626,0,0,0
-0.3347,-0.2302,0.9509,-3.5344,-1.4198,-3.3817,0,0,0
-0.3303,-0.2334,0.9536,-1.3969,-2.5191,-2.9389,0,0,0
-0.3191,-0.2507,0.959,0.0076,-1.9008,-1.916,0,0,0
-0.3157,-0.238,0.9719,1.1145,-0.3282,-0.4656,0,0,0
-0.3281,-0.2161,0.9539,1.0305,-0.0611,-0.3282,0,0,0
-0.3347,-0.2214,0.9492,-0.3359,-0.5344,-1.0611,0,0,0
-0.3367,-0.2285,0.9475,-0.4198,-1.313,-1.2977,0,0,0
-0.3308,-0.2256,0.9409,-0.542,-2.2672,-1.0,0,0,0
-0.3271,-0.2329,0.9424,0.6107,-2.458,-1.313,0,0,0
-0.3245,-0.2292,0.9417,1.6412,-2.7099,-0.4427,0,0,0
-0.3188,-0.2083,0.9424,1.3588,-2.3282,-0.4733,0,0,0
-0.3213,-0.2014,0.9395,-0.542,-1.626,-1.1527,0,0,0
-0.3301,-0.2051,0.9402,-1.771,-2.1908,-2.0611,0,0,0
-0.3264,-0.2354,0.9495,0.5267,-2.1679,-3.1679,0,0,0
-0.2922,-0.2292,0.9768,4.4885,-0.0382,-2.0992,0,0,0
-0.2803,-0.2,0.9934,5.8473,4.4351,-4.0687,0,0,0
-0.3071,-0.2061,0.98,7.0229,6.6336,-7.7786,0,0,0
-0.3179,-0.1914,0.978,6.6031,7.1374,-8.7176,0,0,0
-0.335,-0.1992,0.9539,3.7099,6.4275,-8.7176,0,0,0
-0.3381,-0.2134,0.9309,3.8015,4.0763,-8.5725,0,0,0
-0.3347,-0.2075,0.9312,4.4198,2.3282,-9.5954,0,0,0
-0.3254,-0.2219,0.9451,8.2061,1.7023,-12.0687,0,0,0
-0.3171,-0.2344,0.957,16.626,2.9466,-16.626,0,0,0
-0.3047,-0.2068,0.9553,26.2595,5.0153,-20.9389,0,0,0
-0.3142,-0.1907,0.9539,30.0992,7.458,-22.771,0,0,0
-0.3162,-0.1511,0.9373,28.4122,8.4122,-23.2748,0,0,0
-0.3308,-0.1506,0.9258,22.8855,8.2748,-23.3511,0,0,0
-0.3582,-0.1709,0.8987,19.4275,4.9924,-23.7252,0,0,0
-0.3552,-0.1814,0.8857,18.2366,-0.0153,-25.2061,0,0,0
-0.3569,-0.1873,0.8777,20.2595,-5.3053,-26.6947,0,0,0
-0.3328,-0.1836,0.9189,21.4122,-8.7405,-26.4427,0,0,0
-0.3032,-0.1697,0.9543,19.1985,-8.2595,-24.1908,0,0,0
-0.3091,-0.177,0.9629,16.2824,-6.2366,-20.916,0,0,0
-0.3044,-0.1904,0.9709,12.4427,-4.2137,-17.1832,0,0,0
-0.3115,-0.1931,0.9958,10.8855,-1.7023,-15.5954,0,0,0
-0.2947,-0.1885,0.9983,13.2214,0.6641,-17.0687,0,0,0
-0.2886,-0.1687,1.002,12.0153,3.6794,-16.6565,0,0,0
-0.2913,-0.1824,1.0115,10.1298,6.7557,-14.4122,0,0,0
0.0796,-0.1321,1.1377,8.8168,19.2901,-16.4885,0,0,0
-0.4456,-0.1909,0.9561,5.7939,11.1756,-11.0687,0,0,0
-0.3232,-0.1804,0.9678,2.687,8.0611,-10.0992,0,0,0
-0.3384,-0.188,0.9541,-0.2901,6.7405,-10.0611,0,0,0
-0.3486,-0.2107,0.9429,-2.2443,4.0382,-7.7176,0,0,0
-0.3223,-0.2122,0.9663,-2.0382,4.6412,-5.1603,0,0,0
-0.3179,-0.2156,0.9604,-2.6412,6.2061,-2.7176,0,0,0
-0.343,-0.2156,0.9377,-1.0076,6.2443,-0.8702,0,0,0
-0.3459,-0.2048,0.9387,-0.0229,5.687,0.2901,0,0,0
-0.345,-0.1965,0.946,1.2748,4.6947,0.6489,0,0,0
-0.3411,-0.1753,0.9414,0.458,2.8092,0.8779,0,0,0
-0.332,-0.1763,0.949,-2.1527,1.3435,1.6412,0,0,0
-0.3247,-0.1851,0.9666,-3.8473,1.626,1.5573,0,0,0
-0.3167,-0.188,0.9731,-3.6489,2.542,1.3817,0,0,0
-0.3193,-0.1794,0.9624,-3.7557,3.7481,1.2443,0,0,0
-0.3276,-0.1897,0.9583,-3.0763,4.3664,1.3817,0,0,0
-0.3315,-0.1826,0.957,-0.7328,4.0305,0.8092,0,0,0
-0.3342,-0.1716,0.9487,0.0763,3.5038,-0.0382,0,0,0
-0.3354,-0.1653,0.9402,-0.5038,2.7634,-0.1985,0,0,0
-0.3333,-0.165,0.9407,-2.1679,2.1069,-0.4504,0,0,0
-0.3318,-0.1702,0.9485,-3.6565,1.4122,0.1527,0,0,0
-0.3313,-0.1672,0.9529,-5.4733,1.4046,0.1221,0,0,0
-0.3379,-0.175,0.948,-6.1908,1.1145,0.8855,0,0,0
-0.3401,-0.1807,0.958,-5.0458,0.9618,0.8015,0,0,0
-0.3345,-0.1714,0.9431,-3.6947,0.5267,0.2672,0,0,0
-0.3403,-0.1743,0.947,-4.2824,0.2672,0.0916,0,0,0
-0.3433,-0.1819,0.9392,-4.3206,-0.2061,0.1985,0,0,0
-0.3455,-0.1841,0.9336,-3.6336,-1.3588,0.0687,0,0,0
-0.3396,-0.1736,0.9346,-4.0611,-2.3206,0.7328,0,0,0
-0.3364,-0.1721,0.9526,-3.9008,-3.1221,0.8092,0,0,0
-0.3296,-0.1694,0.9529,-3.1985,-3.2137,0.8779,0,0,0
-0.3223,-0.1553,0.9653,-3.5191,-1.9466,0.7863,0,0,0
-0.3267,-0.1758,0.9587,-3.4656,-0.7557,-0.2824,0,0,0
-0.3389,-0.1685,0.9473,-2.2595,-0.8321,-1.3282,0,0,0
-0.3486,-0.1797,0.9229,-0.9542,-2.0611,-1.626,0,0,0
-0.3555,-0.1873,0.9219,0.6412,-3.4275,-1.1298,0,0,0
-0.3416,-0.1807,0.9426,1.7557,-4.8702,-0.0687,0,0,0
-0.3408,-0.1716,0.9492,1.8473,-4.8702,0.7863,0,0,0
-0.3445,-0.1631,0.9568,0.6107,-4.0076,0.4962,0,0,0
-0.3469,-0.1604,0.9631,1.5954,-3.6412,-0.7863,0,0,0
-0.3506,-0.158,0.9668,1.4504,-3.1908,-1.9847,0,0,0
-0.3533,-0.1702,0.9661,2.1298,-3.4046,-2.1679,0,0,0
-0.3523,-0.1768,0.969,2.2824,-4.2595,-2.5496,0,0,0
-0.3364,-0.1831,0.9841,2.8779,-3.855,-2.0916,0,0,0
-0.3245,-0.1968,0.9971,5.9313,-2.1145,-2.8244,0,0,0
-0.322,-0.1624,0.99,9.0763,0.0076,-4.0458,0,0,0
-0.3274,-0.1589,0.9824,7.7023,0.6794,-4.4427,0,0,0
-0.3286,-0.1716,0.9834,6.1374,1.6183,-4.9466,0,0,0
-0.3254,-0.1665,0.9644,4.771,2.4275,-5.5725,0,0,0
-0.3306,-0.1694,0.9661,4.374,2.229,-6.8168,0,0,0
-0.3279,-0.1655,0.96,5.8931,1.8702,-8.5573,0,0,0
-0.3223,-0.157,0.9448,6.9466,1.4809,-9.7252,0,0,0
-0.3218,-0.1538,0.9392,6.9618,1.4809,-10.5649,0,0,0
-0.3242,-0.1519,0.9407,5.9466,1.9771,-10.855,0,0,0
-0.3252,-0.1677,0.9312,5.1527,2.5725,-10.4733,0,0,0
-0.3284,-0.1719,0.9299,5.7557,2.2366,-9.4198,0,0,0
-0.3247,-0.1562,0.936,5.3435,1.6031,-8.145,0,0,0
-0.3271,-0.1687,0.938,5.8168,0.8779,-8.1603,0,0,0
-0.3232,-0.1523,0.9458,6.0153,0.3588,-8.7405,0,0,0
-0.3269,-0.1648,0.938,6.0687,0.5573,-10.0153,0,0,0
-0.3335,-0.1575,0.9431,6.687,0.2977,-10.6031,0,0,0
-0.3271,-0.1602,0.9385,6.3435,0.229,-10.7328,0,0,0
-0.3242,-0.1702,0.9546,6.9008,-0.3282,-11.3511,0,0,0
-0.3167,-0.1694,0.9814,9.0305,1.2214,-12.5191,0,0,0
-0.3179,-0.1489,0.9678,9.8092,3.0687,-13.145,0,0,0
-0.3218,-0.147,0.9797,6.2824,4.2443,-12.3893,0,0,0
-0.3335,-0.1675,0.9729,5.4504,5.1679,-12.1145,0,0,0
-0.333,-0.1797,0.9812,8.916,5.7252,-12.9618,0,0,0
-0.3284,-0.1685,0.9739,15.0763,6.1985,-15.6336,0,0,0
-0.3408,-0.1367,0.9673,17.6031,6.4122,-16.6336,0,0,0
-0.3352,-0.1252,0.9507,13.6947,6.7863,-15.4275,0,0,0
-0.3359,-0.126,0.9568,7.7328,6.5573,-13.3588,0,0,0
-0.3459,-0.1304,0.9421,2.2061,5.2901,-12.1985,0,0,0
-0.3452,-0.1375,0.9385,-0.626,3.7176,-10.0458,0,0,0
-0.3372,-0.1409,0.9514,-1.5038,2.4885,-8.4809,0,0,0
-0.3391,-0.1379,0.9443,-1.1908,1.313,-8.1298,0,0,0
-0.3352,-0.1404,0.937,-1.4809,-0.3282,-7.3206,0,0,0
-0.3411,-0.1626,0.938,-0.5267,-1.9542,-5.7863,0,0,0
-0.3364,-0.1655,0.9419,0.7557,-2.3511,-3.687,0,0,0
-0.3369,-0.1584,0.9551,0.3511,-2.2595,-1.8168,0,0,0
-0.3306,-0.1548,0.9661,-0.1221,-1.8931,-1.2672,0,0,0
-0.322,-0.1689,0.9736,0.4504,-0.6641,-0.6412,0,0,0
-0.3262,-0.1755,0.9824,3.1069,1.1908,0.6031,0,0,0
-0.3269,-0.1826,0.9695,7.3969,2.2519,2.6565,0,0,0
-0.3394,-0.1614,0.9622,9.1832,1.3053,3.6947,0,0,0
-0.3406,-0.1516,0.9456,9.2366,0.0,3.2901,0,0,0
-0.3384,-0.1165,0.9558,6.4427,-1.3206,1.9695,0,0,0
-0.3364,-0.1179,0.9629,2.7481,-2.1679,0.5954,0,0,0
-0.3118,-0.113,0.9805,2.6641,-2.2519,-1.3282,0,0,0
-0.3083,-0.0974,1.0007,2.5344,0.2748,-3.542,0,0,0
-0.3184,-0.1016,0.9766,0.6947,1.626,-5.5267,0,0,0
-0.3289,-0.1396,0.9722,0.0534,3.542,-4.9237,0,0,0
-0.3435,-0.1365,0.9561,0.7099,3.5954,-3.3435,0,0,0
-0.3586,-0.135,0.9353,0.5573,1.7939,-1.7786,0,0,0
-0.3594,-0.1321,0.9299,-1.4198,-0.4427,0.2443,0,0,0
-0.3564,-0.1362,0.9287,-2.9924,-3.5191,2.3282,0,0,0
-0.3337,-0.1296,0.9565,-4.1527,-4.458,3.6565,0,0,0
-0.3232,-0.1165,0.9707,-4.0763,-2.0458,1.9466,0,0,0
-0.3318,-0.1311,0.9573,-4.4885,-0.5649,1.4427,0,0,0
-0.3408,-0.134,0.9485,-3.7176,-0.6183,1.5267,0,0,0
-0.3345,-0.1301,0.9373,-3.5496,-1.4046,2.1756,0,0,0
-0.3401,-0.1409,0.938,-3.4198,-2.8244,3.1298,0,0,0
-0.3425,-0.1433,0.939,-1.0534,-3.9466,4.4275,0,0,0
-0.3369,-0.1292,0.9302,-0.3893,-4.1145,4.2137,0,0,0
-0.3396,-0.125,0.9358,-1.1374,-4.0458,2.9084,0,0,0
-0.3477,-0.1311,0.9314,-3.0076,-4.6947,3.0534,0,0,0
-0.3528,-0.1499,0.9329,-2.5191,-6.5344,3.0992,0,0,0
-0.3503,-0.145,0.9324,-0.1603,-8.0992,3.4122,0,0,0
-0.3433,-0.1331,0.9656,0.374,-8.5802,4.0305,0,0,0
-0.3379,-0.1321,0.969,-0.0229,-7.8702,4.3282,0,0,0
-0.332,-0.1304,0.9817,-0.0534,-6.6565,3.4351,0,0,0
-0.3345,-0.1243,0.9785,-0.4275,-5.6031,1.7634,0,0,0
-0.3438,-0.1304,0.9578,-2.6107,-6.4046,0.2595,0,0,0
-0.3408,-0.1453,0.9578,-3.8931,-8.2672,-0.4733,0,0,0
-0.3257,-0.1621,0.9597,-3.3435,-8.8473,-0.9847,0,0,0
-0.3237,-0.167,0.9663,-1.3893,-8.4351,0.8473,0,0,0
-0.3237,-0.1567,0.9602,0.4733,-8.0687,2.1221,0,0,0
-0.3232,-0.1526,0.9661,1.8168,-7.8244,2.687,0,0,0
-0.322,-0.1438,0.9797,2.5038,-6.5649,2.2443,0,0,0
-0.3352,-0.1426,0.9685,2.4046,-5.7328,1.3511,0,0,0
-0.3438,-0.1597,0.9614,1.6947,-6.0076,1.313,0,0,0
-0.3296,-0.1628,0.9719,2.5267,-5.5267,2.8092,0,0,0
-0.3391,-0.155,0.9724,2.3359,-5.1298,3.0687,0,0,0
-0.3484,-0.144,0.9724,2.0,-6.0305,3.6336,0,0,0
-0.3352,-0.1357,0.9785,0.6565,-6.9008,3.5115,0,0,0
-0.3152,-0.1272,0.9951,-0.7023,-6.5649,3.4733,0,0,0
-0.3057,-0.1243,1.0076,-1.2672,-4.0229,2.8015,0,0,0
-0.3057,-0.1343,1.0071,-0.5344,-1.6718,2.0687,0,0,0
-0.3169,-0.1306,0.988,0.6336,-0.3435,2.5267,0,0,0
-0.3242,-0.1223,0.9778,1.7557,0.0916,2.8244,0,0,0
-0.3262,-0.104,0.9504,1.4351,-0.1298,2.5344,0,0,0
-0.3315,-0.0776,0.9392,-0.7176,-1.5649,1.3893,0,0,0
-0.3159,-0.0833,0.937,-3.229,-2.4198,-0.1527,0,0,0
-0.2957,-0.0974,0.9624,-4.3664,-1.5496,-1.3664,0,0,0
-0.3057,-0.1091,0.9453,-4.2061,-0.9466,-2.1756,0,0,0
-0.3208,-0.1221,0.9353,-3.9695,-2.0763,-2.1527,0,0,0
-0.3127,-0.126,0.9399,-3.4504,-3.4656,-1.8626,0,0,0
-0.3113,-0.1189,0.9338,-3.1679,-4.5725,-2.5878,0,0,0
-0.3088,-0.1252,0.9485,-2.9008,-4.5802,-3.5038,0,0,0
-0.3088,-0.1394,0.9556,-1.6336,-3.8702,-4.2748,0,0,0
-0.3093,-0.1426,0.9529,-1.1298,-3.2595,-4.1298,0,0,0
-0.3154,-0.1587,0.9548,-1.0611,-4.1756,-3.9542,0,0,0
-0.3115,-0.1582,0.9573,-1.3588,-5.6107,-3.1756,0,0,0
-0.2949,-0.1565,0.9648,-1.7557,-6.2366,-2.3359,0,0,0
-0.2861,-0.1577,0.9902,-2.1298,-6.084,-1.7557,0,0,0
-0.291,-0.1611,1.0056,-1.9313,-3.9542,-1.5573,0,0,0
-0.3081,-0.1697,0.9863,-1.229,-3.0763,-0.9389,0,0,0
-0.3196,-0.1814,0.9839,0.5344,-3.4733,1.2977,0,0,0
-0.3132,-0.1899,0.9888,3.6183,-3.8244,4.4885,0,0,0
-0.3022,-0.1765,1.0029,6.9466,-2.8626,7.0687,0,0,0
-0.3054,-0.1763,1.0134,9.8168,-2.6412,10.1603,0,0,0
-0.3027,-0.1545,1.0247,12.2214,-2.1832,12.9237,0,0,0
-0.2903,-0.1216,1.0415,12.8702,-0.3359,14.1527,0,0,0
-0.2908,-0.0876,1.0374,10.0382,1.3053,13.8092,0,0,0
-0.2939,-0.0693,1.0271,5.229,2.4198,13.9084,0,0,0
-0.2837,-0.0459,1.0269,-0.5496,3.3664,13.9466,0,0,0
-0.28,-0.0608,1.0186,-5.5267,5.771,12.9695,0,0,0
-0.2849,-0.0693,1.012,-9.0763,7.8092,12.9695,0,0,0
-0.2957,-0.0957,0.9768,-10.1221,9.4656,12.2366,0,0,0
-0.314,-0.1099,0.9629,-9.2061,8.7176,12.0382,0,0,0
-0.3167,-0.1152,0.9512,-7.1298,6.2443,12.5115,0,0,0
-0.3108,-0.1174,0.9497,-6.9237,3.771,13.9008,0,0,0
-0.2961,-0.1189,0.9504,-7.9466,2.3817,16.6107,0,0,0
-0.2888,-0.1118,0.9792,-7.2137,2.7328,16.8626,0,0,0
-0.292,-0.0845,0.9663,-7.5496,4.0534,15.2061,0,0,0
-0.3157,-0.0862,0.9536,-8.7176,4.6183,13.1603,0,0,0
-0.3291,-0.0889,0.9563,-9.3206,3.3282,10.9542,0,0,0
-0.3252,-0.1206,0.9648,-8.8092,4.7634,11.1603,0,0,0
-0.3262,-0.1257,0.9709,-5.1221,3.6794,11.9084,0,0,0
-0.322,-0.1001,0.9797,-2.8168,4.2214,12.5573,0,0,0
-0.3259,-0.075,0.9851,-2.0916,4.458,11.9618,0,0,0
-0.3335,-0.0667,0.9866,-4.3435,5.6031,10.8626,0,0,0
-0.3198,-0.074,0.9939,-5.0534,6.1985,8.1908,0,0,0
-0.3223,-0.0591,0.9868,-6.2137,6.8779,6.542,0,0,0
-0.3213,-0.072,0.9766,-8.1832,9.2443,4.2748,0,0,0
-0.3271,-0.0894,0.9746,-8.4198,10.5725,4.313,0,0,0
-0.3281,-0.0962,0.9785,-8.4962,11.5344,4.0458,0,0,0
-0.3484,-0.1082,0.9622,-8.4809,12.2366,3.5115,0,0,0
-0.3438,-0.124,0.9565,-5.7786,13.2977,2.1374,0,0,0
-0.3477,-0.1003,0.9568,-3.9771,14.1756,-0.5954,0,0,0
-0.3828,-0.093,0.9409,-3.5191,12.0534,-2.4809,0,0,0
-0.3677,-0.1365,0.9268,-5.542,11.6031,-1.8779,0,0,0
-0.3728,-0.1394,0.9424,-3.9618,8.9008,0.2366,0,0,0
-0.3616,-0.1345,0.9607,-2.8321,8.6718,2.2672,0,0,0
-0.3469,-0.124,0.9783,-2.6031,10.6412,3.1679,0,0,0
-0.3435,-0.1133,0.9912,-2.9695,12.9924,1.7328,0,0,0
-0.3333,-0.1172,0.9937,1.1374,15.2061,-2.916,0,0,0
-0.3286,-0.085,0.9639,2.6031,17.3282,-8.3359,0,0,0
-0.3535,-0.0918,0.9409,1.7786,16.0,-9.8626,0,0,0
-0.343,-0.0876,0.9353,0.1908,14.1145,-9.6565,0,0,0
-0.3647,-0.123,0.8989,-0.8779,12.0076,-8.4046,0,0,0
-0.3716,-0.1204,0.8877,1.8168,6.7099,-5.4275,0,0,0
-0.3511,-0.1082,0.8979,3.084,3.626,-2.6336,0,0,0
-0.3428,-0.0847,0.9158,2.5802,2.9847,0.0458,0,0,0
-0.3411,-0.0627,0.927,-0.7634,3.084,0.687,0,0,0
-0.3535,-0.0754,0.9114,-4.6412,3.0076,0.6565,0,0,0
-0.3577,-0.0876,0.9207,-7.8397,1.9924,0.2977,0,0,0
-0.3574,-0.0996,0.9175,-8.3588,0.2595,0.084,0,0,0
-0.3689,-0.113,0.9263,-7.4275,-1.6794,-0.3664,0,0,0
-0.3621,-0.1243,0.947,-3.458,-2.5725,-0.4198,0,0,0
-0.3599,-0.1057,0.9475,-0.0153,-2.1832,-0.6794,0,0,0
-0.3667,-0.1011,0.9404,0.8473,-1.9313,-1.5191,0,0,0
-0.3665,-0.114,0.946,1.0076,-2.0916,-1.9008,0,0,0
-0.363,-0.1057,0.9524,-0.6336,-1.5191,-1.9008,0,0,0
-0.3645,-0.1028,0.9482,-3.7023,-1.3053,-1.374,0,0,0
-0.3765,-0.1184,0.9475,-6.0305,-1.084,-0.8397,0,0,0
-0.385,-0.126,0.9465,-5.7786,-1.7023,0.4351,0,0,0
-0.3743,-0.1287,0.9436,-4.0687,-1.9847,0.5038,0,0,0
-0.385,-0.1182,0.9414,-2.6107,-2.6947,0.4351,0,0,0
-0.3823,-0.1216,0.9392,-1.7481,-3.687,0.4122,0,0,0
-0.3704,-0.1199,0.9526,-1.374,-3.9084,0.5954,0,0,0
-0.3662,-0.1079,0.9609,-2.626,-2.8168,0.1527,0,0,0
-0.3684,-0.1123,0.958,-5.9924,-2.3435,0.2748,0,0,0
-0.3706,-0.1401,0.9763,-9.4275,-1.7481,2.1298,0,0,0
-0.3589,-0.1699,0.9814,-9.0229,-0.3053,3.4122,0,0,0
-0.3679,-0.1667,0.9822,-5.4504,0.771,5.3664,0,0,0
-0.3669,-0.1594,0.9666,-4.5191,2.1832,6.4885,0,0,0
-0.3713,-0.1504,0.9551,-5.0611,2.2366,8.7176,0,0,0
-0.3767,-0.1394,0.9568,-7.1221,2.4427,12.0458,0,0,0
-0.3696,-0.1174,0.947,-10.6412,2.2901,15.8702,0,0,0
-0.376,-0.1057,0.9355,-14.6412,1.7634,17.4733,0,0,0
-0.3779,-0.1404,0.928,-16.7786,0.4198,19.084,0,0,0
-0.3835,-0.1304,0.9226,-15.7176,-1.9924,18.8626,0,0,0
-0.377,-0.1252,0.9355,-16.4809,-4.3511,18.1908,0,0,0
-0.3657,-0.1223,0.9497,-16.7939,-5.4427,17.9084,0,0,0
-0.3455,-0.135,0.9707,-14.9771,-4.1374,16.8473,0,0,0
-0.3459,-0.1172,0.9722,-13.1374,-1.4962,15.4962,0,0,0
-0.3528,-0.0984,0.9651,-11.0153,-0.2672,12.7328,0,0,0
-0.3679,-0.1028,0.9524,-9.0534,-0.9084,8.771,0,0,0
-0.3669,-0.0994,0.9338,-7.145,-1.7176,6.1527,0,0,0
-0.3792,-0.1099,0.937,-5.8321,-3.7939,3.4962,0,0,0
-0.3647,-0.1038,0.936,-4.0992,-4.626,1.6718,0,0,0
-0.355,-0.1047,0.958,-2.6794,-4.3053,0.0153,0,0,0
-0.3481,-0.0974,0.9644,-1.7634,-2.7786,-0.4275,0,0,0
-0.3464,-0.0967,0.9741,-1.8855,-1.0992,-1.6031,0,0,0
-0.3586,-0.0981,0.9668,-1.9008,-0.5878,-2.4046,0,0,0
-0.3674,-0.1047,0.9541,-1.7939,-0.5115,-3.6031,0,0,0
-0.3638,-0.104,0.9453,-2.8321,-0.7023,-3.626,0,0,0
-0.3584,-0.1177,0.9438,-3.6718,-0.5573,-3.7328,0,0,0
-0.3633,-0.1257,0.9319,-2.313,-0.6031,-5.1145,0,0,0
-0.3677,-0.1318,0.9519,0.7557,-1.3511,-6.7786,0,0,0
-0.3589,-0.1609,0.9531,6.3969,-1.3588,-7.6489,0,0,0
-0.3655,-0.1377,0.9529,10.6107,-1.0916,-7.9008,0,0,0
-0.3599,-0.134,0.9563,10.6489,-0.5496,-6.855,0,0,0
-0.3701,-0.1335,0.9502,10.145,-0.145,-6.3893,0,0,0
-0.3772,-0.1272,0.9441,11.1145,-0.6336,-6.7405,0,0,0
-0.3535,-0.1194,0.9443,15.1832,-0.1756,-10.1603,0,0,0
-0.3618,-0.0994,0.9353,18.3053,-0.0382,-13.7252,0,0,0
-0.3745,-0.0933,0.9443,17.4427,0.0611,-16.0534,0,0,0
-0.3792,-0.1023,0.9617,14.626,-0.8702,-14.9847,0,0,0
-0.3738,-0.115,0.9446,13.9466,-0.9771,-13.6107,0,0,0
-0.3643,-0.1003,0.9592,12.8015,-0.1832,-13.5649,0,0,0
-0.3728,-0.1038,0.9424,12.2214,-0.0382,-14.313,0,0,0
-0.3818,-0.1016,0.9375,12.2443,-1.3282,-15.7023,0,0,0
-0.3726,-0.0981,0.9309,12.2672,-2.8473,-15.9237,0,0,0
-0.365,-0.0974,0.9426,8.8168,-3.8473,-13.313,0,0,0
-0.3538,-0.1018,0.9578,3.6947,-3.458,-10.3817,0,0,0
-0.3577,-0.1147,0.9641,-0.6107,-1.9542,-6.9313,0,0,0
-0.3628,-0.1296,0.9595,-1.7252,-1.6031,-5.6718,0,0,0
-0.3625,-0.1409,0.9521,0.5725,-1.6718,-6.458,0,0,0
-0.3601,-0.1418,0.9597,4.1527,-1.6565,-6.9389,0,0,0
-0.3484,-0.123,0.957,8.0,-1.5954,-8.5038,0,0,0
-0.3623,-0.1021,0.9438,7.5725,-1.5878,-8.9084,0,0,0
-0.3679,-0.104,0.9434,6.2824,-1.9618,-7.8931,0,0,0
-0.3567,-0.1008,0.9578,4.9847,-2.2061,-6.0611,0,0,0
-0.3462,-0.0942,0.9685,2.5191,-0.6794,-5.2824,0,0,0
-0.3484,-0.1104,0.9805,4.3206,0.4733,-7.2824,0,0,0
-0.3564,-0.0837,0.97,6.145,2.1756,-10.2595,0,0,0
-0.3645,-0.0811,0.9563,7.8244,2.2595,-12.9771,0,0,0
-0.3743,-0.0757,0.9431,7.7023,1.8015,-14.0916,0,0,0
-0.3877,-0.0876,0.9333,7.8092,-0.1603,-14.4122,0,0,0
-0.375,-0.0864,0.9343,6.4122,-2.6794,-13.0992,0,0,0
-0.3696,-0.0962,0.9407,4.7405,-5.229,-10.9695,0,0,0
-0.3611,-0.1033,0.9387,5.1832,-6.3664,-10.7176,0,0,0
-0.364,-0.0996,0.9368,6.8092,-7.2748,-11.9466,0,0,0
-0.3606,-0.0986,0.9277,9.0382,-8.3817,-14.6641,0,0,0
-0.3633,-0.1008,0.9221,14.7786,-9.771,-18.7023,0,0,0
-0.3569,-0.0596,0.929,15.5725,-11.9008,-19.4656,0,0,0
-0.3499,-0.0659,0.927,12.8779,-13.2977,-18.3206,0,0,0
-0.3323,-0.0569,0.9543,8.3588,-13.5954,-16.1832,0,0,0
-0.3218,-0.0557,0.9597,2.229,-11.7328,-14.4198,0,0,0
-0.3352,-0.0745,0.9666,-0.7481,-10.1679,-14.4046,0,0,0
-0.3301,-0.1082,0.9661,0.3969,-9.5496,-16.2901,0,0,0
-0.3389,-0.1384,0.96,4.5344,-9.8473,-16.8855,0,0,0
-0.333,-0.156,0.9851,9.4275,-10.0,-14.4733,0,0,0
-0.3105,-0.1309,1.0017,11.771,-8.0534,-9.3435,0,0,0
-0.304,-0.0972,1.0105,8.9695,-4.1527,-5.3664,0,0,0
-0.312,-0.0791,1.0017,3.5267,-0.5115,-3.7252,0,0,0
-0.3242,-0.0916,0.9851,-1.1756,1.2443,-4.6489,0,0,0
-0.3484,-0.1353,0.9673,-0.7863,0.5802,-5.0916,0,0,0
-0.3391,-0.146,0.9595,2.4656,-1.0687,-3.9084,0,0,0
-0.3264,-0.1357,0.9656,5.5802,-1.5344,-2.6794,0,0,0
-0.3213,-0.1216,0.9756,5.6565,-0.9466,0.4656,0,0,0
-0.3174,-0.1011,0.9858,4.2901,0.2672,3.7405,0,0,0
-0.3218,-0.0942,0.9795,1.9695,1.9771,5.4275,0,0,0
-0.3235,-0.1116,0.9885,2.6794,3.6412,6.9847,0,0,0
-0.3198,-0.1294,0.9883,4.9008,5.916,8.8626,0,0,0
-0.3286,-0.1462,0.9917,12.4198,8.8321,12.1374,0,0,0
-0.3359,-0.113,0.9751,18.6412,10.3282,16.1145,0,0,0
-0.3501,-0.0845,0.9656,20.626,10.3053,17.7099,0,0,0
-0.3582,-0.0105,0.9666,16.4275,9.374,17.8397,0,0,0
-0.353,0.0356,0.97,4.5649,8.7939,16.2977,0,0,0
-0.3669,0.0352,0.979,-7.084,8.2061,12.5267,0,0,0
-0.365,0.0195,0.9824,-12.8321,7.229,5.542,0,0,0
-0.3586,-0.0234,0.9705,-14.9389,6.1221,1.0992,0,0,0
-0.3623,-0.0623,0.9834,-13.374,5.8092,-0.0458,0,0,0
-0.3652,-0.0942,0.9915,-7.1679,5.6641,-0.2366,0,0,0
-0.3481,-0.0801,0.9949,-1.2977,6.8321,0.9466,0,0,0
-0.3447,-0.0544,0.9995,0.5954,9.1527,0.8855,0,0,0
-0.3501,-0.0381,0.9805,-0.2824,11.1298,-0.4351,0,0,0
-0.3613,-0.0583,0.9709,-0.9084,11.8397,-2.8397,0,0,0
-0.3618,-0.0586,0.9563,-0.3359,10.6565,-2.4809,0,0,0
-0.3574,-0.0684,0.9509,0.9924,9.4885,-2.9695,0,0,0
-0.3704,-0.0559,0.9292,2.8626,8.084,-3.7099,0,0,0
-0.3762,-0.0574,0.9216,4.0153,5.4809,-4.7939,0,0,0
-0.3711,-0.0435,0.9287,3.0916,3.9618,-5.5954,0,0,0
-0.364,-0.0583,0.9343,2.8473,3.3206,-6.3817,0,0,0
-0.3484,-0.0498,0.9409,2.2366,3.8626,-5.1527,0,0,0
-0.3552,-0.074,0.9424,2.1908,4.313,-4.229,0,0,0
-0.3594,-0.0713,0.9397,3.4885,3.3893,-2.4504,0,0,0
-0.3657,-0.0671,0.9375,3.1374,1.6718,-0.6718,0,0,0
-0.3625,-0.0554,0.9368,1.5573,0.6031,1.0611,0,0,0
-0.3521,-0.0466,0.9497,0.7328,0.9924,-0.8473,0,0,0
-0.3511,-0.0378,0.9475,-1.374,0.6718,-2.542,0,0,0
-0.3594,-0.04,0.9441,-2.9084,0.313,-3.8015,0,0,0
-0.3611,-0.0681,0.9421,-2.5267,-0.6031,-4.6489,0,0,0
-0.3633,-0.0671,0.9365,-1.0,-1.7328,-5.2824,0,0,0
-0.3689,-0.0791,0.9329,0.7328,-2.8015,-5.1374,0,0,0
-0.3672,-0.0769,0.9421,1.5496,-3.9542,-4.771,0,0,0
-0.3608,-0.0723,0.9512,0.7786,-4.8779,-3.4885,0,0,0
-0.3477,-0.0737,0.9692,1.0076,-3.7863,-2.5191,0,0,0
-0.3376,-0.0649,0.9841,4.7939,-1.1832,-4.0153,0,0,0
-0.3513,-0.0237,0.9653,6.5115,0.7863,-7.2672,0,0,0
-0.3726,-0.031,0.9421,4.3359,0.8321,-8.7939,0,0,0
-0.3823,-0.0452,0.9446,3.2901,-1.0763,-9.0382,0,0,0
-0.3762,-0.0466,0.9387,3.8779,-2.855,-9.3817,0,0,0
-0.3652,-0.0449,0.9517,3.229,-3.2977,-8.229,0,0,0
-0.3591,-0.0461,0.9673,4.0611,-2.1908,-8.6336,0,0,0
-0.3577,-0.0383,0.9705,4.8473,-0.855,-10.3053,0,0,0
-0.3638,-0.0481,0.9673,5.9695,0.3817,-12.5878,0,0,0
-0.3704,-0.0508,0.9529,6.9847,0.2061,-13.8092,0,0,0
-0.3774,-0.0601,0.9509,6.1756,-0.9237,-13.2443,0,0,0
-0.3743,-0.0662,0.9446,3.9847,-1.9313,-10.8702,0,0,0
-0.3643,-0.0664,0.9583,1.5267,-3.145,-7.7328,0,0,0
-0.3523,-0.0688,0.9695,-1.8855,-2.0916,-4.5191,0,0,0
-0.3625,-0.0735,0.9697,-3.1832,-1.3206,-1.6641,0,0,0
-0.3635,-0.0754,0.9717,-3.3588,-0.9924,-0.3817,0,0,0
-0.3601,-0.0752,0.979,-0.3969,-0.3664,-1.1908,0,0,0
-0.3564,-0.0579,0.9844,3.6489,1.1069,-2.8168,0,0,0
-0.3711,-0.0457,0.9697,4.0916,2.3282,-4.3282,0,0,0
-0.3721,-0.0396,0.96,2.6412,2.2443,-4.8397,0,0,0
-0.375,-0.0405,0.9678,-0.7481,1.4427,-3.7481,0,0,0
-0.3699,-0.0398,0.9634,-3.7099,0.771,-2.2901,0,0,0
-0.3723,-0.0459,0.9607,-6.0458,1.0687,-1.1145,0,0,0
-0.3752,-0.0403,0.9536,-7.6183,0.2901,-0.4275,0,0,0
-0.3647,-0.0664,0.9512,-6.8779,-0.374,0.0763,0,0,0
-0.3625,-0.0632,0.9436,-3.8321,-0.229,0.0,0,0,0
-0.3684,-0.0601,0.9417,-2.3435,-0.8092,0.0763,0,0,0
-0.363,-0.0576,0.9507,-1.7634,-1.2137,0.5573,0,0,0
-0.3523,-0.0437,0.9585,-2.8931,-0.6794,1.1527,0,0,0
-0.3516,-0.051,0.9553,-4.626,0.5954,1.4427,0,0,0
-0.3662,-0.0513,0.9502,-5.1908,0.8092,1.542,0,0,0
-0.3638,-0.0579,0.9421,-4.3969,-0.1145,1.2672,0,0,0
-0.3679,-0.0642,0.9414,-3.4351,-1.1908,1.3435,0,0,0
-0.3647,-0.0688,0.949,-1.9847,-1.4122,1.4275,0,0,0
-0.3579,-0.0615,0.9602,-0.8626,-1.2214,1.5802,0,0,0
-0.3547,-0.0542,0.9724,-1.2443,-0.4351,1.0305,0,0,0
-0.3577,-0.0549,0.9705,-2.3053,0.4733,0.9008,0,0,0
-0.366,-0.0637,0.9687,-2.2672,0.9924,1.0687,0,0,0
-0.3701,-0.0532,0.9631,-1.4962,0.7481,0.2061,0,0,0
-0.375,-0.0483,0.9587,-1.4122,0.0611,0.0,0,0,0
-0.3699,-0.0483,0.9622,-1.6183,-0.2595,-0.5649,0,0,0
-0.3672,-0.0493,0.9617,-2.8626,-0.7557,-0.3664,0,0,0
-0.365,-0.0481,0.9612,-3.9389,-0.7328,-0.1908,0,0,0
-0.3579,-0.0593,0.97,-5.2366,-0.1527,0.2061,0,0,0
-0.3555,-0.0698,0.97,-5.6947,1.1145,0.771,0,0,0
-0.3604,-0.0737,0.9768,-4.3817,2.2519,1.7634,0,0,0
-0.3613,-0.0654,0.9685,-3.8473,3.5038,2.6336,0,0,0
-0.3706,-0.063,0.9583,-3.3282,3.1832,2.9008,0,0,0
-0.3687,-0.0427,0.9563,-3.8092,3.0916,2.9618,0,0,0
-0.3635,-0.0347,0.9529,-6.4122,3.0916,3.1145,0,0,0
-0.3613,-0.041,0.9563,-9.3435,3.1679,3.8015,0,0,0
-0.3687,-0.0518,0.9497,-11.5725,3.5115,4.1832,0,0,0
-0.3706,-0.053,0.9392,-12.6107,3.0992,5.2061,0,0,0
-0.384,-0.0588,0.9219,-14.4885,1.1832,6.5954,0,0,0
-0.3826,-0.0747,0.9141,-15.8092,-1.7634,9.313,0,0,0
-0.3811,-0.0867,0.9153,-16.3664,-3.8855,11.855,0,0,0
-0.3618,-0.0925,0.9233,-15.1985,-5.2519,13.0534,0,0,0
-0.3457,-0.0803,0.9492,-11.542,-4.2443,11.6794,0,0,0
-0.3401,-0.0413,0.9717,-11.1221,-1.6718,9.0992,0,0,0
-0.3545,-0.0244,0.9529,-14.9466,0.313,8.084,0,0,0
-0.3718,-0.0549,0.9475,-19.2137,-0.0076,8.4885,0,0,0
-0.377,-0.0679,0.9485,-21.7786,-1.0229,10.1832,0,0,0
-0.377,-0.0698,0.9473,-21.4733,-2.3588,9.9847,0,0,0
-0.3716,-0.0835,0.9463,-21.9771,-3.3511,11.0763,0,0,0
-0.3823,-0.1042,0.9463,-20.9542,-4.1069,12.1374,0,0,0
-0.3801,-0.134,0.9678,-15.0305,-4.916,11.1985,0,0,0
-0.3484,-0.0852,0.9929,-6.2748,-3.3664,8.8626,0,0,0
-0.3511,-0.0737,0.9736,-4.1679,-0.626,7.1221,0,0,0
-0.3752,-0.074,0.9634,-2.9313,0.7176,6.0382,0,0,0
-0.3806,-0.0618,0.9563,-1.6794,0.1221,5.0153,0,0,0
-0.3809,-0.0449,0.9463,-0.5344,-0.5649,2.2137,0,0,0
-0.3811,-0.0315,0.9548,-2.4198,-1.4809,0.1985,0,0,0
-0.386,-0.0562,0.9648,-5.0611,-1.5573,-1.229,0,0,0
-0.3774,-0.0715,0.9685,-6.8779,-1.7481,-1.3511,0,0,0
-0.3772,-0.0906,0.9756,-7.5802,-0.2137,-0.2672,0,0,0
-0.3782,-0.1104,0.9761,-5.8702,0.4198,0.6107,0,0,0
-0.3767,-0.0972,0.9775,-3.3893,0.8015,0.8321,0,0,0
-0.3774,-0.0898,0.9731,-3.8626,1.6107,1.6641,0,0,0
-0.3691,-0.0886,0.9714,-5.2748,2.313,2.0153,0,0,0
-0.3733,-0.0847,0.9568,-7.0305,3.3435,2.1527,0,0,0
-0.3716,-0.095,0.95,-7.8168,3.145,1.145,0,0,0
-0.3733,-0.1038,0.9414,-6.9389,3.2672,-0.6489,0,0,0
-0.3774,-0.1169,0.9253,-6.2672,1.9466,-1.4656,0,0,0
-0.3813,-0.1184,0.938,-5.2748,0.9237,-1.1832,0,0,0
-0.3682,-0.1147,0.9497,-2.0305,-0.1603,-1.542,0,0,0
-0.3569,-0.0959,0.9595,-0.084,-0.0458,-1.1069,0,0,0
-0.3499,-0.0935,0.9609,0.1221,0.7939,-1.313,0,0,0
-0.3489,-0.0879,0.9573,0.2977,1.6183,-2.3282,0,0,0
-0.3538,-0.0842,0.95,1.8473,2.0534,-4.7481,0,0,0
-0.3696,-0.0806,0.9431,2.7557,1.6641,-6.5725,0,0,0
-0.364,-0.1045,0.9507,4.8168,1.4427,-7.2977,0,0,0
-0.3577,-0.0916,0.9551,11.0382,1.8092,-9.2137,0,0,0
-0.3328,-0.0569,0.9585,14.0458,3.5115,-12.1679,0,0,0
-0.3772,-0.0652,0.9473,13.6794,3.8473,-11.5344,0,0,0
-0.3799,-0.0623,0.9414,12.5954,3.3588,-11.2824,0,0,0
-0.3843,-0.0464,0.9233,11.0611,2.1145,-12.7863,0,0,0
-0.3928,-0.0608,0.9094,9.0687,-0.2519,-14.458,0,0,0
-0.397,-0.0796,0.9009,9.626,-3.4046,-15.4275,0,0,0
-0.3921,-0.0835,0.8962,11.5496,-7.084,-15.7099,0,0,0
-0.375,-0.0725,0.9065,10.6107,-10.1298,-13.7328,0,0,0
-0.3572,-0.0615,0.925,5.0305,-10.855,-9.7481,0,0,0
-0.3462,-0.0676,0.968,-1.6336,-9.3206,-5.8321,0,0,0
-0.3264,-0.0593,0.9819,-9.4809,-5.4427,-2.4351,0,0,0
-0.3428,-0.1013,0.9724,-13.7939,-2.5267,-0.7328,0,0,0
-0.3594,-0.1306,0.9756,-12.4427,-1.0611,0.0763,0,0,0
-0.3652,-0.1428,0.9551,-7.1832,-1.4351,0.1832,0,0,0
-0.3665,-0.1426,0.9517,-0.7099,-1.771,0.0,0,0,0
-0.3706,-0.1201,0.9414,3.5344,-2.5267,0.1298,0,0,0
-0.3757,-0.0916,0.9448,4.3817,-2.6412,0.0534,0,0,0
-0.3699,-0.0762,0.9541,2.0916,-2.7786,0.6107,0,0,0
-0.3611,-0.0764,0.9707,-0.9542,-1.2137,0.3817,0,0,0
-0.3657,-0.0781,0.9736,-3.3588,0.1832,0.1527,0,0,0
-0.3755,-0.1047,0.9766,-4.4198,0.5573,0.2672,0,0,0
-0.3694,-0.1179,0.9783,-2.458,1.4885,1.0229,0,0,0
-0.3657,-0.1101,0.9751,-0.7786,2.3664,2.5115,0,0,0
-0.3708,-0.0935,0.9709,-2.5573,3.5115,4.6641,0,0,0
-0.3774,-0.085,0.9675,-4.8321,4.229,5.9618,0,0,0
-0.3745,-0.073,0.9653,-7.5649,4.6489,6.8779,0,0,0
-0.3706,-0.0742,0.9617,-8.7099,5.1679,7.0,0,0,0
-0.3735,-0.0725,0.9502,-9.3053,5.542,6.6489,0,0,0
-0.386,-0.0791,0.9626,-11.3282,5.2595,8.4351,0,0,0
-0.3796,-0.0786,0.9431,-12.855,5.9847,9.6565,0,0,0
-0.3906,-0.0889,0.9346,-13.6641,4.5878,11.8321,0,0,0
-0.3911,-0.0935,0.937,-13.7863,3.0382,12.9695,0,0,0
-0.3774,-0.0828,0.9258,-15.4198,1.9466,13.7863,0,0,0
-0.3733,-0.0852,0.9346,-17.5191,1.2519,14.7252,0,0,0
-0.3706,-0.0935,0.9414,-19.6565,0.6489,16.5038,0,0,0
-0.3721,-0.1189,0.9431,-19.2595,0.5267,16.7481,0,0,0
-0.3689,-0.1001,0.9578,-16.4885,0.6412,15.9389,0,0,0
-0.3696,-0.1025,0.957,-14.7176,1.0,14.1985,0,0,0
-0.3735,-0.0977,0.9597,-11.3282,1.458,11.687,0,0,0
-0.3728,-0.0786,0.9517,-7.8092,1.313,8.374,0,0,0
-0.3811,-0.0823,0.9387,-7.1679,0.8931,6.0534,0,0,0
-0.3848,-0.0823,0.9387,-8.4198,-0.2824,7.0305,0,0,0
-0.3772,-0.0867,0.9417,-10.5878,-0.542,8.9466,0,0,0
-0.3926,-0.0994,0.9424,-10.9237,-0.542,10.6565,0,0,0
-0.3789,-0.0845,0.9438,-11.687,-0.1374,10.4656,0,0,0
-0.3845,-0.0884,0.9392,-11.145,-0.7634,10.0611,0,0,0
-0.3826,-0.1045,0.939,-9.3435,-1.5802,9.626,0,0,0
-0.3833,-0.1042,0.9382,-5.145,-2.1374,8.2595,0,0,0
-0.3728,-0.0891,0.946,-4.3359,-2.0534,7.4198,0,0,0
-0.3806,-0.0767,0.9487,-5.5802,-1.8321,7.7786,0,0,0
-0.3794,-0.0854,0.9556,-7.3053,-1.2977,7.1832,0,0,0
-0.3804,-0.082,0.9575,-7.5496,-1.374,6.4198,0,0,0
-0.3789,-0.0828,0.957,-7.4122,-1.5878,5.4656,0,0,0
-0.3813,-0.0923,0.9451,-7.2443,-1.7786,3.6031,0,0,0
-0.3765,-0.1074,0.9536,-8.0611,-2.1985,3.9771,0,0,0
-0.3723,-0.1101,0.9487,-9.8015,-1.5115,5.9695,0,0,0
-0.364,-0.1162,0.9451,-11.9084,-0.6794,8.6183,0,0,0
-0.3811,-0.1316,0.95,-11.771,-0.771,9.7557,0,0,0
-0.3708,-0.125,0.9543,-11.8015,-0.6107,10.4885,0,0,0
-0.3708,-0.1111,0.95,-11.9618,0.084,10.4733,0,0,0
-0.4041,-0.1057,0.936,-13.4656,-0.1756,10.2901,0,0,0
-0.3784,-0.1189,0.9443,-13.8931,-0.5496,9.9924,0,0,0
-0.3767,-0.1204,0.938,-14.6718,-0.542,10.4122,0,0,0
-0.3818,-0.1282,0.9373,-14.9771,-1.4809,11.3435,0,0,0
-0.3699,-0.1274,0.9436,-16.8168,-0.1069,13.1069,0,0,0
-0.3735,-0.1243,0.9524,-17.0076,-0.2977,13.1603,0,0,0
-0.3757,-0.1238,0.9465,-16.6031,0.313,12.8473,0,0,0
-0.3782,-0.103,0.9399,-16.4809,0.4656,13.0382,0,0,0
-0.3796,-0.1282,0.9224,-14.8321,-0.626,11.2977,0,0,0
-0.3955,-0.1331,0.9092,-12.5649,-2.0382,9.8321,0,0,0
-0.4019,-0.1299,0.8979,-9.7939,-4.3435,9.3969,0,0,0
-0.386,-0.1147,0.9172,-8.4733,-6.9313,9.2672,0,0,0
-0.3611,-0.115,0.9495,-9.0763,-6.1832,9.6641,0,0,0
-0.3594,-0.1011,0.9614,-10.9084,-3.2214,9.3511,0,0,0
-0.3645,-0.1116,0.967,-12.1069,-0.229,7.3969,0,0,0
-0.3782,-0.1191,0.95,-11.2061,0.7328,4.9542,0,0,0
-0.3855,-0.1309,0.9385,-8.6718,0.6794,3.4733,0,0,0
-0.3901,-0.1384,0.9302,-4.4046,-1.0687,3.5267,0,0,0
-0.3838,-0.1287,0.926,-1.6412,-1.9466,3.7557,0,0,0
-0.3743,-0.1064,0.9368,-0.0382,-1.3282,2.7481,0,0,0
-0.3806,-0.0967,0.9375,-2.0,-0.7786,1.2137,0,0,0
-0.3779,-0.0979,0.9536,-6.687,-0.5725,0.4809,0,0,0
-0.3823,-0.1255,0.9497,-10.8931,0.3664,0.6489,0,0,0
-0.3867,-0.145,0.946,-11.1221,0.771,1.542,0,0,0
-0.3884,-0.1528,0.9438,-9.8015,0.8168,2.6183,0,0,0
-0.3872,-0.1602,0.9556,-6.3893,0.9313,3.8321,0,0,0
-0.3831,-0.1418,0.9614,-4.0229,1.4809,4.916,0,0,0
-0.3801,-0.1265,0.9597,-4.3359,2.5649,4.5878,0,0,0
-0.3938,-0.1221,0.9424,-5.7176,2.9084,3.4809,0,0,0
-0.3982,-0.1292,0.9319,-5.7557,1.6107,2.5496,0,0,0
-0.4043,-0.1433,0.9241,-4.687,0.2824,1.7023,0,0,0
-0.4004,-0.1394,0.928,-0.4046,-1.5954,0.5191,0,0,0
-0.3965,-0.1418,0.9407,4.8397,-2.2061,-0.9008,0,0,0
-0.3833,-0.1245,0.9482,9.2672,-2.1527,-2.5573,0,0,0
-0.3838,-0.105,0.9458,10.0076,-1.2977,-3.771,0,0,0
-0.3926,-0.1099,0.9492,8.8931,-0.6794,-4.2748,0,0,0
-0.3918,-0.1226,0.9485,8.5802,-1.1603,-4.8244,0,0,0
-0.3909,-0.1577,0.979,10.9313,-0.2443,-5.6489,0,0,0
-0.3594,-0.1025,0.9934,20.5267,1.771,-10.8015,0,0,0
-0.3589,-0.0518,0.9934,22.5191,5.1756,-14.1374,0,0,0
-0.3877,-0.0767,0.9785,21.4275,7.9847,-15.145,0,0,0
-0.4075,-0.0842,0.9534,21.0153,7.8779,-15.8244,0,0,0
-0.4077,-0.0723,0.9263,19.1985,5.4351,-16.9008,0,0,0
-0.4114,-0.0825,0.9001,18.5496,2.5496,-18.9847,0,0,0
-0.3999,-0.0784,0.9121,17.1756,0.1756,-19.5573,0,0,0
-0.3879,-0.0955,0.9207,14.7023,-1.3282,-18.5878,0,0,0
-0.3853,-0.1104,0.9189,11.8702,-2.4275,-15.4275,0,0,0
-0.374,-0.1187,0.9326,11.7557,-3.2672,-13.3053,0,0,0
-0.3655,-0.1042,0.9421,12.3664,-2.2748,-13.1985,0,0,0
-0.3657,-0.0913,0.9404,10.8855,-1.8626,-13.1756,0,0,0
-0.3787,-0.113,0.9331,8.8092,-1.9618,-11.7939,0,0,0
-0.3796,-0.1309,0.9319,8.6183,-2.5344,-9.7405,0,0,0
-0.3831,-0.1204,0.9407,8.3588,-3.1908,-7.7634,0,0,0
-0.3677,-0.1204,0.9612,8.4504,-2.4504,-6.0458,0,0,0
-0.3608,-0.0994,0.9695,8.1679,-0.1985,-5.9771,0,0,0
-0.3608,-0.0881,0.9714,6.6107,1.8397,-6.1527,0,0,0
-0.3728,-0.0952,0.9561,5.3206,2.7023,-6.8779,0,0,0
-0.385,-0.1008,0.9534,5.2519,2.6183,-7.8244,0,0,0
-0.3882,-0.0984,0.9382,6.2519,1.9084,-8.7405,0,0,0
-0.3914,-0.0972,0.9336,5.3969,1.2748,-7.9466,0,0,0
-0.3984,-0.1045,0.9312,6.5038,0.3359,-7.5344,0,0,0
-0.3945,-0.1028,0.9373,8.4122,-0.4885,-7.5573,0,0,0
-0.3752,-0.0884,0.946,11.3817,-0.0763,-8.9695,0,0,0
-0.3728,-0.0535,0.9492,10.0916,2.1985,-10.3664,0,0,0
-0.3821,-0.0669,0.9438,7.9695,3.229,-11.9084,0,0,0
-0.3965,-0.0693,0.9399,5.5344,2.8931,-12.4962,0,0,0
-0.3999,-0.0928,0.929,5.9389,1.7481,-12.7099,0,0,0
-0.3997,-0.0972,0.9185,7.0229,-0.8626,-13.1832,0,0,0
-0.396,-0.093,0.9077,8.6947,-3.1221,-12.5802,0,0,0
-0.4048,-0.0894,0.8965,10.8397,-6.2977,-12.1985,0,0,0
-0.3962,-0.0703,0.9023,13.145,-9.4198,-13.1145,0,0,0
-0.3782,-0.0476,0.918,13.6565,-10.6947,-14.4351,0,0,0
-0.3843,-0.054,0.9346,14.0992,-10.9695,-17.1069,0,0,0
-0.3787,-0.0442,0.9319,16.2519,-11.8855,-21.2595,0,0,0
-0.3743,-0.0391,0.9275,16.7557,-12.5191,-25.0305,0,0,0
-0.3889,-0.0635,0.9036,17.8626,-14.3817,-27.2137,0,0,0
-0.3579,-0.074,0.9731,15.9695,-16.5496,-24.1603,0,0,0
-0.3135,-0.0576,1.011,6.5649,-11.4656,-14.2214,0,0,0
-0.3086,-0.0815,1.0281,-0.8779,-4.4275,-7.8626,0,0,0
-0.3225,-0.0798,1.0225,-4.7023,0.8626,-4.6641,0,0,0
-0.3545,-0.0881,0.9934,-5.8168,2.8397,-5.0916,0,0,0
-0.3669,-0.1091,0.9609,-2.5954,1.5344,-6.4351,0,0,0
-0.3672,-0.1243,0.9602,-0.1603,-0.084,-4.8626,0,0,0
-0.3513,-0.1252,0.9604,1.2519,0.1298,-1.6947,0,0,0
-0.3481,-0.1067,0.9536,0.7634,1.0,1.1145,0,0,0
-0.3525,-0.0835,0.9575,-2.7557,1.3664,3.0992,0,0,0
-0.3569,-0.0886,0.9507,-7.6641,2.0916,5.7176,0,0,0
-0.3701,-0.1067,0.9409,-10.771,1.6336,8.1145,0,0,0
-0.3726,-0.1157,0.9392,-10.4962,0.9008,9.9466,0,0,0
-0.3823,-0.1184,0.9436,-7.626,0.1527,11.5878,0,0,0
-0.3711,-0.0938,0.9556,-2.855,-0.1069,12.0992,0,0,0
-0.3625,-0.075,0.9651,-0.9618,1.0,11.9313,0,0,0
-0.3611,-0.0559,0.9805,-3.3053,1.9847,12.3817,0,0,0
-0.3665,-0.0417,0.9858,-9.2901,4.0382,15.3053,0,0,0
-0.3738,-0.0591,0.9805,-13.2366,6.1527,16.229,0,0,0
-0.3816,-0.0718,0.9741,-11.7481,7.145,14.1527,0,0,0
-0.3826,-0.0615,0.9612,-7.6489,6.7252,10.1756,0,0,0
-0.3909,-0.0588,0.9514,-3.5344,5.7557,6.5267,0,0,0
-0.3879,-0.0625,0.9548,-0.2824,4.7099,4.6107,0,0,0
-0.3706,-0.0535,0.9556,0.3282,5.0305,4.9313,0,0,0
-0.3792,-0.0522,0.9465,-0.0229,5.7634,3.5496,0,0,0
-0.3804,-0.0588,0.9392,-0.8397,5.1527,2.4733,0,0,0
-0.3784,-0.0637,0.938,-2.2748,4.8244,1.8244,0,0,0
-0.377,-0.0991,0.938,-0.6107,4.229,1.3206,0,0,0
-0.377,-0.1138,0.9421,4.9924,4.1679,2.5725,0,0,0
-0.3616,-0.0928,0.9492,11.1603,4.8702,2.8244,0,0,0
-0.3657,-0.0657,0.9424,14.0992,6.0763,3.9466,0,0,0
-0.3794,-0.0339,0.9292,14.0305,6.6336,3.2061,0,0,0
-0.3848,-0.0139,0.9146,10.542,5.7328,1.7176,0,0,0
-0.3933,-0.0112,0.9136,5.9008,3.3511,-0.9847,0,0,0
-0.3994,-0.0261,0.9023,3.6412,0.9771,-3.7863,0,0,0
-0.3928,-0.0308,0.925,2.2137,-1.4656,-5.1374,0,0,0
-0.3853,-0.0449,0.9326,1.2519,-2.4351,-5.4046,0,0,0
-0.3755,-0.0581,0.968,2.9924,-2.3664,-5.8397,0,0,0
-0.3452,-0.0574,1.0017,7.4733,0.9542,-7.4122,0,0,0
-0.3369,-0.0056,0.999,7.0763,6.7939,-10.0076,0,0,0
-0.3787,-0.0337,0.9668,3.4962,9.6565,-9.6489,0,0,0
-0.3933,-0.0535,0.9595,0.8626,9.7863,-8.3588,0,0,0
-0.4023,-0.0549,0.9397,-0.5344,9.4733,-8.1221,0,0,0
-0.4189,-0.0627,0.9294,-3.5878,5.7405,-5.3053,0,0,0
-0.4006,-0.0706,0.9363,-5.9084,4.1069,-3.1069,0,0,0
-0.3909,-0.0771,0.9458,-6.4122,3.8626,-0.3969,0,0,0
-0.4048,-0.0876,0.9363,-5.8244,3.9618,-0.1145,0,0,0
-0.405,-0.0789,0.9263,-3.771,2.7481,-0.084,0,0,0
-0.4063,-0.0669,0.9302,-4.374,1.6183,0.6794,0,0,0
-0.4023,-0.0557,0.9307,-7.0229,0.2595,1.9618,0,0,0
-0.3928,-0.0466,0.9412,-11.8779,-0.4733,4.3969,0,0,0
-0.3901,-0.0496,0.959,-16.6107,0.2672,6.8626,0,0,0
-0.3955,-0.0613,0.9612,-17.6718,0.5344,6.2748,0,0,0
-0.4048,-0.0676,0.9519,-16.1603,0.7176,4.1145,0,0,0
-0.4055,-0.0742,0.9392,-11.9771,0.7099,1.7023,0,0,0
-0.405,-0.0798,0.9436,-8.916,-0.1603,0.5191,0,0,0
-0.3923,-0.0955,0.9575,-4.771,1.0076,0.8397,0,0,0
-0.3904,-0.0654,0.9478,-3.1374,2.4809,1.4351,0,0,0
-0.4021,-0.062,0.9453,-4.8015,2.8779,1.4733,0,0,0
-0.4126,-0.063,0.9409,-7.0305,3.084,2.0611,0,0,0
-0.4019,-0.0647,0.9521,-8.6183,3.3893,2.4733,0,0,0
-0.4009,-0.0657,0.9487,-9.3206,3.8321,2.1069,0,0,0
-0.4023,-0.0823,0.9563,-9.2137,4.6336,2.2595,0,0,0
-0.4121,-0.0896,0.9443,-8.0153,4.687,2.7939,0,0,0
-0.4133,-0.0818,0.9451,-8.4351,4.4198,3.8626,0,0,0
-0.417,-0.0759,0.9448,-10.5878,4.4198,5.6183,0,0,0
-0.4229,-0.0786,0.9465,-13.3511,4.2824,8.4046,0,0,0
-0.4158,-0.0769,0.938,-16.7405,4.2366,10.4809,0,0,0
-0.4204,-0.085,0.9224,-19.3664,3.3435,13.1221,0,0,0
-0.4216,-0.115,0.917,-20.0153,1.3053,15.229,0,0,0
-0.418,-0.1145,0.9148,-18.084,-1.2443,16.0153,0,0,0
-0.4189,-0.105,0.925,-15.9084,-1.4809,16.3282,0,0,0
-0.4141,-0.0891,0.9226,-13.626,-1.3588,15.2366,0,0,0
-0.4119,-0.0764,0.9282,-12.6794,-1.9924,13.8015,0,0,0
-0.4111,-0.0667,0.928,-12.4122,-2.9542,11.8626,0,0,0
-0.4082,-0.0742,0.9263,-11.7099,-4.4351,9.5038,0,0,0
-0.3994,-0.0779,0.9314,-11.2901,-5.2977,7.3282,0,0,0
-0.3921,-0.0754,0.9307,-11.0,-4.7557,5.2672,0,0,0
-0.387,-0.0679,0.9314,-12.8779,-3.4351,5.5038,0,0,0
-0.3965,-0.0901,0.9312,-13.145,-2.7328,4.3969,0,0,0
-0.3984,-0.1062,0.9304,-10.5954,-2.8855,4.6183,0,0,0
-0.4004,-0.104,0.9346,-5.5344,-3.4656,3.6336,0,0,0
-0.3911,-0.0791,0.9385,-4.0992,-2.8244,3.2519,0,0,0
-0.396,-0.0867,0.9382,-4.374,-2.6794,3.229,0,0,0
-0.4011,-0.0847,0.9434,-5.7786,-1.9542,3.7023,0,0,0
-0.4033,-0.0808,0.9424,-7.4351,-1.374,3.6794,0,0,0
-0.4014,-0.0874,0.9302,-8.8168,-1.5267,3.7939,0,0,0
-0.3958,-0.0969,0.9351,-10.1756,-1.916,3.7252,0,0,0
-0.4053,-0.1094,0.9307,-9.1145,-2.4046,3.2061,0,0,0
-0.4058,-0.106,0.9221,-7.2595,-3.4046,3.2901,0,0,0
-0.3992,-0.1194,0.9343,-5.855,-4.3664,4.0992,0,0,0
-0.3953,-0.1221,0.9426,-3.916,-3.9084,4.2519,0,0,0
-0.3889,-0.1042,0.9646,-2.3435,-2.8321,4.0611,0,0,0
-0.3921,-0.0891,0.9612,-3.2061,-1.3282,3.2672,0,0,0
-0.3953,-0.1062,0.9614,-4.6031,-0.1679,2.6031,0,0,0
-0.3931,-0.1123,0.9631,-3.9237,1.1298,2.5573,0,0,0
-0.4011,-0.1013,0.9441,-4.3282,0.9847,2.5802,0,0,0
-0.4128,-0.1067,0.9333,-5.3359,0.4275,2.7405,0,0,0
-0.4102,-0.1133,0.9395,-4.9924,-0.2443,3.2443,0,0,0
-0.408,-0.1008,0.9304,-5.5878,-0.3664,4.229,0,0,0
-0.4067,-0.1035,0.9402,-6.9771,-0.2214,4.9542,0,0,0
-0.4153,-0.1069,0.938,-7.3435,-0.4427,5.2137,0,0,0
-0.4077,-0.1006,0.9312,-6.4809,-0.7863,5.5878,0,0,0
-0.408,-0.1011,0.9326,-6.542,-0.9084,5.9313,0,0,0
-0.408,-0.0984,0.9448,-5.8168,-0.7099,5.3893,0,0,0
-0.4041,-0.0999,0.9419,-5.4809,-0.0458,5.0076,0,0,0
-0.4126,-0.1035,0.9353,-6.0458,-0.0458,4.3435,0,0,0
-0.4124,-0.1035,0.9336,-6.8931,-0.4275,4.2672,0,0,0
-0.4077,-0.1157,0.9353,-7.5267,-0.5344,5.4733,0,0,0
-0.4146,-0.1206,0.9363,-7.8244,-1.0992,7.0305,0,0,0
-0.4141,-0.1189,0.9375,-7.855,-1.3206,7.0076,0,0,0
-0.3982,-0.1287,0.9324,-7.0458,-1.0305,7.4122,0,0,0
-0.4004,-0.1213,0.9441,-5.8626,-0.8244,7.084,0,0,0
-0.4001,-0.1074,0.9524,-5.9389,0.458,6.855,0,0,0
-0.4023,-0.1072,0.9519,-6.1527,2.0458,6.7481,0,0,0
-0.4165,-0.1003,0.9382,-5.8092,1.8321,6.0382,0,0,0
-0.4155,-0.0991,0.9233,-5.3435,0.8931,5.0763,0,0,0
-0.4131,-0.0994,0.9185,-4.9237,0.2595,4.0534,0,0,0
-0.4084,-0.1055,0.9333,-5.4962,-0.2519,3.9008,0,0,0
-0.394,-0.1047,0.946,-6.5191,0.8015,5.5573,0,0,0
-0.3979,-0.1255,0.967,-6.6641,2.7939,6.1603,0,0,0
-0.408,-0.1182,0.9397,-6.0534,3.313,5.458,0,0,0
-0.4097,-0.1089,0.9343,-5.084,3.4275,4.7557,0,0,0
-0.4165,-0.1165,0.9258,-4.0076,2.7405,5.0153,0,0,0
-0.4138,-0.1038,0.9224,-3.2595,1.916,4.7634,0,0,0
-0.4092,-0.0999,0.9241,-4.4733,0.8702,4.6565,0,0,0
-0.4019,-0.0979,0.9294,-6.8779,1.1298,4.916,0,0,0
-0.4038,-0.1055,0.9365,-9.2977,1.8779,5.3817,0,0,0
-0.4121,-0.1191,0.9456,-10.6794,2.7252,5.9389,0,0,0
-0.4133,-0.1318,0.9309,-10.1145,2.5267,5.3435,0,0,0
-0.4109,-0.1235,0.9248,-7.458,1.9695,5.5267,0,0,0
-0.4055,-0.1277,0.9163,-5.626,1.1832,5.458,0,0,0
-0.4131,-0.1272,0.9143,-3.9924,0.9771,5.9084,0,0,0
-0.4189,-0.1108,0.9136,-4.374,0.0458,5.6641,0,0,0
-0.4128,-0.1128,0.9333,-5.5802,-0.4809,6.0763,0,0,0
-0.4094,-0.1096,0.9248,-5.8092,-0.8015,6.1069,0,0,0
-0.4097,-0.1016,0.9175,-5.7863,-1.5878,5.1221,0,0,0
-0.4031,-0.1111,0.9277,-6.145,-2.626,4.4733,0,0,0
-0.4021,-0.1174,0.9368,-5.7557,-1.6641,4.0076,0,0,0
-0.4116,-0.1262,0.9341,-5.542,-1.2595,4.6947,0,0,0
-0.4167,-0.1184,0.9282,-4.7557,-1.4275,5.3359,0,0,0
-0.4141,-0.1089,0.9277,-4.4198,-2.2061,5.5878,0,0,0
-0.4089,-0.1023,0.9319,-4.3053,-2.4962,5.2443,0,0,0
-0.4028,-0.0981,0.9387,-4.6107,-2.5649,4.3511,0,0,0
-0.4063,-0.1121,0.9375,-5.458,-0.8931,4.3053,0,0,0
-0.4104,-0.1094,0.9368,-5.7634,-0.7481,4.4198,0,0,0
-0.4148,-0.1125,0.9446,-6.4885,-0.7099,4.2672,0,0,0
-0.4138,-0.114,0.9402,-6.9313,-0.4427,4.687,0,0,0
-0.4131,-0.1152,0.9421,-5.916,0.7023,4.7634,0,0,0
-0.4104,-0.1282,0.939,-4.1145,1.3588,4.2443,0,0,0
-0.4207,-0.1323,0.9221,-2.0534,1.8092,3.7557,0,0,0
-0.4302,-0.1274,0.916,-1.4046,1.1985,3.9618,0,0,0
-0.4373,-0.1245,0.9153,-1.7481,-0.3053,4.542,0,0,0
-0.4321,-0.1179,0.9231,-2.6565,-1.3435,5.5878,0,0,0
-0.4158,-0.1157,0.9421,-4.0153,-0.6183,5.8168,0,0,0
-0.4026,-0.0967,0.9558,-7.6412,0.5496,6.855,0,0,0
-0.4197,-0.1099,0.9382,-12.0076,2.0382,7.2137,0,0,0
-0.4504,-0.1265,0.9204,-13.458,1.2748,8.7023,0,0,0
-0.4307,-0.1443,0.917,-12.1908,-0.2977,7.8168,0,0,0
-0.4329,-0.1472,0.9167,-8.7786,-0.7786,7.6718,0,0,0
-0.4307,-0.1421,0.9106,-5.313,-1.9542,7.4275,0,0,0
-0.416,-0.1309,0.9233,-2.8931,-2.1069,8.0076,0,0,0
-0.4082,-0.1191,0.9275,-2.7405,-1.6031,8.4656,0,0,0
-0.4138,-0.1011,0.9253,-4.0992,-0.9542,7.6183,0,0,0
-0.4248,-0.103,0.9121,-5.626,-1.4733,6.2977,0,0,0
-0.4268,-0.1055,0.8977,-6.7786,-3.0611,5.4198,0,0,0
-0.4126,-0.1328,0.9146,-5.4504,-4.1374,5.4275,0,0,0
-0.4019,-0.1414,0.9182,-2.2748,-4.5725,5.8626,0,0,0
-0.3906,-0.1182,0.9333,-0.5878,-3.6336,6.7557,0,0,0
-0.3977,-0.1211,0.9319,-2.5878,-2.3206,7.8779,0,0,0
-0.4004,-0.1091,0.9231,-6.687,-1.5267,8.458,0,0,0
-0.4141,-0.1172,0.9236,-9.8168,-2.2519,8.6107,0,0,0
-0.4146,-0.1306,0.9155,-9.6794,-3.626,8.9084,0,0,0
-0.4041,-0.1335,0.9246,-7.1527,-4.5649,9.1756,0,0,0
-0.4026,-0.1252,0.9365,-4.4733,-4.2748,9.5267,0,0,0
-0.4026,-0.1045,0.9392,-3.9008,-3.4656,8.8244,0,0,0
-0.4119,-0.1013,0.9287,-4.5038,-2.4275,8.2519,0,0,0
-0.4194,-0.1091,0.9329,-4.3588,-2.4122,7.6947,0,0,0
-0.408,-0.1062,0.936,-2.9847,-3.0076,7.9084,0,0,0
-0.3984,-0.0913,0.9482,-1.5954,-2.3435,7.4351,0,0,0
-0.3999,-0.0703,0.947,-0.0153,-1.3282,5.7634,0,0,0
-0.4072,-0.0605,0.9336,-0.1908,-0.6794,3.1298,0,0,0
-0.4209,-0.0603,0.9268,-1.3969,-0.4962,1.5878,0,0,0
-0.417,-0.0637,0.9331,-2.9237,-0.7557,0.687,0,0,0
-0.4053,-0.0681,0.9329,-3.3511,-0.7557,0.458,0,0,0
-0.4014,-0.0747,0.9341,-2.0687,0.0458,-0.2137,0,0,0
-0.407,-0.0715,0.9397,-0.7023,1.5191,-1.3282,0,0,0
-0.4265,-0.0801,0.9226,0.3435,1.8015,-2.3359,0,0,0
-0.4282,-0.0859,0.9163,1.4351,0.6718,-3.0305,0,0,0
-0.418,-0.0996,0.9282,4.8702,-0.1374,-4.7252,0,0,0
-0.4041,-0.0813,0.9351,5.9389,-1.0916,-6.145,0,0,0
-0.3901,-0.0801,0.957,6.145,0.6336,-7.0611,0,0,0
-0.4055,-0.0935,0.9355,6.916,1.916,-8.084,0,0,0
-0.4165,-0.0857,0.9333,6.7099,1.6718,-8.8321,0,0,0
-0.4268,-0.0959,0.9304,4.8168,1.1908,-8.7557,0,0,0
-0.4229,-0.1206,0.9338,5.3053,0.1069,-9.4809,0,0,0
-0.4104,-0.1335,0.9387,11.4351,-1.3359,-11.8779,0,0,0
-0.3875,-0.1018,0.9602,16.8855,0.0076,-14.2137,0,0,0
-0.3906,-0.1011,0.9509,18.3969,2.458,-14.8321,0,0,0
-0.3999,-0.0845,0.9409,17.0382,3.1069,-13.8855,0,0,0
-0.4131,-0.0842,0.9248,13.0916,3.5038,-12.542,0,0,0
-0.4219,-0.0845,0.9211,10.1527,2.4885,-11.8702,0,0,0
-0.418,-0.0869,0.9146,10.1145,0.8931,-12.5725,0,0,0
-0.4136,-0.0854,0.9155,10.3282,-0.3282,-12.9847,0,0,0
-0.4119,-0.0923,0.9204,10.3817,-0.6107,-12.5038,0,0,0
-0.4126,-0.0903,0.915,9.1985,-1.1832,-10.9237,0,0,0
-0.4153,-0.083,0.9204,5.1985,-1.6489,-7.8092,0,0,0
-0.4141,-0.0852,0.9302,1.9237,-1.9771,-5.7405,0,0,0
-0.4104,-0.0918,0.936,-0.4427,-2.5649,-5.1145,0,0,0
-0.4023,-0.0994,0.9492,0.5267,-2.3664,-5.4427,0,0,0
-0.4014,-0.1033,0.9465,3.0153,-1.2824,-6.9924,0,0,0
-0.4089,-0.0952,0.938,4.3282,-0.8702,-7.5267,0,0,0
-0.4199,-0.1013,0.9265,4.4962,-0.5954,-7.2977,0,0,0
-0.4175,-0.113,0.9382,5.8321,-0.7405,-6.6107,0,0,0
-0.4058,-0.1106,0.9604,10.5878,0.0611,-8.1221,0,0,0
-0.4001,-0.0769,0.9475,13.8321,1.626,-9.9466,0,0,0
-0.406,-0.0593,0.938,13.3053,2.2595,-10.7405,0,0,0
-0.4177,-0.0625,0.9348,11.0382,1.458,-11.2824,0,0,0
-0.4204,-0.0703,0.927,8.6565,0.229,-11.0458,0,0,0
-0.4126,-0.0847,0.9348,10.4809,-0.1832,-12.6489,0,0,0
-0.3557,-0.0461,0.9407,13.0611,0.8473,-15.3969,0,0,0
-0.3906,-0.0437,0.9436,11.4275,3.2977,-16.9084,0,0,0
-0.4106,-0.0752,0.929,9.5725,3.8626,-15.5802,0,0,0
-0.4094,-0.0808,0.9358,7.8092,3.0992,-13.3053,0,0,0
-0.4182,-0.0735,0.9238,6.0076,2.0382,-11.9084,0,0,0
-0.4229,-0.0718,0.9199,3.4198,0.7939,-10.1603,0,0,0
-0.4219,-0.0784,0.9211,1.2366,-0.2748,-9.0611,0,0,0
-0.4192,-0.0864,0.9209,-1.229,-1.0992,-7.4656,0,0,0
-0.4158,-0.095,0.9216,-4.0611,-1.687,-5.2214,0,0,0
-0.4204,-0.1218,0.9236,-3.3817,-1.7023,-3.6489,0,0,0
-0.4131,-0.1196,0.9314,-2.0,-2.2824,-1.4885,0,0,0
-0.4128,-0.1172,0.9509,-0.2443,-1.1908,-0.7099,0,0,0
-0.4104,-0.1084,0.9502,-0.2137,-1.0687,1.7557,0,0,0
-0.4146,-0.0955,0.9526,-1.9695,-0.3817,3.2366,0,0,0
-0.4219,-0.0894,0.947,-2.6489,-0.0076,3.1985,0,0,0
-0.4214,-0.0813,0.9458,-2.8397,0.084,2.3664,0,0,0
-0.4194,-0.0837,0.9514,-3.5954,0.4351,2.3282,0,0,0
-0.4141,-0.0977,0.9517,-2.4046,1.084,1.6565,0,0,0
-0.4141,-0.0876,0.9475,0.4809,2.0,0.5725,0,0,0
-0.4263,-0.0701,0.9392,0.7099,2.2443,0.1908,0,0,0
-0.4238,-0.073,0.9397,-0.6183,1.8015,0.855,0,0,0
-0.4155,-0.0718,0.9348,-2.4351,1.855,1.771,0,0,0
-0.415,-0.0718,0.9377,-3.2443,2.2977,1.9237,0,0,0
-0.4104,-0.0688,0.9307,-3.8015,2.4733,1.6565,0,0,0
-0.4199,-0.0649,0.9324,-5.0611,2.8702,0.8244,0,0,0
-0.4231,-0.0823,0.9226,-3.2214,2.7939,-0.374,0,0,0
-0.4143,-0.075,0.9163,-0.8626,1.8931,-1.8397,0,0,0
-0.4158,-0.0613,0.9143,-0.4962,1.4809,-2.626,0,0,0
-0.4131,-0.0715,0.9094,-0.6718,0.8855,-2.7863,0,0,0
-0.4075,-0.0693,0.9116,-1.0382,0.1985,-2.2977,0,0,0
-0.4165,-0.0725,0.9175,-1.4351,-0.1527,-2.229,0,0,0
-0.4146,-0.0728,0.9199,-2.4122,-1.2977,-2.3282,0,0,0
-0.4036,-0.0776,0.9277,-3.6031,-1.4046,-1.7939,0,0,0
-0.4048,-0.0906,0.9326,-3.1985,-1.1069,-1.458,0,0,0
-0.4067,-0.0898,0.9363,-1.7176,-0.5878,-1.4809,0,0,0
-0.4119,-0.0842,0.9297,0.2672,-0.1679,-1.4046,0,0,0
-0.4124,-0.073,0.928,1.5267,-0.3359,-1.5725,0,0,0
-0.4207,-0.0701,0.9238,1.084,-0.5496,-2.2901,0,0,0
-0.4126,-0.0591,0.9336,-0.1221,-0.6336,-2.313,0,0,0
-0.4138,-0.0654,0.9414,0.0763,-0.1527,-3.9771,0,0,0
-0.4229,-0.0676,0.9346,0.542,0.0458,-5.8702,0,0,0
-0.4243,-0.0706,0.9351,1.5496,0.1756,-6.1908,0,0,0
-0.4207,-0.0916,0.9324,3.145,0.1221,-6.6947,0,0,0
-0.4209,-0.0811,0.938,5.3435,0.4885,-7.4351,0,0,0
-0.4187,-0.0771,0.938,6.8702,1.1832,-8.4504,0,0,0
-0.4192,-0.0635,0.9468,8.771,2.145,-9.8702,0,0,0
-0.4226,-0.0728,0.9456,12.5802,5.0992,-14.7023,0,0,0
-0.4153,-0.0322,0.9524,14.4046,5.855,-17.1756,0,0,0
-0.4304,-0.0281,0.9404,11.4504,7.313,-18.5954,0,0,0
-0.4409,-0.0571,0.9224,7.916,6.0534,-17.7481,0,0,0
-0.447,-0.0793,0.9053,6.6718,3.4504,-16.5344,0,0,0
-0.4419,-0.0813,0.8955,7.084,0.3359,-14.6107,0,0,0
-0.4382,-0.0835,0.8967,7.3893,-2.4275,-12.5115,0,0,0
-0.4163,-0.0645,0.9216,4.855,-2.7481,-9.6489,0,0,0
-0.4028,-0.0735,0.9272,1.9466,-1.9466,-6.7863,0,0,0
-0.4126,-0.0759,0.9329,-0.374,-1.2901,-4.4351,0,0,0
-0.4175,-0.0867,0.9246,-2.458,-1.1908,-2.7328,0,0,0
-0.4136,-0.0857,0.9329,-3.2214,-1.1374,-1.2901,0,0,0
-0.4143,-0.0923,0.938,-3.4122,-1.0534,-1.0687,0,0,0
-0.4124,-0.093,0.9373,-2.1374,-0.3282,0.229,0,0,0
-0.4148,-0.0886,0.9346,-1.458,-0.0534,0.458,0,0,0
-0.4092,-0.0874,0.9434,-0.6031,0.0382,0.9313,0,0,0
-0.4138,-0.0708,0.9404,-1.1985,0.5802,1.6031,0,0,0
-0.4219,-0.0674,0.9326,-2.4275,0.3969,1.8015,0,0,0
-0.418,-0.0674,0.938,-3.6183,0.5115,1.8321,0,0,0
-0.4141,-0.0703,0.9348,-3.5344,0.9008,0.8168,0,0,0
-0.4148,-0.0667,0.9399,-2.8779,1.6031,0.9008,0,0,0
-0.4209,-0.0793,0.9304,-0.9924,1.8779,1.2672,0,0,0
-0.4238,-0.0635,0.9297,0.6641,1.9924,0.855,0,0,0
-0.428,-0.0647,0.9194,1.6794,1.7939,0.0992,0,0,0
-0.4307,-0.0525,0.9111,1.5496,0.2672,-0.5573,0,0,0
-0.4177,-0.0522,0.9224,-0.7634,-0.7634,-0.5725,0,0,0
-0.4187,-0.0642,0.9275,-2.8321,-1.4885,0.1374,0,0,0
-0.416,-0.0645,0.9224,-2.9771,-1.4809,0.8015,0,0,0
-0.4104,-0.0591,0.9224,-3.6947,-2.0534,0.8931,0,0,0
-0.4099,-0.063,0.9329,-5.2519,-1.6794,0.0534,0,0,0
-0.4138,-0.0701,0.9314,-5.5344,-0.9847,-1.1374,0,0,0
-0.416,-0.0671,0.9326,-5.2824,-0.6183,-1.9542,0,0,0
-0.4224,-0.0649,0.925,-5.7786,-0.7863,-2.5038,1,0,0
-0.4163,-0.0642,0.9294,-6.6183,-1.1756,-3.5496,1,0,0
-0.4126,-0.0525,0.9338,-9.8855,-0.8397,-4.4275,1,0,0
-0.4224,-0.062,0.9304,-13.9771,-1.1832,-5.3359,1,0,0
-0.4297,-0.073,0.9417,-15.8244,-1.6107,-6.4198,1,0,0
-0.4326,-0.1086,0.9302,-13.626,-1.2137,-6.5038,1,0,0
-0.4309,-0.1301,0.9324,-7.1985,-0.6107,-5.4122,1,0,0
-0.426,-0.114,0.9238,-1.4275,-0.9008,-3.4504,1,0,0
-0.4287,-0.0847,0.9238,1.0305,-0.9466,-2.8397,1,0,0
-0.4192,-0.0713,0.9402,0.916,-0.855,-2.2366,1,0,0
-0.4209,-0.0508,0.9333,-1.1603,-0.2977,-2.6031,0,0,0
-0.4255,-0.0581,0.9329,-3.6336,-0.2519,-3.9008,0,0,0
-0.4312,-0.0669,0.9275,-5.6565,-0.9008,-4.5954,0,0,0
-0.4287,-0.0845,0.9258,-6.2672,-1.7786,-4.3893,0,0,0
-0.4263,-0.0964,0.9324,-4.9924,-1.5725,-3.5878,0,0,0
-0.4255,-0.0974,0.9231,-2.7863,-1.855,-2.9466,0,0,0
-0.4226,-0.0972,0.9348,-0.8092,-1.8092,-2.5496,0,0,0
-0.4097,-0.0796,0.938,-0.1527,-0.9924,-2.4275,0,0,0
-0.4084,-0.0742,0.936,-1.145,-0.1527,-2.145,0,0,0
-0.4241,-0.0764,0.9287,-1.9466,0.4275,-2.2901,0,0,0
-0.4175,-0.0796,0.9199,-3.0916,-0.1756,-2.4733,0,0,0
-0.4241,-0.085,0.9124,-2.9695,-1.0687,-2.4962,0,0,0
-0.4185,-0.0938,0.929,-3.5115,-1.6947,-1.8092,0,0,0
-0.4106,-0.1045,0.9377,-2.7481,-0.7405,-1.2137,0,0,0
-0.4229,-0.1016,0.938,-0.9084,-0.2519,-0.3053,0,0,0
-0.4246,-0.0923,0.9324,-0.1069,0.1908,0.3893,0,0,0
-0.4299,-0.0918,0.9441,0.6794,-0.084,0.6718,0,0,0
-0.4272,-0.0813,0.9336,1.5878,0.0382,0.1145,0,0,0
-0.4263,-0.0703,0.9285,0.8321,-0.4504,-0.2977,0,0,0
-0.4312,-0.0654,0.9272,-0.1832,-0.6718,-1.229,0,0,0
-0.4207,-0.0657,0.9299,-1.6031,-1.0458,-1.5802,0,0,0
-0.4189,-0.0796,0.9402,-3.7252,0.0992,-2.145,0,0,0
-0.4285,-0.0913,0.9487,-3.4885,0.0611,-1.9847,0,0,0
-0.4253,-0.0952,0.9456,-3.0611,0.6107,-1.9008,0,0,0
-0.4255,-0.1018,0.939,-1.4962,1.0611,-1.4733,0,0,0
-0.4226,-0.0942,0.9324,-0.2824,0.8473,-1.2061,0,0,0
-0.4202,-0.0925,0.9277,0.3435,0.458,-1.1603,0,0,0
-0.4175,-0.0862,0.9175,0.1832,0.5573,-1.5725,0,0,0
-0.4277,-0.0854,0.9106,-0.5954,-0.2595,-1.2824,0,0,0
-0.4207,-0.0859,0.9214,-0.4351,-1.2443,-1.1221,0,0,0
-0.4116,-0.0767,0.9336,-0.7863,-1.2137,-0.6794,0,0,0
-0.406,-0.0686,0.9294,-2.4733,0.0916,-1.3282,0,0,0
-0.415,-0.0762,0.938,-4.5802,0.1908,-2.229,0,0,0
-0.4258,-0.0925,0.9353,-4.1221,0.2748,-3.1832,0,0,0
-0.4231,-0.1077,0.9302,-2.1603,-0.229,-2.687,0,0,0
-0.4272,-0.1047,0.9248,0.9924,-0.5649,-1.4351,0,0,0
-0.4255,-0.0854,0.9285,3.7557,-1.2977,-1.5267,0,0,0
-0.4292,-0.0681,0.9285,5.0305,-1.8244,-2.2595,0,0,0
-0.4202,-0.064,0.9314,3.9771,-2.4656,-3.0229,0,0,0
-0.4131,-0.0698,0.9307,3.6565,-2.5878,-4.1527,0,0,0
-0.4143,-0.0669,0.9358,2.6412,-2.1756,-4.2443,0,0,0
-0.4084,-0.073,0.9407,1.2672,-1.2443,-4.3435,0,0,0
-0.4158,-0.0713,0.9419,1.4046,-0.687,-5.458,0,0,0
-0.4197,-0.0767,0.9358,3.771,-0.2672,-6.4733,0,0,0
-0.4302,-0.083,0.9233,5.7328,-0.2443,-7.1756,0,0,0
-0.4231,-0.0847,0.9116,7.0534,-1.2443,-6.2137,0,0,0
-0.4275,-0.0657,0.9182,5.7405,-2.0,-5.2137,0,0,0
-0.4084,-0.0696,0.9402,0.8168,-1.5573,-2.1374,0,0,0
-0.4119,-0.0786,0.9414,-2.2824,-0.3969,-0.4656,0,0,0
-0.4065,-0.0754,0.9456,-4.7023,0.4733,0.2672,0,0,0
-0.4031,-0.0811,0.9663,-7.9542,2.3588,1.0229,0,0,0
-0.4187,-0.1157,0.9504,-7.1069,3.771,2.9542,0,0,0
-0.4321,-0.1155,0.9419,-3.9771,3.6565,4.5878,0,0,0
-0.4255,-0.0935,0.9307,-2.4809,2.9008,4.855,0,0,0
-0.4282,-0.0857,0.9268,-1.855,2.2595,4.4504,0,0,0
-0.4194,-0.0686,0.9316,-4.2061,2.0458,3.9542,0,0,0
-0.4121,-0.0732,0.9314,-6.8397,2.0458,3.687,0,0,0
-0.4104,-0.094,0.9287,-7.5725,2.6489,2.7863,0,0,0
-0.417,-0.0859,0.927,-7.1221,3.4885,2.3969,0,0,0
-0.4216,-0.0967,0.9238,-4.9237,3.5954,2.6947,0,0,0
-0.4312,-0.0916,0.9209,-2.6412,2.9008,2.6412,0,0,0
-0.4353,-0.084,0.9128,-0.4885,2.1374,2.229,0,0,0
-0.4358,-0.0676,0.9102,-1.145,1.0916,1.916,0,0,0
-0.4265,-0.0615,0.9185,-3.4046,0.8931,1.4351,0,0,0
-0.4236,-0.075,0.9314,-4.0534,1.2595,0.8244,0,0,0
-0.4263,-0.064,0.9329,-5.0916,1.5649,0.7023,0,0,0
-0.426,-0.0767,0.9309,-3.3664,1.8626,0.6641,0,0,0
-0.4385,-0.0979,0.9365,-2.1069,0.8397,1.2061,0,0,0
-0.4319,-0.1013,0.9263,0.1221,0.3969,2.7939,0,0,0
-0.4294,-0.1003,0.9019,2.9389,-0.0611,4.4275,0,0,0
-0.4155,-0.073,0.9121,2.5954,-0.2519,3.9084,0,0,0
-0.4255,-0.0554,0.9104,-0.1832,-0.8015,2.7099,0,0,0
-0.4275,-0.0479,0.9175,-2.2824,-1.8397,0.6794,0,0,0
-0.4136,-0.0674,0.9216,-3.7557,-1.6565,-0.0458,0,0,0
-0.4133,-0.0796,0.9265,-3.2061,-1.687,0.0992,0,0,0
-0.4146,-0.072,0.9363,-3.0916,-1.5878,-0.229,0,0,0
-0.418,-0.0605,0.936,-3.8702,-1.1374,-1.1221,1,0,0
-0.4194,-0.0623,0.9385,-6.1374,-0.7328,-2.1069,1,0,0
-0.4185,-0.0713,0.9326,-7.9847,-0.2977,-3.2214,1,0,0
-0.4207,-0.0906,0.928,-7.7176,0.4351,-3.5344,1,0,0
-0.4177,-0.1013,0.9265,-5.1985,0.5954,-2.8168,1,0,0
-0.416,-0.0847,0.925,-3.0382,1.1679,-2.374,1,0,0
-0.4221,-0.073,0.9253,-3.2672,1.5878,-1.3588,1,0,0
-0.4319,-0.0835,0.9141,-2.8473,0.5038,-0.771,0,0,0
-0.4358,-0.0803,0.9199,-3.5038,-0.1603,-0.7252,0,0,0
-0.4316,-0.0989,0.9202,-2.3511,-0.855,0.0992,0,0,0
-0.4316,-0.0903,0.9216,0.0153,-1.0153,1.4198,0,0,0
-0.4216,-0.0962,0.9148,1.916,-0.8092,3.0229,0,0,0
-0.4248,-0.0813,0.9114,3.4275,-0.7099,3.0229,0,0,0
-0.4197,-0.071,0.9111,1.3664,-0.9313,2.2977,0,0,0
-0.4263,-0.0752,0.9216,-0.4275,-1.0382,0.8626,0,0,0
-0.4326,-0.0813,0.9197,-1.5496,-1.5878,0.6718,0,0,0
-0.4255,-0.0676,0.9241,-2.3282,-1.8321,1.0076,0,0,0
-0.425,-0.0698,0.9268,-3.8092,-1.7634,0.2748,0,0,0
-0.4248,-0.0725,0.9292,-4.0076,-1.6336,-0.7328,0,0,0
-0.4285,-0.0686,0.9331,-3.8397,-1.7557,-1.9313,0,0,0
-0.4314,-0.0776,0.9309,-4.5115,-1.1756,-2.6718,0,0,0
-0.4304,-0.0969,0.9387,-2.7328,-1.1145,-2.6183,0,0,0
-0.4177,-0.0769,0.9304,-2.458,-0.5115,-2.4351,0,0,0
-0.4211,-0.0725,0.9275,-4.4962,-0.0382,-3.1145,0,0,0
-0.429,-0.0549,0.939,-6.8168,0.0458,-4.374,0,0,0
-0.4387,-0.0649,0.9397,-8.6336,-0.0382,-5.6489,0,0,0
-0.439,-0.083,0.9255,-8.4733,-0.7786,-5.687,0,0,0
-0.4353,-0.0959,0.9324,-7.5191,-1.0458,-5.2595,0,0,0
-0.4241,-0.0999,0.9348,-6.0687,-0.8931,-4.0992,0,0,0
-0.4268,-0.0957,0.9294,-4.8397,0.1756,-3.9084,0,0,0
-0.4329,-0.0935,0.9297,-4.1756,-0.1069,-3.0687,0,0,0
-0.4329,-0.1016,0.9294,-2.7634,0.1756,-2.1908,0,0,0
-0.4333,-0.1074,0.9224,-0.6489,0.0229,-1.4656,0,0,0
-0.4319,-0.0901,0.9158,0.5725,-0.7786,-1.626,0,0,0
-0.4258,-0.084,0.9224,0.7328,-0.7328,-1.8168,0,0,0
-0.429,-0.0723,0.9209,-0.1069,-1.4351,-3.0,0,0,0
-0.4329,-0.0835,0.9282,-1.2061,-1.771,-3.2366,0,0,0
-0.4268,-0.0869,0.9307,-1.5344,-2.0458,-2.6489,0,0,0
-0.4143,-0.0889,0.9314,-2.084,-1.6489,-2.2977,0,0,0
-0.4146,-0.0942,0.937,-2.5573,-0.7786,-2.0687,0,0,0
-0.4146,-0.0994,0.9436,-2.7939,0.0458,-2.542,0,0,0
-0.4231,-0.1125,0.9404,-2.0076,-0.0076,-1.8779,0,0,0
-0.4163,-0.1079,0.9412,-1.542,0.7176,-0.3053,0,0,0
-0.4202,-0.1001,0.9326,-0.4427,1.2214,-0.084,0,0,0
-0.4297,-0.0881,0.9216,0.9542,1.1985,-0.687,0,0,0
-0.4299,-0.0649,0.9207,-0.084,0.542,-1.7786,0,0,0
-0.4307,-0.0686,0.9065,-1.7557,-0.2366,-2.2443,0,0,0
-0.4309,-0.084,0.915,-2.5344,-1.6794,-2.9084,0,0,0
-0.4316,-0.0989,0.9158,-2.0076,-2.0992,-2.4046,0,0,0
-0.4204,-0.0969,0.9348,-1.9542,-2.145,-1.145,0,0,0
-0.415,-0.0955,0.9399,-0.9847,-1.2443,-0.9924,0,0,0
-0.4187,-0.0901,0.9409,0.9313,-0.7557,-1.5573,0,0,0
-0.4265,-0.0732,0.9304,1.2748,-0.542,-2.1221,0,0,0
-0.4197,-0.0789,0.928,1.5191,-0.4427,-2.5954,0,0,0
-0.4226,-0.0676,0.9231,1.0076,0.1679,-3.6107,0,0,0
-0.4353,-0.0759,0.915,1.1221,-0.8092,-4.9237,0,0,0
-0.4321,-0.0771,0.9158,1.084,-1.8321,-5.6336,0,0,0
-0.4265,-0.0872,0.9253,0.5038,-1.9313,-5.6336,0,0,0
-0.4246,-0.0911,0.9329,2.1145,-2.0229,-5.8855,0,0,0
-0.4314,-0.0793,0.928,4.3664,-2.8321,-7.4504,0,0,0
-0.4241,-0.0811,0.9329,7.3893,-3.3435,-10.7252,0,0,0
-0.4182,-0.0701,0.9348,11.8168,-3.542,-15.3053,0,0,0
-0.4001,-0.0552,0.9265,13.5725,-3.0229,-19.8244,0,0,0
-0.4285,-0.0857,0.9197,12.7252,-2.8168,-18.7099,0,0,0
-0.4263,-0.1008,0.9143,12.9695,-2.7786,-15.3969,0,0,0
-0.4331,-0.0889,0.9148,13.3511,-4.3435,-12.6794,0,0,0
-0.4241,-0.0798,0.9199,13.6718,-6.1679,-12.6336,0,0,0
-0.4114,-0.0713,0.9321,15.0,-6.1908,-15.6718,0,0,0
-0.4028,-0.0491,0.9314,10.8092,-5.0,-17.0153,0,0,0
-0.4043,-0.082,0.9546,5.5496,-3.6641,-14.9313,0,0,0
-0.405,-0.1111,0.9612,2.8702,-1.7786,-11.6565,0,0,0
-0.4001,-0.1201,0.9436,2.9542,-0.7939,-7.4809,0,0,0
-0.4045,-0.1125,0.9355,2.8092,0.084,-4.1756,0,0,0
-0.418,-0.1091,0.9336,2.0305,-1.229,-1.4351,0,0,0
-0.4058,-0.0967,0.9434,0.5573,-1.1221,0.0763,0,0,0
-0.3975,-0.0955,0.9478,-1.4733,0.1756,1.9695,0,0,0
-0.4038,-0.0989,0.9436,-3.0229,1.7939,3.3053,0,0,0
-0.4153,-0.0947,0.9358,-4.916,2.3053,5.0916,0,0,0
-0.4172,-0.0959,0.9492,-7.1679,2.4656,7.2519,0,0,0
-0.4128,-0.0945,0.9487,-9.626,3.2443,10.1603,0,0,0
-0.4211,-0.0813,0.9563,-11.5267,4.1985,12.8168,0,0,0
-0.4219,-0.0833,0.9446,-11.9542,5.2748,13.3511,0,0,0
-0.4397,-0.0835,0.9346,-12.0,5.2901,13.7252,0,0,0
-0.448,-0.0852,0.9214,-11.1679,3.8015,13.3206,0,0,0
-0.4387,-0.071,0.9265,-13.3435,2.374,14.3282,0,0,0
-0.4373,-0.0925,0.9268,-14.5115,2.3817,16.9466,0,0,0
-0.4338,-0.1016,0.9473,-15.0687,2.1145,19.2519,0,0,0
-0.4385,-0.085,0.9255,-18.0229,1.4656,19.855,0,0,0
-0.4377,-0.092,0.9263,-18.145,1.4275,18.8397,0,0,0
-0.4324,-0.1003,0.918,-15.8702,1.2443,16.4198,0,0,0
-0.4307,-0.0969,0.9153,-13.0076,0.9847,13.145,0,0,0
-0.4224,-0.1064,0.9272,-9.4351,0.8702,10.5573,0,0,0
-0.4211,-0.083,0.9353,-7.5191,1.855,8.9466,0,0,0
-0.4229,-0.0837,0.9448,-6.8092,2.7099,7.7939,0,0,0
-0.4333,-0.0754,0.9312,-6.3893,2.9237,6.7405,0,0,0
-0.4407,-0.0769,0.9277,-5.5725,2.9695,5.4809,0,0,0
-0.4365,-0.0781,0.9233,-4.6489,2.7481,3.9084,0,0,0
-0.4272,-0.0911,0.9241,-4.3206,2.4504,2.626,0,0,0
-0.4299,-0.0864,0.9255,-3.6183,2.374,2.8855,0,0,0
-0.4207,-0.0776,0.9382,-5.0916,3.2443,3.8168,0,0,0
-0.4187,-0.0774,0.9307,-7.3969,4.2748,4.8931,0,0,0
-0.4231,-0.084,0.9365,-9.1221,4.4198,5.4962,0,0,0
-0.427,-0.0759,0.9363,-10.7634,5.0382,4.6565,0,0,0
-0.449,-0.105,0.9324,-10.4122,4.7328,3.4122,0,0,0
-0.4333,-0.103,0.9211,-7.6107,4.9237,2.7099,0,0,0
-0.4399,-0.0984,0.9165,-3.8015,4.6183,1.8931,0,0,0
-0.4382,-0.1035,0.9094,-1.0992,3.3588,1.0916,0,0,0
-0.4277,-0.0796,0.9204,-1.5344,3.3511,1.7557,0,0,0
-0.4297,-0.0706,0.9578,-3.7481,4.4504,1.3435,0,0,0
-0.427,-0.0745,0.9626,-4.771,7.1832,1.229,0,0,0
-0.4392,-0.1287,0.9224,-1.771,7.916,3.4656,0,0,0
-0.4514,-0.1169,0.908,0.0763,6.4427,4.0382,0,0,0
-0.4302,-0.1355,0.9133,4.5267,5.5573,6.1603,0,0,0
-0.4373,-0.1033,0.8757,6.6336,3.1832,7.3282,0,0,0
-0.4238,-0.0793,0.8818,6.687,2.6947,6.2443,0,0,0
-0.4238,-0.0432,0.8975,3.4122,2.9771,2.9618,0,0,0
-0.4412,-0.051,0.8953,0.4962,1.8779,-0.0305,1,0,0
-0.4465,-0.061,0.9019,-0.8092,0.1527,-0.6031,1,0,0
-0.4353,-0.0618,0.9072,-3.0305,-0.4656,-0.0611,1,0,0
-0.4363,-0.0476,0.9033,-6.6031,-0.7405,-0.3893,1,0,0
-0.4375,-0.0498,0.9067,-9.4962,-1.9771,-1.9771,1,0,0
-0.4321,-0.0811,0.9111,-10.8092,-1.855,-3.5649,1,0,0
-0.4402,-0.1055,0.9062,-10.3588,-1.8015,-4.0992,1,0,0
-0.4514,-0.1174,0.9065,-8.1145,-2.626,-3.0992,1,0,0
-0.4277,-0.0959,0.9321,-7.6107,-1.9695,-2.855,1,0,0
-0.4338,-0.0872,0.9402,-7.7328,-0.0076,-2.7634,1,0,0
-0.4475,-0.0847,0.9387,-7.4809,1.2519,-3.0229,1,0,0
-0.4534,-0.0906,0.929,-6.0076,1.6565,-3.084,1,0,0
-0.4622,-0.1042,0.9165,-4.8092,1.0916,-2.374,1,0,0
-0.4563,-0.1118,0.9146,-3.1985,0.3511,-0.9313,0,0,0
-0.4529,-0.1072,0.9163,-2.3359,0.1298,-0.0687,0,0,0
-0.4595,-0.1082,0.9121,-1.5344,-0.3511,0.5191,0,0,0
-0.4565,-0.1067,0.9138,-0.0992,-0.5267,0.7176,0,0,0
-0.4497,-0.0964,0.9287,0.3053,-0.1527,0.3893,0,0,0
-0.4507,-0.1113,0.9392,2.1679,0.5573,1.0763,0,0,0
-0.4451,-0.1104,0.9312,4.8626,1.4275,2.6794,0,0,0
-0.4485,-0.0747,0.9248,4.2977,1.8473,3.2366,0,0,0
-0.4543,-0.0889,0.9172,2.4275,1.1298,3.8626,0,0,0
-0.4644,-0.0908,0.9026,2.8626,0.0916,2.5802,0,0,0
-0.447,-0.0984,0.8948,1.9389,-0.9466,1.7634,0,0,0
-0.4424,-0.0916,0.8882,0.5496,-2.1527,0.5496,0,0,0
-0.4226,-0.0798,0.9133,-0.5954,-2.3053,-0.0458,0,0,0
-0.4226,-0.0647,0.9287,-3.2366,-0.7405,-1.1679,0,0,0
-0.438,-0.0811,0.917,-3.5802,-0.2672,-1.771,0,0,0
-0.4387,-0.0752,0.9143,-4.7634,-0.4427,-1.626,1,0,0
-0.437,-0.0645,0.9038,-7.9847,-0.2214,-2.8321,1,0,0
-0.4392,-0.0701,0.8965,-9.916,-0.8321,-5.0076,1,0,0
-0.4431,-0.0916,0.9097,-10.1145,-0.9542,-6.2366,1,0,0
-0.4451,-0.1091,0.917,-7.5267,-0.8855,-5.3893,1,0,0
-0.4355,-0.0942,0.9124,-3.9542,-0.313,-4.5878,1,0,0
-0.4446,-0.0803,0.9131,-3.7939,0.0229,-4.4122,1,0,0
-0.4438,-0.0859,0.9001,-3.7634,-0.9084,-4.4733,1,0,0
-0.4382,-0.0913,0.8967,-4.9313,-1.7939,-4.8092,0,0,0
-0.4438,-0.0854,0.8987,-6.4885,-2.2824,-6.2824,0,0,0
-0.447,-0.0916,0.9072,-8.5725,-2.1908,-6.0687,0,0,0
-0.447,-0.103,0.9229,-8.5573,-1.8244,-5.1527,0,0,0
-0.4458,-0.1216,0.9165,-6.5573,-2.0076,-4.5649,0,0,0
-0.448,-0.1204,0.9084,-3.8397,-2.1679,-4.0229,0,0,0
-0.4451,-0.1045,0.9102,-3.0076,-2.3969,-4.0382,0,0,0
-0.448,-0.1177,0.9177,-1.4275,-2.4504,-3.9389,0,0,0
-0.4421,-0.1208,0.9197,0.6489,-2.2977,-3.0916,0,0,0
-0.4319,-0.1096,0.9207,0.1832,-1.8397,-2.2214,0,0,0
-0.4465,-0.092,0.9263,-1.7863,-1.7939,-3.1069,0,0,0
-0.4558,-0.1128,0.9216,-2.4351,-1.7176,-3.6565,0,0,0
-0.4543,-0.1255,0.9207,-0.3664,-2.374,-3.3511,0,0,0
-0.4465,-0.1125,0.9216,1.2672,-2.6489,-2.3435,0,0,0
-0.4521,-0.1184,0.9175,2.2748,-2.8702,-2.374,0,0,0
-0.4509,-0.1125,0.9036,3.7939,-4.0382,-2.0458,0,0,0
-0.4285,-0.0947,0.9307,3.3053,-4.1374,-1.7481,0,0,0
-0.4224,-0.0745,0.9316,0.4962,-2.3435,-2.1374,0,0,0
-0.4395,-0.0872,0.9299,-1.8092,-1.4427,-3.0611,0,0,0
-0.4399,-0.0994,0.9226,-2.6641,-1.4275,-3.1679,0,0,0
-0.4392,-0.1135,0.9229,-2.3588,-1.6336,-2.5725,0,0,0
-0.4419,-0.1165,0.9255,-0.6183,-1.5954,-2.5878,0,0,0
-0.4377,-0.1072,0.9268,1.0,-1.7252,-2.1679,0,0,0
-0.4375,-0.0977,0.9282,1.1298,-0.542,-2.7099,0,0,0
-0.4468,-0.1006,0.929,1.4198,-0.7634,-3.1756,0,0,0
-0.4414,-0.1011,0.9094,1.7252,-1.5802,-3.145,0,0,0
-0.4351,-0.1111,0.917,2.542,-2.2595,-2.9313,0,0,0
-0.4287,-0.0994,0.9304,3.0611,-1.9924,-3.145,0,0,0
-0.4341,-0.0911,0.936,2.5573,-2.0305,-4.2137,0,0,0
-0.4412,-0.1008,0.9229,2.916,-2.2977,-4.5802,0,0,0
-0.4324,-0.1016,0.9319,3.1221,-2.6489,-4.2519,0,0,0
-0.4268,-0.1055,0.9346,2.3053,-1.6794,-3.542,0,0,0
-0.4324,-0.1084,0.925,3.1985,-1.5802,-3.3588,0,0,0
-0.4373,-0.0994,0.9343,3.3359,-2.1985,-3.2214,0,0,0
-0.4395,-0.1021,0.925,5.2137,-3.1832,-3.6641,0,0,0
-0.437,-0.0874,0.9221,8.0305,-4.1679,-5.0534,0,0,0
-0.4272,-0.0796,0.9187,8.4198,-4.0153,-5.855,0,0,0
-0.4207,-0.0728,0.9229,8.5496,-3.7481,-7.8015,0,0,0
-0.4324,-0.0752,0.9172,8.084,-3.916,-8.7786,0,0,0
-0.4358,-0.0762,0.9065,8.7939,-4.3511,-10.7176,0,0,0
-0.4431,-0.0955,0.9084,10.2824,-5.5878,-11.9771,0,0,0
-0.4368,-0.0955,0.918,13.2824,-6.3053,-13.1756,0,0,0
-0.4338,-0.0762,0.9114,14.8931,-7.4809,-13.4504,0,0,0
-0.4355,-0.0857,0.9028,15.6489,-9.1603,-13.8626,0,0,0
-0.4424,-0.0791,0.8843,16.9771,-11.5878,-14.458,0,0,0
-0.4399,-0.0667,0.8713,17.8321,-14.3817,-16.0687,0,0,0
-0.4209,-0.0576,0.8997,15.7328,-16.2824,-15.4351,0,0,0
-0.387,-0.053,0.9475,8.229,-14.9771,-13.626,0,0,0
-0.3774,-0.0652,0.9783,1.0076,-10.8015,-9.9847,0,0,0
-0.3887,-0.1057,0.9846,-0.5115,-7.0,-8.9313,0,0,0
-0.4067,-0.1077,0.9573,1.6718,-5.6641,-7.8092,0,0,0
-0.4172,-0.1157,0.9482,2.4885,-6.2443,-6.7023,0,0,0
-0.4165,-0.1213,0.9585,4.2214,-6.7863,-5.1908,0,0,0
-0.4082,-0.1099,0.9556,5.4656,-6.4504,-3.3359,0,0,0
-0.4009,-0.0908,0.9563,3.6489,-5.8092,-0.855,0,0,0
-0.4045,-0.0737,0.9504,1.4046,-4.626,-0.0763,0,0,0
-0.4026,-0.0703,0.948,-1.1527,-4.145,-1.145,0,0,0
-0.4058,-0.0811,0.9363,-3.1756,-3.6718,-2.2672,0,0,0
-0.4058,-0.0964,0.936,-4.1298,-3.7405,-1.687,0,0,0
-0.4143,-0.1042,0.9429,-3.3817,-3.7023,-0.2901,0,0,0
-0.4126,-0.1082,0.9417,-0.8092,-4.2595,1.8779,0,0,0
-0.4028,-0.0867,0.9424,1.145,-3.7328,2.4733,0,0,0
-0.4026,-0.0728,0.949,0.9008,-3.1679,2.6031,0,0,0
-0.4043,-0.0674,0.9441,-0.6412,-3.1603,1.5573,0,0,0
-0.4004,-0.0759,0.9492,-1.855,-2.8702,1.5573,0,0,0
-0.3965,-0.0708,0.9524,-2.2977,-1.6641,1.5496,0,0,0
-0.3999,-0.0745,0.95,-2.1679,-0.9237,1.687,0,0,0
-0.3982,-0.0718,0.9368,-2.1603,-0.5344,1.9618,0,0,0
-0.4058,-0.0762,0.9285,-1.3206,-1.0382,1.6412,0,0,0
-0.3975,-0.0784,0.937,-0.7634,-1.0,1.5038,0,0,0
-0.3911,-0.0723,0.9309,-0.6489,-0.3053,1.6183,0,0,0
-0.3928,-0.0627,0.9302,-1.0229,0.2824,2.0687,0,0,0
-0.395,-0.0652,0.9348,-2.4885,0.4122,1.4809,0,0,0
-0.4023,-0.0754,0.9216,-3.6183,-0.2061,1.3664,0,0,0
-0.4023,-0.0815,0.9292,-3.2748,-1.1221,1.1985,0,0,0
-0.3955,-0.0759,0.9336,-2.1374,-1.7786,1.5038,0,0,0
-0.3848,-0.062,0.9541,-2.7176,-1.8626,2.0153,0,0,0
-0.3887,-0.0747,0.9548,-4.2901,-0.4809,2.687,0,0,0
-0.3889,-0.0745,0.9553,-4.313,0.4656,2.2748,0,0,0
-0.3945,-0.0713,0.9395,-4.0,0.2672,1.458,0,0,0
-0.3979,-0.0764,0.9355,-4.229,-0.2672,1.1069,0,0,0
-0.3962,-0.0642,0.9333,-4.3893,-0.2977,0.6718,0,0,0
-0.3999,-0.0667,0.9275,-5.2366,-0.4275,0.626,0,0,0
-0.4028,-0.072,0.9246,-5.3511,-1.0763,1.0,0,0,0
-0.3975,-0.0671,0.9246,-6.1985,-1.8855,1.5115,0,0,0
-0.3958,-0.0769,0.9314,-7.1756,-1.9008,1.1145,0,0,0
-0.3843,-0.083,0.9407,-8.1221,-1.458,2.0,0,0,0
-0.3914,-0.093,0.939,-7.7557,-0.8702,2.1832,0,0,0
-0.3901,-0.1028,0.9426,-6.3893,-0.7405,3.2214,0,0,0
-0.3965,-0.0876,0.9358,-4.5954,-0.5267,3.3969,0,0,0
-0.3989,-0.0833,0.9414,-4.0687,-0.5954,3.1374,0,0,0
-0.4009,-0.0754,0.9475,-4.8321,-0.3969,2.3588,0,0,0
-0.3984,-0.072,0.9465,-6.8473,-0.542,2.8855,0,0,0
-0.4016,-0.0784,0.9448,-8.626,-0.7252,3.0382,0,0,0
-0.408,-0.0901,0.9353,-9.5191,-0.9237,3.5267,0,0,0
-0.406,-0.0935,0.9387,-9.6794,-1.3893,4.1985,0,0,0
-0.4094,-0.1038,0.9436,-7.7481,-0.9924,4.9008,0,0,0
-0.4158,-0.1006,0.929,-4.6489,-1.9542,5.1145,0,0,0
-0.4189,-0.0796,0.9314,-2.0076,-3.374,5.0763,0,0,0
-0.4153,-0.0764,0.925,-0.3969,-4.6107,3.7634,0,0,0
-0.4128,-0.0632,0.9302,-0.5954,-5.6412,2.7252,0,0,0
-0.4097,-0.0518,0.9331,-2.2519,-6.1679,1.8321,0,0,0
-0.4075,-0.0576,0.938,-4.313,-6.5344,1.5573,0,0,0
-0.4116,-0.0649,0.9429,-5.8702,-7.6412,1.5496,0,0,0
-0.4028,-0.071,0.9558,-6.5649,-7.4504,1.8931,0,0,0
-0.3962,-0.0813,0.9651,-5.5191,-7.3588,1.6718,0,0,0
-0.3911,-0.0889,0.9585,-3.8321,-6.542,2.0916,0,0,0
-0.3904,-0.0867,0.9604,-2.6947,-5.6947,1.8397,0,0,0
-0.386,-0.0774,0.9592,-1.9084,-4.313,2.1527,0,0,0
-0.3887,-0.0647,0.9607,-1.916,-3.1756,1.5878,0,0,0
-0.3909,-0.0564,0.9641,-2.542,-2.9237,0.2672,0,0,0
-0.3901,-0.0498,0.9592,-4.6489,-1.687,-0.8473,0,0,0
-0.3943,-0.0552,0.9512,-6.771,-2.0992,-2.1298,0,0,0
-0.3992,-0.0789,0.9458,-7.7557,-2.2443,-2.5191,0,0,0
-0.3916,-0.0847,0.9441,-6.9924,-2.8702,-2.7176,0,0,0
-0.3857,-0.0879,0.9456,-6.145,-2.9466,-2.2901,0,0,0
-0.3816,-0.0974,0.9456,-4.6489,-2.145,-1.855,0,0,0
-0.3679,-0.0874,0.9514,-3.4962,-1.2748,-1.1527,0,0,0
-0.3755,-0.0913,0.9438,-3.4656,0.5267,-0.9924,0,0,0
-0.3855,-0.0989,0.9365,-3.8931,0.2595,-0.7481,0,0,0
-0.3899,-0.1104,0.9231,-3.6794,-0.0916,0.4275,0,0,0
-0.3896,-0.1157,0.9353,-3.3511,-1.4122,1.1069,0,0,0
-0.387,-0.1042,0.9341,-2.7863,-2.2824,2.3053,0,0,0
-0.3838,-0.0991,0.9397,-2.4122,-2.7405,1.9924,0,0,0
-0.3711,-0.0903,0.9531,-3.6031,-2.1908,1.2061,0,0,0
-0.373,-0.0945,0.9587,-5.3969,-0.7863,1.1603,0,0,0
-0.3796,-0.1101,0.957,-6.3053,0.6718,1.542,0,0,0
-0.386,-0.1077,0.9573,-5.7481,1.084,1.6107,0,0,0
-0.3909,-0.1106,0.9453,-3.5649,0.3435,1.6183,0,0,0
-0.3906,-0.0996,0.9404,-2.5344,0.4656,1.0534,0,0,0
-0.3923,-0.0991,0.9543,-2.3588,0.9695,1.3282,0,0,0
-0.385,-0.0918,0.9526,-2.5344,1.5725,1.8397,0,0,0
-0.3877,-0.0896,0.9451,-3.0763,1.9084,2.0153,0,0,0
-0.3877,-0.0735,0.9465,-4.5344,2.2977,1.6489,0,0,0
-0.3953,-0.0828,0.9502,-6.0229,2.2137,1.1756,0,0,0
-0.3967,-0.0833,0.9514,-6.1679,1.7634,0.3817,0,0,0
-0.3918,-0.0908,0.9478,-6.2748,1.7328,-0.3969,0,0,0
-0.3933,-0.1003,0.9465,-5.5496,1.9466,-0.1985,0,0,0
-0.4016,-0.1155,0.929,-3.5649,1.5038,-0.0534,0,0,0
-0.4033,-0.105,0.9253,-1.1298,0.0992,-0.0458,0,0,0
-0.3977,-0.1074,0.9253,0.1374,-1.145,-0.1298,0,0,0
-0.3965,-0.0986,0.9277,0.7252,-2.1679,-0.0611,0,0,0
-0.3818,-0.092,0.9314,0.3206,-1.8397,0.2443,0,0,0
-0.3833,-0.0874,0.9346,-0.771,-0.8473,0.2672,0,0,0
-0.386,-0.0837,0.9353,-2.1679,-0.542,0.0534,0,0,0
-0.3933,-0.0908,0.937,-3.5573,-0.8015,-0.2137,0,0,0
-0.3931,-0.0959,0.937,-3.8092,-1.374,-0.0153,0,0,0
-0.3984,-0.1013,0.9397,-2.458,-1.5344,0.3511,0,0,0
-0.3894,-0.1035,0.946,-0.7023,-1.5267,0.4427,0,0,0
-0.3875,-0.0869,0.9426,-0.5954,-0.9466,0.6183,0,0,0
-0.3916,-0.0908,0.9468,-0.1298,-1.2214,-0.5649,0,0,0
-0.395,-0.084,0.9434,-0.3817,-1.3053,-1.0534,0,0,0
-0.385,-0.0876,0.9426,-1.0229,-0.8473,-0.7481,0,0,0
-0.3894,-0.0891,0.9512,-1.4962,-0.3817,-0.8702,0,0,0
-0.3911,-0.0938,0.9551,-2.1069,-0.1908,-0.5954,0,0,0
-0.3914,-0.0962,0.9517,-2.7863,-0.4046,-0.5649,0,0,0
-0.3933,-0.0981,0.9502,-1.9847,-0.7863,-0.2519,0,0,0
-0.3879,-0.0974,0.9495,-1.2748,-0.5954,-0.3053,0,0,0
-0.3882,-0.0947,0.9429,-0.8321,0.4427,-0.1756,0,0,0
-0.3914,-0.0925,0.9478,-0.916,0.3511,0.0153,0,0,0
-0.3872,-0.0886,0.946,-1.6107,0.5496,-0.2748,0,0,0
-0.3916,-0.0908,0.9558,-2.3817,0.855,-0.6718,0,0,0
-0.3889,-0.0986,0.9497,-2.8779,1.0153,-0.4198,0,0,0
-0.3894,-0.1045,0.9485,-3.084,1.2061,0.1832,0,0,0
-0.3911,-0.1108,0.9502,-2.2824,1.0916,0.0534,0,0,0
-0.3884,-0.1023,0.9368,-0.5573,0.6183,0.0305,0,0,0
-0.3899,-0.0959,0.9329,-0.2366,0.1832,0.1908,0,0,0
-0.3918,-0.0913,0.9331,-1.313,-0.0687,0.2137,0,0,0
-0.3882,-0.0957,0.9265,-1.0229,-0.1832,0.7328,0,0,0
-0.3892,-0.0923,0.9409,-1.9847,-0.2061,1.626,0,0,0
-0.4011,-0.095,0.9275,-1.6183,-0.229,0.9084,0,0,0
-0.3994,-0.0889,0.9299,-0.7786,-0.8397,-0.4962,0,0,0
-0.3938,-0.084,0.9338,-1.5954,-1.8244,-1.4122,0,0,0
-0.3948,-0.104,0.9412,0.2672,-1.4962,-1.9618,0,0,0
-0.3865,-0.094,0.9534,1.1374,-1.3053,-1.4275,0,0,0
-0.387,-0.0845,0.9587,0.7176,-0.6412,-0.5496,0,0,0
-0.3879,-0.0864,0.9658,-0.0687,0.0229,-0.2519,0,0,0
-0.3923,-0.0842,0.9539,-0.8397,-0.1298,-0.0611,0,0,0
-0.3916,-0.0872,0.9634,-0.8779,0.1985,0.2595,0,0,0
-0.3923,-0.0935,0.9531,-0.5802,0.916,-0.2748,0,0,0
-0.3921,-0.0903,0.939,0.0916,0.9084,-0.2977,0,0,0
-0.3955,-0.0862,0.9324,0.9084,0.4351,-0.084,0,0,0
-0.3933,-0.0781,0.9399,0.8473,0.0382,0.0916,0,0,0
-0.3867,-0.0615,0.9333,-1.7023,-0.0458,-0.2366,0,0,0
-0.3936,-0.0693,0.9314,-3.3053,-0.1603,-1.0229,0,0,0
-0.394,-0.0767,0.9456,-3.8931,-0.5344,-1.6336,0,0,0
-0.3945,-0.0879,0.9343,-4.0687,-0.6947,-1.4962,0,0,0
-0.3894,-0.1069,0.9333,-2.9313,-0.6107,-1.6947,0,0,0
-0.386,-0.1074,0.9353,-1.5115,-0.8931,-1.5115,0,0,0
-0.3853,-0.106,0.937,-0.5191,-0.6718,-0.6336,0,0,0
-0.3826,-0.0962,0.9346,-0.1756,-1.0916,-0.6641,0,0,0
-0.3823,-0.0884,0.9319,-1.0611,-0.8092,-0.9618,0,0,0
-0.3752,-0.0796,0.9543,-4.6641,0.7023,-1.0611,0,0,0
-0.387,-0.0862,0.9446,-8.6412,1.0458,-1.9542,0,0,0
-0.3936,-0.0908,0.9658,-11.8779,1.229,-2.7634,0,0,0
-0.3938,-0.1301,0.9739,-10.2366,2.771,-2.2214,0,0,0
-0.4004,-0.1277,0.9583,-4.9237,3.3893,-0.313,0,0,0
-0.4033,-0.1042,0.9539,-1.9313,3.1298,0.6947,0,0,0
-0.4106,-0.1008,0.9287,0.687,2.0382,0.4046,0,0,0
-0.4089,-0.0774,0.9231,1.1527,0.8473,-0.8702,0,0,0
-0.4065,-0.0688,0.9165,-0.5649,-0.7023,-1.5954,0,0,0
-0.3938,-0.0776,0.9309,-3.3282,-1.1985,-2.1298,0,0,0
-0.3967,-0.0964,0.929,-4.458,-1.3511,-2.4733,0,0,0
-0.4023,-0.1099,0.9421,-4.1374,-2.1374,-1.4122,0,0,0
-0.395,-0.1138,0.9502,-2.9618,-2.0611,-0.5573,0,0,0
-0.3862,-0.1165,0.9546,-2.5267,-0.7939,1.0305,0,0,0
-0.3843,-0.116,0.9604,-0.5878,0.6641,2.1298,0,0,0
-0.3872,-0.0894,0.9524,-0.4198,1.687,2.1679,0,0,0
-0.4033,-0.0867,0.9639,-1.3893,2.0534,1.2824,0,0,0
-0.4055,-0.1196,0.9429,0.9847,1.8397,1.6641,0,0,0
-0.4163,-0.1252,0.9189,4.8397,0.9695,2.6947,0,0,0
-0.4036,-0.1082,0.9133,5.7939,-1.145,3.4885,0,0,0
-0.3899,-0.0767,0.9253,3.5038,-2.1908,3.2366,0,0,0
-0.3784,-0.0703,0.9312,-0.3664,-1.4656,2.8397,0,0,0
-0.3867,-0.0735,0.9338,-2.374,0.2519,1.4122,0,0,0
-0.3901,-0.0867,0.9346,-3.3206,0.0229,-0.0687,0,0,0
-0.3865,-0.0728,0.9414,-4.855,0.5802,-1.3435,1,0,0
-0.4016,-0.0815,0.9436,-4.7099,0.6947,-1.9084,1,0,0
-0.4131,-0.0935,0.9307,-2.8626,-0.3817,-2.6489,1,0,0
-0.405,-0.0842,0.9299,-2.229,-1.3969,-2.5649,1,0,0
-0.3901,-0.0706,0.9346,-3.4809,-1.2977,-2.9389,1,0,0
-0.3928,-0.0735,0.9241,-5.6412,-1.4122,-3.5725,1,0,0
-0.3882,-0.0642,0.9348,-8.4504,-1.7481,-3.8168,1,0,0
-0.3931,-0.0669,0.9412,-11.5344,-1.3588,-4.6718,1,0,0
-0.4185,-0.0928,0.9541,-12.5802,-1.9313,-5.9542,1,0,0
-0.4141,-0.104,0.9409,-11.0458,-2.5115,-5.8473,0,0,0
-0.4038,-0.1353,0.9636,-7.6794,-2.1679,-4.6565,0,0,0
-0.3931,-0.1375,0.9517,-3.3282,-0.626,-3.2748,0,0,0
-0.3943,-0.1121,0.937,0.1908,-0.4275,-2.7023,0,0,0
-0.3916,-0.0872,0.9392,-0.9084,-0.2061,-3.4046,0,0,0
-0.3867,-0.1125,0.9326,-2.6794,0.145,-3.7634,0,0,0
-0.3848,-0.0972,0.9402,-3.855,-0.1527,-3.7939,0,0,0
-0.3945,-0.0991,0.9475,-4.5802,-0.2901,-4.1756,0,0,0
-0.3896,-0.1123,0.9429,-3.8397,0.145,-3.687,0,0,0
-0.3914,-0.1035,0.9395,-4.1145,-0.1069,-3.8244,0,0,0
-0.3962,-0.0999,0.9358,-4.2901,-0.4504,-3.6794,0,0,0
-0.3955,-0.1226,0.9324,-2.5496,-1.3969,-3.7405,0,0,0
-0.3887,-0.1138,0.9507,-0.6107,-0.7405,-3.2519,0,0,0
-0.384,-0.1016,0.9504,1.3053,0.7481,-2.4504,0,0,0
-0.3887,-0.1069,0.9338,1.9542,1.1069,-2.9008,0,0,0
-0.396,-0.093,0.9377,1.7557,0.687,-3.0153,0,0,0
-0.3938,-0.095,0.9343,1.542,0.7328,-3.5496,0,0,0
-0.3999,-0.0942,0.9395,0.9771,0.1145,-4.6718,0,0,0
-0.395,-0.0933,0.9365,0.4351,-0.4809,-4.771,0,0,0
-0.3958,-0.1016,0.9453,0.3969,-1.1374,-5.3359,0,0,0
-0.3894,-0.1145,0.9458,2.084,-1.145,-4.3893,0,0,0
-0.3818,-0.1208,0.95,4.2977,-0.0916,-4.2214,0,0,0
-0.3882,-0.1208,0.9397,7.3664,0.3435,-4.2137,0,0,0
-0.3843,-0.0801,0.9319,10.771,1.0382,-5.9237,0,0,0
-0.4033,-0.0828,0.9202,11.0534,-0.2214,-6.855,0,0,0
-0.406,-0.0793,0.9199,9.3664,-2.5267,-7.626,0,0,0
-0.3928,-0.0671,0.9333,6.4275,-3.7099,-8.5954,0,0,0
-0.3894,-0.0854,0.9285,5.916,-4.6183,-10.2595,0,0,0
-0.3848,-0.0928,0.9343,5.8015,-4.9618,-10.2672,0,0,0
-0.3794,-0.0979,0.9424,5.9771,-4.2901,-10.4733,0,0,0
-0.3826,-0.1038,0.9373,6.4122,-4.6412,-10.3053,0,0,0
-0.3787,-0.1089,0.9353,5.3511,-4.2672,-9.1832,0,0,0
-0.3762,-0.1143,0.9324,6.229,-4.1679,-8.2061,0,0,0
-0.3823,-0.1165,0.936,6.2595,-3.5344,-6.855,0,0,0
-0.3901,-0.0989,0.9224,5.6107,-5.145,-6.1603,0,0,0
-0.3743,-0.0837,0.9463,2.1298,-5.084,-4.4275,0,0,0
-0.365,-0.0811,0.9551,-2.7557,-3.2443,-2.542,0,0,0
-0.3799,-0.1106,0.9536,-4.1832,-2.084,-2.145,0,0,0
-0.3879,-0.105,0.9507,-3.2824,-2.8779,-2.4656,0,0,0
-0.387,-0.1106,0.9497,-2.0611,-3.6794,-2.542,0,0,0
-0.3838,-0.1147,0.9531,0.084,-3.7557,-2.3053,0,0,0
-0.3853,-0.1108,0.9629,0.9466,-2.9237,-1.6718,0,0,0
-0.3826,-0.0913,0.9717,-0.0229,-1.084,-0.3664,0,0,0
-0.3918,-0.0889,0.9683,-0.6565,-0.2977,-0.0458,0,0,0
-0.394,-0.0796,0.9558,-2.0,-0.4351,-0.8473,0,0,0
-0.3911,-0.0798,0.9568,-3.6718,-0.4809,-1.6718,0,0,0
-0.3923,-0.0945,0.9612,-4.5115,-0.2061,-1.855,0,0,0
-0.3835,-0.1038,0.9614,-3.6031,0.1985,-1.2443,0,0,0
-0.3892,-0.1011,0.9534,-2.7634,0.3969,-0.9313,0,0,0
-0.3965,-0.0957,0.9507,-3.1069,-0.1908,-0.4656,0,0,0
-0.3931,-0.0923,0.9529,-4.0076,-0.2137,-0.2748,0,0,0
-0.3821,-0.1047,0.96,-3.3969,0.9847,-0.2748,0,0,0
-0.3818,-0.0977,0.9529,-1.5954,2.1221,0.2595,0,0,0
-0.3916,-0.0857,0.9465,-0.8015,1.9618,-0.2214,0,0,0
-0.3899,-0.0852,0.9456,-0.2977,1.4733,-0.5115,0,0,0
-0.3843,-0.0874,0.9365,0.0305,1.0153,-0.5496,0,0,0
-0.3879,-0.075,0.9319,-1.7176,0.7786,-0.6412,0,0,0
-0.3823,-0.0801,0.946,-4.5725,-0.1069,-0.1145,0,0,0
-0.3765,-0.0806,0.9419,-6.5344,0.0458,0.4885,0,0,0
-0.3784,-0.0884,0.95,-6.9771,0.7939,-0.1603,0,0,0
-0.3779,-0.1128,0.9509,-5.8702,1.2061,-0.229,0,0,0
-0.375,-0.1201,0.9575,-3.0,1.9618,-0.229,0,0,0
-0.3706,-0.1113,0.9548,-0.8855,3.7557,1.0,0,0,0
-0.3813,-0.105,0.9563,0.0611,4.2977,1.6947,0,0,0
-0.3918,-0.1038,0.9446,1.1603,5.2519,2.3664,0,0,0
-0.4084,-0.0913,0.9207,1.0382,3.7405,1.9008,0,0,0
-0.4055,-0.0947,0.9187,0.9847,1.3969,1.687,0,0,0
-0.3889,-0.0725,0.9307,-1.4656,0.0,1.5573,0,0,0
-0.3813,-0.0813,0.9417,-3.8244,0.7481,1.3206,0,0,0
-0.3843,-0.093,0.9548,-3.5725,1.9618,1.0,0,0,0
-0.3923,-0.0991,0.957,-2.3664,3.6947,1.4427,0,0,0
-0.3958,-0.1189,0.9407,0.6565,3.9618,1.5344,0,0,0
-0.4055,-0.0891,0.9321,2.145,3.0382,1.5802,0,0,0
-0.4099,-0.0879,0.9221,2.6489,1.2214,0.8702,0,0,0
-0.4065,-0.0957,0.9248,2.9924,-0.3817,-0.4198,0,0,0
-0.397,-0.1118,0.9338,4.7252,-0.7634,-0.542,0,0,0
-0.3894,-0.1045,0.9329,6.687,-0.9237,0.8321,0,0,0
-0.3921,-0.0857,0.9272,6.0076,-0.9008,1.2137,0,0,0
-0.3843,-0.085,0.9346,3.9924,-1.0534,1.1145,0,0,0
-0.3809,-0.0762,0.9553,0.5878,-0.0763,0.4122,0,0,0
-0.3828,-0.0747,0.9604,-1.5267,0.0153,-0.2824,1,0,0
-0.396,-0.0959,0.9585,-1.7099,-0.084,0.084,1,0,0
-0.3843,-0.1042,0.9553,0.4046,0.6107,1.9542,1,0,0
-0.3877,-0.0767,0.9473,2.7405,1.5344,1.6412,1,0,0
-0.4001,-0.0537,0.9375,1.9695,1.2595,1.1603,1,0,0
-0.4033,-0.0444,0.9375,0.0153,1.2595,0.3435,1,0,0
-0.4033,-0.0508,0.9387,-2.8626,0.0076,-0.687,1,0,0
-0.3962,-0.0698,0.9434,-4.0992,0.3588,-1.6718,1,0,0
-0.3992,-0.0825,0.9424,-3.2748,0.4656,-1.9008,1,0,0
-0.3982,-0.0942,0.937,-0.6794,-0.5115,-1.7863,1,0,0
-0.3977,-0.0774,0.9368,0.3206,-1.0305,-1.145,1,0,0
-0.3945,-0.071,0.9438,-0.3893,-1.1069,-1.2824,1,0,0
-0.3872,-0.0767,0.9595,-1.5954,-0.1985,-1.3053,1,0,0
-0.3899,-0.0796,0.9551,-1.5496,0.3359,-1.4198,1,0,0
-0.3896,-0.0862,0.9482,-0.9771,0.145,-1.4198,1,0,0
-0.3914,-0.0854,0.9438,-0.5954,0.1985,-1.2061,1,0,0
-0.395,-0.0896,0.9341,-0.8168,-0.2443,-0.0229,1,0,0
-0.395,-0.0784,0.9387,-1.6183,-0.6336,0.5496,1,0,0
-0.3914,-0.0815,0.9392,-2.0534,-0.7481,0.3664,1,0,0
-0.3928,-0.0798,0.9446,-1.1069,-0.6947,0.0,1,0,0
-0.3914,-0.0701,0.9402,-0.916,-0.4809,-0.3511,1,0,0
-0.397,-0.0745,0.9387,-1.771,-0.0992,-0.7328,1,0,0
-0.4019,-0.0767,0.9443,-1.1756,-0.6489,-0.9466,1,0,0
-0.4016,-0.0815,0.9492,-1.0458,-0.2519,-0.6336,1,0,0
-0.3979,-0.0757,0.9441,-0.7252,-0.4733,-0.8168,1,0,0
-0.3972,-0.0737,0.9417,-1.5725,0.1145,-1.3817,1,0,0
-0.394,-0.0801,0.9475,-2.7786,-0.1069,-1.3893,1,0,0
-0.3862,-0.0928,0.9487,-4.145,-0.2672,-1.1679,1,0,0
-0.3994,-0.1045,0.9434,-4.4504,0.1374,-1.5649,1,0,0
-0.3884,-0.1047,0.9436,-3.0382,0.0458,-0.8855,1,0,0
-0.3926,-0.0996,0.9453,-1.5267,0.1908,-0.374,1,0,0
-0.3916,-0.0942,0.9316,0.1679,-0.084,-0.0229,1,0,0
-0.3962,-0.0833,0.9404,0.0,-0.5649,0.5802,1,0,0
-0.3999,-0.0801,0.9387,-1.145,-1.4351,0.9847,1,0,0
-0.394,-0.0764,0.9348,-2.8779,-2.3359,0.8244,1,0,0
-0.394,-0.0679,0.9417,-4.5649,-2.7557,1.4656,1,0,0
-0.3997,-0.0645,0.9431,-5.5649,-2.6031,1.1832,1,0,0
-0.3955,-0.0896,0.9438,-4.2672,-2.7023,1.6718,1,0,0
-0.3982,-0.0791,0.9468,-1.6565,-2.4809,1.542,1,0,0
-0.3992,-0.0667,0.948,-0.5725,-3.0458,1.2443,1,0,0
-0.4036,-0.0657,0.9441,-0.4427,-3.5802,0.9389,1,0,0
-0.4004,-0.0657,0.9441,-0.4046,-3.7252,0.5496,1,0,0
-0.395,-0.0564,0.946,-1.6412,-3.6031,0.4046,1,0,0
-0.3975,-0.0574,0.949,-3.3206,-4.374,-0.0534,1,0,0
-0.3953,-0.0569,0.947,-5.5115,-4.0763,-0.1527,1,0,0
-0.3933,-0.0671,0.9578,-7.0992,-3.5038,-0.8779,1,0,0
-0.4036,-0.0701,0.9497,-7.5038,-3.4122,-2.1603,1,0,0
-0.4028,-0.0835,0.9375,-8.4656,-4.1221,-1.3435,1,0,0
-0.4089,-0.0979,0.9238,-7.2901,-6.0,-0.2137,1,0,0
-0.4131,-0.0879,0.8977,-6.626,-9.5573,1.6336,1,0,0
-0.4124,-0.0842,0.8875,-7.9542,-14.0,2.1145,1,0,0
-0.4033,-0.1123,0.9121,-9.9237,-17.7863,4.458,1,0,0
-0.3777,-0.1125,0.9573,-8.374,-19.2443,5.1603,1,0,0
-0.354,-0.0977,0.9294,-6.374,-19.9847,5.626,1,0,0
-0.3889,-0.0908,0.9233,-8.9389,-19.4656,4.7176,1,0,0
-0.3953,-0.1213,0.9365,-6.1221,-21.4351,4.3206,1,0,0
-1.0984,-0.4238,0.6958,-4.6794,-47.7328,14.1756,1,0,0
-0.209,-0.0793,1.0,-2.9313,-27.6794,5.8015,1,0,0
-0.3894,-0.0994,0.9492,-0.8244,-27.1756,4.1908,1,0,0
-0.3215,-0.0962,0.981,-1.7328,-23.626,4.4046,1,0,0
-0.3376,-0.0911,0.9651,-1.8092,-21.2061,2.5878,1,0,0
-0.3289,-0.1055,0.9604,-1.0305,-21.687,2.0763,1,0,0
-0.3208,-0.0942,0.9639,-1.3511,-19.9008,2.1527,1,0,0
-0.314,-0.0947,0.9761,-2.1832,-21.7634,3.5344,1,0,0
-0.2957,-0.0806,0.9873,-3.2443,-19.0534,3.5725,1,0,0
-0.3003,-0.0859,0.9805,-2.9466,-15.916,3.4656,1,0,0
-0.3057,-0.1003,0.9836,-2.5267,-13.7863,3.2519,1,0,0
-0.2964,-0.0903,0.9895,-2.0992,-10.4275,1.6641,1,0,0
-0.2981,-0.1072,0.9878,-0.5573,-8.9008,2.5954,1,0,0
-0.3086,-0.1052,0.9844,0.3511,-7.626,2.8321,1,0,0
-0.3174,-0.0913,0.9683,0.1985,-8.374,2.9313,1,0,0
-0.3181,-0.0916,0.9697,-1.0153,-10.1221,2.8321,1,0,0
-0.3088,-0.0908,0.9746,-1.8168,-9.9847,2.3664,1,0,0
-0.2981,-0.0908,0.9858,-1.8397,-9.4275,1.9542,1,0,0
-0.2993,-0.0886,0.9885,-1.916,-7.3588,1.8168,1,0,0
-0.2876,-0.0815,0.9883,-3.0534,-4.6641,1.6107,1,0,0
-0.3008,-0.0825,0.981,-3.8397,-3.2443,1.3435,1,0,0
-0.3179,-0.0967,0.9744,-2.8092,-3.313,1.458,1,0,0
-0.3103,-0.0933,0.9783,-0.5878,-3.1527,1.5649,1,0,0
-0.312,-0.0801,0.9597,0.9847,-3.4656,2.1985,1,0,0
-0.3101,-0.0681,0.9622,-0.0458,-3.8779,1.6641,1,0,0
-0.3066,-0.0649,0.9812,-1.9237,-3.7481,0.9695,1,0,0
-0.3032,-0.0793,0.9844,-2.0687,-1.9618,0.3511,1,0,0
-0.3062,-0.0889,0.9824,-1.6107,-1.5725,-0.2672,1,0,0
-0.3069,-0.0786,0.9761,-0.9084,-1.1832,-0.2595,1,0,0
-0.312,-0.075,0.9736,-0.7176,-1.4122,-0.374,1,0,0
-0.3025,-0.0647,0.9771,-0.9466,-1.4885,-0.6489,1,0,0
-0.3137,-0.0691,0.9795,-1.1679,-0.9466,-0.8931,1,0,0
-0.3086,-0.074,0.9736,-1.5954,-0.3359,-0.7634,1,0,0
-0.3088,-0.0801,0.9834,-2.6565,0.626,-0.313,1,0,0
-0.3115,-0.0784,0.9829,-2.4962,0.4351,-0.3969,1,0,0
-0.312,-0.0803,0.9751,-1.626,0.4122,-0.6947,1,0,0
-0.311,-0.0854,0.9783,-0.8244,0.145,-0.6031,1,0,0
-0.313,-0.0857,0.9795,-0.5267,0.6489,-0.8092,1,0,0
-0.3176,-0.0798,0.9873,-0.8779,0.1603,-0.6489,1,0,0
-0.3088,-0.0737,0.9844,-2.0687,0.0763,-0.9847,1,0,0
-0.3079,-0.0808,0.9819,-3.0534,1.0153,-1.7863,1,0,0
-0.304,-0.0833,0.9714,-3.3435,2.2901,-2.3206,1,0,0
-0.303,-0.0898,0.9746,-2.855,2.7939,-1.9771,1,0,0
-0.3069,-0.0898,0.9592,-1.8702,2.7328,-2.0458,1,0,0
-0.3159,-0.0923,0.9553,0.2977,2.4962,-2.2672,1,0,0
-0.3081,-0.0898,0.9583,0.9542,1.8702,-2.145,1,0,0
-0.3188,-0.084,0.9482,-0.5191,0.6718,-1.771,1,0,0
-0.3147,-0.0828,0.9526,-2.2443,-1.0534,-1.3053,1,0,0
-0.3135,-0.085,0.9604,-3.8473,-2.0916,-0.9008,1,0,0
-0.314,-0.093,0.967,-4.7557,-2.5344,-0.4504,1,0,0
-0.3108,-0.0999,0.9727,-4.5115,-2.4809,0.5344,1,0,0
-0.3147,-0.1025,0.9766,-1.542,-1.9237,0.145,1,0,0
-0.3147,-0.0979,0.978,2.3053,-1.687,-0.084,1,0,0
-0.3208,-0.0881,0.9785,4.6718,-2.2901,0.2672,1,0,0
-0.3186,-0.0793,0.9888,5.1145,-3.0382,0.2061,1,0,0
-0.3115,-0.0691,0.9968,4.2137,-3.0534,0.687,1,0,0
-0.3137,-0.0618,0.9912,1.9771,-2.5649,0.145,1,0,0
-0.311,-0.0649,0.9949,-0.8015,-1.8855,-0.7481,1,0,0
-0.3098,-0.0706,0.9927,-2.4885,-1.5725,-1.2443,1,0,0
-0.3098,-0.1038,0.9844,-1.8702,-1.7405,-1.2824,1,0,0
-0.314,-0.1133,0.9958,3.2901,-1.9084,-0.855,1,0,0
-0.3052,-0.1128,0.9951,9.313,-1.1756,-0.2061,1,0,0
-0.3069,-0.1052,1.0042,15.0229,0.145,0.1756,1,0,0
-0.312,-0.0745,0.9944,16.4962,1.0382,0.4046,1,0,0
-0.314,-0.0664,0.9768,13.9542,1.626,0.9313,1,0,0
-0.3157,-0.0715,0.9744,11.855,1.374,0.7176,1,0,0
-0.3137,-0.0586,0.9709,11.7481,0.3893,-0.4275,1,0,0
-0.312,-0.0435,0.9656,13.0229,-1.2366,-2.855,1,0,0
-0.3066,-0.0461,0.9702,14.7481,-1.7634,-5.8321,1,0,0
-0.2964,-0.0427,0.9834,18.3359,-1.2214,-8.8626,1,0,0
-0.291,-0.031,1.0151,25.4962,1.1145,-15.2748,1,0,0
-0.2825,-0.0151,1.01,32.9313,6.4962,-20.8092,1,0,0
-0.2944,-0.0051,0.9788,36.8702,10.2748,-24.374,1,0,0
-0.26,0.0098,0.9744,37.3053,13.916,-26.9542,1,0,0
-0.353,0.0291,0.9155,31.4656,6.2443,-24.4733,1,0,0
-0.3528,0.0022,0.9077,25.7939,1.3664,-23.1908,1,0,0
-0.3533,-0.0154,0.9019,23.1221,-4.8855,-22.5191,1,0,0
-0.3296,-0.0042,0.9121,22.6336,-6.5878,-23.2901,1,0,0
-0.3149,0.0063,0.9285,21.2443,-8.7557,-23.0305,1,0,0
-0.3049,0.0044,0.9568,16.7863,-8.9466,-20.1603,1,0,0
-0.2961,-0.0122,0.9819,11.855,-8.4885,-16.3588,1,0,0
-0.2866,-0.0217,1.0049,8.5115,-6.9237,-13.4198,1,0,0
-0.2876,-0.0264,1.0061,6.7099,-5.1756,-11.9618,1,0,0
-0.2881,-0.0281,1.0044,4.1908,-3.626,-10.7176,1,0,0
-0.2954,-0.0378,0.9941,1.5649,-3.4962,-9.084,1,0,0
-0.3066,-0.0547,0.9934,0.374,-3.4885,-6.0992,1,0,0
-0.302,-0.0647,0.9937,-0.3664,-4.4656,-3.4427,1,0,0
-0.2954,-0.054,1.0015,0.5649,-4.4885,-1.3969,1,0,0
-0.2952,-0.0327,1.0088,0.5344,-3.6641,-2.1298,1,0,0
-0.2969,-0.0298,1.0017,-0.4504,-3.0687,-2.5344,1,0,0
-0.2983,-0.0325,0.9998,-2.3206,-2.2137,-2.0382,1,0,0
-0.3032,-0.041,0.9802,-3.4046,-2.4275,-1.1679,1,0,0
-0.3052,-0.0425,0.9709,-2.9389,-2.9771,-0.7405,1,0,0
-0.3083,-0.054,0.9729,-1.7481,-4.2061,0.4122,1,0,0
-0.3052,-0.0398,0.9739,0.7328,-4.7939,0.855,1,0,0
-0.3042,-0.0288,0.9697,1.7023,-5.7863,1.1832,1,0,0
-0.3052,-0.0203,0.9639,1.771,-6.8931,1.4122,1,0,0
-0.3127,-0.0247,0.9592,1.3435,-8.0153,0.8397,1,0,0
-0.3088,-0.0188,0.9736,4.2214,-9.5191,-0.0382,1,0,0
-0.2944,0.0044,0.9719,6.5496,-10.3969,-1.3588,1,0,0
-0.2974,0.0144,0.9678,7.687,-10.0611,-3.1374,1,0,0
-0.3098,0.0173,0.9658,8.5191,-11.0,-5.0534,1,0,0
-0.3262,0.0002,0.9438,9.7939,-13.4733,-6.5649,1,0,0
-0.3315,-0.0188,0.937,13.3893,-21.6412,-5.4427,1,0,0
-0.2117,0.0046,0.9897,17.1832,-22.4275,-7.3969,1,0,0
-0.2866,0.0144,0.9749,19.2137,-22.5878,-6.0,1,0,0
-0.2673,0.0291,0.9919,17.8779,-21.7939,-3.8779,1,0,0
-0.24,0.0247,1.0142,18.8168,-18.7405,-6.1908,1,0,0
-0.2363,0.0317,1.0217,20.0687,-15.4198,-7.9542,1,0,0
-0.2424,0.0278,1.0261,19.8244,-12.1603,-7.855,1,0,0
-0.2373,0.0305,1.0051,19.3817,-9.6947,-7.0305,1,0,0
-0.2468,0.0525,0.988,17.2672,-9.5191,-7.0458,1,0,0
-0.2642,0.05,0.9707,16.0916,-11.687,-8.2901,1,0,0
-0.2578,0.0381,0.9897,16.4427,-12.3053,-9.3893,1,0,0
-0.2461,0.0449,0.991,16.5344,-12.0076,-9.0687,1,0,0
-0.2385,0.0325,0.9963,17.6565,-10.6565,-9.2443,1,0,0
-0.2427,0.04,0.9993,19.5496,-9.084,-8.4275,1,0,0
-0.2554,0.0452,0.9814,21.229,-9.6489,-8.3206,1,0,0
-0.251,0.0505,0.9919,23.0,-10.4733,-8.5725,1,0,0
-0.2432,0.0715,1.0093,21.3206,-10.5802,-7.3664,1,0,0
-0.239,0.0947,1.0164,16.4427,-9.9618,-5.6489,1,0,0
-0.2351,0.0864,1.0264,11.3359,-8.2061,-6.3511,1,0,0
-0.2368,0.0852,1.0291,7.1985,-6.3893,-7.313,1,0,0
-0.2349,0.0537,1.0337,6.6489,-4.374,-8.7252,1,0,0
-0.2458,0.0408,1.0222,8.5115,-3.626,-8.6031,1,0,0
-0.2378,0.0144,1.03,12.229,-2.5573,-7.7405,1,0,0
-0.2278,0.0271,1.0237,17.3053,-1.1985,-5.3817,1,0,0
-0.2354,0.0642,1.0159,18.6794,0.3817,-3.5573,1,0,0
-0.2446,0.0984,1.0051,13.6641,0.7557,-3.3206,1,0,0
-0.2549,0.1182,0.9954,4.5878,-0.0611,-3.0992,1,0,0
-0.251,0.1038,0.9963,-4.6489,-0.9695,-3.8168,1,0,0
-0.2397,0.072,1.0034,-9.374,-1.1145,-5.4656,1,0,0
-0.23,0.0139,1.0159,-5.0687,0.0382,-6.8397,1,0,0
-0.2207,0.0288,1.0239,4.5802,2.5344,-7.1756,1,0,0
-0.2302,0.0535,1.0034,10.229,5.0305,-6.4275,1,0,0
-0.2437,0.0479,0.9895,13.1374,5.8397,-4.6183,1,0,0
-0.25,0.0649,0.9785,14.7099,5.4656,-4.1832,1,0,0
-0.2522,0.0913,0.9683,14.5115,4.2443,-4.1603,1,0,0
-0.2483,0.1123,0.9712,8.855,2.4427,-4.0611,1,0,0
-0.2498,0.123,0.9587,-0.0229,1.2366,-3.5267,1,0,0
-0.2537,0.1016,0.9678,-7.7634,-0.2901,-2.7099,1,0,0
-0.2493,0.064,0.9722,-8.6718,-1.5344,-2.458,1,0,0
-0.2454,0.0596,0.9719,-6.3359,-2.5878,-1.8092,1,0,0
-0.2461,0.0437,0.9866,-2.0763,-2.542,-1.0153,1,0,0
-0.2363,0.0627,0.9978,3.1145,-1.5267,-0.5649,1,0,0
-0.2322,0.0876,0.9912,3.9771,-0.1298,-0.5191,1,0,0
-0.2446,0.093,0.9932,0.8473,0.2366,0.0534,1,0,0
-0.2451,0.0984,0.9958,-3.458,-0.7481,0.7557,1,0,0
-0.2429,0.0908,0.9919,-7.084,-1.0763,0.6641,1,0,0
-0.2439,0.083,1.0112,-8.687,-1.3664,0.2443,1,0,0
-0.2437,0.0803,1.0056,-8.5267,-1.374,-0.0305,1,0,0
-0.2388,0.0754,0.9988,-6.7786,-0.6412,-0.9084,1,0,0
-0.2424,0.0747,1.0012,-3.9542,-0.1145,-0.8626,1,0,0
-0.2451,0.0862,0.9885,-3.0305,-0.3282,-1.1374,1,0,0
-0.2471,0.0957,0.9868,-4.4809,-1.0458,-1.5573,1,0,0
-0.2415,0.1021,0.9939,-6.4733,-1.9847,-2.0229,1,0,0
-0.2341,0.0989,1.0037,-8.2366,-1.2443,-2.5344,1,0,0
-0.2166,0.0957,1.0225,-10.3817,0.8397,-2.7786,1,0,0
-0.217,0.1038,1.0356,-13.1298,3.4046,-3.8397,1,0,0
-0.2373,0.0889,1.0142,-16.3053,3.6107,-4.4809,1,0,0
-0.2502,0.0999,0.9924,-20.5496,2.0076,-2.6565,1,0,0
-0.2476,0.0903,0.9971,-23.3282,-0.0076,-3.1374,1,0,0
-0.2385,0.0786,1.0105,-27.7099,-1.084,-3.0534,1,0,0
-0.231,0.042,1.0051,-28.4427,0.6336,-2.1603,1,0,0
-0.2324,-0.0034,1.0234,-24.4046,4.5267,-1.4122,1,0,0
-0.2266,-0.0156,1.0283,-17.9695,8.3817,1.8931,1,0,0
-0.2415,-0.0007,1.0349,-11.6641,12.229,3.4809,1,0,0
-0.2292,0.0371,1.0615,-10.3969,15.9847,5.7405,0,0,0
-0.2273,0.0696,1.0684,-14.9084,20.9466,9.1374,0,0,0
-0.2051,0.0784,1.0879,-24.0382,28.4656,10.7786,0,0,0
-0.251,0.0706,1.0737,-33.5496,33.229,12.5191,0,0,0
-0.2788,0.0283,1.0361,-38.458,35.8092,11.4656,0,0,0
-0.3125,-0.0081,1.0049,-37.2443,33.3969,11.5573,0,0,0
-0.3242,-0.033,0.9783,-31.9084,31.0153,12.542,0,0,0
-0.344,-0.0327,0.9719,-27.7481,26.6947,16.9924,0,0,0
-0.3367,-0.0146,0.9663,-28.626,24.3359,22.6489,0,0,0
-0.325,-0.0061,0.9724,-33.9466,23.2824,27.8702,0,0,0
-0.3279,-0.0081,0.969,-39.4198,22.7252,30.6031,0,0,0
-0.335,-0.0317,0.97,-44.3969,21.2824,33.374,0,0,0
-0.3347,-0.053,0.9883,-46.8015,20.0076,35.5267,0,0,0
-0.3284,-0.0864,1.0227,-39.2748,20.6641,32.5038,0,0,0
-0.2886,-0.0281,1.0349,-25.5191,25.1069,23.2748,0,0,0
-0.272,0.0134,1.0256,-21.5649,32.1908,15.9008,0,0,0
-0.3513,0.0054,0.9854,-22.2977,33.2824,13.3206,0,0,0
-0.377,0.001,0.9727,-24.2672,29.6183,14.5725,0,0,0
-0.364,-0.0105,0.9841,-27.9618,28.4275,16.0687,0,0,0
-0.3525,-0.0142,0.9778,-31.916,29.7863,18.3511,0,0,0
-0.3792,-0.0366,0.9495,-35.0992,28.6107,19.1298,0,0,0
-0.375,-0.0537,0.9631,-36.6107,25.5878,21.771,0,0,0
-0.3508,-0.0779,0.9744,-37.2519,26.8397,26.084,0,0,0
-0.3452,-0.0754,0.9749,-36.2595,28.916,27.542,0,0,0
-0.3765,-0.064,0.9663,-34.0916,30.4427,27.1069,0,0,0
-0.3796,-0.0562,0.9412,-31.5191,29.7557,24.5802,0,0,0
-0.4014,-0.0569,0.9185,-29.7328,27.542,21.4427,0,0,0
-0.3918,-0.0688,0.928,-29.771,25.5649,21.1832,0,0,0
-0.3918,-0.0547,0.9111,-30.1221,24.8168,21.7481,0,0,0
-0.3684,-0.085,0.9182,-29.2519,24.687,21.1756,0,0,0
-0.3975,-0.0847,0.917,-29.229,24.9542,21.6794,0,0,0
-0.394,-0.0815,0.9006,-27.1603,23.3053,19.4809,0,0,0
-0.4304,-0.0784,0.8767,-25.0076,19.3893,18.4351,0,0,0
-0.4026,-0.0776,0.8872,-24.8855,15.2672,17.3817,0,0,0
-0.4097,-0.0859,0.8933,-24.5725,12.9847,17.1145,0,0,0
-0.4023,-0.0935,0.8896,-23.313,11.0687,16.2137,0,0,0
-0.4116,-0.0667,0.8896,-22.626,9.7634,13.5038,0,0,0
-0.4238,-0.0925,0.9026,-20.3664,7.626,10.0611,0,0,0
-0.4182,-0.0918,0.9023,-18.4198,5.6947,10.9924,0,0,0
-0.4119,-0.1021,0.9158,-17.7405,5.0687,11.1069,0,0,0
-0.4048,-0.1116,0.9304,-17.7786,5.6489,11.4351,0,0,0
-0.4004,-0.1118,0.9426,-17.0382,7.9237,10.626,0,0,0
-0.4199,-0.1187,0.9216,-16.2137,9.0992,9.3664,0,0,0
-0.4438,-0.1147,0.916,-13.5649,8.0534,8.0229,0,0,0
-0.4482,-0.1338,0.8948,-11.3282,6.6794,7.7405,0,0,0
-0.4529,-0.1252,0.8877,-8.7099,4.8244,8.1756,0,0,0
-0.4409,-0.1089,0.8992,-9.4962,3.6336,8.5496,0,0,0
-0.4399,-0.0952,0.9055,-12.374,3.9542,9.2901,0,0,0
-0.4512,-0.1035,0.8904,-15.8244,3.145,8.5573,0,0,0
-0.4587,-0.1279,0.8875,-17.9771,1.7328,8.2214,0,0,0
-0.4448,-0.1433,0.9075,-19.9313,0.4962,9.0,0,0,0
-0.4368,-0.1567,0.9265,-20.4962,0.6718,11.1069,0,0,0
-0.4429,-0.1685,0.9231,-19.7481,2.542,11.7481,0,0,0
-0.4502,-0.1716,0.8992,-16.8931,2.855,11.3969,0,0,0
-0.4536,-0.1716,0.886,-15.2366,1.1756,11.7863,0,0,0
-0.4614,-0.1873,0.8738,-13.2824,-1.5344,13.4046,0,0,0
-0.4373,-0.1821,0.9014,-11.7405,-2.8855,16.2061,0,0,0
-0.4175,-0.137,0.9399,-10.5115,-0.8092,16.7557,0,0,0
-0.425,-0.1033,0.9241,-10.1756,2.1527,14.5573,0,0,0
-0.4475,-0.084,0.9102,-11.9466,2.6641,11.4046,0,0,0
-0.459,-0.0989,0.8918,-12.6031,0.8855,9.3282,0,0,0
-0.4539,-0.1121,0.8757,-12.6336,-1.6947,8.2748,0,0,0
-0.4397,-0.1204,0.884,-12.6947,-3.0687,8.0229,0,0,0
-0.4346,-0.1443,0.9199,-11.1679,-2.7481,9.1221,0,0,0
-0.4231,-0.147,0.9199,-8.3206,-1.1603,10.9389,0,0,0
-0.4429,-0.1306,0.8887,-4.4733,-0.0687,11.9084,0,0,0
-0.4404,-0.1179,0.8599,-1.626,-2.1298,11.0687,0,0,0
-0.4253,-0.0991,0.8733,0.2061,-4.6107,7.0534,1,0,0
-0.4475,-0.0396,0.8904,-3.8931,-5.3282,4.3282,1,0,0
-0.448,-0.0813,0.8923,-5.3893,-6.7557,3.5344,1,0,0
-0.4412,-0.1118,0.9116,-5.5649,-7.9313,4.2519,1,0,0
-0.4329,-0.0886,0.9141,-5.9542,-8.6031,4.2672,1,0,0
-0.4224,-0.0881,0.9221,-7.8702,-7.3588,3.084,1,0,0
-0.426,-0.0898,0.9253,-8.313,-7.1527,1.1145,1,0,0
-0.4377,-0.1091,0.9246,-7.7176,-6.2137,-0.1603,1,0,0
-0.4446,-0.1414,0.9194,-5.9695,-6.0916,0.2977,1,0,0
-0.4465,-0.1426,0.9238,-2.0534,-5.542,0.7328,1,0,0
-0.4319,-0.1277,0.927,-1.0076,-4.6641,0.9008,1,0,0
-0.4338,-0.1606,0.9165,0.2519,-3.9542,3.6565,1,0,0
-0.4434,-0.1453,0.9119,2.1145,-3.542,5.626,1,0,0
-0.4441,-0.1072,0.9226,-0.5954,-3.9313,4.9924,1,0,0
-0.4517,-0.1194,0.9175,-2.6947,-4.5649,4.4885,1,0,0
-0.4473,-0.1326,0.9321,-3.5344,-4.6947,5.3664,1,0,0
-0.4429,-0.1235,0.9319,-3.4504,-4.2366,5.9542,1,0,0
-0.4526,-0.1399,0.9358,-2.4122,-3.8321,5.8168,1,0,0
-0.4512,-0.1382,0.9253,0.542,-4.2137,6.1527,1,0,0
-0.437,-0.1355,0.9429,0.5573,-3.5038,7.1145,1,0,0
-0.4331,-0.136,0.938,1.0534,-2.2443,7.771,1,0,0
-0.4258,-0.1277,0.9341,1.3435,0.1527,8.4885,1,0,0
-0.4458,-0.1206,0.9241,-0.6641,-0.3282,7.7176,1,0,0
-0.4543,-0.1282,0.918,-2.8397,-1.1145,8.313,1,0,0
-0.4456,-0.1487,0.9255,-4.0076,-1.1221,10.1527,1,0,0
-0.4355,-0.1619,0.9292,-2.1832,-1.2748,11.9618,1,0,0
-0.4265,-0.1382,0.9326,-0.6336,-1.229,13.0534,0,0,0
-0.4216,-0.113,0.9255,-0.7786,-0.1756,13.6718,0,0,0
-0.4258,-0.1123,0.9358,-1.0305,0.7176,13.1985,0,0,0
-0.4272,-0.1143,0.9175,-1.4046,0.9542,13.3817,0,0,0
-0.4319,-0.1133,0.9182,-1.7252,1.1221,14.3817,0,0,0
-0.4346,-0.1152,0.915,-1.1985,0.8168,14.7023,0,0,0
-0.4365,-0.1089,0.929,-0.0382,-0.0305,14.855,0,0,0
-0.4304,-0.0981,0.9248,1.3817,-0.4046,14.7557,0,0,0
-0.4231,-0.0857,0.9243,1.1679,-0.2214,14.2748,0,0,0
-0.4353,-0.0881,0.9204,1.0,0.2366,14.5649,0,0,0
-0.4326,-0.0725,0.916,-0.2672,0.0153,14.4046,0,0,0
-0.4138,-0.0542,0.9363,-2.0076,1.1221,14.2137,0,0,0
-0.4421,-0.0583,0.9365,-2.6489,0.5878,12.3511,0,0,0
-0.4421,-0.0583,0.937,-2.4427,0.2977,11.0076,0,0,0
-0.4277,-0.0537,0.9375,-2.1374,0.9084,9.6718,0,0,0
-0.4395,-0.0559,0.9304,-1.2748,1.2748,7.6947,0,0,0
-0.4448,-0.0481,0.9233,-1.1756,1.1145,6.2366,0,0,0
-0.4487,-0.0552,0.9258,-1.0992,0.916,5.5573,0,0,0
-0.4363,-0.0525,0.9297,-0.229,0.5954,4.6947,0,0,0
-0.4287,-0.04,0.938,-1.2061,0.8702,3.3817,0,0,0
-0.429,-0.0347,0.9268,-3.4885,1.5115,1.542,0,0,0
-0.4358,-0.0471,0.9214,-5.9695,1.4656,-0.4427,0,0,0
-0.4434,-0.0784,0.9065,-6.9084,0.8702,-0.9466,0,0,0
-0.4329,-0.1064,0.9243,-5.1679,0.2519,0.7405,0,0,0
-0.4316,-0.1003,0.9277,-2.3893,0.8779,2.0458,0,0,0
-0.4302,-0.0818,0.9272,-1.7786,1.8855,1.8855,0,0,0
-0.4368,-0.0876,0.9265,-0.5267,2.0687,1.8321,0,0,0
-0.437,-0.0703,0.9177,-0.2061,1.7481,1.1832,0,0,0
-0.436,-0.0591,0.9075,-1.7252,1.3893,0.4504,0,0,0
-0.4421,-0.0696,0.9038,-3.1374,0.626,-0.4275,0,0,0
-0.4377,-0.0786,0.918,-3.9771,-0.0992,-0.4427,0,0,0
-0.4424,-0.0957,0.9114,-3.8473,-0.1527,-0.1908,0,0,0
-0.4397,-0.0916,0.9209,-2.8779,0.3511,0.8321,0,0,0
-0.4346,-0.0999,0.9175,-0.9695,0.9084,1.1069,0,0,0
-0.4441,-0.0964,0.908,0.5038,0.4733,1.0305,0,0,0
-0.4443,-0.0789,0.9197,1.4656,0.9389,0.8321,0,0,0
-0.4456,-0.0752,0.9175,1.2748,0.5954,0.3206,0,0,0
-0.439,-0.0676,0.9243,-0.3359,0.8702,-0.5115,0,0,0
-0.4473,-0.0715,0.9177,-2.8626,0.7328,-0.7786,0,0,0
-0.4333,-0.0774,0.9358,-3.0229,1.6336,-0.1985,0,0,0
-0.4614,-0.0791,0.9263,-3.3282,0.4504,-0.9237,0,0,0
-0.4482,-0.0952,0.9285,-2.1527,0.3511,-0.8626,0,0,0
-0.4353,-0.1099,0.9363,-0.7328,2.145,-0.3969,0,0,0
-0.4504,-0.0942,0.9233,1.1221,3.0,-0.6412,0,0,0
-0.45,-0.0859,0.9045,1.4122,2.5038,-0.7405,0,0,0
-0.4524,-0.0728,0.894,0.2595,1.9237,-1.2824,0,0,0
-0.4419,-0.0828,0.9038,-1.7557,1.0458,-1.2672,0,0,0
-0.4475,-0.0901,0.9043,-1.9389,0.7634,-1.6107,0,0,0
-0.4419,-0.0845,0.9109,-2.6489,0.5344,-2.1145,0,0,0
-0.4429,-0.0977,0.9124,-1.7099,0.5038,-2.0305,0,0,0
-0.4424,-0.1077,0.9133,1.4351,0.1603,-2.6794,0,0,0
-0.4407,-0.0911,0.9431,4.3206,0.6565,-3.7481,0,0,0
-0.4443,-0.1204,0.8967,9.2443,0.4733,-2.4885,0,0,0
-0.4487,-0.1086,0.885,12.4275,-1.8779,-0.229,0,0,0
-0.4624,-0.1001,0.8364,17.4275,-3.4351,-1.2214,0,0,0
-0.4185,-0.0466,0.9497,9.0153,-4.5649,-1.5802,0,0,0
-0.4358,-0.0144,0.9116,8.145,-3.1069,-2.9695,0,0,0
-0.4309,-0.0769,0.9109,4.1756,-3.8244,-2.2672,1,0,0
-0.4263,-0.0581,0.9292,6.4198,-3.8473,-2.8473,1,0,0
-0.4131,-0.0322,0.927,6.2595,-3.2366,-5.4733,1,0,0
-0.4207,-0.0308,0.9329,5.0153,-2.5191,-6.8168,1,0,0
-0.4189,-0.0505,0.9202,5.1679,-2.2595,-8.374,1,0,0
-0.4243,-0.0461,0.9148,7.9847,-2.1145,-11.0534,1,0,0
-0.4392,-0.053,0.9087,10.9313,-2.4046,-13.9084,1,0,0
-0.4358,-0.0342,0.9006,14.8321,-3.2061,-15.1756,1,0,0
-0.4202,-0.0356,0.8835,18.9618,-3.4275,-17.9389,1,0,0
-0.4424,-0.0344,0.8787,25.6947,-5.6641,-21.1221,1,0,0
-0.4519,-0.01,0.8552,33.4198,-9.2061,-27.9237,1,0,0
-0.4612,0.0017,0.8362,39.458,-14.3588,-35.0076,1,0,0
-0.4636,0.0161,0.8318,41.8244,-20.916,-41.0763,1,0,0
-0.4243,0.0386,0.8953,34.3969,-25.2443,-38.687,1,0,0
-0.4043,0.0217,0.9297,22.2672,-23.542,-32.7786,1,0,0
-0.4121,-0.012,0.9458,15.0534,-21.374,-29.3588,1,0,0
-0.4126,-0.0227,0.9236,11.8397,-21.0382,-30.084,1,0,0
-0.4255,-0.1045,0.9502,18.2901,-21.2901,-31.7023,1,0,0
-0.4243,-0.1077,0.917,25.6107,-24.4198,-33.6031,1,0,0
-0.4136,-0.0784,0.9255,32.8321,-28.3206,-34.2137,1,0,0
-0.4028,-0.0618,0.9226,34.7023,-29.9695,-34.3511,1,0,0
-0.396,-0.05,0.9468,31.8244,-31.626,-31.5038,1,0,0
-0.3767,-0.0417,0.967,24.3817,-31.1298,-27.8244,1,0,0
-0.345,-0.0476,1.0154,13.3359,-26.4122,-22.6031,1,0,0
-0.3223,-0.0251,1.0288,4.7176,-18.8931,-20.5114,1,0,0
-0.3357,-0.071,1.0146,1.626,-13.7863,-22.0,1,0,0
-0.3652,-0.1208,0.9951,4.2977,-12.2366,-22.3053,1,0,0
-0.363,-0.1348,0.9834,9.8931,-12.1832,-20.1832,1,0,0
-0.366,-0.1255,0.9675,13.9924,-12.6489,-16.5267,1,0,0
-0.3669,-0.0911,0.9473,16.7863,-12.916,-14.5344,1,0,0
-0.3591,-0.0669,0.9568,14.9008,-12.5115,-12.2824,1,0,0
-0.3542,-0.0586,0.9888,9.458,-10.9695,-8.4275,1,0,0
-0.3521,-0.0464,0.9775,2.2443,-8.1832,-5.2443,1,0,0
-0.355,-0.0479,0.9863,-2.4504,-5.4122,-4.7481,1,0,0
-0.3691,-0.084,0.9778,-2.0458,-3.2824,-4.1527,1,0,0
-0.3765,-0.0867,0.9653,0.8321,-4.1679,-2.6031,1,0,0
-0.385,-0.0662,0.9595,4.2748,-4.5191,-1.3664,1,0,0
-0.3669,-0.0442,0.9719,4.5649,-3.916,0.9924,1,0,0
-0.373,-0.0254,0.988,3.5573,-0.916,1.6031,1,0,0
-0.3809,-0.0054,0.9858,0.7023,0.229,0.855,1,0,0
-0.3965,-0.0085,0.9851,-3.0992,-0.3282,-0.771,1,0,0
-0.396,-0.0149,0.9934,-6.771,-0.3664,-0.1374,1,0,0
-0.3904,-0.0339,0.9922,-8.6107,-0.0687,0.0916,1,0,0
-0.385,-0.0547,1.0027,-7.1985,1.9695,0.7481,1,0,0
-0.3813,-0.0403,1.0083,-5.0611,4.4275,1.8473,1,0,0
-0.3914,-0.0349,0.9976,-4.3282,5.8702,1.7634,1,0,0
-0.3953,-0.0469,0.988,-3.5878,6.0153,1.229,1,0,0
-0.3877,-0.0427,0.9924,-5.0458,5.5267,1.8397,1,0,0
-0.3696,-0.032,1.0024,-8.1145,7.6031,3.3664,1,0,0
-0.3835,-0.042,0.9917,-11.4504,9.0992,4.5267,1,0,0
-0.3806,-0.0479,1.002,-12.6641,10.7023,5.8702,1,0,0
-0.3792,-0.0847,0.9814,-11.3053,12.2366,5.9084,1,0,0
-0.3865,-0.0769,0.9614,-8.4122,11.9618,7.2519,1,0,0
-0.3904,-0.072,0.946,-5.4656,10.8244,8.2519,1,0,0
-0.3906,-0.0745,0.9531,-3.7939,9.8473,9.7557,1,0,0
-0.386,-0.0615,0.9517,-1.5802,9.3511,10.313,1,0,0
-0.3831,-0.0393,0.9521,-2.1527,9.2672,11.3817,1,0,0
-0.3743,-0.0239,0.9531,-5.8092,9.5878,12.4427,1,0,0
-0.3674,-0.0266,0.9597,-10.1679,10.5191,13.8244,1,0,0
-0.3716,-0.0352,0.9631,-13.0763,11.7557,14.7405,1,0,0
-0.3784,-0.03,0.9663,-12.9542,12.2519,15.8473,1,0,0
-0.384,-0.0188,0.9451,-12.9847,12.1832,15.4122,1,0,0
-0.3889,-0.0176,0.939,-10.626,10.6107,12.3511,1,0,0
-0.3853,-0.0073,0.9265,-7.0382,9.1374,7.7786,1,0,0
-0.3889,-0.0139,0.9087,-4.1145,7.2672,4.8473,1,0,0
-0.3862,-0.0071,0.9072,-3.2214,5.5496,3.4275,1,0,0
-0.3799,-0.0005,0.9165,-2.5344,4.0687,2.0534,1,0,0
-0.3633,0.0015,0.9224,-4.0763,4.4733,3.0763,1,0,0
-0.3618,0.0132,0.9282,-8.3817,5.4198,4.0687,1,0,0
-0.3621,0.0083,0.9297,-10.7863,6.4198,2.9237,1,0,0
-0.3738,-0.0127,0.9241,-10.7328,5.9313,1.0458,1,0,0
-0.3799,-0.0374,0.9128,-8.4046,5.7634,0.3435,1,0,0
-0.3892,-0.0422,0.9077,-5.6641,4.7023,-0.6641,1,0,0
-0.4053,-0.0425,0.9038,-3.4427,2.5038,-0.7405,1,0,0
-0.3867,-0.0388,0.9097,-2.4962,1.3511,-0.2519,1,0,0
-0.3879,-0.0422,0.9202,-0.7252,1.4656,-0.9466,1,0,0
-0.3989,-0.0308,0.9131,0.2748,0.7786,-1.8397,1,0,0
-0.4075,-0.0227,0.9207,-1.4809,-0.5649,-2.0992,1,0,0
-0.4099,-0.0347,0.9224,-3.8473,-2.2137,-1.4427,1,0,0
-0.4016,-0.0469,0.939,-4.4046,-3.0992,-0.4733,1,0,0
-0.4031,-0.0435,0.9585,-4.6183,-3.0153,-0.2901,1,0,0
-0.4021,-0.0457,0.9646,-4.5802,-1.9847,-0.3969,1,0,0
-0.3992,-0.0432,0.9766,-4.1221,-0.9237,-0.7634,1,0,0
-0.4055,-0.0554,0.9712,-3.8473,0.8015,-1.3664,1,0,0
-0.4128,-0.0662,0.9585,-1.4427,0.8779,-0.9618,1,0,0
-0.4155,-0.0747,0.9563,1.7557,1.0153,-0.0992,1,0,0
-0.415,-0.0603,0.9624,1.6565,1.626,1.8321,1,0,0
-0.4119,-0.0696,0.9788,0.1145,3.1069,3.916,1,0,0
-0.4048,-0.0698,0.9922,-0.3359,5.6641,6.4504,1,0,0
-0.3992,-0.0581,0.9993,-1.4351,8.7634,8.2519,1,0,0
-0.3994,-0.0435,0.9895,-3.5267,11.8092,8.2214,1,0,0
-0.4119,-0.0459,0.9702,-5.7786,12.8626,7.7481,1,0,0
-0.4067,-0.0378,0.9543,-8.1603,13.2977,6.9084,1,0,0
-0.4331,-0.1008,0.9504,-8.5267,14.9771,9.3359,1,0,0
-0.4275,-0.0728,0.9456,-6.5954,15.1985,13.4046,1,0,0
-0.4287,-0.0732,0.9192,-7.5038,15.6489,15.6947,1,0,0
-0.4358,-0.0278,0.9114,-8.7023,14.1527,17.0305,1,0,0
-0.4312,-0.0256,0.9131,-12.6412,12.4504,17.5878,1,0,0
-0.4407,-0.0227,0.906,-16.6641,11.8397,18.1908,1,0,0
-0.4438,-0.0386,0.9104,-18.5038,10.4733,17.9313,1,0,0
-0.4343,-0.0417,0.9141,-17.2137,9.5802,17.3206,1,0,0
-0.4453,-0.0266,0.9089,-16.6794,9.0763,15.3435,1,0,0
-0.4341,-0.0188,0.9075,-13.6031,8.0458,10.9237,1,0,0
-0.4397,-0.0244,0.9102,-10.9008,6.7023,7.7176,1,0,0
-0.4463,-0.042,0.9084,-8.6107,5.9695,6.374,1,0,0
-0.4468,-0.0454,0.9097,-7.8931,5.3282,6.3817,1,0,0
-0.4402,-0.0435,0.9226,-7.6794,5.4122,7.9466,1,0,0
-0.4443,-0.0325,0.9104,-8.2443,5.8473,7.8626,1,0,0
-0.448,-0.0232,0.9001,-10.5267,4.9695,6.5267,1,0,0
-0.4529,-0.0293,0.8965,-11.1603,3.3206,5.1069,1,0,0
-0.4546,-0.0522,0.8953,-10.9466,1.7023,4.1756,1,0,0
-0.4468,-0.0793,0.8975,-10.2214,0.1221,5.8473,1,0,0
-0.4524,-0.064,0.9045,-9.2824,-0.2977,8.1985,1,0,0
-0.4351,-0.0701,0.9138,-10.0687,-0.1145,9.4962,1,0,0
-0.4326,-0.0674,0.9189,-10.9542,0.5649,10.1069,1,0,0
-0.4414,-0.0461,0.916,-11.6794,2.0153,10.3511,1,0,0
-0.4392,-0.0649,0.9194,-14.4427,2.313,10.3817,1,0,0
-0.4758,-0.0811,0.9041,-15.8931,3.2748,11.3664,1,0,0
-0.4414,-0.0974,0.9136,-11.2748,3.084,11.0229,1,0,0
-0.4509,-0.0996,0.906,-8.6336,2.8397,11.542,1,0,0
-0.4607,-0.0796,0.9146,-7.771,2.0916,12.4656,1,0,0
-0.4507,-0.0767,0.916,-7.7328,1.4046,12.3511,1,0,0
-0.4573,-0.0779,0.9119,-8.1145,0.8397,12.5496,1,0,0
-0.4434,-0.0459,0.9146,-9.3817,1.5038,11.5878,1,0,0
-0.4387,-0.041,0.9272,-11.0534,1.4122,10.8931,1,0,0
-0.4438,-0.0688,0.9202,-12.6565,2.7252,10.6565,1,0,0
-0.4521,-0.0701,0.9211,-11.1298,3.8092,10.1679,1,0,0
-0.4612,-0.0674,0.9048,-7.9389,2.8931,9.2824,1,0,0
-0.4556,-0.0503,0.916,-5.7634,1.6031,8.6947,1,0,0
-0.4587,-0.0515,0.9287,-6.0687,2.1756,9.1221,1,0,0
-0.4519,-0.051,0.946,-6.3817,3.687,10.0611,1,0,0
-0.4373,-0.0706,0.9509,-6.4427,6.4504,9.7023,1,0,0
-0.4668,-0.04,0.9395,-6.458,6.7786,7.229,1,0,0
-0.4795,-0.0288,0.9021,-7.5802,4.3435,4.2748,1,0,0
-0.4792,-0.05,0.8945,-7.7939,3.7939,3.2366,1,0,0
-0.4792,-0.0623,0.8931,-5.1221,2.0305,3.4733,1,0,0
-0.4839,-0.0454,0.8982,-1.5573,0.2061,3.4656,1,0,0
-0.4604,-0.0134,0.8975,-0.6718,-0.7481,2.7405,1,0,0
-0.4446,-0.0056,0.9126,-2.9542,0.0382,1.2061,1,0,0
-0.4487,-0.0151,0.918,-4.6718,1.1603,-0.2366,1,0,0
-0.4592,-0.0361,0.907,-5.0611,1.7176,-1.2366,1,0,0
-0.4631,-0.0469,0.9077,-4.4427,0.8779,-1.0687,1,0,0
-0.4583,-0.0493,0.9111,-3.4962,0.229,-0.1908,1,0,0
-0.4563,-0.0471,0.9172,-2.3969,0.2214,-0.0992,1,0,0
-0.4458,-0.0383,0.9199,-1.687,0.3511,-0.9695,1,0,0
-0.4463,-0.0347,0.9131,-1.5725,0.6336,-2.458,1,0,0
-0.4492,-0.0481,0.8999,-1.8855,-0.2901,-3.4427,1,0,0
-0.4434,-0.0471,0.8938,-2.084,-1.2672,-4.0,1,0,0
-0.438,-0.053,0.8887,-2.2595,-1.6183,-4.5344,1,0,0
-0.4529,-0.0518,0.8958,-2.0305,-2.3664,-5.0992,1,0,0
-0.4392,-0.061,0.8987,-2.9924,-2.9084,-4.8702,1,0,0
-0.4387,-0.0537,0.9072,-4.7863,-3.0076,-3.5344,1,0,0
-0.4387,-0.0408,0.9353,-8.1603,-1.3511,-4.7863,1,0,0
-0.4497,-0.0679,0.9053,-10.4656,-0.9466,-5.2595,1,0,0
-0.4614,-0.092,0.917,-10.145,-0.687,-4.4122,1,0,0
-0.4768,-0.0974,0.9189,-8.4656,-1.7099,-4.542,1,0,0
-0.4719,-0.124,0.9194,-2.8473,-1.1679,-2.9618,1,0,0
-0.4568,-0.1047,0.9285,4.0153,-0.6718,-1.5267,1,0,0
-0.4614,-0.0679,0.9153,5.3664,-0.3588,-1.5267,1,0,0
-0.47,-0.0532,0.9124,3.5191,-0.771,-1.9008,1,0,0
-0.4712,-0.0442,0.9019,-0.2366,-1.1374,-2.6565,1,0,0
-0.4666,-0.0527,0.8958,-3.6183,-2.1298,-3.3588,1,0,0
-0.4636,-0.0803,0.9092,-6.0153,-1.9389,-2.3206,1,0,0
-0.4565,-0.0874,0.9221,-5.374,-1.3359,-1.8321,1,0,0
-0.46,-0.0933,0.9226,-4.0305,-0.4275,-1.5878,1,0,0
-0.4666,-0.0967,0.9238,-1.8244,-0.4122,-1.2748,1,0,0
-0.459,-0.0928,0.9131,0.1832,0.1603,-0.7863,1,0,0
-0.4641,-0.075,0.9053,1.8168,0.3359,-0.8931,1,0,0
-0.47,-0.0632,0.8965,0.3206,-0.4962,-1.1145,1,0,0
-0.4661,-0.061,0.8975,-1.7939,-0.9542,-1.1221,1,0,0
-0.4561,-0.0615,0.9036,-4.3664,-0.542,-1.9389,1,0,0
-0.4558,-0.0737,0.9167,-6.3893,0.4351,-1.8015,1,0,0
-0.4673,-0.0801,0.9138,-6.7328,0.6489,-1.458,1,0,0
-0.4712,-0.0762,0.908,-6.1832,0.4275,-1.9466,1,0,0
-0.4626,-0.0942,0.9155,-4.855,0.1679,-1.5725,1,0,0
-0.4624,-0.0911,0.9192,-1.7863,0.6336,-1.3359,1,0,0
-0.4624,-0.093,0.9067,0.7634,0.5954,-0.6489,1,0,0
-0.4607,-0.0681,0.8972,0.6412,0.5191,0.4427,1,0,0
-0.4597,-0.0649,0.8999,-0.9771,0.1221,1.0382,1,0,0
-0.4602,-0.0559,0.9048,-3.3664,0.5496,-0.1756,0,0,0
-0.4636,-0.0757,0.9045,-4.4351,0.5115,-0.7634,0,0,0
-0.4695,-0.0757,0.9033,-3.9008,-0.2748,-0.1908,0,0,0
-0.4675,-0.072,0.9065,-4.2595,-1.0076,0.1985,0,0,0
-0.4617,-0.064,0.9114,-4.687,-0.916,-0.1756,0,0,0
-0.4585,-0.0706,0.9199,-4.8397,-0.3969,-0.4351,0,0,0
-0.4573,-0.0842,0.9104,-4.0458,0.458,-0.6718,0,0,0
-0.4551,-0.0796,0.917,-3.1603,0.9008,-0.9466,0,0,0
-0.4534,-0.0728,0.9141,-3.7557,1.542,-0.7481,0,0,0
-0.4563,-0.0991,0.9185,-2.2366,2.0458,0.5649,0,0,0
-0.4644,-0.0886,0.9106,0.7252,1.6794,0.1527,0,0,0
-0.4568,-0.064,0.9143,1.4275,1.4504,-0.1985,0,0,0
-0.458,-0.0774,0.9023,0.542,0.9618,-0.2824,0,0,0
-0.4639,-0.0901,0.8872,0.7252,-0.5725,0.1221,0,0,0
-0.4558,-0.0876,0.8782,1.6412,-2.0229,0.7405,0,0,0
-0.4426,-0.0667,0.8733,2.3664,-2.9695,-1.916,0,0,0
-0.4434,-0.031,0.9248,-1.5267,-1.4198,-1.9466,1,0,0
-0.4456,-0.0674,0.9065,-4.4885,-1.229,-2.6947,1,0,0
-0.4509,-0.0947,0.9153,-4.542,-1.3053,-2.0076,1,0,0
-0.4514,-0.063,0.9106,-5.458,-2.0076,-2.0153,1,0,0
-0.4507,-0.0764,0.9087,-7.4275,-1.9237,-0.9313,1,0,0
-0.4492,-0.0735,0.9175,-7.4962,-1.5649,-0.8931,1,0,0
-0.4507,-0.0679,0.9246,-8.084,-0.7863,-1.4275,1,0,0
-0.4629,-0.0728,0.926,-8.2443,-0.4122,-2.8092,1,0,0
-0.4592,-0.114,0.9036,-6.2366,-1.0687,-2.1603,1,0,0
-0.4666,-0.1116,0.917,-1.8855,-0.8244,-1.374,1,0,0
-0.4619,-0.0825,0.9124,1.084,-0.145,-0.7328,1,0,0
-0.4736,-0.0659,0.896,0.9466,-0.7634,-0.9771,1,0,0
-0.4768,-0.0676,0.9028,0.1756,-1.9924,-0.9008,1,0,0
-0.4707,-0.0645,0.9114,-0.0916,-2.6336,-0.1985,1,0,0
-0.4678,-0.0525,0.9102,-1.5573,-2.6031,-0.6412,1,0,0
-0.4658,-0.0603,0.916,-3.5496,-2.8931,-1.3206,1,0,0
-0.4727,-0.0823,0.9194,-3.458,-3.0153,-2.0229,1,0,0
-0.4524,-0.1006,0.9309,-1.458,-2.5573,-1.3817,1,0,0
-0.4561,-0.0876,0.926,0.8702,-1.084,-1.0687,1,0,0
-0.467,-0.0884,0.9229,1.9084,-1.0534,-0.9771,1,0,0
-0.4631,-0.0806,0.9253,2.4733,-1.2977,-0.0992,1,0,0
-0.4512,-0.0625,0.9287,1.4275,-0.3359,-0.6641,1,0,0
-0.4612,-0.0522,0.9114,0.229,-0.0992,-2.2748,1,0,0
-0.4722,-0.0588,0.906,-2.0687,-0.9313,-3.0229,1,0,0
-0.4631,-0.0732,0.9038,-3.3893,-2.1527,-2.7176,1,0,0
-0.448,-0.0828,0.9092,-3.7099,-1.6412,-2.1603,1,0,0
-0.4463,-0.071,0.9048,-4.3588,-0.7405,-2.7252,1,0,0
-0.4692,-0.0776,0.887,-4.9695,-1.9084,-2.9771,1,0,0
-0.4673,-0.1016,0.9033,-3.6489,-3.1221,-2.2748,1,0,0
-0.4619,-0.1255,0.9148,2.6794,-2.8931,-1.374,1,0,0
-0.4329,-0.0808,0.9231,8.1603,-1.6183,-0.916,1,0,0
-0.4414,-0.0352,0.918,6.3664,-0.2366,-2.4733,1,0,0
-0.459,-0.0474,0.9055,2.6947,-0.7939,-4.0305,1,0,0
-0.4529,-0.0493,0.9121,-0.2901,-1.0916,-4.6031,1,0,0
-0.4546,-0.0576,0.9089,-2.2901,-1.6336,-5.7328,1,0,0
-0.4539,-0.0667,0.9011,-2.7481,-1.9008,-6.2748,1,0,0
-0.4607,-0.0735,0.9077,-2.1832,-2.0458,-6.9618,1,0,0
-0.4561,-0.0874,0.9072,-1.374,-2.687,-6.8779,1,0,0
-0.4587,-0.1118,0.9199,3.2824,-2.4809,-8.0076,1,0,0
-0.4507,-0.1104,0.9224,13.1527,-1.6031,-11.8931,1,0,0
-0.4453,-0.0613,0.9175,22.7328,-0.4046,-15.6031,1,0,0
-0.4482,0.0054,0.9253,24.9618,-0.1145,-20.0687,1,0,0
-0.4702,-0.03,0.9019,27.5114,2.1756,-22.0992,1,0,0
-0.4805,-0.0071,0.8665,24.084,-1.8855,-23.0458,0,0,0
-0.4875,-0.0361,0.8826,18.8092,-5.6565,-23.687,0,0,0
-0.4751,-0.0623,0.8962,19.6183,-8.7023,-24.1221,0,0,0
-0.4551,-0.0481,0.9089,21.0076,-10.0229,-25.9466,0,0,0
-0.439,-0.0554,0.9319,19.7786,-9.5573,-25.7099,0,0,0
-0.4204,-0.0681,0.9634,16.542,-7.5496,-22.145,0,0,0
-0.4126,-0.0654,0.9719,10.8626,-3.2366,-16.6565,0,0,0
-0.4246,-0.0803,0.9541,6.0687,0.4885,-14.1374,0,0,0
-0.4441,-0.0947,0.9448,5.1985,1.3817,-12.4351,0,0,0
-0.4478,-0.094,0.948,5.8321,0.916,-10.0992,0,0,0
-0.4407,-0.0823,0.9456,5.4962,0.1603,-6.4962,0,0,0
-0.4277,-0.0769,0.9485,2.7252,0.9389,-3.7252,0,0,0
-0.4314,-0.0737,0.9397,-0.7176,2.6718,-0.5725,0,0,0
-0.4458,-0.0735,0.928,-3.2824,2.6718,-0.5115,0,0,0
-0.4434,-0.0833,0.936,-3.3893,2.1298,-0.8855,0,0,0
-0.4436,-0.0884,0.9199,-2.8321,1.6107,-0.1832,0,0,0
-0.4382,-0.0852,0.9167,-3.2214,1.3588,2.2824,0,0,0
-0.4404,-0.0808,0.9094,-4.0763,1.5954,4.1145,0,0,0
-0.4448,-0.082,0.9065,-4.8092,1.8931,5.8931,0,0,0
-0.446,-0.0845,0.9187,-5.3282,1.8626,6.6336,0,0,0
-0.4438,-0.0703,0.9233,-5.8473,2.0,7.2977,0,0,0
-0.4365,-0.0635,0.9177,-8.2214,1.6107,8.2443,0,0,0
-0.4407,-0.0669,0.9233,-10.4962,1.9237,9.626,0,0,0
-0.45,-0.0764,0.9185,-12.8473,2.6412,11.8321,0,0,0
-0.4517,-0.085,0.9324,-14.7939,2.8702,13.6947,0,0,0
-0.4504,-0.0771,0.9077,-16.0458,2.7023,13.9542,0,0,0
-0.4565,-0.0698,0.908,-19.458,2.9389,15.8015,0,0,0
-0.4436,-0.0723,0.9207,-20.9924,3.7786,16.4198,0,0,0
-0.4504,-0.0786,0.9141,-21.4733,4.4122,16.8168,0,0,0
-0.4548,-0.0698,0.9231,-21.5267,4.8168,16.2977,0,0,0
-0.4536,-0.0857,0.9265,-21.5725,5.7863,15.3282,0,0,0
-0.4592,-0.1006,0.9126,-19.0916,6.2672,15.0458,0,0,0
-0.4636,-0.092,0.9102,-16.4656,6.2748,13.458,0,0,0
-0.4705,-0.0979,0.9148,-14.458,5.0763,12.5878,0,0,0
-0.458,-0.0942,0.9338,-12.2595,5.0916,12.9084,0,0,0
-0.449,-0.0598,0.9077,-13.5115,5.9771,13.5878,0,0,0
-0.4568,-0.0503,0.9065,-14.4504,6.4275,11.9313,0,0,0
-0.4709,-0.0525,0.8938,-13.6336,5.916,9.8321,0,0,0
-0.4834,-0.0615,0.8831,-12.7252,4.1527,7.6031,0,0,0
-0.4763,-0.0725,0.8777,-10.4046,2.5496,7.313,0,0,0
-0.4648,-0.0669,0.884,-7.8779,2.0153,6.7099,0,0,0
-0.4624,-0.0557,0.9009,-6.7176,2.0458,6.6031,0,0,0
-0.4666,-0.0496,0.9021,-6.3282,2.0076,5.7328,0,0,0
-0.4705,-0.0457,0.8972,-5.2443,1.9847,4.1298,0,0,0
-0.4683,-0.0291,0.8916,-4.8015,1.4046,1.5115,0,0,0
-0.4749,-0.0342,0.8906,-5.3588,0.458,0.0611,0,0,0
-0.4646,-0.0574,0.9043,-6.0076,0.1298,0.2977,0,0,0
-0.4534,-0.0681,0.9275,-6.9695,1.1069,0.8626,0,0,0
-0.4448,-0.071,0.9412,-8.5267,3.3053,1.5725,0,0,0
-0.4539,-0.0779,0.9336,-9.7405,5.8168,0.9847,0,0,0
-0.4673,-0.0908,0.9172,-9.3206,7.0992,0.0305,0,0,0
-0.4761,-0.1089,0.9031,-7.5573,7.229,-0.5802,0,0,0
-0.4893,-0.1309,0.8862,-3.9237,5.6565,0.7328,0,0,0
-0.4883,-0.1082,0.8823,-0.2672,3.6107,1.855,0,0,0
-0.4722,-0.0862,0.8877,-0.855,2.2977,2.1908,0,0,0
-0.4697,-0.0737,0.8923,-3.6412,2.7863,2.1908,0,0,0
-0.4707,-0.0789,0.9094,-8.374,3.0458,2.5115,0,0,0
-0.4827,-0.1006,0.9004,-11.3664,2.4885,3.9084,0,0,0
-0.4763,-0.127,0.887,-12.2519,2.7481,4.3893,0,0,0
-0.4863,-0.136,0.895,-7.7176,1.7557,5.0229,0,0,0
-0.4783,-0.135,0.8833,-3.4733,0.9389,6.3588,0,0,0
-0.4785,-0.114,0.8916,-1.2443,0.6183,7.6412,0,0,0
-0.4736,-0.0916,0.8984,-2.5878,0.9313,8.7863,0,0,0
-0.5044,-0.0801,0.8987,-5.4046,0.6031,9.0534,0,0,0
-0.4829,-0.0994,0.9021,-7.1679,-0.9771,9.0534,0,0,0
-0.4758,-0.0942,0.8999,-5.9084,-1.2901,9.1603,0,0,0
-0.4734,-0.0769,0.9133,-4.2519,-0.5344,8.1145,0,0,0
-0.4631,-0.0574,0.9089,-3.3359,0.5496,6.2061,0,0,0
-0.4683,-0.0503,0.9148,-3.6412,2.0763,5.0229,0,0,0
-0.4863,-0.0547,0.8989,-4.9389,2.6107,3.5496,0,0,0
-0.4905,-0.0671,0.8831,-4.229,1.2672,2.1908,0,0,0
-0.4807,-0.064,0.8916,-2.9084,-0.0076,1.5267,0,0,0
-0.4727,-0.0493,0.8867,-2.4733,-0.1298,0.855,0,0,0
-0.4729,-0.0469,0.8958,-4.1527,0.0076,0.4962,0,0,0
-0.4744,-0.0715,0.9011,-6.4504,1.0611,0.1985,0,0,0
-0.4817,-0.0947,0.8994,-5.2595,1.3435,0.2366,0,0,0
-0.4854,-0.1072,0.8926,-3.6107,0.6107,0.0305,0,0,0
-0.4829,-0.1113,0.8906,-0.8626,-0.4656,0.8779,0,0,0
-0.4773,-0.094,0.8979,0.5496,-0.3588,1.1756,0,0,0
-0.4768,-0.0857,0.9011,0.4427,0.0,1.0687,0,0,0
-0.4812,-0.0828,0.895,0.2366,0.5725,1.4275,0,0,0
-0.4868,-0.0771,0.8953,-0.6336,0.4198,1.0916,0,0,0
-0.4902,-0.0894,0.9038,-0.9542,0.2061,0.6794,0,0,0
-0.488,-0.0854,0.9004,-0.3969,-0.5038,-0.0992,0,0,0
-0.4829,-0.0942,0.8926,1.4198,-0.4809,0.145,0,0,0
-0.4783,-0.0864,0.8987,2.3511,0.0229,0.3359,0,0,0
-0.4722,-0.0786,0.9062,1.771,1.145,0.5115,0,0,0
-0.4866,-0.084,0.905,1.8092,2.3053,0.5496,0,0,0
-0.4875,-0.0686,0.9009,1.1145,1.9466,0.6031,0,0,0
-0.4895,-0.0674,0.9082,-0.5115,1.2977,-0.4275,0,0,0
-0.4868,-0.0774,0.895,-1.2901,0.9618,-1.2824,0,0,0
-0.4888,-0.0786,0.8835,-1.9313,0.0153,-1.5038,0,0,0
-0.4846,-0.0986,0.8882,-1.7176,-1.2748,-1.1603,0,0,0
-0.4746,-0.1057,0.8813,1.0534,-1.5878,1.0763,0,0,0
-0.481,-0.0886,0.875,4.4504,-2.0611,2.0382,0,0,0
-0.49,-0.0703,0.8425,6.771,-3.2519,1.916,0,0,0
-0.4695,-0.0657,0.8867,7.0611,-4.5496,-1.0076,1,0,0
-0.4812,-0.0422,0.8721,7.2595,-6.084,-2.8931,1,0,0
-0.4727,-0.0681,0.8818,8.5191,-7.313,-3.4809,1,0,0
-0.4541,-0.0835,0.8992,12.1985,-7.6107,-4.084,1,0,0
-0.4397,-0.0491,0.9058,15.3893,-6.0534,-5.2443,1,0,0
-0.4514,-0.0222,0.9058,15.0992,-4.4198,-6.9313,1,0,0
-0.4617,-0.0251,0.9124,14.4885,-4.2061,-10.1221,1,0,0
-0.4556,-0.0237,0.9045,16.8397,-4.6489,-13.6031,1,0,0
-0.4565,-0.0007,0.8855,18.542,-4.5878,-16.7481,1,0,0
-0.469,-0.0156,0.8655,20.4733,-6.2443,-19.3969,1,0,0
-0.4761,-0.0217,0.8437,24.9542,-8.4962,-21.6794,1,0,0
-0.5366,-0.0647,0.8257,30.3206,-12.458,-25.4275,1,0,0
-0.5132,-0.0369,0.8215,37.0763,-17.771,-27.4122,1,0,0
-0.468,0.0042,0.8726,39.1069,-23.2901,-29.5267,1,0,0
-0.4353,0.0205,0.9209,29.8626,-23.6336,-24.2061,1,0,0
-0.4133,0.0144,0.9636,20.7023,-18.3893,-21.6031,1,0,0
-0.4155,0.0039,0.9644,14.9924,-12.8626,-23.9389,1,0,0
-0.4558,-0.0371,0.9475,12.7634,-10.4046,-29.0916,1,0,0
-0.4807,-0.0813,0.926,14.2443,-11.145,-30.0,1,0,0
-0.4917,-0.0952,0.9053,21.6641,-15.4656,-30.1985,1,0,0
-0.4829,-0.0959,0.8865,29.7099,-19.9542,-29.1221,1,0,0
-0.4653,-0.0569,0.9099,33.0,-25.0611,-27.2824,1,0,0
-0.4331,-0.0107,0.9609,28.2748,-25.0305,-22.2137,1,0,0
-0.4172,-0.0049,0.9771,18.687,-20.7786,-19.6107,1,0,0
-0.4185,-0.0374,0.9556,13.6718,-16.542,-20.9924,1,0,0
-0.4153,-0.0569,0.9258,13.542,-14.8702,-21.8015,1,0,0
-0.4287,-0.0688,0.9102,15.8321,-15.3817,-22.1679,1,0,0
-0.4468,-0.0774,0.9102,20.5496,-19.2137,-21.1298,1,0,0
-0.439,-0.0698,0.9182,26.8855,-22.5725,-20.4962,1,0,0
-0.4111,-0.0315,0.9363,27.6489,-23.542,-17.3206,1,0,0
-0.3862,-0.0112,0.9714,20.4656,-20.7405,-12.0382,1,0,0
-0.3723,0.0005,1.0117,10.4504,-13.9924,-8.626,1,0,0
-0.3804,0.0034,1.0046,1.1679,-7.7405,-8.7939,1,0,0
-0.3926,-0.0364,0.9956,-2.9313,-4.7405,-9.1374,1,0,0
-0.4087,-0.0652,0.998,-1.6107,-2.7252,-7.2519,1,0,0
-0.4128,-0.0701,0.9983,1.1527,-0.8168,-4.4656,1,0,0
-0.4172,-0.0642,0.9866,4.2595,0.6489,-1.7023,1,0,0
-0.4202,-0.0361,0.979,6.3664,1.5573,-0.0229,1,0,0
-0.4216,-0.0071,0.981,3.5191,2.1145,-0.3053,1,0,0
-0.4099,-0.0039,0.9834,-1.8168,3.4504,0.8779,1,0,0
-0.4097,-0.0034,0.9912,-8.2366,6.3664,2.6489,1,0,0
-0.4172,-0.0244,0.9883,-12.4504,9.2977,3.0992,1,0,0
-0.4263,-0.0327,0.9839,-13.5649,10.8321,3.6641,1,0,0
-0.4236,-0.0437,0.9661,-13.084,10.9924,3.8779,1,0,0
-0.4307,-0.0562,0.9648,-11.0,11.4504,5.2443,1,0,0
-0.4351,-0.0569,0.9543,-8.4504,12.2748,6.145,1,0,0
-0.4321,-0.0439,0.949,-6.7023,12.7023,6.3817,1,0,0
-0.4263,-0.0203,0.9517,-8.687,13.0611,7.7328,1,0,0
-0.4209,-0.0276,0.9587,-12.0687,14.7786,9.5573,1,0,0
-0.417,-0.0229,0.9609,-15.5267,17.2595,10.7863,1,0,0
-0.4336,-0.0571,0.9468,-16.4962,19.2595,11.8855,1,0,0
-0.4485,-0.073,0.9263,-14.626,19.4809,13.0611,1,0,0
-0.4563,-0.0522,0.9067,-12.5344,17.6183,14.4656,1,0,0
-0.4561,-0.0313,0.9075,-14.1145,15.1374,16.8397,1,0,0
-0.4497,-0.0237,0.9109,-18.8702,13.5115,19.3893,1,0,0
-0.4407,-0.0244,0.9175,-26.626,13.5191,23.3053,1,0,0
-0.4224,-0.03,0.9414,-35.0458,15.771,29.4962,1,0,0
-0.4456,-0.0552,0.9192,-39.5496,17.1908,32.5191,1,0,0
-0.4978,-0.0784,0.9114,-35.8473,16.1756,30.5573,1,0,0
-0.4744,-0.0623,0.8992,-29.0992,14.313,26.4656,1,0,0
-0.4846,-0.0671,0.9014,-22.2901,12.5038,23.2366,1,0,0
-0.4763,-0.0525,0.8989,-17.5649,10.4198,21.1527,1,0,0
-0.478,-0.0205,0.9045,-16.6412,8.4122,20.8931,1,0,0
-0.4546,0.0293,0.9177,-24.4733,8.4885,23.6107,1,0,0
-0.4761,-0.0354,0.9143,-32.9695,10.6641,25.2748,1,0,0
-0.4302,-0.0149,0.9502,-34.8092,13.9924,20.4656,1,0,0
-0.4485,-0.0493,0.9285,-32.916,16.9847,15.7099,1,0,0
-0.4812,-0.0564,0.9092,-29.8168,16.7252,12.771,1,0,0
-0.4536,-0.0737,0.9246,-23.4504,17.7328,10.6489,1,0,0
-0.4758,-0.0898,0.9155,-16.5649,18.145,11.9771,1,0,0
-0.4731,-0.0442,0.8972,-12.9542,17.2214,14.0763,1,0,0
-0.4639,-0.01,0.9141,-17.374,18.7481,13.9542,1,0,0
-0.4597,-0.0073,0.9043,-20.5725,20.6031,10.7557,1,0,0
-0.4866,-0.0315,0.8843,-22.5267,20.8931,8.2214,1,0,0
-0.49,-0.0381,0.8574,-23.2977,18.687,7.1221,1,0,0
-0.4741,-0.0613,0.8674,-22.3893,16.9084,8.2595,1,0,0
-0.4705,-0.0757,0.8823,-20.4427,17.7328,10.2901,1,0,0
-0.4646,-0.0581,0.8809,-20.4198,19.7176,10.8626,1,0,0
-0.5071,-0.0715,0.8735,-19.4046,20.9618,10.4656,1,0,0
-0.5042,-0.0442,0.8699,-16.9313,18.0382,8.3893,1,0,0
-0.5032,-0.0474,0.8306,-16.1527,15.2977,6.0916,1,0,0
-0.5239,-0.072,0.8435,-14.0305,11.9771,5.0992,1,0,0
-0.5388,-0.0681,0.8452,-12.5038,8.4122,6.0611,1,0,0
-0.5081,-0.0776,0.8599,-12.5573,7.4427,6.7176,1,0,0
-0.4902,-0.0806,0.8579,-12.0305,7.3053,6.771,1,0,0
-0.5083,-0.0745,0.863,-10.1221,6.5802,4.2901,1,0,0
-0.521,-0.0798,0.835,-7.5954,4.4656,1.9618,1,0,0
-0.5178,-0.0806,0.843,-6.4885,2.0076,1.2824,1,0,0
-0.519,-0.116,0.8496,-4.6107,1.145,2.4122,1,0,0
-0.4944,-0.0847,0.8713,-4.7176,0.8473,4.3435,1,0,0
-0.5007,-0.0796,0.8743,-9.3359,2.2519,5.145,1,0,0
-0.5027,-0.0464,0.8677,-14.2443,2.9618,5.2824,1,0,0
-0.5149,-0.1074,0.8491,-17.4122,2.4962,4.3053,1,0,0
-0.5322,-0.156,0.8496,-14.4504,1.0992,5.5878,1,0,0
-0.532,-0.1482,0.8269,-8.1603,-1.9237,6.3588,1,0,0
-0.5371,-0.1206,0.8228,-2.9008,-4.6947,6.5802,1,0,0
-0.5264,-0.0969,0.8225,-1.2824,-7.2748,5.7634,1,0,0
-0.5046,-0.0718,0.8528,-4.0534,-6.5496,6.3893,1,0,0
-0.5095,-0.0596,0.8513,-11.5725,-6.4504,6.9924,1,0,0
-0.519,-0.1016,0.8557,-16.9084,-6.9389,7.458,1,0,0
-0.5313,-0.1023,0.8437,-15.8397,-7.9847,7.1832,1,0,0
-0.5308,-0.1086,0.8508,-11.3435,-9.6565,6.1832,1,0,0
-0.5334,-0.1028,0.8437,-5.2443,-11.0916,4.8626,1,0,0
-0.5366,-0.0842,0.8379,-1.1832,-12.9008,3.3893,1,0,0
-0.5352,-0.0488,0.8486,-1.9924,-15.0153,2.7252,1,0,0
-0.5342,-0.0415,0.8445,-5.8015,-16.4809,1.1298,1,0,0
-0.5327,-0.0466,0.8621,-9.3893,-19.2214,-0.7023,1,0,0
-0.5193,-0.0457,0.8799,-10.313,-20.4198,-3.0534,1,0,0
-0.501,-0.0239,0.8977,-11.8473,-19.8321,-6.7405,1,0,0
-0.4998,-0.041,0.9075,-13.4275,-17.5344,-9.6031,1,0,0
-0.49,-0.1064,0.9192,-12.4351,-15.0916,-9.6565,1,0,0
-0.4795,-0.1499,0.9453,-7.8779,-11.4733,-4.9084,1,0,0
-0.481,-0.1499,0.9529,-0.9847,-6.5344,-0.7328,1,0,0
-0.4827,-0.1106,0.9478,4.1374,-2.2061,0.1374,1,0,0
-0.4915,-0.0752,0.9353,5.1374,0.5878,-1.626,1,0,0
-0.5017,-0.0657,0.9143,3.2672,0.855,-3.8015,1,0,0
-0.5061,-0.0718,0.8955,-0.9618,0.542,-4.5267,1,0,0
-0.5085,-0.104,0.8826,-3.9313,-0.0153,-3.7557,1,0,0
-0.5073,-0.1138,0.8879,-4.6641,-0.7634,-3.2824,1,0,0
-0.5015,-0.1187,0.8853,-4.3206,-0.626,-2.4275,1,0,0
-0.5002,-0.1274,0.8801,-3.7481,-1.2214,-1.9847,1,0,0
-0.4915,-0.1223,0.8926,-2.626,-1.0382,-1.5115,1,0,0
-0.4954,-0.1277,0.8938,-1.4122,-0.4046,-1.0229,1,0,0
-0.498,-0.1243,0.8823,-0.8855,-0.8397,-0.0916,1,0,0
-0.5,-0.1135,0.8765,-1.4885,-1.1527,0.2137,1,0,0
-0.5042,-0.0955,0.874,-2.3435,-1.8168,0.1374,1,0,0
-0.4966,-0.0913,0.8726,-3.5267,-2.0076,-0.8931,1,0,0
-0.4951,-0.1121,0.8857,-4.0382,-2.2748,-0.4198,1,0,0
-0.4878,-0.1111,0.8882,-4.458,-2.458,0.5802,1,0,0
-0.4963,-0.1179,0.8938,-4.3893,-2.2519,0.1374,1,0,0
-0.4871,-0.1045,0.8989,-4.2061,-1.8397,-0.1679,1,0,0
-0.4893,-0.0823,0.9026,-6.1374,-1.5878,-0.6031,1,0,0
-0.4878,-0.0979,0.8889,-9.374,-1.7099,-1.4656,1,0,0
-0.4907,-0.0872,0.8894,-13.3053,-2.0,-2.4885,1,0,0
-0.4958,-0.1648,0.8796,-13.6718,-2.6336,-1.5038,1,0,0
-0.4851,-0.1501,0.9009,-12.8092,-2.542,0.7481,1,0,0
-0.4946,-0.1499,0.8972,-8.6107,-1.4504,1.1145,1,0,0
-0.4929,-0.146,0.8901,-5.4962,-1.1985,0.2824,1,0,0
-0.5034,-0.1516,0.8828,-1.7405,-1.6412,0.5267,1,0,0
-0.5081,-0.1394,0.8792,1.7405,-2.3206,0.8931,1,0,0
-0.4934,-0.1143,0.8782,2.6565,-3.2748,0.9084,1,0,0
-0.4883,-0.105,0.884,1.0611,-2.9313,1.458,1,0,0
-0.4897,-0.1096,0.894,-0.1832,-2.2977,2.0,1,0,0
-0.481,-0.0847,0.896,-2.0,-1.4504,0.9542,1,0,0
-0.4858,-0.094,0.8984,-3.3588,-1.145,-0.5115,1,0,0
-0.4934,-0.0972,0.8894,-2.5802,-1.9389,-1.0992,1,0,0
-0.4875,-0.093,0.8911,-2.4733,-2.2672,-1.9847,1,0,0
-0.4897,-0.1055,0.886,-1.7786,-2.4962,-1.916,1,0,0
-0.4871,-0.0996,0.8931,-0.4656,-2.2137,-1.8473,1,0,0
-0.4802,-0.1072,0.9001,0.0382,-1.3511,-2.5649,1,0,0
-0.4905,-0.1055,0.8875,1.7557,-1.3817,-2.5878,1,0,0
-0.4868,-0.0991,0.8865,3.3969,-1.6183,-2.4046,1,0,0
-0.4819,-0.0972,0.8877,3.9771,-1.3053,-2.8779,1,0,0
-0.4807,-0.0898,0.8872,4.8626,-1.3435,-3.3969,1,0,0
-0.4829,-0.0881,0.8887,4.3053,-1.9695,-4.0992,1,0,0
-0.4861,-0.084,0.8792,5.1069,-2.1374,-4.5878,1,0,0
-0.4854,-0.0835,0.8765,5.855,-3.3817,-6.9313,1,0,0
-0.4824,-0.0964,0.8691,6.5344,-4.5496,-8.2977,1,0,0
-0.4771,-0.0981,0.8931,5.8779,-4.5954,-7.8092,1,0,0
-0.4753,-0.0947,0.897,5.4962,-3.9847,-7.8626,1,0,0
-0.4756,-0.1213,0.8943,7.4275,-4.3359,-7.8321,1,0,0
-0.4766,-0.1167,0.8918,11.6107,-4.6107,-9.8855,1,0,0
-0.4846,-0.1001,0.894,12.916,-4.5115,-10.8473,1,0,0
-0.4771,-0.0891,0.9065,11.0382,-3.626,-11.0305,1,0,0
-0.4736,-0.082,0.8984,6.6336,-2.4427,-11.3817,1,0,0
-0.4812,-0.0935,0.8801,2.4733,-1.9237,-12.4122,1,0,0
-0.4897,-0.1116,0.8875,-1.7939,-3.1908,-11.7176,1,0,0
-0.48,-0.1489,0.8923,-4.2901,-3.6183,-8.2366,0,0,0
-0.4792,-0.1709,0.8989,-3.2901,-3.1221,-4.8244,0,0,0
-0.4771,-0.1646,0.9109,-1.2214,-2.0,-2.0153,0,0,0
-0.4834,-0.1479,0.9045,0.6183,-1.229,-1.2595,0,0,0
-0.4917,-0.1306,0.8953,0.1069,-1.458,-1.4427,0,0,0
-0.4873,-0.123,0.906,-1.458,-1.2443,-0.542,0,0,0
-0.4849,-0.1191,0.9009,-4.2137,-0.916,-0.6412,0,0,0
-0.4973,-0.1196,0.9021,-6.6031,-1.3588,-1.0916,0,0,0
-0.4941,-0.1409,0.9138,-8.2595,-1.1527,1.0,0,0,0
-0.49,-0.1555,0.9214,-7.313,0.2214,2.8626,0,0,0
-0.491,-0.1492,0.9275,-5.1832,1.626,4.6794,0,0,0
-0.4888,-0.1362,0.9294,-3.5115,3.1679,5.0229,0,0,0
-0.4929,-0.1128,0.9143,-3.1908,3.5115,4.9008,0,0,0
-0.4973,-0.1094,0.9167,-5.4275,3.8015,5.5496,0,0,0
-0.49,-0.1226,0.9124,-7.6947,4.3206,7.7481,0,0,0
-0.4944,-0.1111,0.9211,-9.8702,5.1527,9.0305,0,0,0
-0.4998,-0.1155,0.9053,-11.229,6.1679,8.6489,0,0,0
-0.5127,-0.1331,0.8799,-11.1221,5.229,7.855,0,0,0
-0.5044,-0.1235,0.8835,-9.9847,4.0153,7.7634,0,0,0
-0.5095,-0.1287,0.8875,-8.687,3.1298,7.3282,0,0,0
-0.5093,-0.1355,0.8704,-5.2214,1.6565,6.7634,0,0,0
-0.4993,-0.1255,0.8723,-2.0458,0.6412,6.8015,0,0,0
-0.4814,-0.1086,0.886,-2.3969,1.1069,7.4351,0,0,0
-0.4736,-0.1008,0.8984,-4.3511,3.0,8.2977,0,0,0
-0.4812,-0.0984,0.8904,-6.5649,4.7557,8.3817,0,0,0
-0.4924,-0.092,0.8804,-6.2824,4.2214,7.9389,0,0,0
-0.4895,-0.0837,0.8799,-5.229,2.9237,6.7099,0,0,0
-0.4902,-0.0789,0.8638,-3.3588,1.5267,4.8473,0,0,0
-0.4934,-0.0747,0.8623,-2.0076,-0.0153,2.916,0,0,0
-0.4934,-0.0701,0.8667,-1.3511,-0.916,1.8473,0,0,0
-0.4751,-0.0693,0.8789,-1.9237,-1.4656,0.5954,0,0,0
-0.4597,-0.0708,0.8853,-4.0992,-0.5649,0.2672,0,0,0
-0.4565,-0.0847,0.9045,-6.0382,1.6641,0.4885,0,0,0
-0.4714,-0.1091,0.9011,-5.8702,2.9771,0.2901,0,0,0
-0.4866,-0.1133,0.8865,-3.5115,2.6947,-0.0076,0,0,0
-0.4902,-0.1099,0.8711,-1.7481,1.6565,-0.1298,0,0,0
-0.49,-0.1021,0.875,-0.5496,0.3282,-0.2824,0,0,0
-0.4893,-0.1008,0.8762,-2.1069,-0.3053,-0.5725,0,0,0
-0.489,-0.0972,0.8704,-3.2366,-0.3206,-0.6183,0,0,0
-0.4946,-0.1111,0.8757,-5.3053,-1.2977,-0.3206,0,0,0
-0.4912,-0.1343,0.8938,-5.3053,-1.0,0.8855,0,0,0
-0.4854,-0.1362,0.8999,-3.4504,0.0534,1.9084,0,0,0
-0.4819,-0.1294,0.9019,-2.0153,0.6412,1.8244,0,0,0
-0.4915,-0.1194,0.8899,-0.5954,0.7863,1.4885,0,0,0
-0.4988,-0.1094,0.8789,0.0763,-0.2595,0.3359,0,0,0
-0.5037,-0.1138,0.8738,-0.1527,-1.0763,0.1298,0,0,0
-0.5027,-0.1123,0.8772,-0.6947,-1.855,0.084,0,0,0
-0.4998,-0.1135,0.8843,-1.3435,-1.8473,-0.0534,0,0,0
-0.4829,-0.1082,0.8962,-2.1679,-1.6183,0.4885,0,0,0
-0.4878,-0.115,0.8943,-2.5573,-0.8702,0.2443,0,0,0
-0.4985,-0.1047,0.8899,-3.1832,-1.1374,-0.2901,0,0,0
-0.5012,-0.1113,0.8784,-3.2366,-1.6107,-0.6641,0,0,0
-0.4939,-0.1021,0.8855,-2.2595,-2.1145,-0.6489,0,0,0
-0.4941,-0.1035,0.8848,-1.8779,-2.4351,-1.0534,0,0,0
-0.4915,-0.1028,0.8772,-0.6489,-2.3664,-0.8244,0,0,0
-0.4834,-0.0962,0.8909,-1.2519,-1.6336,-0.5573,0,0,0
-0.4998,-0.1113,0.9077,-2.4046,-1.4504,-0.7252,0,0,0
-0.5012,-0.1179,0.9104,-1.2443,-2.8397,-0.3053,0,0,0
-0.481,-0.104,0.9104,-0.9237,-2.458,-0.2672,0,0,0
-0.4827,-0.0908,0.9033,-0.5954,-1.3435,-0.9313,0,0,0
-0.4912,-0.0884,0.8882,-1.6183,-1.1145,-1.9924,0,0,0
-0.4961,-0.0972,0.884,-2.1756,-1.7252,-2.0916,0,0,0
-0.4917,-0.1016,0.8794,-1.2672,-2.4198,-2.6183,0,0,0
-0.4871,-0.1113,0.8882,-0.2672,-1.9084,-2.3359,0,0,0
-0.4834,-0.1096,0.9014,2.5267,-1.5115,-2.1832,0,0,0
-0.4797,-0.0945,0.8997,4.145,-1.0,-2.6412,0,0,0
-0.4846,-0.0901,0.8911,4.5878,-0.9542,-4.1679,0,0,0
-0.491,-0.0999,0.8865,6.4962,-1.1908,-7.0382,0,0,0
-0.4878,-0.0916,0.874,8.6565,-1.3588,-9.542,0,0,0
-0.4929,-0.0916,0.8667,9.0305,-2.3588,-10.7328,0,0,0
-0.4915,-0.0879,0.8865,8.1985,-2.4427,-9.4351,0,0,0
-0.4641,-0.0999,0.8958,7.9695,0.2901,-9.0763,0,0,0
-0.4846,-0.0867,0.8794,7.8779,-0.2595,-8.8702,0,0,0
-0.4705,-0.0742,0.8843,7.7328,-0.1603,-10.4504,0,0,0
-0.4849,-0.1025,0.8711,7.6031,-1.2748,-9.6412,0,0,0
-0.4841,-0.0974,0.8923,6.0458,-1.2824,-7.9618,0,0,0
-0.4768,-0.0967,0.9011,1.9466,-0.5191,-6.1832,0,0,0
-0.4871,-0.1106,0.905,-1.3969,-0.3664,-4.1756,0,0,0
-0.4949,-0.1208,0.9011,-2.2977,-1.2977,-3.0763,0,0,0
-0.4927,-0.1228,0.9009,-1.4275,-1.8321,-2.4504,0,0,0
-0.4932,-0.1257,0.9045,0.5267,-1.5496,-1.9084,0,0,0
-0.4929,-0.1077,0.9021,1.8779,-1.6794,-1.9237,0,0,0
-0.4988,-0.105,0.8943,2.1603,-1.3817,-3.3969,0,0,0
-0.5005,-0.1001,0.8955,2.3282,-1.9618,-3.9847,0,0,0
-0.4949,-0.092,0.9092,0.7405,-1.9466,-4.1756,0,0,0
-0.4941,-0.1042,0.9255,-1.2443,-0.8015,-4.0153,0,0,0
-0.4993,-0.1174,0.9146,-0.7176,0.2595,-2.8244,0,0,0
-0.5015,-0.1064,0.9111,0.5267,0.5573,-2.4122,0,0,0
-0.5024,-0.0959,0.9058,1.3969,0.6336,-2.9008,0,0,0
-0.5027,-0.0994,0.8977,2.916,0.3435,-3.3817,0,0,0
-0.5044,-0.1077,0.8943,5.5344,0.0992,-4.4809,0,0,0
-0.4971,-0.0923,0.9041,9.2366,0.374,-5.855,0,0,0
-0.4963,-0.0806,0.9036,12.5496,1.3435,-7.4504,0,0,0
-0.4829,-0.0791,0.9075,14.0916,1.3359,-8.7252,0,0,0
-0.4797,-0.0708,0.9087,12.8397,3.1527,-7.9771,0,0,0
-0.4734,-0.103,0.908,11.4962,4.6412,-8.6947,0,0,0
-0.511,-0.1035,0.8943,13.8168,4.4733,-9.145,0,0,0
-0.4905,-0.0632,0.8811,15.1679,3.5649,-10.7176,0,0,0
-0.5034,-0.0742,0.8796,13.4198,2.2901,-10.0687,0,0,0
-0.4722,-0.0742,0.9097,9.6336,2.3206,-7.6489,0,0,0
-0.4656,-0.0823,0.9126,5.4885,3.1679,-4.6718,0,0,0
-0.4663,-0.1025,0.9189,4.9695,5.4809,-3.0305,0,0,0
-0.4583,-0.1089,0.9263,8.542,7.5878,-4.4275,0,0,0
-0.4656,-0.0757,0.9148,10.8244,10.3588,-5.9389,0,0,0
-0.4785,-0.085,0.9094,9.2977,12.0611,-5.2748,0,0,0
-0.5022,-0.0864,0.8906,7.1145,11.3359,-4.1908,0,0,0
-0.5071,-0.0894,0.8806,5.7405,9.7863,-3.3435,0,0,0
-0.5051,-0.1038,0.8872,8.1756,8.3206,-3.5191,0,0,0
-0.4336,-0.0718,0.9121,12.1832,10.3435,-6.5878,0,0,0
-0.5066,-0.0984,0.8821,11.6107,12.6947,-6.771,0,0,0
-0.501,-0.0735,0.8906,9.9771,11.1069,-5.0992,0,0,0
-0.511,-0.1218,0.8877,13.0611,11.0382,-2.2901,0,0,0
-0.5166,-0.105,0.8989,17.8321,10.2824,-0.0916,0,0,0
-0.5088,-0.0496,0.8843,17.6489,10.5496,0.458,0,0,0
-0.5168,-0.0173,0.863,12.4198,8.9924,-0.4809,0,0,0
-0.5254,-0.0107,0.8523,4.3435,6.916,-3.8626,0,0,0
-0.5417,-0.0376,0.8484,-2.3664,3.8015,-4.8321,0,0,0
-0.5249,-0.0652,0.8601,-5.6641,1.3206,-4.7557,0,0,0
-0.5181,-0.0803,0.866,-7.3206,-0.1908,-4.4198,0,0,0
-0.5056,-0.1162,0.8838,-7.0534,0.4046,-1.855,0,0,0
-0.5037,-0.115,0.8918,-5.8702,2.1145,0.0687,0,0,0
-0.5122,-0.0874,0.8923,-6.8321,2.9237,1.3206,0,0,0
-0.5242,-0.0911,0.8787,-10.1145,2.7023,1.7405,0,0,0
-0.5244,-0.0881,0.8789,-12.9466,1.7176,2.6489,0,0,0
-0.5247,-0.0879,0.876,-15.1908,1.1374,3.3435,0,0,0
-0.5251,-0.082,0.8743,-17.5344,0.3282,4.2519,0,0,0
-0.5339,-0.0793,0.8677,-22.0534,-0.2137,5.3817,0,0,0
-0.5234,-0.0828,0.8835,-27.1145,-0.2214,7.145,0,0,0
-0.5146,-0.0676,0.8787,-33.9008,0.5344,9.0458,0,0,0
-0.5325,-0.083,0.8662,-40.374,0.771,10.0076,0,0,0
-0.5415,-0.1277,0.8577,-41.229,-0.0611,10.5496,0,0,0
-0.5344,-0.1487,0.8506,-36.1374,-2.0458,11.313,0,0,0
-0.532,-0.1455,0.8569,-29.4198,-2.9084,13.1298,0,0,0
-0.583,-0.1179,0.8569,-24.3588,-3.9389,15.6107,0,0,0
-0.5149,-0.1233,0.8589,-19.4427,-3.9389,16.2977,0,0,0
-0.5071,-0.0898,0.854,-17.9924,-2.542,16.1908,0,0,0
-0.498,-0.073,0.8496,-18.5114,-1.9008,13.0153,0,0,0
-0.5139,-0.061,0.8611,-19.8397,-1.7405,9.9771,0,0,0
-0.5002,-0.0603,0.8635,-21.6794,-0.8168,8.3511,0,0,0
-0.5039,-0.0955,0.8647,-22.4656,-0.0076,8.3893,0,0,0
-0.4956,-0.1138,0.8604,-22.4046,0.6183,9.3053,0,0,0
-0.4971,-0.124,0.8691,-20.7481,0.7481,9.7939,0,0,0
-0.5061,-0.1279,0.8662,-17.2061,-1.0458,8.4885,0,0,0
-0.5161,-0.1299,0.854,-13.5573,-1.6641,7.2366,0,0,0
-0.5107,-0.0989,0.834,-11.1069,-2.8092,6.5954,0,0,0
-0.5188,-0.1086,0.8455,-11.6183,-3.6031,6.0229,0,0,0
-0.5154,-0.0967,0.8479,-13.8626,-4.5115,6.687,0,0,0
-0.5171,-0.1074,0.8691,-18.1679,-4.1832,7.2443,0,0,0
-0.5259,-0.1069,0.8843,-18.3206,-4.1298,7.9542,0,0,0
-0.5066,-0.1333,0.8828,-18.0458,-3.7939,5.5649,0,0,0
-0.5215,-0.1287,0.8716,-17.9084,-4.1985,4.626,0,0,0
-0.5222,-0.1357,0.8701,-15.4504,-5.6031,3.4809,0,0,0
-0.5164,-0.147,0.8782,-13.0076,-6.4046,3.1985,0,0,0
-0.4993,-0.1438,0.8909,-12.1069,-5.4351,4.6336,0,0,0
-0.4946,-0.1228,0.8931,-13.6641,-4.3511,5.7863,0,0,0
-0.5088,-0.1357,0.8848,-15.6336,-3.8779,5.4122,0,0,0
-0.5093,-0.1211,0.877,-17.4656,-3.458,4.2137,0,0,0
-0.5117,-0.1367,0.8721,-19.1603,-3.6947,2.1221,0,0,0
-0.5193,-0.1584,0.8552,-18.4275,-4.6183,0.9695,0,0,0
-0.5071,-0.1714,0.8582,-15.9237,-4.9389,1.5267,0,0,0
-0.5117,-0.1912,0.8474,-11.3664,-5.6489,2.6031,0,0,0
-0.5125,-0.1821,0.8552,-6.8779,-6.3053,4.5802,0,0,0
-0.5098,-0.1423,0.8638,-4.6565,-6.8702,5.5649,0,0,0
-0.5071,-0.1277,0.8623,-4.4046,-6.4351,6.2443,0,0,0
-0.5032,-0.1042,0.8687,-5.8168,-5.8092,4.8855,0,0,0
-0.5054,-0.1162,0.8711,-6.8244,-5.6794,2.9389,0,0,0
-0.5012,-0.1421,0.8755,-6.8321,-6.1679,2.9542,0,0,0
-0.5002,-0.1626,0.8818,-6.2824,-5.5725,4.5573,0,0,0
-0.5081,-0.1685,0.8904,-4.0992,-4.9237,5.4046,0,0,0
-0.5034,-0.1567,0.8992,-2.5191,-3.8015,5.4809,0,0,0
-0.5159,-0.1326,0.8789,-3.3435,-2.7863,4.8168,0,0,0
-0.5193,-0.1335,0.8848,-4.1832,-3.1679,4.2061,0,0,0
-0.521,-0.1367,0.8877,-5.084,-2.9924,3.8244,0,0,0
-0.5178,-0.1326,0.8845,-5.374,-3.1298,3.1603,0,0,0
-0.5181,-0.1306,0.8853,-7.771,-3.2824,3.1145,0,0,0
-0.5237,-0.1348,0.887,-9.4198,-2.9237,2.6412,0,0,0
-0.5098,-0.157,0.8945,-9.5267,-2.855,2.7557,0,0,0
-0.5142,-0.1616,0.8955,-8.4427,-2.145,2.9771,0,0,0
-0.5076,-0.1604,0.8975,-7.0,-1.687,4.1603,0,0,0
-0.5054,-0.1521,0.8901,-5.1756,-0.9008,3.626,0,0,0
-0.5024,-0.147,0.8889,-3.0229,-0.7176,3.2595,0,0,0
-0.5049,-0.1472,0.8796,-1.5954,-0.2061,3.2672,0,0,0
-0.5063,-0.1492,0.8735,-1.3588,-0.3435,3.1679,0,0,0
-0.5049,-0.1499,0.8748,-1.6565,-0.4122,3.8473,0,0,0
-0.5029,-0.1487,0.8716,-1.7328,-0.4351,4.2214,0,0,0
-0.4995,-0.1533,0.8806,-2.7023,-0.4427,4.7939,0,0,0
-0.4949,-0.1418,0.8801,-3.542,-0.0534,4.4809,0,0,0
-0.4985,-0.1387,0.8728,-4.7481,-0.2137,4.3969,0,0,0
-0.5034,-0.1453,0.8704,-5.0305,-0.2137,3.771,0,0,0
-0.501,-0.1562,0.8677,-5.0305,-0.4962,3.4427,0,0,0
-0.4985,-0.1721,0.8735,-4.7863,-0.6565,4.1679,0,0,0
-0.4888,-0.1689,0.873,-5.4427,-0.9313,5.7176,0,0,0
-0.5,-0.1694,0.8738,-5.8702,-1.1756,7.2061,0,0,0
-0.4778,-0.1707,0.8682,-7.7328,-1.2824,8.5573,0,0,0
-0.5051,-0.1672,0.8691,-7.3282,-1.5649,8.0534,0,0,0
-0.4941,-0.1589,0.8806,-7.5038,-1.2901,7.8321,0,0,0
-0.4971,-0.1667,0.8818,-7.1069,-0.1679,7.8168,0,0,0
-0.4958,-0.1616,0.8665,-8.771,-0.6565,9.2519,0,0,0
-0.4917,-0.1633,0.8672,-12.084,-1.313,11.3282,0,0,0
-0.5029,-0.1628,0.8691,-14.2672,-2.1756,11.3511,0,0,0
-0.4778,-0.1646,0.877,-17.0916,-1.3206,13.6183,0,0,0
-0.4961,-0.1787,0.8801,-16.9389,0.4122,15.4504,0,0,0
-0.5095,-0.166,0.8743,-13.6412,0.4656,14.8092,0,0,0
-0.5085,-0.1409,0.8704,-10.9466,-0.542,13.0763,0,0,0
-0.5081,-0.1377,0.8667,-10.2901,-1.4656,12.0534,0,0,0
-0.5132,-0.1326,0.8616,-9.7481,-2.7557,10.4656,0,0,0
-0.5107,-0.1348,0.8525,-7.8626,-3.6412,8.1908,1,0,0
-0.5098,-0.1377,0.8601,-5.6489,-4.3893,6.6412,1,0,0
-0.4944,-0.1199,0.873,-3.1908,-3.9313,5.771,1,0,0
-0.4976,-0.1104,0.8752,-1.2061,-2.5191,4.4809,1,0,0
-0.4988,-0.084,0.8811,-1.5954,-1.0534,2.3282,1,0,0
-0.5061,-0.1006,0.8801,-2.2519,-1.2901,-0.2748,1,0,0
-0.5107,-0.1079,0.8718,-1.6489,-1.5344,-2.3969,1,0,0
-0.5146,-0.1301,0.8589,0.0229,-2.7099,-3.1069,1,0,0
-0.5093,-0.1294,0.8687,1.855,-3.7405,-3.0076,1,0,0
-0.4985,-0.1372,0.8777,3.4962,-3.8321,-2.5038,1,0,0
-0.4861,-0.1284,0.8965,3.8092,-2.7023,-1.771,1,0,0
-0.4929,-0.1138,0.9006,2.145,-0.8244,-2.5954,1,0,0
-0.4944,-0.115,0.8987,0.687,-0.7481,-4.0153,1,0,0
-0.4949,-0.1396,0.9006,-0.8244,-0.2824,-4.542,1,0,0
-0.5046,-0.1558,0.8992,-0.8702,-0.626,-4.2443,1,0,0
-0.5161,-0.1577,0.8782,1.2748,-1.374,-4.2443,1,0,0
-0.5112,-0.1675,0.8865,3.458,-1.7557,-3.8931,1,0,0
-0.5034,-0.1702,0.8818,4.6412,-1.8397,-3.0916,1,0,0
-0.5076,-0.1597,0.8843,4.9924,-2.1069,-2.084,1,0,0
-0.4907,-0.1472,0.8926,3.0534,-1.5191,-0.9618,1,0,0
-0.4885,-0.136,0.8987,0.6565,-0.0305,-0.1756,1,0,0
-0.5056,-0.1389,0.8911,-0.3511,0.229,-1.5878,1,0,0
-0.5044,-0.1421,0.8821,-1.2672,0.0687,-2.0992,1,0,0
-0.5093,-0.1521,0.8733,-0.2748,-0.916,-1.9618,1,0,0
-0.5032,-0.1455,0.8757,1.2443,-0.5344,-1.7481,1,0,0
-0.5037,-0.1394,0.8677,2.374,-0.3893,-2.1985,1,0,0
-0.5117,-0.1394,0.8647,2.8168,-0.5954,-2.687,1,0,0
-0.5063,-0.1431,0.856,3.7099,-1.5267,-3.4427,1,0,0
-0.4941,-0.1372,0.8711,4.3817,-1.7939,-3.2824,1,0,0
-0.5037,-0.1416,0.8606,3.2977,-2.0458,-2.1908,1,0,0
-0.5071,-0.1394,0.8694,1.6947,-2.7176,-1.3206,1,0,0
-0.4993,-0.134,0.8667,0.1145,-3.0229,-1.5267,1,0,0
-0.4976,-0.1406,0.8801,0.2748,-3.3817,-2.0916,1,0,0
-0.4939,-0.1411,0.8887,1.229,-3.084,-3.313,1,0,0
-0.5056,-0.1719,0.8789,5.3282,-2.8626,-4.5267,1,0,0
-0.4878,-0.1445,0.8867,10.9084,-2.9008,-6.1527,1,0,0
-0.489,-0.135,0.8921,12.1985,-1.3359,-5.9008,1,0,0
-0.4951,-0.1326,0.8911,10.9847,-0.7252,-5.1527,1,0,0
-0.4939,-0.1306,0.8826,9.2824,0.2672,-4.5038,1,0,0
-0.5071,-0.1326,0.866,8.9313,0.0305,-5.5954,1,0,0
-0.509,-0.1326,0.8706,10.0305,-0.7328,-7.0076,1,0,0
-0.499,-0.1421,0.8835,12.771,-0.8244,-8.542,1,0,0
-0.4978,-0.1143,0.8777,12.4504,-0.6183,-7.7099,1,0,0
-0.4978,-0.1116,0.8728,7.8626,-0.687,-5.6412,1,0,0
-0.5068,-0.123,0.8687,3.0763,-2.0076,-3.8473,1,0,0
-0.5015,-0.1223,0.8816,-0.4198,-2.2519,-3.4962,1,0,0
-0.499,-0.1262,0.8826,-1.5725,-2.2595,-3.855,1,0,0
-0.4983,-0.1362,0.877,-0.9771,-3.2137,-3.8397,1,0,0
-0.4939,-0.1472,0.8867,0.8015,-3.1374,-3.5344,1,0,0
-0.4897,-0.1589,0.9004,1.7939,-2.1908,-1.6031,1,0,0
-0.4893,-0.1438,0.9114,0.8397,-1.2137,-0.0382,1,0,0
-0.4978,-0.1418,0.9026,-0.8092,-0.1985,0.0,1,0,0
-0.4968,-0.1323,0.895,-2.8626,-0.3053,0.0687,1,0,0
-0.499,-0.1318,0.8901,-4.2366,-0.3511,0.0305,1,0,0
-0.4934,-0.1384,0.8867,-2.9771,-0.5038,0.1298,1,0,0
-0.49,-0.1309,0.8801,-0.2366,-0.4885,-0.4962,1,0,0
-0.491,-0.1084,0.8655,0.4504,-0.9847,-1.5191,1,0,0
-0.4961,-0.1165,0.873,-1.3206,-1.8473,-0.9695,1,0,0
-0.491,-0.1267,0.8757,-3.145,-2.0076,-0.3206,1,0,0
-0.4922,-0.1323,0.8784,-2.8855,-2.1756,-0.145,1,0,0
-0.499,-0.1299,0.885,-1.145,-2.8168,-0.0916,1,0,0
-0.4912,-0.1216,0.8896,0.6489,-3.1832,-0.313,1,0,0
-0.4966,-0.116,0.9019,1.0458,-3.5802,-0.7786,1,0,0
-0.4875,-0.1099,0.8994,2.5191,-3.0305,-2.2977,1,0,0
-0.489,-0.1187,0.8972,3.855,-2.2901,-3.5496,1,0,0
-0.4968,-0.1113,0.9023,3.5802,-2.1145,-3.9084,1,0,0
-0.4863,-0.1099,0.9011,3.2672,-1.5725,-4.7328,1,0,0
-0.4824,-0.1108,0.8943,2.5038,-0.9771,-4.855,1,0,0
-0.4888,-0.1125,0.8975,1.313,-0.5344,-3.8397,1,0,0
-0.4954,-0.1177,0.8896,0.1832,-0.8321,-3.4656,1,0,0
-0.5017,-0.1309,0.8926,-0.3282,-1.7099,-3.313,1,0,0
-0.49,-0.127,0.8867,-0.5878,-2.6794,-3.0458,1,0,0
-0.4863,-0.1338,0.8872,-0.3359,-2.1603,-2.626,1,0,0
-0.4756,-0.1262,0.8875,-0.687,-2.0458,-2.2366,1,0,0
-0.4783,-0.1287,0.886,-0.6794,-0.9008,-1.5649,1,0,0
-0.4819,-0.125,0.8821,-0.626,-0.1298,-1.4809,1,0,0
-0.4924,-0.1255,0.8635,-0.0305,-0.5954,-2.0305,1,0,0
-0.501,-0.1243,0.877,1.3206,-1.8321,-2.4351,1,0,0
-0.4949,-0.125,0.8823,2.0687,-2.4962,-2.0305,1,0,0
-0.4915,-0.1199,0.8882,2.1908,-2.8931,-1.7328,1,0,0
-0.4866,-0.1143,0.8914,1.2443,-2.6412,-1.8015,1,0,0
-0.4817,-0.1177,0.9009,-0.4962,-2.229,-1.3588,1,0,0
-0.4856,-0.1167,0.9106,-2.458,-1.1145,-1.2824,1,0,0
-0.4895,-0.1221,0.8982,-2.4809,-1.1069,-1.3282,0,0,0
-0.4988,-0.1157,0.8916,-1.0687,-0.9847,-1.9237,0,0,0
-0.5029,-0.1143,0.8813,0.1985,-1.5573,-2.3664,0,0,0
-0.4946,-0.1113,0.8882,2.4122,-1.8931,-3.9695,0,0,0
-0.4932,-0.1003,0.8855,3.5267,-1.9695,-5.9084,0,0,0
-0.488,-0.0999,0.8889,3.4733,-2.3435,-7.6565,0,0,0
-0.4827,-0.1062,0.8845,1.4275,-2.626,-8.3282,0,0,0
-0.4744,-0.1287,0.8999,-0.7557,-1.8931,-6.8244,0,0,0
-0.4822,-0.1365,0.8958,-1.0534,-0.3969,-5.2366,0,0,0
-0.4866,-0.1472,0.896,-0.5878,0.0611,-4.4046,0,0,0
-0.4871,-0.1326,0.9028,-1.1221,-0.4351,-3.6183,0,0,0
-0.4854,-0.1528,0.8979,-1.5344,-0.5038,-2.1221,0,0,0
-0.4817,-0.1594,0.9067,-0.1527,-0.458,-0.2595,0,0,0
-0.4766,-0.137,0.9082,-0.3817,0.0076,0.9618,0,0,0
-0.4785,-0.1304,0.8992,-2.229,1.458,1.6183,0,0,0
-0.4829,-0.1274,0.8914,-3.2137,1.1756,1.4885,0,0,0
-0.4885,-0.1265,0.8855,-3.9084,0.6031,1.2748,0,0,0
-0.4829,-0.145,0.8801,-3.2443,0.2214,1.6718,0,0,0
-0.4832,-0.1353,0.8801,-1.8015,-0.0458,1.8626,0,0,0
-0.4902,-0.1199,0.8845,-1.084,0.0458,1.9008,0,0,0
-0.4858,-0.127,0.8857,-0.0305,-0.1679,1.7176,0,0,0
-0.4905,-0.1116,0.8823,0.1527,0.0229,1.5725,0,0,0
-0.4951,-0.1123,0.8862,-0.1298,0.229,1.4809,0,0,0
-0.4895,-0.1064,0.8953,-0.229,0.1908,1.4427,0,0,0
-0.4822,-0.0981,0.9141,-1.0611,0.8779,1.4504,0,0,0
-0.4863,-0.0977,0.8997,-2.0687,1.2061,0.458,0,0,0
-0.4934,-0.0977,0.8916,-3.0687,1.6718,-0.1298,0,0,0
-0.4971,-0.1072,0.8962,-2.542,1.6947,-0.9313,0,0,0
-0.4958,-0.1018,0.8892,-1.8702,0.7405,-1.1145,0,0,0
-0.498,-0.1082,0.9124,-1.5878,0.8626,-1.3817,1,0,0
-0.4832,-0.1248,0.917,-0.1221,1.0611,-0.542,1,0,0
-0.4741,-0.1143,0.9045,-0.6641,1.7481,0.4809,1,0,0
-0.481,-0.1221,0.9026,-1.8321,2.2595,1.0534,1,0,0
-0.4849,-0.116,0.8826,-3.4351,2.1756,0.5878,1,0,0
-0.4937,-0.1294,0.8718,-2.7252,1.084,-0.8855,1,0,0
-0.4956,-0.1226,0.8862,-2.8397,0.1679,-0.8702,1,0,0
-0.488,-0.1179,0.8752,-0.7099,-0.6641,-0.9618,1,0,0
-0.4775,-0.115,0.8806,0.4962,-0.6641,-0.6489,1,0,0
-0.4722,-0.0884,0.8896,-1.5649,0.1527,-1.2366,1,0,0
-0.4893,-0.1008,0.8831,-4.4809,-0.1298,-1.5878,1,0,0
-0.4819,-0.1086,0.8821,-6.0458,-0.8015,-1.8321,1,0,0
-0.4846,-0.1128,0.8867,-7.3893,-0.6947,-2.7328,1,0,0
-0.4912,-0.1133,0.8855,-7.8779,-0.5191,-3.7481,1,0,0
-0.4897,-0.1533,0.8904,-5.5038,-0.4504,-3.1374,1,0,0
-0.4941,-0.1638,0.8887,0.3588,-0.4885,-0.9389,1,0,0
-0.4988,-0.123,0.8914,3.4046,-1.5191,-0.6947,1,0,0
-0.4912,-0.1042,0.8843,1.7481,-1.9237,-1.3969,1,0,0
-0.4836,-0.1091,0.887,-0.2061,-1.8244,-2.0153,1,0,0
-0.4829,-0.1042,0.8997,-2.6489,-1.3359,-2.374,1,0,0
-0.4937,-0.1243,0.8816,-4.2901,-1.2137,-1.4656,1,0,0
-0.4963,-0.1372,0.8867,-4.4656,-1.4427,-1.0916,1,0,0
-0.4971,-0.134,0.8906,-3.3282,-2.2595,-1.0,1,0,0
-0.499,-0.1445,0.8987,-0.8626,-2.5954,0.1832,1,0,0
-0.4956,-0.1375,0.8997,1.8397,-2.1527,0.9542,1,0,0
-0.4888,-0.1279,0.9021,2.7786,-1.0763,1.0763,1,0,0
-0.4951,-0.1174,0.8955,2.1374,-0.7863,0.7481,1,0,0
-0.491,-0.103,0.8967,0.5802,-0.0992,0.5802,1,0,0
-0.5007,-0.1072,0.8894,-1.4198,0.1527,-0.2595,1,0,0
-0.4998,-0.116,0.896,-2.6794,0.0687,-0.2824,1,0,0
-0.4993,-0.1152,0.8926,-3.1374,-0.0076,0.1374,1,0,0
-0.4966,-0.1235,0.9001,-2.4198,0.7405,-0.2748,1,0,0
-0.491,-0.1174,0.908,-1.6336,1.1985,-0.6107,1,0,0
-0.4917,-0.1179,0.9026,-0.9313,1.7786,-1.1145,1,0,0
-0.4897,-0.1233,0.8958,-0.0229,2.4198,-1.5496,1,0,0
-0.491,-0.1086,0.8738,-0.0992,2.1908,-1.916,1,0,0
-0.4951,-0.1167,0.8767,-0.8321,1.6031,-1.6183,1,0,0
-0.4954,-0.1226,0.8682,-1.7863,1.1756,-1.0763,1,0,0
-0.488,-0.1238,0.877,-2.1527,0.7863,-0.5267,1,0,0
-0.4907,-0.1135,0.8728,-2.1832,0.6489,-0.6565,1,0,0
-0.4939,-0.1287,0.8972,-2.4885,0.6794,-0.3435,1,0,0
-0.4941,-0.1465,0.8938,-0.9313,1.1756,0.2366,1,0,0
-0.4775,-0.1331,0.9109,0.3969,1.3359,2.0382,1,0,0
-0.4868,-0.1208,0.9102,1.3969,2.4809,0.6183,1,0,0
-0.5027,-0.1396,0.8948,4.7328,2.2519,0.6641,1,0,0
-0.4961,-0.1218,0.8965,8.3053,1.5954,1.7023,1,0,0
-0.4722,-0.0854,0.8701,7.2901,2.3053,2.1908,1,0,0
-0.478,-0.1082,0.8635,7.1527,1.5115,-2.2672,1,0,0
-0.4861,-0.0505,0.8721,4.4504,2.6412,-2.5267,1,0,0
-0.4963,-0.0896,0.8633,1.9313,0.6031,-2.4046,1,0,0
-0.4873,-0.0959,0.8696,0.3969,-1.6718,-2.542,1,0,0
-0.4729,-0.063,0.8833,-3.9466,-2.2366,-3.1298,1,0,0
-0.4753,-0.0994,0.8877,-8.0382,-2.1985,-3.0305,1,0,0
-0.4702,-0.0986,0.908,-10.7557,-1.855,-2.5496,1,0,0
-0.4753,-0.1206,0.9065,-13.0,-0.8702,-2.0534,1,0,0
-0.4934,-0.1511,0.9023,-10.7405,-0.1374,-1.7099,1,0,0
-0.499,-0.1465,0.8828,-5.4122,-0.6489,-1.8473,1,0,0
-0.4893,-0.1243,0.8704,-2.6641,-0.4275,-2.916,1,0,0
-0.4973,-0.1443,0.8486,-0.7176,-2.4351,-1.8168,1,0,0
-0.4971,-0.1086,0.8662,-0.4427,-4.3893,-2.2977,1,0,0
-0.4797,-0.1008,0.8792,-3.5191,-4.2366,-2.5038,1,0,0
-0.4783,-0.124,0.8853,-5.0229,-3.6031,-1.4733,1,0,0
-0.4868,-0.1206,0.8738,-5.7405,-4.084,-1.145,1,0,0
-0.498,-0.1311,0.877,-5.1679,-4.626,-1.3969,1,0,0
-0.4932,-0.1523,0.876,-2.3359,-5.4885,-0.2137,1,0,0
-0.4905,-0.1333,0.8916,0.4122,-5.6412,1.1603,1,0,0
-0.4861,-0.126,0.9048,0.6718,-4.8779,1.4809,1,0,0
-0.4868,-0.1169,0.9114,-0.2977,-3.3817,1.5038,1,0,0
-0.4871,-0.1077,0.9167,-2.0382,-1.8244,1.0153,1,0,0
-0.5022,-0.1111,0.9207,-2.8092,-0.5573,0.458,1,0,0
-0.5071,-0.1155,0.9082,-2.7023,-0.5954,-0.084,1,0,0
-0.5105,-0.1316,0.9077,-1.3893,0.2595,-0.1679,1,0,0
-0.5017,-0.1204,0.905,-0.2443,0.3053,0.0229,0,0,0
-0.4905,-0.1152,0.9087,-0.9084,1.3053,0.5725,0,0,0
-0.4993,-0.1223,0.8962,-0.626,1.8473,0.7939,0,0,0
-0.501,-0.1104,0.9033,-0.7481,2.1832,0.6489,0,0,0
-0.4983,-0.124,0.8982,-0.4733,2.9084,0.2366,0,0,0
-0.4954,-0.1121,0.9062,-0.687,3.1374,-0.4885,0,0,0
-0.5081,-0.1035,0.8875,-2.0458,2.5954,-1.3206,0,0,0
-0.5056,-0.1221,0.8779,-3.5038,0.7328,-1.8321,0,0,0
-0.502,-0.1245,0.8684,-2.9313,-0.3817,-1.2977,0,0,0
-0.4907,-0.1216,0.8745,-1.9771,-1.3282,-1.4504,0,0,0
-0.4753,-0.1167,0.8857,-2.4122,-1.3588,-0.7405,0,0,0
-0.4661,-0.124,0.895,-1.9695,0.6336,0.1756,0,0,0
-0.4712,-0.1194,0.897,-0.3969,1.855,0.1298,1,0,0
-0.49,-0.0986,0.8689,-0.5649,1.6489,-0.855,1,0,0
-0.4978,-0.123,0.8669,-0.626,0.0458,-0.626,1,0,0
-0.4841,-0.1147,0.877,0.7405,-1.1298,-0.0229,1,0,0
-0.4729,-0.1021,0.8789,-0.374,-1.3282,-0.5191,1,0,0
-0.4744,-0.0994,0.8821,-1.9237,-1.1069,-0.5725,1,0,0
-0.4717,-0.1028,0.8909,-4.3053,-0.4351,-1.5267,1,0,0
-0.4802,-0.1155,0.8992,-5.1908,0.5115,-2.4046,1,0,0
-0.4873,-0.1438,0.8938,-3.5038,0.313,-1.8092,1,0,0
-0.4897,-0.1392,0.8789,-0.2748,-0.5802,-0.9847,1,0,0
-0.4854,-0.127,0.885,1.8626,-1.3053,-0.7863,1,0,0
-0.4858,-0.1211,0.8774,2.9771,-1.8168,-1.1756,1,0,0
-0.4851,-0.1018,0.8718,1.6641,-2.084,-1.2214,1,0,0
-0.4868,-0.1084,0.8772,-0.8168,-2.8931,-1.9771,1,0,0
-0.4893,-0.1218,0.8816,-2.1374,-2.916,-0.9237,1,0,0
-0.488,-0.1248,0.8896,-2.374,-3.5344,-0.458,1,0,0
-0.4885,-0.1208,0.8982,-1.6183,-2.7023,-0.5115,1,0,0
-0.4849,-0.1162,0.9099,-1.4656,-1.542,-1.1832,1,0,0
-0.499,-0.1184,0.8999,-1.1374,-1.6031,-1.7634,1,0,0
-0.5029,-0.1353,0.9011,-0.3588,-1.542,-1.5878,0,0,0
-0.4968,-0.1318,0.8901,2.0229,-1.0611,-0.9313,0,0,0
-0.4917,-0.1018,0.9014,2.5267,-0.4351,-1.4351,0,0,0
-0.4956,-0.1016,0.8909,2.2672,-0.4962,-2.771,0,0,0
-0.4912,-0.1052,0.8877,2.1908,-0.855,-2.6565,0,0,0
-0.4919,-0.1118,0.8884,2.2824,-0.6489,-2.9771,0,0,0
-0.5017,-0.1174,0.884,2.8473,-0.8931,-2.9389,0,0,0
-0.4988,-0.1143,0.8767,3.8702,-1.8015,-3.3664,0,0,0
-0.4963,-0.1074,0.8855,5.3664,-2.1298,-3.3435,0,0,0
-0.4922,-0.0996,0.8855,6.2137,-2.8855,-3.8855,0,0,0
-0.4937,-0.0947,0.896,8.6794,-3.1221,-5.7481,0,0,0
-0.4856,-0.0911,0.8979,12.0611,-2.9466,-8.9771,0,0,0
-0.4814,-0.0874,0.8899,12.6031,-2.4656,-10.3969,0,0,0
-0.4983,-0.0876,0.8953,11.4427,-2.8931,-10.2366,0,0,0
-0.4839,-0.1028,0.8936,11.2214,-3.8473,-10.0687,0,0,0
-0.4563,-0.0984,0.9053,9.3511,-4.5038,-9.7939,0,0,0
-0.4644,-0.0989,0.9236,6.8473,-3.9237,-7.3817,0,0,0
-0.4563,-0.0901,0.9165,4.0,-1.6183,-5.1985,0,0,0
-0.457,-0.0955,0.9219,2.0305,0.2443,-4.8015,0,0,0
-0.4639,-0.093,0.9087,0.2672,1.2824,-4.5191,0,0,0
-0.4751,-0.1089,0.8967,0.7557,1.0687,-4.8321,0,0,0
-0.4795,-0.1169,0.8872,2.5038,-0.4275,-4.6718,0,0,0
-0.4761,-0.115,0.8877,3.3664,-1.3817,-3.2061,0,0,0
-0.4739,-0.1082,0.8989,2.1374,-1.4885,-2.0763,0,0,0
-0.4702,-0.1074,0.8977,0.5954,-0.7634,-1.2519,0,0,0
-0.4685,-0.104,0.9058,-0.916,0.1908,-1.1145,0,0,0
-0.4688,-0.0933,0.9043,-3.0687,0.8779,-1.8473,0,0,0
-0.4812,-0.1062,0.9031,-4.7939,1.4275,-1.9389,0,0,0
-0.4802,-0.1199,0.8904,-4.6947,1.3664,-1.7023,0,0,0
-0.4854,-0.1174,0.8816,-3.9618,0.5344,-1.9237,0,0,0
-0.489,-0.123,0.8843,-3.1832,0.1679,-0.916,0,0,0
-0.4871,-0.1189,0.8796,-2.5496,-0.3817,-0.0458,0,0,0
-0.4802,-0.1162,0.8872,-3.4733,0.0611,0.6031,0,0,0
-0.4878,-0.1223,0.8965,-4.3359,0.6412,1.3359,0,0,0
-0.4854,-0.1123,0.8901,-3.7481,1.4656,2.3053,0,0,0
-0.4883,-0.1008,0.8884,-3.4198,1.3969,1.4351,0,0,0
-0.491,-0.0886,0.8875,-2.9008,0.8702,0.4275,0,0,0
-0.4858,-0.0938,0.8794,-3.0687,0.0076,-0.542,0,0,0
-0.4917,-0.1094,0.887,-2.9695,-0.1527,-0.8855,0,0,0
-0.4873,-0.1165,0.8948,-2.4351,-0.1221,-0.4656,0,0,0
-0.4795,-0.1116,0.8938,-2.542,-0.0153,-0.3282,0,0,0
-0.4849,-0.1074,0.8926,-2.9466,0.1145,0.0992,0,0,0
-0.4832,-0.1089,0.8955,-2.6031,0.145,0.2672,0,0,0
-0.4778,-0.0981,0.8962,-1.5496,0.3817,0.084,0,0,0
-0.4785,-0.0845,0.9004,-2.313,0.7405,-0.9695,0,0,0
-0.4917,-0.093,0.8828,-2.542,-0.0458,-1.9542,0,0,0
-0.4895,-0.103,0.886,-2.229,-1.2137,-1.8931,0,0,0
-0.4866,-0.1099,0.8872,-1.8168,-1.8855,-1.6031,0,0,0
-0.4824,-0.1118,0.9036,-1.1298,-1.6565,-0.7252,0,0,0
-0.4746,-0.0984,0.8999,-0.9771,-1.3588,-0.2366,0,0,0
-0.478,-0.0911,0.8977,-1.0763,-0.3588,-0.9847,0,0,0
-0.48,-0.0818,0.8918,-1.8397,-0.6336,-2.0229,0,0,0
-0.4927,-0.1016,0.8838,-1.0458,-1.5802,-3.3282,0,0,0
-0.4924,-0.1013,0.8865,0.9084,-2.3817,-3.5344,0,0,0
-0.4878,-0.1082,0.8906,2.2443,-2.6947,-3.7252,0,0,0
-0.4868,-0.1055,0.8955,2.6412,-3.3282,-3.2366,0,0,0
-0.4844,-0.1042,0.9021,2.1985,-2.6794,-2.9389,0,0,0
-0.4822,-0.1233,0.9146,1.5878,-1.5115,-1.1603,0,0,0
-0.4827,-0.1189,0.915,2.2366,0.4885,-0.0534,0,0,0
-0.491,-0.0935,0.9148,1.6489,0.5191,-0.145,0,0,0
-0.4875,-0.0935,0.9146,-1.2137,0.1527,0.3511,0,0,0
-0.4866,-0.0959,0.9155,-5.0153,0.771,1.4046,0,0,0
-0.49,-0.1008,0.9092,-8.626,1.1985,1.855,0,0,0
-0.4812,-0.1038,0.9167,-12.1832,1.9313,2.7939,0,0,0
-0.481,-0.1099,0.908,-15.5496,2.7557,4.0916,0,0,0
-0.489,-0.1218,0.9014,-15.5725,2.3588,4.2443,0,0,0
-0.4951,-0.0908,0.9033,-13.8779,2.3969,3.5038,0,0,0
-0.4849,-0.1204,0.8867,-11.4504,2.9924,2.687,0,0,0
-0.4895,-0.1196,0.8826,-11.3511,2.8473,2.7023,0,0,0
-0.4922,-0.1074,0.8879,-12.7252,2.1985,4.0992,0,0,0
-0.491,-0.1111,0.8804,-15.0305,1.145,5.458,0,0,0
-0.4915,-0.1257,0.8865,-15.0153,0.4809,6.0229,0,0,0
-0.4773,-0.1165,0.8896,-14.1679,0.6031,6.0305,0,0,0
-0.4736,-0.1067,0.8999,-14.2137,1.4198,5.687,0,0,0
-0.4756,-0.1072,0.906,-15.0229,3.1527,5.084,0,0,0
-0.4854,-0.0996,0.886,-15.916,3.8473,4.2443,0,0,0
-0.4888,-0.1057,0.8782,-15.1908,3.0916,2.9237,0,0,0
-0.49,-0.1125,0.8652,-14.4656,1.6031,2.2061,0,0,0
-0.4756,-0.1172,0.8833,-15.9542,0.687,2.6718,0,0,0
-0.4756,-0.1277,0.884,-17.7176,1.1985,3.7634,0,0,0
-0.4812,-0.1516,0.8889,-18.7634,1.4656,4.7176,0,0,0
-0.4792,-0.1265,0.8984,-21.084,2.7786,5.1832,0,0,0
-0.4946,-0.1538,0.8774,-20.6412,2.8855,3.7863,0,0,0
-0.5027,-0.1653,0.8728,-16.7863,1.9542,2.1679,0,0,0
-0.4978,-0.1523,0.8643,-12.8092,0.1985,1.5878,0,0,0
-0.5002,-0.1528,0.8594,-6.4275,-1.2748,0.7634,0,0,0
-0.4958,-0.1472,0.8672,-0.9389,-2.2595,0.3817,0,0,0
-0.4849,-0.1189,0.8838,0.374,-1.5191,-0.0458,0,0,0
-0.4771,-0.1169,0.9001,-1.7099,-0.1756,0.2443,0,0,0
-0.4878,-0.1284,0.8962,-3.0076,1.1985,0.1069,0,0,0
-0.4944,-0.1426,0.9036,-2.5344,1.7023,0.2901,0,0,0
-0.4956,-0.1516,0.9065,-1.2901,1.2977,1.9008,0,0,0
-0.5027,-0.1418,0.9072,-0.6565,2.2748,2.6107,0,0,0
-0.5151,-0.1348,0.9014,0.0076,1.9237,2.7863,0,0,0
-0.5076,-0.1238,0.9004,-1.2595,2.2443,1.4046,0,0,0
-0.5066,-0.1187,0.8809,-3.7634,2.5191,0.1298,0,0,0
-0.5051,-0.1248,0.8872,-6.3435,2.3817,-0.3817,0,0,0
-0.4946,-0.1375,0.8872,-8.9695,2.8931,-0.2366,0,0,0
-0.4956,-0.1582,0.8855,-9.0916,3.5496,0.687,0,0,0
-0.4958,-0.1641,0.8845,-7.6947,4.0458,2.0382,0,0,0
-0.5049,-0.1724,0.8782,-5.2137,4.084,1.9924,0,0,0
-0.5081,-0.1614,0.8667,-2.3664,3.0458,1.7252,0,0,0
-0.5103,-0.1541,0.8437,-1.8168,1.2061,1.5954,0,0,0
-0.5054,-0.1379,0.8525,-3.3893,-0.626,1.7328,0,0,0
-0.4937,-0.1277,0.8489,-6.5038,-1.8702,2.8168,0,0,0
-0.4753,-0.136,0.8691,-10.2824,-1.229,2.7939,0,0,0
-0.4648,-0.1191,0.9031,-18.3588,1.1527,5.4198,0,0,0
-0.4563,-0.1626,0.9214,-29.4504,4.3588,9.7481,0,0,0
-0.4929,-0.2134,0.8972,-31.6031,6.4809,13.2137,0,0,0
-0.522,-0.2136,0.9041,-27.4275,7.1908,15.6947,0,0,0
-0.5154,-0.2214,0.887,-19.7023,6.4504,14.5725,0,0,0
-0.5254,-0.1846,0.8677,-11.5496,5.1832,13.3588,0,0,0
-0.5273,-0.1438,0.8447,-6.4962,2.9924,10.7863,0,0,0
-0.53,-0.1362,0.8237,-2.8473,1.8015,7.2443,0,0,0
-0.5298,-0.124,0.835,0.0229,-0.5878,5.0305,0,0,0
-0.5105,-0.1006,0.8413,-1.7099,-1.1527,3.9618,0,0,0
-0.5132,-0.095,0.8484,-3.7557,-0.2443,2.9008,0,0,0
-0.5154,-0.113,0.8494,-3.1374,-0.4198,0.2214,1,0,0
-0.5144,-0.1282,0.8469,-0.4962,-1.6565,-1.7252,1,0,0
-0.5232,-0.125,0.845,3.7099,-2.6565,-2.5954,1,0,0
-0.5164,-0.1182,0.8511,6.1221,-4.1527,-4.2061,1,0,0
-0.5037,-0.1201,0.8657,5.3817,-4.6183,-4.5725,1,0,0
-0.4922,-0.1304,0.8914,3.4046,-3.9924,-4.4504,1,0,0
-0.4878,-0.1401,0.8972,1.2366,-2.3969,-4.8931,1,0,0
-0.4893,-0.1555,0.8972,0.5573,-1.0534,-5.229,1,0,0
-0.4878,-0.1663,0.9006,0.3282,0.2519,-5.5878,1,0,0
-0.5032,-0.1807,0.8857,1.6489,0.5115,-4.4046,1,0,0
-0.5134,-0.1924,0.8799,3.3664,-0.5191,-3.2061,1,0,0
-0.5046,-0.1848,0.8818,5.3359,-1.3435,-1.6565,1,0,0
-0.501,-0.1548,0.8816,4.0763,-1.0687,-0.8168,1,0,0
-0.5054,-0.1531,0.8748,2.7786,-0.7328,-1.4198,1,0,0
-0.5107,-0.1501,0.8677,2.0153,-0.855,-2.2061,1,0,0
-0.5159,-0.1521,0.8611,2.0153,-1.6641,-2.145,1,0,0
-0.5125,-0.155,0.8599,3.2672,-2.3969,-2.2901,1,0,0
-0.5044,-0.1497,0.8655,4.4198,-3.0763,-2.3282,1,0,0
-0.502,-0.1458,0.874,4.3282,-3.3588,-1.7939,1,0,0
-0.488,-0.1423,0.8799,2.5649,-2.229,-0.8168,1,0,0
-0.501,-0.1409,0.8879,0.3206,-1.6412,-0.9542,1,0,0
-0.5088,-0.1418,0.8796,-0.229,-1.7786,-1.4809,1,0,0
-0.5142,-0.1521,0.8665,1.9008,-2.0076,-2.9008,1,0,0
-0.5083,-0.1497,0.8625,4.3588,-2.5573,-3.5725,0,0,0
-0.5144,-0.1538,0.8633,6.7481,-3.0,-3.6641,0,0,0
-0.5005,-0.1438,0.8794,5.8397,-3.4962,-3.0229,0,0,0
-0.489,-0.1338,0.8853,2.6336,-2.3817,-2.145,0,0,0
-0.4939,-0.1338,0.8865,-0.1832,-1.1679,-2.5802,0,0,0
-0.5044,-0.1309,0.8809,-1.8168,-1.8702,-3.4885,0,0,0
-0.4963,-0.1548,0.8879,-0.771,-1.5725,-3.7481,0,0,0
-0.4958,-0.1609,0.8774,1.8092,-1.7328,-4.3435,0,0,0
-0.5,-0.1616,0.8665,8.0687,-1.8015,-6.8473,0,0,0
-0.5002,-0.1318,0.8691,13.1832,-1.9771,-8.374,0,0,0
-0.4946,-0.1306,0.8821,12.8092,-1.1527,-6.8092,0,0,0
-0.5005,-0.1213,0.8811,10.1298,-0.1069,-4.8473,0,0,0
-0.4893,-0.1045,0.8896,5.8092,-0.0916,-3.9695,0,0,0
-0.4934,-0.0996,0.8831,1.5344,0.1069,-5.6565,0,0,0
-0.5081,-0.1313,0.885,0.2366,0.4198,-6.626,0,0,0
-0.5112,-0.1543,0.8711,1.4275,-1.0076,-6.1908,0,0,0
-0.5071,-0.1689,0.8752,4.7328,-2.1069,-4.8092,0,0,0
-0.5044,-0.1448,0.8806,7.6794,-2.145,-3.2366,0,0,0
-0.4961,-0.1294,0.885,8.3511,-1.8855,-3.1298,0,0,0
-0.4893,-0.1108,0.8914,5.7863,-2.0916,-2.4656,0,0,0
-0.4983,-0.1013,0.8914,1.9313,-1.1679,-2.8473,0,0,0
-0.4995,-0.1057,0.8848,-0.9847,-0.8168,-3.2824,0,0,0
-0.5042,-0.1292,0.8906,-3.2901,-1.145,-3.0763,0,0,0
-0.5042,-0.1621,0.8948,-3.4046,-1.6718,-1.3817,0,0,0
-0.4963,-0.1526,0.9041,-2.5573,-1.3969,0.1298,0,0,0
-0.4917,-0.1472,0.9092,-1.6183,-0.4504,0.6565,0,0,0
-0.4924,-0.1411,0.9075,-1.1985,0.6031,0.5878,0,0,0
-0.4966,-0.1316,0.8921,-1.2672,0.8015,-0.2595,0,0,0
-0.4993,-0.1323,0.8865,-2.0611,0.7023,0.1527,0,0,0
-0.4971,-0.1353,0.8733,-2.5573,0.7405,0.7176,0,0,0
-0.4949,-0.1167,0.8777,-3.3969,0.0305,0.6107,0,0,0
-0.4912,-0.1306,0.885,-4.9618,-0.0382,0.542,0,0,0
-0.5007,-0.1418,0.8823,-4.9542,0.2901,0.9771,0,0,0
-0.5012,-0.146,0.8853,-4.1908,0.1603,1.8015,0,0,0
-0.5059,-0.146,0.8799,-2.6947,0.2748,1.8931,0,0,0
-0.5024,-0.1245,0.8845,-2.0916,-0.1756,1.5649,0,0,0
-0.5061,-0.1218,0.8701,-2.8168,-0.5038,1.3588,0,0,0
-0.5046,-0.1223,0.8718,-3.8855,-1.3206,0.4885,0,0,0
-0.5,-0.1279,0.8784,-3.374,-1.8626,0.4122,0,0,0
-0.4958,-0.1372,0.874,-3.0229,-2.0,-0.1679,0,0,0
-0.4954,-0.1472,0.8848,-2.2824,-1.8779,-0.0153,0,0,0
-0.4934,-0.1484,0.8916,-0.7634,-0.8321,0.5115,0,0,0
-0.4895,-0.1426,0.8982,0.1985,-0.0153,0.626,0,0,0
-0.4968,-0.1187,0.8821,0.4046,1.0153,0.374,0,0,0
-0.5024,-0.1196,0.8772,0.2672,0.5573,-0.5115,0,0,0
-0.5054,-0.1086,0.8784,0.4198,-0.0305,-1.3282,0,0,0
-0.499,-0.1167,0.8711,0.5344,-0.4275,-1.6794,0,0,0
-0.5005,-0.1184,0.8735,0.3206,-0.2748,-1.9771,0,0,0
-0.5012,-0.1204,0.8806,-0.9847,-0.1679,-1.6107,0,0,0
-0.4976,-0.1296,0.8906,-0.626,-0.2137,-1.2061,0,0,0
-0.4961,-0.1289,0.897,-0.7099,0.7328,-1.7863,0,0,0
-0.5002,-0.1306,0.8904,-0.6565,0.771,-1.4656,0,0,0
-0.5024,-0.1228,0.884,-1.1145,0.4809,-2.0916,0,0,0
-0.5034,-0.125,0.8735,-2.3664,-0.4427,-2.0,0,0,0
-0.502,-0.1501,0.8755,-2.542,-1.3893,-0.5954,1,0,0
-0.501,-0.1741,0.8843,0.8855,-1.5496,1.2137,1,0,0
-0.4919,-0.1685,0.8816,4.145,-1.4122,2.4885,1,0,0
-0.4961,-0.1313,0.8623,6.2443,-1.2214,1.5267,1,0,0
-0.4819,-0.0923,0.8931,1.3053,-0.9008,0.5725,1,0,0
-0.4995,-0.1035,0.8811,-1.229,-0.4656,-0.7176,1,0,0
-0.4993,-0.147,0.876,-2.4885,-0.8168,-1.0916,1,0,0
-0.5012,-0.1262,0.874,-0.9237,-1.5573,-1.6412,1,0,0
-0.4934,-0.1306,0.8772,-0.6489,-1.7405,-1.2748,1,0,0
-0.4927,-0.1362,0.8816,1.2519,-2.3435,-1.2137,1,0,0
-0.4893,-0.1267,0.8818,2.5191,-2.6489,-0.542,1,0,0
-0.4861,-0.1177,0.8853,2.9542,-2.0534,-0.6641,1,0,0
-0.4934,-0.1138,0.876,3.0763,-2.0153,-0.8855,1,0,0
-0.4934,-0.1094,0.873,2.8702,-2.6183,-2.0458,1,0,0
-0.4944,-0.1179,0.8818,3.9924,-3.2977,-2.9542,1,0,0
-0.4951,-0.1208,0.8721,5.5954,-4.1679,-3.4122,1,0,0
-0.4954,-0.123,0.8804,9.1145,-5.229,-4.3511,1,0,0
-0.4915,-0.1238,0.8701,13.3053,-6.0763,-5.0076,1,0,0
-0.4963,-0.1035,0.8787,17.3588,-6.6107,-6.7099,1,0,0
-0.4998,-0.1277,0.8728,20.1603,-7.8779,-8.0611,1,0,0
-0.4905,-0.0969,0.8804,20.855,-9.6183,-7.5115,1,0,0
-0.5037,-0.1038,0.8977,24.6031,-11.1908,-9.3588,1,0,0
-0.4724,-0.0659,0.8923,28.9542,-10.8015,-13.2977,1,0,0
-0.4807,-0.0391,0.8801,29.7099,-10.3053,-16.3359,1,0,0
-0.522,-0.0627,0.8625,28.6107,-12.2901,-17.1908,1,0,0
-0.5188,-0.0681,0.8584,28.5038,-16.1145,-18.6641,1,0,0
-0.479,-0.042,0.8699,24.3817,-18.3511,-18.1985,1,0,0
-0.4673,-0.0408,0.9023,18.458,-18.5267,-16.5954,1,0,0
-0.4507,-0.0469,0.9292,11.5573,-16.6565,-15.8473,1,0,0
-0.4465,-0.084,0.9355,7.8855,-13.8015,-15.9313,1,0,0
-0.4661,-0.1301,0.9236,10.2519,-11.7023,-17.1145,1,0,0
-0.4688,-0.1123,0.9182,16.7863,-11.7405,-17.2366,1,0,0
-0.4644,-0.1111,0.917,21.0763,-12.3282,-15.8244,1,0,0
-0.4595,-0.0889,0.9177,21.8626,-13.0305,-13.9084,1,0,0
-0.4448,-0.0647,0.9351,21.1527,-12.5573,-14.1679,1,0,0
-0.4497,-0.051,0.9146,17.3206,-12.0382,-16.0382,1,0,0
-0.457,-0.063,0.9167,17.1832,-10.5496,-17.8168,1,0,0
-0.4758,-0.1077,0.8916,19.0,-13.3206,-20.1527,1,0,0
-0.4644,-0.0942,0.9055,25.0076,-15.0458,-21.1985,1,0,0
-0.4492,-0.0908,0.8899,27.6947,-16.9771,-20.2977,1,0,0
-0.4634,-0.0771,0.8938,31.9771,-19.3511,-19.5038,1,0,0
-0.4563,-0.0657,0.8918,37.5267,-21.9542,-20.8931,1,0,0
-0.4341,-0.0405,0.8965,39.8397,-23.5573,-22.4046,1,0,0
-0.4084,-0.0022,0.9275,34.2977,-23.3435,-20.2595,1,0,0
-0.3894,-0.0044,0.9512,25.855,-20.2824,-18.2214,1,0,0
-0.3794,-0.002,0.9751,18.0687,-15.4809,-17.084,1,0,0
-0.3853,-0.0183,0.9724,14.9313,-11.3282,-18.3893,1,0,0
-0.3958,-0.032,0.9612,13.8397,-9.5344,-19.2748,1,0,0
-0.4067,-0.0571,0.9468,17.0992,-9.771,-20.9847,1,0,0
-0.4216,-0.063,0.9221,22.3817,-10.9847,-22.7099,1,0,0
-0.4165,-0.0581,0.9197,28.6641,-12.4733,-24.4198,1,0,0
-0.4053,-0.0127,0.9314,30.5954,-13.626,-24.9924,1,0,0
-0.4031,0.0071,0.9395,26.8702,-14.4275,-23.9313,1,0,0
-0.3787,0.0325,0.9753,17.0382,-12.4046,-21.0382,1,0,0
-0.3694,0.0007,0.9741,8.2137,-8.0,-19.9008,1,0,0
-0.3872,-0.0254,0.9697,6.0611,-5.1679,-22.2748,1,0,0
-0.3979,-0.04,0.9438,7.7939,-4.3817,-23.4962,1,0,0
-0.4153,-0.0601,0.9285,10.7099,-6.229,-23.1756,1,0,0
-0.4148,-0.0547,0.9187,15.5954,-8.771,-23.3588,1,0,0
-0.4102,-0.0474,0.9148,20.9771,-11.3664,-22.7939,1,0,0
-0.4189,-0.0376,0.9165,25.2901,-15.2595,-23.1069,1,0,0
-0.3926,0.0,0.9385,22.9389,-17.0458,-20.7252,1,0,0
-0.3762,0.0408,0.9573,12.2443,-15.626,-16.5496,1,0,0
-0.365,0.0046,0.9758,2.1603,-11.916,-15.2519,1,0,0
-0.373,-0.0103,0.9707,0.3969,-9.374,-17.3511,1,0,0
-0.3831,-0.0381,0.9641,2.7252,-8.5344,-18.8779,1,0,0
-0.3962,-0.043,0.9478,7.6183,-9.3588,-20.145,1,0,0
-0.3943,-0.0315,0.9319,13.0992,-11.3893,-20.6183,1,0,0
-0.3916,-0.0222,0.9172,18.3588,-13.8244,-21.8244,1,0,0
-0.3945,0.009,0.9153,18.1298,-16.0611,-21.1221,1,0,0
-0.3909,0.0273,0.9216,13.374,-19.2137,-19.7863,1,0,0
-0.3784,0.0117,0.9312,9.0305,-21.5114,-19.9695,1,0,0
-0.3606,0.0073,0.9409,7.1527,-22.6718,-21.0,1,0,0
-0.3621,-0.0076,0.9417,9.1221,-23.8397,-22.626,1,0,0
-0.354,-0.0193,0.9307,12.1679,-24.1069,-24.6183,1,0,0
-0.3513,-0.0403,0.9441,17.1221,-24.9237,-25.6489,1,0,0
-0.3467,-0.0078,0.9568,17.7557,-26.6183,-21.8015,1,0,0
-0.3103,0.0044,1.001,13.2748,-23.2214,-15.9695,1,0,0
-0.2991,0.0032,1.0039,8.6565,-18.4427,-13.9924,1,0,0
-0.3042,0.0066,1.0,7.7481,-14.5344,-16.2137,1,0,0
-0.3171,0.0137,0.9878,8.1756,-12.4962,-20.5038,1,0,0
-0.3208,0.0117,0.9763,8.2137,-12.8473,-22.542,1,0,0
-0.3457,0.0144,0.95,9.2366,-15.374,-22.9237,1,0,0
-0.3564,-0.0234,0.9585,12.4885,-19.0687,-25.0229,1,0,0
-0.3301,0.0056,0.9751,17.0992,-21.2595,-26.1908,1,0,0
-0.3188,0.0217,0.9971,17.4122,-19.771,-25.8397,1,0,0
-0.3035,0.0442,1.0024,14.9313,-17.8244,-26.7863,1,0,0
-0.3135,0.0283,0.9844,14.771,-16.0153,-29.1374,1,0,0
-0.324,0.0459,0.9717,15.7786,-16.7099,-31.4198,1,0,0
-0.324,0.0276,0.9644,19.0458,-19.1221,-33.8015,1,0,0
-0.3276,0.012,0.948,23.9466,-20.7328,-34.2137,1,0,0
-0.3262,0.0115,0.9363,27.9847,-23.5496,-33.4427,1,0,0
-0.3018,0.0305,0.9468,27.5802,-26.6565,-30.2977,1,0,0
-0.3105,0.0498,0.9624,23.0153,-29.1527,-26.6107,1,0,0
-0.2207,0.0664,1.0122,11.0611,-27.8244,-19.8855,1,0,0
-0.2251,0.0471,1.0549,0.0458,-20.2061,-16.6718,1,0,0
-0.238,0.05,1.0403,-6.8092,-14.3893,-16.8779,1,0,0
-0.2449,0.0313,1.0186,-11.458,-11.0992,-17.2977,1,0,0
-0.2659,-0.0276,1.0068,-10.6947,-11.0,-17.7557,1,0,0
-0.2678,-0.0725,0.9897,-2.9237,-11.6107,-16.1679,1,0,0
-0.2627,-0.0759,0.9822,6.7557,-12.4122,-13.542,1,0,0
-0.2646,-0.0579,0.9849,12.6718,-14.1985,-10.2748,1,0,0
-0.2764,0.0032,0.9792,13.8702,-16.0687,-8.145,1,0,0
-0.2607,0.0334,0.9929,10.2824,-18.2137,-8.2672,1,0,0
-0.2429,0.0415,0.9985,6.2977,-18.8779,-10.2519,1,0,0
-0.2437,0.0266,0.9944,3.0763,-19.0763,-12.8168,1,0,0
-0.2424,0.0095,0.998,1.7099,-19.9695,-12.1908,1,0,0
-0.2439,-0.0164,0.9883,1.7328,-20.3969,-10.1832,1,0,0
-0.2485,-0.0161,0.9958,2.4885,-21.4198,-6.7481,1,0,0
-0.229,0.0002,1.0083,3.2214,-21.5878,-4.6947,1,0,0
-0.2178,0.0254,1.0298,1.7328,-20.458,-3.5038,1,0,0
-0.2119,0.0359,1.0442,-0.8931,-17.374,-2.1679,1,0,0
-0.2139,0.0386,1.0466,-3.4656,-13.7099,-1.8779,1,0,0
-0.219,0.0322,1.0298,-5.0382,-11.2672,-2.1374,1,0,0
-0.2283,0.0178,1.0129,-4.6183,-10.6565,-2.1145,1,0,0
-0.2314,0.0061,1.0144,-2.313,-10.6565,-2.6489,1,0,0
-0.2266,0.0288,1.0142,-0.5344,-11.2366,-2.3359,1,0,0
-0.2195,0.0398,1.0144,-0.0076,-11.5725,-3.1832,1,0,0
-0.2092,0.0547,1.0105,-0.8702,-10.1298,-4.2519,1,0,0
-0.2183,0.0566,1.0054,-3.8473,-8.8397,-4.3664,1,0,0
-0.2195,0.0376,0.9998,-6.4656,-8.3282,-4.542,1,0,0
-0.2222,0.0269,1.0017,-7.9237,-8.6412,-4.9695,1,0,0
-0.2222,-0.0034,1.0037,-6.0153,-9.1756,-4.9084,1,0,0
-0.2129,-0.011,0.999,-1.1756,-10.1145,-3.687,1,0,0
-0.2109,0.0017,1.0039,1.4656,-10.5802,-1.5573,1,0,0
-0.1912,0.0298,1.0215,1.5344,-9.5496,-0.687,1,0,0
-0.1914,0.0496,1.0347,-0.8702,-7.5267,-0.5038,1,0,0
-0.1882,0.0405,1.0247,-5.084,-5.1527,-1.1145,1,0,0
-0.1948,0.0183,1.0259,-7.6031,-3.6641,-2.4656,1,0,0
-0.2034,0.01,1.0178,-8.2061,-3.0382,-2.5649,1,0,0
-0.2029,0.0,1.0278,-7.0916,-3.084,-1.1298,1,0,0
-0.2078,0.0071,1.0168,-5.4656,-3.3664,-0.2977,1,0,0
-0.1985,0.021,1.0151,-4.2443,-3.1374,-0.1603,1,0,0
-0.2053,0.012,1.0215,-3.2672,-1.6718,-0.1603,1,0,0
-0.2075,0.0068,1.019,-1.4351,-1.0382,0.0458,1,0,0
-0.2148,0.0205,0.999,-0.5573,-0.4809,-0.313,1,0,0
-0.2224,0.0251,1.0085,-1.8015,-1.3893,-0.2137,1,0,0
-0.2119,0.0286,1.0186,-2.9389,-1.4733,-0.3893,1,0,0
-0.2153,0.0244,1.0137,-2.687,-1.1603,-0.8855,1,0,0
-0.2122,0.0259,1.0085,-1.5038,-1.687,-0.8321,1,0,0
-0.2166,0.0417,1.0059,-1.5496,-2.4275,-1.9924,1,0,0
-0.2195,0.0381,1.0051,-2.542,-3.1145,-3.1527,1,0,0
-0.2261,0.0278,1.0081,-4.1145,-3.5191,-2.7863,1,0,0
-0.2151,0.009,1.0171,-5.1603,-3.5115,-1.771,1,0,0
-0.2043,0.0085,1.0293,-4.5267,-2.8244,-1.374,1,0,0
-0.2034,0.0137,1.0259,-3.458,-1.6947,-1.3664,1,0,0
-0.1982,0.0242,1.0288,-2.7023,-0.7863,-0.9237,1,0,0
-0.2009,0.0142,1.0173,-2.2977,-0.0305,-1.2748,1,0,0
-0.2075,0.0159,1.0183,-1.7099,0.0534,-1.5496,1,0,0
-0.2114,0.0273,1.0112,-2.0916,-0.7405,-1.771,1,0,0
-0.209,0.0164,0.9998,-2.771,-1.4046,-2.9008,1,0,0
-0.207,0.0164,1.009,-3.5725,-1.9466,-2.8626,1,0,0
-0.2039,0.0015,1.0146,-2.9847,-1.9313,-2.5344,1,0,0
-0.2026,0.0015,1.0176,-1.4198,-1.1527,-1.4504,1,0,0
-0.1946,0.0093,1.022,0.5191,-0.6336,-1.3817,1,0,0
-0.1965,0.0232,1.0085,1.5115,0.1374,-1.2824,1,0,0
-0.2024,0.0327,1.0115,0.3282,0.1221,-1.2137,1,0,0
-0.1978,0.0383,1.0081,-2.3206,-0.2595,-1.3282,1,0,0
-0.1985,0.0198,0.9966,-3.4046,-0.2519,-1.9313,1,0,0
-0.2056,0.0149,0.9978,-3.3206,-0.8092,-1.7939,1,0,0
-0.2075,0.0149,0.9919,-2.313,-1.855,-1.3435,1,0,0
-0.2046,0.0242,1.0044,-0.9084,-2.6489,-1.9695,1,0,0
-0.2004,0.0247,1.0244,3.6107,-2.0916,-4.626,1,0,0
-0.209,0.0347,1.0251,6.5344,-0.6794,-6.2061,1,0,0
-0.1946,0.0381,1.0249,6.4656,0.5573,-7.1145,1,0,0
-0.2007,0.0374,1.0093,6.458,0.8015,-6.7405,1,0,0
-0.2068,0.0347,1.0046,4.2443,-0.2977,-5.8855,1,0,0
-0.2012,0.0403,1.0046,1.7557,-1.3588,-5.0,1,0,0
-0.1926,0.0364,1.0039,-0.8473,-1.4656,-3.2061,1,0,0
-0.1902,0.0251,1.0151,-0.8397,0.1908,-2.1145,1,0,0
-0.1909,0.0327,1.0159,0.6489,2.3053,-2.3664,1,0,0
-0.1973,0.0288,0.9954,1.0687,2.8855,-3.1603,1,0,0
-0.2046,0.0137,0.9954,1.2137,2.0076,-2.7176,1,0,0
-0.2078,0.01,0.9998,0.6794,-0.0076,-1.9695,1,0,0
-0.207,0.0205,1.0056,0.2977,-1.2214,-1.0534,1,0,0
-0.1951,0.0288,1.0215,-0.5878,-0.9924,-1.2214,1,0,0
-0.1882,0.0386,1.0239,-3.2977,0.1832,-1.0611,1,0,0
-0.1917,0.0337,1.02,-6.0076,1.6641,-1.4351,1,0,0
-0.1975,0.0127,1.0161,-6.2824,1.7252,-2.1298,1,0,0
-0.2043,-0.0049,1.0085,-5.5802,1.0076,-1.6031,1,0,0
-0.2107,-0.0122,1.009,-3.8931,0.1603,-1.313,1,0,0
-0.2095,-0.0024,1.0061,-2.2748,-0.5344,-0.5649,1,0,0
-0.2095,0.0063,1.0093,-1.4198,-0.2366,0.0153,1,0,0
-0.2085,0.0044,1.009,-0.1374,-0.3206,-0.0076,1,0,0
-0.2102,0.0183,1.0061,1.4122,0.0458,-0.2824,1,0,0
-0.2087,0.0239,1.0132,0.916,0.3664,-0.7328,1,0,0
-0.2102,0.0266,1.0166,-0.2519,0.2977,-0.1985,1,0,0
-0.2036,0.0247,1.0186,-2.1221,0.4046,0.1679,1,0,0
-0.2007,0.0242,1.0105,-4.2748,0.3053,-0.1603,1,0,0
-0.2058,0.0227,1.0217,-5.687,0.2672,-0.2901,1,0,0
-0.2026,0.0054,1.0139,-5.1756,0.0458,-0.2672,1,0,0
-0.2046,0.0115,1.0127,-2.4198,0.1908,-0.2901,1,0,0
-0.2026,0.012,1.0073,-1.3817,-0.2672,-0.5725,1,0,0
-0.2002,0.011,1.0139,-0.4198,-0.2595,-0.4275,1,0,0
-0.196,0.0142,1.0105,0.2748,0.2595,-0.916,1,0,0
-0.1899,0.0127,1.009,0.2748,0.8397,-0.7252,1,0,0
-0.1936,0.0198,0.9988,-1.0687,1.3588,-0.4733,1,0,0
-0.2004,0.0195,0.999,-2.7863,1.1985,-0.0458,1,0,0
-0.209,0.0242,0.989,-3.8855,0.1603,0.3359,1,0,0
-0.2053,0.0232,0.9917,-4.1298,-0.9084,0.3435,1,0,0
-0.2095,0.0149,0.9885,-2.7023,-1.542,-0.2748,1,0,0
-0.1997,0.0115,1.0017,-0.4656,-1.3817,0.1527,1,0,0
-0.1948,0.021,0.9998,0.313,-0.771,0.5344,1,0,0
-0.1929,0.0222,1.0068,-0.4427,-0.0534,0.5573,1,0,0
-0.197,0.0266,1.0027,-1.4046,0.8244,0.6947,1,0,0
-0.2021,0.0164,1.0,-1.5878,0.1298,0.2443,1,0,0
-0.2156,0.031,0.9866,-2.0,-1.0382,-0.0534,1,0,0
-0.2158,0.0366,0.991,-3.4809,-2.9542,-0.1679,1,0,0
-0.2046,0.033,0.9922,-3.6794,-3.5496,-0.2824,1,0,0
-0.2004,0.0195,1.0024,-1.9618,-4.2443,-1.5573,1,0,0
-0.196,0.02,1.0208,0.0229,-3.6336,-0.8092,1,0,0
-0.1953,0.0254,1.0256,0.5954,-2.0076,-0.0305,1,0,0
-0.1953,0.0273,1.0203,0.2595,-0.9618,0.0611,1,0,0
-0.2058,0.0266,1.0159,-0.3969,-0.8321,-0.1756,1,0,0
-0.2095,0.0261,1.0093,-0.3359,-1.1908,-0.3282,1,0,0
-0.2136,0.0291,1.0063,-0.6183,-2.4733,-0.1298,1,0,0
-0.209,0.0298,1.0083,-0.6718,-3.5038,-0.1603,1,0,0
-0.2073,0.0339,1.0229,-2.2366,-3.2443,0.3435,1,0,0
-0.2034,0.0215,1.03,-3.229,-2.0382,0.7634,1,0,0
-0.199,0.0188,1.0471,-4.1145,-0.084,1.4427,1,0,0
-0.1951,0.0139,1.0454,-2.6489,1.5267,0.8015,1,0,0
-0.2034,0.0181,1.0383,-0.6336,2.1603,0.4046,1,0,0
-0.2056,0.0212,1.0244,0.458,2.687,-0.1069,1,0,0
-0.2048,0.0244,1.031,0.3588,2.8015,0.542,1,0,0
-0.2002,0.0325,1.0413,-2.3435,3.8931,2.0611,1,0,0
-0.1921,0.042,1.054,-6.6947,6.1374,3.4122,1,0,0
-0.1868,0.0342,1.0542,-11.8168,9.5725,4.7481,1,0,0
-0.196,0.0229,1.0439,-14.3359,11.9008,4.8244,1,0,0
-0.2085,0.0002,1.0337,-13.3511,12.3053,4.771,1,0,0
-0.2107,-0.0076,1.021,-9.3893,11.4962,4.6718,1,0,0
-0.2097,0.0015,1.01,-5.8397,11.2748,4.8244,1,0,0
-0.2163,0.0117,1.0081,-3.0687,11.3969,3.8473,1,0,0
-0.2041,0.0146,1.0051,-2.855,12.1603,3.6031,1,0,0
-0.2114,0.0181,1.0149,-5.5267,13.7176,5.687,1,0,0
-0.1982,0.0317,1.0295,-9.6336,16.084,7.6565,1,0,0
-0.1958,0.0239,1.0415,-13.9924,19.3282,8.5878,1,0,0
-0.1997,0.0222,1.0439,-15.9924,22.0076,8.7557,1,0,0
-0.2192,0.0085,1.0283,-15.5038,23.8015,7.8626,1,0,0
-0.2263,0.0051,1.022,-14.2672,24.4962,7.4427,1,0,0
-0.2158,0.0149,1.0249,-15.1374,27.0076,9.1679,1,0,0
-0.2515,0.0364,0.988,-17.8397,41.5115,7.374,1,0,0
-0.2483,0.0068,1.0193,-19.1221,34.7328,13.0153,1,0,0
-0.2644,-0.0166,0.98,-16.5344,34.0458,11.4351,1,0,0
-0.2874,-0.0186,0.957,-12.0458,30.7252,11.2519,1,0,0
-0.2939,-0.0063,0.9604,-10.9237,26.2748,11.1298,1,0,0
-0.2793,-0.0154,0.9705,-12.9618,24.7405,14.5725,1,0,0
-0.27,-0.0071,0.9971,-15.9695,28.4656,14.9771,1,0,0
-0.2932,-0.002,0.9873,-16.7405,28.0992,14.2519,1,0,0
-0.2866,0.0042,0.9778,-16.5496,29.687,8.6183,1,0,0
-0.2993,0.0098,0.9661,-14.3893,28.0305,4.374,1,0,0
-0.3232,-0.0347,0.9434,-11.313,25.2519,2.9542,1,0,0
-0.3301,-0.0454,0.946,-4.8015,22.3588,3.0458,1,0,0
-0.3538,-0.0405,0.9229,-0.0382,17.0305,4.5649,1,0,0
-0.3542,-0.0168,0.9299,1.7099,12.9542,5.1069,1,0,0
-0.3416,0.0034,0.9512,-0.1832,9.5191,5.9695,1,0,0
-0.314,0.0166,0.9617,-6.2443,9.3435,7.3282,1,0,0
-0.3147,0.0081,0.9795,-11.3206,9.6794,7.313,1,0,0
-0.3152,-0.0122,0.9832,-13.1374,9.9466,6.9084,1,0,0
-0.3086,-0.0171,0.9934,-12.4046,11.3893,6.7634,1,0,0
-0.3201,-0.0408,0.9937,-11.2977,13.6718,6.6718,1,0,0
-0.3264,-0.0361,0.9895,-8.8397,14.4046,8.1069,1,0,0
-0.3293,-0.0352,0.9753,-7.3664,13.9924,9.145,1,0,0
-0.3279,-0.0383,0.9734,-7.8931,14.771,10.3511,1,0,0
-0.3398,-0.0305,0.9751,-9.8015,14.2061,12.5496,1,0,0
-0.3237,-0.031,0.9768,-14.4504,14.9618,13.9542,1,0,0
-0.3435,-0.0334,0.9719,-16.0916,14.7023,15.0687,1,0,0
-0.3384,-0.0327,0.967,-16.6031,14.542,14.4351,1,0,0
-0.3481,-0.0605,0.9529,-17.3359,14.1908,15.4351,1,0,0
-0.3496,-0.0576,0.9478,-16.313,12.9618,17.7557,1,0,0
-0.3513,-0.0527,0.9431,-16.4885,10.9237,20.5802,1,0,0
-0.3608,-0.052,0.9446,-18.9466,10.8244,25.1145,1,0,0
-0.3574,-0.0405,0.9329,-24.2519,9.7405,30.2748,1,0,0
-0.3479,-0.054,0.937,-28.5344,9.771,33.3359,1,0,0
-0.364,-0.0488,0.9324,-29.6565,7.374,34.4122,1,0,0
-0.3647,-0.0637,0.9412,-26.7557,6.7176,31.5496,1,0,0
-0.3496,-0.031,0.9529,-18.5649,6.3893,23.8702,1,0,0
-0.3452,-0.011,0.9314,-14.6412,7.4198,18.3511,1,0,0
-0.3635,-0.0288,0.9326,-13.084,8.0305,16.4962,1,0,0
-0.3625,-0.0376,0.9443,-12.4885,7.3664,16.9618,1,0,0
-0.3604,-0.0303,0.9475,-13.855,8.7176,19.2443,1,0,0
-0.3777,-0.0115,0.9448,-15.7939,9.5191,20.6031,1,0,0
-0.3674,0.0239,0.9302,-20.2748,7.4962,20.0076,1,0,0
-0.3979,-0.0232,0.9221,-23.3359,5.7176,17.2214,1,0,0
-0.3958,-0.0425,0.9229,-19.0611,2.4198,13.4046,1,0,0
-0.3784,-0.0601,0.9307,-10.0916,0.0229,7.5344,1,0,0
-0.3794,-0.0225,0.9231,-3.0611,-2.2366,1.4656,1,0,0
-0.3804,-0.0149,0.9282,0.4962,-4.0,-2.7328,1,0,0
-0.3723,-0.0032,0.936,-0.2214,-5.7634,-3.9618,1,0,0
-0.3606,-0.0188,0.9385,-2.7634,-5.0534,-3.5038,1,0,0
-0.3655,-0.0229,0.9302,-4.3511,-5.5725,-4.6947,1,0,0
-0.3674,-0.0251,0.9309,-5.4427,-7.2824,-6.5954,1,0,0
-0.3662,-0.0469,0.9246,-5.2061,-9.6794,-8.1832,1,0,0
-0.3596,-0.0579,0.9241,-3.7252,-12.2519,-8.2824,1,0,0
-0.3621,-0.064,0.915,-0.7634,-14.4656,-7.9847,1,0,0
-0.3618,-0.0513,0.905,2.084,-18.0076,-9.1145,1,0,0
-0.3645,-0.0459,0.9158,3.2519,-21.6947,-10.3053,1,0,0
-0.3562,-0.033,0.9097,2.3282,-24.7252,-10.0076,1,0,0
-0.3494,-0.0442,0.9165,-0.5802,-26.3969,-9.1985,1,0,0
-0.3489,-0.0596,0.9146,-1.7634,-27.1374,-9.084,1,0,0
-0.3442,-0.0671,0.9204,1.0153,-28.8779,-10.2137,1,0,0
-0.3481,-0.0686,0.917,4.9084,-31.7252,-10.8473,1,0,0
-0.3699,-0.0693,0.9041,8.6031,-37.8244,-10.3511,1,0,0
-0.3503,-0.0859,0.9441,12.7634,-42.916,-10.1908,1,0,0
-0.2993,-0.0793,0.9849,17.6107,-41.7481,-7.5344,1,0,0
-0.2842,-0.0579,1.0002,21.6489,-36.9237,-7.4733,1,0,0
-0.3872,-0.0237,0.9604,20.2901,-36.0229,-7.5115,1,0,0
-0.2642,-0.0129,0.9912,22.5802,-43.5802,-8.0229,1,0,0
-0.2964,-0.0115,0.9988,24.6412,-39.916,-14.2977,1,0,0
-0.2581,-0.0059,1.0386,25.1679,-40.1298,-15.229,1,0,0
-0.2068,0.0007,1.0837,21.5573,-31.2214,-15.1985,1,0,0
-0.2163,0.0037,1.1089,15.7328,-21.0,-14.0153,1,0,0
-0.2239,-0.0122,1.1128,13.0534,-11.9618,-15.2824,1,0,0
-0.239,-0.0271,1.1008,14.7023,-3.1679,-17.2824,1,0,0
-0.2568,-0.0488,1.0945,18.0611,2.4427,-17.7099,1,0,0
-0.2612,-0.0356,1.0791,18.6107,7.0763,-13.7099,1,0,0
-0.2673,-0.0464,1.0745,17.4275,11.0687,-10.4809,1,0,0
-0.272,-0.0166,1.0635,16.5725,14.1832,-10.2901,1,0,0
-0.281,-0.0225,1.0544,16.084,16.1985,-11.7481,1,0,0
-0.2852,-0.0142,1.0483,13.4427,17.8626,-12.2061,1,0,0
-0.2822,-0.0178,1.0471,8.9847,20.5114,-9.8244,1,0,0
-0.2764,-0.0176,1.0444,3.3817,22.9008,-7.4504,1,0,0
-0.2927,-0.0327,1.0291,-0.3206,24.8321,-6.1221,1,0,0
-0.2949,-0.0439,1.0159,-1.8168,25.5802,-4.2061,1,0,0
-0.3015,-0.0701,1.0134,0.0611,25.4885,-4.0229,1,0,0
-0.2981,-0.0642,0.9907,3.2595,25.6183,-3.3893,1,0,0
-0.3054,-0.0588,0.979,3.5191,25.5573,0.2137,1,0,0
-0.3042,-0.0378,0.9807,-0.229,25.5038,4.8779,1,0,0
-0.3062,-0.0012,0.9731,-7.1908,25.7023,9.3893,1,0,0
-0.3181,-0.012,0.9568,-14.4275,24.1145,11.2977,1,0,0
-0.3418,-0.0315,0.9336,-16.8168,20.2443,10.2061,1,0,0
-0.3391,-0.0298,0.9282,-16.855,16.1603,9.458,1,0,0
-0.3247,-0.0151,0.9316,-20.2443,12.7176,12.771,1,0,0
-0.3008,0.0178,0.9539,-27.2214,12.1679,17.7023,1,0,0
-0.3025,0.0056,0.9548,-38.0534,12.626,26.9618,1,0,0
-0.3167,-0.0383,0.9219,-46.9466,13.0229,39.0153,1,0,0
-0.3328,-0.0859,0.876,-49.3053,9.8321,46.7405,1,0,0
-0.3623,-0.093,0.8574,-44.3588,1.8702,49.374,1,0,0
-0.354,-0.0784,0.8528,-38.8397,-8.3053,50.9237,1,0,0
-0.3289,-0.0469,0.8643,-34.0153,-15.7328,50.1527,1,0,0
-0.3088,-0.0093,0.8972,-28.855,-19.2061,42.9542,1,0,0
-0.2744,0.0483,0.9214,-25.5114,-17.8779,33.1679,1,0,0
-0.2861,0.054,0.9424,-27.145,-14.7939,26.1603,1,0,0
-0.3076,0.0359,0.9368,-31.4504,-14.7252,22.2977,1,0,0
-0.3254,-0.0081,0.938,-31.3435,-16.7328,18.0992,1,0,0
-0.3262,-0.0083,0.937,-27.6031,-19.3511,12.5802,1,0,0
-0.3213,-0.0388,0.949,-20.8092,-22.0534,7.4733,1,0,0
-0.3262,-0.0535,0.9573,-10.626,-23.3664,2.8015,1,0,0
-0.3196,-0.0601,0.9648,4.4427,-25.3664,-4.9924,1,0,0
-0.3169,-0.0349,0.9722,14.7405,-25.8092,-9.8397,1,0,0
-0.3179,-0.0073,0.9746,20.5954,-25.4198,-12.8321,1,0,0
-0.3291,0.0063,0.9792,21.4504,-26.145,-15.3511,1,0,0
-0.5891,-0.0388,0.9087,21.8244,-39.5802,-15.8015,1,0,0
-0.2849,0.0002,0.9856,24.6183,-37.5878,-23.4733,1,0,0
-0.4111,-0.062,0.9517,33.7405,-43.9237,-30.2748,1,0,0
-0.2573,-0.0159,1.0193,41.2519,-47.4885,-32.9618,1,0,0
-0.2832,-0.0361,1.0642,45.5267,-47.3664,-31.5191,1,0,0
-0.2312,0.0078,1.0994,45.0305,-38.5878,-27.4733,1,0,0
-0.2026,0.0393,1.1135,38.9237,-22.6336,-28.0534,1,0,0
-0.2292,0.0271,1.1211,33.2519,-10.6718,-32.1985,1,0,0
-0.2473,0.009,1.1028,32.1374,-2.8855,-38.7176,1,0,0
-0.2634,-0.0464,1.0752,37.1069,1.7557,-42.7023,1,0,0
-0.2664,-0.072,1.073,44.3206,3.2137,-40.5573,1,0,0
-0.2539,-0.0613,1.0847,46.8779,7.3664,-33.3511,1,0,0
-0.2544,-0.0024,1.0945,44.1985,12.5878,-27.2977,1,0,0
-0.2593,0.0447,1.0884,34.2214,18.9771,-25.6183,1,0,0
-0.2729,0.052,1.0706,21.4046,22.229,-26.8931,1,0,0
-0.2708,0.0254,1.0625,10.3817,23.9313,-25.8931,1,0,0
-0.2651,-0.0281,1.0732,6.2214,25.4962,-24.0763,1,0,0
-0.2468,-0.0415,1.0588,4.9008,28.8702,-19.5649,1,0,0
-0.2466,-0.0383,1.0647,3.9695,32.542,-13.9542,1,0,0
-0.2549,-0.0225,1.0344,2.0763,36.1679,-7.855,1,0,0
-0.2729,-0.0068,0.9958,-0.1679,38.0458,-6.687,1,0,0
-0.2852,-0.0161,0.9607,-1.2977,37.1603,-6.0,1,0,0
-0.2041,-0.0044,0.9607,-0.9542,37.3817,-5.8244,1,0,0
-0.3416,-0.0371,0.9253,-2.2443,32.2214,-0.0763,1,0,0
-0.2703,-0.0127,0.9619,-7.4809,30.4809,10.9237,1,0,0
-0.2539,0.02,0.9705,-16.771,33.5725,22.6794,1,0,0
-0.2383,0.0127,0.9819,-21.5802,41.0305,27.687,1,0,0
-0.29,0.0134,0.937,-19.1603,41.9924,26.1679,1,0,0
-0.3596,0.0227,0.8667,-17.1679,36.145,23.5038,1,0,0
-0.3721,0.0625,0.8384,-18.313,23.8473,22.7405,1,0,0
-0.3613,0.0317,0.8303,-24.0458,15.4885,27.1221,1,0,0
-0.3525,0.0435,0.8293,-31.1145,6.6718,34.7481,1,0,0
-0.3396,0.041,0.8345,-39.8626,0.1832,42.8931,1,0,0
-0.3369,0.0535,0.8247,-45.5725,-5.9008,45.2214,1,0,0
-0.3364,0.0581,0.8333,-48.5344,-13.4733,41.687,1,0,0
-0.3352,0.0427,0.8486,-48.7481,-21.5573,34.7557,1,0,0
-0.3118,0.0298,0.8711,-44.1374,-28.0,27.5725,1,0,0
-0.2913,0.002,0.8899,-38.5496,-31.3435,23.8931,1,0,0
-0.2766,-0.0242,0.9189,-32.7557,-33.1298,23.374,1,0,0
-0.2751,-0.0315,0.9373,-30.0687,-33.3893,27.3817,1,0,0
-0.2739,-0.0388,0.9707,-24.6412,-31.1908,27.6565,1,0,0
-0.2656,-0.0166,0.9807,-16.9924,-29.1145,22.5802,1,0,0
-0.2646,0.0098,0.9915,-9.626,-27.5802,15.0153,1,0,0
-0.2795,0.01,0.9871,-3.2595,-27.5191,8.4122,1,0,0
-0.2832,0.0007,0.9858,3.7634,-27.3206,3.5191,1,0,0
-0.2888,0.012,0.9832,8.6794,-26.7176,1.0611,1,0,0
-0.3013,0.0115,0.9692,11.1985,-26.9466,-0.0458,1,0,0
-0.3235,0.0076,0.9668,12.5344,-28.1679,-0.3053,1,0,0
-0.3044,0.0085,1.0027,11.0382,-29.1603,0.9771,1,0,0
-0.3669,0.0122,0.9949,7.8092,-31.5878,3.2443,1,0,0
-0.2439,0.0205,1.0498,6.0534,-25.9695,1.0916,1,0,0
-0.2998,0.0154,1.0608,9.2901,-22.0153,-5.0992,1,0,0
-0.2705,0.0396,1.061,14.3206,-17.8168,-11.6794,1,0,0
-0.2878,0.0298,1.0549,18.458,-14.6718,-16.7481,1,0,0
-0.2979,0.0107,1.0562,22.855,-12.9924,-19.0763,1,0,0
-0.2944,-0.0081,1.0796,28.1908,-10.0763,-19.8168,1,0,0
-0.2717,0.0242,1.0964,33.3664,-4.4656,-21.8168,1,0,0
-0.2717,0.0352,1.0957,35.771,3.2519,-22.374,1,0,0
-0.2844,0.063,1.0869,36.771,10.4122,-24.5802,1,0,0
-0.3142,0.0635,1.0686,37.6336,15.2595,-29.2366,1,0,0
-0.3188,0.0813,1.042,40.7939,18.2061,-37.0,1,0,0
-0.3167,0.0894,1.0227,40.5191,18.4656,-37.7023,1,0,0
-0.3159,0.0718,1.0195,36.7405,18.0382,-37.2595,1,0,0
-0.3098,0.0811,1.0098,26.7786,17.7252,-31.0687,1,0,0
-0.3052,0.0251,1.0259,17.6641,17.2901,-24.3969,1,0,0
-0.261,0.019,1.0427,19.0534,21.229,-23.0992,1,0,0
-0.2588,0.0383,1.0334,22.8779,23.5649,-23.1679,1,0,0
-0.2766,0.0593,1.0015,21.9771,23.7176,-22.542,1,0,0
-0.2886,0.0525,0.9648,18.2519,19.2214,-19.8244,1,0,0
-0.2893,0.053,0.9358,14.8015,13.3435,-16.9237,1,0,0
-0.2778,0.0164,0.9561,12.1756,8.4962,-13.1985,1,0,0
-0.2554,0.0115,0.9666,8.4733,7.0,-5.8092,1,0,0
-0.228,0.0225,0.9834,1.229,6.8168,3.8626,1,0,0
-0.2444,0.0483,0.9702,-8.0687,8.2137,11.9847,1,0,0
-0.2537,0.0366,0.9436,-15.4504,7.2519,15.6641,1,0,0
-0.2761,0.0063,0.9146,-17.7863,2.6718,18.084,1,0,0
-0.2783,0.0076,0.8977,-17.7023,-3.2748,22.4046,1,0,0
-0.2712,-0.0269,0.905,-19.7786,-8.3817,29.9008,1,0,0
-0.2542,0.0068,0.9304,-23.5344,-12.4351,41.2977,1,0,0
-0.2327,0.0254,0.9778,-30.8015,-11.2519,50.771,1,0,0
-0.2061,0.0581,1.0044,-41.3206,-7.3282,60.5573,1,0,0
-0.2273,0.0486,1.0005,-47.1679,-3.9695,62.2672,1,0,0
-0.2437,0.0249,0.9905,-46.2672,-2.6336,56.7176,1,0,0
-0.2668,0.0227,0.9702,-40.8626,-3.0534,48.4656,1,0,0
-0.2705,0.011,0.9819,-34.2595,-4.1603,42.0992,1,0,0
-0.2649,-0.0017,0.9771,-28.2901,-3.6031,38.4809,1,0,0
-0.2664,0.011,0.9705,-25.2366,-2.8855,37.4351,1,0,0
-0.2881,0.0234,0.9641,-24.6565,-3.626,35.4656,1,0,0
-0.3027,0.0327,0.9529,-23.9847,-6.3435,32.313,1,0,0
-0.3015,0.0576,0.9404,-24.7099,-10.145,29.2901,1,0,0
-0.3025,0.0557,0.9319,-24.8626,-15.1603,25.2977,1,0,0
-0.2942,0.0503,0.9395,-23.8626,-20.2977,21.2595,1,0,0
-0.2861,0.0437,0.95,-19.084,-24.687,15.9695,1,0,0
-0.2646,0.0376,0.9626,-11.6718,-27.2443,11.5954,1,0,0
-0.2466,0.0334,0.9709,-4.0611,-27.8473,8.3511,1,0,0
-0.25,0.0544,0.9617,2.3969,-27.4504,7.5267,1,0,0
-0.2539,0.0759,0.9524,6.2061,-28.4809,6.0763,1,0,0
-0.2654,0.0867,0.9565,9.2672,-30.3359,2.9695,1,0,0
-0.5867,0.0615,0.8242,11.2443,-38.6947,2.458,1,0,0
-0.1921,0.1138,0.9514,15.3511,-42.7863,-2.0687,1,0,0
-0.1797,0.1479,0.9312,15.4427,-40.8702,-6.8168,1,0,0
-0.2249,0.1074,1.0012,17.5573,-43.3511,-5.2214,1,0,0
-0.1787,0.0981,1.0386,18.7328,-39.6947,-4.8931,1,0,0
-0.1523,0.1091,1.0818,20.1908,-33.3511,-6.5191,1,0,0
-0.1577,0.1257,1.1106,19.9847,-23.7023,-8.0305,1,0,0
-0.155,0.1389,1.125,22.0305,-15.5344,-14.2443,1,0,0
-0.1765,0.1497,1.1174,25.9618,-8.687,-24.626,1,0,0
-0.1882,0.145,1.0937,27.7328,-3.9695,-32.6565,1,0,0
-0.2119,0.1008,1.0854,25.9924,-0.6718,-36.3206,1,0,0
-0.2212,0.0894,1.0815,22.5114,3.2366,-32.4122,1,0,0
-0.2292,0.0615,1.0754,18.0534,7.5802,-29.5191,1,0,0
-0.2295,0.0669,1.0588,15.5038,9.9389,-30.5344,1,0,0
-0.2187,0.0461,1.0698,13.0611,12.9313,-31.1221,1,0,0
-0.2231,0.0269,1.0837,12.3206,16.229,-28.8855,1,0,0
-0.2246,0.0342,1.0808,11.1603,20.084,-25.0229,1,0,0
-0.2498,0.0229,1.0667,11.687,21.0916,-23.8168,1,0,0
-0.2444,0.0181,1.0803,12.4885,21.9084,-24.0992,1,0,0
-0.2168,0.0103,1.1028,10.2595,23.2137,-20.0687,1,0,0
-0.188,-0.0239,1.1306,7.916,29.9771,-12.313,1,0,0
-0.1936,-0.0208,1.1392,7.2366,37.2137,-4.2137,1,0,0
-0.2095,0.0483,1.1013,3.2519,44.0916,-0.1221,1,0,0
-0.2466,0.0767,1.0601,-2.2824,46.5496,-0.7481,1,0,0
-0.2695,0.0679,1.019,-7.9466,44.1603,-2.1908,1,0,0
-0.2668,0.0742,0.9922,-13.8626,40.4656,-0.2061,1,0,0
-0.3,0.0422,0.9778,-19.7099,40.2977,1.4885,1,0,0
-0.2856,0.0288,0.9917,-23.084,34.2977,9.0458,1,0,0
-0.2244,0.0415,1.0122,-26.7481,37.8931,16.3893,1,0,0
-0.2722,0.0518,0.9805,-29.7328,38.6183,19.5725,1,0,0
-0.292,0.0718,0.9517,-34.0229,36.2901,23.5649,1,0,0
-0.3115,0.0564,0.9043,-40.374,30.9695,28.5573,1,0,0
-0.3115,0.0212,0.8716,-42.3359,20.9695,32.229,1,0,0
-0.2957,0.0022,0.8757,-39.4962,13.6489,36.2061,1,0,0
-0.2952,0.019,0.8411,-37.9466,5.687,37.2366,1,0,0
-0.2827,0.0386,0.8406,-38.1069,-0.1908,37.3511,1,0,0
-0.2888,0.0259,0.8342,-36.4275,-5.5725,35.3511,1,0,0
-0.2998,0.0044,0.8367,-29.3664,-11.4504,30.626,1,0,0
-0.2979,0.0173,0.8308,-19.0763,-17.4275,23.9924,1,0,0
-0.2961,0.021,0.8386,-8.374,-23.4962,19.2214,1,0,0
-0.2961,0.022,0.8494,3.0916,-29.7786,16.5649,1,0,0
-0.2861,0.0417,0.876,14.0611,-33.0,15.0229,1,0,0
-0.2842,0.0823,0.8894,22.3893,-37.1756,12.2061,1,0,0
-0.2688,0.1294,0.908,24.1527,-39.0229,10.2595,1,0,0
-0.2668,0.1548,0.9602,19.1069,-39.9924,9.0763,1,0,0
-0.2415,0.1721,0.9836,12.4198,-37.4046,8.0916,1,0,0
-0.2307,0.1824,1.0115,5.8244,-33.7557,3.3817,1,0,0
-0.2996,0.1372,0.9929,5.0,-31.9847,-3.0229,1,0,0
-0.2117,0.1279,1.0093,7.9389,-30.7176,-8.3435,1,0,0
-0.2493,0.113,1.0022,10.1756,-28.3282,-12.4122,1,0,0
-0.2861,0.0955,0.9817,12.6107,-29.3664,-13.3969,1,0,0
-0.2664,0.083,1.0042,12.2519,-31.6794,-13.2672,1,0,0
-0.217,0.0842,1.0342,10.4427,-29.1145,-12.1374,1,0,0
-0.1909,0.0781,1.0669,6.6183,-22.7405,-12.084,1,0,0
-0.1797,0.0657,1.1001,4.084,-14.2595,-14.4122,1,0,0
-0.1936,0.0718,1.0857,6.1145,-6.6412,-20.1145,1,0,0
-0.2134,0.0552,1.0745,8.771,-1.8397,-23.3206,1,0,0
-0.2307,0.04,1.0464,10.7863,-1.3588,-23.1374,1,0,0
-0.241,0.0364,1.0479,14.2366,-2.2214,-23.2595,1,0,0
-0.2256,0.0464,1.05,14.9542,-2.7252,-22.4351,1,0,0
-0.2266,0.0593,1.0635,12.4275,-1.145,-20.2061,1,0,0
-0.2329,0.0554,1.0779,11.4427,0.9618,-20.2748,1,0,0
-0.2207,0.0793,1.0962,17.8473,4.4427,-28.2672,1,0,0
-0.1963,0.1375,1.1067,22.8244,9.4885,-37.5954,1,0,0
-0.2195,0.1331,1.0903,24.1679,14.855,-42.8321,1,0,0
-0.2285,0.1265,1.0725,21.0,18.084,-41.374,1,0,0
-0.2568,0.0864,1.0388,15.9924,17.7328,-35.6718,1,0,0
-0.2573,0.0908,1.0398,10.1908,14.9618,-27.8855,1,0,0
-0.2383,0.0798,1.0437,5.9847,13.4122,-23.3053,1,0,0
-0.2258,0.0959,1.0598,3.6794,14.7176,-23.4962,1,0,0
-0.2144,0.1099,1.0493,1.8168,16.4046,-27.4656,1,0,0
-0.2278,0.073,1.0322,-0.9466,18.3969,-26.7405,1,0,0
-0.2329,0.0564,1.0251,-2.4733,18.5038,-22.3359,1,0,0
-0.2268,0.041,1.0017,-3.2977,19.5496,-17.374,1,0,0
-0.2302,0.0571,0.991,-2.1985,18.7939,-14.3817,1,0,0
-0.2341,0.072,0.9771,-2.4427,18.6412,-12.6641,1,0,0
-0.2415,0.0554,0.9607,-2.3053,18.1298,-11.7557,1,0,0
-0.2529,0.0635,0.9468,-0.4427,16.7481,-10.7328,1,0,0
-0.2568,0.071,0.9277,1.3053,14.4962,-9.7328,1,0,0
-0.2637,0.0725,0.9216,0.855,11.8168,-7.8931,1,0,0
-0.2334,0.0972,0.9504,0.8092,10.8397,-5.5344,1,0,0
-0.2561,0.1118,0.9221,-3.0305,8.3817,-5.2519,1,0,0
-0.2727,0.0989,0.9255,-6.4198,5.5725,-3.5725,1,0,0
-0.2517,0.0916,0.9421,-6.1756,3.9771,-3.6183,1,0,0
-0.2437,0.1089,0.9514,-7.7176,4.1908,-3.5878,1,0,0
-0.2581,0.0903,0.9446,-8.084,4.1985,-3.687,1,0,0
-0.2651,0.0923,0.9414,-8.0382,3.0916,-3.7939,1,0,0
-0.2715,0.0801,0.9456,-6.6718,1.8092,-4.4427,1,0,0
-0.2734,0.074,0.9529,-4.8092,1.2977,-4.4885,1,0,0
-0.2766,0.0752,0.9629,-4.3817,0.9237,-3.6412,1,0,0
-0.2793,0.0823,0.9712,-4.3053,1.3511,-3.8779,1,0,0
-0.2871,0.0991,0.9731,-5.2977,0.9084,-4.0153,1,0,0
-0.292,0.0774,0.9763,-7.9542,1.3206,-4.2214,1,0,0
-0.2905,0.0718,0.9846,-8.1832,0.3817,-4.0763,1,0,0
-0.2944,0.0637,0.9888,-8.3588,0.313,-4.1527,1,0,0
-0.293,0.0574,1.0054,-9.1832,-0.1679,-3.6031,1,0,0
-0.2944,0.051,1.0059,-8.1603,-0.5802,-3.7405,1,0,0
-0.2861,0.0503,1.0093,-6.4351,-0.542,-3.8321,1,0,0
-0.2903,0.0557,1.0078,-5.1527,0.229,-3.4504,1,0,0
-0.282,0.0642,1.0115,-5.1985,1.4275,-3.6641,1,0,0
-0.281,0.0652,1.0156,-5.9389,3.084,-4.0153,1,0,0
-0.2939,0.0625,1.011,-6.5573,4.0763,-4.2748,1,0,0
-0.3096,0.061,0.9868,-7.145,3.542,-4.9313,1,0,0
-0.3145,0.0352,0.9841,-7.6565,2.7328,-4.1603,1,0,0
-0.3054,0.0396,0.9841,-7.1832,1.9313,-3.1069,1,0,0
-0.2942,0.0393,0.9971,-7.9771,1.8779,-1.5802,1,0,0
-0.2937,0.0422,0.9973,-7.374,3.5954,-1.4046,1,0,0
-0.2952,0.0457,0.9968,-7.2901,5.6412,-1.9237,1,0,0
-0.303,0.0466,0.9724,-6.0076,5.6031,-1.7481,1,0,0
-0.3105,0.052,0.9653,-5.2061,4.855,-2.4427,1,0,0
-0.3193,0.0415,0.9492,-4.771,3.8015,-2.2901,1,0,0
-0.3181,0.0383,0.9382,-4.3359,1.2443,-1.7176,1,0,0
-0.3142,0.04,0.9458,-3.9618,-1.1145,-1.1679,1,0,0
-0.3076,0.0457,0.9534,-4.0,-2.458,-0.2748,1,0,0
-0.2937,0.0598,0.9746,-4.5649,-2.3282,0.2519,1,0,0
-0.2839,0.0574,0.9856,-7.0076,-0.8473,0.7634,1,0,0
-0.2937,0.0413,0.9902,-7.3053,0.4198,0.7328,1,0,0
-0.2966,0.031,0.9851,-5.3817,0.2366,0.3511,1,0,0
-0.2986,0.0386,0.9773,-3.1908,-0.687,0.1679,1,0,0
-0.2976,0.0383,0.9692,-2.1756,-1.6031,0.4427,1,0,0
-0.2952,0.0442,0.9736,-0.8473,-2.7099,0.6183,1,0,0
-0.29,0.0515,0.9792,-0.0534,-3.3817,0.2366,1,0,0
-0.2766,0.0647,0.9802,-1.1908,-2.5725,0.3664,1,0,0
-0.2751,0.0591,0.9841,-3.5802,-2.0229,0.8397,1,0,0
-0.2683,0.061,0.9807,-5.6718,-1.3588,1.1069,1,0,0
-0.27,0.0627,0.9824,-7.6718,-0.2366,1.0153,1,0,0
-0.2778,0.064,0.9734,-7.7481,0.0305,-0.1221,1,0,0
-0.2869,0.051,0.9727,-7.374,-0.9389,-1.4733,1,0,0
-0.2871,0.0415,0.9746,-6.4809,-1.4962,-2.0382,1,0,0
-0.2839,0.0476,0.9736,-5.7023,-2.0076,-2.5038,1,0,0
-0.2756,0.0464,0.9856,-6.8626,-1.1374,-2.6565,1,0,0
-0.2783,0.0408,0.989,-6.7634,-1.4809,-2.5344,1,0,0
-0.2734,0.0337,0.9844,-6.5267,-1.5115,-2.0992,1,0,0
-0.2754,0.0313,0.9949,-5.771,-1.4351,-1.5649,1,0,0
-0.2744,0.0381,0.9915,-5.9847,-1.2977,-0.7252,1,0,0
-0.2832,0.0442,0.9919,-6.3206,-0.9695,-0.7252,1,0,0
-0.2815,0.0344,1.0007,-6.4809,-1.3511,-0.5344,1,0,0
-0.2808,0.0374,0.9922,-5.7023,-1.6565,-0.2137,1,0,0
-0.2854,0.0422,0.9907,-4.7863,-1.7863,0.3969,1,0,0
-0.2861,0.0554,0.9924,-4.1832,-1.9771,0.9542,1,0,0
-0.2981,0.0637,0.9893,-3.855,-1.8702,0.6718,1,0,0
-0.3,0.0547,0.9875,-3.2214,-1.8015,-0.1145,1,0,0
-0.2932,0.0557,0.9788,-2.6183,-1.9237,0.0076,1,0,0
-0.2949,0.05,0.9771,-2.3588,-2.0,0.2824,1,0,0
-0.2957,0.0498,0.9768,-0.9924,-2.6641,-0.6641,1,0,0
-0.2893,0.0542,0.9761,-0.3359,-2.8702,-1.2214,1,0,0
-0.2964,0.0571,0.9585,-1.0687,-3.1527,-0.7176,1,0,0
-0.302,0.0522,0.9619,-1.6718,-3.7405,-0.8855,1,0,0
-0.3047,0.0549,0.9651,-1.6794,-4.8397,-0.4962,1,0,0
-0.2993,0.0537,0.97,-1.4733,-5.7328,-0.3893,1,0,0
-0.291,0.0457,0.9717,-1.0229,-6.2214,-0.7634,1,0,0
-0.2883,0.0391,0.9712,0.0687,-7.2824,-1.3206,1,0,0
-0.2786,0.0286,0.9902,1.2519,-7.5802,-0.0382,1,0,0
-0.2625,0.0266,1.0078,2.1527,-5.374,0.7405,1,0,0
-0.2666,0.0322,0.9934,2.9466,-3.542,0.5573,1,0,0
-0.2822,0.0396,0.9912,2.8702,-3.2214,0.1374,1,0,0
-0.2871,0.0452,0.9807,2.5038,-4.4733,0.2061,1,0,0
-0.2791,0.0581,0.9841,1.9313,-4.5496,-0.9389,1,0,0
-0.2751,0.052,0.981,0.855,-4.626,-2.4427,1,0,0
-0.2737,0.0498,0.9875,-0.7939,-3.9618,-3.7252,1,0,0
-0.2683,0.0544,0.989,-3.1069,-3.7634,-4.4733,1,0,0
-0.2649,0.0349,0.9973,-5.1603,-3.2901,-5.0,1,0,0
-0.2554,0.0259,1.0056,-5.5802,-2.8473,-5.0916,1,0,0
-0.2507,0.0293,1.0034,-5.0687,-2.1756,-5.4504,1,0,0
-0.2529,0.0366,0.9895,-5.1069,-1.5038,-6.1603,1,0,0
-0.2566,0.0332,0.9805,-4.8397,-0.9313,-6.7405,1,0,0
-0.2678,0.0356,0.9634,-3.0992,-1.7405,-7.7405,1,0,0
-0.2637,0.042,0.9666,-3.5649,-3.2061,-7.7557,1,0,0
-0.2537,0.0374,0.9785,-5.3664,-4.458,-7.1069,1,0,0
-0.2485,0.0247,0.98,-5.7939,-4.229,-6.4809,1,0,0
-0.248,0.0188,0.9761,-5.6183,-4.8626,-6.0534,1,0,0
-0.2551,0.0144,0.9783,-4.5878,-4.6336,-5.0382,1,0,0
-0.2656,0.0227,0.978,-3.3588,-5.4504,-4.7939,1,0,0
-0.2734,0.0193,0.9841,-2.4275,-6.6336,-3.855,1,0,0
-0.2732,0.0229,0.999,-1.7863,-7.2901,-3.1527,1,0,0
-0.2781,0.0261,0.9929,-1.1756,-6.9771,-2.6794,1,0,0
-0.2825,0.0271,0.9929,-0.3588,-6.855,-2.1908,1,0,0
-0.282,0.0149,0.9995,1.0534,-7.7328,-0.3282,1,0,0
-0.2891,0.0286,1.0093,3.374,-8.0076,1.0153,1,0,0
-0.2844,0.0483,1.0085,5.0687,-7.2061,1.0076,1,0,0
-0.2849,0.0647,1.0137,4.3588,-6.9695,0.6183,1,0,0
-0.2888,0.0608,1.0125,3.1145,-7.145,0.2901,1,0,0
-0.2808,0.053,1.0312,1.9237,-7.0382,0.4351,1,0,0
-0.2656,0.0608,1.0376,1.0992,-5.8473,0.0763,1,0,0
-0.2661,0.0664,1.0391,-0.2977,-3.6031,-0.5573,1,0,0
-0.2717,0.0698,1.0322,-1.5344,-1.4962,-1.3893,1,0,0
-0.2791,0.0562,1.0125,-2.1069,-1.1527,-2.6489,1,0,0
-0.2734,0.0398,0.9976,-1.5191,-1.313,-3.0611,1,0,0
-0.2654,0.0337,0.9956,0.1832,-1.6183,-2.6489,1,0,0
-0.2559,0.0374,0.999,0.3969,-1.1832,-2.2366,1,0,0
-0.2593,0.0481,0.9961,-0.2595,0.2137,-2.145,1,0,0
-0.2659,0.0479,0.9839,-2.2748,-0.0153,-2.542,1,0,0
-0.2637,0.0442,0.9709,-4.1374,-0.3969,-2.7786,1,0,0
-0.2563,0.0276,0.9685,-4.1908,-1.0305,-3.1832,1,0,0
-0.2502,0.0215,0.9585,-2.6641,-1.4351,-2.7786,1,0,0
-0.249,0.0203,0.967,-1.0992,-2.1145,-2.7176,1,0,0
-0.2483,0.0222,0.9761,-0.229,-2.626,-2.3359,1,0,0
-0.2444,0.03,0.9819,-1.1374,-3.542,-1.9771,1,0,0
-0.2461,0.0217,0.9966,-2.6107,-3.9313,-1.229,1,0,0
-0.2451,0.031,1.01,-3.0382,-4.0076,-1.0076,1,0,0
-0.2463,0.0354,1.01,-3.4351,-4.145,-1.3588,1,0,0
-0.2483,0.0181,1.0217,-3.2977,-3.4275,-1.6489,1,0,0
-0.2512,0.0112,1.0283,-2.0534,-2.0992,-0.9771,1,0,0
-0.2542,0.0225,1.0132,0.2977,-1.1756,-0.8015,1,0,0
-0.2673,0.0334,1.0164,1.1603,-0.6031,-0.9771,1,0,0
-0.2659,0.0554,1.0229,0.4885,-1.1221,-1.855,1,0,0
-0.2537,0.0598,1.0249,-1.9771,-1.0229,-2.8702,1,0,0
-0.2556,0.051,1.0232,-3.3359,-0.0992,-4.3435,1,0,0
-0.2656,0.0625,1.0068,-5.9237,0.5038,-4.4656,1,0,0
-0.2659,0.0352,1.011,-6.9618,0.8626,-4.4809,1,0,0
-0.2673,0.019,1.0076,-7.1221,1.6336,-3.8702,1,0,0
-0.2683,0.0173,1.0061,-5.5725,1.5496,-4.313,1,0,0
-0.2698,0.0046,0.9995,-4.1756,1.1603,-4.3817,1,0,0
-0.2595,-0.0022,1.0063,-2.7634,1.145,-4.084,1,0,0
-0.2576,-0.0024,1.0076,-1.626,1.8702,-3.1908,1,0,0
-0.2598,0.0046,0.9958,-2.6641,1.8779,-2.4351,1,0,0
-0.2625,-0.002,1.0002,-3.7786,1.3588,-1.4504,1,0,0
-0.2681,-0.0024,0.9885,-4.9313,0.9847,-0.4351,1,0,0
-0.2681,-0.0142,0.9868,-5.0916,0.5191,0.0305,1,0,0
-0.2661,-0.0088,0.9978,-3.5878,-0.5878,0.8168,1,0,0
-0.2546,-0.0042,1.0032,-2.1756,-0.7252,1.7939,1,0,0
-0.2458,0.0015,1.0002,-1.4275,-0.0305,2.0153,1,0,0
-0.2532,-0.0037,0.9998,-1.2214,0.9466,2.4885,1,0,0
-0.2612,-0.0073,0.9907,-0.5725,1.855,4.0305,1,0,0
-0.2673,-0.001,0.9866,-0.3664,1.4198,4.8779,1,0,0
-0.2727,0.011,0.9805,-0.5344,0.3282,5.7023,1,0,0
-0.2659,0.0166,0.9878,-0.1374,-0.6718,5.9847,1,0,0
-0.2578,0.0266,0.9917,0.374,-0.6489,5.7099,1,0,0
-0.2546,0.0283,0.9929,-0.0076,-0.374,5.8626,1,0,0
-0.2578,0.0313,0.9993,-1.084,0.2748,5.6412,1,0,0
-0.259,0.032,0.9944,-2.1679,0.2214,5.7786,1,0,0
-0.2593,0.0376,0.99,-2.9618,-0.1908,6.4962,1,0,0
-0.2512,0.0337,0.9849,-2.7557,0.5267,5.9389,1,0,0
-0.248,0.0361,0.9844,-1.5115,0.9847,5.0534,1,0,0
-0.2532,0.0405,0.9849,-0.9847,0.6107,4.7634,1,0,0
-0.2551,0.0398,0.9753,-0.6336,-0.0458,4.5878,1,0,0
-0.2559,0.0422,0.9822,-0.5038,-0.687,4.6718,1,0,0
-0.2549,0.053,0.9878,-0.8092,-0.8626,3.9466,1,0,0
-0.2551,0.0632,0.9922,-1.8397,-0.6794,3.313,1,0,0
-0.2539,0.0674,0.9951,-2.7023,-0.1908,2.6336,1,0,0
-0.2598,0.0537,0.9961,-3.4351,-0.1221,1.7634,1,0,0
-0.259,0.0442,0.9844,-3.1069,-0.0382,1.5649,1,0,0
-0.2668,0.041,0.9836,-1.5267,-0.3359,1.4809,1,0,0
-0.2708,0.0527,0.9854,-0.9084,-0.3664,1.8931,1,0,0
-0.2678,0.061,0.9949,-1.229,-0.8397,0.7863,1,0,0
-0.2615,0.054,0.9922,-1.2061,-1.2137,-0.0534,1,0,0
-0.2542,0.0586,0.9905,-1.1985,-0.8092,-0.4809,1,0,0
-0.2529,0.0532,0.9905,-2.6412,-0.1756,-1.2824,1,0,0
-0.2585,0.0479,0.981,-4.3588,-0.4885,-1.084,1,0,0
-0.2625,0.0369,0.9841,-5.9695,-0.9466,-1.0229,1,0,0
-0.2632,0.0083,0.99,-5.0076,-1.4427,-0.229,1,0,0
-0.2585,0.0056,0.9968,-3.1679,-1.7252,0.5191,1,0,0
-0.2593,0.0054,0.9956,-0.6031,-2.374,1.4885,1,0,0
-0.2546,0.0215,1.0068,1.1145,-2.2519,2.1298,1,0,0
-0.2561,0.0308,1.0146,1.3435,-1.9008,2.4962,1,0,0
-0.2529,0.0425,1.0146,0.5191,-1.145,2.1069,1,0,0
-0.2537,0.05,1.0154,-0.9924,-0.9008,1.374,1,0,0
-0.2529,0.0464,1.0146,-3.0992,-0.3893,1.9695,1,0,0
-0.2478,0.0432,1.0208,-4.0,0.4504,1.458,1,0,0
-0.25,0.0359,1.0146,-3.6336,0.7328,0.5573,1,0,0
-0.2524,0.0298,1.0073,-2.5496,0.9084,0.6641,1,0,0
-0.2537,0.0276,1.0044,-2.0076,0.8244,1.2443,1,0,0
-0.2502,0.0344,0.9927,-0.9466,0.5573,1.2443,1,0,0
-0.2563,0.0356,0.9944,-0.4962,1.0076,1.6183,1,0,0
-0.259,0.0437,0.981,-0.3282,0.4656,2.1069,1,0,0
-0.2556,0.062,0.9797,-1.3206,-0.0534,2.0916,1,0,0
-0.2595,0.0601,0.9863,-2.0916,0.084,1.3359,1,0,0
-0.252,0.0583,0.9934,-1.7252,0.1221,0.771,1,0,0
-0.2568,0.0557,0.9934,-1.0382,-0.0076,0.0611,1,0,0
-0.2568,0.0505,0.9902,-0.4962,-0.1221,0.1069,1,0,0
-0.2544,0.0571,0.9897,-0.4351,0.1298,0.2519,1,0,0
-0.2522,0.0593,0.988,-1.0229,0.3664,-0.3053,1,0,0
-0.2576,0.0527,0.9861,-1.5038,-0.0992,-0.6412,1,0,0
-0.2529,0.0496,0.998,-1.313,-0.4351,-0.542,1,0,0
-0.25,0.0496,0.9939,-1.0916,-0.5038,-0.6641,1,0,0
-0.2527,0.0542,0.9934,-0.5496,-0.542,-1.4962,1,0,0
-0.2517,0.0557,0.9915,-0.9466,-0.4275,-1.5267,1,0,0
-0.2544,0.0488,0.988,-1.8321,-0.8092,-1.6641,1,0,0
-0.2542,0.0417,0.9834,-2.855,-0.9695,-1.771,1,0,0
-0.2551,0.0349,0.9885,-2.3664,-1.1374,-1.4962,1,0,0
-0.2546,0.0305,0.989,-0.8168,-1.4198,-0.916,1,0,0
-0.2527,0.033,0.9861,0.6336,-1.0534,-0.4885,1,0,0
-0.2612,0.0381,0.9868,1.2977,-1.2595,-0.5725,1,0,0
-0.2588,0.0476,0.9902,1.3588,-1.4275,-0.4351,1,0,0
-0.2605,0.0481,0.9885,0.3969,-1.687,-0.916,1,0,0
-0.2556,0.0466,0.9944,-1.0153,-1.6565,-1.1603,1,0,0
-0.252,0.0457,0.9949,-2.3893,-1.145,-1.145,1,0,0
-0.262,0.0374,0.9912,-2.8931,-0.2977,-1.1603,1,0,0
-0.2661,0.0347,0.9915,-2.4962,-0.6183,-1.374,1,0,0
-0.2705,0.0334,0.989,-1.4885,-1.0,-1.0458,1,0,0
-0.2678,0.0425,0.9954,-1.2137,-1.4885,-0.8321,1,0,0
-0.2646,0.0496,1.002,-1.1908,-1.0458,-1.6031,1,0,0
-0.2583,0.0544,1.0051,-1.7786,-0.7939,-1.8626,1,0,0
-0.2634,0.0581,1.009,-2.8092,-0.5267,-2.4046,1,0,0
-0.2649,0.0471,1.0005,-3.458,-0.3282,-2.6947,1,0,0
-0.2639,0.0457,0.9995,-3.5267,0.1756,-2.7176,1,0,0
-0.2651,0.0376,0.9978,-3.3282,0.626,-2.8931,1,0,0
-0.2637,0.0413,0.9995,-2.3282,0.3435,-2.5496,1,0,0
-0.2649,0.0435,0.9976,-1.5725,0.2824,-2.6794,1,0,0
-0.2593,0.0422,0.9924,-1.8855,0.1908,-2.7939,1,0,0
-0.2588,0.0398,0.9915,-1.9695,0.0611,-2.8092,1,0,0
-0.2598,0.0374,0.9941,-1.855,-0.542,-2.4351,1,0,0
-0.2615,0.0344,0.9917,-1.8397,-0.4656,-2.8779,1,0,0
-0.2666,0.0232,0.9993,-1.1832,-0.7099,-1.9695,1,0,0
-0.2588,0.0251,0.9983,-0.6183,-1.2443,-1.5115,1,0,0
-0.2559,0.0251,1.0115,-0.4656,-1.0534,-0.8931,1,0,0
-0.2532,0.0269,1.0156,-0.4351,-0.626,-0.3664,1,0,0
-0.2483,0.03,1.0115,-1.0458,-0.0076,-0.2901,1,0,0
-0.2483,0.0337,1.0073,-1.0992,0.6565,-0.0611,1,0,0
-0.2563,0.031,1.002,-1.771,1.0763,-0.1908,1,0,0
-0.2566,0.0332,0.9973,-1.5954,1.542,0.0916,1,0,0
-0.2656,0.0349,0.9956,-0.8855,1.4122,0.1679,1,0,0
-0.2671,0.04,0.9937,-0.3206,0.4275,0.4351,1,0,0
-0.2534,0.0522,0.9968,-0.1603,0.6336,0.3588,1,0,0
-0.2551,0.0579,1.0029,-0.9618,0.9084,-0.4275,1,0,0
-0.2537,0.0569,1.002,-2.3969,1.7099,-1.4809,1,0,0
-0.2563,0.0508,0.9922,-3.6183,2.2366,-1.7863,1,0,0
-0.2639,0.0356,0.981,-3.3969,1.7328,-1.8168,1,0,0
-0.2634,0.0371,0.9741,-2.9389,1.2214,-1.7405,1,0,0
-0.2654,0.0378,0.9766,-1.9695,0.9924,-1.9008,1,0,0
-0.2612,0.0293,0.9744,-1.4046,-0.1069,-1.6489,1,0,0
-0.2539,0.0359,0.9873,-0.7023,-0.0611,-1.4275,1,0,0
-0.2512,0.0383,0.989,-1.0611,-0.2061,-1.0153,1,0,0
-0.25,0.0457,0.9878,-2.0687,0.3282,-1.3053,1,0,0
-0.2542,0.0444,0.9849,-3.3359,0.4122,-1.2595,1,0,0
-0.2563,0.0303,0.9937,-3.4275,0.5954,-1.3969,1,0,0
-0.2629,0.0366,0.9912,-2.1145,0.8931,-1.2901,1,0,0
-0.2629,0.0432,0.9922,-1.8321,0.6947,-1.4656,1,0,0
-0.2671,0.0454,0.9839,-1.1298,0.2901,-2.0534,1,0,0
-0.2625,0.0471,0.9868,-0.8244,0.0229,-2.1908,1,0,0
-0.2607,0.0447,0.9888,-2.0,0.5115,-2.4656,1,0,0
-0.2637,0.0447,0.9812,-3.1756,1.0534,-2.5191,1,0,0
-0.2632,0.033,0.9807,-3.8092,0.8702,-2.4809,1,0,0
-0.2686,0.0291,0.9775,-3.8244,0.5191,-2.313,1,0,0
-0.2734,0.0264,0.9792,-3.2595,-0.145,-1.7176,1,0,0
-0.2808,0.0278,0.98,-2.5649,-0.8473,-1.6641,1,0,0
-0.2688,0.0269,0.9834,-2.0534,-1.4351,-1.8473,1,0,0
-0.271,0.022,0.9937,-1.6565,-1.7252,-2.0,1,0,0
-0.2615,0.0164,0.9978,-1.3206,-1.4275,-1.5115,1,0,0
-0.262,0.0193,1.011,-1.8092,-1.2443,-0.5191,1,0,0
-0.2637,0.0208,1.0071,-2.2214,-0.4046,-0.1756,1,0,0
-0.2683,0.0168,1.0032,-2.6183,-0.0687,0.313,1,0,0
-0.2715,0.0222,1.0015,-2.4733,-0.2061,0.8779,1,0,0
-0.2729,0.0293,1.0039,-1.5725,0.0687,0.6947,1,0,0
-0.2725,0.0371,1.0071,-1.0,0.1527,0.5267,1,0,0
-0.2666,0.0513,1.0056,-1.4885,0.5267,-0.0916,1,0,0
-0.2642,0.0471,1.0032,-2.229,1.1298,-0.5802,0,0,0
-0.2666,0.0466,0.9915,-2.8168,1.3435,-1.0229,0,0,0
-0.2722,0.0449,0.9912,-3.5344,1.2901,-1.5496,0,0,0
-0.2766,0.0337,0.9814,-3.3664,0.7252,-1.7481,0,0,0
-0.269,0.0327,0.981,-3.5878,0.6031,-1.4656,0,0,0
-0.2693,0.0305,0.9832,-2.7176,-0.1145,-1.2748,0,0,0
-0.2603,0.0271,0.991,-2.2137,-0.458,-0.9389,0,0,0
-0.2605,0.0288,0.9946,-2.4733,-0.1145,-0.4656,0,0,0
-0.2605,0.0229,0.9988,-2.9084,0.1527,-0.4962,0,0,0
-0.2542,0.0208,1.0056,-2.8092,0.4962,-0.3053,0,0,0
-0.2522,0.0317,0.9871,-2.2672,0.9542,0.0229,0,0,0
-0.26,0.0381,0.9873,-1.7252,1.2366,-0.145,0,0,0
-0.2666,0.0388,0.9792,-1.9924,0.6107,-0.2366,0,0,0
-0.2634,0.0476,0.9805,-2.0763,-0.458,-0.1908,0,0,0
-0.2595,0.0435,0.9834,-3.2137,-1.0687,-0.8397,0,0,0
-0.2566,0.0356,0.98,-3.9389,-1.7023,-0.8626,0,0,0
-0.2573,0.0359,0.9919,-4.542,-2.0076,-0.8015,0,0,0
-0.2542,0.0264,1.0039,-3.7557,-1.8168,-0.4885,0,0,0
-0.252,0.01,1.0,-1.5649,-0.8931,0.2137,0,0,0
-0.2507,0.0229,0.9973,0.7099,-0.2061,-0.0534,0,0,0
-0.2627,0.0369,0.988,0.7634,-0.9008,0.5496,0,0,0
-0.2603,0.0481,0.9856,-0.3817,-0.9618,0.313,0,0,0
-0.2581,0.0479,0.9893,-1.771,-1.4122,0.2443,0,0,0
-0.2585,0.0452,0.9907,-3.4809,-1.8168,-0.0382,0,0,0
-0.2642,0.0374,0.9949,-4.4809,-1.4427,-0.3969,0,0,0
-0.2583,0.0286,0.9961,-3.687,-1.5649,-0.6336,0,0,0
-0.2537,0.0225,0.9937,-2.0305,-1.3969,-0.6641,0,0,0
-0.2612,0.0293,1.0002,-0.8779,-0.916,-0.542,0,0,0
-0.2654,0.0371,0.9941,0.1679,-0.626,-0.2748,0,0,0
-0.2629,0.0488,0.9902,0.1221,-0.2137,-0.8473,0,0,0
-0.2754,0.0642,0.991,-1.458,-0.1832,-0.8931,0,0,0
-0.2805,0.0618,0.988,-3.4504,-0.4275,-1.458,0,0,0
-0.2852,0.0554,0.9871,-4.7939,-1.1756,-2.3053,0,0,0
-0.2795,0.0427,0.99,-4.5573,-1.7252,-2.4427,0,0,0
-0.2725,0.0349,0.9978,-3.771,-1.6794,-2.313,0,0,0
-0.2708,0.0295,1.0115,-2.2519,-1.3511,-1.6336,0,0,0
-0.2737,0.0281,1.0183,-0.6031,-1.2901,-1.3282,0,0,0
-0.2673,0.0303,1.0134,0.2214,-0.8092,-1.1603,0,0,0
-0.272,0.0342,1.0142,0.3817,-0.3817,-1.0458,0,0,0
-0.269,0.0476,1.0217,0.1221,0.145,-1.0916,0,0,0
-0.2649,0.0481,1.0186,-1.374,0.313,-1.8931,0,0,0
-0.2651,0.0393,1.0083,-2.3282,0.6031,-2.313,0,0,0
-0.2568,0.0313,1.0186,-2.7939,1.3206,-2.3817,0,0,0
-0.2632,0.0198,1.0049,-2.4275,1.7176,-2.2901,0,0,0
-0.2642,0.0178,1.002,-1.6565,1.6947,-1.5878,0,0,0
-0.2629,0.0208,0.9998,-1.7176,1.7252,-1.1679,0,0,0
-0.2588,0.0188,0.9954,-1.1832,1.9771,-1.0076,0,0,0
-0.2573,0.0256,0.9768,-1.084,1.8626,-0.8168,0,0,0
-0.2632,0.0293,0.9761,-1.1603,1.7481,-0.6412,0,0,0
-0.2634,0.033,0.9702,-1.3206,1.4122,-0.7099,0,0,0
-0.26,0.0435,0.9614,-1.855,1.4962,-1.4427,0,0,0
-0.2651,0.0388,0.9668,-2.3969,1.084,-1.6489,0,0,0
-0.2686,0.0303,0.9609,-2.5191,0.2977,-1.5191,0,0,0
-0.259,0.0281,0.9592,-2.8931,-0.7557,-1.6489,0,0,0
-0.2654,0.0249,0.9629,-2.3817,-1.313,-1.3435,0,0,0
-0.2585,0.0313,0.9756,-2.7023,-2.0458,-0.8702,0,0,0
-0.2598,0.0276,0.9885,-3.4046,-1.9008,-0.8321,0,0,0
-0.2571,0.0339,0.9902,-3.1603,-1.687,-0.771,0,0,0
-0.2644,0.0276,0.99,-2.7939,-1.4122,-0.9771,0,0,0
-0.2676,0.0295,0.9922,-1.7328,-1.6718,-1.3435,0,0,0
-0.2705,0.0251,0.9966,-1.4733,-1.855,-0.9542,0,0,0
-0.2664,0.0242,1.0012,-1.2443,-1.542,-1.0763,0,0,0
-0.2681,0.0227,1.0088,-0.9237,-0.7634,-1.0611,0,0,0
-0.2708,0.03,0.9985,-1.2595,-0.6107,-0.9847,0,0,0
-0.2708,0.0317,0.9998,-1.9924,-0.5191,-1.1298,0,0,0
-0.2666,0.0337,0.9963,-2.4427,-0.6336,-1.229,0,0,0
-0.262,0.0293,0.9956,-2.6031,-0.6336,-1.4122,0,0,0
-0.2695,0.0347,0.9929,-3.1603,-0.5038,-1.5038,0,0,0
-0.2668,0.0283,0.9871,-2.9618,-0.7328,-1.4656,0,0,0
-0.2627,0.0178,0.9875,-3.2977,-0.7328,-1.145,0,0,0
-0.2671,0.0149,0.9868,-2.8931,-0.5191,-0.4656,0,0,0
-0.2649,0.0208,0.9912,-2.7099,-0.5954,0.1908,0,0,0
-0.272,0.0178,0.9858,-1.8931,-0.8092,0.1679,0,0,0
-0.2678,0.0203,0.9832,-1.2595,-1.0992,0.2519,0,0,0
-0.2686,0.021,0.988,-1.5725,-1.4427,0.2137,0,0,0
-0.2729,0.0239,0.9922,-1.8473,-1.8473,0.458,0,0,0
-0.2715,0.0249,0.9949,-2.7557,-1.9695,0.542,0,0,0
-0.2705,0.0271,0.9917,-2.8931,-1.9313,0.2519,0,0,0
-0.2703,0.0254,0.9998,-2.6641,-2.2748,0.3893,0,0,0
-0.2661,0.0198,1.0085,-1.8321,-2.1832,0.9237,0,0,0
-0.2627,0.0283,1.0134,-0.9313,-0.8702,0.7176,0,0,0
-0.2644,0.0325,1.0144,-0.771,0.4656,0.3053,0,0,0
-0.2722,0.0339,1.0076,-1.2443,0.5267,0.2672,0,0,0
-0.2737,0.0349,0.9995,-2.0992,0.3282,0.3893,1,0,0
-0.2708,0.0356,1.0054,-2.9847,0.3664,0.6107,1,0,0
-0.2722,0.0396,1.0,-2.7557,0.6718,0.1221,1,0,0
-0.2764,0.0352,0.988,-2.3282,0.4198,-0.0916,1,0,0
-0.2732,0.0308,0.9922,-2.313,0.2977,-0.1374,1,0,0
-0.2766,0.019,0.9858,-1.8855,0.7634,-0.0611,1,0,0
-0.2744,0.0215,0.9893,-0.6947,0.0763,0.4198,1,0,0
-0.2781,0.0259,0.988,-0.5802,-0.8244,0.8244,1,0,0
-0.2664,0.0334,0.9934,-1.313,-0.5191,1.2595,1,0,0
-0.2578,0.0439,0.9995,-2.0916,0.0534,0.7099,1,0,0
-0.2622,0.0383,0.9875,-3.4809,0.0076,-0.1527,1,0,0
-0.2593,0.0269,0.989,-3.3511,-0.0763,-0.0153,1,0,0
-0.2585,0.0227,0.99,-2.4809,-0.0916,0.0076,1,0,0
-0.2607,0.019,0.991,-1.8244,-0.4122,0.3282,1,0,0
-0.26,0.022,0.99,-1.2443,-0.4198,0.6718,1,0,0
-0.2561,0.0264,0.999,-1.0382,-0.1603,0.8779,1,0,0
-0.2527,0.0371,0.9871,-1.2366,0.0229,0.2137,1,0,0
-0.2571,0.0344,0.9875,-1.8473,-0.1221,0.2672,1,0,0
-0.2563,0.0242,0.9927,-1.9237,0.2519,0.8321,1,0,0
-0.2539,0.0359,0.9897,-0.6794,0.5725,0.8473,1,0,0
-0.2673,0.0449,0.9797,-0.9771,-0.1527,0.313,1,0,0
-0.2686,0.0459,0.9875,-1.4275,-1.0916,0.084,1,0,0
-0.2627,0.0486,0.9878,-2.084,-1.4962,-0.229,1,0,0
-0.2632,0.0361,0.988,-1.6412,-0.9618,-0.5115,1,0,0
-0.26,0.0342,0.9897,-0.2901,-0.8244,-0.9924,1,0,0
-0.27,0.0474,0.9817,-0.4504,-1.3511,-0.9618,1,0,0
-0.2632,0.0459,0.9927,-1.6718,-2.5267,-0.7176,1,0,0
-0.2593,0.052,0.9978,-2.2901,-1.8244,-0.8931,1,0,0
-0.2605,0.04,1.0012,-2.5267,-0.4046,-1.7176,1,0,0
-0.2617,0.0295,0.9993,-1.771,-0.2214,-2.2748,1,0,0
-0.2712,0.0332,0.9875,-1.626,-0.4733,-1.9466,1,0,0
-0.2683,0.031,0.9927,-1.374,-1.0,-1.6565,1,0,0
-0.2659,0.0349,0.9944,-1.7252,-1.5496,-1.4809,1,0,0
-0.2598,0.0225,0.9915,-1.374,-0.9084,-1.2901,1,0,0
-0.2683,0.0178,0.9963,-0.0458,-0.5802,-1.0458,1,0,0
-0.262,0.0334,0.9985,-0.4656,-0.8168,-0.8931,1,0,0
-0.2654,0.0393,0.9944,-1.4656,-1.0305,-0.8702,1,0,0
-0.2615,0.0388,0.9944,-2.3206,-1.0229,-1.1832,1,0,0
-0.2563,0.0295,0.9949,-3.4275,-0.9695,-1.3969,1,0,0
-0.2678,0.0132,0.9922,-2.7863,-0.6489,-1.6641,1,0,0
-0.269,0.0166,0.9866,-0.9618,-0.7099,-0.6794,1,0,0
-0.2639,0.0308,0.9836,0.1985,-1.0382,-0.4046,1,0,0
-0.2668,0.0454,0.9839,-0.0382,-0.8855,-0.6718,1,0,0
-0.2646,0.0386,0.9944,-0.5954,-1.3206,-0.8092,1,0,0
-0.2622,0.0342,1.0032,-1.3588,-0.8702,-1.3511,1,0,0
-0.2622,0.0339,0.9905,-1.9695,-0.1832,-1.3817,1,0,0
-0.2642,0.0347,0.9927,-2.542,-0.4504,-1.7481,1,0,0
-0.2664,0.0378,0.9885,-3.1985,-0.8397,-1.7634,1,0,0
-0.2668,0.0303,0.9863,-3.5344,-1.0992,-2.1985,1,0,0
-0.2676,0.0203,0.9934,-2.0,-0.7252,-2.2443,1,0,0
-0.2668,0.0144,0.9905,0.0229,-0.9618,-1.9466,1,0,0
-0.2595,0.0295,0.9915,-0.3359,-1.1679,-1.9084,1,0,0
-0.259,0.0288,0.9873,-1.7634,-1.1756,-1.916,1,0,0
-0.2571,0.0151,0.9946,-2.5725,-0.4733,-1.4275,1,0,0
-0.2612,0.0181,0.9944,-1.6718,-0.542,-1.6718,1,0,0
-0.2646,0.0251,0.9927,-1.7557,-1.0992,-1.1679,1,0,0
-0.2642,0.0298,0.989,-2.4122,-1.4198,-1.0153,1,0,0
-0.262,0.0286,0.9929,-2.3206,-1.1527,-1.0992,1,0,0
-0.2654,0.0239,0.9878,-1.5344,-1.1527,-1.2443,1,0,0
-0.2646,0.0215,0.9924,-0.8626,-1.1985,-1.1527,1,0,0
-0.2549,0.0281,0.999,-1.374,-1.1069,-0.9084,1,0,0
-0.2583,0.0322,0.9968,-3.0534,-0.145,-0.8702,1,0,0
-0.2664,0.0178,0.991,-3.6107,-0.4885,-0.3511,1,0,0
-0.2644,0.0208,0.9946,-2.8168,-0.9008,-0.145,1,0,0
-0.2642,0.0239,0.9993,-2.1298,-1.0229,-0.687,1,0,0
-0.2615,0.0261,0.9919,-1.3893,-0.855,-0.9695,1,0,0
-0.2625,0.0361,0.9915,-0.8473,-0.9695,-0.8244,1,0,0
-0.2671,0.0317,0.9929,-1.3511,-1.1603,-0.7863,1,0,0
-0.2671,0.0283,1.0029,-0.5649,-0.9008,-0.9847,1,0,0
-0.2656,0.0447,0.9929,-1.3893,-0.4885,-0.9695,1,0,0
-0.2688,0.0344,0.999,-2.3969,-0.6641,-0.8855,1,0,0
-0.2678,0.0291,1.0005,-2.4885,-0.9847,-0.9924,1,0,0
-0.26,0.0271,0.9998,-2.3511,-0.7939,-0.9924,1,0,0
-0.261,0.0291,1.0061,-1.9618,-0.1069,-1.4046,1,0,0
-0.2625,0.0286,1.0017,-2.1527,0.1985,-1.0229,1,0,0
-0.2603,0.0315,0.9951,-2.374,-0.1679,-0.9695,1,0,0
-0.2563,0.0371,0.9941,-2.5725,0.1069,-1.1603,1,0,0
-0.2603,0.0381,0.9958,-3.0229,0.0534,-1.9542,1,0,0
-0.2607,0.0217,0.9912,-2.8855,-0.2061,-1.771,1,0,0
-0.2534,0.0139,0.9958,-1.9695,-0.0305,-1.2672,1,0,0
-0.2581,0.0137,0.9829,-1.0687,0.2061,-1.0305,1,0,0
-0.2629,0.0095,0.9817,-0.0229,-0.4962,-0.3893,1,0,0
-0.2649,0.0293,0.9858,0.458,-0.7863,0.3435,1,0,0
-0.2651,0.0317,0.9785,0.1145,-1.3359,-0.2366,1,0,0
-0.2654,0.0393,0.9973,-0.6412,-1.3969,-0.0458,1,0,0
-0.2642,0.0432,0.9998,-1.7863,-1.1145,-0.4809,1,0,0
-0.2671,0.0469,1.0056,-3.2977,-1.0534,-0.9389,1,0,0
-0.2688,0.0466,1.0059,-4.2214,-0.0763,-1.3969,1,0,0
-0.2712,0.0398,1.0098,-3.8015,-0.2214,-2.0153,1,0,0
-0.2715,0.0234,1.0112,-2.1069,-0.3969,-2.1603,1,0,0
-0.2649,0.03,1.0046,-0.855,0.4962,-2.2519,1,0,0
-0.2673,0.0254,1.0015,-0.2061,0.8321,-2.3893,1,0,0
-0.2644,0.0247,0.9983,-0.5573,1.1221,-2.0687,1,0,0
-0.2698,0.0303,1.0002,-1.1145,1.0763,-1.5878,1,0,0
-0.2671,0.03,0.9968,-2.3206,1.0916,-2.1069,1,0,0
-0.2615,0.0303,1.0007,-3.2443,0.7099,-2.0763,1,0,0
-0.2615,0.0293,0.9949,-3.4962,0.1756,-2.626,1,0,0
-0.2554,0.0161,0.9966,-3.4809,-0.0534,-2.0611,1,0,0
-0.2571,0.001,1.001,-2.1069,0.3206,-1.5038,1,0,0
-0.2522,-0.0073,1.0029,0.7176,0.8473,-0.3969,1,0,0
-0.2529,0.0198,1.0017,2.2977,1.3664,0.1603,1,0,0
-0.2539,0.0371,0.9956,0.8244,1.8931,0.3359,1,0,0
-0.2549,0.0449,0.9873,-0.6641,1.8015,-0.7939,1,0,0
-0.2588,0.0437,0.979,-2.5038,1.3969,-1.5267,1,0,0
-0.259,0.0386,0.981,-3.8702,0.9542,-1.6718,1,0,0
-0.2559,0.0344,0.9712,-4.855,0.4809,-1.7099,1,0,0
-0.2571,0.0198,0.9731,-4.5725,0.2672,-1.8931,1,0,0
-0.2556,0.0154,0.981,-3.3588,-0.1374,-1.2824,1,0,0
-0.2551,0.0068,0.9766,-2.2137,-0.0458,-0.5267,1,0,0
-0.2593,0.0178,0.9832,-0.5344,0.2977,-0.5267,1,0,0
-0.2637,0.0286,0.9739,-0.6107,-0.0534,-0.7099,1,0,0
-0.2698,0.0315,0.9761,-1.5267,-0.8626,-0.4275,1,0,0
-0.2671,0.0332,0.9822,-2.2977,-1.3282,-0.4962,1,0,0
-0.2686,0.031,0.978,-3.0916,-1.1985,-0.5802,1,0,0
-0.2712,0.0276,0.9812,-3.1221,-1.5802,-0.9618,1,0,0
-0.2642,0.0271,0.9888,-3.1985,-1.916,-0.5725,1,0,0
-0.2583,0.0159,1.0017,-2.8855,-1.2061,-0.7481,1,0,0
-0.2576,0.021,0.9973,-1.8244,-0.4885,-0.4885,1,0,0
-0.2603,0.0271,0.9885,-2.313,-0.5496,-0.6565,1,0,0
-0.2678,0.0227,0.9858,-2.7634,-1.0,-0.7557,1,0,0
-0.2739,0.022,0.9731,-3.6031,-1.3282,-0.4275,1,0,0
-0.2793,0.0149,0.9795,-3.3893,-1.8473,-0.2214,1,0,0
-0.2673,0.0276,0.9885,-2.4504,-2.4733,0.3588,1,0,0
-0.262,0.033,0.9988,-1.8855,-1.4885,0.2672,1,0,0
-0.2556,0.0322,1.0098,-1.1069,-0.3969,-0.5649,1,0,0
-0.2629,0.0337,1.0061,-1.5191,0.5954,-0.6641,1,0,0
-0.2708,0.0271,0.9983,-2.374,0.6107,-0.5725,1,0,0
-0.2747,0.0256,0.9893,-2.687,0.2214,-0.8397,1,0,0
-0.2737,0.0291,0.9834,-3.5954,-0.2519,-1.3664,1,0,0
-0.2671,0.0244,0.9854,-3.9313,-0.9924,-0.8855,1,0,0
-0.2681,0.0244,0.9897,-3.8168,-1.3053,-1.4885,1,0,0
-0.2615,0.0193,0.9966,-3.3588,-1.1908,-1.626,1,0,0
-0.2671,0.0056,0.9993,-3.2901,-0.6489,-0.7481,1,0,0
-0.269,0.0024,0.9976,-2.2061,-0.2977,-0.0305,1,0,0
-0.2727,0.0132,0.9922,-1.7786,0.0458,0.8473,1,0,0
-0.2727,0.0149,0.9971,-1.4275,-0.7176,1.0916,1,0,0
-0.2703,0.0198,1.002,-1.229,-1.0305,1.3053,1,0,0
-0.2627,0.0239,1.0046,-1.313,-0.8397,1.1908,1,0,0
-0.272,0.0215,0.9976,-1.1298,-0.4809,1.4198,1,0,0
-0.2781,0.0242,1.0034,-1.0534,-0.3893,1.687,1,0,0
-0.2744,0.0293,1.0068,-1.8473,-0.7176,1.6565,1,0,0
-0.2739,0.0388,1.0073,-2.3053,-0.0229,1.5191,1,0,0
-0.2712,0.0378,1.0044,-2.7557,0.3206,0.6183,1,0,0
-0.2666,0.0269,1.0066,-2.9466,0.145,0.0534,1,0,0
-0.2578,0.0137,1.0039,-2.2748,0.6794,-0.0229,1,0,0
-0.2532,0.0146,0.9998,-0.6947,0.7481,-0.313,1,0,0
-0.2559,0.0139,0.9944,0.1603,1.1832,-0.2519,1,0,0
-0.2629,0.0154,0.9927,0.9084,1.3053,0.1145,1,0,0
-0.2642,0.0325,0.9807,0.5573,1.229,0.0458,1,0,0
-0.2668,0.0447,0.9814,-1.0076,0.3206,-0.3435,1,0,0
-0.2627,0.0471,0.9832,-3.4885,-0.4809,-0.5267,1,0,0
-0.2505,0.0398,0.9917,-5.3359,-0.1985,-1.1221,1,0,0
-0.2502,0.0273,0.9856,-6.2061,0.4046,-1.2061,1,0,0
-0.2593,0.0125,0.979,-5.2519,0.7328,-1.4427,1,0,0
-0.2666,0.0103,0.9741,-3.2443,0.1069,-0.458,1,0,0
-0.2742,0.0032,0.9729,-1.458,-0.4427,0.4046,1,0,0
-0.2756,0.0198,0.9707,0.0458,-1.4962,0.687,1,0,0
-0.2698,0.0291,0.9858,0.0305,-2.5573,0.5725,1,0,0
-0.2642,0.0349,0.999,-0.7099,-2.0992,0.4885,1,0,0
-0.2617,0.0369,1.001,-2.4275,-1.7023,0.1679,1,0,0
-0.2625,0.0271,1.0132,-3.8931,-1.2977,0.0992,1,0,0
-0.2705,0.0161,1.0129,-3.8855,-0.7176,0.1145,1,0,0
-0.2705,0.0183,1.012,-2.9542,-0.6565,0.4504,1,0,0
-0.2732,0.019,1.0144,-0.7481,-0.3053,0.3053,1,0,0
-0.2683,0.0281,1.0117,0.0458,-0.0687,0.0611,1,0,0
-0.2739,0.0308,1.0015,-0.4351,0.1603,-0.2901,1,0,0
-0.2791,0.0239,1.0039,-1.6718,0.0534,-0.2519,1,0,0
-0.2703,0.033,1.0015,-2.2977,0.0687,0.0992,1,0,0
-0.27,0.0283,1.0029,-3.1298,0.2366,0.1374,1,0,0
-0.2722,0.0251,0.9961,-3.0611,1.2443,0.2443,1,0,0
-0.2722,0.0227,0.9878,-2.458,0.8015,0.1069,1,0,0
-0.2729,0.0212,0.9854,-1.5344,0.4122,0.0611,1,0,0
-0.2715,0.0225,0.9771,-1.2519,0.2748,-0.0076,1,0,0
-0.2698,0.0261,0.9753,-1.6031,-0.2519,-0.145,1,0,0
-0.2642,0.0264,0.9775,-1.916,-0.4733,0.8168,1,0,0
-0.2678,0.0249,0.9778,-2.2595,-0.2061,0.6718,1,0,0
-0.2656,0.0334,0.981,-2.2061,-0.0534,0.5191,1,0,0
-0.2637,0.0352,0.9827,-1.2519,-0.0305,0.4733,1,0,0
-0.259,0.0435,0.9829,-0.687,-0.4656,-0.2366,1,0,0
-0.2603,0.0417,0.9785,-1.2748,-0.6412,-0.626,1,0,0
-0.2659,0.0393,0.9802,-1.5878,-1.0534,-1.2519,1,0,0
-0.2617,0.0366,0.9788,-2.4962,-1.7405,-1.5344,1,0,0
-0.2573,0.0349,0.9856,-3.2748,-2.3359,-1.7099,1,0,0
-0.2544,0.021,0.9934,-3.313,-2.1985,-1.4656,1,0,0
-0.2507,0.0181,0.9954,-1.9542,-1.3817,-1.1069,1,0,0
-0.2537,0.0315,1.0093,-1.0153,-0.1832,-0.9847,1,0,0
-0.2605,0.0281,1.0068,-0.542,-0.0382,-1.0305,1,0,0
-0.2563,0.0364,1.0024,-0.6947,-0.0916,-1.3817,1,0,0
-0.2632,0.0381,0.9976,-1.2366,-0.2061,-1.7634,1,0,0
-0.2637,0.0378,0.991,-2.3511,-0.3817,-2.3893,1,0,0
-0.2671,0.0378,0.99,-3.5649,-0.7099,-2.6489,1,0,0
-0.2661,0.0349,0.9929,-4.4275,-1.1374,-2.771,1,0,0
-0.269,0.0266,0.9924,-3.8779,-0.4962,-3.1908,1,0,0
-0.269,0.0139,0.9885,-2.3893,-0.6718,-2.8702,1,0,0
-0.2712,0.0178,0.9902,-1.1145,-0.855,-2.3053,1,0,0
-0.2676,0.0247,1.0039,-0.1527,-0.5267,-2.1603,1,0,0
-0.2598,0.0229,1.0044,-0.6412,0.1145,-2.5649,1,0,0
-0.2673,0.0225,1.001,-1.8015,-0.1221,-2.5344,1,0,0
-0.2686,0.0161,1.0093,-3.2214,0.084,-2.4962,1,0,0
-0.2681,0.0168,0.9983,-4.0611,0.2366,-2.0687,1,0,0
-0.2668,0.0161,0.9944,-4.2901,0.0763,-2.3359,1,0,0
-0.2686,0.0042,0.9924,-3.3282,0.7863,-2.1603,1,0,0
-0.2676,0.0,0.988,-1.7328,0.5649,-1.4809,1,0,0
-0.262,0.01,0.9922,-0.8626,0.3435,-0.8779,1,0,0
-0.2646,0.0161,0.9907,-1.7405,0.4198,-0.6641,1,0,0
-0.2651,0.0107,0.9922,-2.6107,0.2672,-0.2672,1,0,0
-0.2639,0.012,0.9963,-2.9618,0.5573,0.4275,1,0,0
-0.27,0.0181,1.0017,-2.2901,0.5344,0.3664,1,0,0
-0.2646,0.0349,0.9988,-2.145,0.2595,-0.0076,1,0,0
-0.2673,0.0361,0.9912,-2.0916,1.0382,-0.4351,1,0,0
-0.2717,0.0259,0.988,-1.6947,1.2061,-0.7557,1,0,0
-0.2791,0.0315,0.9817,-1.7863,0.9847,-0.374,1,0,0
-0.2825,0.0361,0.9812,-2.1298,0.5954,-0.3817,1,0,0
-0.2808,0.0383,0.9827,-2.4809,0.2595,-0.4809,1,0,0
-0.2722,0.0398,0.9915,-1.5191,0.1756,-0.9313,1,0,0
-0.2664,0.0378,0.9924,-0.9237,-0.2061,-1.2901,1,0,0
-0.2664,0.0371,0.9988,-0.7176,0.5344,-2.1374,1,0,0
-0.2629,0.0383,0.9998,-0.9618,0.5191,-2.687,1,0,0
-0.2646,0.0305,0.9919,-1.8702,0.8397,-2.7634,1,0,0
-0.2671,0.0217,0.9878,-2.8626,0.6412,-3.3588,1,0,0
-0.2625,0.0181,0.978,-3.1527,0.4046,-3.2595,1,0,0
-0.2712,0.0132,0.9783,-3.0534,0.2977,-3.084,1,0,0
-0.2737,0.0081,0.9761,-2.6412,-0.5878,-3.0611,1,0,0
-0.2703,0.0083,0.9851,-2.1603,-0.916,-2.3511,1,0,0
-0.2625,-0.0024,0.9856,-1.3282,-0.6107,-1.4733,1,0,0
-0.2673,0.0054,0.991,-0.2061,-0.2519,-1.5267,1,0,0
-0.2678,0.0107,0.9893,-0.1679,-0.4046,-1.4427,1,0,0
-0.2678,0.0134,0.9907,-0.7786,-0.8321,-1.5954,1,0,0
-0.2722,0.0173,0.9944,-1.0763,-0.6031,-1.6641,1,0,0
-0.2734,0.02,0.9939,-1.9466,-0.8015,-1.6183,1,0,0
-0.269,0.0105,0.9958,-2.7634,-0.6412,-1.5802,1,0,0
-0.2778,0.0122,1.0017,-2.7328,-0.6031,-1.7099,1,0,0
-0.2729,0.0061,1.0044,-2.2748,-0.3435,-1.5649,1,0,0
-0.2715,0.0085,1.0051,-1.4351,-0.084,-1.7557,1,0,0
-0.2646,0.0095,1.0029,-0.9466,0.1145,-0.9618,1,0,0
-0.269,0.0146,0.9946,-1.4809,0.374,-1.1985,1,0,0
-0.272,0.019,0.9937,-2.3282,0.687,-1.7557,1,0,0
-0.2729,0.0095,0.9824,-2.6641,0.3359,-1.0076,1,0,0
-0.2751,0.0071,0.9854,-2.916,0.1908,-0.2748,1,0,0
-0.2788,0.0144,0.9785,-2.8779,-0.2748,-0.5878,1,0,0
-0.2715,0.0142,0.9839,-2.916,-0.5191,-0.1908,1,0,0
-0.2769,0.021,0.9854,-2.7252,-0.687,0.2595,1,0,0
-0.2749,0.0186,0.98,-2.4198,-0.6947,-0.1679,1,0,0
-0.2754,0.0176,0.9844,-2.0229,-0.9542,-0.1145,1,0,0
-0.2786,0.0195,0.9888,-1.2519,-0.8397,-0.1908,1,0,0
-0.272,0.0178,0.9919,-1.2672,-1.145,-0.5496,1,0,0
-0.2747,0.012,0.9978,-1.229,-1.2748,-0.4809,1,0,0
-0.2734,0.0146,1.0034,-1.3435,-1.3206,-0.4351,1,0,0
-0.2664,0.0125,1.0049,-1.5191,-0.9771,-0.0153,1,0,0
-0.2644,0.0168,1.011,-1.9695,-0.1069,0.5649,1,0,0
-0.2681,0.0239,1.0088,-2.0916,0.6565,0.458,1,0,0
-0.2739,0.0276,1.0002,-2.4809,1.0458,0.1985,1,0,0
-0.2739,0.0208,0.9937,-2.4122,1.0382,-0.4275,1,0,0
-0.2798,0.0229,0.981,-1.855,0.458,-0.4275,1,0,0
-0.2837,0.0244,0.9692,-1.084,-0.0534,-0.7557,1,0,0
-0.2781,0.0215,0.9849,-0.8321,-0.6489,-0.3588,1,0,0
-0.27,0.0176,0.9868,-0.4427,-1.145,-0.3588,1,0,0
-0.2664,0.0205,1.001,-0.7786,-1.0458,0.1145,1,0,0
-0.261,0.0227,1.0115,-1.3511,-0.3359,0.229,1,0,0
-0.2634,0.0317,1.009,-2.229,0.916,0.4198,1,0,0
-0.2771,0.0278,0.9954,-2.6183,0.5878,-0.0687,1,0,0
-0.2729,0.0288,0.9873,-2.6412,1.1527,-1.0687,1,0,0
-0.2761,0.0232,0.9778,-2.2824,0.2061,-0.9084,1,0,0
-0.2771,0.0115,0.9712,-1.916,-0.4351,-0.9771,1,0,0
-0.27,0.0073,0.9814,-1.0611,-0.8092,-0.6718,1,0,0
-0.2622,0.0139,0.9863,-0.7023,-0.6107,-0.3435,1,0,0
-0.2651,0.0127,0.9841,-1.3206,-0.2443,-0.5038,1,0,0
-0.2595,0.021,0.9858,-1.6031,0.3511,0.2214,1,0,0
-0.2651,0.0227,0.9885,-2.3282,0.3969,-0.0229,1,0,0
-0.271,0.0183,0.9766,-2.4351,-0.1832,-0.1908,1,0,0
-0.2688,0.0142,0.9736,-2.4351,-0.855,-0.4504,1,0,0
-0.2715,0.0137,0.9766,-1.8779,-1.2824,-0.3817,1,0,0
-0.2654,0.0129,0.9822,-1.916,-1.4809,-0.4275,1,0,0
-0.2605,0.009,0.9858,-1.8473,-1.5267,0.0,1,0,0
-0.2534,0.01,0.9849,-2.1679,-1.1527,0.4733,1,0,0
-0.2671,0.0095,0.9883,-1.8855,-1.2977,0.2061,1,0,0
-0.2649,0.0059,0.9939,-1.0458,-1.1527,0.5496,1,0,0
-0.2661,0.0125,0.9902,0.0,-1.0916,1.0305,1,0,0
-0.2683,0.0298,0.9929,-0.2672,-1.4656,0.8931,1,0,0
-0.2749,0.0293,0.9932,-1.7634,-1.8855,0.6718,1,0,0
-0.2761,0.033,0.9929,-2.5115,-2.4656,-0.1221,1,0,0
-0.2703,0.0239,0.9998,-2.9389,-1.9466,-0.0382,1,0,0
-0.2742,0.0278,1.0073,-1.9924,-0.7023,0.1374,1,0,0
-0.2808,0.032,1.0051,-0.8626,-0.0611,0.1527,1,0,0
-0.2776,0.0337,1.0103,-0.1679,-0.145,-0.1756,1,0,0
-0.282,0.0374,0.9917,-0.8092,-0.1298,-1.1832,1,0,0
-0.2837,0.0286,0.9885,-1.4733,-0.0611,-1.3664,1,0,0
-0.29,0.0291,0.9858,-1.9618,-1.0076,-1.4275,1,0,0
-0.2869,0.0269,0.9919,-2.6565,-1.542,-1.2061,1,0,0
-0.2747,0.0188,1.002,-2.8931,-1.626,-0.7481,1,0,0
-0.2661,0.0095,1.0059,-1.7557,-0.9542,-0.4504,1,0,0
-0.2661,0.0168,1.0081,-0.2366,0.0305,-0.2366,1,0,0
-0.2737,0.0225,1.0076,0.0076,0.6031,-0.3359,1,0,0
-0.2749,0.0251,1.0029,-0.4656,0.626,-0.4885,1,0,0
-0.2761,0.0249,1.0049,-1.5496,0.0534,-0.8473,1,0,0
-0.2725,0.019,1.0093,-1.9924,-0.2443,-1.0,1,0,0
-0.2666,0.0122,1.0103,-1.7176,0.1908,-1.3893,1,0,0
-0.2627,0.0166,1.0122,-1.2977,0.8626,-1.3435,1,0,0
-0.261,0.0166,1.0063,-1.7786,1.6107,-1.6031,1,0,0
-0.2607,0.0203,0.9961,-2.7939,2.0534,-1.3511,1,0,0
-0.2649,0.0093,0.9963,-2.855,2.0687,-0.8702,1,0,0
-0.2646,0.0098,0.9924,-2.3435,1.8244,-0.7328,1,0,0
-0.2656,0.0195,0.9797,-1.771,1.7557,-0.4962,1,0,0
-0.2649,0.0271,0.9714,-2.1374,1.6718,-0.9542,1,0,0
-0.2617,0.0188,0.9734,-2.1679,0.9924,-0.9084,1,0,0
-0.2664,0.0171,0.9756,-2.0458,0.4351,-0.4733,1,0,0
-0.2673,0.0112,0.9734,-1.7786,0.0534,-0.2901,1,0,0
-0.2678,0.0029,0.9851,-1.0153,-0.2061,0.4046,1,0,0
-0.2617,0.0146,0.9917,0.1908,-0.2901,1.3511,1,0,0
-0.2566,0.033,0.9883,0.1221,0.4427,1.1374,1,0,0
-0.2649,0.04,0.9873,-0.458,0.5191,0.2137,1,0,0
-0.2632,0.0366,0.9788,-0.8321,0.9695,-0.8779,1,0,0
-0.2688,0.0322,0.9692,-1.4198,0.374,-1.313,1,0,0
-0.2825,0.0142,0.9617,-1.8931,-0.2443,-1.3969,1,0,0
-0.2825,0.0054,0.9602,-1.3664,-1.5496,-0.7252,1,0,0
-0.2778,0.0068,0.9617,-0.2977,-2.2672,-0.3053,1,0,0
-0.2722,0.0107,0.9792,0.3282,-2.6718,-0.2977,1,0,0
-0.2683,0.0193,0.9846,0.0229,-2.1298,0.0992,1,0,0
-0.2769,0.022,0.9873,-0.9618,-1.8702,-0.0763,1,0,0
-0.2754,0.0288,0.9993,-1.6947,-1.9389,-0.0534,1,0,0
-0.2715,0.0212,0.9922,-2.7176,-1.7405,-0.6947,1,0,0
-0.2739,0.0181,1.001,-2.1679,-1.0534,-0.8015,1,0,0
-0.2708,0.0176,0.9929,-1.7634,-0.7863,-0.4962,1,0,0
-0.2749,0.0256,0.989,-1.7176,-0.5191,-0.4122,1,0,0
-0.2766,0.0251,0.9841,-2.0687,-0.3435,-0.771,1,0,0
-0.2769,0.0291,0.97,-2.4198,-0.9008,-1.0458,1,0,0
-0.2725,0.0334,0.969,-3.4122,-1.3435,-1.2366,1,0,0
-0.281,0.0229,0.9648,-4.2672,-1.8092,-1.5267,1,0,0
-0.2783,0.0161,0.9731,-4.4351,-1.9618,-1.7328,1,0,0
-0.2847,0.0081,0.9775,-3.8473,-2.5496,-1.6489,1,0,0
-0.2781,0.0017,0.9863,-2.084,-3.1985,-0.8244,1,0,0
-0.2744,0.0054,0.9963,-1.0153,-3.4275,-0.2366,1,0,0
-0.2688,0.0083,0.998,-0.8168,-3.5344,0.1145,1,0,0
-0.2673,0.0188,1.0171,-1.7939,-2.6794,0.5267,1,0,0
-0.271,0.0164,1.0056,-2.8244,-2.0,0.3435,1,0,0
-0.2739,0.0151,1.0105,-2.9313,-1.3206,0.6947,1,0,0
-0.2727,0.0112,1.0024,-2.3893,-0.8015,0.8397,1,0,0
-0.2793,0.0142,1.0034,-2.0458,-0.5573,0.7099,1,0,0
-0.2805,0.0125,1.0081,-1.0229,-1.145,1.2214,1,0,0
-0.2776,0.0249,1.0056,-0.8092,-1.1069,1.1679,1,0,0
-0.2761,0.0371,1.0132,-1.7099,-1.0076,0.9084,1,0,0
-0.2725,0.0398,1.0098,-3.1374,-0.6947,0.3893,1,0,0
-0.2703,0.0295,0.998,-3.5954,-0.8321,0.1832,1,0,0
-0.2712,0.0317,0.9988,-3.7328,-0.9008,0.1985,1,0,0
-0.269,0.0286,1.0044,-2.6947,-0.4656,-0.3817,1,0,0
-0.2656,0.0256,1.0076,-1.9008,0.1374,-0.1679,1,0,0
-0.2637,0.0288,1.0017,-0.8168,1.4122,-0.2901,1,0,0
-0.2773,0.0347,0.9895,-0.458,1.1069,-0.5802,1,0,0
-0.2722,0.0369,0.9897,-1.2137,-0.0305,-0.7557,1,0,0
-0.2642,0.0334,1.001,-1.4427,-0.2672,-0.5954,1,0,0
-0.2661,0.03,0.9836,-1.6489,0.1221,-0.7863,1,0,0
-0.2664,0.0361,0.989,-1.4427,0.1298,-0.7786,1,0,0
-0.2627,0.0437,0.9907,-1.9695,0.145,-1.5496,1,0,0
-0.2554,0.0396,0.9934,-2.9008,0.0611,-1.687,1,0,0
-0.2588,0.0234,0.9841,-2.8855,0.5267,-2.4504,1,0,0
-0.262,0.01,0.981,-1.6947,0.2137,-2.8015,1,0,0
-0.2661,0.0071,0.967,-1.0534,-0.5115,-1.9771,1,0,0
-0.2664,0.0063,0.97,-0.8626,-1.3282,-1.626,1,0,0
-0.2581,0.0059,0.9695,-1.3359,-2.1069,-1.2824,1,0,0
-0.2627,0.0029,0.9841,-1.5878,-1.9389,-0.6031,1,0,0
-0.262,0.0046,0.9873,-0.4198,-1.8855,-0.0076,1,0,0
-0.261,0.0171,0.9871,-0.145,-1.8702,0.1145,1,0,0
-0.2656,0.0198,0.9915,-0.4885,-1.8626,0.2061,1,0,0
-0.2639,0.0225,0.9973,-1.2672,-2.1145,-0.1679,1,0,0
-0.2673,0.0176,0.9963,-1.5573,-1.8702,-0.5725,1,0,0
-0.2646,0.0046,0.9956,-0.687,-1.9542,-0.2901,1,0,0
-0.2622,0.0217,0.9976,-0.1603,-1.8321,-0.1221,1,0,0
-0.2668,0.0288,0.9966,-0.5267,-1.4046,-0.2137,1,0,0
-0.2654,0.02,0.9961,-1.5496,-1.0763,-0.5191,1,0,0
-0.272,0.02,0.9858,-1.7405,-1.3893,-0.8473,1,0,0
-0.2737,0.0139,0.9993,-0.9695,-1.4656,-0.5344,1,0,0
-0.2681,0.0234,0.9868,-0.626,-1.5344,-0.3511,1,0,0
-0.27,0.0276,0.9893,-1.1527,-1.3664,-0.7939,1,0,0
-0.2649,0.0269,0.9954,-2.1908,-1.1069,-0.8779,1,0,0
-0.27,0.022,0.9875,-3.0458,-0.5115,-1.1756,1,0,0
-0.2742,0.0127,0.9895,-3.4885,-0.5954,-0.8244,1,0,0
-0.2703,0.0078,0.9863,-2.9313,-0.8321,-0.6718,1,0,0
-0.2688,0.0049,0.9858,-1.9008,-1.3435,-0.4198,1,0,0
-0.2715,0.0129,0.9915,-0.687,-1.9466,-0.1756,1,0,0
-0.2693,0.0239,0.9956,-1.2672,-1.9466,0.2748,1,0,0
-0.2661,0.0259,1.0049,-2.2366,-1.458,-0.0763,1,0,0
-0.2649,0.0249,1.0017,-3.2672,-0.9466,-0.2595,1,0,0
-0.2664,0.0254,0.9968,-3.7252,-0.0229,-0.8015,1,0,0
-0.2739,0.0112,0.9907,-2.9084,-0.0076,-0.2901,1,0,0
-0.2725,0.0081,0.99,-1.0687,-0.1603,0.5344,1,0,0
-0.2751,0.0159,0.9897,0.1756,-0.9695,0.7023,1,0,0
-0.2693,0.0281,0.9954,0.1527,-1.6031,0.4885,1,0,0
-0.2666,0.0315,0.9929,-1.0611,-1.6641,0.3969,1,0,0
-0.2637,0.042,0.9973,-1.542,-1.4962,0.2366,1,0,0
-0.2627,0.0469,0.9985,-2.6565,-1.0382,-0.0382,1,0,0
-0.2712,0.0339,0.9932,-3.229,-0.6031,-0.3359,1,0,0
-0.2749,0.0271,0.9929,-2.6412,-0.0229,-0.6641,1,0,0
-0.2661,0.0217,0.9944,-1.4809,0.0534,-0.542,1,0,0
-0.2678,0.0237,1.0017,-0.0687,0.084,-0.7328,1,0,0
-0.271,0.0325,1.0005,0.2519,-0.1756,-0.8168,1,0,0
-0.2629,0.0327,0.9985,-1.0611,-0.1298,-0.8779,1,0,0
-0.2644,0.0295,1.0005,-2.1145,-0.2824,-1.4962,1,0,0
-0.2595,0.0264,0.9978,-3.1603,0.1832,-1.5725,1,0,0
-0.2625,0.0198,0.9895,-3.7786,0.1603,-1.5115,1,0,0
-0.2661,0.0117,0.9849,-3.458,0.0916,-1.5344,1,0,0
-0.2639,0.0066,0.991,-2.8168,-0.0153,-1.0916,1,0,0
-0.2629,0.0034,0.9993,-1.0229,0.1527,-0.5802,1,0,0
-0.2556,0.0164,0.9958,-0.229,0.3053,-0.145,1,0,0
-0.2659,0.0183,0.9934,-0.6489,0.6565,-0.5267,1,0,0
-0.2649,0.0266,0.9883,-1.3282,0.2824,-0.3588,1,0,0
-0.2625,0.0349,0.9885,-2.3053,-0.0687,-1.1145,1,0,0
-0.2622,0.0244,0.9854,-2.8779,-0.2901,-1.4122,1,0,0
-0.2686,0.0271,0.9802,-3.1603,-0.3588,-1.3817,1,0,0
-0.2651,0.0176,0.9885,-2.9313,-0.5573,-1.2748,1,0,0
-0.2644,0.0212,0.9929,-2.4962,-0.374,-1.0992,1,0,0
-0.2629,0.0178,0.9893,-2.2443,-0.6107,-1.4427,1,0,0
-0.2581,0.0134,0.9905,-2.3969,-0.8244,-1.1298,1,0,0
-0.2561,0.0132,1.0068,-2.6107,-0.0382,-0.8015,1,0,0
-0.2571,0.0151,0.998,-2.542,0.4885,-1.1145,1,0,0
-0.2649,0.0164,0.9949,-2.8244,0.687,-1.0992,1,0,0
-0.2725,0.009,0.9956,-2.2595,0.5038,-1.3282,1,0,0
-0.2712,0.0098,0.9932,-1.8855,0.4275,-1.4275,1,0,0
-0.2673,0.0078,1.0029,-1.6565,0.1832,-1.3893,1,0,0
-0.269,0.0107,0.9929,-2.6412,0.4504,-0.8015,1,0,0
-0.271,0.0005,0.9934,-2.9237,0.1679,-0.229,1,0,0
-0.2642,0.0076,0.9966,-2.3359,0.1298,-0.0687,1,0,0
-0.2715,0.0139,0.9939,-2.3511,0.6183,-0.0687,1,0,0
-0.2671,0.0183,0.9966,-3.3359,0.0153,-0.4046,1,0,0
-0.2664,0.0066,1.0039,-3.1985,0.0229,-0.4046,1,0,0
-0.2642,0.001,0.999,-2.3206,0.2672,-0.2748,1,0,0
-0.2671,0.012,0.9922,-1.5649,0.0153,0.3282,1,0,0
-0.2727,0.0166,1.0073,-2.1908,-0.2443,0.7023,1,0,0
-0.2673,0.0159,1.0085,-2.8702,0.0916,0.7481,1,0,0
-0.2681,0.0225,0.9993,-1.7634,0.2061,0.3817,1,0,0
-0.2722,0.0283,0.9927,-0.9695,0.4809,0.3511,1,0,0
-0.271,0.0325,0.9983,-0.5725,0.3206,0.4962,1,0,0
-0.2739,0.0376,0.9834,-1.0076,0.2366,0.3282,1,0,0
-0.2827,0.0391,0.9924,-0.8473,-0.3053,-0.0305,1,0,0
-0.2751,0.0427,0.9958,-0.916,-0.7405,-0.5038,1,0,0
-0.2742,0.051,0.9966,-1.2901,-0.8702,-0.7252,1,0,0
-0.2693,0.0459,1.0032,-1.4198,-0.4809,-1.4885,1,0,0
-0.27,0.0356,1.0049,-0.6107,0.1527,-2.0992,1,0,0
-0.2649,0.033,1.0068,0.0534,0.9008,-2.3893,1,0,0
-0.2664,0.0371,0.9971,-0.4504,0.9847,-2.4275,1,0,0
-0.2739,0.0278,0.9844,-0.7405,1.2519,-2.7023,1,0,0
-0.2739,0.0217,0.98,-0.9084,0.5344,-2.5496,1,0,0
-0.2744,0.0205,0.9771,-1.0916,-0.4427,-2.5115,1,0,0
-0.269,0.0186,0.9832,-1.7939,-1.1069,-1.7176,1,0,0
-0.2578,0.0215,0.9902,-2.4122,-1.084,-2.0076,1,0,0
-0.2532,0.0198,0.9846,-2.7176,-0.4351,-2.5191,1,0,0
-0.2559,0.0146,0.9849,-3.2824,-0.2061,-2.084,1,0,0
-0.2581,0.0037,0.9797,-3.0916,-0.0153,-1.8473,1,0,0
-0.2603,-0.0032,0.968,-1.8321,0.0534,-1.2595,1,0,0
-0.2676,0.0024,0.9597,-0.6489,-0.313,-1.1298,1,0,0
-0.2747,0.0,0.9607,0.8473,-1.1832,-0.7405,1,0,0
-0.2744,0.0107,0.9631,1.5725,-2.0916,-0.4504,1,0,0
-0.2686,0.0195,0.9766,0.5038,-2.5878,-0.3435,1,0,0
-0.262,0.0195,0.9856,-1.1908,-2.7099,-0.4122,1,0,0
-0.2625,0.0134,0.9917,-2.1221,-2.6565,-0.7863,1,0,0
-0.2681,0.0115,0.9949,-2.542,-1.9618,-0.2443,1,0,0
-0.2739,0.0078,0.9951,-2.9008,-1.313,-0.3435,1,0,0
-0.282,0.0056,0.9944,-3.0229,-1.1145,-0.5267,1,0,0
-0.283,0.0017,0.9971,-2.4198,-1.5038,-0.4962,1,0,0
-0.2839,-0.0002,0.9917,-0.9847,-1.7557,-0.4351,1,0,0
-0.2732,0.0095,0.9941,-0.4275,-1.7939,-0.5344,1,0,0
-0.2725,0.0081,1.0068,-1.2824,-1.5954,-0.5038,1,0,0
-0.2722,0.0071,1.0088,-2.0382,-1.0305,-0.0992,1,0,0
-0.2739,0.0085,1.0081,-2.5725,-0.2977,0.0687,1,0,0
-0.2749,0.0076,1.0081,-2.6489,-0.3206,0.7023,1,0,0
-0.2693,0.0151,1.0107,-3.3206,0.0763,0.7481,1,0,0
-0.2683,0.0115,1.0071,-2.8473,0.3664,0.313,1,0,0
-0.2681,0.0166,1.0061,-1.9313,0.2672,0.5496,1,0,0
-0.2727,0.0259,0.9956,-1.8626,1.0229,0.7405,1,0,0
-0.2766,0.0266,1.0005,-1.3817,0.7252,0.7328,1,0,0
-0.2808,0.0327,0.9905,-1.7939,0.1832,0.3053,1,0,0
-0.2761,0.03,0.9902,-2.1679,-0.1832,0.3664,1,0,0
-0.2659,0.0339,0.9995,-2.0458,-0.5344,0.6183,1,0,0
-0.2656,0.0339,1.0044,-1.8321,0.084,-0.0382,1,0,0
-0.2661,0.0391,0.998,-1.9847,-0.1527,-0.374,1,0,0
-0.2627,0.0388,0.9995,-2.6489,-0.0382,-0.4656,1,0,0
-0.2595,0.0293,0.9973,-3.0763,0.1374,-1.2137,1,0,0
-0.2676,0.02,0.9919,-2.7252,0.0992,-0.3893,1,0,0
-0.2627,0.0247,0.9902,-2.3435,-0.1298,-0.5649,1,0,0
-0.2615,0.0259,0.9866,-1.8931,-0.2595,-1.0,1,0,0
-0.2627,0.0229,0.9868,-0.6489,0.2214,-1.4733,1,0,0
-0.2625,0.0259,0.9822,-0.5496,0.1527,-1.4504,1,0,0
-0.2732,0.0122,0.9753,-1.4504,0.145,-1.3206,1,0,0
-0.2747,0.0081,0.9758,-1.1603,-1.0458,-0.458,1,0,0
-0.2722,0.0037,0.9687,-0.7863,-1.2824,0.3969,1,0,0
-0.2683,0.009,0.9841,-0.0763,-1.771,1.2366,1,0,0
-0.2568,0.019,0.999,0.4275,-1.7786,1.6183,1,0,0
-0.2554,0.0288,0.9946,-0.4046,-1.3053,1.0305,1,0,0
-0.2578,0.0298,0.9949,-1.3664,-1.0916,0.0611,1,0,0
-0.2639,0.0212,0.9966,-1.8397,-0.5496,-0.4275,1,0,0
-0.2651,0.0127,0.9868,-2.8244,-1.1374,-0.7252,1,0,0
-0.2688,0.0007,0.9822,-2.2137,-1.0992,-0.2977,1,0,0
-0.2659,0.0078,0.9873,-1.1832,-1.4809,0.1298,1,0,0
-0.2656,0.0076,0.9829,-0.7023,-1.7481,0.3969,1,0,0
-0.2659,0.0103,0.9915,-0.5878,-1.4733,0.6718,1,0,0
-0.2676,0.0054,0.989,-1.2595,-1.2977,0.9389,1,0,0
-0.2739,0.0073,0.9868,-1.2214,-1.5573,1.5191,1,0,0
-0.2788,0.0193,1.0022,-0.626,-2.0076,2.0305,1,0,0
-0.2722,0.0264,1.0061,-0.3817,-2.2061,1.6947,1,0,0
-0.2629,0.0342,1.0166,-0.5496,-1.916,1.1985,1,0,0
-0.2639,0.0303,1.0198,-0.5267,-0.8702,0.6565,1,0,0
-0.2676,0.033,1.0178,-0.5802,-0.0076,0.3053,1,0,0
-0.2683,0.0342,1.0151,-1.542,0.4504,-0.0305,1,0,0
-0.2739,0.031,1.0168,-1.7634,1.0076,-0.2901,1,0,0
-0.2788,0.031,1.0056,-2.1908,0.855,-0.8015,1,0,0
-0.2749,0.0325,1.0032,-2.0458,0.2595,-0.7863,1,0,0
-0.2695,0.0398,0.9924,-2.2977,0.3893,-1.4962,1,0,0
-0.2651,0.0225,1.0012,-3.0763,0.5496,-2.3817,1,0,0
-0.2607,0.0168,0.9922,-2.3053,1.2366,-2.0,1,0,0
-0.2629,0.0181,0.9956,-2.1221,1.6031,-1.6947,1,0,0
-0.2664,0.0183,0.989,-2.3511,1.3359,-1.7557,1,0,0
-0.2637,0.0137,0.9895,-1.855,1.4962,-1.5496,1,0,0
-0.2563,0.0156,0.9827,-1.2672,1.6183,-1.8244,1,0,0
-0.2617,0.0183,0.9751,-1.5573,1.1298,-1.6794,1,0,0
-0.2651,0.0107,0.9753,-1.9313,0.3359,-1.3664,1,0,0
-0.2639,0.009,0.9802,-1.8473,-0.5115,-0.8015,1,0,0
-0.2551,0.0159,0.9851,-1.3435,-0.542,-0.0076,1,0,0
-0.25,0.0249,0.9895,-1.3969,-0.1374,0.458,1,0,0
-0.2568,0.032,0.9868,-1.5573,0.4504,0.3435,1,0,0
-0.2622,0.0264,0.9819,-1.1756,0.6641,-0.229,1,0,0
-0.2659,0.0278,0.9778,-0.3053,0.5573,0.0534,1,0,0
-0.2742,0.0388,0.9729,-0.8626,-0.0382,-0.2443,1,0,0
-0.2751,0.0422,0.9631,-1.7939,-0.9008,-0.6412,1,0,0
-0.2698,0.0347,0.9709,-2.1069,-1.8168,-1.3359,1,0,0
-0.2651,0.0295,0.9797,-2.1069,-1.687,-1.0229,1,0,0
-0.2632,0.0295,0.9832,-1.3511,-1.3969,-1.0611,1,0,0
-0.2605,0.0278,0.9812,-1.4122,-1.4275,-0.8473,1,0,0
-0.2664,0.0337,0.9863,-1.5725,-1.2214,-0.7557,1,0,0
-0.2659,0.031,0.9883,-1.6412,-1.4962,-1.229,1,0,0
-0.269,0.031,0.9907,-1.6718,-1.7099,-1.7328,1,0,0
-0.2651,0.0286,0.9849,-1.7786,-1.6412,-2.229,1,0,0
-0.2646,0.0137,0.9895,-0.9008,-1.2748,-2.229,1,0,0
-0.2686,0.009,0.9951,-0.2137,-1.084,-2.1527,1,0,0
-0.2664,0.0095,0.9985,-0.4656,-1.0916,-1.1374,1,0,0
-0.2661,0.0132,0.9946,-1.2977,-0.6031,-1.0305,1,0,0
-0.27,0.0212,0.9932,-2.6489,-0.5191,-1.313,1,0,0
-0.2717,0.0176,0.9897,-3.4656,-0.9008,-1.1832,1,0,0
-0.2673,0.0144,0.9829,-3.7634,-1.0687,-1.626,1,0,0
-0.2703,0.0144,0.9839,-4.1679,-1.2214,-1.7405,1,0,0
-0.2715,0.0088,0.9851,-4.0382,-1.3893,-1.7557,1,0,0
-0.2642,0.0024,0.9927,-3.0076,-1.4046,-1.3969,1,0,0
-0.2651,0.0056,0.9985,-2.3893,-1.3817,-1.0916,1,0,0
-0.2605,0.0171,1.0042,-2.6718,-0.7328,-1.0763,1,0,0
-0.2573,0.0156,1.0076,-3.2137,-0.2443,-1.5496,1,0,0
-0.2539,0.019,1.0044,-3.3511,-0.0382,-1.6412,1,0,0
-0.2571,0.0095,0.9934,-4.1756,-0.1298,-1.5267,1,0,0
-0.2661,0.0032,0.9878,-3.9771,0.1679,-1.0916,1,0,0
-0.2683,0.0054,0.9878,-4.2748,-0.5496,-0.229,1,0,0
-0.2644,0.0071,0.9868,-3.7328,-0.7863,0.5878,1,0,0
-0.2649,0.0181,0.9839,-2.6794,-0.6565,0.7863,1,0,0
-0.2644,0.0313,0.9873,-2.0153,-1.0076,0.5954,1,0,0
-0.2671,0.0381,0.9873,-2.0687,-0.771,-0.229,1,0,0
-0.2705,0.0391,0.9834,-2.2366,-1.0611,-0.7634,1,0,0
-0.272,0.0278,0.9888,-2.9237,-1.7481,-1.0076,1,0,0
-0.2725,0.0244,0.9956,-2.916,-2.1298,-0.8321,1,0,0
-0.2637,0.0227,0.9961,-3.0305,-2.0534,-0.8397,1,0,0
-0.2598,0.0308,1.0039,-2.7405,-1.4351,-0.8015,1,0,0
-0.2583,0.0286,1.0039,-2.7481,-0.7863,-1.1221,1,0,0
-0.2722,0.0288,1.0034,-3.0,-0.8473,-1.4504,1,0,0
-0.2756,0.0278,1.0,-2.6794,-1.3359,-1.4504,1,0,0
-0.2742,0.0271,0.9958,-2.7023,-1.5267,-1.4809,1,0,0
-0.2759,0.0215,0.9954,-2.3435,-1.4962,-2.0534,1,0,0
-0.2754,0.0222,0.9941,-2.1679,-2.145,-1.9771,1,0,0
-0.2666,0.0164,1.009,-1.7939,-2.0534,-1.9008,1,0,0
-0.261,0.0193,1.012,-1.8473,-1.0382,-1.9389,1,0,0
-0.2634,0.0093,1.0181,-1.6336,-0.1374,-1.8779,1,0,0
-0.2683,0.0066,1.0122,-1.6336,0.3435,-1.7176,1,0,0
-0.2744,0.0115,1.0073,-1.4733,0.313,-1.3282,1,0,0
-0.2751,0.0198,1.0032,-1.6336,0.0153,-1.1069,1,0,0
-0.2737,0.012,0.998,-1.2824,-0.3359,-1.0153,1,0,0
-0.2698,0.0098,0.9973,-1.0916,-0.4046,-1.2595,1,0,0
-0.269,0.0085,0.9983,-1.2595,-0.1756,-1.0687,1,0,0
-0.2681,0.0149,0.9917,-1.313,-0.0458,-0.4275,1,0,0
-0.2673,0.0051,0.9895,-1.2977,0.2061,-0.6718,1,0,0
-0.2727,0.0066,0.9924,-0.542,-0.2061,-0.0611,1,0,0
-0.2725,0.0088,0.9939,-0.458,-0.6489,-0.1145,1,0,0
-0.2661,0.019,0.9966,-0.9237,-0.626,-0.3282,1,0,0
-0.2676,0.0171,1.0027,-2.2595,-0.3588,-0.5115,1,0,0
-0.2637,0.0112,0.9966,-3.0534,-0.3664,-0.4351,1,0,0
-0.2644,0.0093,0.9937,-3.0305,-0.0229,-0.1679,1,0,0
-0.2595,0.009,0.9932,-2.3282,0.3817,-0.3053,1,0,0
-0.2573,0.0059,0.9929,-1.1374,0.3206,-0.313,1,0,0
-0.2666,0.0134,0.9788,-0.1679,0.9466,0.0382,1,0,0
-0.2664,0.0127,0.9797,-0.4046,0.0687,0.0534,1,0,0
-0.2627,0.0181,0.9739,-0.9466,-0.5115,0.5878,1,0,0
-0.2637,0.0222,0.9751,-1.9237,-1.0076,0.0305,1,0,0
-0.2671,0.0154,0.9766,-2.3817,-1.4427,0.2443,1,0,0
-0.261,0.0176,0.9856,-2.0611,-1.7557,0.7176,1,0,0
-0.2573,0.0232,0.9924,-1.8473,-1.4656,0.3588,1,0,0
-0.2666,0.0173,0.9895,-0.7176,-0.8397,-0.0458,1,0,0
-0.2625,0.0215,0.9873,0.0153,-0.7481,-0.3282,1,0,0
-0.2656,0.0339,0.9854,-0.1069,-0.7557,-0.8015,1,0,0
-0.2673,0.0298,0.9856,-1.4198,-1.2595,-0.9924,1,0,0
-0.26,0.0249,0.9868,-2.4427,-1.374,-1.7481,1,0,0
-0.2642,0.0193,0.9851,-3.229,-1.229,-1.4122,1,0,0
-0.2676,0.0081,0.9888,-3.6947,-1.6641,-0.9542,1,0,0
-0.2642,0.0044,0.9958,-3.3511,-1.771,-0.6794,1,0,0
-0.2654,0.0037,1.0049,-2.4504,-1.3359,-0.542,1,0,0
-0.2605,0.0146,1.001,-2.6489,-1.3817,-0.3053,1,0,0
-0.2654,0.0088,1.011,-2.5802,-0.916,-0.6489,1,0,0
-0.2639,0.0049,1.001,-1.8626,-0.5802,-0.4046,1,0,0
-0.2666,0.01,1.0037,-1.6718,-0.5267,-0.1756,1,0,0
-0.2607,0.0178,0.9971,-1.3588,-0.2672,0.1832,1,0,0
-0.271,0.0261,0.9907,-1.2748,0.0076,0.2901,1,0,0
-0.2644,0.0237,0.9919,-1.2748,-0.3817,0.2366,1,0,0
-0.2629,0.0305,0.9836,-1.4046,-0.313,0.0763,1,0,0
-0.2676,0.0413,0.991,-1.7176,-0.8397,-0.9008,1,0,0
-0.2659,0.0386,0.9871,-2.5878,-1.3053,-1.4275,1,0,0
-0.2661,0.0269,1.0024,-3.4656,-1.2977,-1.7176,1,0,0
-0.2578,0.0239,1.0039,-3.313,-1.1298,-1.4198,1,0,0
-0.2654,0.011,1.001,-3.0916,-0.5267,-1.4427,1,0,0
-0.2595,0.0056,0.9995,-2.145,-0.1679,-0.9695,1,0,0
-0.2661,0.0093,0.9995,-0.8855,-0.0534,-0.1756,1,0,0
-0.2632,0.0117,0.998,-0.0763,-0.0916,-0.1908,1,0,0
-0.2622,0.0129,0.9934,-0.3435,0.2214,-0.0305,1,0,0
-0.269,0.0144,0.991,-0.1756,-0.2901,-0.4962,1,0,0
-0.2693,0.0217,0.99,-0.313,-1.4046,-0.6489,1,0,0
-0.259,0.0203,0.9924,-1.8168,-1.0,-0.626,1,0,0
-0.26,0.0081,1.0073,-2.5191,-0.7405,-0.6336,1,0,0
-0.2627,0.0034,1.001,-2.3817,-0.2137,-0.0153,1,0,0
-0.2595,0.0105,1.0034,-1.7634,-0.4656,0.2443,1,0,0
-0.2639,0.0173,0.9995,-1.7863,-0.1298,0.1527,1,0,0
-0.262,0.0215,0.9878,-2.145,-0.3511,-0.3206,1,0,0
-0.2627,0.0259,0.9902,-2.2061,-0.5725,-0.8168,1,0,0
-0.2617,0.0159,0.9917,-2.4275,-0.6565,-0.7557,1,0,0
-0.2632,0.0105,0.9863,-2.0076,-0.5038,-0.6794,1,0,0
-0.2588,0.0142,0.9902,-0.9313,-1.0992,-0.0076,1,0,0
-0.259,0.0225,0.9949,-0.8321,-0.7023,-0.1069,1,0,0
-0.2603,0.033,0.9971,-1.3206,-0.2748,-0.4656,1,0,0
-0.2593,0.0347,0.9988,-1.9542,-0.0992,-1.2519,1,0,0
-0.2634,0.0266,0.99,-2.7863,0.0305,-1.4046,1,0,0
-0.2651,0.0251,0.9951,-2.9313,0.0763,-1.3817,1,0,0
-0.2646,0.0178,0.9905,-3.4656,-0.1145,-1.3206,1,0,0
-0.2617,0.0085,0.9875,-2.8321,0.1985,-1.3817,1,0,0
-0.2661,0.0088,0.9905,-1.5878,-0.4122,-1.5115,1,0,0
-0.2666,0.0115,0.9883,-1.1374,-0.687,-1.2366,1,0,0
-0.2668,0.0085,0.9919,-0.9847,-1.3053,-1.2137,1,0,0
-0.2622,0.011,0.9966,-1.3664,-1.2977,-0.6412,1,0,0
-0.2551,0.0017,0.9956,-1.2443,-0.5115,-0.0992,1,0,0
-0.2585,0.0115,0.999,-1.0534,-0.5725,0.2061,1,0,0
-0.2605,0.0195,0.9976,-1.3969,-0.2061,0.1145,1,0,0
-0.2598,0.0149,1.0046,-1.0916,-0.2672,0.1298,1,0,0
-0.2634,0.0237,0.9939,-0.9695,-0.6183,-0.2443,1,0,0
-0.2634,0.0286,0.9878,-1.8015,-0.5496,-0.7786,1,0,0
-0.2668,0.0254,0.9839,-1.9542,-1.0153,-0.8473,1,0,0
-0.2581,0.0281,0.9861,-2.6183,-0.7405,-1.1221,1,0,0
-0.2542,0.0166,0.9839,-3.229,-0.7176,-1.1374,1,0,0
-0.2595,0.0073,0.981,-3.1679,-0.7481,-0.7634,1,0,0
-0.2629,0.0061,0.9749,-2.0992,-0.5725,-0.8473,1,0,0
-0.2671,0.0046,0.9736,-1.2748,-1.0534,0.0992,1,0,0
-0.2673,0.0017,0.9851,0.0,-1.5802,0.3053,1,0,0
-0.2622,0.0178,0.9814,0.5573,-2.542,0.7023,1,0,0
-0.261,0.0256,0.9922,-0.0382,-2.7176,0.626,1,0,0
-0.2656,0.0295,1.0083,-1.542,-2.4198,0.2672,1,0,0
-0.2642,0.0244,1.0161,-2.3282,-2.0458,-0.3817,1,0,0
-0.2634,0.0217,1.0125,-3.1221,-1.687,-0.2061,1,0,0
-0.2605,0.0166,1.0154,-2.2519,-0.6641,-0.6412,1,0,0
-0.261,0.0198,1.0159,-1.1069,-0.0687,-0.6565,1,0,0
-0.262,0.0195,1.0022,-0.7557,0.3664,-1.0916,1,0,0
-0.2605,0.0168,1.0034,-1.0916,0.313,-1.1756,1,0,0
-0.2598,0.0247,0.9983,-1.4275,0.2901,-1.4351,1,0,0
-0.2642,0.0188,0.9871,-2.5954,0.313,-1.4809,1,0,0
-0.2668,0.02,0.9902,-3.3435,0.2214,-1.6565,1,0,0
-0.2693,0.0129,0.9866,-3.4656,-0.4351,-1.5725,1,0,0
-0.2661,0.0073,0.9976,-3.3053,-0.7176,-0.8855,1,0,0
-0.2651,0.0056,1.0059,-2.2672,-0.8473,-0.458,1,0,0
-0.2583,0.0122,1.0061,-1.0153,-0.1145,-0.4351,1,0,0
-0.2598,0.0151,1.0105,-1.3053,0.7786,-0.626,1,0,0
-0.2668,0.0183,1.0044,-1.4275,0.5267,-0.687,1,0,0
-0.2683,0.0181,0.9961,-1.7176,0.3511,-0.626,1,0,0
-0.2664,0.0232,1.009,-1.6107,0.4198,-1.0534,1,0,0
-0.2627,0.0254,1.0024,-1.7328,0.7252,-0.9771,1,0,0
-0.2583,0.0305,0.9978,-2.5344,0.5115,-1.3588,1,0,0
-0.2571,0.0161,0.9858,-3.0916,0.7099,-1.5115,1,0,0
-0.2556,0.0161,0.9875,-2.8626,0.687,-1.5802,1,0,0
-0.2529,0.0063,0.9875,-2.2748,0.8244,-0.9008,1,0,0
-0.2549,0.0107,0.9885,-1.2672,1.3359,-0.5649,1,0,0
-0.2671,0.0178,0.9771,-1.626,0.8321,-0.2977,1,0,0
-0.2651,0.0181,0.9761,-1.8855,0.4122,-0.2519,1,0,0
-0.2671,0.0208,0.9746,-1.4351,0.0305,-0.5954,1,0,0
-0.2637,0.0239,0.9729,-1.1832,-0.6718,-0.1832,1,0,0
-0.262,0.0188,0.9812,-1.0992,-1.145,-0.542,1,0,0
-0.2561,0.0244,0.9819,-1.5191,-1.0382,-0.0916,1,0,0
-0.251,0.0203,0.9866,-1.7939,-0.7939,-0.6565,1,0,0
-0.2581,0.0176,0.9819,-1.9237,-0.4427,-0.6794,1,0,0
-0.2651,0.0129,0.9814,-2.3435,-1.2214,-0.6489,1,0,0
-0.2583,0.0098,0.9866,-2.6031,-1.3435,-0.4885,1,0,0
-0.2598,0.0083,0.9883,-2.1985,-1.7176,-0.8092,1,0,0
-0.2661,0.0103,0.9878,-1.3206,-1.5878,-0.2595,1,0,0
-0.2683,0.009,0.9937,-0.6947,-2.1069,0.2672,1,0,0
-0.2595,0.0125,1.0005,-0.1527,-1.9466,0.5191,1,0,0
-0.2595,0.0271,1.0046,-0.4733,-1.1908,0.2061,1,0,0
-0.2615,0.0295,1.0024,-1.1374,-0.5573,0.1374,1,0,0
-0.2661,0.0305,1.0037,-1.5038,-0.8779,-0.5115,1,0,0
-0.2649,0.0295,0.9988,-2.1221,-1.1298,-0.7939,1,0,0
-0.2639,0.0222,0.9937,-2.313,-0.7023,-0.916,1,0,0
-0.2607,0.0183,1.0012,-1.7176,-0.916,-1.1298,1,0,0
-0.2612,0.0164,0.9937,-0.6947,-0.8015,-1.2977,1,0,0
-0.2656,0.0127,0.9963,0.3053,-0.687,-1.4122,1,0,0
-0.2632,0.0178,0.9917,0.5878,-0.5267,-1.0687,1,0,0
-0.2576,0.0137,0.9946,0.5878,-0.4427,-1.0687,1,0,0
-0.2612,0.0164,0.99,0.5878,-0.1756,-0.9008,1,0,0
-0.2651,0.0198,0.989,-0.7099,-0.6489,-0.8855,1,0,0
-0.2642,0.0125,0.991,-1.5191,-0.8855,-0.8015,1,0,0
-0.2695,0.0049,0.9941,-1.9924,-1.0916,-0.1908,1,0,0
-0.2673,-0.0005,0.9993,-1.1145,-1.5344,0.2672,1,0,0
-0.2634,0.0061,1.0029,-0.3206,-0.8321,0.7557,1,0,0
-0.2659,0.0254,1.0007,-0.2672,-0.2672,0.6718,1,0,0
-0.2637,0.0208,0.9961,-0.9847,0.0611,0.313,1,0,0
-0.2612,0.0176,1.0,-1.0229,-0.1145,0.1832,1,0,0
-0.2634,0.0186,0.9866,-1.3435,-0.0763,0.1298,1,0,0
-0.2646,0.0212,0.9822,-1.9466,-0.2748,0.0992,1,0,0
-0.2666,0.019,0.9846,-2.7176,0.2137,-0.4656,1,0,0
-0.2688,0.0105,0.9954,-2.4351,-0.0382,-0.5115,1,0,0
-0.2734,0.0195,0.9907,-2.0229,-0.3435,-0.4504,1,0,0
-0.2712,0.0212,0.9971,-2.2595,-1.145,-0.1756,1,0,0
-0.2651,0.0227,0.9978,-2.7557,-0.687,-0.3511,1,0,0
-0.2632,0.0212,1.0034,-3.1679,-0.4656,-0.8779,1,0,0
-0.2622,0.0137,1.0032,-2.9237,0.4198,-1.2214,1,0,0
-0.2598,0.0105,0.9951,-2.229,0.7328,-0.6794,1,0,0
-0.2708,0.0056,0.991,-1.458,0.2519,-0.5344,1,0,0
-0.2703,0.0103,0.9907,-0.9924,-0.1145,-0.1832,1,0,0
-0.2649,0.012,0.99,-0.9313,-0.4809,0.2672,1,0,0
-0.2563,0.0271,0.9919,-1.6183,-0.5344,0.3053,1,0,0
-0.2563,0.0344,1.0005,-2.5038,0.2901,0.0458,1,0,0
-0.2573,0.0339,0.9902,-4.0916,-0.0534,-0.4504,1,0,0
-0.2568,0.0254,0.991,-4.4046,0.4351,-0.8473,1,0,0
-0.2659,0.0146,0.9792,-4.1298,0.1756,-0.8092,1,0,0
-0.2661,0.0127,0.9749,-2.7176,-0.6336,-0.374,1,0,0
-0.2588,0.0217,0.9844,-1.0305,-0.3511,-0.6336,1,0,0
-0.2561,0.0278,0.9905,0.0611,-0.8702,-0.6947,1,0,0
-0.259,0.0293,0.9888,-0.4733,-1.3206,-0.626,1,0,0
-0.252,0.0313,0.9858,-1.5954,-1.626,-0.9466,1,0,0
-0.26,0.0315,0.9958,-2.4046,-1.5115,-1.0534,1,0,0
-0.259,0.0234,0.9922,-2.8244,-1.084,-1.3893,1,0,0
-0.271,0.0144,0.989,-2.4733,-2.313,-1.2977,1,0,0
-0.2637,0.01,1.0059,-1.1603,-2.9771,-0.855,1,0,0
-0.2544,0.0127,1.0007,-0.5038,-1.687,-0.7786,1,0,0
-0.2539,0.0122,1.0149,0.771,-1.5267,-0.8931,1,0,0
-0.2502,0.0181,1.0073,1.313,-1.0,-0.7557,1,0,0
-0.2603,0.0278,1.0078,-0.1069,-0.5344,-0.7023,1,0,0
-0.2627,0.0198,1.0068,-1.229,-0.2901,-0.9008,1,0,0
-0.2622,0.02,0.9963,-1.9618,-0.9084,-1.2748,1,0,0
-0.261,0.0142,0.9968,-2.3664,-1.1756,-0.916,1,0,0
-0.2581,0.0105,0.991,-2.2366,-0.8702,-0.6947,1,0,0
-0.2556,0.0093,0.9917,-1.8321,-1.2901,-0.5344,1,0,0
-0.2549,0.0042,1.0002,-1.4809,-1.3053,-0.5115,1,0,0
-0.2537,0.0037,1.0007,-0.4351,-0.8855,-0.3053,1,0,0
-0.2512,0.0159,0.9905,-0.1679,-0.374,-0.6718,1,0,0
-0.2603,0.0164,0.9939,-1.1145,-0.2748,-0.3053,1,0,0
-0.2617,0.0098,0.9895,-1.0534,-0.3588,-0.687,1,0,0
-0.262,0.019,0.981,-1.8397,-0.9389,-0.5573,1,0,0
-0.2629,0.0186,0.9917,-2.2137,-1.3969,-0.5725,1,0,0
-0.2642,0.0181,0.9919,-2.4504,-1.4122,-0.4962,1,0,0
-0.2632,0.0122,0.9861,-2.6107,-1.7863,-0.3893,1,0,0
-0.2625,0.0068,0.998,-1.916,-1.084,0.0382,1,0,0
-0.2598,0.0117,0.9971,-0.6336,-0.9237,0.0229,1,0,0
-0.2595,0.0203,1.0015,-0.8015,-0.7176,-0.1756,1,0,0
-0.2651,0.0171,0.9963,-0.9466,-0.7252,0.0076,1,0,0
-0.2588,0.0203,0.9966,-0.7481,-1.0153,0.0763,1,0,0
-0.2585,0.0286,0.9966,-1.4733,-0.9695,-0.1298,1,0,0
-0.2566,0.0291,1.0017,-2.1679,-1.2137,-0.2443,1,0,0
-0.2454,0.0254,1.0103,-3.0992,-0.5649,-0.5496,1,0,0
-0.2473,0.0144,1.0012,-3.1221,-0.2443,-0.3817,1,0,0
-0.2588,0.0063,0.9929,-1.5573,0.0687,-0.2519,1,0,0
-0.26,0.0181,0.9941,-1.3664,-0.1603,0.0916,1,0,0
-0.261,0.0193,0.9888,-1.5191,-0.3206,0.0076,1,0,0
-0.2588,0.0276,0.9888,-1.626,-0.9389,-0.3969,1,0,0
-0.2583,0.0271,0.9939,-1.5267,-0.8244,-0.3664,1,0,0
-0.2593,0.0208,0.9878,-2.0458,-1.0534,-0.3511,1,0,0
-0.2505,0.0244,0.9919,-1.7099,-0.8168,0.0,1,0,0
-0.25,0.0249,1.002,-1.8168,0.0,0.084,1,0,0
-0.2578,0.0266,0.9907,-1.687,0.1832,-0.2901,1,0,0
-0.2573,0.0303,0.9875,-1.2443,0.0382,-0.5802,1,0,0
-0.2607,0.0295,0.9797,-0.8702,-0.3817,-0.7328,1,0,0
-0.261,0.0327,0.9731,-2.0382,-0.5954,-1.2595,1,0,0
-0.2637,0.0222,0.9783,-2.084,-1.0534,-1.4962,1,0,0
-0.2561,0.0188,0.9822,-1.9237,-1.4351,-1.0763,1,0,0
-0.2568,0.0178,0.9834,-2.2901,-1.3282,-1.1145,1,0,0
-0.2571,0.0051,0.9832,-2.1832,-1.4275,-1.1603,1,0,0
-0.259,-0.001,0.989,-1.3511,-1.7252,-0.771,1,0,0
-0.2539,0.0051,0.9897,-0.3664,-1.5573,-0.0153,1,0,0
-0.2549,0.01,0.9949,-0.0458,-1.5267,0.0382,1,0,0
-0.2571,0.0171,0.9915,-0.855,-1.4733,0.2366,1,0,0
-0.2649,0.0186,0.9968,-1.5496,-1.7176,0.4198,1,0,0
-0.2625,0.0198,0.9946,-1.5191,-1.7176,1.2366,1,0,0
-0.26,0.0208,0.9998,-1.0229,-1.7328,0.8626,1,0,0
-0.2639,0.0234,0.9976,0.1603,-1.4504,0.6641,1,0,0
-0.2695,0.0298,0.9919,1.313,-1.2366,0.6947,1,0,0
-0.2732,0.0356,0.9924,0.8321,-1.4198,0.2137,1,0,0
-0.2717,0.0383,0.9937,0.229,-1.855,0.0,1,0,0
-0.2649,0.042,0.9963,-0.5267,-2.1374,-0.1527,1,0,0
-0.2576,0.0476,1.002,-1.6489,-2.0763,-0.3664,1,0,0
-0.2598,0.041,1.0051,-2.6641,-1.6947,-1.2748,1,0,0
-0.2588,0.0269,0.9971,-2.5649,-1.7176,-1.9466,1,0,0
-0.2522,0.0278,1.0005,-2.1145,-1.3435,-2.0,1,0,0
-0.2529,0.0244,0.998,-1.6107,-1.4427,-1.8321,1,0,0
-0.2551,0.0281,1.0042,-1.916,-1.5267,-2.1145,1,0,0
-0.2549,0.0293,1.0063,-1.4198,-1.3435,-2.7786,1,0,0
-0.2449,0.0173,1.0049,-0.7557,-1.1603,-2.855,1,0,0
-0.2571,0.0173,0.9973,-1.0687,-0.9847,-2.626,1,0,0
-0.2495,0.0051,1.0007,-0.8702,-1.3817,-1.542,1,0,0
-0.2407,0.0151,1.01,-0.4046,-1.3511,-0.8244,1,0,0
-0.2444,0.0146,1.0054,-0.9847,-0.6183,-1.2672,1,0,0
-0.2559,0.0168,0.9961,-1.4351,-0.6031,-1.1603,0,0,0
-0.2603,0.0159,0.9807,-1.7176,-1.0611,-0.7481,0,0,0
-0.2622,0.0063,0.9807,-1.374,-1.6718,-0.1603,0,0,0
-0.262,0.0129,0.9839,-0.3588,-2.7328,0.4046,0,0,0
-0.2507,0.0237,0.9812,0.2214,-2.4885,0.4427,0,0,0
-0.2512,0.0291,0.9937,0.0534,-2.2366,0.0458,0,0,0
-0.2522,0.0242,0.9998,0.2366,-2.5573,-0.1908,0,0,0
-0.2473,0.0259,1.0071,0.0305,-2.2595,-0.4809,0,0,0
-0.2441,0.0344,1.0129,-0.626,-1.7939,-0.4275,0,0,0
-0.2405,0.0349,1.0076,-1.1756,-1.145,-1.0763,0,0,0
-0.2454,0.0381,0.9922,-2.626,-0.7176,-1.1908,0,0,0
-0.2463,0.0313,0.9939,-3.5802,-0.6412,-1.1756,0,0,0
-0.2502,0.0315,0.9805,-3.3664,-0.5267,-1.8626,0,0,0
-0.2551,0.0288,0.9739,-3.1069,-1.8092,-2.1527,0,0,0
-0.2476,0.0249,0.9795,-3.0611,-1.8779,-2.0305,0,0,0
-0.2429,0.0222,0.981,-1.9924,-1.9542,-2.2214,0,0,0
-0.239,0.0239,0.9797,-0.8702,-2.313,-1.9695,0,0,0
-0.2468,0.0391,0.9763,-1.3969,-2.5802,-2.2901,0,0,0
-0.2502,0.0347,0.9785,-3.0534,-3.1679,-2.3893,0,0,0
-0.2532,0.031,0.9788,-3.3206,-4.1527,-2.855,0,0,0
-0.2539,0.0256,0.9907,-3.5267,-5.1527,-2.7634,0,0,0
-0.2542,0.0474,1.01,-4.6794,-5.7786,-2.458,0,0,0
-0.2373,0.0374,1.0488,-6.5496,-4.4122,-2.8321,0,0,0
-0.2554,0.0203,1.02,-6.5038,-0.9924,-3.2901,0,0,0
-0.27,0.0117,1.0215,-3.9771,-1.4809,-4.0382,0,0,0
-0.2732,0.0122,1.02,-2.4656,-2.2977,-2.9771,0,0,0
-0.2617,0.002,1.0271,-0.9542,-2.4122,-2.4275,0,0,0
-0.248,0.0156,1.043,-1.2672,-0.8626,-1.8092,0,0,0
-0.2407,0.0281,1.0376,-0.8931,1.2748,-2.7023,0,0,0
-0.2483,0.0283,1.033,-1.8397,2.1298,-3.7176,0,0,0
-0.2441,0.0127,1.0295,-2.1145,1.5649,-4.2748,0,0,0
-0.2317,0.0007,1.0276,-2.9618,1.3511,-3.3588,0,0,0
-0.2297,-0.0115,1.0212,-2.6489,2.3817,-3.4427,0,0,0
-0.24,-0.0144,1.0112,-1.8702,2.5115,-2.2672,0,0,0
-0.2402,-0.0203,0.9966,-0.771,2.4198,-0.8931,0,0,0
-0.2341,-0.0095,0.9932,-0.5496,1.5344,0.8397,0,0,0
-0.2307,-0.0012,0.9868,-0.3817,1.7328,2.1374,0,0,0
-0.2341,0.0168,0.9739,0.4351,1.374,2.3282,0,0,0
-0.2341,0.0283,0.9712,-0.2061,0.6031,2.4275,0,0,0
-0.24,0.0293,0.9729,-0.1832,-0.7405,1.5878,0,0,0
-0.2314,0.0437,0.9604,-0.4275,-0.7557,0.7176,0,0,0
-0.2419,0.0295,0.9556,-0.1908,-1.7557,-0.3435,0,0,0
-0.2456,0.042,0.9653,-0.4351,-2.6947,0.0763,0,0,0
-0.2437,0.0085,0.9717,0.1374,-2.8702,1.084,0,0,0
-0.2395,0.0142,0.9912,1.2519,-2.1069,3.4885,0,0,0
-0.2456,0.031,0.9883,0.2519,-1.0458,4.1679,0,0,0
-0.2473,0.0269,0.9927,-2.1832,-0.6489,3.9924,0,0,0
-0.2532,0.0305,0.9888,-4.5267,-1.4809,5.542,0,0,0
-0.26,0.0149,0.9907,-3.4046,-2.542,4.9618,0,0,0
-0.2576,0.0283,0.9827,-2.542,-3.6794,4.9389,0,0,0
-0.2385,0.0569,0.9812,-6.8702,-4.7634,9.0763,0,0,0
-0.2629,0.0364,0.9287,-18.7099,-8.1145,18.7557,0,0,0
-0.2932,0.002,0.9092,-31.6183,-15.2595,30.6489,0,0,0
-0.3259,-0.0481,0.8875,-43.6641,-28.1985,45.5496,0,0,0
-0.3008,-0.0898,0.8711,-48.6947,-38.9008,58.771,0,0,0
-0.2615,-0.1306,0.9504,-36.9695,-45.6183,57.1832,0,0,0
-0.1733,0.0522,1.0078,-30.4656,-40.6489,51.9847,0,0,0
-0.2161,0.0313,1.002,-26.6489,-39.8397,40.2519,0,0,0
0.1345,0.0603,1.1033,-28.1527,-48.4504,38.3893,0,0,0
-0.1729,0.0076,1.0659,-20.7481,-35.8015,28.9924,0,0,0
-0.1404,-0.0171,1.0872,-10.8626,-31.9008,26.0458,0,0,0
-0.1372,0.0066,1.0747,-3.0916,-24.5802,20.0076,0,0,0
-0.1577,0.0181,1.0679,2.4046,-21.7939,13.626,0,0,0
-0.1504,0.0232,1.0569,6.9924,-18.7405,6.6183,0,0,0
-0.1677,0.0259,1.0393,11.5115,-18.6489,1.2672,0,0,0
-0.1489,0.031,1.0447,12.5344,-16.5344,-1.771,0,0,0
-0.1663,0.0332,1.0369,12.2443,-14.4733,-3.2977,0,0,0
-0.1702,0.0317,1.0386,11.2977,-13.542,-3.9313,0,0,0
-0.1641,0.0288,1.0454,12.9542,-12.4198,-5.6794,0,0,0
-0.1594,0.0186,1.0425,18.3435,-11.5649,-9.626,0,0,0
-0.1619,0.041,1.0408,22.6565,-9.458,-13.1221,0,0,0
-0.1589,0.0525,1.0454,26.084,-7.2977,-16.9771,0,0,0
-0.1641,0.0698,1.0354,28.1908,-4.6336,-21.1832,0,0,0
-0.1804,0.0398,1.0364,30.3511,-3.8244,-24.5802,0,0,0
-0.1765,0.0645,1.0447,30.5573,-2.9695,-26.855,0,0,0
-0.1724,0.0479,1.0676,32.1527,-1.1603,-28.5114,0,0,0
-0.1519,0.0647,1.1038,32.8855,4.0992,-30.0992,0,0,0
-0.1467,0.0771,1.1052,34.7557,10.4733,-34.0382,0,0,0
-0.1567,0.0881,1.0874,32.9084,16.3053,-36.0458,0,0,0
-0.1858,0.0664,1.083,29.0305,19.6031,-34.1298,0,0,0
-0.1912,0.0581,1.1067,25.687,23.229,-31.0534,0,0,0
-0.1606,0.0986,1.1235,23.6565,29.5573,-32.3817,0,0,0
-0.1487,0.1125,1.103,15.6107,36.1679,-33.6947,0,0,0
-0.2666,0.0833,1.0588,4.5115,47.8397,-35.8473,0,0,0
-0.2156,0.0142,1.0867,-3.2824,44.8321,-30.5878,0,0,0
-0.1892,-0.0012,1.1047,-6.7405,50.8931,-26.5267,0,0,0
-0.1902,0.0042,1.1177,-10.5649,56.3053,-21.7939,0,0,0
-0.1768,0.0039,1.1204,-13.3588,61.6947,-18.855,0,0,0
-0.2791,-0.0266,1.0632,-15.1145,65.9542,-17.2061,0,0,0
-0.3628,-0.05,1.0007,-13.3053,59.2672,-13.4275,0,0,0
-0.2644,-0.0168,0.9939,-12.0382,55.2824,-11.9237,0,0,0
-0.2778,-0.0244,0.9802,-13.2672,52.3664,-6.8626,0,0,0
-0.2786,0.0032,0.9814,-15.5878,49.6412,-2.3893,0,0,0
-0.2568,0.0242,0.9666,-20.1679,47.7557,1.7481,0,0,0
-0.2632,0.0439,0.9807,-29.0763,47.5878,7.4122,0,0,0
-0.2749,-0.0186,0.9624,-37.8626,46.2977,13.6641,0,0,0
-0.2698,0.0024,0.9663,-40.4504,49.6641,16.9771,0,0,0
-0.3042,-0.0066,0.939,-39.084,50.6183,18.9695,0,0,0
-0.3442,0.0017,0.938,-41.2672,44.6947,24.916,0,0,0
-0.3176,0.0066,0.9185,-46.8702,39.9389,31.7099,0,0,0
-0.3132,-0.0149,0.9255,-53.145,37.1603,38.1908,0,0,0
-0.314,-0.0339,0.9114,-57.4275,37.1908,43.5954,0,0,0
-0.3704,-0.0391,0.8706,-54.9847,29.916,44.3511,0,0,0
-0.3745,-0.0386,0.8591,-53.7634,23.6489,42.771,0,0,0
-0.3416,-0.0085,0.8774,-53.2443,17.9237,40.0916,0,0,0
-0.3433,-0.0068,0.8755,-52.5954,13.7939,39.2061,0,0,0
-0.3625,-0.0667,0.856,-49.2214,10.0534,37.1145,0,0,0
-0.3792,-0.0486,0.863,-40.6718,4.4122,32.8702,0,0,0
-0.3699,-0.0303,0.8691,-34.7252,1.3282,28.084,0,0,0
-0.3708,-0.0176,0.8564,-29.916,-2.7023,24.7786,0,0,0
-0.3716,-0.0085,0.8677,-26.3282,-5.9695,21.0916,0,0,0
-0.3584,-0.0205,0.8774,-20.6718,-8.2824,18.0534,0,0,0
-0.3635,-0.0134,0.8789,-15.6947,-11.7557,14.0,0,0,0
-0.364,-0.0168,0.8979,-10.9847,-14.6947,11.2061,0,0,0
-0.3411,-0.0315,0.9165,-8.1069,-14.458,11.0305,0,0,0
-0.3333,-0.0168,0.9338,-7.4351,-12.5802,11.6183,0,0,0
-0.3538,0.0076,0.9392,-8.7481,-11.5344,10.9618,0,0,0
-0.3689,0.001,0.9194,-10.5191,-11.5496,9.2061,0,0,0
-0.3721,-0.0073,0.9221,-13.2137,-14.2443,7.626,0,0,0
-0.3694,-0.0244,0.9431,-13.4962,-16.2824,5.4962,0,0,0
-0.3596,-0.0452,0.9453,-12.6183,-17.458,3.7328,0,0,0
-0.3694,-0.0552,0.9275,-11.5725,-19.5954,1.9924,0,0,0
-0.3701,-0.0667,0.939,-10.8702,-22.5038,1.374,0,0,0
-0.3503,-0.0554,0.9585,-13.0076,-25.5802,2.687,0,0,0
-0.3262,-0.0598,0.9836,-18.7634,-23.8473,3.7405,0,0,0
-0.3203,-0.0723,1.0151,-24.5649,-21.4046,3.8321,0,0,0
-0.322,-0.1108,1.03,-25.4962,-16.7939,3.3969,0,0,0
-0.2937,-0.1702,1.0256,-16.5725,-11.4275,1.7939,0,0,0
-0.3206,-0.1917,1.0103,-6.1298,-8.542,7.5954,0,0,0
-0.3301,-0.0933,1.043,-1.8168,-6.7557,9.5573,0,0,0
-0.3291,-0.0928,0.9966,-1.9771,-5.0229,9.7863,0,0,0
-0.3335,-0.1062,0.9944,-1.5038,-4.7328,10.2443,0,0,0
-0.3369,-0.0864,0.9893,-1.2519,-4.3282,9.5191,0,0,0
-0.3416,-0.0635,0.9836,-2.5267,-4.2977,9.0305,0,0,0
-0.3318,-0.0588,0.9941,-4.7099,-2.9008,8.3053,0,0,0
-0.3254,-0.0657,0.9971,-5.8855,-0.3664,8.374,0,0,0
-0.3308,-0.0757,1.0056,-6.5649,1.374,8.7023,0,0,0
-0.3328,-0.0745,0.9973,-5.6412,2.8473,9.0,0,0,0
-0.3335,-0.0632,0.9907,-4.5878,3.0458,9.5191,0,0,0
-0.334,-0.071,0.9866,-5.3282,3.6183,9.8015,0,0,0
-0.343,-0.0767,0.9751,-5.9618,3.4656,9.8473,0,0,0
-0.342,-0.0737,0.9663,-5.8931,3.2977,9.6336,0,0,0
-0.343,-0.0747,0.9666,-5.7786,2.4504,9.5725,0,0,0
-0.3337,-0.0837,0.9814,-5.6947,2.7863,10.458,0,0,0
-0.3293,-0.0752,0.99,-5.0534,3.855,11.6947,0,0,0
-0.3247,-0.0583,0.9875,-5.084,4.8321,11.4351,0,0,0
-0.3323,-0.0549,0.9773,-6.229,4.6794,10.1832,0,0,0
-0.3433,-0.0525,0.968,-6.8092,3.7863,8.5802,0,0,0
-0.3354,-0.0601,0.9746,-8.1527,3.3969,8.3969,0,0,0
-0.332,-0.0686,0.9675,-8.8779,4.1908,8.5802,0,0,0
-0.3335,-0.0764,0.9646,-9.4962,6.0076,9.1985,0,0,0
-0.3394,-0.0796,0.9592,-9.8931,6.3053,10.0458,0,0,0
-0.3503,-0.0842,0.9597,-10.3359,6.0458,10.5496,0,0,0
-0.3547,-0.0911,0.9519,-9.6183,4.9084,11.3206,0,0,0
-0.3486,-0.0886,0.9631,-8.6183,5.0534,12.2595,0,0,0
-0.3623,-0.1177,0.9399,-9.1832,4.5878,12.5191,0,0,0
-0.3579,-0.0825,0.9619,-8.1832,4.2748,11.4046,0,0,0
-0.3599,-0.095,0.9634,-8.2443,3.9924,11.2977,0,0,0
-0.3484,-0.0964,0.9656,-7.1679,4.6412,11.1298,0,0,0
-0.3547,-0.0857,0.9678,-6.1832,4.4656,10.7023,0,0,0
-0.3623,-0.0752,0.9644,-4.8168,3.6641,10.626,0,0,0
-0.3535,-0.0525,0.9675,-4.7176,3.8321,9.8473,0,0,0
-0.3408,-0.0188,0.9658,-7.0153,4.3893,8.1069,0,0,0
-0.3523,-0.0532,0.9626,-9.855,4.3664,6.0687,0,0,0
-0.3523,-0.0728,0.9631,-11.771,4.7252,5.2519,0,0,0
-0.3508,-0.0854,0.9656,-12.2519,5.1908,4.8397,0,0,0
-0.3328,-0.1021,0.9895,-10.2977,6.8168,5.7939,0,0,0
-0.3533,-0.0996,0.9641,-9.687,7.771,6.3282,0,0,0
-0.3669,-0.1057,0.9451,-8.3206,6.6794,6.6794,0,0,0
-0.354,-0.092,0.9475,-7.4656,7.0,7.4427,0,0,0
-0.3535,-0.0979,0.9363,-6.6031,6.2061,6.5038,0,0,0
-0.3643,-0.1023,0.9348,-5.1374,5.0992,6.7863,0,0,0
-0.3567,-0.0996,0.9226,-3.8855,3.6107,7.1756,0,0,0
-0.3484,-0.0864,0.9326,-3.5191,2.5573,7.6794,0,0,0
-0.3433,-0.0732,0.9443,-4.6641,2.9542,8.0534,0,0,0
-0.3501,-0.063,0.9448,-5.3969,3.1298,7.2748,0,0,0
-0.3462,-0.0562,0.9392,-6.3511,2.8855,6.1908,0,0,0
-0.3572,-0.064,0.9402,-7.5802,2.9008,5.8015,0,0,0
-0.3569,-0.0793,0.9387,-6.3206,2.3053,5.5573,0,0,0
-0.3638,-0.0789,0.9424,-3.3664,1.6031,5.5496,0,0,0
-0.3589,-0.0728,0.9597,-0.5115,2.4198,4.8702,0,0,0
-0.3765,-0.092,0.9453,-0.2137,2.2214,5.1985,0,0,0
-0.3667,-0.0366,0.9783,-0.0611,2.1756,4.4351,0,0,0
-0.3481,-0.0425,0.9741,-3.229,3.542,3.4122,0,0,0
-0.3494,-0.0591,0.9812,-4.6183,5.687,3.0153,0,0,0
-0.3584,-0.092,0.9761,-3.9542,6.8321,2.9084,0,0,0
-0.3564,-0.0649,0.9753,-3.0992,7.0076,2.4962,0,0,0
-0.3477,-0.0681,0.9675,-3.4351,9.4885,2.1603,0,0,0
-0.3645,-0.0632,0.969,-4.8244,11.458,2.5115,0,0,0
-0.3748,-0.0652,0.9585,-5.9847,11.7634,2.7099,0,0,0
-0.3784,-0.0786,0.9436,-6.5267,11.4046,2.5649,0,0,0
-0.3794,-0.0742,0.9294,-6.9847,9.3282,2.3053,0,0,0
-0.3679,-0.0759,0.9456,-8.0076,8.0076,1.8321,0,0,0
-0.3801,-0.0962,0.9456,-7.687,8.5267,2.3969,0,0,0
-0.3816,-0.0955,0.9368,-6.8015,9.4046,3.5115,0,0,0
-0.3882,-0.0962,0.9358,-6.9695,8.5191,3.3511,0,0,0
-0.3904,-0.0994,0.9331,-5.9771,7.3817,3.5802,0,0,0
-0.3672,-0.0776,0.9407,-5.9389,5.6031,3.8092,0,0,0
-0.3958,-0.1025,0.9387,-6.0534,6.3282,2.9542,0,0,0
-0.3909,-0.0974,0.9282,-3.8397,4.3435,4.0229,0,0,0
-0.3911,-0.0823,0.9177,-3.0076,2.5954,3.1679,0,0,0
-0.3982,-0.0747,0.9202,-4.4656,1.4198,2.3893,0,0,0
-0.3928,-0.082,0.9297,-6.1603,0.8702,2.5496,0,0,0
-0.3899,-0.0962,0.9299,-7.3817,0.2977,3.1298,0,0,0
-0.3853,-0.0977,0.9331,-6.8473,0.145,4.0687,0,0,0
-0.3831,-0.0925,0.9426,-5.7863,-0.0916,4.2672,0,0,0
-0.3774,-0.0813,0.9409,-5.3206,0.8779,3.9389,0,0,0
-0.3853,-0.0713,0.9351,-6.855,1.7328,2.7023,0,0,0
-0.4048,-0.0857,0.9211,-8.0305,0.8779,2.0916,0,0,0
-0.405,-0.0986,0.9182,-8.2137,-1.0305,1.6718,0,0,0
-0.4021,-0.105,0.9192,-8.4656,-2.7328,1.8931,0,0,0
-0.3914,-0.1084,0.9353,-8.3588,-2.7939,3.0458,0,0,0
-0.3613,-0.0974,0.9456,-8.374,-1.1908,3.771,0,0,0
-0.3838,-0.1018,0.9465,-8.542,0.0305,2.8779,0,0,0
-0.3958,-0.0994,0.9409,-9.3511,0.145,2.7176,0,0,0
-0.3989,-0.1079,0.929,-10.0611,-0.3206,3.0382,0,0,0
-0.4019,-0.1018,0.9382,-10.3969,-1.4885,2.9313,0,0,0
-0.3931,-0.0942,0.9314,-11.3053,-2.0611,3.2519,0,0,0
-0.3921,-0.092,0.9358,-11.9466,-1.7252,3.7481,0,0,0
-0.3921,-0.0903,0.9292,-12.458,-1.5649,2.8168,0,0,0
-0.3989,-0.0991,0.9365,-11.9466,-2.6489,2.2519,0,0,0
-0.395,-0.1011,0.9363,-9.4656,-3.7176,1.2366,0,0,0
-0.3884,-0.1038,0.9387,-7.4275,-4.8931,0.4427,0,0,0
-0.3809,-0.1086,0.9502,-4.8779,-4.9466,0.8931,0,0,0
-0.3699,-0.0972,0.9644,-3.9924,-3.6641,1.3817,0,0,0
-0.3711,-0.0852,0.9641,-3.8626,-1.7252,0.7099,0,0,0
-0.3894,-0.0745,0.9551,-3.7405,-0.9695,-0.5802,0,0,0
-0.3931,-0.083,0.959,-2.3664,-2.1145,-2.771,0,0,0
-0.3877,-0.0837,0.9482,-0.1756,-3.0,-4.6031,0,0,0
-0.3916,-0.0923,0.9397,2.3435,-3.0763,-5.7481,0,0,0
-0.3987,-0.0957,0.9438,5.771,-3.6183,-6.5115,0,0,0
-0.3967,-0.1023,0.9392,9.4046,-4.8168,-7.8244,0,0,0
-0.3909,-0.0881,0.9414,10.9771,-4.9466,-7.916,0,0,0
-0.3914,-0.0933,0.9441,12.313,-5.1221,-8.9847,0,0,0
-0.3958,-0.0967,0.9558,14.8702,-5.4351,-10.8855,0,0,0
-0.3828,-0.0957,0.9561,17.6183,-4.8168,-11.6947,0,0,0
-0.3845,-0.0779,0.96,16.6641,-3.916,-10.5191,0,0,0
-0.406,-0.0906,0.9456,16.0229,-3.8626,-9.9313,0,0,0
-0.4109,-0.083,0.9395,16.9771,-4.7176,-10.7481,0,0,0
-0.395,-0.0837,0.9529,17.3511,-6.084,-11.145,0,0,0
-0.3789,-0.0818,0.9631,16.9313,-5.9542,-11.0534,0,0,0
-0.3809,-0.0781,0.9663,14.5954,-4.6336,-10.0458,0,0,0
-0.3889,-0.0955,0.9614,12.1374,-4.0534,-9.3206,0,0,0
-0.3804,-0.0918,0.9624,11.313,-3.7176,-8.6794,0,0,0
-0.3843,-0.0935,0.9636,11.2824,-2.9618,-9.2901,0,0,0
-0.3811,-0.0825,0.9636,11.6031,-2.7481,-9.1985,0,0,0
-0.373,-0.0796,0.9585,7.8626,-2.3817,-7.2672,1,0,0
-0.3784,-0.0879,0.949,3.4504,-2.4275,-4.7939,1,0,0
-0.3752,-0.0938,0.9531,0.1298,-1.5191,-2.3969,1,0,0
-0.3735,-0.1072,0.9509,-0.6947,-0.7557,-1.2519,1,0,0
-0.3708,-0.0945,0.96,-1.0305,0.0458,-1.0916,1,0,0
-0.3735,-0.0894,0.9502,-0.9008,0.8168,-1.6183,1,0,0
-0.377,-0.0974,0.9456,-0.8244,0.9847,-1.2061,1,0,0
-0.3735,-0.0889,0.9429,-0.8626,1.0916,-0.6336,1,0,0
-0.3826,-0.0828,0.9326,-1.9618,0.5954,-0.3817,1,0,0
-0.377,-0.0845,0.9336,-3.5878,-0.2137,-0.0382,1,0,0
-0.3777,-0.0898,0.9307,-5.4733,-0.5802,0.4885,1,0,0
-0.3743,-0.0908,0.9282,-6.1145,-1.1298,1.3053,1,0,0
-0.3789,-0.0857,0.9365,-6.0229,-1.5267,1.8779,1,0,0
-0.3767,-0.0859,0.9382,-5.9389,-1.8397,1.7786,1,0,0
-0.3699,-0.0845,0.949,-6.5267,-0.7939,1.2214,1,0,0
-0.3755,-0.0955,0.9485,-7.0,0.0458,1.7328,1,0,0
-0.3772,-0.104,0.9546,-7.5802,0.3664,2.6794,1,0,0
-0.3892,-0.104,0.9536,-8.2214,0.7863,3.313,1,0,0
-0.3916,-0.0972,0.9541,-8.5573,0.1679,4.2519,1,0,0
-0.3835,-0.1011,0.9629,-9.6565,0.1221,5.0153,1,0,0
-0.3767,-0.0977,0.9675,-11.2443,0.8321,5.7634,1,0,0
-0.3833,-0.0991,0.9658,-12.2901,2.0763,6.4733,1,0,0
-0.3948,-0.1035,0.9492,-11.8168,2.4885,6.6641,1,0,0
-0.4016,-0.1011,0.9443,-9.9847,1.8168,6.1908,1,0,0
-0.4014,-0.094,0.9368,-7.2748,0.6183,4.6947,1,0,0
-0.3938,-0.0857,0.9324,-5.0229,-0.6031,4.1221,1,0,0
-0.386,-0.082,0.9475,-3.7099,-1.0534,3.8397,1,0,0
-0.3796,-0.0796,0.9517,-3.4885,-0.9924,3.9466,1,0,0
-0.3684,-0.0615,0.9631,-4.229,-0.6794,3.3511,1,0,0
-0.3689,-0.0586,0.9629,-7.3893,0.1832,2.8779,1,0,0
-0.3772,-0.0635,0.9548,-9.8473,0.8244,2.3817,1,0,0
-0.3777,-0.0808,0.96,-10.2595,0.7481,1.6489,1,0,0
-0.386,-0.0916,0.9443,-7.5573,0.542,1.0992,1,0,0
-0.3799,-0.0854,0.9507,-3.8855,0.2672,-0.0229,1,0,0
-0.3748,-0.0833,0.9443,-0.687,-0.0458,-1.3206,1,0,0
-0.3755,-0.075,0.9331,0.8702,-0.5038,-2.3817,1,0,0
-0.375,-0.0793,0.9373,1.8321,-1.1985,-2.6183,1,0,0
-0.3652,-0.0798,0.9407,1.3664,-1.3206,-2.5496,1,0,0
-0.3716,-0.0815,0.9365,1.3511,-1.5802,-2.542,1,0,0
-0.3706,-0.0889,0.9414,4.2214,-2.4504,-5.0,1,0,0
-0.3616,-0.0859,0.95,8.6107,-2.6947,-7.8702,1,0,0
-0.3623,-0.0881,0.9419,12.8092,-2.0076,-9.7634,1,0,0
-0.3733,-0.094,0.9377,15.3206,-1.7405,-10.1908,1,0,0
-0.3647,-0.0745,0.9397,14.0153,-1.1145,-8.7252,1,0,0
-0.3745,-0.0784,0.9443,11.9084,-1.6489,-6.9084,1,0,0
-0.3677,-0.0625,0.947,11.1756,-2.2061,-8.1221,1,0,0
-0.3672,-0.0574,0.9419,9.5954,-2.374,-9.4427,1,0,0
-0.3689,-0.0486,0.9429,7.9084,-2.0763,-9.0153,1,0,0
-0.3816,-0.0725,0.9331,6.1374,-2.9237,-8.5115,1,0,0
-0.3904,-0.0818,0.9363,4.9008,-3.8015,-8.0229,1,0,0
-0.3796,-0.0913,0.9507,5.3053,-4.458,-7.4427,1,0,0
-0.3687,-0.0889,0.9634,5.313,-4.2672,-6.5496,1,0,0
-0.377,-0.0833,0.9731,4.1145,-3.9695,-5.1679,1,0,0
-0.3721,-0.0908,0.9795,1.8931,-3.0992,-3.5496,1,0,0
-0.3735,-0.0818,0.9739,0.4885,-2.0534,-2.9924,1,0,0
-0.3782,-0.0854,0.9685,-1.0,-1.4351,-2.2061,1,0,0
-0.3723,-0.0859,0.9749,-2.6336,-0.916,-1.5267,1,0,0
-0.3772,-0.0908,0.9749,-3.8473,-0.1832,-0.6718,1,0,0
-0.3796,-0.0935,0.9714,-3.9237,0.0534,-0.4504,1,0,0
-0.3813,-0.0828,0.9602,-3.0763,0.4809,-0.4504,1,0,0
-0.3823,-0.0803,0.9492,-3.0229,0.3511,-0.6641,1,0,0
-0.3855,-0.0835,0.9473,-2.2519,-0.1145,-0.542,1,0,0
-0.3774,-0.0881,0.9412,-0.8321,-0.2748,-0.0076,1,0,0
-0.3694,-0.0691,0.9492,-2.084,0.4275,0.7863,1,0,0
-0.377,-0.0667,0.9519,-2.8931,1.145,0.1145,1,0,0
-0.3809,-0.0645,0.9495,-3.8473,0.8626,-0.0305,1,0,0
-0.3777,-0.072,0.9514,-4.4046,0.9542,-0.7481,1,0,0
-0.3821,-0.0627,0.9453,-4.7863,0.3206,-1.145,1,0,0
-0.3857,-0.0769,0.9399,-5.9618,-0.4504,-1.2824,1,0,0
-0.3831,-0.0962,0.9446,-5.3664,-0.7252,-0.7786,1,0,0
-0.3748,-0.0994,0.948,-4.6489,-0.7863,-0.3817,1,0,0
-0.3699,-0.1047,0.967,-3.0458,0.0076,1.0687,1,0,0
-0.3691,-0.0869,0.9626,-1.6412,1.2595,1.4733,1,0,0
-0.3755,-0.0674,0.9624,-2.5802,2.1985,1.3053,1,0,0
-0.3818,-0.072,0.957,-3.687,2.1527,0.2519,1,0,0
-0.3818,-0.0898,0.9697,-2.9847,1.7099,0.5115,1,0,0
-0.3799,-0.0879,0.9556,-3.6565,2.3511,1.4656,1,0,0
-0.3816,-0.0715,0.9648,-2.5878,3.7939,1.7863,1,0,0
-0.3718,-0.0823,0.9331,-2.9466,3.2366,2.4885,1,0,0
-0.366,-0.1006,0.9243,0.2748,1.1908,0.3435,1,0,0
-0.3931,-0.0381,0.9421,-0.3969,0.5878,-0.7252,1,0,0
-0.3733,-0.062,0.9336,-2.3206,0.4809,-1.7863,1,0,0
-0.3721,-0.0659,0.9517,-3.1069,0.313,-1.9695,1,0,0
-0.3691,-0.0466,0.9463,-5.458,0.4275,-2.5649,1,0,0
-0.3721,-0.0547,0.95,-8.7252,0.5649,-3.0382,1,0,0
-0.3679,-0.0601,0.949,-10.6794,-0.229,-3.0534,1,0,0
-0.3652,-0.0698,0.9502,-13.7099,-0.0534,-3.4275,1,0,0
-0.3765,-0.1096,0.9546,-13.0687,-0.2137,-2.9924,1,0,0
-0.3823,-0.1196,0.9514,-9.2748,-0.084,-2.0916,1,0,0
-0.3792,-0.0989,0.9358,-5.3282,0.2137,-2.4122,1,0,0
-0.3772,-0.1272,0.9211,-1.5802,-0.5344,-1.6947,1,0,0
-0.394,-0.0874,0.9229,0.0382,-2.4504,-0.6489,1,0,0
-0.3767,-0.0645,0.9224,-1.374,-3.0382,-1.5649,1,0,0
-0.3665,-0.0874,0.9316,-1.8702,-2.6336,-1.3359,1,0,0
-0.3718,-0.0596,0.947,-4.0153,-2.1756,-2.1603,1,0,0
-0.3779,-0.075,0.9509,-6.313,-1.855,-2.9237,1,0,0
-0.3796,-0.1145,0.9529,-5.6412,-1.4504,-2.3435,1,0,0
-0.3843,-0.1292,0.9502,-1.8626,-1.8779,-1.4046,1,0,0
-0.3782,-0.1079,0.9502,0.4275,-2.2061,-0.5878,1,0,0
-0.3767,-0.1099,0.959,0.7786,-1.7023,-0.1603,1,0,0
-0.3787,-0.1047,0.9641,-0.542,-1.4656,0.1603,1,0,0
-0.3752,-0.092,0.9771,-3.1679,-0.5496,0.2824,1,0,0
-0.374,-0.094,0.9805,-5.6489,0.6489,0.1679,1,0,0
-0.3865,-0.1018,0.9661,-7.4427,1.3282,0.084,0,0,0
-0.3931,-0.1106,0.9651,-7.2672,1.5038,1.4656,0,0,0
-0.3936,-0.1306,0.9648,-5.8168,1.9313,3.313,0,0,0
-0.3882,-0.1006,0.9446,-4.5038,2.0687,4.626,0,0,0
-0.3972,-0.0962,0.9414,-4.9924,1.687,4.1603,0,0,0
-0.3943,-0.1035,0.9399,-4.3359,1.1374,4.5725,0,0,0
-0.3855,-0.0857,0.9409,-5.6031,0.6641,5.2595,0,0,0
-0.376,-0.0928,0.9487,-8.3435,0.2443,6.9237,0,0,0
-0.3821,-0.0688,0.9565,-12.542,1.1908,7.6489,0,0,0
-0.3884,-0.0989,0.9417,-14.5802,1.9847,7.1527,0,0,0
-0.394,-0.1167,0.9414,-12.7328,1.2672,6.1679,0,0,0
-0.3896,-0.1084,0.9451,-10.1832,-0.0763,5.2824,0,0,0
-0.3823,-0.1174,0.9434,-8.2137,-0.7634,5.5496,0,0,0
-0.3804,-0.1138,0.9404,-7.0992,-0.9466,7.2824,0,0,0
-0.3833,-0.1138,0.9282,-6.2977,-1.6489,6.7176,0,0,0
-0.3887,-0.1082,0.9309,-4.2366,-2.9084,6.3053,0,0,0
-0.3796,-0.0935,0.9434,-1.9695,-3.5649,5.4198,0,0,0
-0.3711,-0.0757,0.9451,0.6031,-3.6794,3.3053,0,0,0
-0.363,-0.0652,0.9597,1.4351,-2.9542,1.0534,0,0,0
-0.3655,-0.0693,0.9558,1.1145,-2.0305,-0.3893,0,0,0
-0.3706,-0.0769,0.9607,-0.2977,-1.8855,-0.8626,0,0,0
-0.3762,-0.0945,0.959,-1.8702,-1.4809,0.0992,0,0,0
-0.373,-0.1052,0.9775,-2.8092,-0.313,1.5725,0,0,0
-0.3677,-0.0974,0.9702,-2.7481,1.1985,0.6412,0,0,0
-0.3804,-0.0999,0.9697,-1.4046,1.4198,-0.7557,0,0,0
-0.3762,-0.094,0.9487,-0.0611,1.0992,-1.6489,0,0,0
-0.3726,-0.0859,0.9312,0.6794,0.7328,-1.9695,0,0,0
-0.3745,-0.0774,0.9241,-0.2519,0.0992,-2.6489,0,0,0
-0.3796,-0.0793,0.9087,-1.4656,-0.4962,-3.0305,0,0,0
-0.3806,-0.0925,0.9143,-1.9466,-1.8855,-3.3435,0,0,0
-0.3823,-0.1077,0.9192,-1.1603,-3.6947,-3.374,0,0,0
-0.3687,-0.1143,0.9426,0.2901,-4.1221,-2.5267,0,0,0
-0.365,-0.1182,0.9514,2.3282,-2.6947,-2.4885,0,0,0
-0.3699,-0.1145,0.949,4.4504,-2.0611,-2.5954,0,0,0
-0.3804,-0.1101,0.9431,4.8397,-2.2214,-2.626,0,0,0
-0.3821,-0.1116,0.9399,4.5496,-2.3282,-2.1908,0,0,0
-0.3782,-0.095,0.9382,4.9542,-3.1145,-1.7481,0,0,0
-0.3757,-0.084,0.9375,3.5954,-3.542,-2.229,0,0,0
-0.3838,-0.0833,0.9414,2.3664,-4.0153,-1.9618,0,0,0
-0.3694,-0.0925,0.9578,0.2824,-3.9847,-1.458,0,0,0
-0.3604,-0.0903,0.969,-1.7939,-1.6794,-0.771,0,0,0
-0.3679,-0.0935,0.9661,-2.916,0.4275,-1.145,0,0,0
-0.385,-0.1072,0.9631,-2.5802,0.5573,-2.5802,0,0,0
-0.3821,-0.1174,0.9539,1.2443,0.1374,-3.2061,0,0,0
-0.3801,-0.1023,0.957,4.7939,0.3282,-3.5191,0,0,0
-0.3862,-0.0947,0.938,6.3893,0.374,-3.3359,0,0,0
-0.3855,-0.0815,0.9351,5.9542,-0.084,-3.6031,0,0,0
-0.3823,-0.075,0.9404,2.9237,-0.145,-2.8931,0,0,0
-0.384,-0.0693,0.9507,-1.3969,0.5573,-2.6031,0,0,0
-0.3809,-0.0857,0.9556,-5.2137,-0.5573,-1.8779,0,0,0
-0.3804,-0.1025,0.9607,-6.0458,-0.1145,-2.0305,0,0,0
-0.3772,-0.113,0.9597,-3.0458,-0.0992,-2.0687,0,0,0
-0.3713,-0.1265,0.9629,3.9466,0.1832,-3.7557,0,0,0
-0.3716,-0.084,0.9548,9.3206,0.687,-5.9237,0,0,0
-0.3794,-0.072,0.949,10.542,1.5573,-5.855,0,0,0
-0.3918,-0.0813,0.9399,10.0229,0.7405,-5.2366,0,0,0
-0.3772,-0.0559,0.9336,8.916,0.4046,-6.2977,0,0,0
-0.3706,-0.0508,0.937,6.084,-0.2595,-6.771,0,0,0
-0.3701,-0.0593,0.9373,4.2824,-0.626,-7.5344,0,0,0
-0.3596,-0.0396,0.9412,3.2061,-0.2748,-7.0687,0,0,0
-0.375,-0.0737,0.9363,1.2443,0.4809,-6.8168,0,0,0
-0.3789,-0.0913,0.9343,0.916,-0.2214,-4.9466,0,0,0
-0.3809,-0.1021,0.9368,1.7405,-1.4885,-3.8397,0,0,0
-0.3745,-0.1006,0.9409,3.6641,-2.0458,-2.4656,0,0,0
-0.3733,-0.0847,0.9397,4.1221,-2.7099,-2.0229,0,0,0
-0.3738,-0.0811,0.9412,3.3969,-3.145,-1.9771,0,0,0
-0.3708,-0.0742,0.9478,3.3359,-3.6641,-2.9008,0,0,0
-0.3545,-0.0554,0.9624,0.5573,-2.7176,-2.5573,0,0,0
-0.3621,-0.0706,0.9731,-2.1679,-1.1374,-3.0687,0,0,0
-0.3735,-0.0728,0.9622,-2.9847,-0.5802,-3.7328,0,0,0
-0.3738,-0.0859,0.9592,-2.8473,-0.3206,-3.0534,0,0,0
-0.3792,-0.106,0.9568,-1.3588,-0.8473,-1.626,0,0,0
-0.3799,-0.0911,0.9583,0.0534,-1.0992,-0.6565,0,0,0
-0.3735,-0.0925,0.9585,0.4351,-1.2824,0.1221,0,0,0
-0.3721,-0.0752,0.9558,0.313,-0.9924,0.2977,0,0,0
-0.3708,-0.0627,0.949,-0.8931,-0.6718,-0.084,0,0,0
-0.3679,-0.0571,0.9404,-1.9618,-1.145,-1.2214,0,0,0
-0.3635,-0.0554,0.948,-3.1069,-1.0534,-2.2214,0,0,0
-0.366,-0.063,0.9441,-4.0229,-0.1832,-3.2977,0,0,0
-0.3804,-0.0754,0.9363,-4.0458,-0.7099,-3.8626,0,0,0
-0.3828,-0.0964,0.9348,-2.855,-1.4275,-4.0687,0,0,0
-0.3828,-0.1035,0.9509,0.4733,-2.0229,-3.9466,0,0,0
-0.375,-0.1045,0.946,3.9237,-2.2443,-3.8855,0,0,0
-0.3867,-0.1123,0.9553,5.5191,-1.4733,-4.5496,0,0,0
-0.3757,-0.0808,0.9678,4.3817,-0.3282,-3.1756,0,0,0
-0.3723,-0.0625,0.9719,2.5878,0.3664,-3.4885,0,0,0
-0.3728,-0.0591,0.9692,0.1908,1.1527,-4.3053,0,0,0
-0.3813,-0.0596,0.9697,-1.0611,1.1679,-4.855,0,0,0
-0.3867,-0.0691,0.958,-3.145,0.7939,-4.458,0,0,0
-0.395,-0.0916,0.9521,-3.3359,-0.0076,-3.6641,0,0,0
-0.3848,-0.1057,0.957,-1.687,-0.626,-3.1069,0,0,0
-0.3804,-0.106,0.9629,0.0687,-1.084,-2.0076,0,0,0
-0.3667,-0.0974,0.9714,0.4427,-0.8321,-0.2748,0,0,0
-0.3618,-0.0791,0.9724,0.8855,0.5344,-0.1908,0,0,0
-0.3677,-0.061,0.9729,0.0611,1.6412,-0.7481,0,0,0
-0.3723,-0.0576,0.9626,-1.7786,2.0076,-1.4809,0,0,0
-0.3762,-0.0596,0.9563,-2.4885,1.9771,-2.374,0,0,0
-0.3799,-0.0649,0.9473,-2.5267,1.145,-3.542,0,0,0
-0.3818,-0.0896,0.9409,-1.3893,0.2977,-4.2061,0,0,0
-0.3796,-0.0972,0.9424,1.4809,-0.2366,-4.2672,0,0,0
-0.374,-0.094,0.9514,4.4885,-0.5573,-4.2901,0,0,0
-0.3677,-0.0742,0.9514,5.3206,-0.084,-2.7863,0,0,0
-0.3745,-0.0681,0.9556,4.6489,-0.1832,-2.4046,0,0,0
-0.3684,-0.0691,0.9526,5.6489,0.3893,-3.3435,0,0,0
-0.3577,-0.0405,0.9639,5.771,1.4962,-5.4427,0,0,0
-0.3596,-0.0396,0.9641,3.145,3.3206,-6.6718,0,0,0
-0.3743,-0.0542,0.948,0.916,3.3282,-7.1527,0,0,0
-0.3882,-0.0713,0.9382,-0.0458,1.5649,-6.5496,0,0,0
-0.3826,-0.0757,0.9397,0.2748,0.4275,-5.8626,0,0,0
-0.384,-0.0781,0.9338,0.4351,-0.6794,-4.1298,0,0,0
-0.3794,-0.0754,0.9314,0.1374,-1.3282,-3.1374,0,0,0
-0.3801,-0.0769,0.9353,0.9695,-2.3893,-3.0153,0,0,0
-0.3762,-0.0764,0.9333,3.9313,-2.9771,-3.4427,0,0,0
-0.3616,-0.0588,0.9529,4.8244,-2.4427,-3.2519,0,0,0
-0.3665,-0.0642,0.9568,2.313,-2.1603,-2.3359,0,0,0
-0.3711,-0.0698,0.9531,0.542,-1.2595,-1.9924,0,0,0
-0.3704,-0.0645,0.9634,-1.3511,-1.0534,-1.6183,0,0,0
-0.374,-0.071,0.9507,-2.2672,-0.9542,-2.6794,0,0,0
-0.3772,-0.0747,0.9504,-2.2443,-1.5573,-2.8779,0,0,0
-0.3689,-0.0764,0.9585,-2.6794,-1.771,-2.4122,0,0,0
-0.3599,-0.0991,0.9739,-4.3511,-1.0305,0.0305,0,0,0
-0.3652,-0.1072,0.9727,-3.8092,1.3053,1.7176,0,0,0
-0.377,-0.0989,0.9641,-2.0992,1.4962,2.3282,0,0,0
-0.3794,-0.084,0.9575,-0.5649,0.9084,2.542,0,0,0
-0.3767,-0.0698,0.9541,-0.8321,0.771,2.1908,0,0,0
-0.3699,-0.0596,0.9399,-1.0534,0.8779,1.4962,0,0,0
-0.376,-0.0449,0.9365,-2.8092,0.2443,0.8626,0,0,0
-0.3799,-0.0532,0.9321,-5.3969,-0.2977,0.4351,0,0,0
-0.3823,-0.0723,0.9329,-6.1756,-0.9847,0.4733,0,0,0
-0.3779,-0.0681,0.9399,-5.5954,-1.458,0.5267,0,0,0
-0.377,-0.0811,0.9504,-4.5496,-1.6107,0.2519,0,0,0
-0.3726,-0.0903,0.9514,-1.8855,-1.687,0.0763,0,0,0
-0.3721,-0.0801,0.9575,-0.2519,-1.0076,0.1603,0,0,0
-0.3777,-0.0688,0.948,-0.6336,-1.1679,0.313,0,0,0
-0.3821,-0.0647,0.9534,-2.5038,-1.4733,0.771,0,0,0
-0.3723,-0.0579,0.9648,-4.9924,-1.2214,0.5115,0,0,0
-0.3743,-0.0681,0.9653,-6.2366,-0.6031,0.0992,0,0,0
-0.3687,-0.0784,0.9741,-5.4046,-0.5649,-0.1298,0,0,0
-0.3728,-0.084,0.9744,-3.8321,0.1832,-0.145,0,0,0
-0.3782,-0.0901,0.9648,-2.8092,0.4656,0.2061,0,0,0
-0.3723,-0.0779,0.959,-1.9313,0.4351,0.3664,0,0,0
-0.3792,-0.0769,0.9463,-1.4809,0.3588,0.2443,0,0,0
-0.3804,-0.071,0.9385,-2.1145,0.0458,0.8626,0,0,0
-0.3792,-0.0581,0.9417,-4.1298,-0.3282,1.3435,0,0,0
-0.3782,-0.0718,0.96,-5.0382,-1.0534,1.5344,0,0,0
-0.376,-0.0681,0.9553,-4.3664,-0.4198,0.9237,0,0,0
-0.3762,-0.073,0.9629,-3.0305,-0.5725,0.7481,0,0,0
-0.3721,-0.0723,0.9702,-2.4427,-0.3511,0.3511,0,0,0
-0.3728,-0.0796,0.9658,-1.542,-0.0229,-0.0076,0,0,0
-0.3752,-0.0735,0.9583,-1.5344,0.3435,0.8931,0,0,0
-0.3701,-0.0703,0.9617,-2.855,1.0992,1.2672,0,0,0
-0.3728,-0.0667,0.9624,-3.4504,1.374,0.9084,0,0,0
-0.3765,-0.0564,0.9536,-4.0611,1.4809,0.0916,0,0,0
-0.3696,-0.0627,0.949,-5.0687,1.374,0.1679,0,0,0
-0.376,-0.0779,0.9421,-5.542,1.1679,0.7634,0,0,0
-0.3813,-0.0845,0.9392,-5.5267,0.3359,1.8321,0,0,0
-0.3816,-0.0808,0.9407,-6.0611,-0.2672,2.2901,0,0,0
-0.3706,-0.0813,0.9534,-8.7405,-0.4656,3.7099,0,0,0
-0.3657,-0.0881,0.9668,-10.5344,0.5191,5.2595,0,0,0
-0.3667,-0.0977,0.968,-10.6031,1.542,6.313,0,0,0
-0.3784,-0.093,0.9548,-8.687,1.8397,6.3359,0,0,0
-0.3826,-0.0818,0.9446,-6.5038,0.9389,5.229,0,0,0
-0.3843,-0.0706,0.9377,-4.8931,0.1069,3.4122,0,0,0
-0.3811,-0.0754,0.9355,-3.0687,-0.9237,1.5115,0,0,0
-0.375,-0.0674,0.9368,-1.8015,-1.6336,-0.3206,0,0,0
-0.3794,-0.0752,0.9387,-1.1908,-2.0305,-1.0382,0,0,0
-0.3721,-0.072,0.9478,-1.5191,-1.8779,-0.9771,0,0,0
-0.3682,-0.0725,0.9595,-1.9771,-0.9237,-1.4504,0,0,0
-0.3677,-0.0735,0.9495,-2.3282,-0.1832,-1.8779,0,0,0
-0.3716,-0.0881,0.9497,-2.3817,0.3282,-1.3893,0,0,0
-0.3708,-0.0896,0.9546,-2.0,0.7939,-0.3893,0,0,0
-0.3752,-0.0879,0.9507,-1.9466,0.7176,-0.0611,0,0,0
-0.3792,-0.0857,0.9424,-1.8092,0.4198,0.0458,0,0,0
-0.3806,-0.0718,0.9421,-2.4656,-0.0153,-0.5725,0,0,0
-0.3813,-0.0806,0.9329,-1.7634,-0.313,-1.7863,0,0,0
-0.3821,-0.0881,0.9287,-0.3511,-1.6183,-2.3817,0,0,0
-0.3845,-0.0781,0.9348,0.6183,-2.2214,-2.2977,0,0,0
-0.3772,-0.0803,0.9392,0.4427,-2.6641,-2.4046,0,0,0
-0.3752,-0.082,0.9426,0.0305,-3.0687,-1.7481,0,0,0
-0.3701,-0.073,0.9583,-0.6336,-2.2443,-1.2748,0,0,0
-0.3738,-0.0747,0.9519,-1.5878,-1.9237,-0.626,0,0,0
-0.3752,-0.0747,0.9539,-1.4962,-1.9618,-1.0992,0,0,0
-0.3865,-0.0767,0.9587,-0.3206,-2.4809,-2.0229,0,0,0
-0.3784,-0.082,0.96,3.1908,-2.1756,-3.7863,0,0,0
-0.3743,-0.0625,0.9614,6.5191,-1.4885,-6.2519,0,0,0
-0.3711,-0.0671,0.9712,8.3435,-0.2061,-7.2901,0,0,0
-0.3711,-0.0518,0.9646,8.0916,1.6336,-6.7863,0,0,0
-0.3809,-0.0574,0.96,5.313,3.084,-7.1527,0,0,0
-0.3882,-0.064,0.946,2.8473,2.8855,-6.458,0,0,0
-0.3965,-0.0647,0.9419,0.4809,1.2748,-5.2214,0,0,0
-0.3826,-0.0796,0.9399,-1.0153,-0.0916,-4.7023,0,0,0
-0.3748,-0.0889,0.9526,-1.3817,-0.8473,-3.6641,0,0,0
-0.3684,-0.0833,0.9583,-2.2595,-0.7023,-2.0458,0,0,0
-0.3721,-0.0903,0.9514,-2.7252,-0.0611,-1.5115,0,0,0
-0.3782,-0.1111,0.9551,-2.0992,0.3282,-0.3282,0,0,0
-0.3713,-0.0991,0.9529,-1.2061,-0.0611,1.084,0,0,0
-0.374,-0.0859,0.9558,-1.3511,0.0076,1.1679,0,0,0
-0.3743,-0.085,0.9465,-2.2595,-0.4809,1.8092,0,0,0
-0.3743,-0.082,0.9465,-3.084,-0.6641,3.0382,0,0,0
-0.3708,-0.0713,0.9504,-3.9618,-0.4962,2.9847,0,0,0
-0.3679,-0.0693,0.9539,-4.0611,-0.1145,2.6031,0,0,0
-0.3713,-0.0586,0.9507,-3.3282,-0.0458,1.458,0,0,0
-0.3779,-0.0659,0.9431,-2.5878,-0.1069,0.3206,0,0,0
-0.3772,-0.0562,0.9392,-2.5878,-0.5573,-0.1832,0,0,0
-0.3738,-0.0613,0.9368,-3.6489,-0.2672,-0.0153,0,0,0
-0.3748,-0.0779,0.9397,-3.4656,0.0305,0.1679,0,0,0
-0.3799,-0.0647,0.9485,-2.8244,-0.0687,0.0458,0,0,0
-0.3767,-0.0681,0.9521,-3.5954,0.084,0.3664,0,0,0
-0.3796,-0.0776,0.9561,-3.5649,0.1985,0.3053,0,0,0
-0.3752,-0.0732,0.957,-4.1221,0.7099,0.542,0,0,0
-0.3853,-0.0735,0.9604,-5.0229,0.6031,0.2901,0,0,0
-0.3904,-0.0867,0.9534,-6.2519,0.0153,0.4885,0,0,0
-0.3835,-0.0884,0.9504,-7.1145,-0.7328,1.0687,0,0,0
-0.386,-0.1047,0.9548,-6.6107,-0.1832,1.9313,0,0,0
-0.3875,-0.1003,0.9626,-4.6183,-0.4198,2.5496,0,0,0
-0.3745,-0.0889,0.9592,-2.4504,-0.2137,2.9542,0,0,0
-0.3835,-0.0798,0.958,-1.0534,1.2366,2.2443,0,0,0
-0.3933,-0.0713,0.9563,-0.145,0.8015,0.9237,0,0,0
-0.3918,-0.0701,0.9424,0.1985,-0.1298,0.1069,0,0,0
-0.3838,-0.0645,0.9392,-0.4427,-0.9313,-0.229,0,0,0
-0.3735,-0.0605,0.9436,-2.5649,-1.2672,-0.4198,0,0,0
-0.363,-0.0681,0.9556,-4.9084,-0.7023,0.2137,0,0,0
-0.3635,-0.071,0.9583,-6.2214,0.7405,0.3206,0,0,0
-0.3811,-0.0845,0.9521,-6.0382,2.1069,-0.2824,0,0,0
-0.394,-0.0945,0.9397,-3.2443,1.3282,0.1527,0,0,0
-0.3933,-0.0984,0.9309,0.6641,0.2748,0.5573,0,0,0
-0.3853,-0.0796,0.9351,4.2595,-0.6641,0.2977,0,0,0
-0.384,-0.0569,0.9329,4.4046,-1.3969,-0.771,0,0,0
-0.3857,-0.0608,0.9414,2.7786,-2.2824,-1.0229,0,0,0
-0.3701,-0.0613,0.9617,-1.0992,-2.0458,-0.229,0,0,0
-0.3638,-0.0686,0.978,-4.5573,0.0153,0.3893,0,0,0
-0.3752,-0.0728,0.9687,-6.8626,0.4809,-0.5191,0,0,0
-0.3833,-0.0884,0.9604,-7.1832,0.5344,-0.5344,0,0,0
-0.3794,-0.1045,0.9543,-5.0763,-0.084,-0.4885,0,0,0
-0.3794,-0.1089,0.9448,-1.7176,-0.0382,-0.1985,0,0,0
-0.3779,-0.0876,0.9348,0.7939,-0.3206,0.1298,0,0,0
-0.3762,-0.0728,0.9368,-0.1069,-0.5878,0.4427,0,0,0
-0.3699,-0.0696,0.9417,-1.6947,-0.0916,0.4962,0,0,0
-0.3691,-0.071,0.9419,-4.4427,0.2214,1.0534,0,0,0
-0.3765,-0.0923,0.9385,-6.5344,0.3817,1.7176,0,0,0
-0.3921,-0.0933,0.9258,-6.6336,-0.9084,2.1832,0,0,0
-0.386,-0.0972,0.9346,-5.2595,-2.6336,2.6412,0,0,0
-0.3774,-0.0789,0.9355,-4.4962,-3.4198,3.6794,0,0,0
-0.3774,-0.0728,0.9348,-4.2061,-3.2748,2.7786,0,0,0
-0.3735,-0.073,0.9531,-4.0687,-2.1145,2.3206,0,0,0
-0.3699,-0.0703,0.96,-4.542,-0.374,1.9847,0,0,0
-0.3694,-0.064,0.9563,-4.7939,0.8092,1.6412,0,0,0
-0.3782,-0.0857,0.9507,-4.626,0.3664,0.8168,0,0,0
-0.3867,-0.1038,0.9504,-4.2443,-0.4885,1.4046,0,0,0
-0.3831,-0.0967,0.9451,-3.2748,-1.2366,1.9618,0,0,0
-0.3813,-0.0845,0.9404,-3.1527,-1.7481,2.3206,0,0,0
-0.3821,-0.074,0.9404,-3.771,-2.2748,1.916,0,0,0
-0.3752,-0.0627,0.9507,-4.9542,-2.8015,2.2824,0,0,0
-0.3774,-0.074,0.9565,-5.7481,-1.542,1.458,0,0,0
-0.3679,-0.0747,0.9622,-4.626,-0.0458,0.4962,0,0,0
-0.3818,-0.0728,0.9504,-3.8779,0.4656,-0.7023,0,0,0
-0.3835,-0.094,0.9436,-2.3969,-0.3053,-1.0916,0,0,0
-0.3828,-0.0889,0.9377,-1.0611,-0.9924,-1.0382,0,0,0
-0.3787,-0.0957,0.9451,-0.6489,-1.1985,0.0,0,0,0
-0.3711,-0.0876,0.9443,-1.2366,-1.7634,0.3282,0,0,0
-0.3743,-0.0884,0.9534,-3.1603,-1.5878,1.4427,0,0,0
-0.3713,-0.0759,0.96,-5.0611,-1.145,1.4122,0,0,0
-0.373,-0.0796,0.9614,-6.8855,-0.5878,0.8244,0,0,0
-0.3738,-0.095,0.9604,-6.3511,0.0611,0.5725,0,0,0
-0.3811,-0.0999,0.9436,-3.9237,0.2672,0.3282,0,0,0
-0.3855,-0.0881,0.9407,-1.4809,0.0229,0.3511,0,0,0
-0.3821,-0.0886,0.9443,-1.1298,-0.6336,0.9084,0,0,0
-0.3887,-0.0779,0.9438,-1.4885,-1.0153,1.0763,0,0,0
-0.3792,-0.0798,0.9614,-3.5496,-1.5954,1.2901,0,0,0
-0.3679,-0.0806,0.9629,-5.7863,-0.8397,1.2977,0,0,0
-0.3762,-0.084,0.9573,-7.4809,0.2748,1.0458,0,0,0
-0.3828,-0.0935,0.9612,-8.1985,0.1908,0.4962,0,0,0
-0.3884,-0.1016,0.9536,-7.145,0.0229,0.7557,0,0,0
-0.3931,-0.1069,0.9412,-3.8092,-0.374,0.9084,0,0,0
-0.3882,-0.0986,0.9417,0.0534,-1.0534,0.6412,0,0,0
-0.3796,-0.0815,0.9502,1.2901,-0.8244,0.916,0,0,0
-0.3826,-0.0808,0.9534,0.8779,-0.4351,1.0611,0,0,0
-0.3835,-0.0693,0.9619,-1.0992,-0.4046,1.1221,0,0,0
-0.3745,-0.0701,0.9609,-2.8931,0.2061,0.7328,0,0,0
-0.3757,-0.0752,0.9639,-4.5038,0.2214,0.4275,0,0,0
-0.3787,-0.0828,0.9629,-4.0305,0.687,-0.0382,0,0,0
-0.3899,-0.0867,0.9587,-2.3817,0.7023,-0.3435,0,0,0
-0.3872,-0.084,0.949,0.145,0.2519,-1.1603,0,0,0
-0.3862,-0.0759,0.9521,2.0229,0.1756,-1.3511,0,0,0
-0.3818,-0.064,0.9546,2.7863,0.5649,-2.1145,0,0,0
-0.3804,-0.0698,0.9622,3.4122,0.9847,-3.4275,0,0,0
-0.3708,-0.063,0.9749,3.2977,2.542,-3.5573,0,0,0
-0.3813,-0.0869,0.9878,3.145,4.1527,-4.1527,0,0,0
-0.3726,-0.1072,0.9861,9.1069,4.8931,-7.6565,0,0,0
-0.3696,-0.0684,0.9814,14.458,6.6107,-10.8626,0,0,0
-0.375,-0.0735,0.9771,16.4046,9.8397,-11.4122,0,0,0
-0.3796,-0.0684,0.9705,16.5649,11.9924,-12.6565,0,0,0
-0.2454,-0.0771,1.0173,17.1221,22.2519,-16.6412,0,0,0
-0.3931,-0.0503,0.9309,11.6412,14.2595,-12.7557,0,0,0
-0.3967,-0.0625,0.9207,8.4962,13.1374,-11.5954,0,0,0
0.0605,-0.0034,1.0847,9.4046,25.9542,-15.4046,0,0,0
-0.5071,-0.0881,0.8918,8.1374,11.2824,-8.4122,0,0,0
-0.3931,-0.061,0.9021,8.7405,8.8473,-8.1221,0,0,0
-0.4082,-0.0615,0.8984,7.9924,6.7634,-8.0611,0,0,0
-0.3997,-0.0623,0.9192,7.0153,4.7863,-7.0382,0,0,0
-0.4009,-0.0508,0.9121,6.5191,3.3817,-7.7481,0,0,0
-0.4014,-0.0649,0.9138,8.0687,1.9389,-9.2214,0,0,0
-0.3921,-0.0498,0.9219,8.4198,1.0382,-9.4427,0,0,0
-0.3923,-0.0508,0.9321,6.145,0.1832,-8.5038,0,0,0
-0.3997,-0.0662,0.9297,5.2137,0.1603,-7.0458,0,0,0
-0.4045,-0.0579,0.937,4.8244,-1.1069,-6.9695,0,0,0
-0.3918,-0.052,0.9443,3.8855,-1.2901,-7.7176,0,0,0
-0.3953,-0.0571,0.9524,3.0611,-0.8168,-7.9924,0,0,0
-0.3953,-0.0803,0.9485,4.7939,-0.8702,-9.4351,0,0,0
-0.3826,-0.0757,0.9568,7.7328,0.0611,-9.7939,0,0,0
-0.3853,-0.0688,0.958,9.0534,2.5267,-9.7939,0,0,0
-0.3914,-0.0613,0.959,10.2214,3.7863,-10.4427,0,0,0
-0.3997,-0.0408,0.9458,8.0687,4.9084,-11.1832,0,0,0
-0.417,-0.0608,0.9351,6.0534,4.0611,-10.7176,0,0,0
-0.418,-0.0757,0.9219,5.855,1.855,-10.0458,0,0,0
-0.4128,-0.063,0.9246,7.3817,0.0,-9.4733,0,0,0
-0.4063,-0.0466,0.9292,7.6565,-1.3511,-9.6718,0,0,0
-0.4011,-0.0547,0.9392,7.0763,-1.626,-9.4275,0,0,0
-0.3928,-0.0334,0.9358,6.7405,-0.7176,-8.9924,0,0,0
-0.4033,-0.0413,0.9304,6.0687,-0.2061,-9.6336,0,0,0
-0.4102,-0.0342,0.9231,6.2366,-1.0992,-10.7328,0,0,0
-0.4043,-0.0403,0.9338,9.0916,-1.458,-12.9084,0,0,0
-0.4023,-0.0217,0.9346,10.7557,-1.4046,-15.5038,0,0,0
-0.4028,-0.0298,0.9268,9.8626,-2.0687,-15.7557,0,0,0
-0.3982,-0.0281,0.9319,7.0916,-2.4504,-14.2672,0,0,0
-0.3953,-0.0464,0.9519,4.1221,-3.084,-11.8092,0,0,0
-0.3816,-0.0415,0.9573,1.5191,-1.9771,-10.4046,0,0,0
-0.3855,-0.0525,0.9534,0.6336,-0.9237,-10.1756,0,0,0
-0.3982,-0.05,0.9451,1.1069,-1.0687,-11.2366,0,0,0
-0.3945,-0.0601,0.9392,2.6489,-1.3588,-12.9466,0,0,0
-0.3848,-0.0476,0.9375,5.7176,-1.9008,-15.1145,0,0,0
-0.4041,-0.0354,0.9116,6.7939,-2.4656,-16.7252,0,0,0
-0.4175,-0.0505,0.9011,7.2824,-3.9924,-16.0382,0,0,0
-0.4155,-0.0481,0.8992,9.458,-6.916,-16.5267,0,0,0
-0.396,-0.0288,0.9126,9.4504,-9.3511,-15.771,0,0,0
-0.3979,-0.0132,0.9165,8.2214,-11.1985,-15.9542,0,0,0
-0.3982,-0.0295,0.9197,8.458,-12.8168,-17.3588,0,0,0
-0.3877,-0.0342,0.9214,9.1145,-14.5115,-19.1374,0,0,0
-0.3904,-0.0439,0.9272,8.6565,-15.4809,-19.9008,0,0,0
-0.3901,-0.0376,0.9377,7.6641,-16.8855,-19.9847,0,0,0
-0.3694,-0.043,0.9507,4.9389,-17.4733,-17.2214,0,0,0
-0.3506,-0.0667,0.9771,1.4351,-15.4504,-12.2901,0,0,0
-0.3459,-0.062,1.002,0.3359,-10.458,-9.3053,0,0,0
-0.3479,-0.0381,0.9807,-1.145,-5.542,-8.2672,0,0,0
-0.3872,-0.0591,0.9521,-1.1679,-4.771,-9.6947,0,0,0
-0.4016,-0.0767,0.9453,0.4046,-7.4427,-8.9313,0,0,0
-0.3933,-0.0767,0.9453,1.9924,-9.9313,-7.5267,0,0,0
-0.3821,-0.0693,0.937,3.1069,-11.4885,-6.7405,0,0,0
-0.3779,-0.0427,0.9387,2.542,-12.542,-6.7252,0,0,0
-0.3708,-0.0515,0.9429,1.084,-13.4885,-7.1298,0,0,0
-0.3591,-0.0564,0.9634,-0.1374,-13.1374,-6.2519,0,0,0
-0.3477,-0.0552,0.9712,-0.687,-11.3664,-6.1603,0,0,0
-0.3611,-0.0625,0.9734,-0.0611,-9.5038,-6.4351,0,0,0
-0.3623,-0.062,0.9634,0.5496,-9.8244,-6.2672,0,0,0
-0.3647,-0.0461,0.9644,0.2672,-10.2061,-6.8244,0,0,0
-0.3611,-0.061,0.9451,0.2977,-10.7328,-7.3969,0,0,0
-0.3586,-0.0632,0.9189,0.5649,-12.0229,-6.4962,0,0,0
-0.3518,-0.0515,0.9153,0.2519,-14.5267,-5.5725,0,0,0
-0.3389,-0.0396,0.928,-1.6107,-17.1603,-5.084,0,0,0
-0.3203,-0.0225,0.9619,-5.0382,-17.3511,-4.6031,0,0,0
-0.3052,-0.0286,0.9583,-9.3511,-15.2443,-3.7939,0,0,0
-0.2964,-0.02,0.9541,-12.2901,-13.9847,-5.2824,0,0,0
-0.3042,-0.0498,0.9446,-13.9847,-12.7405,-7.5725,0,0,0
-0.3154,-0.0894,0.9485,-13.542,-11.6947,-9.0611,0,0,0
-0.3245,-0.1052,0.9485,-11.2977,-11.7176,-8.8931,0,0,0
-0.311,-0.1211,0.9631,-10.0534,-11.3969,-5.9924,0,0,0
-0.3162,-0.1509,0.9707,-8.3893,-8.8473,-2.1527,0,0,0
-0.3066,-0.113,0.9827,-7.542,-8.9924,-0.5038,0,0,0
-0.3208,-0.0762,0.9771,-6.687,-8.1069,-0.2901,0,0,0
-0.3164,-0.0793,0.9514,-5.4504,-8.4504,-2.3664,0,0,0
-0.3328,-0.1008,0.9695,-5.2137,-7.6718,-2.4351,0,0,0
-0.3445,-0.1067,0.9421,-3.0382,-7.6947,-0.771,0,0,0
-0.3435,-0.1084,0.9387,-3.4656,-9.5191,2.4046,0,0,0
-0.3347,-0.1111,0.9495,-1.1985,-10.5802,4.5496,0,0,0
-0.314,-0.0955,0.9568,0.7481,-10.9542,6.0153,0,0,0
-0.3113,-0.0662,0.9592,0.3435,-11.9847,6.6641,0,0,0
-0.3098,-0.0525,0.9617,-0.4504,-11.1679,6.1527,0,0,0
-0.3257,-0.0474,0.9519,-0.9466,-11.1374,4.8015,0,0,0
-0.3335,-0.0581,0.9431,-1.4275,-12.2137,5.2443,0,0,0
-0.3257,-0.0571,0.9412,-1.5649,-14.084,5.2748,0,0,0
-0.321,-0.0583,0.9675,-1.6489,-16.6183,5.8931,0,0,0
-0.3047,-0.0549,0.9883,-0.8931,-16.3206,7.1298,0,0,0
-0.291,-0.0547,1.0005,-1.9313,-14.916,6.687,0,0,0
-0.29,-0.054,1.0132,-3.6718,-11.6947,7.5725,0,0,0
-0.301,-0.0579,1.0227,-4.7252,-9.3664,8.626,0,0,0
-0.3052,-0.0698,1.0107,-4.2901,-7.5496,9.3969,0,0,0
-0.3149,-0.0549,1.0107,-3.4809,-7.0458,9.7481,0,0,0
-0.3132,-0.052,0.9915,-3.5954,-6.6183,9.0992,0,0,0
-0.3186,-0.0603,1.001,-4.4275,-5.9695,9.1679,0,0,0
-0.3284,-0.0793,1.0012,-4.2672,-5.5267,10.8702,0,0,0
-0.3367,-0.0852,1.0063,-3.3588,-5.229,13.4351,0,0,0
-0.334,-0.0706,1.0137,-1.9237,-4.855,15.8168,0,0,0
-0.3296,-0.0457,1.0232,-2.1374,-3.6412,17.2824,0,0,0
-0.3384,-0.041,1.0142,-3.8092,-2.0611,17.5038,0,0,0
-0.3433,-0.0427,1.0081,-4.5115,-1.4427,17.4122,0,0,0
-0.3518,-0.0405,1.0068,-5.145,-1.2977,17.1603,0,0,0
-0.3408,-0.0444,1.0188,-5.1527,-1.6489,17.6183,0,0,0
-0.3298,-0.0342,1.0149,-5.9924,-0.8702,17.8321,0,0,0
-0.3218,-0.0244,1.0225,-8.0305,0.542,17.0611,0,0,0
-0.3086,-0.0298,1.0198,-9.6183,2.0534,15.4275,0,0,0
-0.3108,-0.0549,1.0107,-9.3282,2.9084,13.7634,0,0,0
-0.2942,-0.0701,1.0088,-7.2824,3.9466,12.9008,0,0,0
-0.2854,-0.0547,0.9976,-5.7863,5.3053,12.2214,0,0,0
-0.2834,-0.0369,1.0002,-6.7023,5.2748,10.5344,0,0,0
-0.2778,-0.0303,1.0085,-8.2443,5.4275,8.9389,0,0,0
-0.261,-0.0159,1.0198,-9.8855,6.7786,6.6107,0,0,0
-0.2476,-0.0059,1.0322,-13.8244,9.4275,3.0229,0,0,0
-0.2468,-0.0122,1.0234,-17.9313,12.4885,-0.5954,0,0,0
-0.2854,-0.2781,1.0237,-22.6031,9.6183,-4.4504,0,0,0
-0.2314,-0.0884,0.9771,-16.2137,15.687,-3.8779,0,0,0
-0.2964,-0.062,0.9595,-10.4351,15.5573,-3.8092,0,0,0
-0.3169,0.1067,0.9375,-14.687,13.1756,10.1069,0,0,0
-0.3008,-0.0349,0.9624,-14.0611,7.8321,-4.9008,0,0,0
-0.2793,-0.0095,0.9736,-19.2061,13.7176,-5.687,0,0,0
-0.2598,-0.0513,0.9417,-24.8626,13.0687,-5.1832,0,0,0
-0.2761,-0.2966,0.96,-23.2519,7.5344,-8.7939,0,0,0
-0.3372,-0.0718,0.937,-24.6489,6.2595,-11.5496,0,0,0
-0.321,-0.1184,0.9614,-18.8779,2.8168,-9.6031,0,0,0
-0.2913,-0.1223,0.9856,-11.0305,7.6641,-7.0153,0,0,0
-0.314,-0.1343,0.9771,-3.7786,11.8397,-2.9771,0,0,0
-0.3357,-0.0852,0.9663,0.4275,12.1145,-0.313,0,0,0
-0.3594,-0.04,0.947,-1.9389,9.8397,-1.6183,0,0,0
-0.3462,-0.0115,0.9509,-8.0916,7.1756,-2.7634,0,0,0
-0.3354,-0.0479,0.9641,-13.7863,5.3435,-4.4809,0,0,0
-0.3198,-0.0955,0.9731,-14.3588,6.2824,-3.9847,0,0,0
-0.3184,-0.1077,0.9668,-11.9313,6.8855,-4.0229,0,0,0
-0.3281,-0.1152,0.9722,-9.0992,6.145,-4.9466,0,0,0
-0.3433,-0.1128,0.9583,-7.3053,5.2366,-6.2519,0,0,0
-0.3345,-0.1311,0.9729,-7.0305,3.687,-6.1527,0,0,0
-0.3259,-0.1526,0.9849,-6.6794,4.2672,-4.9313,0,0,0
-0.3218,-0.1526,0.9658,-7.3893,4.9924,-4.1603,0,0,0
-0.3389,-0.1555,0.9724,-7.2672,4.3053,-3.7634,0,0,0
-0.3379,-0.167,0.9678,-6.6718,2.9618,-3.7328,0,0,0
-0.3303,-0.1665,0.9705,-5.7099,2.7099,-3.0382,0,0,0
-0.3335,-0.1641,0.9705,-6.4046,3.0916,-1.7939,0,0,0
-0.3372,-0.1692,0.9656,-7.5115,3.2595,-0.2137,0,0,0
-0.3406,-0.1594,0.978,-8.4809,2.9924,1.1221,0,0,0
-0.3291,-0.1558,0.9819,-7.9313,3.3511,2.3282,0,0,0
-0.3208,-0.1448,0.9756,-6.0992,3.771,2.8626,0,0,0
-0.3091,-0.1121,0.9824,-4.8015,5.0305,3.0229,0,0,0
-0.3196,-0.0876,0.9575,-6.5038,3.6641,1.626,0,0,0
-0.3135,-0.1077,0.9509,-6.5878,2.7328,0.0687,0,0,0
-0.303,-0.1047,0.948,-5.6336,1.9847,-1.7939,0,0,0
-0.3,-0.1106,0.9421,-3.8321,0.8168,-3.4962,0,0,0
-0.2852,-0.1189,0.9551,-0.4809,0.9542,-4.7557,0,0,0
-0.2754,-0.0928,0.9612,2.7481,1.9466,-6.458,0,0,0
-0.302,-0.0991,0.9438,4.5878,0.4427,-8.2137,0,0,0
-0.3093,-0.0918,0.9385,6.6183,-1.9237,-11.5725,0,0,0
-0.3169,-0.0957,0.9236,9.0458,-5.3511,-14.9618,0,0,0
-0.322,-0.1067,0.894,12.8244,-9.6794,-19.0229,0,0,0
-0.342,-0.1206,0.8728,18.6031,-15.6183,-22.229,0,0,0
-0.3452,-0.124,0.8831,22.6107,-21.9695,-22.8779,0,0,0
-0.3167,-0.0752,0.927,21.6947,-26.0305,-18.9924,0,0,0
-0.2866,-0.0518,0.9685,14.4351,-25.2901,-14.5344,0,0,0
-0.2827,-0.0925,0.9939,8.9466,-21.4885,-12.3817,0,0,0
-0.3809,-0.1101,0.9543,6.145,-20.626,-12.1832,0,0,0
-0.0537,-0.0916,1.0476,8.7939,-20.0534,-16.5802,0,0,0
-0.3633,-0.095,0.9729,10.4809,-19.6641,-16.5496,0,0,0
-0.3191,-0.1016,0.9744,11.6794,-22.8779,-14.3053,0,0,0
-0.2534,-0.0674,1.0386,6.9847,-19.1908,-10.3893,0,0,0
-0.2544,-0.0789,1.05,2.4733,-10.374,-8.1069,0,0,0
-0.2766,-0.0862,1.0396,-1.3664,-3.626,-7.8168,0,0,0
-0.3135,-0.0979,1.0161,-4.1679,-1.4275,-8.5573,0,0,0
-0.3318,-0.1218,1.001,-3.8473,-2.0763,-8.3588,0,0,0
-0.3252,-0.1492,0.989,-1.7023,-2.3969,-7.6107,0,0,0
-0.3149,-0.1284,0.9866,-0.3588,-2.0992,-6.1985,0,0,0
-0.3306,-0.1331,0.9717,0.8321,-2.5191,-5.5344,0,0,0
-0.3342,-0.1187,0.9524,0.6107,-3.8015,-5.8092,0,0,0
-0.3367,-0.1206,0.9473,-0.4809,-6.687,-5.7939,0,0,0
-0.343,-0.1133,0.9521,-3.3588,-10.0458,-5.9618,0,0,0
-0.3347,-0.1301,0.9504,-7.1374,-13.9313,-4.9237,0,0,0
-0.311,-0.1423,0.9653,-9.6031,-15.6565,-4.1069,0,0,0
-0.3062,-0.1621,0.9795,-8.2519,-15.1985,-2.2366,0,0,0
-0.29,-0.1865,0.9763,-2.0611,-15.084,-0.2977,0,0,0
-0.2646,-0.1406,1.0125,1.7328,-13.4351,1.1298,0,0,0
-0.2874,-0.1221,1.0017,4.1679,-10.7481,0.7939,0,0,0
-0.3015,-0.1023,0.9756,3.6489,-12.2443,0.5802,0,0,0
-0.2749,-0.085,0.9829,2.2977,-13.0534,-0.1069,0,0,0
-0.2981,-0.0793,0.957,-0.9008,-15.0229,-2.1679,0,0,0
-0.2815,-0.0928,0.9595,-3.6947,-16.7557,-2.5115,0,0,0
-0.2847,-0.1042,0.9465,-6.3817,-18.6183,-2.7481,0,0,0
-0.293,-0.1399,0.9463,-8.1603,-22.1985,-1.1603,0,0,0
-0.2354,-0.1497,0.9553,-8.8702,-24.3511,-0.1069,0,0,0
-0.2539,-0.155,0.959,-10.9313,-25.6565,3.7481,0,0,0
-0.2095,-0.1746,0.9963,-13.8626,-23.3053,7.4275,0,0,0
-0.1646,-0.1924,1.022,-11.9237,-14.8626,8.1679,0,0,0
-0.1838,-0.1768,1.01,-7.3969,-9.687,8.1069,0,0,0
-0.1926,-0.1582,0.9944,-2.916,-5.771,6.1298,0,0,0
-0.2158,-0.1516,0.9717,0.4656,-5.0,5.5878,0,0,0
-0.2241,-0.1541,0.9548,2.8015,-6.2443,5.8321,0,0,0
-0.2339,-0.1433,0.957,3.3511,-7.3588,7.4733,0,0,0
-0.2354,-0.1306,0.9563,3.1908,-8.3893,8.687,0,0,0
-0.2356,-0.1108,0.9636,3.1679,-9.2366,8.2519,0,0,0
-0.2395,-0.0859,0.967,2.5267,-10.5344,6.2748,0,0,0
-0.2341,-0.0774,0.9905,0.7557,-9.6641,5.0611,0,0,0
-0.2417,-0.0845,0.9937,0.8702,-9.1603,3.7557,0,0,0
-0.2439,-0.0862,1.0012,1.2443,-8.7481,3.5649,0,0,0
-0.2385,-0.0886,1.0193,2.084,-8.0916,4.4962,0,0,0
-0.2405,-0.073,1.0132,3.0305,-7.0534,4.2901,0,0,0
-0.25,-0.0696,1.0205,2.855,-6.542,2.8473,0,0,0
-0.2456,-0.0623,1.0251,2.7863,-6.4809,1.8168,0,0,0
-0.2371,-0.0652,1.0249,2.8702,-6.1603,0.7786,0,0,0
-0.238,-0.0559,1.0291,2.4885,-5.5191,-0.687,0,0,0
-0.2305,-0.0461,1.0356,1.5725,-4.0534,-1.3053,0,0,0
-0.2319,-0.054,1.0383,0.3206,-3.1221,-1.7481,0,0,0
-0.2349,-0.054,1.0391,-1.1145,-2.374,-2.0916,0,0,0
-0.2222,-0.0703,1.0356,-1.458,-1.855,-2.2366,0,0,0
-0.2244,-0.0737,1.0308,-0.3817,-1.5191,-3.1832,0,0,0
-0.2229,-0.0754,1.0227,0.2672,-1.7405,-3.9618,0,0,0
-0.2249,-0.0728,1.0229,0.458,-2.0763,-4.5496,0,0,0
-0.2231,-0.0762,1.0198,-0.3053,-1.6947,-4.9389,0,0,0
-0.2158,-0.0842,1.0295,-1.1679,-0.2595,-4.626,0,0,0
-0.2124,-0.0967,1.0281,-0.916,1.0687,-4.4733,0,0,0
-0.2114,-0.0908,1.0286,-2.1298,2.0076,-3.7939,0,0,0
-0.2195,-0.1069,1.0098,-3.2901,2.4656,-3.1145,0,0,0
-0.2356,-0.1182,1.0022,-3.1985,2.6489,-2.3359,0,0,0
-0.2363,-0.1321,0.998,-1.9466,1.6183,-1.5573,0,0,0
-0.2375,-0.1257,0.989,1.313,0.3664,-0.6565,0,0,0
-0.2344,-0.1218,0.991,2.6794,-0.6412,0.1756,0,0,0
-0.2207,-0.1113,1.0051,3.1603,-0.6412,1.542,0,0,0
-0.2148,-0.1033,1.0237,2.6565,0.3893,2.4351,0,0,0
-0.2178,-0.093,1.0061,0.9618,1.6336,1.5649,0,0,0
-0.2332,-0.1062,0.9888,0.8168,1.4504,1.8855,0,0,0
-0.2356,-0.1128,1.0085,1.5496,1.4733,2.1145,0,0,0
-0.2332,-0.1057,1.0115,3.7557,1.5954,2.1145,0,0,0
-0.2302,-0.0964,1.0122,5.0229,2.2519,1.8015,0,0,0
-0.2366,-0.0769,1.0098,3.8168,2.7405,2.9695,0,0,0
-0.2339,-0.0918,1.0134,2.2824,3.0916,2.6336,0,0,0
-0.2366,-0.0862,1.0061,0.9389,2.9771,2.2366,0,0,0
-0.241,-0.0962,1.0085,-1.2672,3.9695,1.6794,0,0,0
-0.2346,-0.1055,1.0273,-3.3969,4.8855,2.9847,1,0,0
-0.2307,-0.1179,1.0498,-5.916,7.3206,5.542,1,0,0
-0.2317,-0.1174,1.0422,-4.9695,10.6412,6.1603,1,0,0
-0.2151,-0.1128,1.0513,-2.5496,13.9466,5.626,1,0,0
-0.259,-0.1023,1.0063,0.916,14.2977,4.6336,1,0,0
-0.2683,-0.0994,0.9922,1.8702,12.4275,3.9771,1,0,0
-0.2671,-0.0854,0.9963,1.542,10.9924,3.5038,1,0,0
-0.2566,-0.0723,1.0039,-1.0763,10.1527,3.7023,1,0,0
-0.2649,-0.063,0.98,-6.6336,11.2061,3.9847,1,0,0
-0.2629,-0.093,1.0164,-11.916,11.313,4.0458,1,0,0
-0.2607,-0.1216,1.0254,-13.6031,12.5954,5.8168,1,0,0
-0.262,-0.1191,1.0225,-14.8244,14.8015,7.7099,1,0,0
-0.27,-0.1399,1.0173,-14.6718,16.2901,10.0305,1,0,0
-0.2786,-0.1362,1.0217,-13.1985,17.2672,11.2061,1,0,0
-0.2749,-0.123,1.0264,-11.0,17.8855,12.4504,1,0,0
-0.2861,-0.1082,1.0085,-12.7634,18.084,14.2977,1,0,0
-0.2891,-0.0862,0.9993,-15.0687,17.9771,14.8015,1,0,0
-0.2927,-0.0869,0.9978,-19.0229,17.7405,15.2519,1,0,0
-0.2805,-0.0938,0.99,-24.2366,17.7481,16.8092,1,0,0
-0.2771,-0.0884,1.0066,-30.9008,18.313,17.7405,1,0,0
-0.2849,-0.115,1.0024,-33.2672,19.7786,17.9008,1,0,0
-0.2886,-0.1443,0.9866,-29.2214,20.8626,16.7786,1,0,0
-0.2937,-0.1453,0.9724,-23.7481,20.4656,15.3511,1,0,0
-0.2993,-0.1309,0.947,-19.4885,19.1069,13.8702,1,0,0
-0.303,-0.1172,0.9524,-17.5191,17.2977,13.1298,1,0,0
-0.2966,-0.1182,0.9612,-18.4962,16.6031,13.9847,1,0,0
-0.2827,-0.1086,0.9683,-23.2519,17.7634,15.374,1,0,0
-0.2961,-0.1208,0.9827,-27.3511,20.0382,16.4275,1,0,0
-0.3047,-0.1255,0.9724,-29.5496,20.8015,14.5038,1,0,0
-0.3215,-0.1599,0.9546,-28.7634,19.7939,12.8626,1,0,0
-0.3335,-0.1863,0.9268,-24.4427,17.4885,11.3359,1,0,0
-0.3435,-0.1873,0.9285,-17.7939,13.7328,10.4504,1,0,0
-0.3259,-0.1755,0.9277,-11.5725,10.6031,10.1221,1,0,0
-0.3223,-0.1514,0.9402,-8.5649,7.9237,9.5115,1,0,0
-0.3047,-0.0935,0.9514,-10.1145,8.1069,10.1908,1,0,0
-0.2996,-0.1118,0.9539,-14.7863,10.1221,9.0763,1,0,0
-0.3174,-0.1167,0.9441,-18.145,11.9924,7.2061,1,0,0
-0.3403,-0.1667,0.926,-18.6489,10.9847,5.6107,1,0,0
-0.3486,-0.1816,0.9221,-14.5267,8.6489,4.8702,1,0,0
-0.3447,-0.1873,0.9155,-9.3588,6.0458,5.1527,1,0,0
-0.3315,-0.1699,0.9304,-5.8779,4.7405,5.4427,1,0,0
-0.3333,-0.1553,0.9333,-4.1298,4.4198,6.1145,1,0,0
-0.3276,-0.1377,0.9453,-6.3206,5.1145,5.6489,1,0,0
-0.3379,-0.1501,0.9421,-9.2519,5.3053,5.5725,1,0,0
-0.3381,-0.1387,0.9316,-10.2137,5.2061,3.7634,1,0,0
-0.3469,-0.155,0.9141,-9.3206,4.687,2.5878,1,0,0
-0.3589,-0.1506,0.897,-7.916,2.1603,1.458,1,0,0
-0.355,-0.1694,0.9175,-4.4885,0.0153,1.9389,1,0,0
-0.3381,-0.1501,0.9285,-1.9695,-1.687,1.9466,1,0,0
-0.324,-0.1379,0.9473,-2.4122,-1.8702,1.4122,1,0,0
-0.3159,-0.1411,0.9585,-3.8931,-0.6183,1.2824,1,0,0
-0.3159,-0.137,0.9639,-5.2901,2.1756,0.0382,1,0,0
-0.3337,-0.1538,0.9597,-6.6107,2.5802,-1.542,1,0,0
-0.3491,-0.1755,0.9502,-6.3817,1.6183,-2.2443,1,0,0
-0.3423,-0.1958,0.959,-5.1679,1.0458,-1.145,1,0,0
-0.3362,-0.1973,0.9592,-3.3435,1.0916,0.4885,1,0,0
-0.3376,-0.1814,0.9622,-4.0458,2.3206,1.5649,1,0,0
-0.3557,-0.1746,0.9617,-6.0687,2.4351,1.6107,1,0,0
-0.3547,-0.1782,0.9597,-8.3664,2.2443,1.8931,1,0,0
-0.3564,-0.2092,0.9641,-8.4809,2.2595,2.3893,1,0,0
-0.3635,-0.2195,0.9504,-4.9466,1.8473,3.2366,1,0,0
-0.3657,-0.2034,0.9397,-0.6336,0.9389,4.6107,1,0,0
-0.3701,-0.1975,0.9421,0.3206,0.4504,5.1298,1,0,0
-0.3689,-0.1816,0.9485,-0.1298,0.4733,5.7023,1,0,0
-0.3638,-0.1697,0.95,-2.5267,2.6412,6.3206,1,0,0
-0.3616,-0.1768,0.9434,-4.4198,4.542,6.3511,1,0,0
-0.3748,-0.178,0.9211,-4.4122,5.2366,6.084,1,0,0
-0.3828,-0.1746,0.9099,-4.0305,4.3206,5.687,1,0,0
-0.3835,-0.1555,0.8975,-3.3969,2.7557,5.0229,1,0,0
-0.3782,-0.156,0.9004,-3.6107,1.313,3.6031,1,0,0
-0.3782,-0.1646,0.9128,-3.2366,0.6412,3.2977,1,0,0
-0.3743,-0.1653,0.915,-3.855,0.9618,3.5115,1,0,0
-0.3721,-0.1733,0.9114,-4.4427,1.2901,4.1298,1,0,0
-0.3723,-0.1665,0.9062,-5.0382,0.7863,4.542,1,0,0
-0.375,-0.1619,0.905,-5.771,0.2824,4.687,1,0,0
-0.3806,-0.1648,0.8992,-5.4046,-0.7786,4.4809,1,0,0
-0.3784,-0.1802,0.8962,-3.6565,-2.4504,4.2443,1,0,0
-0.3718,-0.1787,0.9023,-1.1679,-4.2214,4.7405,1,0,0
-0.3723,-0.176,0.9092,0.7634,-5.6107,5.7786,1,0,0
-0.3684,-0.1663,0.9231,0.771,-5.8397,6.0458,1,0,0
-0.3582,-0.1545,0.9392,-1.5878,-5.6794,6.229,1,0,0
-0.3569,-0.1719,0.9465,-3.7786,-4.5496,6.3435,1,0,0
-0.3733,-0.1982,0.9148,-4.4809,-5.0458,6.6641,1,0,0
-0.3733,-0.1895,0.9395,-1.5115,-7.1603,8.084,1,0,0
-0.353,-0.1887,0.9487,2.1069,-7.7405,9.3588,1,0,0
-0.3513,-0.1497,0.9536,3.1298,-8.0916,9.4351,1,0,0
-0.3523,-0.1379,0.9578,2.4504,-8.0611,8.0763,1,0,0
-0.343,-0.1189,0.9639,1.1527,-7.1908,6.9237,1,0,0
-0.3323,-0.1206,0.9705,-2.0,-5.6794,5.916,1,0,0
-0.3381,-0.1421,0.9607,-2.9084,-4.1985,4.9389,1,0,0
-0.3372,-0.1436,0.9565,-2.9695,-4.229,4.7939,1,0,0
-0.335,-0.1479,0.9482,-1.5038,-4.2977,4.0305,1,0,0
-0.3428,-0.1541,0.9441,2.084,-4.1985,2.9466,1,0,0
-0.3401,-0.1365,0.9478,3.8321,-4.0076,2.8397,1,0,0
-0.3518,-0.1196,0.9419,2.9466,-3.8092,2.4198,1,0,0
-0.3486,-0.1179,0.9333,1.771,-4.4809,1.2061,1,0,0
-0.353,-0.1182,0.937,0.4275,-4.5802,0.0687,1,0,0
-0.3472,-0.1289,0.9512,-0.5802,-5.2443,-0.6565,1,0,0
-0.3323,-0.1462,0.9729,-0.5725,-4.1603,-0.9924,1,0,0
-0.3384,-0.1545,0.9639,1.3664,-2.5878,-2.5954,1,0,0
-0.3452,-0.1558,0.9548,1.4885,-2.3969,-2.6412,1,0,0
-0.3574,-0.1472,0.9536,0.3588,-2.5191,-2.6641,1,0,0
-0.3555,-0.1423,0.9548,-1.1069,-3.0,-2.6794,1,0,0
-0.342,-0.1379,0.9634,-2.3435,-2.2824,-3.4427,1,0,0
-0.3533,-0.1421,0.9558,-2.313,-0.7328,-4.1908,1,0,0
-0.356,-0.136,0.95,-1.8931,-0.3893,-4.5191,1,0,0
-0.3582,-0.1384,0.9243,-2.5954,-0.8397,-5.1069,1,0,0
-0.3621,-0.1465,0.9353,-3.2672,-0.7557,-4.145,1,0,0
-0.3574,-0.144,0.9299,-3.5344,-1.0153,-4.0076,1,0,0
-0.3594,-0.1362,0.9199,-4.0763,-1.1145,-3.7405,1,0,0
-0.3621,-0.1384,0.9194,-4.1603,-2.0458,-3.8855,1,0,0
-0.364,-0.1475,0.9224,-4.1908,-3.5725,-4.0611,1,0,0
-0.3472,-0.167,0.9387,-3.2443,-3.8473,-3.3053,1,0,0
-0.3308,-0.1804,0.9519,-0.1985,-3.313,-2.1221,1,0,0
-0.3225,-0.1763,0.9656,2.1527,-3.7252,-1.4885,1,0,0
-0.3264,-0.168,0.9614,2.7939,-3.1985,-0.9313,1,0,0
-0.3279,-0.1533,0.9651,2.8092,-2.6489,-1.1221,1,0,0
-0.3547,-0.1453,0.9446,1.771,-2.9695,-2.0916,1,0,0
-0.3521,-0.1665,0.9514,0.1679,-5.1145,-3.4275,1,0,0
-0.3352,-0.2002,0.9866,1.0076,-6.2824,-3.0763,1,0,0
-0.3145,-0.2104,1.0125,1.2366,-5.7405,-2.2519,1,0,0
-0.3167,-0.2136,1.009,2.0992,-4.3511,-1.5496,1,0,0
-0.3208,-0.2144,1.0183,1.8626,-3.4427,-0.4275,1,0,0
-0.3147,-0.198,1.02,1.3435,-1.7786,1.4351,1,0,0
-0.3079,-0.1826,1.0107,1.1298,0.6565,2.6031,1,0,0
-0.3242,-0.1648,0.9883,2.1298,3.1527,2.3359,1,0,0
-0.3418,-0.1406,0.958,2.7405,2.6031,1.2748,1,0,0
-0.3389,-0.1431,0.9478,1.8702,1.4885,1.4122,1,0,0
-0.3367,-0.1516,0.9436,0.8473,1.2901,2.1527,1,0,0
-0.3384,-0.1562,0.9558,-0.4122,1.6641,2.5344,1,0,0
-0.3428,-0.158,0.9539,-1.0229,1.8473,2.5191,1,0,0
-0.3416,-0.1565,0.9587,-0.7557,0.9618,2.8321,1,0,0
-0.3333,-0.1533,0.9675,0.771,0.9542,3.0382,1,0,0
-0.3237,-0.1428,0.9697,2.7099,1.2748,2.4275,1,0,0
-0.3364,-0.1257,0.9612,4.7405,2.8931,2.2137,1,0,0
-0.3501,-0.0999,0.9404,5.0763,3.4962,0.626,1,0,0
-0.3572,-0.083,0.9207,3.2748,2.542,-2.1145,1,0,0
-0.3315,-0.0947,0.9365,1.2824,1.9466,-4.5725,1,0,0
-0.1978,-0.1052,0.95,0.0992,4.4962,-6.9466,1,0,0
-0.3674,-0.1514,0.9236,0.7176,1.9847,-6.1374,1,0,0
-0.333,-0.1531,0.9485,0.7786,1.2748,-3.374,1,0,0
-0.355,-0.1514,0.95,1.8626,1.5649,-2.5878,1,0,0
-0.3564,-0.1348,0.9373,3.1527,-0.1221,-2.0153,1,0,0
-0.3508,-0.115,0.9377,3.0305,-1.5496,-2.8931,1,0,0
-0.3435,-0.1084,0.9231,2.7252,-2.7634,-3.1908,1,0,0
-0.3381,-0.1067,0.9309,0.9618,-3.4656,-3.6489,1,0,0
-0.3467,-0.1057,0.9368,-3.3817,-2.8244,-2.9313,1,0,0
-0.3545,-0.1179,0.9429,-5.6336,-2.771,-3.2977,1,0,0
-0.3464,-0.1304,0.9612,-5.626,-2.5191,-4.0,1,0,0
-0.342,-0.145,0.9692,-3.9542,-2.9313,-4.7176,1,0,0
-0.3418,-0.165,0.9871,-1.687,-2.916,-4.3282,1,0,0
-0.3435,-0.1626,0.9902,-0.1374,-2.5725,-3.458,1,0,0
-0.3374,-0.1582,0.9922,0.4809,-1.8168,-2.5954,1,0,0
-0.333,-0.1411,0.9827,-1.0153,-0.9008,-2.1527,1,0,0
-0.3359,-0.1311,0.9841,-3.2595,-0.4046,-2.374,1,0,0
-0.343,-0.1304,0.9697,-5.4275,-0.0916,-2.1221,1,0,0
-0.3518,-0.1406,0.9607,-5.6031,0.145,-2.6565,1,0,0
-0.3606,-0.1536,0.9509,-4.2748,-0.0305,-2.2748,1,0,0
-0.3623,-0.1519,0.947,-1.687,-0.5344,-1.7023,1,0,0
-0.3567,-0.1555,0.9446,0.4504,-1.8092,-1.2214,1,0,0
-0.3552,-0.1475,0.947,2.1527,-2.7252,-1.1298,1,0,0
-0.3525,-0.1443,0.9595,4.374,-3.313,-1.2672,1,0,0
-0.3389,-0.1274,0.9746,5.2977,-3.2137,-1.4198,1,0,0
-0.3396,-0.1167,0.9856,3.8321,-2.5573,-1.7405,1,0,0
-0.3408,-0.1152,0.9868,1.3817,-1.9618,-1.916,1,0,0
-0.3394,-0.1118,0.9817,-0.9695,-1.4198,-3.1221,1,0,0
-0.3354,-0.1252,0.9751,-1.8779,-1.374,-4.542,1,0,0
-0.3406,-0.1509,0.9663,-0.9008,-1.229,-5.3435,1,0,0
-0.3376,-0.1621,0.9536,2.0992,-1.145,-5.0229,1,0,0
-0.3323,-0.1587,0.9565,4.2519,-1.1298,-4.0382,1,0,0
-0.3328,-0.1458,0.9558,4.4504,-0.2901,-3.0,1,0,0
-0.3428,-0.1345,0.9441,3.0763,-0.3511,-2.7557,1,0,0
-0.3416,-0.1323,0.939,1.3969,-1.5191,-3.0763,1,0,0
-0.3342,-0.1418,0.9436,0.5954,-2.3664,-3.5038,1,0,0
-0.3325,-0.1418,0.9492,0.7786,-2.9695,-3.4504,1,0,0
-0.3298,-0.1484,0.9468,0.1145,-3.2748,-3.6183,1,0,0
-0.325,-0.1528,0.9573,-0.2443,-2.8855,-3.374,1,0,0
-0.3262,-0.1699,0.9539,-0.2519,-2.5802,-3.0382,1,0,0
-0.3181,-0.1743,0.9534,1.1527,-2.0076,-1.771,1,0,0
-0.3215,-0.1562,0.9534,1.4885,-1.5802,-0.9847,1,0,0
-0.3264,-0.1562,0.9563,1.5573,-2.0763,-0.8321,1,0,0
-0.325,-0.1489,0.9553,1.5344,-1.8702,-0.3511,1,0,0
-0.325,-0.144,0.9487,1.6489,-1.687,-0.6412,1,0,0
-0.3369,-0.1379,0.9465,1.1908,-2.5725,-0.8702,1,0,0
-0.3352,-0.1343,0.9451,0.229,-3.1374,-0.8931,1,0,0
-0.3328,-0.1367,0.9585,0.2824,-2.8397,-0.2595,1,0,0
-0.3225,-0.144,0.9709,1.4275,-2.4351,-0.2748,1,0,0
-0.3279,-0.1333,0.9675,2.1145,-1.5725,-0.2214,1,0,0
-0.3313,-0.1345,0.9592,2.0458,-1.4962,-0.1985,1,0,0
-0.3359,-0.1187,0.9553,1.2977,-1.7099,-0.4046,1,0,0
-0.3389,-0.115,0.9417,-0.1985,-2.2519,-0.9618,1,0,0
-0.3364,-0.1184,0.9502,-1.4809,-3.3435,-1.1756,1,0,0
-0.3325,-0.1191,0.957,-2.916,-3.4656,-1.6565,1,0,0
-0.3352,-0.1299,0.9561,-3.9237,-3.5038,-1.7099,1,0,0
-0.3323,-0.1384,0.9622,-3.2443,-3.4656,-1.6565,1,0,0
-0.3245,-0.1426,0.9668,-1.5496,-2.8244,-1.0763,1,0,0
-0.3245,-0.1414,0.9634,-0.2748,-2.3435,-1.0916,1,0,0
-0.334,-0.1328,0.9624,0.9847,-2.2443,-0.7328,1,0,0
-0.3352,-0.1174,0.9614,0.8855,-2.0611,-0.2824,1,0,0
-0.3298,-0.1116,0.9644,0.0382,-2.5649,-0.7939,1,0,0
-0.3208,-0.1067,0.9739,-0.6183,-2.4198,-0.8626,1,0,0
-0.3181,-0.1016,0.9751,-0.9618,-2.0916,-1.771,1,0,0
-0.3179,-0.1013,0.9778,-1.7481,-1.8244,-2.9618,1,0,0
-0.3198,-0.1123,0.9714,-2.2748,-1.2061,-4.1603,1,0,0
-0.3213,-0.1287,0.9712,-1.374,-1.4885,-3.916,1,0,0
-0.3167,-0.1294,0.9539,-0.4656,-1.4962,-3.1298,1,0,0
-0.3206,-0.1218,0.9563,0.7557,-2.1374,-2.6031,1,0,0
-0.3115,-0.1162,0.9558,0.9237,-2.2366,-2.6794,1,0,0
-0.3184,-0.1167,0.9443,0.0076,-2.4962,-3.1069,1,0,0
-0.3174,-0.1228,0.9355,-1.4275,-3.1603,-3.374,1,0,0
-0.3252,-0.1421,0.9307,-1.7786,-4.0992,-3.313,1,0,0
-0.3245,-0.1528,0.9373,-1.4962,-4.7786,-1.9084,1,0,0
-0.3215,-0.1553,0.9524,0.6336,-5.0076,-0.7863,1,0,0
-0.3096,-0.1292,0.9565,1.8779,-3.8702,-0.3511,1,0,0
-0.3179,-0.1174,0.9517,0.4504,-3.0992,-1.5038,1,0,0
-0.3286,-0.1243,0.9363,-1.3511,-2.8244,-2.4427,1,0,0
-0.3259,-0.1343,0.939,-1.6947,-3.8779,-3.2748,1,0,0
-0.3196,-0.135,0.9441,-1.229,-4.7099,-3.0611,1,0,0
-0.3079,-0.1328,0.957,-1.5038,-5.6718,-2.855,1,0,0
-0.29,-0.1287,0.9741,-2.313,-5.1908,-3.4656,1,0,0
-0.2805,-0.1277,0.9829,-2.9618,-4.1069,-4.1985,1,0,0
-0.292,-0.1165,0.9692,-3.9542,-3.2061,-5.374,1,0,0
-0.313,-0.1187,0.9502,-4.7481,-2.6412,-6.2672,1,0,0
-0.3169,-0.1155,0.9497,-4.9542,-3.7176,-6.5954,1,0,0
-0.3188,-0.1111,0.9612,-6.1679,-5.1908,-7.2366,1,0,0
-0.3169,-0.1072,0.9854,-6.5954,-7.1679,-8.2137,1,0,0
-0.2905,-0.116,1.0176,-5.7023,-7.8473,-8.2595,1,0,0
-0.2759,-0.1145,1.043,-5.3511,-6.626,-8.4198,1,0,0
-0.2808,-0.1074,1.0493,-5.0534,-4.4504,-7.9847,1,0,0
-0.2952,-0.1089,1.0361,-4.4275,-2.0229,-9.1908,1,0,0
-0.3059,-0.1084,1.0234,-2.6031,-0.687,-9.458,1,0,0
-0.3103,-0.0967,0.9956,-1.8779,-0.3664,-10.0305,1,0,0
-0.3179,-0.1018,0.9775,-1.9924,-0.1221,-10.6947,1,0,0
-0.3271,-0.1138,0.9512,-2.4351,-0.3435,-11.3435,1,0,0
-0.3418,-0.1348,0.9343,-2.3588,-1.5038,-10.9313,1,0,0
-0.3469,-0.1567,0.936,-1.0992,-3.458,-9.6107,1,0,0
-0.3179,-0.1697,0.9595,1.084,-5.7176,-7.9466,1,0,0
-0.3198,-0.1714,0.9656,3.5725,-6.8015,-6.8015,1,0,0
-0.2983,-0.1741,0.9883,5.374,-8.2366,-5.5573,1,0,0
-0.2866,-0.1853,1.0095,7.3664,-7.8092,-5.6794,1,0,0
-0.283,-0.1812,1.0129,8.5725,-5.2977,-5.0763,1,0,0
-0.2952,-0.1609,1.0059,8.2519,-4.3664,-4.0229,1,0,0
-0.2913,-0.1699,0.9919,7.9008,-3.687,-3.6565,1,0,0
-0.2896,-0.1626,0.979,8.3282,-3.542,-3.0916,1,0,0
-0.2837,-0.1636,0.9758,8.7176,-3.542,-2.7557,1,0,0
-0.2751,-0.1523,0.9658,9.542,-2.8092,-2.4198,1,0,0
-0.2734,-0.1399,0.9521,8.8626,-1.7634,-2.5802,1,0,0
-0.2878,-0.127,0.9319,7.4275,-1.5802,-3.1603,1,0,0
-0.2932,-0.1189,0.9238,5.6031,-2.0763,-3.4809,1,0,0
-0.2976,-0.1033,0.916,3.6641,-3.2137,-4.2366,1,0,0
-0.2905,-0.1091,0.929,1.313,-3.771,-5.1527,1,0,0
-0.2896,-0.1218,0.9404,-2.1908,-4.0153,-5.313,1,0,0
-0.2786,-0.1418,0.9543,-4.5496,-3.8092,-4.8931,1,0,0
-0.2864,-0.1462,0.9604,-5.2137,-2.7557,-3.8779,1,0,0
-0.2856,-0.1448,0.9609,-3.6412,-2.6489,-4.1908,1,0,0
-0.2871,-0.1326,0.949,-2.3435,-2.8397,-5.0229,1,0,0
-0.2939,-0.1311,0.9502,-1.9695,-3.1374,-5.5344,1,0,0
-0.2917,-0.1401,0.946,-1.374,-3.7405,-5.7252,1,0,0
-0.291,-0.1338,0.9478,-2.2519,-3.7786,-5.2977,1,0,0
-0.2964,-0.1414,0.9434,-3.4046,-4.2366,-4.8397,1,0,0
-0.3093,-0.1458,0.949,-4.9084,-5.0992,-4.3817,1,0,0
-0.3101,-0.1541,0.9575,-5.0458,-6.0305,-3.8015,1,0,0
-0.3013,-0.1626,0.9763,-3.4733,-6.8397,-3.1069,1,0,0
-0.2922,-0.1584,0.9922,-2.8321,-7.3435,-2.5267,1,0,0
-0.3018,-0.1509,1.0049,-2.2061,-6.8931,-2.1221,1,0,0
-0.2954,-0.1555,1.0137,-2.0076,-6.1527,-1.4046,1,0,0
-0.2886,-0.1484,1.021,-1.8702,-4.7023,-0.9771,1,0,0
-0.2961,-0.1472,1.0239,-1.5344,-3.7328,-1.0992,1,0,0
-0.3003,-0.1453,1.0161,-1.6565,-2.8702,-1.1832,1,0,0
-0.2954,-0.1526,1.0107,-1.9695,-2.8779,-1.4656,1,0,0
-0.2942,-0.1562,1.0117,-2.7863,-2.6107,-0.9847,1,0,0
-0.2935,-0.1604,1.0107,-3.9542,-2.3282,0.6336,1,0,0
-0.2878,-0.1663,1.0117,-3.5191,-1.7405,1.8702,1,0,0
-0.2869,-0.155,1.0066,-2.229,-0.6489,2.0229,1,0,0
-0.293,-0.144,1.0,-1.1908,0.1527,2.084,1,0,0
-0.2961,-0.1338,0.9998,-0.7939,0.2977,2.1908,1,0,0
-0.2959,-0.1296,0.9937,-0.4198,0.145,2.2366,1,0,0
-0.2856,-0.1167,0.9851,-1.4198,0.3893,2.3664,1,0,0
-0.2817,-0.1072,0.9778,-3.4885,0.1221,2.2748,1,0,0
-0.2788,-0.1121,0.9897,-5.1985,0.458,1.9542,1,0,0
-0.2744,-0.1206,0.9868,-5.2824,0.6565,1.5496,1,0,0
-0.281,-0.1226,0.9846,-3.687,0.4962,1.2595,1,0,0
-0.2813,-0.1113,0.9749,-2.1527,0.7176,0.4504,1,0,0
-0.282,-0.1057,0.978,-2.6031,0.2748,-0.2214,1,0,0
-0.2825,-0.1145,0.9719,-2.4809,0.2977,-0.3053,1,0,0
-0.2749,-0.1179,0.9751,-2.2672,-0.1679,-0.3206,1,0,0
-0.2725,-0.1189,0.9829,-2.4122,0.5344,0.542,1,0,0
-0.2764,-0.1177,0.9851,-2.3817,0.4809,0.0763,1,0,0
-0.2778,-0.1255,0.9802,-2.2443,1.0153,-0.2366,1,0,0
-0.2849,-0.1311,0.9839,-2.374,0.5878,-0.2137,1,0,0
-0.2922,-0.1304,0.9731,-2.0763,-0.374,0.374,1,0,0
-0.2949,-0.1316,0.969,-1.0458,-1.0,0.5496,1,0,0
-0.2908,-0.1196,0.9771,0.6947,-1.9237,0.4351,1,0,0
-0.2864,-0.1121,0.9878,1.3435,-2.1221,0.1603,1,0,0
-0.2773,-0.105,0.9993,1.2901,-0.9924,-0.7252,1,0,0
-0.2788,-0.104,1.0005,-0.5038,0.229,-1.0763,1,0,0
-0.2839,-0.1116,0.9905,-2.9924,0.8015,-1.687,1,0,0
-0.2786,-0.1252,0.9919,-3.855,0.6718,-2.3664,1,0,0
-0.2793,-0.136,0.9893,-3.2443,0.9695,-2.145,1,0,0
-0.2778,-0.1475,0.9875,-0.7557,0.6412,-2.0153,1,0,0
-0.269,-0.1453,0.9866,2.6641,1.3359,-2.4198,1,0,0
-0.2815,-0.1316,0.9827,4.7786,1.3588,-3.0305,1,0,0
-0.2808,-0.1299,0.9697,5.5878,0.7328,-3.8244,1,0,0
-0.2766,-0.1182,0.9705,4.8626,0.3817,-4.313,1,0,0
-0.2727,-0.1167,0.9788,2.2137,1.0153,-3.3435,1,0,0
-0.2793,-0.1147,0.9648,-0.3511,1.4427,-2.9695,1,0,0
-0.2913,-0.1182,0.9583,-2.0763,0.4351,-2.9771,1,0,0
-0.2832,-0.1284,0.9607,-1.5038,-0.687,-3.2214,1,0,0
-0.2786,-0.1499,0.9673,1.8168,-1.1221,-3.8244,1,0,0
-0.2747,-0.147,0.9709,7.2443,-0.8855,-5.0076,1,0,0
-0.2734,-0.1311,0.989,11.4351,-0.2137,-6.0382,1,0,0
-0.2732,-0.106,0.9866,11.1145,0.2443,-6.145,1,0,0
-0.2739,-0.1106,0.989,9.1985,1.542,-6.0534,1,0,0
-0.2798,-0.0989,0.9788,6.542,1.5802,-6.1985,1,0,0
-0.2761,-0.0991,0.9746,3.5267,2.0458,-6.5649,1,0,0
-0.2925,-0.1143,0.9719,2.1527,1.2595,-6.8397,1,0,0
-0.2961,-0.1313,0.9631,2.0458,-0.0534,-6.4198,1,0,0
-0.283,-0.1528,0.9907,5.9847,-0.9389,-6.3206,1,0,0
-0.2673,-0.1423,1.0112,11.6031,0.8168,-7.5038,1,0,0
-0.2432,-0.0923,1.0215,14.6336,5.4809,-8.5649,1,0,0
-0.27,-0.0798,1.0083,12.4885,9.3893,-9.5649,1,0,0
-0.2969,-0.0894,0.9946,8.374,9.3664,-8.7481,1,0,0
-0.3359,-0.082,0.9927,7.5038,2.8397,-9.458,1,0,0
-0.3208,-0.0862,0.9692,7.9847,4.7328,-9.4046,1,0,0
-0.2954,-0.0908,0.9751,8.6107,3.8702,-9.5344,1,0,0
-0.304,-0.1089,0.9863,8.5573,4.9389,-10.2214,1,0,0
-0.3062,-0.0996,0.9956,9.1298,5.9084,-9.7863,1,0,0
-0.3062,-0.1038,0.9951,7.7863,6.2366,-8.9313,1,0,0
-0.3115,-0.0945,0.9817,5.7634,6.2137,-7.6183,1,0,0
-0.3135,-0.0823,0.9683,4.1832,5.7786,-6.9924,1,0,0
-0.3059,-0.0786,0.9761,2.2366,5.0,-7.0534,1,0,0
-0.2959,-0.073,0.9763,1.0153,5.8779,-8.7634,1,0,0
-0.301,-0.0769,0.9727,-0.9389,5.2443,-9.5878,1,0,0
-0.3108,-0.0984,0.969,-1.8931,4.3511,-8.7939,1,0,0
-0.3103,-0.1113,0.9658,-1.8626,3.4809,-8.3359,1,0,0
-0.3076,-0.1174,0.9573,-1.0611,2.1908,-7.7557,1,0,0
-0.301,-0.1165,0.9529,-0.1069,0.7634,-6.3206,1,0,0
-0.2876,-0.1025,0.9548,-1.2824,-0.1374,-5.374,1,0,0
-0.2878,-0.1033,0.9687,-2.7939,0.1298,-4.1679,1,0,0
-0.2849,-0.1008,0.9612,-2.4733,-0.5115,-5.374,1,0,0
-0.2905,-0.1084,0.9548,-2.6107,-1.3435,-6.7328,1,0,0
-0.2905,-0.1226,0.9517,-3.4504,-2.8931,-5.6565,1,0,0
-0.2878,-0.1372,0.9624,-4.3511,-3.6031,-3.5191,1,0,0
-0.281,-0.1394,0.9756,-4.1069,-4.2443,-1.2824,1,0,0
-0.2803,-0.1377,0.9856,-2.6031,-4.0611,-0.2824,1,0,0
-0.2712,-0.1213,0.9888,-0.2748,-2.8321,-0.2137,1,0,0
-0.2795,-0.104,0.988,1.5802,-0.855,-1.145,1,0,0
-0.2898,-0.1057,0.9783,2.916,-0.3588,-1.0305,1,0,0
-0.2964,-0.0977,0.9763,4.8702,-0.3817,-1.458,1,0,0
-0.2913,-0.0791,0.9785,4.7863,-0.2214,-1.2061,1,0,0
-0.2932,-0.0701,0.9834,2.7863,-0.0992,-0.9008,1,0,0
-0.2925,-0.0684,0.9763,0.4122,-0.5115,-1.2137,1,0,0
-0.292,-0.0706,0.9687,-2.3435,-0.4962,-1.7863,1,0,0
-0.2954,-0.0786,0.9749,-3.9008,-1.0916,-1.6718,1,0,0
-0.2979,-0.0972,0.9646,-3.3664,-1.9924,-1.5344,1,0,0
-0.292,-0.1018,0.9702,-2.0916,-2.2672,-0.6641,1,0,0
-0.2886,-0.0974,0.9724,-0.7099,-2.3053,-0.5954,1,0,0
-0.292,-0.0881,0.9683,-0.3893,-2.2672,-0.4046,1,0,0
-0.2993,-0.0852,0.9631,-1.2824,-2.4885,-0.8397,1,0,0
-0.2966,-0.0891,0.9668,-2.1221,-3.5115,-0.4809,1,0,0
-0.2964,-0.0889,0.97,-3.5344,-4.5649,1.0534,1,0,0
-0.292,-0.0872,0.9856,-4.9084,-4.4427,2.0153,1,0,0
-0.2969,-0.0823,0.9814,-6.2977,-5.1603,1.7328,1,0,0
-0.2896,-0.0991,0.9778,-6.6412,-5.9084,0.5496,1,0,0
-0.2822,-0.1072,0.9927,-4.6947,-5.4275,-0.4733,1,0,0
-0.281,-0.1108,0.9893,-2.1298,-4.9847,-0.6107,1,0,0
-0.2805,-0.1108,0.9929,-0.7557,-4.0534,-1.2214,1,0,0
-0.2781,-0.1094,0.9912,0.5649,-3.4351,-1.0687,1,0,0
-0.2703,-0.1016,0.9907,0.6107,-2.3511,-1.0611,1,0,0
-0.2756,-0.0938,0.9832,-0.1221,-1.8931,-2.0458,1,0,0
-0.2813,-0.0889,0.9702,-1.4885,-1.8702,-2.0992,1,0,0
-0.2832,-0.0964,0.9749,-2.4198,-2.1756,-2.4885,1,0,0
-0.2795,-0.1091,0.9775,-1.229,-2.6641,-2.9847,1,0,0
-0.2825,-0.1118,0.9756,-0.1985,-2.9237,-3.0305,1,0,0
-0.2869,-0.1094,0.9785,-0.0382,-3.229,-2.4351,1,0,0
-0.2834,-0.1123,0.9841,0.2443,-2.5802,-1.626,1,0,0
-0.2859,-0.1143,0.9856,0.7634,-2.1221,-1.4962,1,0,0
-0.2869,-0.106,0.9802,0.2977,-2.0534,-0.9847,1,0,0
-0.2891,-0.0962,0.9863,-0.7634,-1.9084,-1.4351,1,0,0
-0.2905,-0.1006,0.9883,-1.6336,-1.9771,-1.5802,1,0,0
-0.2927,-0.0994,0.9797,-2.1221,-2.4122,-2.2137,1,0,0
-0.2891,-0.1177,0.9895,-2.0229,-2.3817,-1.7634,1,0,0
-0.29,-0.1245,0.9883,-0.9389,-1.8702,-1.6031,1,0,0
-0.2979,-0.1125,0.9846,-0.5115,-1.4733,-0.9008,1,0,0
-0.3008,-0.1052,0.9834,-0.626,-1.8626,-0.9237,1,0,0
-0.2942,-0.1113,0.9963,-0.5954,-1.4122,-0.6794,1,0,0
-0.2847,-0.1118,0.9941,-0.2595,0.0458,-0.4885,1,0,0
-0.2896,-0.0955,0.991,-0.4275,0.2137,-1.1832,1,0,0
-0.2979,-0.0906,0.9834,-1.8168,-0.7634,-1.7176,1,0,0
-0.291,-0.1094,0.9907,-3.0076,-0.9466,-2.1985,1,0,0
-0.2737,-0.1201,0.9973,-2.5038,-0.3664,-1.8092,1,0,0
-0.2783,-0.116,0.9915,-1.4885,1.2595,-1.7023,1,0,0
-0.2949,-0.1094,0.9849,-1.3817,1.0076,-1.542,1,0,0
-0.2964,-0.1086,0.98,-2.3359,-0.4962,-1.0611,1,0,0
-0.2869,-0.1113,0.98,-2.6947,-0.6107,-0.4122,1,0,0
-0.28,-0.1133,0.9807,-1.771,-0.2061,-0.2366,1,0,0
-0.2764,-0.1023,0.9871,-0.542,0.1527,-0.1832,1,0,0
-0.2849,-0.0933,0.978,-1.0534,0.2748,-0.3282,1,0,0
-0.2874,-0.0903,0.9775,-1.5954,-0.4198,-0.3053,1,0,0
-0.2788,-0.0952,0.9839,-2.4504,-0.0916,-0.3053,1,0,0
-0.2815,-0.0898,0.9788,-3.5496,-0.2366,-0.7252,1,0,0
-0.2813,-0.0957,0.9827,-3.374,-0.3359,-0.8321,1,0,0
-0.2751,-0.0989,0.9902,-2.9237,0.0458,-0.8855,1,0,0
-0.2795,-0.094,0.9841,-2.4351,0.374,-1.1603,1,0,0
-0.2832,-0.1008,0.9814,-2.8244,0.0763,-0.8473,1,0,0
-0.2842,-0.1016,0.9829,-3.0305,-0.5496,-0.2977,1,0,0
-0.2817,-0.1047,0.9824,-3.2519,-0.6107,-0.3511,1,0,0
-0.2842,-0.1108,0.9868,-2.4656,-0.5191,-0.3893,1,0,0
-0.2793,-0.1206,0.9961,-0.2519,-0.4275,-0.0458,1,0,0
-0.2773,-0.0989,0.9976,0.6107,0.5954,0.3588,1,0,0
-0.2854,-0.0901,0.9976,0.2977,0.8855,-0.2443,1,0,0
-0.2856,-0.0884,0.9929,-1.0458,0.5802,-0.4427,1,0,0
-0.2839,-0.0864,0.9868,-1.7176,0.9847,-0.2366,1,0,0
-0.281,-0.0835,0.9751,-2.7405,1.0229,-0.916,1,0,0
-0.2905,-0.095,0.969,-2.9542,0.2901,-1.0611,1,0,0
-0.2876,-0.1025,0.9712,-2.6565,-0.5191,-0.5191,1,0,0
-0.2808,-0.0955,0.9714,-2.374,-0.5115,-0.2824,1,0,0
-0.2883,-0.1008,0.9763,-1.8168,-0.855,-0.084,1,0,0
-0.2786,-0.0969,0.9832,-0.8702,-0.4809,0.0916,1,0,0
-0.2769,-0.0945,0.9895,-0.229,0.1603,-0.5878,1,0,0
-0.2742,-0.0842,0.9849,-0.8626,0.8397,-1.3817,1,0,0
-0.2832,-0.0923,0.9795,-2.5115,0.5802,-1.916,1,0,0
-0.29,-0.0989,0.9707,-3.9237,-0.6565,-2.1908,1,0,0
-0.2834,-0.1167,0.9778,-4.2137,-1.1832,-1.7634,1,0,0
-0.281,-0.1235,0.9846,-3.0229,-1.855,-0.7405,1,0,0
-0.2822,-0.115,0.9827,-2.1679,-1.7099,0.2214,1,0,0
-0.2786,-0.104,0.9858,-2.0916,-1.687,0.5115,1,0,0
-0.2708,-0.1045,0.9888,-2.1374,-0.6031,0.687,1,0,0
-0.2725,-0.1104,1.0005,-0.3282,0.5725,0.542,1,0,0
-0.2837,-0.1006,0.9822,1.2748,1.0229,0.4122,1,0,0
-0.2903,-0.0815,0.9849,0.9466,0.3206,-0.0076,1,0,0
-0.2896,-0.0786,0.9829,-0.0229,-0.5573,-0.4198,1,0,0
-0.2803,-0.0764,0.9814,-1.2443,-0.5649,-1.2061,1,0,0
-0.2827,-0.074,0.9753,-2.3282,-0.3588,-1.5802,1,0,0
-0.2837,-0.0806,0.9739,-3.4046,-0.4122,-2.1756,1,0,0
-0.2825,-0.0913,0.9722,-3.7634,-0.8397,-2.0458,1,0,0
-0.2805,-0.0979,0.9749,-2.7786,-0.5115,-2.0916,1,0,0
-0.2817,-0.1003,0.97,-1.0305,-0.0534,-2.1603,1,0,0
-0.2827,-0.1006,0.9751,0.1221,-0.3588,-2.6031,1,0,0
-0.2859,-0.0962,0.9614,-0.0611,-0.2977,-2.8702,1,0,0
-0.2856,-0.1077,0.9697,-0.9466,-0.687,-2.229,1,0,0
-0.2891,-0.1155,0.9741,-1.8702,-1.4656,-1.2748,1,0,0
-0.2852,-0.105,0.9768,-1.9313,-1.8168,-0.3817,1,0,0
-0.2761,-0.0955,0.9854,-2.7786,-1.7481,-0.6565,1,0,0
-0.2781,-0.0938,0.9766,-3.5115,-0.7634,-1.1603,1,0,0
-0.2852,-0.1133,0.9841,-1.9466,-0.5802,-1.4656,1,0,0
-0.2827,-0.1174,0.9802,-0.2519,-0.8015,-1.3664,1,0,0
-0.2881,-0.1094,0.9756,0.0,-1.1832,-1.4122,1,0,0
-0.2886,-0.1025,0.9785,-0.3969,-1.2519,-0.9542,1,0,0
-0.2874,-0.1013,0.9802,-1.6336,-1.542,-0.855,1,0,0
-0.2874,-0.1028,0.9814,-2.0,-1.4733,-0.2595,1,0,0
-0.2805,-0.0942,0.9841,-2.5267,-1.6412,-0.6107,1,0,0
-0.2798,-0.1021,0.9919,-3.5802,-0.9847,-0.7939,1,0,0
-0.2844,-0.1038,0.9851,-3.3435,-0.313,-1.1985,1,0,0
-0.29,-0.106,0.9832,-3.3282,-0.4962,-1.2137,1,0,0
-0.2854,-0.1094,0.9807,-2.7863,-0.5496,-1.1832,1,0,0
-0.2803,-0.1072,0.9729,-1.5878,-0.687,-1.5191,1,0,0
-0.28,-0.0986,0.9756,-1.5878,-0.4504,-1.916,1,0,0
-0.2793,-0.1045,0.9822,-2.6183,-0.6412,-1.6641,1,0,0
-0.2744,-0.1074,0.9778,-2.8168,-1.313,-1.2672,1,0,0
-0.2703,-0.1072,0.9807,-3.6489,-1.0687,-1.0305,1,0,0
-0.2708,-0.1125,0.9829,-3.9084,-0.6183,-0.8855,1,0,0
-0.2798,-0.1072,0.9827,-3.6412,-0.7939,-0.9084,1,0,0
-0.2786,-0.104,0.9783,-3.1069,-0.7481,-1.1374,1,0,0
-0.2849,-0.1064,0.9768,-3.0,-0.7252,-1.4504,1,0,0
-0.2876,-0.1143,0.9807,-2.4504,-1.2748,-1.3359,1,0,0
-0.2839,-0.1091,0.989,-1.4275,-1.4504,-0.0534,1,0,0
-0.2825,-0.0999,0.9832,-1.3893,-1.4122,-0.1374,1,0,0
-0.28,-0.0955,0.9841,-1.9771,-0.5954,-0.229,1,0,0
-0.2849,-0.1016,0.9854,-2.0,-0.4809,-0.3817,1,0,0
-0.2891,-0.0986,0.978,-1.7786,-0.3282,-0.2748,1,0,0
-0.2922,-0.0981,0.9758,-1.8626,-1.0305,-1.0153,1,0,0
-0.2908,-0.0898,0.9766,-1.7939,-1.1908,-1.3053,1,0,0
-0.2839,-0.0928,0.9788,-2.3435,-1.6107,-1.3893,1,0,0
-0.2837,-0.1028,0.9758,-2.771,-1.4198,-2.0229,1,0,0
-0.2827,-0.1099,0.9895,-2.8015,-1.0153,-1.8855,1,0,0
-0.2773,-0.1135,0.9905,-2.5267,-0.7939,-1.1756,1,0,0
-0.2861,-0.1094,0.9854,-2.4656,-0.626,-1.0534,1,0,0
-0.2883,-0.115,0.9873,-2.5344,-1.2901,-0.7481,1,0,0
-0.2773,-0.1167,0.9939,-1.9695,-1.458,-0.6107,1,0,0
-0.2759,-0.1123,0.9917,-1.7252,-0.5573,-1.084,1,0,0
-0.2847,-0.1167,0.9888,-2.1527,-0.6947,-0.7786,1,0,0
-0.29,-0.1196,0.9827,-2.3359,-1.0,-0.0458,1,0,0
-0.2847,-0.126,0.9817,-1.9771,-1.2977,0.9389,1,0,0
-0.2783,-0.1145,0.9834,-1.0229,-0.8779,1.2443,1,0,0
-0.2827,-0.1079,0.9829,-0.3664,-1.084,0.6336,1,0,0
-0.2764,-0.0977,0.9878,-0.542,-0.8321,0.626,1,0,0
-0.2712,-0.0945,0.9883,-2.0458,-0.5191,0.1069,1,0,0
-0.2754,-0.0981,0.9763,-3.4427,0.0076,-0.4427,1,0,0
-0.283,-0.1089,0.9658,-4.5496,-0.2901,-0.6718,1,0,0
-0.2749,-0.1221,0.9658,-4.4733,-0.855,-0.2977,1,0,0
-0.2717,-0.1208,0.97,-3.5344,-1.1832,-0.0992,1,0,0
-0.2705,-0.1226,0.969,-2.771,-1.4198,0.7328,1,0,0
-0.2771,-0.1277,0.968,-1.6565,-1.3511,1.4656,1,0,0
-0.2874,-0.1204,0.9683,-0.7557,-1.7023,2.5878,1,0,0
-0.29,-0.1072,0.9739,-0.5115,-2.1298,2.6565,1,0,0
-0.2861,-0.0979,0.9717,-1.3053,-2.7863,2.3511,1,0,0
-0.2827,-0.0967,0.9785,-1.7634,-2.7252,1.7405,1,0,0
-0.2781,-0.0923,0.9915,-2.0763,-2.8015,1.1756,1,0,0
-0.2856,-0.1016,0.9966,-2.3893,-2.5496,0.9466,1,0,0
-0.2854,-0.1055,1.0115,-2.2519,-2.4122,1.0382,1,0,0
-0.2817,-0.0967,1.0122,-2.626,-1.5878,1.1908,1,0,0
-0.281,-0.094,1.0159,-2.7481,-0.4122,0.8702,1,0,0
-0.2737,-0.0901,1.0166,-3.374,0.9237,-0.2366,1,0,0
-0.2859,-0.0991,1.0046,-3.5191,1.8168,-1.5878,1,0,0
-0.2874,-0.1121,0.9961,-3.4122,1.771,-1.8397,1,0,0
-0.2842,-0.1079,0.9939,-3.5725,1.3206,-2.0305,1,0,0
-0.2739,-0.1147,0.9905,-4.1832,1.0687,-1.9618,1,0,0
-0.262,-0.1245,0.9939,-4.855,1.4656,-1.2977,1,0,0
-0.2737,-0.1375,0.9963,-4.855,2.0916,-0.1527,1,0,0
-0.2773,-0.1248,0.9937,-3.1985,2.2901,1.1527,1,0,0
-0.2754,-0.1045,0.9817,-1.8092,3.3817,0.8855,1,0,0
-0.2803,-0.0857,0.9697,-2.0,3.771,0.0,1,0,0
-0.2922,-0.0852,0.9531,-3.5725,3.1985,-0.3053,1,0,0
-0.2944,-0.095,0.9402,-4.6107,1.4122,-0.9847,1,0,0
-0.2847,-0.1116,0.9534,-4.7557,-0.3282,-1.0153,1,0,0
-0.2756,-0.1257,0.9709,-4.4198,-0.8321,0.3206,1,0,0
-0.2717,-0.1189,0.9768,-3.0076,-0.5573,1.1985,1,0,0
-0.27,-0.1128,0.9893,-2.0382,0.3435,2.0153,1,0,0
-0.2769,-0.0957,0.9775,-1.7557,0.9389,2.0611,1,0,0
-0.2793,-0.0835,0.9727,-1.1832,1.0763,1.2061,1,0,0
-0.2761,-0.0688,0.9604,-2.2977,0.313,0.1832,1,0,0
-0.282,-0.0796,0.9634,-3.1679,-0.9695,-0.2137,1,0,0
-0.2776,-0.0901,0.9646,-3.2595,-1.9847,-0.3435,1,0,0
-0.2817,-0.0967,0.9653,-2.3817,-2.2824,-0.1527,1,0,0
-0.2803,-0.0974,0.9646,-1.7939,-2.374,0.1527,1,0,0
-0.2754,-0.0945,0.9639,-0.7023,-2.6336,0.0763,1,0,0
-0.2729,-0.0984,0.9736,-0.9695,-2.4809,-0.2748,1,0,0
-0.2844,-0.1062,0.957,-1.1908,-2.0687,-0.0305,1,0,0
-0.2964,-0.1052,0.9548,-1.1298,-3.7023,-0.2443,1,0,0
-0.2888,-0.1143,0.9678,-1.3053,-4.9313,-0.0687,1,0,0
-0.2771,-0.106,0.9878,-1.4656,-4.4122,0.4733,1,0,0
-0.2764,-0.1067,0.9995,-2.1069,-3.8779,0.0076,1,0,0
-0.2786,-0.1094,0.9995,-2.3817,-2.8168,-0.9008,1,0,0
-0.2754,-0.1155,1.0012,-2.6183,-2.1145,-1.3969,1,0,0
-0.2744,-0.125,0.9983,-2.855,-1.374,-1.542,1,0,0
-0.2759,-0.127,0.9988,-2.5496,-1.2595,-1.1908,1,0,0
-0.2754,-0.1187,0.9944,-2.2366,-0.3206,-1.2901,1,0,0
-0.2688,-0.1086,0.9951,-3.2672,0.145,-1.6641,1,0,0
-0.2722,-0.1235,0.9971,-4.4275,0.1069,-1.6031,1,0,0
-0.2747,-0.1309,0.9902,-4.6565,-0.1908,-1.313,1,0,0
-0.2769,-0.1316,0.9819,-4.0534,-0.7176,-0.771,1,0,0
-0.2759,-0.1252,0.988,-3.2595,-0.7481,0.084,1,0,0
-0.2747,-0.1226,0.9912,-2.5115,-0.5038,0.6718,1,0,0
-0.2805,-0.1165,0.9885,-1.1908,-0.4122,1.4504,1,0,0
-0.2766,-0.1052,0.9937,-0.1756,0.0153,1.3282,1,0,0
-0.282,-0.0859,0.9895,-0.0076,0.0,1.2595,1,0,0
-0.2832,-0.0774,0.9792,-0.7252,-0.2366,0.2824,1,0,0
-0.2815,-0.0803,0.9778,-2.3435,-0.6794,-0.1679,1,0,0
-0.2808,-0.0906,0.9783,-3.2519,-0.9542,-0.4962,1,0,0
-0.2861,-0.1064,0.9773,-3.0611,-1.313,-0.0076,1,0,0
-0.2896,-0.1189,0.9895,-2.1069,-1.8855,1.0153,1,0,0
-0.2729,-0.1169,0.9946,-1.2901,-1.4504,1.5496,1,0,0
-0.2754,-0.1094,1.0037,-0.145,-0.8092,1.5878,1,0,0
-0.2805,-0.1055,0.9905,0.1603,-0.3817,1.7405,1,0,0
-0.2761,-0.1001,0.9978,-1.1985,0.0,1.4427,1,0,0
-0.2715,-0.1091,0.9993,-1.9924,0.687,1.6336,1,0,0
-0.2637,-0.1086,1.0115,-3.1603,1.6947,2.5115,1,0,0
-0.271,-0.1035,1.002,-6.1985,2.6641,3.1298,1,0,0
-0.2754,-0.1138,1.0017,-8.7863,2.9008,2.8397,1,0,0
-0.2786,-0.1201,0.9827,-9.084,3.3282,2.4809,1,0,0
-0.2825,-0.1345,0.9749,-7.916,2.9466,2.5878,1,0,0
-0.293,-0.136,0.9563,-5.1985,1.7405,3.9389,1,0,0
-0.2747,-0.1274,1.0417,-5.6794,2.374,6.771,1,0,0
-0.2883,-0.1184,0.9587,-5.6107,2.2061,7.2443,1,0,0
-0.2866,-0.095,0.9612,-8.4275,0.3664,7.4427,1,0,0
-0.2793,-0.0981,0.9861,-11.0916,2.2061,7.687,1,0,0
-0.2935,-0.1001,0.9707,-11.2748,2.1756,5.6565,1,0,0
-0.3062,-0.1394,0.9795,-9.5878,1.1679,5.855,1,0,0
-0.2949,-0.124,0.9788,-6.0992,1.8473,5.3053,1,0,0
-0.2976,-0.1289,0.98,-2.4962,1.4733,4.2824,1,0,0
-0.2964,-0.1077,0.99,-1.145,1.8397,3.3282,1,0,0
-0.2898,-0.1064,0.9878,-1.9695,2.3435,2.6183,1,0,0
-0.2864,-0.1042,1.001,-5.4962,3.3893,2.2748,1,0,0
-0.2849,-0.1143,1.0017,-10.1221,4.6565,3.1832,1,0,0
-0.2944,-0.1238,1.0063,-15.0687,5.542,4.4809,1,0,0
-0.2947,-0.1416,0.9993,-17.5038,6.2519,5.5115,1,0,0
-0.3066,-0.1545,0.9849,-18.3817,5.5038,6.4733,1,0,0
-0.3181,-0.1802,0.9763,-16.2519,3.5115,7.4351,1,0,0
-0.3306,-0.1785,0.9641,-12.6718,2.5191,8.5496,1,0,0
-0.3069,-0.1545,0.9602,-9.2214,1.3282,8.7328,1,0,0
-0.2988,-0.1523,0.9668,-7.7786,0.8168,9.0992,1,0,0
-0.2876,-0.1389,0.978,-7.0687,0.7557,9.3588,1,0,0
-0.2786,-0.1301,0.9783,-7.6565,1.9771,9.1985,1,0,0
-0.2874,-0.1292,0.9619,-8.1679,2.626,8.3817,1,0,0
-0.3008,-0.134,0.9602,-6.7023,2.2977,7.2672,1,0,0
-0.3025,-0.1416,0.9453,-4.4809,0.458,6.8473,1,0,0
-0.2993,-0.1438,0.9353,-1.9313,-0.771,6.5496,1,0,0
-0.3025,-0.1343,0.938,0.0763,-2.4656,6.5267,1,0,0
-0.2959,-0.1328,0.9407,1.5878,-3.1756,6.2443,1,0,0
-0.293,-0.1104,0.9563,1.3817,-4.0305,6.3664,1,0,0
-0.283,-0.1011,0.9724,-0.6794,-3.7634,6.4885,1,0,0
-0.2668,-0.1172,0.9832,-1.9695,-2.3817,5.3282,1,0,0
-0.2681,-0.1125,0.9836,-2.0687,-1.145,4.1069,1,0,0
-0.2813,-0.1208,0.9729,-2.3893,-0.7099,3.1603,1,0,0
-0.2817,-0.1267,0.9609,-1.1908,-0.9542,2.3053,1,0,0
-0.2874,-0.1292,0.9561,-0.2366,-1.5191,2.084,1,0,0
-0.2883,-0.1277,0.9492,-0.2061,-1.8702,2.2366,1,0,0
-0.2886,-0.1184,0.9487,-0.2443,-2.7328,2.1832,1,0,0
-0.2888,-0.1238,0.9509,-1.2595,-3.0229,1.8626,1,0,0
-0.2878,-0.1233,0.9507,-2.1298,-3.1756,1.6031,1,0,0
-0.2844,-0.1372,0.9438,-1.6947,-3.9466,1.9389,1,0,0
-0.2817,-0.1399,0.9556,-1.1679,-4.3969,2.2366,1,0,0
-0.2891,-0.1428,0.9553,0.0458,-4.7481,2.1145,1,0,0
-0.281,-0.1445,0.9568,0.8092,-4.8779,2.6718,1,0,0
-0.28,-0.1323,0.9563,0.7252,-4.6565,2.9237,1,0,0
-0.2891,-0.137,0.9614,-0.0458,-4.8473,3.2214,1,0,0
-0.2893,-0.1274,0.9587,-0.5802,-5.542,3.1374,1,0,0
-0.2925,-0.1252,0.9724,-0.5649,-5.855,3.2214,1,0,0
-0.2869,-0.1201,0.9697,0.313,-6.0458,2.6565,1,0,0
-0.2842,-0.1077,0.9827,0.3893,-5.3588,1.8168,1,0,0
-0.282,-0.105,0.9939,-1.1527,-4.374,1.1908,1,0,0
-0.2952,-0.1155,0.9888,-2.1985,-3.6718,0.229,1,0,0
-0.2964,-0.1235,0.9978,-2.4198,-3.9618,0.4809,1,0,0
-0.2937,-0.1189,0.9927,-1.7634,-3.2214,0.1756,1,0,0
-0.2966,-0.1238,1.002,-1.5344,-2.7023,0.6031,1,0,0
-0.2954,-0.1106,1.0073,-1.5802,-1.7786,0.6565,1,0,0
-0.2939,-0.1133,1.0059,-1.8626,-0.6031,0.2672,1,0,0
-0.2952,-0.1038,1.0005,-2.7634,-0.4427,-0.4122,1,0,0
-0.2969,-0.1055,1.001,-2.8397,-0.3053,-0.8015,1,0,0
-0.304,-0.106,0.9922,-2.855,-0.1832,-1.4275,1,0,0
-0.2979,-0.1118,0.9932,-2.4275,-0.7328,-1.8244,1,0,0
-0.2891,-0.1135,0.9851,-1.9008,-0.4275,-2.2901,1,0,0
-0.2837,-0.1138,0.9863,-2.2061,-0.2595,-2.5802,1,0,0
-0.2864,-0.1218,0.9932,-2.9924,0.3359,-2.1145,1,0,0
-0.2888,-0.1289,0.9939,-3.2824,0.4885,-1.3053,1,0,0
-0.2852,-0.1262,0.9885,-2.8702,0.374,-1.1985,1,0,0
-0.2856,-0.1257,0.9897,-2.0076,0.0992,-0.9771,1,0,0
-0.2898,-0.1243,0.9766,-1.0305,0.0305,-0.8321,1,0,0
-0.2832,-0.1179,0.9783,-0.4275,-0.1679,-0.9237,1,0,0
-0.2842,-0.1118,0.9758,-0.374,0.2137,-0.7176,1,0,0
-0.2815,-0.1147,0.9734,-0.6718,0.3893,-0.687,1,0,0
-0.2866,-0.1226,0.9771,-0.7481,0.1985,-0.145,1,0,0
-0.2881,-0.1211,0.9766,0.0076,0.0916,-0.4962,1,0,0
-0.2844,-0.1182,0.9746,0.374,-0.3588,-0.8321,1,0,0
-0.2881,-0.1116,0.9788,-0.1603,-1.0,-1.4504,1,0,0
-0.2832,-0.116,0.9819,-0.4122,-1.4733,-1.5496,1,0,0
-0.2742,-0.1172,0.9893,-1.4275,-1.0611,-1.6412,1,0,0
-0.2751,-0.1199,0.9951,-1.8168,0.4656,-1.8702,1,0,0
-0.282,-0.124,0.9885,-1.6031,0.6107,-1.9771,1,0,0
-0.2788,-0.1309,0.9807,-1.229,1.1374,-1.7328,1,0,0
-0.2813,-0.1304,0.9807,0.084,1.0534,-1.3893,1,0,0
-0.2852,-0.1265,0.9661,0.2214,0.5496,-1.2901,1,0,0
-0.2852,-0.1177,0.9646,0.1145,0.2672,-1.4351,1,0,0
-0.282,-0.1121,0.9685,-0.8855,-0.1985,-1.8626,1,0,0
-0.2842,-0.1094,0.9546,-2.1756,-0.1374,-2.8779,1,0,0
-0.2893,-0.1248,0.95,-3.2519,-0.8931,-2.9008,1,0,0
-0.29,-0.1409,0.9617,-2.5115,-2.0382,-2.6794,1,0,0
-0.2778,-0.147,0.9731,-0.8397,-2.313,-1.7405,1,0,0
-0.2764,-0.1426,0.9753,0.542,-1.687,-1.2366,1,0,0
-0.2813,-0.1282,0.9783,1.3053,-1.0534,-1.1908,1,0,0
-0.2825,-0.1191,0.9822,0.6794,-0.4122,-1.5115,1,0,0
-0.2871,-0.1147,0.9812,-0.0992,-0.4809,-1.3053,1,0,0
-0.2864,-0.1169,0.9707,-1.2137,-0.687,-2.0534,1,0,0
-0.2874,-0.1206,0.9648,-2.0153,-1.5267,-1.9008,1,0,0
-0.2859,-0.124,0.9666,-2.7252,-2.0305,-1.7405,1,0,0
-0.2832,-0.1321,0.9829,-3.1527,-2.2366,-1.3359,1,0,0
-0.2739,-0.1328,0.9983,-2.626,-1.2137,-1.5344,1,0,0
-0.2783,-0.1316,0.9883,-1.5649,-0.374,-1.3435,1,0,0
-0.29,-0.1299,0.98,0.0916,-0.0305,-1.229,1,0,0
-0.29,-0.1084,0.9631,0.8168,-0.4275,-1.1069,1,0,0
-0.2937,-0.0955,0.9626,-0.0916,-1.0916,-1.5191,1,0,0
-0.2939,-0.0908,0.9739,-1.9847,-1.1221,-2.1527,1,0,0
-0.2896,-0.0977,0.9663,-3.3588,-1.2214,-2.5038,1,0,0
-0.2854,-0.1157,0.9683,-4.0153,-1.2672,-2.4962,1,0,0
-0.2952,-0.136,0.9749,-3.084,-1.3053,-2.0916,1,0,0
-0.2966,-0.1353,0.9761,-1.1298,-1.3969,-1.8244,1,0,0
-0.2983,-0.1296,0.9727,0.1603,-1.7023,-1.6031,1,0,0
-0.2927,-0.123,0.979,0.6336,-2.2748,-1.4885,1,0,0
-0.2896,-0.1128,0.9958,-0.0611,-1.9389,-1.6565,1,0,0
-0.2798,-0.1111,1.0046,-1.2672,-1.1527,-2.2901,1,0,0
-0.2783,-0.1035,0.9905,-3.1221,0.626,-2.855,1,0,0
-0.2869,-0.1206,0.998,-4.0992,0.2901,-3.2061,1,0,0
-0.2876,-0.1243,0.988,-3.6107,0.5191,-3.0229,1,0,0
-0.2832,-0.1313,0.9827,-2.8015,0.3893,-2.9008,1,0,0
-0.2844,-0.1313,0.9812,-1.4504,0.3206,-2.2977,1,0,0
-0.2837,-0.1262,0.9712,-0.626,0.3969,-1.916,1,0,0
-0.2803,-0.1189,0.9683,-0.5115,0.145,-2.2519,1,0,0
-0.2764,-0.113,0.9639,-1.7252,-0.0763,-2.2214,1,0,0
-0.2859,-0.1223,0.9695,-2.1679,-0.1145,-2.5725,1,0,0
-0.2808,-0.124,0.9702,-1.6565,-0.5115,-2.4427,1,0,0
-0.2898,-0.1279,0.9663,-1.4656,-0.8779,-2.145,1,0,0
-0.2896,-0.125,0.9683,-1.4351,-1.3359,-1.7252,1,0,0
-0.2881,-0.1248,0.9746,-1.6031,-1.6641,-1.6412,1,0,0
-0.29,-0.1301,0.978,-2.3817,-2.0534,-1.7481,1,0,0
-0.2869,-0.1414,0.9868,-2.1221,-2.2748,-1.6641,1,0,0
-0.2786,-0.1384,0.9863,-1.8855,-1.9924,-1.3817,1,0,0
-0.2793,-0.1326,0.9973,-1.5954,-1.4962,-1.5954,1,0,0
-0.2791,-0.1365,0.9912,-1.4427,-0.8321,-2.1985,1,0,0
-0.2871,-0.1418,0.9858,-1.687,-0.9237,-2.2748,1,0,0
-0.2864,-0.1445,0.9771,-2.084,-1.0992,-1.3511,1,0,0
-0.2847,-0.1484,0.9719,-2.2672,-0.8092,-0.5954,1,0,0
-0.2881,-0.1428,0.9766,-1.7481,-0.5038,-0.4504,1,0,0
-0.2864,-0.1343,0.9731,-1.0916,-1.1985,-0.0229,1,0,0
-0.2849,-0.1306,0.9832,-1.2061,-0.8397,0.0153,1,0,0
-0.2817,-0.1243,0.9768,-1.5344,-0.7023,-0.4809,1,0,0
-0.2834,-0.1243,0.9758,-2.4275,-0.6183,-0.374,1,0,0
-0.2864,-0.125,0.9727,-2.4198,-0.9008,-0.3817,1,0,0
-0.2825,-0.1287,0.9746,-2.1603,-1.145,-0.3588,1,0,0
-0.2803,-0.1284,0.9856,-0.916,-1.1679,-0.6336,1,0,0
-0.2754,-0.1196,0.979,0.0,-1.1374,-0.4046,1,0,0
-0.2803,-0.1196,0.9802,-0.2824,-0.9084,-0.4046,1,0,0
-0.2761,-0.1121,0.9871,-1.1908,-0.4122,-0.6336,1,0,0
-0.2822,-0.1123,0.98,-2.5496,-0.0458,-0.7023,1,0,0
-0.2852,-0.1226,0.9785,-2.3282,-0.4809,-1.2443,1,0,0
-0.2771,-0.1267,0.9749,-1.7328,-0.4198,-1.2061,1,0,0
-0.2883,-0.1265,0.9707,-1.5802,-0.9008,-1.2824,1,0,0
-0.2876,-0.1304,0.9807,-1.916,-1.229,-0.6947,1,0,0
-0.293,-0.1406,0.9792,-1.7481,-1.4504,-0.1603,1,0,0
-0.2903,-0.136,0.9858,-0.8931,-0.5649,0.8244,1,0,0
-0.2859,-0.1218,0.991,-0.7252,-0.2443,0.6107,1,0,0
-0.2939,-0.116,0.9871,-0.9466,0.2748,-0.3511,1,0,0
-0.29,-0.1201,0.9822,-0.8321,0.3588,-1.0534,1,0,0
-0.2952,-0.1201,0.978,-1.5115,0.1298,-1.8779,1,0,0
-0.2893,-0.1213,0.9749,-3.2443,0.0916,-1.7863,1,0,0
-0.2939,-0.1316,0.9768,-5.0,-0.1069,-1.4122,1,0,0
-0.2859,-0.1411,0.9763,-5.916,-0.3511,-0.9695,1,0,0
-0.2813,-0.1443,0.9924,-5.5878,-0.2443,-0.5573,1,0,0
-0.2834,-0.1509,0.9861,-4.0458,0.1527,-0.2901,1,0,0
-0.2715,-0.1414,0.9888,-2.6718,0.7023,-0.084,1,0,0
-0.2773,-0.134,0.9795,-2.0229,1.0611,0.2672,1,0,0
-0.2837,-0.1345,0.9819,-1.3588,0.8855,0.3664,1,0,0
-0.281,-0.1189,0.9666,-1.5344,0.7786,0.7176,1,0,0
-0.2808,-0.1204,0.9595,-1.9237,0.2061,0.8168,1,0,0
-0.29,-0.1169,0.957,-2.4427,-0.458,0.9008,1,0,0
-0.2888,-0.1111,0.9626,-3.6336,-1.7557,1.3282,1,0,0
-0.2886,-0.1177,0.9695,-3.7863,-2.3359,1.2137,1,0,0
-0.2805,-0.1284,0.9805,-2.5802,-2.7023,1.0229,1,0,0
-0.2761,-0.1243,0.9927,-1.0229,-2.9542,0.8321,1,0,0
-0.2754,-0.1274,0.9951,-0.3664,-2.3435,1.0763,1,0,0
-0.2798,-0.1228,0.9956,-0.3817,-1.6565,1.3893,1,0,0
-0.2825,-0.1177,1.0056,-1.3588,-1.1298,1.4275,1,0,0
-0.28,-0.1213,1.0076,-1.7863,-0.7557,1.2824,1,0,0
-0.2769,-0.1313,1.0125,-0.9618,-0.2595,1.9237,1,0,0
-0.2825,-0.1221,1.002,-0.1145,0.5496,1.5344,1,0,0
-0.2842,-0.1157,0.9944,-0.229,0.5267,1.084,1,0,0
-0.2871,-0.1143,0.9863,-0.6336,0.6031,1.0763,1,0,0
-0.2773,-0.1274,0.9854,-1.8397,0.7176,1.5038,1,0,0
-0.2847,-0.1257,0.9841,-2.4656,0.9542,2.3588,1,0,0
-0.2791,-0.1262,0.9897,-3.0305,0.6183,3.0305,1,0,0
-0.2773,-0.1233,0.9854,-3.5725,0.7634,3.0229,1,0,0
-0.2756,-0.1267,0.9968,-3.6794,1.0305,2.8855,1,0,0
-0.2739,-0.1245,0.9966,-3.5802,1.1832,2.0916,1,0,0
-0.2793,-0.1206,0.9873,-3.7786,1.2443,2.4885,1,0,0
-0.2761,-0.1187,0.9836,-5.4733,1.771,2.8015,1,0,0
-0.2668,-0.1069,0.9878,-9.0687,2.7023,4.1832,1,0,0
-0.2729,-0.1108,0.9783,-12.4885,3.5725,4.0076,1,0,0
-0.2815,-0.1328,0.9707,-13.4351,3.4427,3.8626,1,0,0
-0.2881,-0.1428,0.9875,-11.2519,3.2366,3.5038,1,0,0
-0.2888,-0.1497,0.9763,-7.8397,3.2672,2.8168,1,0,0
-0.2871,-0.1445,0.9744,-3.8244,3.2672,2.6565,1,0,0
-0.2927,-0.1389,0.9634,-0.8779,3.5725,2.1679,1,0,0
-0.2896,-0.124,0.9441,-1.1069,3.2824,2.5725,1,0,0
-0.3022,-0.134,0.9543,-2.9237,2.9466,2.0229,1,0,0
-0.2983,-0.1228,0.9578,-4.4351,2.0153,2.2824,1,0,0
-0.2881,-0.1155,0.9771,-6.4351,2.1908,2.5344,1,0,0
-0.2842,-0.1179,0.99,-9.0534,3.7481,2.1374,1,0,0
-0.2866,-0.1196,1.0078,-12.5573,5.1145,2.7252,1,0,0
-0.2927,-0.1365,1.0129,-13.8473,7.5267,1.9695,1,0,0
-0.2954,-0.1218,1.0059,-11.7176,7.9847,1.9924,1,0,0
-0.3062,-0.1555,0.9827,-9.4427,7.855,1.2214,1,0,0
-0.3101,-0.1592,0.9785,-7.2366,6.3359,1.145,1,0,0
-0.2966,-0.1399,0.9922,-6.7786,5.9847,2.2977,1,0,0
-0.2883,-0.1311,1.0005,-9.5802,7.7939,2.3359,1,0,0
-0.2966,-0.1265,1.001,-13.855,9.5267,2.3282,1,0,0
-0.2944,-0.1389,0.9927,-16.2366,10.2672,1.9542,1,0,0
-0.3171,-0.1699,0.97,-13.7863,9.229,1.7252,1,0,0
-0.3184,-0.1753,0.9624,-9.7481,7.4656,2.3053,1,0,0
-0.3064,-0.1614,0.9763,-7.4275,6.7176,3.8168,1,0,0
-0.2976,-0.1675,0.9929,-9.4962,9.7328,5.2901,1,0,0
-0.3323,-0.0752,1.0044,-13.9618,11.9313,8.1374,1,0,0
-0.3079,-0.1064,0.9951,-17.8473,12.0916,6.1679,1,0,0
-0.282,-0.1677,0.9998,-21.0153,15.6183,5.3359,1,0,0
-0.3213,-0.1675,0.97,-15.458,14.1221,3.8931,1,0,0
-0.335,-0.1792,0.9592,-11.6031,13.229,3.1756,1,0,0
-0.3413,-0.1687,0.9492,-8.8626,12.2748,3.3053,1,0,0
-0.2825,-0.1528,0.9687,-8.1985,13.4275,2.3359,1,0,0
-0.4009,-0.1765,0.9368,-8.8397,13.6412,1.7405,1,0,0
-0.3455,-0.1514,0.9248,-8.6489,11.3359,2.2672,1,0,0
-0.3516,-0.1814,0.9268,-7.3588,8.9389,1.3893,1,0,0
-0.3584,-0.1833,0.9175,-4.229,6.9389,1.2977,1,0,0
-0.3457,-0.1702,0.9351,-2.1985,4.8626,2.7176,1,0,0
-0.3398,-0.1506,0.9475,-2.084,5.5038,3.2443,1,0,0
-0.3396,-0.1372,0.9541,-3.3282,6.5954,2.4427,1,0,0
-0.342,-0.1309,0.9502,-4.9542,7.3969,1.2748,1,0,0
-0.3489,-0.1423,0.9441,-7.1298,7.9313,0.6183,1,0,0
-0.3528,-0.1536,0.95,-8.2061,7.3893,0.0611,1,0,0
-0.3362,-0.1606,0.9658,-9.9695,7.8931,1.2061,1,0,0
-0.3486,-0.1692,0.9736,-10.687,9.4122,1.2214,1,0,0
-0.3516,-0.1863,0.9646,-10.5649,11.5573,0.4351,1,0,0
-0.3625,-0.189,0.9512,-8.2519,10.7634,0.3817,1,0,0
-0.3638,-0.1914,0.9395,-6.4122,9.9618,0.4351,1,0,0
-0.3582,-0.1782,0.936,-5.6718,8.4504,1.084,1,0,0
-0.3633,-0.1741,0.9307,-5.229,6.8321,0.9084,1,0,0
-0.3533,-0.1941,0.9397,-6.1985,6.7634,1.0458,1,0,0
-0.3562,-0.1853,0.9446,-5.5573,7.1756,1.1069,1,0,0
-0.3523,-0.1931,0.9351,-6.4198,7.4885,2.5038,0,0,0
-0.3535,-0.1711,0.9375,-7.4427,7.6565,2.2519,0,0,0
-0.3621,-0.1919,0.916,-7.5725,7.8168,2.2137,0,0,0
-0.3647,-0.1833,0.9124,-6.7023,6.4427,1.8702,0,0,0
-0.3655,-0.1941,0.9243,-6.1603,4.8397,2.1679,0,0,0
-0.3735,-0.1973,0.9099,-7.4275,3.4351,2.9313,0,0,0
-0.3562,-0.2041,0.9246,-6.8168,2.7023,3.5267,0,0,0
-0.364,-0.1882,0.9182,-7.1679,1.8244,3.3588,0,0,0
-0.3528,-0.1682,0.9341,-6.8702,1.8321,2.5649,0,0,0
-0.3638,-0.1738,0.9287,-9.4046,1.4885,2.6718,0,0,0
-0.3694,-0.1799,0.9233,-11.5649,0.6794,2.5725,0,0,0
-0.3743,-0.1833,0.917,-12.3664,0.2672,2.3817,0,0,0
-0.3728,-0.1951,0.9177,-10.5954,-0.6641,1.9618,0,0,0
-0.3625,-0.188,0.9185,-10.0458,-0.8702,2.6031,0,0,0
-0.3694,-0.1865,0.9263,-9.0229,-0.4046,2.145,0,0,0
-0.3691,-0.1819,0.9141,-9.8779,-0.8855,1.7557,0,0,0
-0.3796,-0.1846,0.9165,-10.3511,-1.6794,1.9466,0,0,0
-0.3616,-0.2002,0.9224,-8.9237,-2.1985,0.8092,0,0,0
-0.3611,-0.1865,0.9158,-8.6565,-1.8779,0.6794,0,0,0
-0.364,-0.1948,0.9202,-8.8397,-1.7939,0.7023,0,0,0
-0.3237,-0.2246,0.9321,-9.5725,-0.7405,1.8855,0,0,0
-0.3743,-0.2102,0.929,-9.0611,-1.3664,1.374,0,0,0
-0.3813,-0.2061,0.9187,-7.7863,-1.5725,0.8473,0,0,0
-0.385,-0.2144,0.927,-5.3435,-2.1985,0.4427,0,0,0
-0.3748,-0.207,0.9243,-5.2824,-3.0611,1.4733,0,0,0
-0.3792,-0.1897,0.927,-7.2519,-3.0229,2.0305,0,0,0
-0.3894,-0.2107,0.9326,-8.6336,-4.0687,1.9084,0,0,0
-0.3787,-0.2075,0.9431,-8.0305,-4.7252,1.5954,0,0,0
-0.3699,-0.2151,0.9475,-7.0458,-4.1221,1.0992,0,0,0
-0.365,-0.228,0.9578,-6.6107,-3.1374,1.5802,0,0,0
-0.3635,-0.2158,0.9658,-5.4122,-1.6031,1.9618,0,0,0
-0.3684,-0.1978,0.9575,-6.7328,-0.5878,1.7328,0,0,0
-0.3733,-0.1975,0.9539,-7.8702,0.6412,0.687,0,0,0
-0.3716,-0.2029,0.9456,-8.4198,0.3282,0.1374,0,0,0
-0.3755,-0.2119,0.9209,-7.7405,0.6031,-0.2137,0,0,0
-0.3726,-0.2141,0.9248,-7.3206,-0.1374,-0.0153,0,0,0
-0.3696,-0.2024,0.9241,-7.7786,0.2595,0.4198,0,0,0
-0.3696,-0.2114,0.9346,-8.6336,-0.4885,0.3664,0,0,0
-0.3589,-0.1992,0.9338,-10.4427,-0.229,0.3588,0,0,0
-0.3577,-0.1973,0.9302,-12.0076,0.1603,-0.2366,0,0,0
-0.3625,-0.2187,0.9182,-12.7557,0.0687,-0.5496,0,0,0
-0.3557,-0.2075,0.9136,-12.8702,-0.1679,-1.5725,0,0,0
-0.3708,-0.2183,0.9148,-13.1603,-0.9084,-1.3053,0,0,0
-0.3684,-0.2205,0.9077,-14.084,-2.5038,-1.1679,0,0,0
-0.3652,-0.2266,0.9133,-15.2977,-2.9313,0.084,0,0,0
-0.3533,-0.2012,0.9172,-16.3435,-3.1908,-0.5802,0,0,0
-0.3569,-0.2144,0.9165,-19.4656,-2.5191,-2.0,0,0,0
-0.3638,-0.2312,0.9192,-20.4275,-3.5191,-1.6641,0,0,0
-0.3442,-0.259,0.9216,-20.9466,-3.9847,-0.5878,0,0,0
-0.3667,-0.2542,0.9141,-19.4733,-4.8473,-0.2672,0,0,0
-0.3745,-0.2393,0.9124,-17.5496,-5.4427,-0.8397,0,0,0
-0.3606,-0.2439,0.9163,-15.0992,-6.3664,-2.1832,0,0,0
-0.3555,-0.2334,0.9165,-13.229,-6.9008,-3.9389,0,0,0
-0.3481,-0.2297,0.9241,-13.1298,-6.0611,-4.6183,0,0,0
-0.3459,-0.2097,0.9412,-15.9237,-4.9542,-5.2443,0,0,0
-0.3447,-0.2302,0.9412,-20.4809,-3.4885,-6.1221,0,0,0
-0.3523,-0.2451,0.9426,-21.4656,-2.3893,-6.6031,0,0,0
-0.3567,-0.2493,0.9343,-20.4427,-1.145,-8.4046,0,0,0
-0.3633,-0.2493,0.9214,-18.2595,-1.2595,-10.145,0,0,0
-0.3638,-0.2422,0.9153,-16.1221,-1.4275,-11.8626,0,0,0
-0.3735,-0.24,0.9031,-13.9695,-2.1069,-13.7786,0,0,0
-0.3733,-0.2371,0.896,-11.1527,-3.1298,-15.8626,0,0,0
-0.3687,-0.2495,0.8945,-8.2748,-4.4504,-18.3053,0,0,0
-0.3496,-0.3132,0.9243,-4.5725,-5.0687,-17.0229,0,0,0
-0.3481,-0.3245,0.9351,0.4656,-3.7939,-13.7557,0,0,0
-0.3535,-0.2964,0.9253,2.0229,-3.916,-10.4733,0,0,0
-0.3672,-0.2869,0.9106,2.6107,-5.0534,-8.4275,0,0,0
-0.3667,-0.2871,0.9104,3.3588,-6.4733,-9.0534,0,0,0
-0.3586,-0.2776,0.8997,4.4733,-8.5344,-9.7786,0,0,0
-0.354,-0.2642,0.9075,3.7863,-10.4656,-11.2824,0,0,0
-0.3462,-0.2676,0.9224,1.6031,-11.3282,-10.6489,0,0,0
-0.3342,-0.2703,0.946,-1.9008,-10.084,-8.9237,0,0,0
-0.3364,-0.2581,0.9426,-6.2672,-8.7481,-8.4885,0,0,0
-0.3474,-0.2588,0.9451,-9.8092,-8.0229,-9.8931,0,0,0
-0.3459,-0.2732,0.9441,-11.6565,-8.145,-12.0076,0,0,0
-0.342,-0.3059,0.9456,-10.8092,-8.5344,-13.4809,0,0,0
-0.3367,-0.3232,0.9429,-5.1145,-8.4198,-13.2519,0,0,0
-0.3337,-0.3279,0.9387,1.6489,-8.9008,-13.3359,0,0,0
-0.334,-0.3516,0.9429,7.313,-8.5573,-12.5191,0,0,0
-0.323,-0.3191,0.9397,10.4351,-8.0992,-10.6031,0,0,0
-0.323,-0.3083,0.9375,12.084,-7.4504,-9.1145,0,0,0
-0.322,-0.29,0.9312,12.7557,-6.6489,-8.9466,0,0,0
-0.3188,-0.2791,0.9299,12.916,-6.2061,-9.4504,0,0,0
-0.3188,-0.2832,0.928,14.4504,-5.2901,-10.5878,0,0,0
-0.3208,-0.2859,0.9258,17.5496,-4.3664,-12.6183,0,0,0
-0.3069,-0.2766,0.9438,19.0992,-3.5038,-12.4962,0,0,0
-0.3213,-0.2832,0.9387,18.6031,-2.6641,-11.8626,0,0,0
-0.3064,-0.2649,0.9453,16.0382,-2.0076,-10.2519,0,0,0
-0.2964,-0.2532,0.9487,12.3588,-1.4656,-9.1527,0,0,0
-0.2981,-0.2439,0.9409,7.8244,-1.229,-8.2977,0,0,0
-0.3032,-0.2607,0.9321,3.4962,-1.8168,-7.687,0,0,0
-0.3069,-0.2837,0.9385,2.2137,-2.0534,-7.1679,0,0,0
-0.2979,-0.2954,0.9434,3.8168,-2.084,-5.9771,0,0,0
-0.293,-0.2954,0.9495,4.5038,-1.7252,-4.5725,0,0,0
-0.2896,-0.2803,0.9524,4.1145,-1.2443,-3.2061,0,0,0
-0.2878,-0.2793,0.9519,2.2977,0.0382,-2.7099,0,0,0
-0.3008,-0.2754,0.9453,0.3435,0.3435,-2.5496,0,0,0
-0.3059,-0.281,0.9397,-0.6718,0.2824,-2.3817,0,0,0
-0.3054,-0.2847,0.9368,-0.7328,0.1603,-1.7786,0,0,0
-0.2986,-0.2856,0.9343,-0.6336,-0.0153,-0.855,0,0,0
-0.301,-0.2839,0.9351,-0.3435,0.6412,-0.3969,0,0,0
-0.3103,-0.2854,0.9307,0.626,0.8092,0.0458,0,0,0
-0.3083,-0.2786,0.926,1.4962,0.0,-0.0687,0,0,0
-0.3169,-0.2678,0.9246,1.3664,-1.0458,0.5954,0,0,0
-0.3127,-0.2683,0.9265,1.4351,-1.4656,0.855,0,0,0
-0.3086,-0.2524,0.9287,0.145,-1.3435,1.2366,0,0,0
-0.3105,-0.2539,0.9417,-0.5038,-0.4504,1.2366,0,0,0
-0.3098,-0.2551,0.9399,-0.9008,-0.2672,1.4504,0,0,0
-0.3167,-0.2559,0.9255,-0.5573,-0.0076,0.4733,0,0,0
-0.3213,-0.2512,0.9299,0.1298,-0.7786,0.3893,0,0,0
-0.3191,-0.2483,0.9321,0.0382,-1.6489,0.458,0,0,0
-0.3147,-0.2446,0.939,-1.1145,-2.1908,0.0305,0,0,0
-0.3115,-0.2517,0.949,-2.2748,-2.3893,0.458,0,0,0
-0.313,-0.2605,0.9685,-2.4122,-1.3817,0.7023,0,0,0
-0.3118,-0.2634,0.96,-1.3053,-0.4275,0.6641,0,0,0
-0.3188,-0.2607,0.9634,0.1527,0.3664,0.2748,0,0,0
-0.3171,-0.2524,0.9583,0.6794,0.4733,-0.0229,0,0,0
-0.314,-0.2461,0.9521,-0.0382,0.5954,0.0076,0,0,0
-0.3152,-0.2427,0.958,-1.9466,1.0305,-0.1221,0,0,0
-0.3208,-0.2578,0.9485,-3.4198,1.5954,-0.2214,0,0,0
-0.3193,-0.2629,0.9421,-4.2519,1.6031,-0.1527,0,0,0
-0.3181,-0.2642,0.9409,-4.0229,1.7099,-0.0763,0,0,0
-0.3218,-0.2661,0.948,-3.8015,1.4962,0.2977,0,0,0
-0.3142,-0.2698,0.947,-4.0,1.6412,0.3817,0,0,0
-0.3176,-0.2625,0.9512,-3.9084,1.8855,0.4733,0,0,0
-0.3223,-0.272,0.946,-2.916,1.9389,0.6031,0,0,0
-0.3149,-0.2617,0.9421,-2.8779,1.9695,0.626,0,0,0
-0.3184,-0.2603,0.9478,-2.7863,1.3435,0.3664,0,0,0
-0.311,-0.2625,0.9551,-2.145,1.1374,0.6031,0,0,0
-0.3037,-0.2568,0.9526,-1.9237,1.9084,1.2748,0,0,0
-0.3047,-0.2529,0.9482,-2.0992,2.1603,1.2214,0,0,0
-0.3132,-0.2378,0.936,-3.1527,2.084,0.7863,0,0,0
-0.3169,-0.2446,0.9321,-3.4198,1.3969,0.3893,0,0,0
-0.3096,-0.2505,0.9309,-3.4275,1.0916,0.2824,0,0,0
-0.314,-0.2549,0.926,-1.9618,0.9771,0.0076,0,0,0
-0.3137,-0.2559,0.9326,0.1832,1.0687,0.2901,0,0,0
-0.3167,-0.2556,0.9253,1.916,-0.0153,0.2672,0,0,0
-0.3118,-0.2478,0.9316,2.3969,-0.5496,0.2595,0,0,0
-0.3044,-0.2373,0.9333,1.3359,-0.6336,-0.0916,0,0,0
-0.3013,-0.2363,0.9338,-1.0458,-0.3053,-0.1527,0,0,0
-0.3037,-0.2368,0.9358,-3.2748,0.2061,-1.1908,0,0,0
-0.3086,-0.2488,0.9375,-4.0687,0.2824,-2.0916,0,0,0
-0.311,-0.2595,0.9321,-3.6489,0.2901,-2.4122,0,0,0
-0.3142,-0.2671,0.9297,-2.7939,-0.1069,-2.1832,0,0,0
-0.3186,-0.2781,0.9282,-0.9237,-0.6412,-1.3206,0,0,0
-0.3145,-0.2813,0.9231,1.2366,-1.2901,-0.9237,0,0,0
-0.3115,-0.2654,0.9368,1.7481,-1.0763,-0.2214,0,0,0
-0.3198,-0.2556,0.9321,1.4809,-1.6336,-0.1679,0,0,0
-0.3164,-0.251,0.9412,0.2519,-2.2519,-0.1527,0,0,0
-0.3145,-0.2468,0.9421,-0.1221,-2.0763,-0.9389,0,0,0
-0.3105,-0.2468,0.9509,-1.3282,-1.6718,-1.7328,0,0,0
-0.321,-0.2473,0.9414,-3.2061,-1.7939,-2.2443,0,0,0
-0.3223,-0.2529,0.9429,-3.3664,-2.2748,-2.4885,0,0,0
-0.3125,-0.2473,0.9414,-3.4504,-2.1374,-2.8397,0,0,0
-0.3171,-0.2517,0.9561,-3.145,-1.9466,-3.5344,0,0,0
-0.314,-0.2473,0.9482,-2.3893,-1.4733,-4.2977,0,0,0
-0.3093,-0.2463,0.9485,-2.4275,-1.2977,-4.9313,0,0,0
-0.3088,-0.2744,0.9324,-3.0,-1.2214,-5.0382,0,0,0
-0.3101,-0.241,0.9529,-2.2137,-0.2137,-5.1832,0,0,0
-0.3088,-0.252,0.9551,-2.0305,1.2748,-6.5649,0,0,0
-0.3108,-0.2671,0.9539,-1.2214,2.1985,-7.2748,0,0,0
-0.3174,-0.251,0.9575,-1.1603,2.2214,-7.0611,0,0,0
-0.3245,-0.2573,0.9451,-1.2901,1.8015,-7.2901,0,0,0
-0.3313,-0.248,0.9548,-1.2137,2.8855,-7.2824,0,0,0
-0.3198,-0.2983,0.9414,1.4046,3.2901,-4.5267,0,0,0
-0.3264,-0.23,0.9375,1.084,1.7405,-3.5344,0,0,0
-0.321,-0.2373,0.9419,-1.5573,1.4885,-4.6107,0,0,0
-0.3179,-0.2878,0.9397,-1.6641,1.2519,-3.5954,0,0,0
-0.3176,-0.281,0.9465,0.8931,1.1527,-2.2748,0,0,0
-0.3132,-0.2581,0.946,1.0992,1.4885,-1.6565,0,0,0
-0.3105,-0.2549,0.9443,0.3893,1.7481,-1.6641,0,0,0
-0.3115,-0.2429,0.9504,-0.0763,2.229,-2.374,0,0,0
-0.3169,-0.2339,0.9429,-1.5649,2.6336,-3.3206,0,0,0
-0.3184,-0.2397,0.927,-3.6107,2.3664,-3.5649,0,0,0
-0.3169,-0.2446,0.9363,-4.8855,1.2595,-4.1908,0,0,0
-0.3159,-0.2668,0.9312,-4.7176,1.3817,-4.1985,0,0,0
-0.3174,-0.2744,0.9302,-2.9466,0.9542,-3.4198,0,0,0
-0.3169,-0.283,0.9321,-0.7557,0.6641,-3.1985,0,0,0
-0.3091,-0.2844,0.9424,1.5802,0.7939,-2.3206,0,0,0
-0.3159,-0.2744,0.9343,2.8702,1.1527,-1.2977,0,0,0
-0.3108,-0.2593,0.9333,2.5038,1.2061,-0.9695,0,0,0
-0.3198,-0.2458,0.9358,0.7939,0.6947,-1.5954,0,0,0
-0.3152,-0.2424,0.9321,-1.6412,0.313,-1.5344,0,0,0
-0.3113,-0.2463,0.9353,-3.4656,0.4809,-2.458,0,0,0
-0.3142,-0.251,0.9263,-5.0763,0.0611,-3.3053,0,0,0
-0.3162,-0.2751,0.9302,-5.313,-0.4733,-3.0382,0,0,0
-0.3142,-0.2834,0.9426,-3.6947,0.2061,-2.229,0,0,0
-0.3081,-0.2898,0.9426,-1.1908,1.5954,-1.8168,0,0,0
-0.3208,-0.2852,0.9321,1.1679,1.2214,-1.626,0,0,0
-0.3235,-0.2661,0.9204,1.6412,0.4198,-0.8473,0,0,0
-0.3147,-0.2644,0.938,0.9847,-0.2977,-0.7939,0,0,0
-0.3105,-0.2517,0.9373,-0.1603,0.2214,-1.0916,0,0,0
-0.3191,-0.2471,0.9463,-2.2137,0.0611,-1.8931,0,0,0
-0.3196,-0.2561,0.9434,-4.7557,-0.2595,-2.3817,0,0,0
-0.3193,-0.2778,0.9392,-4.3435,-0.6183,-1.8702,0,0,0
-0.3203,-0.2837,0.9346,-2.5954,-0.8473,-1.0763,0,0,0
-0.3142,-0.2778,0.9412,-1.1374,-0.7863,-0.5191,0,0,0
-0.322,-0.2832,0.947,0.7481,-0.1756,0.3359,0,0,0
-0.3193,-0.2688,0.9468,2.8015,1.1069,0.4656,0,0,0
-0.3259,-0.2568,0.9353,3.6641,0.8779,0.2901,0,0,0
-0.3271,-0.2451,0.9321,3.2214,0.1679,0.2977,0,0,0
-0.3298,-0.2373,0.9336,2.542,-0.6718,-0.3206,0,0,0
-0.3157,-0.2324,0.9272,0.9466,-1.3511,-1.2214,0,0,0
-0.3171,-0.2273,0.9353,-2.3282,-1.0916,-1.9389,0,0,0
-0.3188,-0.2529,0.9365,-4.7481,-1.0382,-2.0992,0,0,0
-0.3223,-0.2676,0.9409,-5.458,-0.6489,-1.8244,0,0,0
-0.3167,-0.2815,0.9404,-3.8931,-0.2443,-1.313,0,0,0
-0.3269,-0.2876,0.9451,-0.6794,0.0,-0.7939,0,0,0
-0.3298,-0.28,0.9426,2.2366,-0.5267,-0.1756,0,0,0
-0.3284,-0.2666,0.9348,3.0916,-1.1985,0.0763,0,0,0
-0.3259,-0.2578,0.9382,2.7176,-1.5649,-0.2366,0,0,0
-0.3206,-0.249,0.947,0.7099,-2.0229,0.2595,0,0,0
-0.3132,-0.2502,0.9631,-1.3053,-1.9695,0.3893,0,0,0
-0.3081,-0.2529,0.9626,-2.7176,-1.5267,0.1298,0,0,0
-0.3115,-0.259,0.9666,-3.0458,-0.2672,0.4046,0,0,0
-0.3147,-0.2603,0.9563,-2.4046,0.2137,0.0992,0,0,0
-0.3188,-0.2629,0.9507,-1.0382,0.2366,0.2061,0,0,0
-0.3174,-0.2534,0.9478,0.4885,0.4198,0.313,0,0,0
-0.3179,-0.2378,0.9392,0.8168,0.8931,0.084,0,0,0
-0.314,-0.2349,0.9351,-0.3511,0.6947,-0.6031,0,0,0
-0.325,-0.238,0.9248,-1.3282,0.5115,-1.2137,0,0,0
-0.3218,-0.2432,0.9275,-2.1221,0.0229,-0.8702,0,0,0
-0.3115,-0.248,0.9409,-2.0305,0.2672,-0.2443,0,0,0
-0.314,-0.2485,0.9353,-1.5267,0.0763,-0.9542,0,0,0
-0.3145,-0.2424,0.9321,-1.7939,-0.3511,-1.2672,0,0,0
-0.3132,-0.2524,0.9231,-1.6641,0.1527,-1.5191,0,0,0
-0.3091,-0.259,0.928,-0.1908,-0.2137,-1.5191,0,0,0
-0.3164,-0.2473,0.9189,-0.1603,-0.145,-1.7099,0,0,0
-0.3206,-0.261,0.9219,-0.4656,-1.0305,-1.5038,0,0,0
-0.3127,-0.2593,0.9312,0.374,-1.0916,-0.5649,0,0,0
-0.3047,-0.2498,0.937,-0.687,-0.9542,-0.7481,0,0,0
-0.3091,-0.261,0.9387,-1.3893,-1.4122,-1.0229,0,0,0
-0.3076,-0.2595,0.9346,-1.9695,-1.6031,-0.542,0,0,0
-0.3125,-0.2598,0.9248,-2.6947,-1.4656,-0.1985,0,0,0
-0.3191,-0.269,0.9287,-2.5878,-2.0992,-0.2366,0,0,0
-0.3245,-0.2651,0.939,-1.5496,-2.5954,0.1832,0,0,0
-0.3218,-0.2727,0.9497,0.3893,-2.5649,0.313,0,0,0
-0.3093,-0.2522,0.9556,2.313,-1.8855,0.2977,0,0,0
-0.3108,-0.2363,0.9456,1.7176,-1.2061,-0.3511,0,0,0
-0.3162,-0.2368,0.9475,-0.3588,-1.0229,-1.2977,0,0,0
-0.311,-0.2415,0.9436,-1.3893,-0.3969,-1.3664,0,0,0
-0.3152,-0.2473,0.9451,-2.626,-0.5344,-1.4809,0,0,0
-0.3181,-0.2532,0.9395,-2.8092,-0.4809,-1.1374,0,0,0
-0.3176,-0.2581,0.9351,-2.4275,-0.9695,-0.5267,0,0,0
-0.3242,-0.2593,0.9358,-1.3511,-1.0534,-0.7863,0,0,0
-0.3228,-0.2588,0.937,-0.1069,-1.3588,-0.6641,0,0,0
-0.3179,-0.2573,0.9395,0.7176,-1.229,-0.3588,0,0,0
-0.322,-0.239,0.9441,0.8092,-0.5191,-0.3893,0,0,0
-0.3289,-0.2419,0.9436,0.2443,-0.7481,-0.3511,0,0,0
-0.3235,-0.2378,0.9426,-0.145,-1.4198,-0.7939,0,0,0
-0.3203,-0.2405,0.949,-0.7023,-2.0534,-0.5649,0,0,0
-0.3127,-0.2446,0.95,-0.8015,-1.5954,-0.4656,0,0,0
-0.3169,-0.2419,0.937,-1.3817,-1.4733,-1.0153,0,0,0
-0.3259,-0.2454,0.938,-2.0763,-1.9695,-1.0916,0,0,0
-0.321,-0.251,0.9502,-2.2443,-1.8473,-0.5954,0,0,0
-0.3232,-0.2559,0.9456,-0.7099,-1.2519,-0.8168,0,0,0
-0.3223,-0.2515,0.9497,1.6641,-1.1908,-1.0,0,0,0
-0.3218,-0.2397,0.9473,2.0763,-0.9771,-1.2672,0,0,0
-0.3147,-0.2349,0.9487,1.626,-1.0229,-1.1603,0,0,0
-0.311,-0.2349,0.9521,0.1374,-0.1603,-1.4275,0,0,0
-0.3186,-0.2388,0.9468,-1.3893,-0.0534,-1.5038,0,0,0
-0.3132,-0.2351,0.938,-1.5115,-0.0687,-1.6336,0,0,0
-0.3154,-0.239,0.9453,-1.4046,-0.7939,-1.9542,0,0,0
-0.3054,-0.2351,0.9524,-0.3969,-1.0153,-2.1374,0,0,0
-0.2939,-0.23,0.9485,-0.6107,-0.0305,-3.3435,0,0,0
-0.3027,-0.2305,0.939,-0.5496,0.5954,-4.1527,0,0,0
-0.3076,-0.2305,0.9443,0.3435,1.0153,-4.6794,0,0,0
-0.2991,-0.2236,0.96,2.4733,2.2214,-5.4885,0,0,0
-0.3047,-0.1985,0.9658,4.2672,3.542,-6.8855,0,0,0
-0.3096,-0.1917,0.97,4.8473,4.9847,-8.9237,0,0,0
-0.3115,-0.1897,0.9727,5.4122,6.4427,-11.7786,0,0,0
-0.3145,-0.1858,0.9785,6.6718,7.9389,-14.9847,0,0,0
-0.3281,-0.2014,0.9626,8.7023,9.0687,-18.6412,0,0,0
-0.3352,-0.2058,0.9653,10.0687,10.2519,-20.1527,0,0,0
-0.3267,-0.1868,0.9954,9.5496,11.6718,-19.7939,0,0,0
-0.3447,-0.2083,0.967,9.1908,12.1145,-19.4656,0,0,0
-0.3364,-0.2078,0.9727,12.0382,11.7023,-20.8092,0,0,0
-0.3269,-0.2129,0.9927,18.7099,13.4504,-23.1298,0,0,0
-0.3286,-0.2148,1.0034,25.0916,16.0229,-24.6947,0,0,0
-0.3279,-0.1958,0.9995,25.5649,18.0458,-23.9771,0,0,0
-0.3379,-0.1746,0.9861,21.7939,19.1985,-22.2443,0,0,0
-0.3418,-0.1807,0.9839,18.0229,18.9084,-22.3359,0,0,0
-0.292,-0.1797,1.0068,15.2214,22.4733,-24.9618,0,0,0
-0.3494,-0.1826,0.9934,10.8702,19.0076,-24.5878,0,0,0
-0.332,-0.2195,0.9973,9.229,20.2977,-25.8626,0,0,0
-0.3145,-0.2449,0.9929,14.1756,23.0382,-27.3588,0,0,0
-0.3174,-0.3333,1.0039,22.2519,25.313,-23.5573,0,0,0
-0.314,-0.344,1.0193,37.7481,28.5344,-18.7252,0,0,0
-0.3389,-0.2686,0.9995,48.3817,30.374,-14.2443,0,0,0
-0.3301,-0.1748,0.9778,49.0,31.2519,-12.8855,0,0,0
-0.3472,-0.1099,0.9451,41.5191,30.5038,-15.687,0,0,0
-0.3511,-0.0911,0.9258,30.1832,29.374,-20.6183,0,0,0
-0.3555,-0.1042,0.917,18.9466,27.2595,-23.6947,0,0,0
-0.3594,-0.1191,0.9102,11.771,25.7634,-26.3588,0,0,0
-0.3525,-0.1982,0.9067,9.6718,25.0458,-27.687,0,0,0
-0.3679,-0.2668,0.9128,19.2519,24.8473,-24.1832,0,0,0
-0.3647,-0.2622,0.9119,33.4656,25.145,-21.3359,0,0,0
-0.363,-0.1873,0.8982,39.7863,26.084,-18.6336,0,0,0
-0.3777,-0.1367,0.8748,38.1145,25.0,-18.6336,0,0,0
-0.3845,-0.1106,0.8596,31.458,22.313,-19.8626,0,0,0
-0.3752,-0.0823,0.8521,22.1603,18.6107,-22.3893,0,0,0
-0.384,-0.0935,0.863,13.5649,14.8244,-24.7863,0,0,0
-0.3735,-0.1072,0.8784,7.7863,11.7252,-26.4275,0,0,0
-0.376,-0.1616,0.8889,5.4427,9.9084,-27.7023,0,0,0
-0.3562,-0.1626,0.8889,5.084,9.8168,-28.3359,0,0,0
-0.3574,-0.1375,0.8901,7.4656,9.1298,-29.8092,0,0,0
-0.355,-0.1389,0.8799,8.5191,7.8397,-30.2214,0,0,0
-0.3518,-0.1194,0.8818,6.7099,6.5802,-29.3206,0,0,0
-0.3567,-0.1233,0.8662,3.6718,6.6412,-28.9695,0,0,0
-0.3679,-0.1436,0.8579,1.084,6.2901,-29.8473,0,0,0
-0.3784,-0.1587,0.8474,1.2672,5.1069,-31.0229,0,0,0
-0.396,-0.1902,0.844,2.6718,1.7863,-30.9618,0,0,0
-0.3992,-0.1975,0.8516,4.3359,-1.084,-28.5267,0,0,0
-0.3877,-0.1802,0.8696,3.3817,-3.0763,-25.687,0,0,0
-0.3911,-0.1748,0.8945,0.374,-3.7252,-23.2672,0,0,0
-0.3984,-0.1953,0.9102,-2.0382,-4.0458,-22.542,0,0,0
-0.408,-0.2017,0.917,-2.2977,-4.7023,-22.5725,0,0,0
-0.405,-0.2095,0.9231,-2.5496,-5.1832,-22.5344,0,0,0
-0.4036,-0.2007,0.9238,-2.4885,-5.8779,-22.7557,0,0,0
-0.3953,-0.1987,0.938,-3.9008,-5.3511,-22.6336,0,0,0
-0.3953,-0.1943,0.9402,-4.9313,-4.9084,-22.8779,0,0,0
-0.3911,-0.1826,0.9487,-6.229,-4.0992,-24.1679,0,0,0
-0.3862,-0.1794,0.9414,-9.3206,-2.7557,-25.3893,0,0,0
-0.3994,-0.2019,0.9248,-11.4656,-1.3053,-26.7023,0,0,0
-0.4163,-0.238,0.9182,-12.4809,-0.9771,-27.2824,0,0,0
-0.4048,-0.2605,0.9209,-10.6794,-1.7786,-26.2214,0,0,0
-0.395,-0.2703,0.9238,-9.2901,-1.8779,-23.7939,0,0,0
-0.3926,-0.2678,0.9248,-7.2214,-1.9389,-21.626,0,0,0
-0.3884,-0.2551,0.9404,-5.458,-0.771,-19.9771,0,0,0
-0.3821,-0.2397,0.9272,-5.2214,0.313,-19.8092,0,0,0
-0.395,-0.2249,0.9106,-7.0305,0.9313,-19.7023,0,0,0
-0.4053,-0.2312,0.8982,-9.3053,0.9847,-20.1527,0,0,0
-0.4104,-0.2427,0.885,-9.8092,-0.6947,-20.2366,0,0,0
-0.4014,-0.2471,0.8848,-9.8397,-2.3817,-19.3511,0,0,0
-0.3962,-0.2612,0.887,-9.2901,-3.1374,-18.6565,0,0,0
-0.3896,-0.2708,0.8928,-8.2901,-3.7099,-17.1832,0,0,0
-0.3823,-0.2866,0.894,-9.2137,-3.8702,-16.5496,0,0,0
-0.3931,-0.29,0.8835,-9.916,-4.1374,-14.4427,0,0,0
-0.3997,-0.3157,0.8848,-9.687,-5.8855,-12.6565,0,0,0
-0.3918,-0.3396,0.8977,-6.5802,-7.2137,-10.3282,0,0,0
-0.3782,-0.3274,0.9177,-2.771,-7.5802,-7.9542,0,0,0
-0.3716,-0.3215,0.9312,0.1298,-7.3435,-6.1908,0,0,0
-0.3777,-0.2896,0.9336,1.4962,-6.4427,-5.9237,0,0,0
-0.374,-0.2693,0.9312,-0.9771,-5.9618,-6.0382,0,0,0
-0.3765,-0.2781,0.9377,-4.6412,-5.7023,-5.0687,0,0,0
-0.3591,-0.2832,0.9417,-6.0916,-5.0534,-3.8702,0,0,0
-0.3594,-0.2927,0.9385,-6.0305,-4.3969,-3.0305,0,0,0
-0.3586,-0.2915,0.9292,-3.6947,-4.0534,-1.5573,0,0,0
-0.3499,-0.2793,0.928,-1.7863,-4.5878,-0.542,0,0,0
-0.3557,-0.2625,0.9148,-0.8321,-5.0458,-0.5802,0,0,0
-0.3586,-0.249,0.9175,-1.2824,-5.7176,-0.2672,0,0,0
-0.3569,-0.2515,0.9026,-3.0076,-6.6412,-0.7634,0,0,0
-0.3625,-0.2539,0.9072,-4.4504,-7.687,-0.2214,0,0,0
-0.3638,-0.2585,0.9084,-4.4275,-8.6031,0.542,0,0,0
-0.3613,-0.2676,0.9246,-2.9771,-9.2672,1.4656,0,0,0
-0.3569,-0.26,0.9272,-1.4962,-8.9847,2.9924,0,0,0
-0.3589,-0.2444,0.9417,0.3969,-8.2977,4.4351,0,0,0
-0.356,-0.2239,0.9431,1.9237,-7.687,4.6031,0,0,0
-0.3545,-0.199,0.9517,1.7328,-6.4198,3.6183,0,0,0
-0.3484,-0.1919,0.9482,0.313,-5.6641,1.855,0,0,0
-0.3586,-0.1782,0.9397,-1.1985,-5.6336,0.0611,0,0,0
-0.3572,-0.1829,0.9358,-2.687,-5.7481,-1.9924,0,0,0
-0.3577,-0.1973,0.9375,-2.6718,-6.7328,-3.2137,0,0,0
-0.3479,-0.2012,0.9453,-1.7405,-6.5649,-4.2672,0,0,0
-0.3506,-0.2034,0.9517,-0.5802,-6.3511,-5.1756,0,0,0
-0.334,-0.2014,0.9507,-0.0382,-5.6565,-5.0534,0,0,0
-0.3228,-0.1912,0.9656,1.9924,-5.2137,-5.7328,0,0,0
-0.3347,-0.2041,0.9473,1.8855,-3.855,-5.9313,0,0,0
-0.3467,-0.1917,0.9302,0.6412,-4.374,-6.4656,0,0,0
-0.3513,-0.2092,0.9402,-0.3359,-5.0687,-6.9618,0,0,0
-0.3503,-0.2134,0.9355,-1.3206,-5.4351,-6.9313,0,0,0
-0.3491,-0.2234,0.9343,-1.8473,-5.5267,-7.2901,0,0,0
-0.3477,-0.2336,0.939,-2.0534,-6.0458,-7.4122,0,0,0
-0.3469,-0.2439,0.9387,-2.313,-5.8855,-7.0687,0,0,0
-0.3391,-0.2476,0.9387,-1.7863,-6.0153,-7.0305,0,0,0
-0.333,-0.2524,0.9434,-2.1298,-5.2977,-7.0305,0,0,0
-0.3396,-0.2661,0.9294,-2.771,-4.542,-7.4122,0,0,0
-0.3481,-0.2795,0.925,-2.5878,-5.3053,-7.4275,0,0,0
-0.353,-0.2888,0.9297,-1.4427,-6.2214,-5.6183,0,0,0
-0.3459,-0.2881,0.9365,1.2977,-7.3053,-3.7786,0,0,0
-0.3347,-0.2759,0.9536,2.7099,-7.9313,-2.2214,0,0,0
-0.335,-0.2581,0.9524,2.0076,-7.7863,-2.1527,0,0,0
-0.3296,-0.251,0.958,0.1527,-8.1603,-2.7099,0,0,0
-0.3323,-0.2571,0.9551,-2.1603,-7.626,-3.2748,0,0,0
-0.3362,-0.2788,0.9475,-3.3359,-8.4122,-3.4275,0,0,0
-0.3352,-0.3035,0.957,-2.3664,-9.4275,-1.5191,0,0,0
-0.3191,-0.312,0.9626,1.1374,-9.2137,1.458,0,0,0
-0.3127,-0.2986,0.9695,4.9466,-8.0687,3.8168,0,0,0
-0.3232,-0.2712,0.9792,7.5344,-8.1221,5.6565,0,0,0
-0.3184,-0.2412,0.9778,7.5038,-8.145,6.5802,0,0,0
-0.312,-0.2173,0.9819,6.4275,-7.4656,5.8855,0,0,0
-0.3052,-0.2065,0.9802,4.2595,-6.771,4.3282,0,0,0
-0.3142,-0.2026,0.9771,2.0229,-5.7557,3.0687,0,0,0
-0.322,-0.2158,0.9717,0.8931,-5.2901,1.6718,0,0,0
-0.3237,-0.2222,0.9653,1.626,-5.0382,0.8855,0,0,0
-0.3176,-0.2332,0.9751,2.5725,-5.0229,0.9008,0,0,0
-0.3142,-0.2332,0.9736,4.4809,-4.6489,0.5267,0,0,0
-0.3101,-0.2214,0.9636,4.7786,-3.8931,0.3893,0,0,0
-0.3086,-0.21,0.9609,3.4809,-3.2977,-0.3206,0,0,0
-0.3159,-0.2039,0.9492,1.542,-3.6031,-1.1756,0,0,0
-0.3123,-0.197,0.9524,-0.0534,-4.4962,-1.7328,0,0,0
-0.3074,-0.2168,0.9468,-1.5191,-4.5802,-2.0229,0,0,0
-0.2969,-0.2234,0.9504,-1.2366,-4.6641,-2.0,0,0,0
-0.2939,-0.2212,0.9429,-0.4885,-4.6336,-2.0076,0,0,0
-0.3015,-0.2275,0.9558,-0.1603,-4.3664,-2.2672,0,0,0
-0.2854,-0.2498,0.9536,1.6107,-4.1603,-1.7176,0,0,0
-0.2839,-0.2356,0.9536,2.7023,-4.1221,-1.1603,0,0,0
-0.2832,-0.2275,0.9644,2.4733,-3.916,-0.8015,0,0,0
-0.2788,-0.22,0.9644,1.1756,-3.5878,-1.0687,0,0,0
-0.2761,-0.2166,0.9634,-0.7252,-3.0534,-1.2137,0,0,0
-0.2805,-0.2271,0.9683,-1.5649,-2.7252,-1.1908,0,0,0
-0.2847,-0.2317,0.9619,-1.9618,-2.4962,-1.2443,0,0,0
-0.2917,-0.2383,0.958,-1.9008,-3.2595,-1.2366,0,0,0
-0.2913,-0.2302,0.959,-1.5725,-3.1985,-0.8244,0,0,0
-0.2917,-0.2266,0.96,-1.855,-2.855,-0.7252,0,0,0
-0.2979,-0.2209,0.9548,-2.0611,-3.0611,-0.855,0,0,0
-0.2986,-0.2319,0.9641,-2.6107,-3.084,-0.626,0,0,0
-0.3008,-0.2407,0.9663,-1.9847,-2.6641,-0.0076,0,0,0
-0.3005,-0.2483,0.9685,-0.5802,-2.2748,0.8321,0,0,0
-0.3035,-0.2327,0.9678,0.4504,-2.5649,1.1985,0,0,0
-0.304,-0.1775,0.9709,1.0687,-3.1908,0.9084,0,0,0
-0.3074,-0.2461,0.9766,-0.0763,-3.0305,2.2672,0,0,0
-0.3108,-0.23,0.9702,-0.4962,-1.9389,1.8321,0,0,0
-0.3169,-0.2412,0.9692,-0.3969,-1.4351,1.8397,0,0,0
-0.3274,-0.24,0.969,-0.2061,-1.374,3.0076,0,0,0
-0.3279,-0.2334,0.9651,0.0229,-1.2977,2.9924,0,0,0
-0.3213,-0.2422,0.9707,0.5191,-1.5115,3.5573,0,0,0
-0.3096,-0.2397,0.9746,1.1221,-1.1603,4.3664,0,0,0
-0.3103,-0.2297,0.9866,1.0992,-0.2519,4.2672,0,0,0
-0.3113,-0.2217,0.9807,-0.6031,0.1985,3.6794,0,0,0
-0.3079,-0.2251,0.9817,-1.687,1.0305,3.4962,0,0,0
-0.3137,-0.2217,0.9775,-1.4198,1.4427,3.1298,0,0,0
-0.3113,-0.2197,0.958,-1.7557,1.542,2.7786,0,0,0
-0.3162,-0.2163,0.9529,-2.6183,1.5496,2.5878,0,0,0
-0.3049,-0.2268,0.9495,-3.145,0.9237,2.8015,0,0,0
-0.2993,-0.228,0.9507,-2.6947,0.9771,3.1221,0,0,0
-0.2937,-0.2268,0.9478,-2.6641,0.5954,3.3893,0,0,0
-0.2915,-0.2227,0.948,-2.9008,1.1603,3.5267,0,0,0
-0.2886,-0.2234,0.9436,-3.3282,1.2061,3.4427,0,0,0
-0.2961,-0.2205,0.9333,-3.1221,1.0305,3.2061,0,0,0
-0.2937,-0.2207,0.9331,-3.1221,0.4962,2.8168,0,0,0
-0.2871,-0.2278,0.9329,-2.1527,0.2061,3.3969,0,0,0
-0.2886,-0.2339,0.9375,-0.3664,-0.1985,4.2672,0,0,0
-0.2849,-0.2222,0.9326,0.5038,-0.6412,4.7023,0,0,0
-0.2859,-0.2107,0.925,0.5573,-1.1527,4.8931,0,0,0
-0.2893,-0.2058,0.9268,-0.5038,-1.145,5.145,0,0,0
-0.2925,-0.1943,0.9268,-2.3511,-1.5954,5.2748,0,0,0
-0.3008,-0.1958,0.9216,-3.5191,-2.313,4.5573,0,0,0
-0.3015,-0.1936,0.9216,-3.6718,-2.7252,3.8626,0,0,0
-0.2998,-0.2063,0.9343,-3.0992,-3.5725,3.6565,0,0,0
-0.2981,-0.2112,0.9312,-1.3817,-3.3282,4.2519,0,0,0
-0.2979,-0.2151,0.9343,0.2214,-2.916,4.3435,0,0,0
-0.3115,-0.208,0.9292,2.0076,-2.6718,4.0992,0,0,0
-0.3101,-0.1975,0.9194,2.7023,-3.5038,3.7634,0,0,0
-0.3066,-0.1887,0.9248,1.6641,-4.626,2.6641,0,0,0
-0.3257,-0.2102,0.9319,-0.0153,-6.9084,1.9008,0,0,0
-0.3074,-0.2053,0.9448,-1.313,-6.6565,2.1374,0,0,0
-0.2986,-0.21,0.9583,-1.0458,-5.9695,1.9466,0,0,0
-0.3005,-0.2029,0.9634,-0.0458,-5.1527,2.0076,0,0,0
-0.3042,-0.2122,0.9551,-0.2137,-4.3282,1.8855,0,0,0
-0.3066,-0.2017,0.9551,-0.0763,-4.8015,1.4809,0,0,0
-0.3018,-0.2058,0.9578,-0.2672,-4.1908,1.2137,0,0,0
-0.2998,-0.2056,0.9609,-0.3282,-3.9008,1.0763,0,0,0
-0.3018,-0.2102,0.9641,-0.0763,-3.1527,1.8168,0,0,0
-0.3015,-0.2092,0.9563,0.0229,-3.1527,1.4656,0,0,0
-0.3027,-0.2039,0.9575,-0.4122,-3.3359,1.3359,0,0,0
-0.2966,-0.2078,0.9585,-1.5115,-3.4046,1.1985,0,0,0
-0.2961,-0.2041,0.9556,-2.5267,-3.0076,1.1832,0,0,0
-0.2957,-0.2024,0.9626,-3.4122,-2.4656,0.9466,0,0,0
-0.2996,-0.2014,0.9563,-3.5115,-2.5496,0.6641,0,0,0
-0.3066,-0.2148,0.9565,-2.374,-2.8244,0.8168,0,0,0
-0.291,-0.2061,0.9639,-0.8397,-2.458,0.9237,0,0,0
-0.29,-0.2119,0.9609,-0.3511,-2.1985,0.7786,0,0,0
-0.2942,-0.2097,0.9521,0.0458,-1.542,1.0534,0,0,0
-0.2959,-0.2029,0.9541,-0.5878,-1.5573,0.9847,0,0,0
-0.2966,-0.2043,0.9541,-1.4656,-2.4046,1.313,0,0,0
-0.2864,-0.2058,0.9578,-2.0382,-2.5878,1.5115,0,0,0
-0.2788,-0.1926,0.9556,-2.313,-2.6794,0.8702,0,0,0
-0.2791,-0.1965,0.9517,-3.1832,-2.7252,0.1603,0,0,0
-0.2781,-0.2085,0.9561,-3.542,-2.374,0.4046,0,0,0
-0.2839,-0.2119,0.9514,-1.9542,-2.8244,0.0534,0,0,0
-0.2847,-0.2083,0.9556,-1.0611,-3.1527,0.2443,0,0,0
-0.2803,-0.2048,0.9626,-1.0305,-3.6718,0.542,0,0,0
-0.2778,-0.2017,0.9658,-1.5649,-3.5725,0.1908,0,0,0
-0.2771,-0.198,0.9592,-2.3588,-3.7023,-0.0763,0,0,0
-0.2781,-0.1946,0.9622,-3.0992,-3.8779,-0.2519,0,0,0
-0.2756,-0.208,0.9656,-3.2824,-4.3053,-0.0534,0,0,0
-0.2771,-0.2134,0.9719,-2.5267,-3.9008,0.6718,0,0,0
-0.2708,-0.2102,0.9844,-2.2137,-3.1985,0.8092,0,0,0
-0.2732,-0.2075,0.9993,-1.8092,-2.9771,1.1145,0,0,0
-0.2742,-0.2007,0.9927,-1.4122,-1.8092,0.7634,0,0,0
-0.2798,-0.189,0.978,-1.2672,-1.3511,0.2519,0,0,0
-0.2749,-0.179,0.9841,-2.3511,-1.6336,-0.2366,0,0,0
-0.2766,-0.1792,0.9768,-3.1298,-1.2595,-0.5725,0,0,0
-0.2791,-0.175,0.9724,-4.3817,-0.6489,-1.7405,0,0,0
-0.2893,-0.1919,0.9734,-5.0992,-0.4885,-2.542,0,0,0
-0.2959,-0.2024,0.9717,-4.6107,-1.0229,-2.0229,0,0,0
-0.2986,-0.2009,0.9705,-3.8473,-1.2748,-1.8931,0,0,0
-0.3008,-0.1995,0.9802,-2.8168,-1.4275,-1.8855,0,0,0
-0.2964,-0.1882,0.9863,-2.916,-0.7557,-1.8092,0,0,0
-0.3013,-0.1936,0.9927,-3.0458,0.5344,-2.1908,0,0,0
-0.3096,-0.1873,0.9771,-2.771,0.9084,-2.5115,0,0,0
-0.321,-0.1917,0.9751,-3.3893,0.7328,-2.4427,0,0,0
-0.3271,-0.2036,0.9761,-2.9618,0.3588,-2.4656,0,0,0
-0.3242,-0.2065,0.9636,-1.2672,-0.1374,-1.9847,0,0,0
-0.3242,-0.2051,0.9612,-0.3435,-0.1603,-2.2137,0,0,0
-0.3318,-0.2231,0.9539,1.3664,-0.6183,-1.7634,0,0,0
-0.3354,-0.2417,0.9526,3.7023,-0.9389,-1.9466,0,0,0
-0.3232,-0.2295,0.9578,4.9542,-1.2901,-1.0382,0,0,0
-0.3315,-0.2505,0.9766,6.0,-2.1221,-0.1756,0,0,0
-0.3301,-0.2375,0.9885,5.1527,-1.1679,1.5038,0,0,0
-0.3218,-0.2256,0.9998,4.2901,-0.8779,1.9695,0,0,0
-0.3044,-0.2227,1.0183,3.145,0.9389,2.916,0,0,0
-0.2974,-0.2095,1.0269,1.6641,3.7939,1.7939,0,0,0
-0.291,-0.1887,1.0244,-0.5267,5.9466,-0.3206,0,0,0
-0.2837,-0.2097,1.0176,-3.2748,7.7099,-0.8626,0,0,0
-0.2871,-0.2263,1.0017,-3.7939,9.542,-1.0305,0,0,0
-0.2729,-0.2273,0.9922,-2.626,11.1832,-0.3053,0,0,0
-0.2749,-0.2222,0.9709,-1.2595,12.2061,-0.2824,0,0,0
-0.2856,-0.2048,0.9353,-2.0382,12.9313,-0.5802,0,0,0
-0.2878,-0.1855,0.9062,-3.6107,12.3511,-1.2519,0,0,0
-0.3,-0.2051,0.8921,-5.1756,9.3511,-1.9771,0,0,0
-0.3086,-0.2214,0.8828,-4.8168,6.3053,-0.6183,0,0,0
-0.2944,-0.2156,0.875,-3.1145,4.771,-0.0534,0,0,0
-0.2827,-0.2114,0.8831,-1.8397,4.4962,0.4733,0,0,0
-0.2939,-0.219,0.887,-1.374,3.6947,0.542,0,0,0
-0.3027,-0.2207,0.894,-1.8015,2.2061,0.4122,0,0,0
-0.2927,-0.2358,0.9094,-1.4962,0.1756,1.3893,0,0,0
-0.283,-0.2324,0.917,-0.5115,-0.5496,2.2443,0,0,0
-0.272,-0.2312,0.9282,0.1069,-0.8397,2.626,0,0,0
-0.2703,-0.2288,0.9412,1.0611,-1.229,2.145,0,0,0
-0.2729,-0.2192,0.9568,0.7939,-2.5191,2.3053,0,0,0
-0.261,-0.2263,0.9648,0.374,-2.6107,2.6183,0,0,0
-0.2595,-0.2224,0.9727,0.5954,-1.5115,2.8702,0,0,0
-0.2737,-0.2168,0.9741,0.4122,-1.7405,2.6031,0,0,0
-0.2742,-0.2019,0.9795,-0.0229,-2.4351,2.2519,0,0,0
-0.2612,-0.1992,0.9805,-1.2519,-2.7939,2.4427,0,0,0
-0.2627,-0.2024,0.9856,-1.5802,-2.0916,2.6565,0,0,0
-0.2749,-0.21,0.9697,-0.8397,-0.8473,2.8855,0,0,0
-0.2815,-0.1968,0.9622,-0.9084,-1.2672,3.6794,0,0,0
-0.301,-0.2087,0.9468,-0.7252,-1.542,4.1527,0,0,0
-0.2974,-0.1809,0.9541,-0.4046,-2.9924,5.0687,0,0,0
-0.2898,-0.176,0.9507,0.5878,-3.6107,5.145,0,0,0
-0.2969,-0.1711,0.9504,1.3206,-3.8855,5.1985,0,0,0
-0.2983,-0.165,0.9495,1.3588,-4.5191,5.4656,0,0,0
-0.3018,-0.1797,0.9536,1.8855,-4.8626,6.2824,0,0,0
-0.2976,-0.175,0.9607,3.7099,-5.1069,6.7176,0,0,0
-0.2913,-0.1775,0.9705,5.0687,-5.1145,7.1603,0,0,0
-0.2893,-0.168,0.9832,6.0458,-4.6412,7.9237,0,0,0
-0.282,-0.2173,0.9895,10.1298,-3.2443,10.2061,0,0,0
-0.2913,-0.2075,0.9902,16.8702,-1.7176,11.229,0,0,0
-0.2964,-0.1882,0.9724,20.7634,-0.9924,12.7557,0,0,0
-0.3096,-0.156,0.9607,20.542,-1.6107,12.7099,0,0,0
-0.3071,-0.155,0.9563,18.1374,-2.4504,12.0992,0,0,0
-0.3076,-0.1462,0.9583,15.0458,-3.0611,11.458,0,0,0
-0.2915,-0.197,0.968,14.5496,-2.8473,12.1069,0,0,0
-0.2947,-0.198,0.9719,18.1069,-2.3893,12.771,0,0,0
-0.3035,-0.2114,0.9751,21.4733,-1.626,15.6107,0,0,0
-0.3018,-0.1719,0.9717,24.2748,-1.1756,17.4809,0,0,0
-0.3079,-0.1462,0.9663,24.0076,-1.2901,17.2595,0,0,0
-0.3171,-0.1313,0.9719,20.8397,-2.0076,17.1374,0,0,0
-0.3159,-0.1328,0.969,17.8168,-2.7786,16.084,0,0,0
-0.3105,-0.1274,0.9741,16.0076,-3.0153,15.3817,0,0,0
-0.3013,-0.1211,0.9773,14.626,-2.916,15.2137,0,0,0
-0.3108,-0.0942,0.9697,12.2672,-2.6107,14.1908,0,0,0
-0.304,-0.0928,0.9707,9.7023,-3.6107,12.9389,0,0,0
-0.3125,-0.1187,0.9875,9.8321,-4.374,13.1221,0,0,0
-0.2983,-0.1104,0.9907,11.2672,-3.8855,13.1908,0,0,0
-0.2961,-0.0754,0.9917,11.2061,-3.1908,12.3664,0,0,0
-0.2908,-0.0488,0.9966,7.6336,-1.8244,10.0611,0,0,0
-0.3005,-0.0576,0.9937,3.5954,-0.9008,7.7176,0,0,0
-0.3123,-0.0752,0.99,2.229,-0.2366,6.2977,0,0,0
-0.312,-0.0916,0.9863,3.2824,-0.2214,5.5496,0,0,0
-0.3167,-0.0974,0.991,5.5802,-0.2366,4.855,0,0,0
-0.3108,-0.1013,0.9956,7.7176,0.3969,4.5802,0,0,0
-0.3042,-0.0906,0.9919,9.145,1.2214,4.4427,0,0,0
-0.3071,-0.0881,0.9763,8.458,2.0611,4.2137,0,0,0
-0.3098,-0.0908,0.9712,6.9924,2.6107,3.2366,0,0,0
-0.3174,-0.0957,0.9746,6.5267,2.3282,3.0916,0,0,0
-0.3154,-0.0913,0.9617,5.8702,1.9389,2.7634,0,0,0
-0.3191,-0.0842,0.9587,5.4046,1.4046,2.1298,0,0,0
-0.3196,-0.0862,0.9583,5.0,0.3053,2.0076,0,0,0
-0.3169,-0.0776,0.9685,3.7863,-0.6412,2.1069,0,0,0
-0.3113,-0.1045,0.9744,3.8702,-0.9084,2.7023,0,0,0
-0.3074,-0.1077,0.9844,6.7023,-0.0611,3.1908,0,0,0
-0.3083,-0.0977,0.9883,9.8168,1.1145,3.8473,0,0,0
-0.3159,-0.0583,0.9756,10.2061,2.0534,3.3893,0,0,0
-0.3125,-0.0107,0.9634,6.8473,0.4733,1.916,0,0,0
-0.3184,-0.0056,0.9551,1.3282,-1.3282,-1.1527,0,0,0
-0.3076,-0.0313,0.9641,-1.8015,-3.2061,-2.771,0,0,0
-0.2957,-0.0537,0.9729,1.5802,-3.626,-4.9008,0,0,0
-0.2808,-0.0532,0.9778,6.1145,-2.1374,-6.0382,0,0,0
-0.2808,-0.0557,0.9958,9.458,-0.1756,-5.4046,0,0,0
-0.2852,-0.0371,0.9849,11.7939,2.3053,-5.9389,0,0,0
-0.3115,-0.0244,0.9653,12.2137,2.4427,-7.9466,0,0,0
-0.3159,-0.0056,0.9536,10.9466,1.3588,-10.3893,0,0,0
-0.3096,-0.0393,0.9607,10.2366,0.3435,-12.6412,0,0,0
-0.3093,-0.0535,0.9819,12.2824,0.9542,-13.2137,0,0,0
-0.3035,-0.0559,0.99,16.6107,3.1985,-15.1298,0,0,0
-0.3101,-0.0347,0.9819,18.0382,5.3893,-17.084,0,0,0
-0.3284,-0.073,0.9939,17.9237,8.1527,-16.7557,0,0,0
-0.365,-0.1477,1.0081,22.2519,10.3969,-12.5267,0,0,0
-0.3782,-0.1821,1.0242,29.7405,11.8092,-4.687,0,0,0
-0.3926,-0.1318,1.032,36.7939,12.6947,-0.3359,0,0,0
-0.3831,-0.0566,1.041,36.8626,12.0916,0.1374,0,0,0
-0.394,0.0,1.0605,28.3817,13.4351,-0.6947,0,0,0
-0.3899,0.021,1.0437,16.1985,16.0,-1.5191,0,0,0
-0.3826,0.0559,1.0071,5.1603,18.5725,-4.4962,0,0,0
-0.3938,0.0476,0.9873,-3.9771,20.1374,-6.458,0,0,0
-0.4133,0.0261,0.9358,-7.8015,20.3893,-8.0916,0,0,0
-0.3938,0.0322,0.8909,-7.313,18.6718,-10.3282,0,0,0
-0.3967,0.0049,0.8557,-5.0305,17.0076,-9.8931,0,0,0
-0.4019,-0.0288,0.8569,-0.6641,14.8779,-8.1374,0,0,0
-0.4023,-0.0444,0.8367,5.6107,12.0305,-5.3359,0,0,0
-0.3977,0.0105,0.8167,9.8397,9.4809,-0.8855,0,0,0
-0.3884,0.054,0.7969,7.145,5.2977,0.1832,0,0,0
-0.3809,0.0696,0.8015,1.8626,1.7328,-1.9466,0,0,0
-0.364,0.0596,0.8105,-1.1756,-1.4046,-4.6336,0,0,0
-0.3706,0.033,0.8262,-2.5954,-5.9618,-7.1985,0,0,0
-0.3455,-0.0366,0.8826,-1.3359,-9.6031,-7.0534,0,0,0
-0.3286,-0.0686,0.9365,4.0305,-11.4733,-5.6031,0,0,0
-0.3091,-0.0601,0.9846,9.5038,-10.2901,-3.9847,0,0,0
-0.3101,-0.0198,1.0056,10.2214,-9.5115,-4.687,0,0,0
-0.312,-0.0161,1.0044,5.7405,-8.6947,-6.0992,0,0,0
-0.3245,-0.0269,1.0088,0.7863,-8.5038,-8.0534,0,0,0
-0.3113,-0.0742,1.0193,-1.5496,-7.9618,-7.2214,0,0,0
-0.3145,-0.0845,1.0212,-0.0763,-6.4275,-3.9313,0,0,0
-0.3105,-0.0669,1.0176,3.4198,-5.7634,-2.1145,0,0,0
-0.3113,-0.0586,1.0159,6.8321,-5.084,-1.6489,0,0,0
-0.3074,-0.0552,1.0244,10.0763,-4.7252,-1.145,0,0,0
-0.2959,-0.0286,1.0166,11.8092,-4.313,-1.4275,0,0,0
-0.2854,0.0112,1.0205,9.771,-3.3817,-2.7939,0,0,0
-0.2803,0.0322,1.0112,4.6794,-1.5725,-5.1756,0,0,0
-0.2871,-0.0117,1.0112,0.0687,-0.1298,-7.8397,0,0,0
-0.3,-0.0479,1.0151,1.3282,-0.458,-7.6718,0,0,0
-0.2844,-0.0569,1.0115,4.4656,-0.3282,-7.6565,0,0,0
-0.2896,-0.0454,1.0081,5.374,0.542,-7.7176,0,0,0
-0.302,-0.051,0.9912,4.0992,1.5115,-7.855,0,0,0
-0.3096,-0.0481,0.9834,2.4275,1.542,-7.7328,0,0,0
-0.3108,-0.0315,0.9836,0.9237,1.1679,-7.6794,0,0,0
-0.2998,-0.0298,0.9966,-1.0305,0.8855,-10.0916,0,0,0
-0.2903,-0.0686,1.0193,0.1679,2.0458,-10.1756,0,0,0
-0.2888,-0.0493,1.0225,2.0687,4.1527,-9.6565,0,0,0
-0.3035,-0.0225,1.0032,0.4962,5.1985,-10.2137,0,0,0
-0.3176,-0.0071,0.9917,-2.374,3.8855,-10.145,0,0,0
-0.3027,0.0107,1.0061,-6.1298,2.0611,-11.0687,0,0,0
-0.282,-0.0264,1.0242,-9.6031,2.2061,-11.1756,0,0,0
-0.2798,-0.0439,1.0251,-9.1756,3.7405,-9.1374,0,0,0
-0.2834,-0.0576,1.0193,-7.5954,4.5038,-7.5725,0,0,0
-0.2932,-0.0496,1.0071,-4.8931,5.8397,-5.0763,0,0,0
-0.2808,-0.0527,1.0039,-1.2519,6.5802,-2.3511,0,0,0
-0.2747,-0.0181,0.9905,2.3817,8.0611,-0.7481,0,0,0
-0.3074,0.0339,0.9592,1.6183,8.4885,-0.2519,0,0,0
-0.312,0.051,0.9253,-1.3359,7.2214,1.5802,0,0,0
-0.3545,0.0564,0.895,-3.0,3.3206,3.4885,0,0,0
-0.3613,0.0571,0.9001,-1.626,-1.7099,4.2366,0,0,0
-0.325,0.0522,0.9287,2.145,-2.1756,3.4046,0,0,0
-0.3157,0.0044,0.9646,6.8397,-0.2748,0.5878,0,0,0
-0.3521,-0.0125,0.96,12.4198,0.8321,1.0687,0,0,0
-0.3464,0.0916,0.9458,10.1298,0.1145,1.2061,0,0,0
-0.3652,0.1006,0.9304,1.7176,-1.8397,-0.6718,0,0,0
-0.3638,0.053,0.9531,-2.7252,-3.8015,-4.1145,0,0,0
-0.3428,0.021,0.9993,-1.2443,-2.8397,-5.9695,0,0,0
-0.3418,0.0215,0.9832,0.8015,-1.6641,-6.5115,0,0,0
-0.3423,0.0439,0.9761,-0.3588,-2.2977,-7.0992,0,0,0
-0.3127,-0.0142,0.9856,2.4351,-1.9313,-7.3893,0,0,0
-0.2898,-0.0652,1.0061,10.374,1.0153,-6.5115,0,0,0
-0.2915,-0.0696,0.9817,16.7252,4.1679,-3.0763,0,0,0
-0.3093,-0.0046,0.9595,18.0229,4.2748,-0.1603,0,0,0
-0.3284,0.051,0.9336,12.0611,2.6183,-0.626,0,0,0
-0.3428,0.0601,0.9277,4.2366,-0.2214,-3.084,0,0,0
-0.323,0.0281,0.9492,-0.2214,-3.0916,-6.6565,0,0,0
-0.3638,-0.0186,0.9849,-0.4275,-2.3206,-7.6336,0,0,0
-0.3198,-0.0447,1.0078,3.3893,-3.0763,-4.8244,0,0,0
-0.2849,-0.0889,1.0393,8.2214,0.9542,-3.1069,0,0,0
-0.3198,-0.1233,1.0398,16.3817,6.6794,-0.0916,0,0,0
-0.3406,-0.0669,1.0088,23.2824,10.3359,2.6794,0,0,0
-0.3799,-0.0151,0.9707,20.5496,10.145,3.8244,0,0,0
-0.3884,0.0244,0.9443,12.1069,6.6718,4.8626,0,0,0
-0.3796,0.0103,0.9429,5.145,4.7634,3.2595,0,0,0
-0.3752,-0.019,0.9421,3.7099,3.2595,2.6947,0,0,0
-0.3645,-0.1101,0.9426,5.145,6.8092,2.8168,0,0,0
-0.3835,0.0012,0.9417,7.7634,5.3664,2.1527,0,0,0
-0.3706,-0.0347,0.9702,12.0305,4.1985,4.4809,0,0,0
-0.3528,-0.0044,0.9878,14.3817,5.374,5.5573,0,0,0
-0.3606,0.0178,0.9739,12.8092,6.5725,5.4427,0,0,0
-0.3743,0.0525,0.9619,9.313,6.2519,4.5191,0,0,0
-0.377,0.0601,0.937,3.6565,4.9695,3.3969,0,0,0
-0.3684,0.0325,0.9495,2.4122,2.8397,3.0763,0,0,0
-0.3438,0.0251,0.9646,5.1985,3.4275,3.3969,0,0,0
-0.3604,0.0549,0.9656,8.4351,3.1603,3.0611,0,0,0
-0.3604,0.0747,0.9646,7.0763,2.3893,2.4427,0,0,0
-0.3777,0.0784,0.957,4.0916,1.5649,2.0382,0,0,0
-0.3376,0.0647,0.9648,1.5267,1.2519,2.6489,0,0,0
-0.3076,0.0911,0.9587,0.9924,0.6641,2.3664,0,0,0
-0.3181,0.0479,0.9343,4.1985,1.7328,2.5038,0,0,0
-0.3628,0.0408,0.9653,8.4962,1.0534,5.3282,0,0,0
-0.3228,0.0586,0.9468,10.1985,0.8092,5.3664,0,0,0
-0.355,0.1194,0.9333,9.5267,1.1832,5.8321,0,0,0
-0.3843,0.1462,0.9167,5.8321,-0.5344,5.0611,0,0,0
-0.4114,0.0759,0.9138,2.5725,-4.2824,3.6489,0,0,0
-0.3643,0.0776,0.9172,5.4046,-7.5267,2.9313,0,0,0
-0.3315,0.031,0.9502,10.1908,-4.8779,3.0534,0,0,0
-0.3528,0.0303,0.9712,16.5496,-2.4809,3.2672,0,0,0
-0.3577,0.05,0.9795,18.9466,-1.0611,4.1908,0,0,0
-0.363,0.0486,1.0122,16.5725,0.5725,4.3969,0,0,0
-0.3391,0.0879,1.041,15.0076,2.4427,3.7939,0,0,0
-0.3286,0.156,1.0261,10.687,5.0763,1.5573,0,0,0
-0.3601,0.1426,0.9998,6.1832,6.8244,-0.1145,0,0,0
-0.3801,0.0925,0.9731,1.0076,6.7939,-0.542,0,0,0
-0.3638,0.0508,0.9558,1.9542,3.7863,-0.6107,0,0,0
-0.3552,0.0378,0.9539,6.5878,2.6794,2.7557,0,0,0
-0.3225,0.0405,0.9431,12.855,3.8855,5.2901,0,0,0
-0.3374,0.0684,0.9065,13.4962,5.3282,7.1298,0,0,0
-0.3418,0.156,0.8962,11.229,1.3206,6.6718,0,0,0
-0.3855,0.1675,0.8772,2.771,-1.1832,5.458,0,0,0
-0.3401,0.0969,0.897,-1.542,-5.1603,5.855,0,0,0
-0.2986,0.0227,0.9285,4.7099,-4.7863,6.4351,0,0,0
-0.3115,0.0251,0.9495,15.5191,-5.0458,8.9695,0,0,0
-0.3386,0.0562,0.939,20.0458,-3.7405,11.626,0,0,0
-0.2834,0.1069,0.9814,20.8015,-3.0687,13.5496,0,0,0
-0.3291,0.0989,0.9592,17.0916,-3.2137,15.3053,0,0,0
-0.3447,0.0852,0.9407,11.9924,-3.0916,17.1298,0,0,0
-0.3413,0.0867,0.9397,10.7328,-3.9008,17.4733,0,0,0
-0.3452,0.052,0.9277,11.2672,-4.7557,18.2977,0,0,0
-0.3821,0.1116,0.926,11.8855,-7.3435,20.6794,0,0,0
-0.324,0.0818,0.9563,12.8092,-8.1985,20.0916,0,0,0
-0.3384,0.1372,0.9648,12.4198,-7.7939,20.9695,0,0,0
-0.3354,0.1492,0.9668,8.8397,-6.7099,20.3893,0,0,0
-0.3525,0.1785,0.9822,5.0153,-7.0153,20.0382,0,0,0
-0.3499,0.1394,1.0024,4.3206,-5.8473,19.0382,0,0,0
-0.3376,0.2346,0.9878,5.3817,-4.3588,16.7634,0,0,0
-0.2979,0.1531,1.0181,7.6794,-3.2977,13.1985,0,0,0
-0.3069,0.1694,1.0208,6.0916,0.2901,12.4046,0,0,0
-0.3442,0.1394,0.9958,3.7481,1.8092,11.8015,0,0,0
-0.3701,0.1128,0.968,3.3893,1.6641,12.7634,0,0,0
-0.3223,0.1335,0.9683,4.3359,1.8321,14.1985,0,0,0
-0.3621,0.1218,0.9504,4.374,1.1985,14.6718,0,0,0
-0.3704,0.2163,0.9312,1.1679,0.1374,15.0687,0,0,0
-0.3569,0.2317,0.926,-5.8168,-1.2214,12.7939,0,0,0
-0.3357,0.2158,0.9287,-7.6794,-1.3969,10.0305,0,0,0
-0.3267,0.1555,0.9521,-2.7252,0.7328,9.0458,0,0,0
-0.3623,0.2131,0.8586,-2.2214,7.8244,9.9313,0,0,0
-0.4419,0.2783,0.9197,4.9924,-0.6031,6.6031,0,0,0
-0.4153,0.1384,0.9539,3.0382,-3.6641,7.8779,0,0,0
-0.3445,0.1973,0.9368,1.4275,-4.2824,9.0992,0,0,0
-0.354,0.1956,0.9485,-0.1756,-3.9389,6.0992,0,0,0
-0.3533,0.1799,0.9436,-4.4656,-3.8931,4.0305,0,0,0
-0.3833,0.2129,0.9492,-6.8321,-5.3511,2.3893,0,0,0
-0.354,0.2078,0.9609,-13.3817,-5.9237,0.7099,0,0,0
-0.3474,0.1692,0.9717,-16.3817,-4.6794,0.2366,0,0,0
-0.3447,0.1204,0.9795,-12.0534,-2.5802,0.5954,0,0,0
-0.3398,0.1165,0.9795,-4.9924,-0.3053,1.4046,0,0,0
-0.3457,0.1218,0.9717,0.5191,0.7023,2.3282,0,0,0
-0.3547,0.1731,0.9592,1.2748,1.2824,1.7557,0,0,0
-0.3611,0.1943,0.9519,-2.8473,0.0916,0.2214,0,0,0
-0.3535,0.1897,0.9438,-9.2977,-1.626,-2.1756,0,0,0
-0.3501,0.1506,0.9492,-14.1527,-3.2366,-3.229,0,0,0
-0.3438,0.1084,0.9604,-14.0305,-4.1679,-2.1603,0,0,0
-0.3296,0.0789,0.9736,-10.1069,-3.3435,0.7481,0,0,0
-0.3372,0.0996,0.978,-4.084,-2.2443,5.084,0,0,0
-0.3323,0.1001,0.9741,-0.6947,-0.1603,6.7405,0,0,0
-0.3298,0.1448,0.9683,0.4504,0.916,7.5802,0,0,0
-0.345,0.1543,0.9595,-0.5496,1.1374,7.0763,0,0,0
-0.3533,0.1633,0.9465,-1.9237,0.2824,7.0687,0,0,0
-0.3574,0.1533,0.9441,-2.9924,-1.2748,6.7863,0,0,0
-0.3535,0.1509,0.9463,-2.7634,-2.0229,7.626,0,0,0
-0.3401,0.1587,0.9583,-2.2824,-1.5725,8.0611,0,0,0
-0.3347,0.1665,0.9592,-2.2214,-0.9924,7.8092,0,0,0
-0.3369,0.1746,0.969,-1.4122,0.084,7.2214,0,0,0
-0.3369,0.1655,0.9675,-0.6718,0.9695,7.1679,0,0,0
-0.3342,0.1655,0.9619,0.9542,1.0076,6.4504,0,0,0
-0.3369,0.1697,0.948,1.6718,1.0153,6.4809,0,0,0
-0.3335,0.1794,0.959,1.0534,0.5725,6.5954,0,0,0
-0.3245,0.1892,0.9575,-0.229,0.5878,5.855,0,0,0
-0.3235,0.1948,0.9583,-2.1374,1.0992,5.2061,0,0,0
-0.3159,0.1782,0.9556,-1.7328,1.4885,4.1221,0,0,0
-0.3186,0.1902,0.9463,-0.8321,1.4733,3.1985,0,0,0
-0.3254,0.1814,0.9397,-1.1221,0.8397,2.2519,0,0,0
-0.3252,0.177,0.9382,-1.3282,-0.2901,1.8397,0,0,0
-0.3113,0.1719,0.9429,-2.3359,-0.9313,1.6489,0,0,0
-0.3088,0.1714,0.9485,-3.4962,-0.7557,2.6412,0,0,0
-0.3113,0.1611,0.9524,-2.6412,-0.0611,2.2901,0,0,0
-0.314,0.1523,0.9473,-0.0305,0.3969,3.0076,0,0,0
-0.3108,0.1694,0.9436,1.6183,0.0534,2.9084,0,0,0
-0.3171,0.1746,0.9355,1.229,0.1221,2.6794,0,0,0
-0.3174,0.1318,0.9248,0.3588,-0.3053,1.626,0,0,0
-0.3228,0.2021,0.9233,-1.9542,-2.6794,3.5115,0,0,0
-0.3391,0.1921,0.917,-7.5038,-4.1985,2.9313,0,0,0
-0.3132,0.1462,0.9404,-7.2595,-4.3664,2.5038,0,0,0
-0.2998,0.1482,0.959,-1.8931,-4.5344,3.6565,0,0,0
-0.3281,0.1619,0.9504,2.4504,-3.2977,4.7863,0,0,0
-0.3101,0.1824,0.9473,4.8931,-3.0763,3.4275,0,0,0
-0.3567,0.2241,0.9229,2.3282,-4.4122,2.8244,0,0,0
-0.334,0.2583,0.9265,-5.1298,-6.2214,2.0,0,0,0
-0.3259,0.2068,0.939,-8.1603,-7.4885,-0.8702,0,0,0
-0.3135,0.1575,0.9629,-5.3893,-6.6794,-1.1298,0,0,0
-0.312,0.1479,0.9824,-0.6947,-5.542,1.229,0,0,0
-0.3135,0.144,0.9722,4.084,-4.6336,3.0916,0,0,0
-0.3203,0.1929,0.9724,5.3588,-3.7786,2.4656,0,0,0
-0.3301,0.1846,0.9717,2.7176,-3.3588,1.7252,0,0,0
-0.3357,0.176,0.9795,-0.1145,-4.0305,1.6107,0,0,0
-0.3337,0.1484,0.9792,-1.3893,-4.3511,1.9542,0,0,0
-0.3247,0.1409,0.9941,-0.6794,-4.5267,3.0534,0,0,0
-0.333,0.1541,0.988,0.1527,-3.9695,3.7557,0,0,0
-0.3438,0.1426,0.9727,-0.8626,-4.5267,4.1298,0,0,0
-0.333,0.1143,0.9805,0.1679,-4.8931,5.3817,0,0,0
-0.3223,0.1094,0.989,2.7481,-3.8931,7.2977,0,0,0
-0.3157,0.1414,0.9758,3.2061,-2.4656,8.3817,0,0,0
-0.3176,0.1672,0.9683,1.4046,-1.7557,9.145,0,0,0
-0.3174,0.1772,0.9656,-0.2061,-1.3893,8.0153,0,0,0
-0.3164,0.1638,0.9753,-0.1756,-0.626,7.687,0,0,0
-0.3235,0.1592,0.9807,1.4656,-0.1374,7.9389,0,0,0
-0.3193,0.1897,0.9734,2.1374,-0.2366,7.1527,0,0,0
-0.3237,0.2156,0.9563,-0.1069,-0.687,5.3893,0,0,0
-0.312,0.2073,0.9507,-2.6947,-0.5496,3.771,0,0,0
-0.3088,0.1946,0.9407,-3.2214,-0.8168,3.9618,0,0,0
-0.2971,0.1487,0.9485,-0.687,-1.6565,4.7023,0,0,0
-0.2917,0.1589,0.9478,3.4275,-1.458,5.6183,0,0,0
-0.2896,0.2009,0.9382,5.0229,-0.542,5.6718,0,0,0
-0.3081,0.2312,0.9265,1.3206,-1.0611,4.2977,0,0,0
-0.3091,0.217,0.9216,-2.771,-2.542,2.2137,0,0,0
-0.3086,0.1917,0.9402,-4.3435,-3.6565,1.3511,0,0,0
-0.3076,0.1367,0.95,-1.7481,-3.8779,3.229,0,0,0
-0.2935,0.1331,0.9768,5.5267,-3.7176,5.8244,0,0,0
-0.1135,0.2915,0.9749,8.0992,1.5267,7.3588,0,0,0
-0.3093,0.1729,0.9636,9.3817,-2.6412,7.7252,0,0,0
-0.3052,0.1865,0.9661,5.5191,-2.8626,7.5267,0,0,0
-0.2932,0.1672,0.9756,0.3664,-3.4351,6.458,0,0,0
-0.342,0.1929,0.9568,-2.9618,-5.1069,6.6641,0,0,0
-0.3015,0.2026,0.9548,-6.771,-6.8015,6.5802,0,0,0
-0.2832,0.1458,0.9856,-5.9466,-6.2901,5.4351,0,0,0
-0.2739,0.1533,1.0024,-1.3359,-3.0611,6.2977,0,0,0
-0.2927,0.1494,0.9961,1.9237,-0.2519,7.3206,0,0,0
-0.3154,0.2258,0.999,1.771,0.9008,7.9771,0,0,0
-0.3257,0.2439,0.9871,-1.1603,0.9466,6.9695,0,0,0
-0.3159,0.2517,0.9893,-3.9237,0.9008,5.5191,0,0,0
-0.3013,0.2654,0.9651,-6.2595,0.687,3.6031,0,0,0
-0.3125,0.2527,0.9412,-8.0305,0.7557,1.3435,0,0,0
-0.3232,0.2217,0.9368,-7.0076,-0.229,0.8168,0,0,0
-0.3066,0.1829,0.9495,-2.3435,-1.4275,2.2824,0,0,0
-0.2888,0.2026,0.9404,2.1679,-1.2519,2.7328,0,0,0
-0.2937,0.2168,0.9353,3.687,-0.3053,2.0687,0,0,0
-0.303,0.2437,0.9377,1.2137,-0.5725,1.4351,0,0,0
-0.3049,0.2317,0.949,-2.0153,-1.0076,0.3359,0,0,0
-0.2874,0.2029,0.9514,-2.1069,0.0458,-1.0,0,0,0
-0.3049,0.1807,0.9531,-0.313,-0.229,-0.4885,0,0,0
-0.2976,0.156,0.9585,2.8015,-1.2901,1.5954,0,0,0
-0.2756,0.1733,0.9492,4.542,-0.5038,1.9618,0,0,0
-0.2964,0.1824,0.947,3.9924,-0.8931,2.9847,0,0,0
-0.2932,0.177,0.9404,2.8321,-1.4122,2.9389,0,0,0
-0.3057,0.1748,0.9409,2.2214,-2.2901,2.6794,0,0,0
-0.2964,0.1628,0.9507,3.3359,-2.542,3.6412,0,0,0
-0.3108,0.1514,0.9595,4.3359,-3.1069,5.2901,0,0,0
-0.2893,0.1619,0.9849,7.4504,-3.2977,7.8473,0,0,0
-0.2231,0.2021,0.9875,7.6336,0.2595,8.2366,0,0,0
-0.2834,0.1733,0.9736,9.9618,1.4427,8.7405,0,0,0
-0.3025,0.2024,0.9392,9.7557,2.2137,8.9771,0,0,0
-0.3035,0.2568,0.9351,6.7099,0.1069,6.542,0,0,0
-0.4224,0.189,0.9167,2.4198,-4.7786,6.626,0,0,0
-0.3442,0.2332,0.948,-1.7252,-8.3893,8.5496,0,0,0
-0.2876,0.2493,0.9604,-5.0916,-8.5267,7.9008,0,0,0
-0.3066,0.2041,0.9927,-2.8168,-6.9313,7.0916,0,0,0
-0.3057,0.2217,1.0195,1.2214,-4.4275,7.4046,0,0,0
-0.2866,0.2385,1.0122,2.4427,0.0076,7.458,0,0,0
-0.3027,0.2717,0.9937,2.9618,3.1679,6.1985,0,0,0
-0.332,0.3159,0.9563,-0.8779,3.1145,4.2595,0,0,0
-0.3337,0.2893,0.9441,-4.3282,0.1221,2.5878,0,0,0
-0.3232,0.2764,0.9441,-4.1145,-1.9008,0.8015,0,0,0
-0.0891,0.3643,1.0237,2.374,-1.3969,0.374,0,0,0
-0.3088,0.2104,0.9602,4.8626,0.1221,0.9847,0,0,0
-0.2661,0.2537,0.9514,10.1832,2.4275,2.0458,0,0,0
-0.2942,0.2896,0.9399,9.7863,1.6718,0.9237,0,0,0
-0.3042,0.261,0.9321,6.3893,-0.4046,3.5496,0,0,0
-0.2874,0.2383,0.9404,5.5191,-1.3588,1.9389,0,0,0
-0.2798,0.2415,0.9456,4.4427,-0.9771,2.9466,0,0,0
-0.2861,0.2219,0.9443,5.5725,-0.8779,3.3969,0,0,0
-0.2954,0.2112,0.9465,6.5267,-1.5038,4.2443,0,0,0
-0.2761,0.2219,0.95,8.4962,-1.8626,5.8015,0,0,0
-0.2988,0.1475,0.929,9.5954,-2.0,7.0153,0,0,0
-0.2834,0.2263,0.8975,9.7176,-2.9466,10.6031,0,0,0
-0.2766,0.2803,0.8928,8.2977,-5.4046,6.7863,0,0,0
-0.2773,0.2466,0.8896,4.9389,-6.916,5.3664,0,0,0
-0.2412,0.2856,0.9194,1.8092,-7.0992,3.5496,0,0,0
-0.2415,0.2583,0.9465,-1.6489,-6.2519,1.1756,0,0,0
-0.2659,0.2144,0.9412,-0.4046,-6.2061,2.4733,0,0,0
-0.2732,0.2446,0.9482,2.1145,-7.5115,3.2214,0,0,0
-0.2708,0.269,0.9504,0.7176,-8.8168,3.0611,0,0,0
-0.2644,0.2888,0.979,-3.0916,-9.7405,0.7176,0,0,0
-0.2712,0.314,0.9114,-11.3511,-8.916,-1.3435,0,0,0
-0.2363,0.2258,0.9487,-13.9237,-11.084,-1.3817,0,0,0
-0.2429,0.1311,0.9954,-6.1374,-7.6336,-2.1374,0,0,0
-0.2739,0.166,0.9861,3.8931,-5.7863,1.9008,0,0,0
-0.27,0.2808,0.9736,4.771,-4.8931,5.2061,0,0,0
-0.262,0.334,0.9543,-3.0382,-5.0229,2.7939,0,0,0
-0.2732,0.2986,0.9319,-10.9771,-5.2595,-0.8702,0,0,0
-0.2878,0.2385,0.9539,-8.7099,-9.2977,-2.0458,0,0,0
-0.2585,0.207,0.9487,-4.9313,-7.2137,-0.9695,0,0,0
-0.2524,0.2075,0.9478,-0.7405,-6.9237,-0.7023,0,0,0
-0.2725,0.2271,0.9585,0.7481,-6.2672,-0.7634,0,0,0
-0.2937,0.2117,0.95,1.313,-6.5649,1.229,0,0,0
-0.2944,0.2073,0.9434,0.3893,-8.6489,3.2366,0,0,0
-0.2815,0.2034,0.9607,3.1832,-10.1832,4.2061,0,0,0
-0.2803,0.2258,0.9695,5.1832,-9.7939,5.4351,0,0,0
-0.2981,0.2253,0.9668,5.7099,-10.0687,6.1374,0,0,0
-0.2595,0.2554,0.9883,4.6947,-8.8168,5.9008,0,0,0
-0.2649,0.2808,0.9956,3.0305,-6.4427,4.8702,0,0,0
-0.28,0.2917,1.0203,0.7939,-5.3969,4.1069,0,0,0
-0.2969,0.2983,1.0435,-0.6412,-5.4427,2.8244,0,0,0
-0.3162,0.3054,1.0481,-2.1908,-6.4198,1.6794,0,0,0
-0.3074,0.3284,1.0374,-5.5725,-7.9237,-0.1374,0,0,0
-0.2839,0.3381,1.0439,-12.2901,-6.8855,-2.9618,0,0,0
-0.27,0.3137,1.0645,-17.5573,-4.6336,-6.7328,0,0,0
-0.2595,0.2927,1.053,-20.7786,-1.7328,-10.3664,0,0,0
-0.2373,0.2419,1.0745,-19.145,2.9313,-12.1069,0,0,0
-0.241,0.177,1.0757,-12.5038,8.8168,-11.4656,0,0,0
-0.2361,0.2136,1.0422,-7.1679,14.3969,-10.5725,0,0,0
-0.2722,0.2207,1.0046,-7.3664,15.7786,-10.1603,0,0,0
-0.2808,0.2158,0.9727,-8.7252,14.374,-7.0687,0,0,0
-0.2539,0.1934,0.9446,-10.0229,13.0916,-5.3282,0,0,0
-0.2415,0.1675,0.937,-5.4809,13.4809,-5.8473,0,0,0
-0.2468,0.166,0.9309,1.5802,14.9237,-5.5954,0,0,0
-0.2676,0.2166,0.9209,5.0,14.374,-3.5115,0,0,0
-0.2776,0.2422,0.9116,2.2061,12.4809,-1.9237,0,0,0
-0.344,0.323,0.876,-4.2977,9.2443,-1.6412,0,0,0
-0.3196,0.2375,0.9106,-13.084,1.313,-0.6336,0,0,0
-0.2974,0.248,0.9783,-10.4962,-1.8244,0.5267,0,0,0
-0.2317,0.1458,0.9985,-4.6031,2.0916,1.0,0,0,0
-0.2554,0.2844,1.052,2.6031,5.2977,-0.7176,0,0,0
-0.2786,0.2957,1.0544,-0.9542,8.1221,-1.084,0,0,0
-0.1619,0.3279,1.0625,-6.2061,12.9237,0.4504,0,0,0
-0.2319,0.2678,1.0208,-6.4962,15.374,-1.7939,0,0,0
-0.26,0.2659,0.9739,-7.2214,19.3206,-4.9618,0,0,0
-0.2781,0.2334,0.939,-6.6718,16.6336,-4.855,0,0,0
-0.261,0.2036,0.9202,-2.2824,15.3435,-3.9771,0,0,0
-0.2642,0.1846,0.8967,2.1145,14.2214,-3.084,0,0,0
-0.2686,0.1216,0.8811,9.542,13.0992,-0.3817,0,0,0
-0.2644,0.1487,0.8735,15.3588,10.6336,2.7634,0,0,0
-0.2795,0.2134,0.8738,15.2824,7.9618,3.8626,0,0,0
-0.2896,0.2156,0.8596,7.5344,5.7328,5.6183,0,0,0
-0.2854,0.2175,0.8523,0.5649,3.0763,6.1145,0,0,0
-0.2988,0.1919,0.8604,0.0229,0.3664,6.084,0,0,0
-0.3022,0.1672,0.8882,3.8321,-2.626,7.2595,0,0,0
-0.2974,0.207,0.9043,8.6565,-4.084,5.9542,0,0,0
-0.3152,0.2205,0.9482,9.458,-4.9847,6.2901,0,0,0
-0.3088,0.2588,0.9563,6.1756,-3.7786,6.3588,0,0,0
-0.2939,0.2756,0.9778,-0.0992,-3.0534,6.5191,0,0,0
-0.2961,0.2866,0.9839,-6.1221,-1.7099,4.542,0,0,0
-0.3069,0.2727,0.9724,-9.3969,-1.2443,3.0534,0,0,0
-0.3054,0.2712,0.9756,-9.9618,-1.084,-0.6718,0,0,0
-0.2932,0.2505,0.9937,-7.6336,-0.0534,-4.3359,0,0,0
-0.3247,0.1826,1.0115,-4.6947,2.4046,-2.7252,0,0,0
-0.304,0.1904,0.9995,-1.6183,4.3969,-0.1298,0,0,0
-0.2939,0.2041,0.9915,-0.084,7.0382,0.3359,0,0,0
-0.3115,0.2231,0.9673,-0.6489,7.9084,0.4809,0,0,0
-0.3281,0.2344,0.9539,-2.7405,7.3893,1.4962,0,0,0
-0.3325,0.2534,0.9409,-4.9008,5.8931,1.4275,0,0,0
-0.3372,0.2419,0.939,-7.3664,3.9542,2.2366,0,0,0
-0.323,0.2241,0.9336,-6.4046,3.3359,2.9389,0,0,0
-0.3159,0.2002,0.9304,-4.9084,3.5878,4.5954,0,0,0
-0.311,0.2163,0.9272,-1.771,3.084,7.0458,0,0,0
-0.3171,0.28,0.8994,-2.1145,2.9847,7.4504,0,0,0
-0.321,0.2954,0.9082,-4.9847,0.6794,6.1069,0,0,0
-0.3184,0.2886,0.9307,-6.3817,-0.5496,4.0763,0,0,0
-0.3257,0.2761,0.9497,-6.8855,-1.5954,3.5191,0,0,0
-0.3159,0.2483,0.9587,-8.1908,-2.1756,4.3511,0,0,0
-0.3027,0.2273,0.9604,-8.1374,-2.5344,5.084,0,0,0
-0.2903,0.2476,0.9424,-8.1298,-1.855,5.4046,0,0,0
-0.2886,0.2476,0.9341,-7.6412,-2.0076,4.3969,0,0,0
-0.2876,0.2407,0.9414,-5.542,-2.0916,3.4351,0,0,0
-0.2742,0.1619,0.9736,1.5267,-0.4122,4.2214,0,0,0
-0.2695,0.1826,0.9702,9.9542,1.5267,6.2137,0,0,0
-0.2676,0.2549,0.9558,9.6412,3.4809,5.7634,0,0,0
-0.2993,0.2915,0.9336,1.1145,1.2595,4.4809,0,0,0
-0.2949,0.3115,0.9421,-9.0,-2.0992,2.8779,0,0,0
-0.2817,0.2695,0.9561,-15.0382,-2.3282,0.0687,0,0,0
-0.3391,0.1978,0.978,-12.3435,-3.626,-2.2061,0,0,0
-0.2979,0.2224,0.9565,-10.9847,-3.2214,-1.0916,0,0,0
-0.3008,0.2388,0.9692,-9.687,-2.7481,0.0687,0,0,0
-0.3059,0.2146,0.9817,-7.8779,-1.2824,0.2366,0,0,0
-0.3186,0.2478,0.9856,-6.4198,-0.7405,-2.1069,0,0,0
-0.3223,0.2781,0.9868,-12.7099,0.2519,-3.2519,0,0,0
-0.3333,0.2764,0.9915,-18.8168,0.8244,-5.9695,0,0,0
-0.3435,0.2134,1.0049,-21.9313,0.9618,-6.6183,0,0,0
-0.325,0.1411,1.0132,-16.5114,3.3053,-5.9466,0,0,0
-0.3047,0.1125,0.9814,-5.9313,6.6489,-3.0153,0,0,0
-0.2898,0.1248,0.958,2.7863,9.3435,-0.8779,0,0,0
-0.2856,0.1631,0.9082,3.7557,10.9924,0.6641,0,0,0
-0.3157,0.1755,0.8984,1.7405,10.7939,0.9008,0,0,0
-0.3254,0.2212,0.8745,-1.1145,6.3969,1.8473,0,0,0
-0.3254,0.354,0.8772,-4.1603,-2.2901,-1.0763,0,0,0
-0.2866,0.3008,0.8384,-15.0153,-1.3969,-4.7863,0,0,0
-0.2922,0.301,0.8379,-15.7176,-5.0458,-10.1527,0,0,0
-0.312,0.3057,0.8108,-19.4885,-8.4504,-14.3511,0,0,0
-0.3259,0.2954,0.7996,-23.0534,-14.0229,-17.687,0,0,0
-0.2964,0.2048,0.8237,-23.2824,-18.5573,-18.0,0,0,0
-0.2815,0.1562,0.854,-14.6489,-20.3969,-16.2443,0,0,0
-0.2781,0.1875,0.8762,-5.8015,-20.9618,-15.9389,0,0,0
-0.2639,0.1919,0.9409,-1.4885,-21.0916,-16.6107,0,0,0
-0.25,0.1619,1.0085,0.855,-17.0382,-17.9695,0,0,0
-0.2917,0.1458,1.0593,4.1298,-16.0229,-15.2519,0,0,0
-0.2515,0.1948,1.0713,4.0458,-13.855,-14.0076,0,0,0
-0.2544,0.2568,1.0684,-0.1221,-10.7252,-17.5114,0,0,0
-0.2759,0.2773,1.0427,-8.3969,-9.2977,-23.7252,0,0,0
-0.282,0.2485,1.0298,-16.4656,-7.1908,-27.6947,0,0,0
-0.3059,0.2002,1.0361,-16.9237,-7.2595,-28.6031,0,0,0
-0.3218,0.2053,1.0256,-16.7328,-7.2137,-28.0305,0,0,0
-0.2976,0.155,1.0486,-12.9695,-5.3206,-26.1679,0,0,0
-0.2449,0.2039,1.0974,-1.1527,0.0382,-21.3053,0,0,0
-0.3394,0.1372,1.0769,9.0763,4.5038,-15.0611,0,0,0
-0.366,0.2549,1.0686,10.145,5.0458,-11.7328,0,0,0
-0.3899,0.2915,1.0352,5.4046,5.4046,-11.6947,0,0,0
-0.3745,0.343,1.0374,-1.5878,3.0992,-14.6947,0,0,0
-0.3418,0.3518,1.0579,-6.2519,2.0992,-21.7939,0,0,0
-0.3848,0.3601,1.0256,-0.1985,1.3588,-24.3282,0,0,0
-0.3562,0.2229,1.1265,-3.0076,8.1679,-22.3893,0,0,0
-0.5115,0.2153,1.0447,-0.9008,6.7863,-20.1679,0,0,0
-0.3369,0.2881,1.0488,-3.0992,7.8244,-19.687,0,0,0
-0.3118,0.2996,0.9827,-10.0305,10.1603,-22.3969,0,0,0
-0.2971,0.1775,0.9692,-9.1527,12.1985,-27.1679,0,0,0
-0.3257,0.1121,0.9385,-5.4122,12.3817,-27.145,0,0,0
-0.3052,0.0945,0.9226,-1.2672,10.2901,-22.9771,0,0,0
-0.2783,0.04,0.9021,2.9542,11.6565,-19.0153,0,0,0
-0.2942,0.0796,0.8782,5.0687,10.4198,-15.4504,0,0,0
-0.2964,0.1077,0.8655,3.3206,7.3206,-15.1603,0,0,0
-0.2805,0.1125,0.8713,-1.2061,3.4962,-14.8855,0,0,0
-0.2666,0.0764,0.8833,-4.5115,1.4351,-14.7481,0,0,0
-0.2617,0.0256,0.8796,-3.6336,0.0534,-12.3053,0,0,0
-0.2568,0.0024,0.8982,0.1374,0.4046,-7.0,0,0,0
-0.2573,0.0293,0.9077,4.5038,0.0,-2.4275,0,0,0
-0.2617,0.0605,0.9238,7.5191,-0.5038,0.1298,0,0,0
-0.2598,0.1152,0.938,7.2366,-0.0611,0.687,0,0,0
-0.2722,0.1274,0.9495,3.1603,-0.1145,-0.626,0,0,0
-0.2769,0.1345,0.9497,-1.3817,-0.8092,-1.6641,0,0,0
-0.283,0.1157,0.958,-5.0076,-1.2672,-1.7252,0,0,0
-0.2864,0.0986,0.9614,-6.374,-1.3893,-1.0076,0,0,0
-0.2842,0.0735,0.9663,-4.4962,-0.6489,0.8397,0,0,0
-0.2952,0.0779,0.978,-0.2977,0.6031,3.4656,0,0,0
-0.2983,0.1089,0.9827,2.7786,0.6031,4.9389,0,0,0
-0.2886,0.1494,0.98,2.4733,1.1679,5.3206,0,0,0
-0.2859,0.1687,0.9822,-0.4885,1.687,4.2824,0,0,0
-0.293,0.1782,0.9734,-3.9542,2.3282,2.229,0,0,0
-0.3103,0.1538,0.9531,-6.4198,2.1527,1.2137,0,0,0
-0.314,0.1211,0.9514,-6.4962,1.5267,2.4351,0,0,0
-0.3179,0.1165,0.948,-4.3588,1.5954,4.8931,0,0,0
-0.3108,0.1345,0.9524,-1.626,1.145,5.7252,0,0,0
-0.3108,0.1553,0.9475,-1.1603,1.0763,5.5878,0,0,0
-0.3118,0.1628,0.9409,-2.1832,0.9084,5.8855,0,0,0
-0.3123,0.1279,0.9414,-2.2137,0.9313,6.2977,0,0,0
-0.3176,0.115,0.9441,3.3969,2.1145,8.5573,0,0,0
-0.3213,0.1621,0.9346,6.8931,2.7939,8.8397,0,0,0
-0.3416,0.1946,0.9304,4.9313,2.2214,7.916,0,0,0
-0.3428,0.2087,0.9265,-0.145,0.9771,6.3893,0,0,0
-0.3423,0.1772,0.9368,-3.6794,-0.3893,5.5649,0,0,0
-0.3496,0.176,0.9465,-4.5267,-1.9084,5.3206,0,0,0
-0.3389,0.1621,0.949,-4.5344,-2.7099,5.3817,0,0,0
-0.3281,0.1692,0.9568,-2.855,-2.0763,5.9313,0,0,0
-0.3245,0.1641,0.9568,-2.2595,-1.2061,5.4962,0,0,0
-0.3228,0.1333,0.969,0.5344,-0.229,7.0153,0,0,0
-0.3206,0.1587,0.9697,3.6183,0.6718,7.916,0,0,0
-0.3169,0.1816,0.9636,3.5496,0.9695,7.8702,0,0,0
-0.3257,0.2012,0.9502,0.5115,0.3053,7.0763,0,0,0
-0.3276,0.1973,0.96,-2.6336,-0.3206,5.7863,0,0,0
-0.3333,0.1689,0.9565,-4.458,-1.2977,5.0305,0,0,0
-0.3281,0.1572,0.9702,-2.9313,-1.5496,5.9389,0,0,0
-0.325,0.1667,0.9719,-1.8092,-1.145,6.2824,0,0,0
-0.3218,0.1616,0.9744,-0.9618,-0.9237,7.4198,0,0,0
-0.312,0.1729,0.9817,0.3817,-0.2672,7.6794,0,0,0
-0.3127,0.1716,0.9785,0.6412,0.5649,8.1069,0,0,0
-0.3196,0.1726,0.9817,1.2443,1.6031,8.1527,0,0,0
-0.3247,0.1716,0.9822,1.542,1.2137,8.6336,0,0,0
-0.322,0.1982,0.9631,-0.1908,1.8015,9.0076,0,0,0
-0.3254,0.1997,0.9658,-1.2824,0.7405,9.5649,0,0,0
-0.282,0.2864,0.9399,-5.8931,-0.1145,11.0305,0,0,0
-0.3101,0.2529,0.9253,-8.6107,0.5725,7.6718,0,0,0
-0.3152,0.2139,0.926,-9.9008,0.2519,4.5344,0,0,0
-0.3364,0.2368,0.9229,-7.1756,-0.5573,2.7252,0,0,0
-0.3118,0.1597,0.9387,-1.1527,-0.9618,2.4656,0,0,0
-0.3105,0.168,0.9429,6.5267,-0.1679,4.1069,0,0,0
-0.3367,0.2646,0.9226,12.6031,-5.8015,6.8931,0,0,0
-0.3201,0.3735,0.9192,1.3817,-3.4962,7.1756,0,0,0
-0.3259,0.3093,0.9111,-12.313,-5.7634,0.4885,0,0,0
-0.3108,0.1904,0.929,-15.3053,-5.7099,-2.7176,0,0,0
-0.2781,0.167,0.9734,-7.5802,-3.7023,-3.1832,0,0,0
-0.2927,0.0891,0.9763,1.3359,1.1832,-1.3359,0,0,0
-0.3052,0.166,0.9609,9.2748,2.8931,0.0534,0,0,0
-0.3198,0.2107,0.9436,8.2901,1.8244,1.3053,0,0,0
-0.3198,0.2097,0.9365,3.9847,-1.4351,0.9847,0,0,0
-0.3088,0.2063,0.9443,-0.0076,-3.0305,-0.7481,0,0,0
-0.3232,0.1792,0.9492,-1.916,-4.4809,-1.626,0,0,0
-0.3149,0.1624,0.9573,-1.9313,-6.4733,-1.2824,0,0,0
-0.3013,0.1169,0.9937,0.2214,-5.6489,0.5878,0,0,0
-0.2874,0.1243,1.0088,4.084,-3.1603,2.9313,0,0,0
-0.2979,0.1292,1.0115,6.6794,-0.7786,5.3588,0,0,0
-0.3108,0.1641,0.9956,6.229,0.8626,6.9466,0,0,0
-0.2317,0.2197,0.9924,5.2061,5.0534,4.9542,0,0,0
-0.3083,0.1628,0.988,7.2214,5.458,3.7328,0,0,0
-0.3372,0.1741,0.9712,6.0,4.4122,5.9771,0,0,0
-0.3459,0.1897,0.9497,3.1908,0.0992,7.6794,0,0,0
-0.3386,0.1782,0.9521,-0.3053,-3.3969,9.4198,0,0,0
-0.2695,0.1711,0.9797,0.2824,-1.229,8.7405,0,0,0
-0.2832,0.1785,0.9822,4.3817,3.458,8.4733,0,0,0
-0.3115,0.2009,0.9753,6.3053,5.4656,8.6947,0,0,0
-0.3381,0.2227,0.9575,5.7557,2.8779,7.9847,0,0,0
-0.3059,0.23,0.9578,4.6107,2.0153,6.7786,0,0,0
-0.3462,0.2244,0.9363,2.6794,1.7786,5.3893,0,0,0
-0.353,0.1931,0.9382,1.1221,-0.7176,6.6947,0,0,0
-0.3418,0.1755,0.9473,1.6794,-3.5878,8.1527,0,0,0
-0.3535,0.1697,0.9463,3.6031,-6.1832,10.3206,0,0,0
-0.3647,0.23,0.9395,2.7634,-7.6336,10.4885,0,0,0
-0.3042,0.2341,0.9675,-0.8473,-5.4046,6.8473,0,0,0
-0.3142,0.2395,0.9912,-2.8626,-0.6412,2.2061,0,0,0
-0.2952,0.1948,1.0161,-2.7405,1.3969,0.4733,0,0,0
-0.3042,0.1794,1.0195,0.5954,5.0687,-0.313,0,0,0
-0.3601,0.1877,0.9927,3.2901,5.6412,3.2061,0,0,0
-0.3191,0.1914,0.979,4.0992,6.2595,5.5191,0,0,0
-0.3176,0.2153,0.9592,5.2824,7.4427,4.5573,0,0,0
-0.3193,0.2441,0.9407,4.7786,6.916,3.4962,0,0,0
-0.3152,0.2869,0.9214,1.5267,4.7939,2.2137,0,0,0
-0.3462,0.3005,0.896,-6.5649,2.2214,1.2443,0,0,0
-0.3149,0.2517,0.8828,-11.9695,-1.1527,-1.6183,0,0,0
-0.3257,0.2148,0.8989,-11.4962,-1.9389,-1.8473,0,0,0
-0.3013,0.156,0.9207,-5.5496,-2.3511,-0.229,0,0,0
-0.2874,0.1726,0.9502,2.1374,-1.6718,0.6031,0,0,0
-0.2864,0.2175,0.969,5.4504,0.8855,0.1756,0,0,0
-0.3398,0.248,0.9526,2.5649,1.145,0.4046,0,0,0
-0.3477,0.2739,0.949,-2.916,-1.5115,1.0305,0,0,0
-0.3352,0.2097,0.9578,-6.1603,-3.9084,1.0992,0,0,0
-0.3289,0.1819,0.9604,-2.5267,-4.1679,4.084,0,0,0
-0.2822,0.1851,0.9573,2.7023,1.771,2.0305,0,0,0
-0.3379,0.2332,0.9434,4.2824,0.7176,2.8168,0,0,0
-0.3191,0.2576,0.9324,-0.1069,-1.3817,1.1603,0,0,0
-0.3193,0.2532,0.9514,-4.1298,-0.916,-0.9084,0,0,0
-0.3179,0.207,0.9519,-5.1756,-2.1221,-1.8779,0,0,0
-0.3132,0.1899,0.9644,-4.7863,-1.771,-0.8321,0,0,0
-0.2852,0.1663,0.9673,-1.229,0.145,1.5344,0,0,0
-0.3049,0.1682,0.9565,2.1679,1.4504,3.5344,0,0,0
-0.313,0.2451,0.926,0.9084,2.7252,3.9618,0,0,0
-0.3445,0.2878,0.9097,-5.1145,-0.145,2.5573,0,0,0
-0.3323,0.2449,0.9243,-7.3969,-4.0611,-0.6565,0,0,0
-0.3088,0.22,0.9465,-6.458,-3.8015,0.2977,0,0,0
-0.3164,0.2268,0.9456,-6.0229,-3.4885,2.8168,0,0,0
-0.2881,0.2661,0.9292,-5.313,-2.6183,2.687,0,0,0
-0.2493,0.2632,0.957,-4.626,-1.1679,-2.1679,0,0,0
-0.3091,0.2021,0.967,0.2137,-0.0153,-5.8855,0,0,0
-0.2842,0.1968,0.9788,3.4122,0.1221,-3.9618,0,0,0
-0.3035,0.217,0.9631,1.5038,1.374,-2.542,0,0,0
-0.3413,0.2322,0.9414,-2.2824,-0.2824,-0.9237,0,0,0
-0.3567,0.2427,0.9282,-9.1985,-4.3206,1.5954,0,0,0
-0.3323,0.2104,0.9441,-11.2366,-7.3282,1.1985,0,0,0
-0.3696,0.2075,0.9465,-8.7328,-11.229,2.8244,0,0,0
-0.2732,0.2217,0.957,-4.7252,-10.4427,2.5954,0,0,0
-0.3884,0.1875,0.9248,0.1069,-4.3893,-0.0153,0,0,0
-0.2737,0.2539,0.9409,0.9924,-3.6718,-0.9771,0,0,0
-0.2234,0.261,0.9636,0.5038,1.5496,-6.3969,0,0,0
-0.2798,0.2527,0.9507,0.7405,5.2672,-7.8931,0,0,0
-0.2974,0.2507,0.9492,-1.8321,5.5802,-9.2977,0,0,0
-0.4063,0.2451,0.9246,-6.8473,-0.6183,-7.771,0,0,0
-0.3591,0.2786,0.9226,-12.7557,-13.4885,-5.4733,0,0,0
-0.2974,0.2778,0.9258,-20.2519,-13.2366,-6.313,0,0,0
-0.249,0.1797,0.9661,-16.2748,-9.2977,-10.8092,0,0,0
-0.3618,0.2361,0.9875,-7.6718,-8.8321,-10.4809,0,0,0
-0.2732,0.1565,0.9534,-6.7939,-2.8931,-9.1908,0,0,0
-0.3708,0.2222,0.9658,-6.4427,-5.5725,-7.7863,0,0,0
-0.2983,0.199,1.0005,-5.542,-7.1985,-7.9771,0,0,0
-0.2346,0.1763,1.0576,-1.7252,-2.8931,-8.4122,0,0,0
-0.2908,0.1331,1.0608,4.1527,4.0153,-8.8168,0,0,0
-0.324,0.1755,1.0168,4.8473,2.8855,-4.0611,0,0,0
-0.3301,0.24,0.9841,0.3053,1.1527,-4.9313,0,0,0
-0.312,0.1772,0.9956,-6.3969,2.1069,-4.6183,0,0,0
-0.3699,0.1394,0.9758,-5.2595,0.6107,-0.374,0,0,0
-0.2988,0.1804,0.9775,-3.9008,-2.2061,1.3969,0,0,0
-0.2422,0.2034,0.9775,-3.9008,4.9542,-7.9618,0,0,0
-0.3235,0.2307,0.9583,-2.6489,1.8397,-4.5573,0,0,0
-0.3276,0.2004,0.9568,-3.4656,0.855,-5.3588,0,0,0
-0.3218,0.165,0.9529,-2.0992,0.6107,-4.4733,0,0,0
-0.3169,0.1565,0.9475,-0.5878,0.1069,-2.9313,0,0,0
-0.2434,0.1865,0.9744,0.3053,2.1298,-3.7863,0,0,0
-0.3306,0.177,0.9514,0.8092,1.4046,-3.458,0,0,0
-0.2703,0.1677,0.9741,1.6947,2.5038,-3.3053,0,0,0
-0.3276,0.1677,0.958,0.7328,2.6489,-2.1374,0,0,0
-0.321,0.189,0.9302,-2.1603,0.374,0.1298,0,0,0
-0.3137,0.2085,0.9214,-5.7939,-1.0305,-1.1069,0,0,0
-0.2852,0.1812,0.9626,-7.1298,-0.9618,-2.8931,0,0,0
-0.2852,0.1526,0.9917,-4.1374,1.3969,-5.3053,0,0,0
-0.3496,0.145,1.0083,-2.0382,5.3053,-5.1145,0,0,0
-0.4004,0.1838,0.9685,-5.0763,-0.9008,1.4809,0,0,0
-0.3806,0.136,0.9976,-3.2672,-8.229,1.6183,0,0,0
-0.29,0.2498,1.0073,-5.4046,-4.4656,2.3817,0,0,0
-0.2744,0.2344,0.9868,-10.3282,3.0229,-2.7634,0,0,0
-0.3359,0.1758,0.9805,-11.0916,5.313,-5.7023,0,0,0
-0.3301,0.2061,0.9673,-8.6641,5.0153,-5.8321,0,0,0
-0.3062,0.2085,0.9561,-9.5038,4.2595,-3.8397,0,0,0
-0.3423,0.1882,0.9602,-8.0611,3.4733,-5.4885,0,0,0
-0.3059,0.2332,0.9678,-10.4351,3.6107,-5.0687,0,0,0
-0.3025,0.2104,0.9607,-12.7939,3.6412,-7.1527,0,0,0
-0.2959,0.2383,0.9619,-14.6107,4.145,-7.9847,0,0,0
-0.3306,0.2058,0.949,-16.7634,1.2443,-10.0229,0,0,0
-0.2725,0.2075,0.9973,-15.0,1.4809,-11.5191,0,0,0
-0.3032,0.146,0.9963,-16.7405,2.9084,-8.0,0,0,0
-0.2698,0.1536,0.9749,-12.9237,3.771,-5.6794,0,0,0
-0.2939,0.1311,0.948,-8.2748,4.8855,-5.2519,0,0,0
-0.2859,0.1206,0.9128,-3.4885,3.2595,-2.4046,0,0,0
-0.0349,0.2195,0.9565,-2.3053,12.6183,-7.9618,0,0,0
-0.4297,0.1973,0.8267,-5.5496,3.7405,-2.7099,0,0,0
-0.2927,0.2368,0.8567,-10.6336,-2.5267,-4.0458,0,0,0
-0.2959,0.2002,0.8794,-13.6947,-5.6031,-5.8321,0,0,0
-0.2891,0.1628,0.9104,-12.9084,-5.687,-5.8244,0,0,0
-0.3176,0.1191,0.9231,-9.3588,-4.6489,-6.1145,0,0,0
-0.3218,0.1133,0.9355,-6.1145,-6.2977,-3.3893,0,0,0
-0.3022,0.1404,0.9424,-3.2366,-6.4046,-1.4885,0,0,0
-0.3394,0.1621,0.939,-1.0992,-8.7252,-0.4122,0,0,0
-0.2993,0.188,0.9509,-2.8626,-7.6412,-2.1527,0,0,0
-0.3062,0.1831,0.9414,-6.3893,-7.9237,-5.0382,0,0,0
-0.2949,0.1479,0.9648,-8.6641,-5.5573,-6.229,0,0,0
-0.322,0.1206,0.9722,-8.6412,-5.1679,-7.2977,0,0,0
-0.3079,0.0835,0.999,-5.1527,-5.9695,-6.1908,0,0,0
-0.2617,0.0618,1.0398,0.4809,-3.0611,-3.0534,0,0,0
-0.2637,0.1228,1.0322,4.5038,2.4809,-1.6718,0,0,0
-0.2864,0.1113,1.0208,6.5267,6.1603,-2.2061,0,0,0
-0.3115,0.1072,0.9839,4.1985,6.9847,-3.3053,0,0,0
-0.3167,0.137,0.9597,3.5954,5.7481,-1.5878,0,0,0
-0.3096,0.1147,0.9578,3.1756,4.6031,-1.2061,0,0,0
-0.3428,0.0876,0.9573,3.6718,1.2443,0.6489,0,0,0
-0.3032,0.0959,0.9924,5.8626,1.7634,3.7099,0,0,0
-0.3501,0.114,1.0039,6.6031,2.6641,5.8168,0,0,0
-0.3704,0.144,0.9954,4.8855,1.2137,8.3053,0,0,0
-0.3147,0.1956,0.9988,1.9389,0.7176,9.4809,0,0,0
-0.2739,0.1846,0.9976,0.4046,3.3359,5.5344,0,0,0
-0.2693,0.1306,0.9956,1.8779,7.9542,3.1603,0,0,0
-0.3496,0.1448,0.9385,6.5038,8.7099,6.1985,0,0,0
-0.3718,0.1736,0.8945,9.5878,4.6412,10.1145,0,0,0
-0.2266,0.0715,0.9758,7.9847,2.0687,8.9542,0,0,0
-0.3694,0.2688,0.8982,1.2137,-1.4809,5.4275,0,0,0
-0.3201,0.2102,0.9226,-1.5038,-2.7634,3.9008,0,0,0
-0.3354,0.1792,0.9424,-0.9847,-4.145,3.0534,0,0,0
-0.3291,0.1763,0.96,2.5878,-5.4351,4.2901,0,0,0
-0.335,0.1599,0.9788,3.916,-5.2595,5.916,0,0,0
-0.3462,0.1511,0.9731,5.1756,-4.3664,7.6565,0,0,0
-0.3291,0.1711,0.9695,5.4733,-3.0992,6.8321,0,0,0
-0.333,0.1624,0.978,6.5191,-3.5878,4.8626,0,0,0
-0.3203,0.1636,0.9937,6.6031,-2.7634,3.7023,0,0,0
-0.3259,0.1899,1.0002,4.3359,-1.1603,2.855,0,0,0
-0.3286,0.1831,1.0042,0.7252,0.4504,3.1145,0,0,0
-0.3384,0.1648,0.9888,-2.5191,1.145,3.4656,0,0,0
-0.3152,0.1763,0.9856,-3.8321,2.5725,2.7252,0,0,0
-0.3091,0.124,1.0137,-1.626,2.458,2.0153,0,0,0
-0.3706,0.1802,0.9768,-1.0458,2.1985,3.9466,0,0,0
-0.3069,0.2053,0.9895,0.3664,3.8321,2.1221,0,0,0
-0.2693,0.187,0.9812,1.8473,6.6107,0.5802,0,0,0
-0.3354,0.1992,0.9465,-0.8244,7.2824,0.4504,0,0,0
-0.3181,0.2151,0.9365,-3.3588,5.626,0.229,0,0,0
-0.3613,0.2075,0.9373,-5.6641,4.6412,-0.4809,0,0,0
-0.335,0.1643,0.9507,-2.3969,3.0,-1.0305,0,0,0
-0.3369,0.1509,0.9634,2.1221,4.9084,-1.4122,0,0,0
-0.3174,0.1587,0.9424,2.2443,5.7405,0.1832,0,0,0
-0.3452,0.2146,0.9185,-0.5267,5.7939,-0.8855,0,0,0
-0.3428,0.22,0.9229,-4.9695,2.6412,-0.9924,0,0,0
-0.3638,0.1992,0.9395,-8.084,1.8473,-0.7481,0,0,0
-0.3259,0.1455,0.9629,-5.6641,0.4122,-0.2519,0,0,0
-0.3101,0.1694,0.9736,0.1374,2.1527,0.8321,0,0,0
-0.2961,0.1755,0.9597,3.542,6.3435,-1.2137,0,0,0
-0.3418,0.2312,0.9397,-0.458,6.9313,-1.2977,0,0,0
-0.3574,0.2275,0.947,-6.626,4.3893,-3.0763,0,0,0
-0.3621,0.1968,0.9485,-9.4198,0.7023,-3.1603,0,0,0
-0.3542,0.1511,0.9368,-8.8931,-1.2443,-0.313,0,0,0
-0.2852,0.1462,0.9543,-3.4885,-1.2672,0.2748,0,0,0
-0.3181,0.1438,0.9653,0.9313,0.6947,-0.0992,0,0,0
-0.3228,0.1748,0.9517,1.3893,1.7252,-0.4046,0,0,0
-0.218,0.1912,0.9951,-0.5038,2.0153,-2.916,0,0,0
-0.325,0.1682,0.9521,-3.0076,3.3969,-1.9313,0,0,0
-0.3242,0.2026,0.9399,-4.5725,4.3588,-0.458,0,0,0
-0.3816,0.1392,0.937,-5.3053,1.1603,-1.0687,0,0,0
-0.3042,0.1472,0.9705,-2.3588,0.2519,-1.5496,0,0,0
-0.3057,0.1174,0.9714,-1.2061,3.374,-1.4198,0,0,0
-0.3313,0.1543,0.9451,-2.1069,5.1374,-0.6794,0,0,0
-0.3535,0.1729,0.9246,-5.4275,3.1221,0.3282,0,0,0
-0.3215,0.1919,0.9126,-10.4885,2.1145,1.7099,0,0,0
-0.3276,0.1946,0.928,-10.5725,0.5802,-0.7557,0,0,0
-0.3572,0.1848,0.9419,-9.3053,0.1908,-2.4504,0,0,0
-0.342,0.1902,0.9424,-9.5954,-0.9084,-0.9313,0,0,0
-0.3586,0.1948,0.9468,-10.5344,-0.1832,0.2977,0,0,0
-0.3818,0.1367,0.9436,-6.916,-2.2901,2.7099,0,0,0
-0.2864,0.1824,0.9536,-1.0382,-1.7634,2.2672,0,0,0
-0.3489,0.2437,0.9214,-2.8931,-0.4885,1.374,0,0,0
-0.3394,0.2678,0.8965,-8.8244,-2.6794,-0.6718,0,0,0
-0.3977,0.2864,0.8684,-16.7176,-5.9847,-3.2901,0,0,0
-0.3848,0.2534,0.8804,-22.5191,-11.9542,-4.2443,0,0,0
-0.324,0.2017,0.9209,-22.1374,-16.3664,-5.5496,0,0,0
-0.3281,0.1028,0.9832,-12.3893,-8.2824,-11.8168,0,0,0
-0.3135,0.1724,1.0156,-5.4809,-1.7023,-11.9618,0,0,0
-0.3491,0.2009,1.0161,-2.3588,-0.8244,-11.3282,0,0,0
-0.3235,0.189,1.0159,-2.3893,-1.4809,-10.7939,0,0,0
-0.3186,0.1326,1.021,-2.3206,0.2061,-11.6336,0,0,0
-0.333,0.1013,0.9973,-0.2137,1.4733,-8.7557,0,0,0
-0.397,0.1211,0.9351,-2.6565,-1.8626,-4.2824,0,0,0
-0.3684,0.1602,0.9163,-6.4351,-9.5496,-3.1527,0,0,0
-0.3411,0.1641,0.9456,-11.1221,-12.6183,-3.687,0,0,0
-0.3145,0.1807,0.9622,-12.1603,-11.1603,-7.9847,0,0,0
-0.2888,0.1316,0.9897,-15.6489,-7.3359,-9.7939,0,0,0
-0.3171,0.1257,1.0164,-12.1374,-4.4198,-9.4275,0,0,0
-0.2974,0.0637,1.0293,-7.084,-0.8702,-8.8244,0,0,0
-0.3103,0.0762,1.012,-0.8397,3.2977,-6.5878,0,0,0
-0.3223,0.0935,1.0032,2.5802,4.916,-5.2595,0,0,0
-0.3376,0.1382,0.9858,1.7634,5.771,-4.9847,0,0,0
-0.241,0.1541,1.094,4.5344,6.9237,-9.3053,0,0,0
-0.2703,0.1458,1.0046,0.8626,18.3053,-10.6031,0,0,0
-0.4265,0.1665,0.8921,-6.8473,13.771,-4.9618,0,0,0
-0.4246,0.2327,0.8879,-12.6412,3.3664,-7.4809,0,0,0
-0.3406,0.1506,0.8857,-16.2748,-1.9466,-9.8397,0,0,0
-0.3101,0.0999,0.9265,-12.6336,-1.229,-10.6183,0,0,0
-0.3213,0.0776,0.9434,-4.5191,1.2672,-9.3969,0,0,0
-0.3267,0.1116,0.9128,-1.8626,2.6947,-7.229,0,0,0
-0.3325,0.1521,0.8989,-3.4656,1.3817,-8.3664,0,0,0
-0.3335,0.144,0.8943,-6.0382,-0.2519,-10.2519,0,0,0
-0.3352,0.1284,0.8948,-7.3206,-1.0458,-10.0458,0,0,0
-0.3401,0.1072,0.915,-6.4427,-3.0534,-9.8092,0,0,0
-0.3381,0.0989,0.9304,-4.2748,-3.7786,-9.7863,0,0,0
-0.3562,0.095,0.9346,-3.3511,-3.8702,-10.916,0,0,0
-0.3406,0.1135,0.9426,-4.7481,-5.0916,-10.8626,0,0,0
-0.3369,0.1074,0.9573,-5.5573,-5.7634,-11.1603,0,0,0
-0.3357,0.1013,0.9771,-5.4427,-5.4962,-10.0611,0,0,0
-0.3262,0.0891,0.9956,-3.9542,-4.8015,-9.4962,0,0,0
-0.324,0.0925,1.0073,-1.229,-2.9008,-9.8397,0,0,0
-0.334,0.1113,1.0059,-1.4809,-2.4351,-9.9771,0,0,0
-0.3416,0.1101,1.0117,-3.6794,-2.5344,-10.229,0,0,0
-0.3389,0.1064,1.0181,-6.4809,-2.6412,-10.0076,0,0,0
-0.3352,0.0784,1.0247,-5.7786,-1.3053,-9.855,0,0,0
-0.3298,0.0671,1.0359,-3.2901,0.9313,-7.9847,0,0,0
-0.3269,0.0752,1.0225,0.2366,2.8015,-5.7481,0,0,0
-0.3423,0.0969,1.012,1.5344,3.1221,-5.1908,0,0,0
-0.3379,0.1189,1.0129,1.2901,2.229,-5.1603,0,0,0
-0.3333,0.1362,1.0107,-0.8092,1.9771,-5.4962,0,0,0
-0.3352,0.1252,1.0068,-2.6107,1.9084,-6.1756,0,0,0
-0.3254,0.0962,1.0129,-2.2748,2.9618,-4.7328,0,0,0
-0.3301,0.0784,1.0027,0.9084,4.7939,-2.0916,0,0,0
-0.3318,0.0876,0.9771,5.771,5.8779,0.458,0,0,0
-0.3398,0.1187,0.9565,7.4809,5.7634,1.1374,0,0,0
-0.3428,0.1348,0.9482,5.9771,5.1298,1.1221,0,0,0
-0.3235,0.1353,0.9514,4.0458,4.7939,0.7939,0,0,0
-0.3101,0.1223,0.9458,5.0153,5.4122,1.6641,0,0,0
-0.3381,0.1467,0.9209,6.2824,4.7176,2.0916,0,0,0
-0.3462,0.1753,0.8962,4.1069,2.771,2.0611,0,0,0
-0.3665,0.1943,0.8933,1.2595,0.1679,1.4885,0,0,0
-0.3635,0.1616,0.8994,1.145,-2.3588,-0.2901,0,0,0
-0.3596,0.1531,0.9146,2.4198,-3.3053,-0.5267,0,0,0
-0.3606,0.1328,0.9263,4.9618,-2.9695,-0.0763,0,0,0
-0.3513,0.115,0.9294,8.2977,-2.2672,-1.1603,0,0,0
-0.2788,0.0942,0.9463,10.2672,-0.3053,-2.6641,0,0,0
-0.3096,0.0366,0.9368,11.4275,2.4275,-2.6794,0,0,0
-0.3899,0.0388,0.886,9.0305,0.5344,-0.5954,0,0,0
-0.3752,0.1248,0.8872,3.9466,-4.374,0.6183,0,0,0
-0.4072,0.1313,0.8616,-7.6718,-8.3969,-0.1985,0,0,0
-0.3918,0.1318,0.9116,-15.687,-15.0153,-1.1298,0,0,0
-0.3176,0.0754,0.9751,-16.916,-13.9924,-0.0992,0,0,0
-0.2852,-0.0046,1.0032,-8.4656,-9.7786,1.3435,0,0,0
-0.2922,0.0627,1.0056,4.5191,-2.1756,1.9466,0,0,0
-0.3247,0.1345,0.9636,7.0992,2.9771,1.5038,0,0,0
-0.3542,0.2476,0.9617,3.771,1.3893,0.3359,0,0,0
-0.3525,0.0615,0.9724,1.6947,-1.8168,-2.8779,0,0,0
-0.3032,0.0869,1.0015,9.6718,-0.8473,-0.145,0,0,0
-0.3208,0.1052,0.9851,9.5115,1.0534,2.6183,0,0,0
-0.3479,0.1821,0.9597,2.8779,-0.3817,2.5038,0,0,0
-0.3401,0.2178,0.9531,-7.7405,-2.855,0.8015,0,0,0
-0.332,0.1765,0.9485,-15.3359,-4.687,-1.9237,0,0,0
-0.3215,0.123,0.9617,-13.5267,-5.374,-2.8397,0,0,0
-0.3191,0.1201,0.9656,-8.1679,-4.855,-2.4504,0,0,0
-0.3208,0.1279,0.9731,-3.5115,-2.9237,-1.5954,0,0,0
-0.3267,0.1465,0.959,-2.3053,-2.1756,-2.1374,0,0,0
-0.342,0.1543,0.9617,-3.313,-3.1756,-2.1832,0,0,0
-0.325,0.1548,0.9773,-3.9618,-3.5802,-2.7252,0,0,0
-0.3044,0.1201,1.0081,-2.374,-2.3817,-3.9847,0,0,0
-0.3091,0.1133,1.0234,0.5267,0.8473,-3.7863,0,0,0
-0.3364,0.0984,1.0276,3.2061,3.2137,-2.1908,0,0,0
-0.3691,0.0906,1.0269,6.4656,3.5802,-0.4733,0,0,0
-0.3369,0.0918,1.0178,10.3511,5.7252,1.9618,0,0,0
-0.3391,0.1487,0.9929,10.3817,7.5802,3.3893,0,0,0
-0.3284,0.1504,0.989,6.771,7.9084,2.4122,0,0,0
-0.3684,0.1575,0.9629,3.5496,7.313,0.6107,0,0,0
-0.3601,0.1384,0.9609,2.0382,5.5115,1.1374,0,0,0
-0.313,0.1926,0.9229,-2.6336,4.6565,1.8321,0,0,0
-0.3347,0.2139,0.9028,-5.8168,3.0229,-0.8168,0,0,0
-0.3455,0.1882,0.9141,-7.0992,2.5802,-2.8855,0,0,0
-0.3445,0.1838,0.927,-4.0687,2.0305,-3.0534,0,0,0
-0.354,0.1543,0.9194,-2.0687,2.4504,-6.084,0,0,0
-0.3508,0.2488,0.9026,1.8473,1.1756,-8.687,0,0,0
-0.3711,0.2686,0.8826,-2.4198,0.9466,-12.374,0,0,0
-0.3125,0.1501,0.9417,-4.8168,0.7176,-18.7328,0,0,0
-0.4004,0.0352,0.9687,-3.2137,2.2977,-19.6489,0,0,0
-0.3931,0.0659,0.9756,-0.2595,-0.8931,-13.5573,0,0,0
-0.3589,0.1279,1.0,2.0229,0.1603,-11.3817,0,0,0
-0.3699,0.1152,0.9805,-1.0611,1.3588,-11.1985,0,0,0
-0.3704,0.1438,0.9661,-2.3282,1.0534,-11.8015,0,0,0
-0.4009,0.1006,0.9687,-5.4046,-1.2595,-12.313,0,0,0
-0.3992,-0.0327,0.9302,-7.9847,-1.084,-10.4809,0,0,0
-0.2544,0.0278,0.9417,-2.2824,0.3435,-8.8321,0,0,0
-0.3171,0.1318,0.9624,-0.4122,4.0992,-9.0916,0,0,0
-0.3997,0.0876,0.9351,-9.9237,3.2901,-12.3282,0,0,0
-0.3821,0.0752,0.967,-15.855,-0.5038,-11.542,0,0,0
-0.3936,0.0796,0.991,-19.5191,-2.0763,-9.9771,0,0,0
-0.4128,-0.3345,1.0745,-10.4351,-7.3588,-6.5954,0,0,0
-0.2148,0.0576,1.0413,-2.8626,10.9618,-2.6412,0,0,0
-0.343,0.0986,0.9812,-2.4733,9.8626,-0.1221,0,0,0
-0.3391,0.1104,0.9707,-6.9771,9.4198,0.0,0,0,0
-0.4109,0.075,0.9231,-14.2824,4.9313,2.1145,0,0,0
-0.3999,0.0415,0.9207,-13.1298,-1.0687,7.313,0,0,0
-0.3555,0.0117,0.9558,-4.7405,-5.313,9.626,0,0,0
-0.2502,0.0603,1.0042,5.3282,0.229,10.1603,0,0,0
-0.2585,0.1274,0.9995,8.0992,9.0229,10.4351,0,0,0
-0.3369,0.1355,0.9631,4.0534,12.8702,10.4885,0,0,0
-0.3552,0.1228,0.9329,1.7557,8.8397,10.9313,0,0,0
-0.3162,0.1301,0.8962,1.8473,7.9695,10.8015,0,0,0
-0.3513,0.1592,0.8684,0.3969,4.2443,11.2214,0,0,0
-0.3315,0.1599,0.8809,-1.2901,0.6107,8.6412,0,0,0
-0.3521,0.1411,0.9165,0.0763,0.771,6.1832,0,0,0
-0.3433,0.1145,0.9084,-2.1221,0.7252,6.6489,0,0,0
-0.363,0.1272,0.9277,2.2366,-0.8626,8.5115,0,0,0
-0.3606,0.1218,0.9299,3.4656,-1.0611,8.6947,0,0,0
-0.3228,0.1672,0.9282,2.6489,-1.9084,7.1145,0,0,0
-0.3716,0.1423,0.9263,-2.3588,-3.3359,4.1985,0,0,0
-0.3325,0.1917,0.9292,-7.7863,-3.1069,1.9237,0,0,0
-0.3647,0.0405,0.9229,-11.3588,-3.8855,1.3206,0,0,0
-0.3455,0.0979,0.9714,-1.5878,-3.7634,3.7863,0,0,0
-0.3298,0.0325,0.9766,5.145,-3.1832,8.4122,0,0,0
-0.3672,0.1387,0.9353,7.4962,-3.4656,11.4275,0,0,0
-0.3352,0.1899,0.9316,2.7176,-5.2137,9.6336,0,0,0
-0.3274,0.2043,0.9355,-0.458,-4.5573,5.2595,0,0,0
-0.3362,0.2292,0.9919,-0.0076,-4.2443,2.0305,0,0,0
-0.4888,0.1116,0.9229,0.1756,-4.8015,5.9313,0,0,0
-0.843,0.0432,0.7969,-18.3969,-48.3893,29.6641,0,0,0
