ax,ay,az,gx,gy,gz,left_click,right_click
0.1523,0.2217,0.9687,-13.8702,-3.0305,-5.0229,1,0,0
0.1611,0.2039,0.9758,-13.2977,-5.2977,-4.8855,1,0,0
0.166,0.1956,0.9756,-10.1221,-6.2977,-5.4962,1,0,0
0.175,0.1985,0.9849,-7.2061,-5.916,-5.9771,1,0,0
0.1804,0.2104,0.99,-6.3893,-5.3893,-6.0,1,0,0
0.1802,0.2063,0.9897,-5.8321,-4.0076,-6.1908,1,0,0
0.1858,0.2012,0.9937,-5.7252,-2.9618,-5.2901,1,0,0
0.1807,0.2004,0.9971,-6.6412,-2.4275,-4.3435,1,0,0
0.1797,0.1987,0.9836,-7.229,-3.229,-4.7557,1,0,0
0.2026,0.1753,1.0098,-12.4962,-4.2137,-3.5802,1,0,0
0.1726,0.1953,0.9656,-17.1908,-7.3511,-1.8473,1,0,0
0.1711,0.1516,0.9988,-17.2061,-9.8702,-0.7023,1,0,0
0.167,0.1646,0.9907,-13.9313,-10.8473,0.1603,1,0,0
0.1792,0.1619,0.9917,-12.6107,-10.5496,0.8015,1,0,0
0.1741,0.1846,0.9839,-11.9695,-10.5191,0.4962,1,0,0
0.1653,0.1829,0.9897,-12.1069,-12.0,-0.2748,1,0,0
0.1736,0.179,1.0085,-8.7634,-13.3053,-1.3969,1,0,0
0.1763,0.1641,0.9968,-4.4427,-13.2061,-2.0916,1,0,0
0.167,0.166,0.9873,-2.0763,-14.9618,-1.0229,0,0,0
0.167,0.1943,0.9722,-1.6107,-16.8855,-1.2214,0,0,0
0.1667,0.165,0.957,-1.542,-20.3206,-1.4351,0,0,0
0.1638,0.1609,0.9553,-1.9313,-23.0611,-1.7481,0,0,0
0.1655,0.1716,0.9714,-2.2901,-26.2901,-2.0458,0,0,0
0.1821,0.1418,0.9878,-1.8779,-27.6641,-0.9771,0,0,0
0.199,0.146,0.9976,-0.4427,-26.1527,-0.9084,0,0,0
0.2007,0.1533,0.9912,2.4504,-25.8779,0.3817,0,0,0
0.1938,0.1768,0.9912,4.1756,-24.9618,0.6641,0,0,0
0.2078,0.2014,0.9856,2.8168,-24.8473,-0.4427,0,0,0
0.2021,0.1899,0.9744,1.1298,-24.9618,-2.1069,0,0,0
0.2104,0.1614,0.9714,0.6565,-25.7481,-1.8244,0,0,0
0.2266,0.1504,0.9878,2.2824,-25.916,-0.7863,0,0,0
0.2278,0.1375,0.9954,5.6183,-24.3053,-0.6947,0,0,0
0.2439,0.1558,0.9929,8.229,-23.1908,0.7328,0,0,0
0.2437,0.1917,0.9885,6.6641,-22.6794,0.9695,0,0,0
0.2507,0.1948,1.0083,3.2748,-20.3969,0.2443,0,0,0
0.2651,0.1863,1.02,0.5496,-17.5267,-0.3893,0,0,0
0.2732,0.165,1.019,0.7557,-13.6336,0.4809,0,0,0
0.282,0.1653,1.0273,2.6565,-8.5344,1.1527,0,0,0
0.2671,0.1951,1.0115,3.5115,-5.2519,0.4122,0,0,0
0.2546,0.2136,1.0027,1.145,-3.8397,-0.5573,0,0,0
0.2463,0.1917,0.9871,-1.6489,-4.8397,-1.5878,0,0,0
0.2532,0.176,0.9866,-2.0076,-5.6031,-1.5802,0,0,0
0.2615,0.1775,0.9915,-2.2519,-5.0763,-1.2519,0,0,0
0.2683,0.1689,0.9924,-0.9771,-4.6336,-1.2977,0,0,0
0.2671,0.1621,0.981,0.7023,-3.8397,-0.5954,0,0,0
0.2751,0.1702,0.9949,1.9084,-2.3206,0.1221,0,0,0
0.2734,0.1853,1.0032,2.1221,-0.7176,0.1145,0,0,0
0.2881,0.189,1.0288,1.7557,2.8321,0.0382,0,0,0
0.291,0.2173,1.033,-0.1603,8.3969,0.4733,0,0,0
0.2771,0.22,1.0222,-2.7023,12.9924,-0.7786,0,0,0
0.2607,0.207,1.0078,-4.1985,14.9618,-2.0916,0,0,0
0.2551,0.1978,0.9993,-3.0229,15.7939,-3.9084,0,0,0
0.2832,0.1794,1.0181,0.1527,18.9008,-7.1679,0,0,0
0.2744,0.1899,1.0308,4.0229,23.6718,-8.9542,0,0,0
0.2778,0.2104,1.0439,5.3969,28.7939,-10.771,0,0,0
0.2744,0.2292,1.0308,4.4275,35.0229,-13.2901,0,0,0
0.2642,0.2249,1.0337,1.6641,40.3817,-15.1756,0,0,0
0.2424,0.2109,1.0232,-0.4962,44.1756,-15.1756,0,0,0
0.2385,0.1851,1.0176,-1.2977,47.6641,-14.1985,0,0,0
0.2197,0.2036,1.021,-1.542,50.5725,-14.5649,0,0,0
0.2178,0.2029,1.0125,-2.8092,52.6565,-16.8321,0,0,0
0.1467,0.2292,0.9792,-8.9542,55.3282,-16.5725,0,0,0
0.1777,0.2153,0.9854,-12.374,49.7023,-15.916,0,0,0
0.1443,0.1721,0.9744,-10.7328,43.6947,-15.374,0,0,0
0.1389,0.1306,0.9492,-5.9084,36.8473,-11.1985,0,0,0
0.1687,0.1211,0.9978,-1.2901,33.916,-6.0534,0,0,0
0.1589,0.1672,1.0071,0.2824,36.2519,-1.7557,0,0,0
0.1201,0.1941,0.988,-0.1221,36.7863,-0.5191,0,0,0
0.134,0.2131,0.9858,-1.9084,32.1603,0.0076,0,0,0
0.0652,0.1907,0.9634,-2.0229,29.0229,-1.2595,0,0,0
0.0964,0.1892,0.9763,-1.4885,24.2137,-1.5191,0,0,0
0.0872,0.1907,0.9719,1.3435,20.3664,-1.8702,0,0,0
0.1067,0.2046,0.9846,2.7939,18.1679,-2.4656,0,0,0
0.1047,0.2012,0.9937,2.2061,17.8321,-2.4504,0,0,0
0.0989,0.2029,0.9858,1.2901,16.2824,-1.9237,0,0,0
0.0918,0.2014,0.9768,-0.6947,14.9008,-0.8397,0,0,0
0.0635,0.1921,0.9631,-2.3817,11.5115,-0.2519,0,0,0
0.0642,0.1921,0.9673,-2.9313,6.8702,1.1908,0,0,0
0.0703,0.1826,0.9709,-2.7481,3.0687,2.5267,0,0,0
0.0781,0.1814,0.9834,-1.5573,-0.4962,3.4198,0,0,0
0.0818,0.1819,0.9858,-0.7634,-2.5802,4.4427,0,0,0
0.0942,0.199,1.0,-1.5878,-2.9008,6.3664,0,0,0
0.0889,0.2148,1.0137,-4.3206,-2.5344,7.2443,0,0,0
0.0935,0.229,1.0176,-8.7023,-0.8168,7.626,0,0,0
0.104,0.2095,1.0305,-12.1832,1.6947,7.2214,0,0,0
0.0994,0.2002,1.0283,-14.1221,3.9389,7.5954,0,0,0
0.1055,0.1965,1.0349,-16.7252,6.3359,10.0611,0,0,0
0.3621,0.2693,1.1155,-20.2672,13.4962,10.542,0,0,0
0.0183,0.1438,1.022,-20.4962,10.9084,14.5115,0,0,0
0.0881,0.1553,1.011,-19.9924,9.2672,16.9084,0,0,0
0.1165,0.134,1.0486,-19.6489,10.3893,19.8855,0,0,0
0.1123,0.137,1.0339,-16.5267,11.0534,22.2137,0,0,0
0.1382,0.1411,1.0471,-16.2137,13.916,23.4962,0,0,0
0.0806,0.1611,1.0291,-17.6794,14.7252,23.7252,0,0,0
0.0935,0.1782,1.0076,-20.9084,13.0153,22.6031,0,0,0
0.0532,0.1392,1.0037,-23.229,10.916,24.0153,0,0,0
0.0605,0.1675,1.0132,-26.2824,9.0153,24.8779,0,0,0
0.0818,0.1292,1.0305,-27.9924,8.687,24.1832,0,0,0
0.0725,0.106,1.0234,-24.313,10.0458,23.8931,0,0,0
0.0789,0.0979,1.02,-17.4809,12.1298,22.5649,0,0,0
0.0488,0.1257,1.0012,-12.1756,11.2061,22.0,0,0,0
0.0496,0.1438,0.9817,-11.0763,6.8092,22.3435,0,0,0
0.0552,0.1523,1.0303,-14.5191,5.5267,24.6718,0,0,0
0.0715,0.1204,1.0107,-16.2137,4.4275,22.855,0,0,0
0.0779,0.1399,1.0203,-15.5496,5.8244,20.4046,0,0,0
0.0696,0.1472,1.009,-13.2061,8.0,15.626,0,0,0
0.0632,0.1465,1.0095,-12.5954,8.3282,13.0916,0,0,0
0.0544,0.1416,1.0056,-10.4809,8.2137,11.8931,0,0,0
0.053,0.1484,0.9988,-8.3053,6.9618,10.7863,0,0,0
0.0437,0.1396,0.9878,-5.1679,5.0611,8.8321,0,0,0
0.0476,0.137,0.9871,-2.5496,2.5649,6.7786,0,0,0
0.054,0.1284,0.9895,-0.9389,1.4427,4.6412,0,0,0
0.0544,0.1311,1.0042,0.1985,0.6107,4.2214,0,0,0
0.061,0.1416,1.0103,-0.8244,-0.2443,5.1756,0,0,0
0.0674,0.1147,1.0034,0.3817,-1.1908,5.3511,0,0,0
0.0698,0.1155,1.0237,0.9084,-0.8015,4.8015,0,0,0
0.083,0.1235,1.0159,1.4198,-0.0534,4.8397,0,0,0
0.0813,0.1245,1.0178,2.0305,1.4351,4.9008,0,0,0
0.0759,0.1304,1.019,2.4504,1.7252,3.8015,0,0,0
0.0645,0.1514,1.012,1.9542,1.4885,2.9237,0,0,0
0.0571,0.1455,1.0115,1.7252,0.2137,2.0229,0,0,0
0.0618,0.1296,1.0059,2.5191,-1.313,1.3206,0,0,0
0.0725,0.1335,1.0005,3.5954,-2.4427,1.1908,0,0,0
0.0737,0.1335,0.9946,3.9313,-3.0763,0.7023,0,0,0
0.0684,0.1345,0.991,3.3588,-4.7405,0.7481,0,0,0
0.0676,0.1531,0.9907,0.8397,-6.0458,0.2977,0,0,0
0.0618,0.1506,0.9929,-1.9695,-8.1145,-0.0153,0,1,0
0.061,0.1208,0.9846,-1.9847,-10.7328,0.1756,0,1,0
0.0691,0.1189,0.9883,-0.4122,-12.1679,1.7176,0,1,0
0.071,0.1357,0.9912,0.4122,-13.6336,1.7099,0,1,0
0.0659,0.1318,0.9971,0.6031,-15.687,0.8473,0,1,0
0.0698,0.1047,0.9919,2.7099,-17.4885,0.9695,0,1,0
0.0774,0.1196,1.0093,3.9695,-18.6641,1.5267,0,1,0
0.0884,0.1348,1.0103,4.6718,-18.6412,1.855,0,1,0
0.0181,0.1187,0.9912,3.5496,-19.0534,2.7634,0,1,0
0.0627,0.1501,0.9597,3.3053,-26.6565,4.8702,0,1,0
0.0522,0.1406,0.9883,2.8321,-26.1832,2.4122,0,1,0
0.1165,0.1592,1.0002,2.5573,-28.0687,1.9008,0,1,0
0.1479,0.1375,1.033,1.1985,-28.3435,1.8092,0,1,0
0.1204,0.1152,1.0317,0.7557,-26.0229,2.2748,0,1,0
0.1458,0.1326,1.04,0.458,-22.5725,2.7099,0,1,0
0.1143,0.1179,1.0305,0.4122,-19.8397,3.3206,0,1,0
0.1506,0.1326,1.053,0.7939,-16.3588,2.7405,0,1,0
0.1416,0.1414,1.0461,0.4351,-13.1145,2.2977,0,1,0
0.1379,0.1443,1.0437,0.145,-10.7557,1.4198,0,1,0
0.1482,0.1494,1.0464,-0.4504,-7.8702,0.6718,0,1,0
0.1411,0.137,1.0327,-0.5038,-5.0382,-0.687,0,1,0
0.1333,0.1404,1.0176,-1.5267,-4.5344,-0.0763,0,1,0
0.1035,0.1304,1.0054,-2.8702,-5.229,0.8855,0,1,0
0.1479,0.1216,1.033,-3.7786,-4.7328,1.7252,0,1,0
0.1326,0.1292,1.0315,-2.0,-2.7939,1.4351,0,1,0
0.1418,0.1323,1.0334,-1.7099,0.0992,1.4275,0,1,0
0.1404,0.144,1.0325,-1.8702,1.687,0.855,0,1,0
0.1262,0.135,1.02,-0.6718,2.9695,-0.2977,0,1,0
0.1211,0.1431,1.0271,-1.3359,3.4427,-0.7863,0,1,0
0.1265,0.1453,1.0315,-2.4351,3.3588,-1.0382,0,1,0
0.1292,0.1282,1.0317,-0.0916,0.9466,-0.9542,0,1,0
0.1184,0.1521,1.0159,-2.4427,2.0611,-0.0916,0,1,0
0.1233,0.1399,1.0283,-2.9695,1.5649,-0.5191,0,1,0
0.1262,0.1357,1.0388,-2.7634,1.9618,-1.0992,0,1,0
0.1306,0.1433,1.0295,-2.9466,3.2595,-1.2748,0,1,0
0.123,0.1428,1.0232,-3.5878,3.4504,-1.9695,0,1,0
0.1252,0.1465,1.0288,-5.3511,2.7863,-2.145,0,1,0
0.1284,0.1384,1.0232,-6.7557,2.4198,-1.2748,0,1,0
0.1257,0.1287,1.0193,-8.542,1.6641,-1.6107,0,1,0
0.1265,0.1155,1.0232,-8.7634,1.9542,-0.5649,0,1,0
0.1299,0.1179,1.0281,-8.4198,2.9237,-0.3588,0,1,0
0.1216,0.1086,1.0237,-6.8321,2.9466,-0.0382,0,1,0
0.1216,0.1123,1.0029,-5.4809,2.4809,0.4427,0,1,0
0.1152,0.1199,1.0103,-5.1298,1.1298,1.0305,0,1,0
0.1204,0.125,1.0098,-4.8626,0.3664,1.0687,0,1,0
0.127,0.1296,1.0127,-5.5878,0.2214,0.1374,0,1,0
0.1226,0.1218,1.0159,-4.9542,0.7023,-0.3282,0,1,0
0.1301,0.0933,1.0146,-3.0534,1.1145,0.0,0,1,0
0.1191,0.1062,1.0178,-0.6794,1.1374,1.1527,0,1,0
0.1221,0.1316,0.9988,-0.6336,0.4198,1.084,0,1,0
0.1121,0.1248,1.001,-1.7328,-1.0153,1.8702,0,1,0
0.1179,0.1326,1.0059,-3.2901,-1.8626,2.3282,0,1,0
0.1228,0.1299,0.999,-4.1908,-2.2595,1.8092,0,1,0
0.126,0.1128,1.0093,-3.9847,-2.1603,1.4809,0,1,0
0.1311,0.1118,1.0178,-3.0763,-1.2519,1.5802,0,1,0
0.1284,0.1128,1.0168,-2.4046,-0.1069,2.5649,0,1,0
0.124,0.1106,1.0142,-2.2824,-0.145,2.5115,0,1,0
0.1272,0.1111,1.0059,-2.2137,-0.3969,2.7176,0,1,0
0.1309,0.0989,1.0161,-2.6641,-0.1985,3.542,0,1,0
0.1296,0.1011,1.0164,-3.2214,-0.2214,4.4962,0,1,0
0.1287,0.1011,1.0188,-4.4198,0.1374,6.5573,0,1,0
0.1309,0.094,1.0137,-5.9542,0.5344,7.8855,0,1,0
0.1287,0.0977,1.0266,-6.8092,1.1145,8.8015,0,1,0
0.136,0.0925,1.0354,-7.9924,2.9924,9.542,0,1,0
0.1157,0.0984,1.0352,-8.1298,3.8702,10.2672,0,1,0
0.1121,0.1038,1.0281,-9.0763,3.6718,10.8931,0,0,0
0.1057,0.1094,1.0173,-8.8397,2.5954,11.0992,0,0,0
0.1458,0.124,1.0146,-8.4656,0.6794,10.7939,0,0,0
0.0964,0.106,0.9985,-9.3359,-0.7405,10.4122,0,0,0
0.1174,0.1064,1.0132,-9.0611,-0.9695,10.8473,0,0,0
0.116,0.1008,1.0259,-8.9618,-0.2443,10.6183,0,0,0
0.1125,0.1125,1.02,-10.1908,-0.0458,11.9924,0,0,0
0.1084,0.1228,1.0183,-11.6565,0.1374,11.4885,0,0,0
0.1255,0.1238,1.0193,-12.9618,0.3435,10.2443,0,0,0
0.1182,0.1147,1.0146,-13.1985,1.4046,7.7634,0,0,0
0.1165,0.1052,1.0054,-11.8168,1.458,6.6107,0,0,0
0.1162,0.072,1.0156,-7.5115,1.2595,5.687,0,0,0
0.1121,0.0894,1.012,-3.229,0.4122,5.916,0,0,0
0.1152,0.0984,1.01,-0.7405,-0.1985,6.0916,0,0,0
0.1182,0.1082,1.0188,-0.0992,0.2519,5.2519,0,0,0
0.1235,0.1238,1.0261,-0.6947,1.2901,3.9466,0,0,0
0.1311,0.1194,1.022,-3.1908,2.0916,3.0153,0,0,0
0.1235,0.115,1.0173,-4.1679,3.0153,2.8015,0,0,0
0.1223,0.0977,1.0225,-3.771,3.9542,2.374,0,0,0
0.1323,0.0994,1.0342,-1.3206,5.3435,1.4427,0,0,0
0.1287,0.1108,1.0298,-0.1527,6.7405,0.458,0,0,0
0.1157,0.1074,1.0281,0.1298,6.8092,-0.7328,0,0,0
0.1138,0.1082,1.0198,0.8626,6.8779,-0.8168,0,0,0
0.1167,0.0974,1.0132,0.9389,6.0763,-0.7099,0,0,0
0.1155,0.1091,0.9805,-0.1756,3.8397,0.771,0,0,0
0.1514,0.0503,1.1006,8.2137,2.4198,-1.0076,0,1,0
0.1333,0.1409,1.0198,3.8015,4.5267,-0.374,0,1,0
0.1165,0.0947,1.0068,3.7328,4.0687,-0.5115,0,1,0
0.1167,0.0879,1.0159,4.7863,3.3664,-0.2137,0,1,0
0.1184,0.1116,1.0115,3.7557,2.4046,0.0992,0,1,0
0.1191,0.1235,1.011,2.1069,1.2137,0.5649,0,1,0
0.1189,0.1394,1.02,0.0916,0.458,0.8626,0,1,0
0.1213,0.127,1.0271,-2.313,1.0992,-0.0992,0,1,0
0.116,0.1233,1.0244,-5.0992,0.5649,-0.5267,0,1,0
0.1035,0.1143,1.0112,-6.0,-0.8321,-0.313,0,1,0
0.1013,0.1191,1.0105,-7.5344,-2.2977,0.2901,0,1,0
0.1072,0.0964,1.0146,-8.0458,-3.313,0.1298,0,1,0
0.1082,0.1116,1.0061,-8.4275,-4.3359,0.0305,0,1,0
0.1138,0.1035,1.0154,-9.6031,-4.1603,-0.3359,0,1,0
0.1218,0.0913,1.0161,-7.0305,-2.3435,-1.5573,0,1,0
0.115,0.113,1.0278,-7.0763,-2.9084,-1.916,0,1,0
0.1116,0.0891,1.0027,-5.7405,-3.2595,-1.4504,0,1,0
0.1069,0.1101,1.0132,-7.4885,-3.8779,-0.8855,0,1,0
0.1108,0.094,1.0068,-8.0916,-4.0305,-1.3282,0,1,0
0.116,0.0806,1.0186,-6.6641,-3.855,-1.1298,0,1,0
0.1113,0.0779,1.0132,-3.9618,-3.0687,-1.8779,0,1,0
0.1096,0.0796,1.0144,-1.2672,-2.8244,-1.5267,0,1,0
0.1101,0.0896,1.0076,0.4198,-2.6718,-2.2672,0,1,0
0.1101,0.0986,1.009,0.3664,-3.1527,-2.5649,0,1,0
0.1067,0.1023,0.9951,-0.1374,-4.1832,-2.4885,0,1,0
0.1118,0.1018,1.002,-0.8015,-5.1908,-2.6565,0,1,0
0.1104,0.092,0.9978,-1.0992,-5.7939,-3.5344,0,1,0
0.1213,0.0972,1.0249,-0.9542,-5.3206,-3.9924,0,1,0
0.1248,0.1011,1.02,0.5802,-3.5573,-3.9542,0,1,0
0.1204,0.1118,1.0239,0.7481,-3.0611,-4.0916,0,1,0
0.1116,0.1008,1.0088,0.5496,-3.7023,-5.0382,0,1,0
0.1182,0.1028,1.0168,0.7252,-4.4122,-4.855,0,1,0
0.1226,0.1038,1.0168,1.1527,-4.5649,-4.9924,0,1,0
0.1228,0.0923,1.0115,2.0992,-4.9618,-5.2901,0,1,0
0.1213,0.1011,1.0105,2.3282,-5.1832,-5.0305,0,1,0
0.1006,0.0974,1.0081,1.7634,-5.8473,-4.9466,0,0,0
0.1404,0.1057,1.0283,1.1603,-6.7786,-4.5267,0,0,0
0.144,0.0979,1.0322,1.5725,-4.7557,-5.374,0,0,0
0.1333,0.1008,1.0303,3.4427,-3.0611,-5.458,0,0,0
0.1343,0.1096,1.022,5.145,-1.5191,-6.4962,0,0,0
0.1411,0.1128,1.0369,6.8168,0.4656,-8.9771,0,0,0
0.1367,0.0984,1.05,10.8244,2.6183,-10.6489,0,0,0
0.1323,0.0935,1.04,14.0534,4.9084,-12.3511,0,0,0
0.1326,0.1077,1.0266,15.2519,5.5725,-12.6183,0,0,0
0.1213,0.1201,1.0281,15.4427,5.1145,-11.8397,0,0,0
0.1089,0.1345,1.0183,13.1527,4.0229,-11.2901,0,0,0
0.115,0.1313,1.0325,12.2061,3.4198,-13.084,0,0,0
0.1252,0.1287,1.0288,13.6641,4.2366,-16.0382,0,0,0
0.1262,0.1091,1.0342,18.4046,6.4733,-19.2977,0,0,0
0.1299,0.094,1.0186,23.9771,9.0229,-22.2137,0,0,0
0.1169,0.1135,1.0015,27.3664,9.4122,-22.0153,0,0,0
0.1035,0.1382,0.97,26.145,6.5038,-17.3359,0,0,0
0.0818,0.1682,0.9646,20.7481,1.3969,-12.0763,0,0,0
0.0869,0.1606,0.9814,12.8244,-3.4504,-8.5725,0,0,0
0.0991,0.1907,0.9834,3.8015,-6.3053,-5.1527,0,0,0
0.1123,0.1628,1.0044,-3.8702,-6.2977,-4.2977,0,0,0
0.1223,0.1355,1.0076,-7.1221,-4.9618,-3.0382,0,0,0
0.1301,0.1172,1.0269,-6.2977,-2.3969,-3.1832,0,0,0
0.1306,0.1135,1.0364,-3.229,-0.1221,-2.9542,0,0,0
0.1304,0.1357,1.0439,-0.2901,3.2901,-3.0382,0,0,0
0.1194,0.1394,1.0503,2.6183,5.8626,-5.4427,0,0,0
0.1226,0.1255,1.0483,6.0534,9.5496,-7.6565,0,0,0
0.1238,0.1372,1.0479,9.5725,13.2519,-9.6412,0,0,0
0.1257,0.1609,1.0525,9.7176,18.4198,-10.7786,0,0,0
0.1096,0.1838,1.0483,7.8015,22.2672,-11.5496,0,0,0
0.1482,0.1997,1.0576,3.8779,25.6336,-12.6107,0,0,0
0.0127,0.1445,0.9888,-0.3664,26.0687,-12.5115,0,0,0
0.0688,0.1462,1.0354,-3.1069,26.4275,-11.0229,0,0,0
0.0615,0.1431,1.0195,-4.542,26.2061,-8.8397,0,0,0
0.064,0.1418,1.0195,-4.5878,24.3359,-7.7634,0,0,0
0.0603,0.1409,1.0049,-3.3893,20.8397,-6.3817,0,0,0
0.0393,0.1294,0.9866,-1.145,16.1603,-4.5115,0,0,0
0.0293,0.1428,0.9707,1.3359,10.1145,-3.3969,0,0,0
0.0439,0.1584,0.9822,0.9924,6.229,-2.458,0,0,0
0.0027,0.1526,0.9189,-0.4809,-0.7557,0.5191,0,0,0
0.0684,0.1335,1.0388,0.8321,1.9695,-0.916,0,1,0
0.0527,0.187,1.0085,-0.5878,1.6947,-2.0458,0,1,0
0.0557,0.1553,1.0061,0.7405,0.4427,-2.9008,0,1,0
0.0559,0.1384,0.998,3.9313,-0.7939,-1.8015,0,1,0
0.0625,0.1511,1.0005,5.4275,-1.1145,-0.5878,0,1,0
0.0593,0.1821,1.0095,5.916,-1.5038,0.1527,0,1,0
0.0576,0.1953,1.0032,3.6489,-1.771,0.0458,0,1,0
0.0618,0.2029,1.0005,0.7863,-2.5802,-0.4885,0,1,0
0.0591,0.2078,0.9929,-3.7634,-3.3053,-1.7634,0,1,0
0.0642,0.187,0.9973,-7.4122,-4.1603,-1.229,0,1,0
0.0593,0.1807,0.9963,-9.5573,-5.9924,0.5725,0,1,0
0.053,0.1775,0.9993,-11.0229,-8.4504,1.6489,0,1,0
0.0627,0.1633,0.9963,-12.1374,-11.1985,2.5344,0,1,0
0.0811,0.1589,1.0256,-12.5954,-10.9084,2.6412,0,1,0
0.0881,0.1636,1.0122,-12.1679,-9.3664,0.9389,0,1,0
0.072,0.158,1.0127,-12.8855,-9.0305,0.9771,0,1,0
0.0681,0.1597,1.0146,-12.8855,-9.7786,0.8015,0,1,0
0.0735,0.1482,1.0212,-12.3435,-9.855,0.0458,0,1,0
0.0837,0.1287,1.0254,-10.2824,-9.5267,1.0153,0,1,0
0.0825,0.1306,1.0366,-7.7557,-7.1298,0.8473,0,1,0
0.0867,0.1377,1.0396,-3.6031,-5.0534,1.1908,0,1,0
0.0911,0.1536,1.021,-2.3969,-4.3053,1.5878,0,1,0
0.0801,0.1562,1.0044,-2.3664,-4.8244,1.5725,0,1,0
0.0742,0.1611,0.9988,-3.3893,-6.1145,1.5344,0,1,0
0.0813,0.1558,1.0085,-4.626,-6.5802,1.3282,0,1,0
0.0862,0.1599,1.0186,-6.3053,-6.3435,1.7939,0,1,0
0.0867,0.1604,1.0203,-8.3435,-5.3511,0.7863,0,1,0
0.0933,0.1423,1.0222,-8.3588,-5.2519,0.7023,0,1,0
0.085,0.1355,1.0144,-6.6794,-4.5878,1.4733,0,1,0
0.0901,0.5957,0.8276,-8.3588,-5.771,0.9924,0,0,0
0.0925,0.605,0.8198,-10.5496,-7.3817,-2.4198,0,0,0
0.2822,0.5181,0.8262,37.2366,14.8397,3.8779,1,0,0
0.3064,0.5161,0.8481,35.2214,11.4046,3.3359,1,0,0
0.2979,0.5024,0.8533,33.4427,11.0611,0.6107,1,0,0
0.3076,0.5146,0.874,31.9618,11.5115,0.626,1,0,0
0.3191,0.4448,0.8816,34.3817,14.0687,1.687,1,0,0
0.3411,0.4866,0.8972,37.6794,18.3282,1.8855,1,0,0
0.3079,0.4626,0.8933,40.2748,20.8855,2.0,1,0,0
0.2998,0.519,0.8799,40.4427,22.6336,1.9008,1,0,0
0.2917,0.5688,0.8689,37.4885,23.5878,2.3664,1,0,0
0.2861,0.5959,0.8564,30.0076,23.6183,2.3053,1,0,0
0.2788,0.6113,0.8225,21.6183,24.9313,0.0,1,0,0
0.2556,0.6326,0.7925,13.458,25.145,-2.9237,1,0,0
0.2466,0.6401,0.7734,4.7786,25.5344,-6.1985,1,0,0
0.2698,0.6035,0.7773,2.2977,23.4962,-7.084,1,0,0
0.2434,0.5942,0.7646,1.7023,20.916,-6.9313,1,0,0
0.2444,0.553,0.7817,4.626,17.6718,-7.6489,1,0,0
0.239,0.5369,0.7837,9.5038,14.8626,-7.0229,1,0,0
0.252,0.5215,0.7891,14.2214,12.1679,-6.1298,1,0,0
0.2446,0.5483,0.7883,17.1374,10.4122,-4.5725,1,0,0
0.2302,0.5493,0.7866,17.0916,8.8168,-2.0153,1,0,0
0.218,0.6179,0.7822,12.3817,7.2977,0.9389,1,0,0
0.1995,0.6777,0.7476,3.4962,5.0382,0.9466,1,0,0
0.1982,0.6685,0.7502,-7.3588,0.2901,-2.1985,1,0,0
0.248,0.5762,0.8027,-9.2366,-2.7786,-5.4351,1,0,0
0.248,0.5605,0.812,-6.6718,-2.4962,-5.084,1,0,0
0.2397,0.5759,0.7976,-4.2443,-2.626,-3.0611,1,0,0
0.2275,0.5923,0.7832,-4.9618,-4.2748,-1.4275,1,0,0
0.2307,0.6238,0.7661,-9.8473,-5.9008,-0.5267,1,0,0
0.2368,0.6353,0.7798,-15.4046,-8.1603,-0.6794,1,0,0
0.269,0.571,0.8088,-14.2519,-8.5802,-1.6489,1,0,0
0.2791,0.55,0.8208,-9.1145,-7.1908,-2.1374,1,0,0
0.2808,0.5332,0.8289,-1.9695,-4.2366,-3.0992,1,0,0
0.2458,0.5535,0.7976,1.2672,-3.0611,-2.4046,1,0,0
0.2261,0.6072,0.77,-1.9771,-3.9084,-0.771,1,0,0
0.1992,0.6423,0.7485,-11.4733,-9.3435,-0.5267,1,0,0
0.2241,0.6418,0.769,-20.5114,-14.8779,-2.9008,1,0,0
0.2637,0.5676,0.8074,-22.7939,-17.4885,-6.0611,1,0,0
0.2949,0.5098,0.8545,-17.2519,-16.0992,-7.5191,1,0,0
0.3198,0.4587,0.8757,-7.0534,-11.4809,-6.6641,1,0,0
0.3022,0.5005,0.8613,-1.229,-7.1527,-3.3206,1,0,0
0.2825,0.5559,0.8362,-1.7023,-4.8092,-0.5725,1,0,0
0.2527,0.6296,0.7952,-10.2137,-6.1908,-0.3511,1,0,0
0.2498,0.6394,0.7856,-23.458,-10.4198,-2.2672,1,0,0
0.2524,0.5989,0.7935,-33.7557,-14.4427,-5.1145,1,0,0
0.2754,0.5359,0.811,-38.0916,-16.0687,-6.0,1,0,0
0.2947,0.4521,0.8398,-31.2977,-14.542,-5.626,1,0,0
0.2971,0.4321,0.8455,-18.9771,-11.0382,-2.9313,1,0,0
0.2795,0.468,0.8164,-9.2672,-7.7939,0.7557,1,0,0
0.2742,0.4729,0.8081,-4.2901,-7.9542,2.7328,1,0,0
0.2739,0.5215,0.7986,-4.626,-6.8779,1.626,1,0,0
0.2695,0.4902,0.8142,-6.9771,-11.2748,5.2519,1,0,0
0.2854,0.5083,0.8069,-8.0992,-11.9771,7.5802,1,0,0
0.2776,0.5054,0.8088,-11.3817,-14.145,12.687,1,0,0
0.2737,0.5564,0.7988,-15.6107,-17.3664,16.4046,1,0,0
0.2537,0.5396,0.8059,-24.3588,-19.2443,18.1298,1,0,0
0.3076,0.5251,0.8511,-29.8244,-23.8397,21.2443,1,0,0
0.334,0.5068,0.8884,-28.8397,-21.0076,24.1221,1,0,0
0.3352,0.5068,0.8953,-28.0534,-15.5954,25.9389,1,0,0
0.3328,0.5579,0.8767,-27.9389,-11.458,23.7481,1,0,0
0.3291,0.5737,0.8779,-31.9847,-8.0611,20.3511,1,0,0
0.3203,0.5461,0.877,-34.9695,-5.084,17.145,1,0,0
0.3154,0.5088,0.8748,-34.1069,-1.3893,16.0,1,0,0
0.3208,0.469,0.8738,-30.4427,0.8626,16.4351,1,0,0
0.3215,0.467,0.8684,-25.2595,2.4427,16.626,1,0,0
0.3188,0.4795,0.8528,-22.7481,3.6489,16.7328,1,0,0
0.281,0.4941,0.8362,-29.1298,3.2443,18.2595,1,0,0
0.3533,0.4026,0.8796,-21.3206,1.2672,19.1145,1,0,0
0.3655,0.3716,0.8967,-15.1832,7.5573,23.2443,1,0,0
0.3472,0.3875,0.8789,-8.5573,12.7328,27.7863,1,0,0
0.3257,0.4463,0.8623,-7.2595,14.1069,28.2977,1,0,0
0.3093,0.4778,0.8403,-11.1908,13.1145,25.0,1,0,0
0.2888,0.5037,0.8286,-17.6565,9.6489,20.6641,1,0,0
0.2927,0.4749,0.8362,-22.3511,4.6718,18.1527,1,0,0
0.2993,0.4185,0.8416,-21.3435,1.2137,17.4656,1,0,0
0.3049,0.3979,0.8538,-14.6565,-0.6031,18.0153,1,0,0
0.3052,0.4299,0.8442,-13.1603,-1.2061,18.3053,1,0,0
0.314,0.4102,0.8623,-8.4427,-8.4122,15.1603,1,0,0
0.3079,0.4287,0.8616,-3.626,-11.0,11.1145,1,0,0
0.3171,0.4126,0.877,-1.7252,-13.9695,9.8702,1,0,0
0.325,0.3921,0.8823,1.4046,-17.5038,9.1908,1,0,0
0.3372,0.3733,0.8962,5.4504,-18.6336,10.0916,1,0,0
0.3523,0.3936,0.907,6.4046,-19.084,11.7328,1,0,0
0.3513,0.4036,0.8992,4.4962,-18.8092,14.0305,1,0,0
0.3442,0.4072,0.8896,1.229,-19.2595,16.4046,1,0,0
0.344,0.3997,0.8806,-2.4275,-20.1069,18.5191,1,0,0
0.3435,0.4053,0.8701,-6.0458,-22.8931,20.2061,1,0,0
0.3538,0.3977,0.8757,-7.5191,-25.1527,21.0,1,0,0
0.3772,0.4438,0.8586,-11.2595,-25.6031,21.0382,1,0,0
0.3809,0.3962,0.8645,-11.6107,-30.9542,20.8244,1,0,0
0.3862,0.3811,0.8584,-9.6183,-33.7786,20.7481,1,0,0
0.3823,0.3604,0.8396,-6.4427,-35.4122,21.626,1,0,0
0.3933,0.3782,0.8254,-3.0534,-38.4656,21.2137,1,0,0
0.3914,0.4155,0.8196,-3.3969,-42.9389,18.7939,1,0,0
0.4128,0.406,0.8254,-4.1298,-44.2901,16.0,1,0,0
0.429,0.3958,0.832,-3.3893,-45.3206,13.5496,1,0,0
0.446,0.3987,0.8293,-3.2519,-45.374,12.0229,1,0,0
0.4597,0.4004,0.8437,-2.542,-43.0763,9.5267,1,0,0
0.4827,0.4138,0.8398,-1.8397,-40.6641,5.8931,1,0,0
0.4731,0.3965,0.843,-0.8397,-36.4656,2.8626,1,0,0
0.4856,0.3845,0.8518,1.5573,-32.5267,1.7863,1,0,0
0.4919,0.376,0.8425,5.5267,-28.1298,0.6412,1,0,0
0.5,0.3804,0.8372,10.374,-23.6107,-0.6336,1,0,0
0.4851,0.418,0.8298,12.2519,-21.1069,-2.7557,1,0,0
0.4888,0.4514,0.824,11.2519,-18.2901,-6.3206,1,0,0
0.4883,0.4526,0.8269,8.5496,-15.4885,-10.4046,1,0,0
0.4954,0.4697,0.8215,6.9389,-11.9618,-15.8473,1,0,0
0.4937,0.4341,0.8147,8.0763,-10.145,-22.2519,1,0,0
0.4941,0.4395,0.8145,11.6565,-7.1832,-28.4809,1,0,0
0.4802,0.4395,0.8052,15.2519,-5.4656,-34.0763,1,0,0
0.4609,0.449,0.7881,17.9618,-5.1221,-37.1221,1,0,0
0.4595,0.4707,0.8005,19.1527,-4.8626,-42.374,1,0,0
0.4587,0.4951,0.7908,17.4122,-5.3359,-49.6183,1,0,0
0.4644,0.4712,0.7961,16.626,-5.3206,-56.5954,1,0,0
0.4629,0.4316,0.8015,17.1527,-4.4275,-60.2137,1,0,0
0.4666,0.4214,0.8196,17.7939,-2.916,-58.5954,1,0,0
0.4656,0.4333,0.8284,17.2443,-0.4809,-53.5878,1,0,0
0.4702,0.4812,0.8352,14.2977,2.0076,-51.2443,1,0,0
0.4485,0.5098,0.8228,6.9542,2.6641,-50.542,1,0,0
0.4456,0.5132,0.8105,-1.2366,1.8473,-50.8779,1,0,0
0.4402,0.4377,0.812,-7.0,1.6565,-49.0305,1,0,0
0.4504,0.4087,0.8296,-6.9313,0.7863,-43.1069,1,0,0
0.4385,0.4028,0.8218,-1.9237,-0.8397,-37.626,1,0,0
0.4199,0.4421,0.8074,-0.1679,-3.6947,-31.5725,1,0,0
0.4136,0.4822,0.8057,-0.9313,-7.229,-28.7786,1,0,0
0.4172,0.4778,0.8062,-3.4275,-9.3664,-27.1908,1,0,0
0.4089,0.4717,0.8008,-5.9084,-10.7023,-25.1527,1,0,0
0.4136,0.4692,0.8064,-7.0992,-11.4504,-24.9695,1,0,0
0.4236,0.4504,0.8088,-7.0534,-11.0534,-24.4809,1,0,0
0.415,0.4614,0.8008,-4.9847,-10.374,-22.6183,1,0,0
0.4238,0.4731,0.7996,-2.9771,-9.4656,-21.0534,1,0,0
0.4253,0.4797,0.8066,-2.7252,-7.3359,-18.3969,1,0,0
0.4246,0.4873,0.8044,-3.0687,-4.8473,-16.0153,1,0,0
0.4341,0.4817,0.8145,-5.5878,-1.1832,-13.4198,1,0,0
0.4336,0.488,0.8132,-7.9618,2.5573,-11.2061,1,0,0
0.4297,0.4707,0.8184,-10.5191,5.7023,-8.9542,1,0,0
0.4456,0.4622,0.8235,-13.313,10.1679,-4.8931,1,0,0
0.4321,0.4949,0.8196,-16.5038,14.1756,-1.5038,1,0,0
0.4304,0.4995,0.8018,-21.4198,18.1298,0.5191,1,0,0
0.4189,0.488,0.7971,-25.1603,20.2214,1.5191,1,0,0
0.4167,0.4792,0.7922,-26.2519,21.5496,1.542,1,0,0
0.4124,0.458,0.7961,-26.7557,23.2595,2.7405,1,0,0
0.4133,0.4382,0.7998,-24.374,25.4122,4.5573,1,0,0
0.4014,0.4365,0.8015,-21.2824,27.3359,5.9237,1,0,0
0.3879,0.4639,0.8,-18.7863,28.6489,6.3053,1,0,0
0.3833,0.468,0.7908,-17.5267,28.6794,6.0305,1,0,0
0.3643,0.5037,0.7893,-17.0229,27.0916,4.5191,1,0,0
0.3701,0.501,0.7981,-17.9695,25.9924,2.1069,1,0,0
0.3879,0.4778,0.8369,-18.6107,27.7328,1.458,1,0,0
0.3701,0.4819,0.8313,-17.8321,30.2137,0.3588,1,0,0
0.3792,0.4675,0.8477,-16.8931,32.1985,-0.6947,1,0,0
0.3538,0.4751,0.8425,-14.5725,33.0229,-1.6183,1,0,0
0.3511,0.4832,0.8149,-12.8092,31.1374,-2.8321,1,0,0
0.3105,0.4761,0.7959,-12.6641,25.3511,-4.1756,1,0,0
0.3174,0.4731,0.7947,-12.7557,19.5344,-5.1069,1,0,0
0.3118,0.4573,0.7993,-12.084,13.7099,-4.7634,1,0,0
0.3181,0.4487,0.8108,-9.8931,8.3053,-4.1221,1,0,0
0.325,0.417,0.823,-6.8626,3.8702,-2.6031,1,0,0
0.3274,0.415,0.8276,-2.5496,0.7176,0.4733,1,0,0
0.324,0.4341,0.8208,0.9313,-3.5573,3.8855,1,0,0
0.3396,0.4482,0.833,0.6412,-5.9084,5.313,1,0,0
0.3289,0.4636,0.8384,-1.3893,-8.2366,5.6794,1,0,0
0.3408,0.4702,0.8496,-3.3282,-10.1527,4.6412,1,0,0
0.3481,0.4644,0.8599,-4.0611,-9.8702,3.7176,1,0,0
0.3508,0.4592,0.8604,-3.3511,-9.9237,2.7939,1,0,0
0.3542,0.46,0.8674,-2.0458,-9.4504,2.374,1,0,0
0.3477,0.4575,0.8635,-1.0076,-9.9618,2.4275,1,0,0
0.3521,0.4617,0.863,-0.5344,-10.0916,2.0305,1,0,0
0.3477,0.4673,0.8694,-0.9847,-10.229,2.084,1,0,0
0.3516,0.4753,0.8645,-1.6565,-9.9237,1.5267,1,0,0
0.3462,0.4683,0.8726,-2.8168,-9.5115,1.4122,1,0,0
0.3562,0.46,0.8616,-3.9389,-9.5573,3.1985,1,0,0
0.3459,0.4705,0.853,-5.229,-10.2824,5.1069,1,0,0
0.3552,0.4714,0.8433,-8.2595,-11.6565,6.5802,1,0,0
0.3606,0.4719,0.8555,-10.8244,-12.4504,6.5725,1,0,0
0.3701,0.4763,0.8762,-12.7557,-11.9542,5.9237,1,0,0
0.3826,0.4558,0.8853,-14.3053,-9.2366,4.8779,1,0,0
0.386,0.4426,0.9011,-13.8092,-5.1221,4.2519,1,0,0
0.3838,0.4473,0.8982,-13.2519,-1.8168,4.7176,1,0,0
0.3804,0.438,0.8945,-13.4198,0.5496,5.0611,1,0,0
0.3779,0.4336,0.8872,-14.1832,1.8244,6.2366,1,0,0
0.3811,0.4248,0.8936,-13.3664,4.145,5.2519,1,0,0
0.3921,0.4209,0.9038,-13.3282,7.4733,4.5344,1,0,0
0.3821,0.4321,0.8921,-13.2443,10.9466,2.4962,1,0,0
0.3733,0.4353,0.8838,-14.458,13.0,1.9466,1,0,0
0.3647,0.4395,0.8757,-15.8931,13.4733,2.1679,1,0,0
0.3523,0.4089,0.8669,-15.5496,13.4046,2.3435,1,0,0
0.3674,0.374,0.8909,-11.9542,14.5191,2.7863,1,0,0
0.3477,0.3696,0.884,-6.9847,15.542,5.0534,1,0,0
0.3582,0.4197,0.8787,-4.8015,15.8321,4.3511,1,0,0
0.3459,0.4187,0.855,-3.1832,14.5649,2.6489,1,0,0
0.3438,0.4097,0.8518,-1.8015,13.0458,0.8321,1,0,0
0.3406,0.405,0.8572,-1.1679,12.4198,0.6107,1,0,0
0.3381,0.417,0.8667,-2.2748,12.3282,0.3664,1,0,0
0.314,0.4463,0.8428,-4.8779,10.0153,-0.5725,1,0,0
0.3438,0.3735,0.8772,-2.2137,4.7328,-0.374,1,0,0
0.3281,0.4111,0.8298,-3.1985,2.3435,2.2748,1,0,0
0.3159,0.3848,0.8345,-0.7786,-0.7557,2.4504,1,0,0
0.3494,0.3667,0.8469,2.3053,-2.771,4.3664,1,0,0
0.3242,0.4048,0.8435,3.7252,-4.084,3.8473,1,0,0
0.3391,0.4104,0.8457,2.5649,-5.9618,3.5725,1,0,0
0.3379,0.4214,0.8523,1.1603,-6.4656,2.9695,1,0,0
0.3491,0.4167,0.8728,-0.3435,-6.6641,2.6641,1,0,0
0.3545,0.4175,0.8718,-1.687,-5.9771,1.9084,1,0,0
0.3628,0.4128,0.8796,-2.542,-4.7557,1.6183,1,0,0
0.364,0.4226,0.8882,-3.8626,-3.2519,1.3359,1,0,0
0.3596,0.4419,0.873,-8.2595,-2.5573,0.5573,1,0,0
0.355,0.4453,0.8689,-14.4122,-2.229,0.0458,1,0,0
0.3489,0.4167,0.8799,-19.0153,-2.7176,-0.6412,1,0,0
0.3494,0.3936,0.8828,-20.458,-2.8702,-0.542,1,0,0
0.3521,0.4016,0.8779,-18.3511,-2.5038,-0.855,1,0,0
0.3118,0.3738,0.8513,-11.2214,-3.5878,-3.0611,1,0,0
0.3315,0.3872,0.8469,-9.4122,-5.5115,-3.7176,1,0,0
0.3318,0.3918,0.8572,-9.2977,-9.5267,-0.4656,1,0,0
0.3369,0.4092,0.8748,-9.4046,-10.1908,-0.4504,1,0,0
0.3503,0.4006,0.8928,-6.7863,-9.7328,-2.9466,1,0,0
0.3657,0.3721,0.9031,-3.7939,-8.1527,-2.2061,1,0,0
0.3645,0.395,0.9092,-1.5878,-4.6489,-0.7939,1,0,0
0.3601,0.4167,0.9016,-1.6947,-1.4122,-1.5573,1,0,0
0.3606,0.4224,0.8967,-4.3435,0.9618,-2.0611,1,0,0
0.3572,0.4109,0.8975,-6.6565,1.916,-3.0382,1,0,0
0.3577,0.4004,0.8933,-6.3664,2.4885,-3.1756,1,0,0
0.3591,0.3967,0.8977,-5.5573,3.5038,-3.5115,1,0,0
0.3594,0.395,0.9055,-4.0305,4.8855,-3.2137,1,0,0
0.355,0.3884,0.8972,-2.6947,5.9389,-3.6183,1,0,0
0.363,0.3899,0.9009,-2.229,7.1527,-3.4427,1,0,0
0.3562,0.387,0.9055,-1.4351,8.3664,-2.9237,1,0,0
0.3447,0.3972,0.8931,-2.1145,7.7176,-2.8626,1,0,0
0.3528,0.4092,0.9045,-4.1756,8.5267,-2.5191,1,0,0
0.3423,0.4119,0.918,-7.2061,9.8321,-3.3053,1,0,0
0.3633,0.3772,0.9294,-8.1221,13.1985,-2.5573,1,0,0
0.3562,0.3833,0.926,-7.3893,16.8321,-2.9008,1,0,0
0.3396,0.3838,0.928,-7.6794,19.771,-2.5496,1,0,0
0.3433,0.3955,0.9197,-7.9466,21.4885,-1.9313,1,0,0
0.3408,0.4114,0.9272,-8.3435,23.0305,-2.374,1,0,0
0.3447,0.3975,0.926,-9.2824,26.0992,-3.7634,1,0,0
0.3381,0.3953,0.9246,-9.7252,29.542,-5.4809,1,0,0
0.3347,0.376,0.9333,-8.9695,31.9695,-6.2443,1,0,0
0.3142,0.3594,0.9094,-8.145,33.3282,-4.8092,1,0,0
0.2983,0.3572,0.9106,-7.2061,33.2137,-4.0382,1,0,0
0.291,0.3635,0.8843,-6.6031,31.7328,-4.2366,1,0,0
0.2764,0.3523,0.8865,-5.1527,29.145,-2.7786,1,0,0
0.2817,0.3823,0.8848,-3.7863,27.8855,-2.0992,1,0,0
0.2788,0.3743,0.8967,-3.5954,26.3511,-2.0992,1,0,0
0.2693,0.3699,0.8862,-4.084,24.7634,-2.5573,1,0,0
0.2717,0.3677,0.895,-4.916,23.9924,-2.8626,1,0,0
0.2754,0.3796,0.8989,-4.8626,23.1679,-2.4351,1,0,0
0.2654,0.3804,0.885,-6.1603,21.6183,-2.2595,1,0,0
0.2449,0.3503,0.8892,-5.9771,18.8397,-1.4046,1,0,0
0.2542,0.3535,0.8867,-3.9695,16.1756,0.6183,1,0,0
0.2473,0.3445,0.8889,-1.5038,13.7786,2.2214,1,0,0
0.2646,0.3552,0.906,0.916,12.3588,4.0382,1,0,0
0.2554,0.3687,0.8938,2.0305,11.6107,2.9695,1,0,0
0.2476,0.3557,0.8789,3.5344,9.2901,4.0687,1,0,0
0.2468,0.3623,0.8845,5.6565,7.084,5.1145,1,0,0
0.2417,0.3682,0.8586,6.2977,5.2061,6.7176,1,0,0
0.3081,0.322,0.9573,14.3511,0.3282,5.1985,1,0,0
0.2256,0.4407,0.8616,11.9389,1.8702,5.9084,1,0,0
0.2444,0.406,0.8784,8.5573,0.1985,4.5038,1,0,0
0.2534,0.416,0.8899,6.0534,-2.6489,3.4504,1,0,0
0.2524,0.397,0.8862,2.9008,-3.7252,2.3817,1,0,0
0.2578,0.3936,0.8948,2.0916,-4.6565,2.3206,1,0,0
0.2698,0.3977,0.8989,1.542,-4.7252,2.0305,1,0,0
0.2744,0.4011,0.9136,0.2595,-3.9542,1.6412,1,0,0
0.2727,0.4165,0.9214,-1.5038,-3.3893,1.2519,1,0,0
0.2678,0.4275,0.9163,-4.0076,-2.8855,0.6718,1,0,0
0.2671,0.4348,0.9109,-7.6107,-3.0916,-0.0153,1,0,0
0.2673,0.4204,0.9182,-10.8931,-2.8168,-1.5344,1,0,0
0.27,0.4099,0.9185,-13.0916,-2.3969,-2.4275,1,0,0
0.2642,0.3916,0.9202,-13.4809,-1.9237,-2.4656,1,0,0
0.2637,0.3848,0.9346,-11.6412,-1.5954,-3.7099,1,0,0
0.2512,0.3855,0.8992,-9.2672,-3.5954,-3.7023,1,0,0
0.2573,0.3633,0.8975,-8.2824,-7.0992,-0.5573,1,0,0
0.2627,0.3789,0.9133,-6.5725,-8.1985,0.5191,1,0,0
0.2671,0.3914,0.9246,-5.6031,-6.8702,-0.8244,1,0,0
0.2664,0.3796,0.9219,-4.6947,-5.9466,-1.9008,1,0,0
0.2695,0.3716,0.9282,-2.9618,-4.2824,-2.2519,1,0,0
0.2642,0.3813,0.9089,-1.7328,-3.4351,-2.1527,1,0,0
0.2539,0.3848,0.8972,-0.9847,-4.3664,-1.4809,1,0,0
0.2546,0.3821,0.8828,-0.5802,-6.9389,-1.458,1,0,0
0.252,0.3684,0.8828,-0.9542,-9.7176,-0.771,1,0,0
0.261,0.3689,0.8914,-0.6794,-11.8244,0.7328,1,0,0
0.2622,0.3601,0.8779,-0.229,-14.5496,2.1221,1,0,0
0.2524,0.3608,0.8716,0.7939,-18.5802,3.0687,1,0,0
0.252,0.3557,0.8669,2.1679,-22.6412,3.6336,1,0,0
0.2559,0.3774,0.8667,3.2748,-27.0763,2.4809,1,0,0
0.2771,0.3579,0.8816,4.8397,-29.5496,2.0916,1,0,0
0.2974,0.366,0.9014,6.7328,-29.7634,3.374,1,0,0
0.3276,0.3862,0.928,7.8015,-25.6947,3.8779,1,0,0
0.3247,0.4028,0.949,6.855,-19.6336,3.0305,1,0,0
0.3262,0.4229,0.9585,3.687,-12.9695,1.3588,1,0,0
0.3274,0.4058,0.9578,1.5878,-7.0,0.4885,1,0,0
0.3228,0.4014,0.9509,1.0382,-1.9084,1.0763,1,0,0
0.3049,0.4182,0.9309,0.7099,0.4504,0.2901,1,0,0
0.3064,0.4128,0.9216,-0.145,0.9313,-1.4733,1,0,0
0.2964,0.3962,0.9207,-1.0382,0.6031,-2.4504,1,0,0
0.3018,0.3733,0.9126,1.626,-0.3893,-1.2519,1,0,0
0.3167,0.3401,0.9275,3.5344,1.8855,1.6031,1,0,0
0.2744,0.3047,0.8035,12.0458,-7.626,3.2901,1,0,0
0.2693,0.3474,0.877,14.771,-4.1145,5.1298,1,0,0
0.3013,0.4321,0.8855,8.6031,-8.1221,4.5267,1,0,0
0.3096,0.386,0.8962,7.542,-8.5649,3.6565,1,0,0
0.3218,0.4048,0.917,5.1985,-7.2672,3.145,1,0,0
0.325,0.416,0.9187,3.6489,-3.7863,1.8397,1,0,0
0.3269,0.4192,0.917,1.1679,-0.6412,0.4962,1,0,0
0.324,0.429,0.9104,-2.084,1.1527,-0.1985,1,0,0
0.3145,0.4199,0.9045,-4.8626,2.1756,-1.5191,1,0,0
0.3118,0.4268,0.897,-7.8473,1.6794,-1.3588,1,0,0
0.3088,0.4216,0.8953,-11.8626,0.9618,-1.7557,1,0,0
0.3066,0.4058,0.9014,-15.5649,0.1756,-1.8397,1,0,0
0.3105,0.3896,0.8918,-16.8397,-0.5038,-1.3435,1,0,0
0.3079,0.3799,0.8879,-16.7023,-1.0458,-0.5802,1,0,0
0.3091,0.377,0.9133,-14.1069,-0.0534,-2.2366,1,0,0
0.2942,0.3635,0.8826,-11.3817,-1.374,-1.1145,1,0,0
0.2991,0.3723,0.8926,-9.2214,-2.5191,-0.7405,1,0,0
0.3047,0.3762,0.9026,-7.1145,-2.3588,-0.8092,1,0,0
0.301,0.3818,0.8979,-5.4962,-2.3511,-1.0534,1,0,0
0.2991,0.3835,0.9009,-4.6794,-2.229,-1.8397,1,0,0
0.3027,0.3857,0.9094,-4.5878,-3.313,-1.0763,1,0,0
0.2993,0.3835,0.9004,-4.1145,-3.9237,-0.6107,1,0,0
0.3071,0.3867,0.907,-4.6718,-4.1603,0.1374,1,0,0
0.3159,0.3975,0.9026,-5.542,-4.1221,-0.1756,1,0,0
0.3127,0.3962,0.9065,-6.7939,-4.8397,0.2748,1,0,0
0.3037,0.3945,0.8972,-8.6183,-5.1221,0.4656,1,0,0
0.3086,0.3918,0.9036,-10.2595,-5.8168,0.4122,1,0,0
0.3198,0.3782,0.9045,-11.3664,-5.8015,-0.1145,1,0,0
0.3154,0.3906,0.8967,-12.771,-5.2214,-0.626,1,0,0
0.3125,0.405,0.8989,-16.7405,-5.8779,-1.2748,1,0,0
0.321,0.3818,0.8955,-20.4885,-6.4427,-1.313,1,0,0
0.3311,0.354,0.9036,-21.3664,-6.0305,-1.4962,1,0,0
0.333,0.321,0.916,-16.9313,-5.8321,-0.4046,1,0,0
0.335,0.3286,0.9226,-12.0382,-4.7099,0.1527,1,0,0
0.3286,0.3469,0.9026,-8.8855,-4.4122,0.2214,1,0,0
0.3259,0.3447,0.915,-7.2824,-4.7557,0.3588,1,0,0
0.3342,0.3464,0.917,-5.8702,-4.2672,-0.0687,1,0,0
0.3293,0.3403,0.9143,-4.145,-3.5573,-0.3435,1,0,0
0.3372,0.3457,0.9175,-3.6947,-2.4733,0.1069,1,0,0
0.3276,0.3672,0.9131,-3.5267,-0.1603,-0.6412,1,0,0
0.3254,0.3689,0.9133,-4.229,0.8473,-1.3053,1,0,0
0.325,0.3564,0.9075,-4.5725,1.1069,-2.1908,1,0,0
0.3196,0.3555,0.9041,-4.2672,1.1603,-2.3969,1,0,0
0.3201,0.3582,0.9021,-4.4046,1.0,-2.4885,1,0,0
0.3228,0.3547,0.8994,-5.2672,0.1374,-1.9389,1,0,0
0.324,0.3516,0.8987,-5.8702,-0.4962,-1.4122,1,0,0
0.3281,0.3379,0.907,-5.7023,-1.0458,-1.1069,1,0,0
0.3291,0.3276,0.9121,-4.9771,-0.5573,-0.7023,1,0,0
0.3252,0.3394,0.9021,-3.6641,-0.9313,-0.3817,1,0,0
0.3252,0.3535,0.8979,-4.0305,-1.2824,-0.4733,1,0,0
0.321,0.3547,0.8933,-4.7023,-2.2137,-0.4198,1,0,0
0.325,0.3577,0.8889,-5.5802,-3.1756,-0.8855,1,0,0
0.3303,0.3447,0.9102,-5.542,-3.0305,-0.7634,1,0,0
0.3267,0.3403,0.8989,-5.3893,-2.7863,-0.4885,1,0,0
0.332,0.3503,0.8955,-5.4809,-3.5725,-0.3511,1,0,0
0.335,0.3613,0.8899,-8.1985,-3.2748,-0.1832,1,0,0
0.3403,0.3538,0.9009,-8.9084,-2.7557,-0.855,1,0,0
0.3389,0.3555,0.9106,-9.6794,-1.1756,-1.8092,1,0,0
0.3362,0.3472,0.9197,-9.1298,0.9389,-3.1908,1,0,0
0.3252,0.356,0.925,-9.1756,2.4351,-4.0763,1,0,0
0.3218,0.3452,0.9241,-8.4962,2.5954,-4.4198,1,0,0
0.3135,0.3359,0.9114,-7.0305,0.9237,-3.4885,1,0,0
0.3193,0.3179,0.9028,-3.8244,-2.1221,-1.9237,1,0,0
0.3188,0.3215,0.9004,-1.542,-3.9313,-0.916,1,0,0
0.3208,0.3293,0.897,0.0076,-5.4733,-0.1145,1,0,0
0.324,0.3455,0.9011,-0.4656,-6.313,-0.0153,1,0,0
0.3345,0.3428,0.9055,-2.2519,-6.6489,-0.3282,1,0,0
0.3367,0.3279,0.907,-2.0611,-6.771,-0.0076,1,0,0
0.3418,0.3289,0.9207,-1.7099,-5.916,0.3053,1,0,0
0.3357,0.3386,0.9216,-1.7328,-4.3359,0.7557,1,0,0
0.3396,0.3474,0.9241,-2.4733,-3.2977,0.3435,1,0,0
0.3408,0.3401,0.9285,-2.7328,-2.1756,0.313,1,0,0
0.3347,0.3369,0.9248,-2.2824,-1.2748,-0.313,1,0,0
0.334,0.3367,0.9099,-1.3053,-1.4198,0.4046,1,0,0
0.3352,0.3445,0.8918,-2.084,-1.458,1.4351,1,0,0
0.3311,0.3403,0.8901,-3.4351,-2.5038,2.0382,1,0,0
0.3369,0.3386,0.9087,-4.6641,-2.458,2.4351,1,0,0
0.3442,0.3223,0.9065,-4.3511,-2.3511,4.626,1,0,0
0.3362,0.3364,0.9094,-3.4733,-1.8473,5.4885,1,0,0
0.333,0.3445,0.9146,-3.8168,-1.3511,4.0611,1,0,0
0.3318,0.3557,0.9158,-5.2137,-1.2901,2.5802,1,0,0
0.3308,0.3481,0.8901,-7.2443,-2.458,3.3359,1,0,0
0.3381,0.3184,0.8953,-8.2214,-5.4275,5.626,1,0,0
0.3391,0.3203,0.8914,-7.7481,-6.0534,8.6031,1,0,0
0.342,0.29,0.9011,-5.3053,-7.1145,12.3206,1,0,0
0.3318,0.3359,0.8916,-4.8626,-7.9542,12.5344,1,0,0
0.3306,0.3586,0.8967,-7.6489,-9.2061,11.0,1,0,0
0.3328,0.3416,0.9009,-9.7939,-11.7481,10.2214,1,0,0
0.3311,0.3379,0.8843,-9.7786,-13.1908,10.4656,1,0,0
0.343,0.3022,0.8975,-9.5954,-16.5954,12.6183,1,0,0
0.3442,0.3245,0.884,-9.9618,-19.2824,12.2137,1,0,0
0.354,0.3218,0.8938,-11.2901,-21.5267,10.5649,1,0,0
0.3567,0.3267,0.8979,-12.2137,-22.1527,8.1908,1,0,0
0.3774,0.3059,0.9202,-10.626,-21.313,8.0611,1,0,0
0.3857,0.3313,0.9241,-10.5496,-19.2901,7.916,1,0,0
0.3928,0.3467,0.9517,-15.4885,-16.8702,7.4962,1,0,0
0.3962,0.3025,0.9272,-18.8321,-12.771,5.9008,1,0,0
0.3962,0.2468,0.9407,-12.3817,-9.3053,6.8321,1,0,0
0.3997,0.2927,0.9392,-7.9389,-6.4122,6.6947,1,0,0
0.3936,0.2893,0.9321,-3.9237,-4.5573,5.3588,1,0,0
0.3923,0.3376,0.906,-4.8626,-3.542,3.9847,1,0,0
0.3918,0.3191,0.9116,-7.2061,-3.5725,2.4733,1,0,0
0.3955,0.311,0.9023,-8.5725,-2.8779,1.9466,1,0,0
0.3914,0.3052,0.9077,-10.3817,-4.1985,1.3206,1,0,0
0.3987,0.2983,0.9229,-12.2672,-3.6412,0.5573,1,0,0
0.4087,0.2869,0.939,-12.0916,-1.1756,-1.0,1,0,0
0.4043,0.2571,0.9294,-8.1603,1.7252,-0.3206,1,0,0
0.4004,0.2815,0.9163,-4.4504,4.1069,0.1985,1,0,0
0.3987,0.3059,0.9189,-4.6718,6.3969,-0.5725,1,0,0
0.3989,0.3027,0.9331,-5.5878,6.7939,-0.8855,1,0,0
0.396,0.2913,0.9153,-5.084,8.2519,0.1985,1,0,0
0.3765,0.2825,0.9028,-2.8321,8.3053,1.7481,1,0,0
0.3813,0.3025,0.9055,-2.9695,7.2366,1.626,1,0,0
0.3608,0.3159,0.8938,-4.6641,5.5496,0.2366,1,0,0
0.355,0.3101,0.8906,-6.5191,3.7481,-1.145,1,0,0
0.3491,0.2852,0.8782,-7.3435,0.1908,-1.7939,1,0,0
0.3638,0.2727,0.895,-6.3664,-2.0229,-2.2519,1,0,0
0.3669,0.2556,0.887,-4.4198,-2.5191,-1.7481,1,0,0
0.4072,0.2896,0.9353,-2.6641,-1.1832,-1.4809,1,0,0
0.3894,0.2947,0.9319,-1.916,1.8092,-1.6336,1,0,0
0.3838,0.2776,0.9312,-1.1985,2.4962,-1.9084,1,0,0
0.3718,0.2781,0.9182,0.0153,1.9695,-2.2748,1,0,0
0.3657,0.2859,0.9031,-0.458,-0.3969,-2.9542,1,0,0
0.3657,0.2813,0.9016,-2.0153,-2.8397,-2.7023,1,0,0
0.3579,0.28,0.8865,-3.7481,-6.4656,-2.5496,1,0,0
0.364,0.2739,0.8943,-5.5267,-9.7939,-2.7405,1,0,0
0.3699,0.2798,0.8975,-7.084,-11.5573,-3.0916,1,0,0
0.3789,0.2527,0.9026,-6.6336,-11.771,-0.7481,1,0,0
0.3945,0.259,0.9307,-5.0305,-10.1985,0.0687,1,0,0
0.3955,0.2698,0.9373,-4.9084,-7.5954,-1.0534,1,0,0
0.4038,0.301,0.9482,-5.5954,-3.7863,-1.7099,1,0,0
0.406,0.3169,0.9482,-8.5115,0.6336,-4.2748,1,0,0
0.4231,0.3125,0.9741,-12.0763,5.3664,-5.4046,1,0,0
0.4172,0.3169,0.9875,-15.9771,12.6794,-5.8626,1,0,0
0.396,0.2981,0.9568,-14.2901,15.1756,-4.5344,1,0,0
0.3804,0.3201,0.9299,-14.5573,16.9084,-7.0611,1,0,0
0.3977,0.3037,0.946,-14.2443,17.4275,-7.4962,1,0,0
0.3555,0.2798,0.917,-13.2061,16.0,-7.2748,1,0,0
0.385,0.2673,0.9446,-11.2366,15.9618,-6.458,1,0,0
0.3696,0.2583,0.9216,-5.4733,15.4962,-5.8702,1,0,0
0.3831,0.2568,0.9277,-1.771,17.9313,-4.0305,1,0,0
0.3755,0.2676,0.9268,1.7863,20.2824,-1.8321,1,0,0
0.3777,0.2993,0.9314,2.4351,23.0763,0.2748,1,0,0
0.3586,0.3159,0.9216,-1.7176,25.9847,0.7481,1,0,0
0.342,0.3091,0.9451,-8.8779,24.9466,0.4427,1,0,0
0.3181,0.2729,0.9363,-13.1298,26.145,1.7634,1,0,0
0.3428,0.2251,0.908,-7.687,24.3435,4.5649,1,0,0
0.3411,0.2073,0.8892,1.313,23.145,3.916,1,0,0
0.3225,0.2537,0.8984,7.5954,22.7023,1.1298,1,0,0
0.3076,0.323,0.9043,4.0153,19.9237,-0.855,1,0,0
0.2849,0.2976,0.8865,-2.084,16.6947,-2.2977,1,0,0
0.3047,0.2644,0.9053,-5.4656,12.1298,-0.7786,1,0,0
0.3167,0.2341,0.9304,-6.3206,12.1221,-0.9389,1,0,0
0.3308,0.2334,0.9382,-6.4809,15.2443,0.3053,1,0,0
0.3059,0.2627,0.9294,-7.7863,17.6641,1.3053,1,0,0
0.3052,0.27,0.928,-11.0458,17.8702,1.1298,1,0,0
0.2925,0.2556,0.9255,-13.3588,16.2214,0.6641,1,0,0
0.2947,0.2427,0.9309,-14.0458,14.2901,-0.0611,1,0,0
0.2971,0.2168,0.9368,-12.5878,12.7634,0.5496,1,0,0
0.291,0.2061,0.9446,-9.855,11.5115,1.7786,1,0,0
0.2869,0.2117,0.925,-6.5878,9.1145,1.8931,1,0,0
0.2878,0.2073,0.9224,-3.4427,5.855,2.855,1,0,0
0.2817,0.2224,0.9097,-2.1374,2.9847,3.7252,1,0,0
0.2891,0.2341,0.9238,-2.2595,1.1527,4.3511,1,0,0
0.2949,0.2495,0.9443,-4.1069,1.5725,3.2519,1,0,0
0.2939,0.2361,0.9497,-5.1298,2.3435,2.4275,1,0,0
0.2834,0.2375,0.9402,-5.1756,1.8626,1.5267,1,0,0
0.2891,0.2266,0.9514,-4.084,1.229,1.2748,1,0,0
0.2883,0.2251,0.946,-1.8702,1.1221,3.0305,1,0,0
0.3059,0.2332,0.9541,-1.1145,1.3206,4.9313,1,0,0
0.2974,0.2476,0.9558,-3.0382,2.0,5.5191,1,0,0
0.3025,0.2517,0.9683,-6.2824,2.5878,4.9924,1,0,0
0.3047,0.2476,0.9819,-8.9618,3.771,3.1908,1,0,0
0.3064,0.2305,0.9753,-10.7252,4.9847,2.0458,1,0,0
0.2986,0.2166,0.9729,-9.5802,5.0992,2.5954,1,0,0
0.3032,0.2285,0.9766,-8.3053,6.1756,4.1298,1,0,0
0.3049,0.2385,0.989,-8.3817,6.8931,5.6489,1,0,0
0.3071,0.2432,0.9851,-8.9313,7.6183,6.4656,1,0,0
0.3047,0.2498,0.9917,-10.6336,9.5038,5.5802,1,0,0
0.3003,0.2588,0.9907,-13.7176,11.1527,4.7405,1,0,0
0.2986,0.2446,0.9871,-16.5038,10.9618,3.9389,1,0,0
0.2908,0.2236,0.9685,-16.084,10.4885,4.5115,1,0,0
0.2822,0.2283,0.97,-14.6947,9.7099,5.7405,1,0,0
0.2903,0.2112,0.9788,-12.5802,8.3588,7.5191,1,0,0
0.293,0.2009,0.9802,-9.9237,7.8244,10.2748,1,0,0
0.2969,0.1978,0.98,-5.5802,7.6489,11.8779,1,0,0
0.3005,0.2087,0.9839,-1.6489,8.1832,12.0076,1,0,0
0.2849,0.2163,0.9868,0.7786,8.6412,12.9084,1,0,0
0.2773,0.2056,0.9885,2.4122,7.5725,13.8931,1,0,0
0.2747,0.2083,0.9888,4.5038,6.4122,13.3206,1,0,0
0.2842,0.1951,0.9971,8.2824,5.0153,11.771,1,0,0
0.2773,0.2007,1.0066,12.1069,4.542,10.1908,1,0,0
0.2827,0.2041,1.0164,15.7252,5.4733,9.0229,1,0,0
0.2856,0.2095,1.0173,19.084,5.9924,8.3282,1,0,0
0.2795,0.1936,1.011,23.7939,6.7863,7.3359,1,0,0
0.2793,0.2153,0.9968,27.0153,7.3206,7.6565,1,0,0
0.2761,0.2441,1.002,26.9695,7.4122,7.6031,1,0,0
0.2671,0.2432,0.9866,26.1221,6.9008,7.771,1,0,0
0.281,0.2493,1.0017,23.8015,7.8244,6.9389,1,0,0
0.2764,0.2424,0.9856,23.2977,10.0534,6.1374,1,0,0
0.2688,0.2466,0.9707,23.6183,11.2595,6.4656,1,0,0
0.2493,0.2566,0.9614,23.9695,10.9771,6.374,1,0,0
0.2527,0.2747,0.9387,22.7405,9.6107,6.0382,1,0,0
0.2529,0.2458,0.9458,24.1985,9.7481,6.5649,1,0,0
0.2637,0.2676,0.9502,26.3893,10.8015,6.7328,1,0,0
0.2588,0.2573,0.9497,27.9084,11.626,6.3969,1,0,0
0.2512,0.2808,0.9338,29.2748,12.4122,6.1985,1,0,0
0.2417,0.2773,0.927,28.7634,12.1298,5.8092,1,0,0
0.2324,0.2888,0.9211,28.2519,11.2977,6.229,1,0,0
0.2393,0.313,0.9365,25.9084,10.4122,6.6412,1,0,0
0.239,0.3022,0.9421,23.9237,10.2672,7.2748,1,0,0
0.2295,0.3154,0.9326,21.8321,10.3053,7.5725,1,0,0
0.228,0.3279,0.9277,18.0763,9.0076,6.9924,1,0,0
0.2402,0.3008,0.9424,16.2137,9.1908,6.2214,1,0,0
0.241,0.2866,0.9475,15.9313,10.2519,6.4046,1,0,0
0.2441,0.2988,0.9492,17.3206,11.7786,7.6718,1,0,0
0.2373,0.3091,0.9485,17.7481,12.3206,8.8015,1,0,0
0.2412,0.3289,0.9456,17.9084,12.3359,9.4656,1,0,0
0.24,0.3472,0.9402,16.2137,11.9618,8.626,1,0,0
0.2471,0.3533,0.927,15.7634,11.3359,7.8702,1,0,0
0.2583,0.3726,0.9302,11.687,11.3969,7.5344,1,0,0
0.2532,0.3591,0.937,7.6794,11.5649,7.229,1,0,0
0.2517,0.3577,0.9314,3.4046,10.9771,8.2672,1,0,0
0.2446,0.3516,0.9194,1.0229,11.0992,8.9237,1,0,0
0.241,0.3711,0.9258,-0.8015,10.1756,8.7863,1,0,0
0.2419,0.3792,0.9297,-3.0992,10.0992,7.8321,1,0,0
0.2388,0.3853,0.925,-4.5878,9.4885,6.5496,1,0,0
0.252,0.3757,0.9417,-5.8015,10.2672,4.9924,1,0,0
0.2273,0.3496,0.9304,-3.5496,10.5267,5.771,1,0,0
0.2253,0.3574,0.927,-1.4504,11.2061,5.9084,1,0,0
0.2058,0.3735,0.9241,-1.0992,10.4504,4.9847,1,0,0
0.2065,0.3701,0.9197,-2.1374,8.9008,4.2977,1,0,0
0.1997,0.3804,0.9194,-1.5267,7.5573,2.2366,1,0,0
0.2083,0.3809,0.9219,-1.6794,6.855,2.2137,1,0,0
0.2141,0.3738,0.9265,-2.6641,7.1756,3.1221,1,0,0
0.1948,0.3696,0.9131,-3.9008,6.7328,2.4427,1,0,0
0.197,0.3408,0.9253,-3.5802,5.5954,0.855,1,0,0
0.2036,0.3381,0.928,-1.3664,5.6107,-0.0763,1,0,0
0.2068,0.3486,0.9214,-1.145,5.855,0.1756,1,0,0
0.2036,0.3484,0.9424,-2.3588,4.2443,0.3282,1,0,0
0.2087,0.3472,0.9399,-2.9924,4.1527,0.8168,1,0,0
0.2073,0.3472,0.9387,-3.5267,4.2061,0.0763,1,0,0
0.1995,0.3367,0.9338,-4.3359,4.771,-0.8321,1,0,0
0.1987,0.3198,0.9358,-3.1221,5.0305,-0.8931,1,0,0
0.1943,0.3289,0.9348,-2.313,3.9313,-0.8321,1,0,0
0.1938,0.3176,0.9285,-1.458,3.7023,-0.0229,1,0,0
0.2034,0.324,0.9417,-0.6336,3.229,2.0076,1,0,0
0.1953,0.3228,0.9551,-1.0534,2.916,1.7099,1,0,0
0.197,0.3113,0.9524,-0.8779,3.8779,0.626,1,0,0
0.197,0.3035,0.9463,-0.1679,4.7099,0.6031,1,0,0
0.1953,0.3081,0.9492,-1.1145,3.6412,1.7023,1,0,0
0.1992,0.2905,0.9529,0.8397,3.1603,2.1527,1,0,0
0.2009,0.3059,0.9548,2.4733,2.4733,2.1069,1,0,0
0.2063,0.3032,0.9573,3.8626,2.1221,1.1908,1,0,0
0.2026,0.3083,0.9517,6.8626,2.0458,0.9542,1,0,0
0.2029,0.3264,0.9495,7.2061,1.9618,0.7939,1,0,0
0.2051,0.3379,0.9514,4.4198,1.7557,0.4809,1,0,0
0.2114,0.3508,0.9602,-0.687,1.7176,0.542,1,0,0
0.198,0.3511,0.9492,-3.8855,1.9008,1.4504,1,0,0
0.2056,0.3379,0.9473,-7.7939,1.2366,1.0153,1,0,0
0.2024,0.3174,0.9497,-7.5878,1.3206,0.6412,1,0,0
0.2021,0.2839,0.948,-1.2443,0.8779,0.9771,1,0,0
0.1763,0.3069,0.9155,3.0229,-0.2977,1.542,1,0,0
0.1682,0.3145,0.907,4.6565,-2.7481,3.1374,1,0,0
0.1831,0.3223,0.9114,4.3206,-6.7481,4.0534,1,0,0
0.186,0.3452,0.916,1.2366,-9.5496,4.1756,1,0,0
0.1965,0.3411,0.925,-2.4733,-10.0076,4.4809,1,0,0
0.2078,0.3489,0.9324,-7.3053,-9.916,5.1908,1,0,0
0.2263,0.3159,0.9563,-8.9237,-8.6183,4.9084,1,0,0
0.2847,0.335,1.0212,-10.5573,-4.855,5.2595,1,0,0
0.2031,0.3665,0.9785,-10.8321,-2.5344,2.0611,1,0,0
0.2275,0.3154,0.9814,-9.4198,1.7557,1.2595,1,0,0
0.2092,0.3472,0.9812,-8.0153,2.0763,0.2061,1,0,0
0.2078,0.3413,0.959,-7.0229,2.7176,-1.2137,1,0,0
0.218,0.3318,0.9744,-7.8168,2.1145,-0.8626,1,0,0
0.2063,0.3147,0.9556,-6.4351,2.1527,-0.3359,1,0,0
0.1941,0.3086,0.9563,-6.0916,0.5878,0.6641,1,0,0
0.1975,0.3071,0.9524,-6.0229,-0.0534,1.458,1,0,0
0.2119,0.3225,0.9575,-7.3969,0.4885,2.5115,1,0,0
0.2029,0.3188,0.947,-7.9847,-1.3511,2.6947,1,0,0
0.1997,0.313,0.9485,-7.8321,-2.6718,3.9924,1,0,0
0.1946,0.3286,0.9348,-6.9237,-4.3282,3.771,1,0,0
0.2104,0.3176,0.9399,-6.9466,-6.0992,3.1603,1,0,0
0.2129,0.304,0.9519,-5.0305,-5.374,3.6718,1,0,0
0.2078,0.3115,0.9475,-2.8931,-4.2214,3.7557,1,0,0
0.2231,0.3127,0.9585,-2.9008,-3.458,4.5725,1,0,0
0.2144,0.3196,0.9595,-3.1374,-2.0687,4.1908,1,0,0
0.2205,0.3176,0.9495,-3.9389,-1.3588,3.4885,1,0,0
0.2119,0.3184,0.9463,-5.3664,-0.9771,3.8397,1,0,0
0.2065,0.3318,0.9443,-8.6641,-0.8321,3.0,1,0,0
0.22,0.3284,0.9785,-10.5725,-0.4809,0.8244,1,0,0
0.2227,0.2998,0.9663,-8.8626,0.6641,0.5802,1,0,0
0.2187,0.2991,0.9883,-6.7557,-0.5115,1.7939,1,0,0
0.2231,0.2737,0.9431,-1.0,-3.4504,1.5802,1,0,0
0.2024,0.3293,0.9421,-1.5725,-3.1527,2.8626,1,0,0
0.2185,0.3137,0.9475,-2.8855,-4.6183,2.8168,1,0,0
0.207,0.3147,0.947,-6.0611,-5.1145,2.2519,1,0,0
0.2122,0.3054,0.9617,-6.0687,-3.5573,0.9237,1,0,0
0.2241,0.2915,0.9678,-4.5496,-2.6107,0.9542,1,0,0
0.2297,0.2993,0.9702,-1.8931,-0.6183,0.1908,1,0,0
0.2195,0.3259,0.9563,-0.687,-0.1985,-1.4351,1,0,0
0.2087,0.3372,0.9656,-0.5954,-0.4427,-3.8244,1,0,0
0.2158,0.3247,0.9526,0.9847,-0.8092,-5.9924,1,0,0
0.1924,0.2993,0.9316,1.374,-1.7252,-3.0,1,0,0
0.2056,0.2905,0.9385,-0.916,-2.7863,0.4427,1,0,0
0.2356,0.2954,0.9685,-3.1679,-3.3969,1.626,1,0,0
0.2927,0.2881,1.0134,-4.4351,-3.8092,3.3282,1,0,0
0.2253,0.2739,0.9697,-6.9542,-2.5725,6.0916,1,0,0
0.2336,0.2737,0.989,-9.5115,0.3969,5.9237,1,0,0
0.2312,0.2915,0.9846,-11.145,2.2061,5.5573,1,0,0
0.2192,0.293,0.9739,-11.7863,2.7863,4.7939,1,0,0
0.2039,0.2905,0.9805,-10.8702,1.0916,4.2901,1,0,0
0.2146,0.2822,0.9563,-3.9695,0.1221,-0.8015,1,0,0
0.2073,0.2664,0.9517,1.7863,-1.9084,2.4733,1,0,0
0.2014,0.301,0.9399,5.1374,-4.0305,3.5344,1,0,0
0.2061,0.3042,0.9465,4.374,-6.6641,4.3893,1,0,0
0.2205,0.3066,0.9385,1.4962,-7.0763,5.3511,1,0,0
0.25,0.313,0.9712,-3.2061,-8.1527,5.3282,1,0,0
0.2087,0.2842,0.9243,-6.0305,-9.7939,5.6336,1,0,0
0.2383,0.3152,0.9434,-9.6031,-7.3053,5.3588,1,0,0
0.2312,0.2852,0.9456,-9.9924,-8.084,5.7023,1,0,0
0.24,0.2947,0.9404,-9.8779,-7.2672,5.5573,1,0,0
0.2556,0.2932,0.969,-10.0153,-6.8855,5.7176,1,0,0
0.2473,0.281,0.9678,-8.9313,-5.2061,6.145,1,0,0
0.2488,0.2981,0.98,-8.145,-2.626,5.4504,1,0,0
0.2717,0.324,1.0093,-10.7557,2.5038,3.8779,1,0,0
0.2356,0.2991,0.9849,-12.0229,4.1679,1.6107,1,0,0
0.2153,0.2939,0.9697,-12.5038,4.2748,2.2443,1,0,0
0.2285,0.2644,0.9673,-10.6565,2.2061,1.7099,1,0,0
0.2327,0.2622,0.9507,-7.2595,0.7557,1.916,1,0,0
0.2273,0.2646,0.9434,-5.3206,-0.7557,3.5573,1,0,0
0.2156,0.2388,0.937,-2.8931,-1.2595,4.5496,1,0,0
0.2134,0.2437,0.9448,0.1832,-2.1069,6.3664,1,0,0
0.2192,0.2661,0.9482,3.2977,-2.6412,5.5954,1,0,0
0.2292,0.291,0.9543,3.4733,-2.5954,5.5878,1,0,0
0.2363,0.28,0.9651,2.7863,-2.916,5.6336,1,0,0
0.252,0.2646,0.9668,3.2061,-2.0992,4.8321,1,0,0
0.2407,0.2976,0.9717,2.374,-2.1985,4.9313,1,0,0
0.2278,0.2869,0.9551,1.3817,-2.687,4.5496,1,0,0
0.2229,0.2637,0.938,2.0611,-4.6336,4.9771,1,0,0
0.2292,0.2507,0.9446,3.0,-7.3282,5.145,1,0,0
0.2261,0.2661,0.9407,4.1221,-7.8855,4.8244,1,0,0
0.2537,0.2739,0.9604,3.5649,-6.4962,5.0916,1,0,0
0.248,0.2844,0.9563,3.1069,-4.8244,4.1908,1,0,0
0.2603,0.2988,0.9712,1.5115,-3.2901,3.229,1,0,0
0.2449,0.281,0.9482,1.4275,-2.5878,3.084,1,0,0
0.2454,0.2803,0.9541,0.6565,-3.5954,3.145,1,0,0
0.2583,0.2729,0.9714,-0.4046,-1.8473,3.7023,1,0,0
0.2654,0.2688,0.9746,0.4809,-0.2366,3.4885,1,0,0
0.2507,0.283,0.95,0.2366,0.7176,3.4656,1,0,0
0.2524,0.2993,0.9553,-0.7863,-0.2443,2.771,1,0,0
0.2432,0.2849,0.9468,-0.6947,0.1374,2.4733,1,0,0
0.2632,0.2954,0.9634,-1.4962,-0.0687,2.1145,1,0,0
0.2627,0.303,0.9673,-3.1985,2.6107,2.9237,1,0,0
0.2676,0.2888,0.9758,-3.687,5.9008,3.542,1,0,0
0.259,0.2915,0.9597,-3.0687,9.4885,2.855,1,0,0
0.2576,0.2871,0.9521,-2.5267,10.0687,2.6031,1,0,0
0.2432,0.2932,0.9404,-3.8092,8.3053,3.4046,1,0,0
0.2327,0.3125,0.9333,-7.1527,6.0382,3.4962,1,0,0
0.2239,0.3101,0.9407,-10.2443,4.1145,1.9008,1,0,0
0.2454,0.3081,0.97,-10.6947,5.313,1.0916,1,0,0
0.2451,0.2717,0.9658,-8.8855,5.6565,0.4885,1,0,0
0.2473,0.2603,0.9651,-6.5038,4.3817,0.9618,1,0,0
0.2466,0.2629,0.9741,-5.1374,5.3359,1.4962,1,0,0
0.248,0.2729,0.9895,-5.1298,6.9618,1.9237,1,0,0
0.2371,0.2852,0.9783,-7.145,9.0687,2.0458,1,0,0
0.2344,0.2891,0.9927,-9.2519,8.1221,0.9466,1,0,0
0.2271,0.2952,0.9873,-11.1832,7.5344,-0.8092,1,0,0
0.231,0.2795,1.0132,-15.6183,11.9313,-0.6412,1,0,0
0.2517,0.259,1.04,-13.9466,13.1756,1.2061,1,0,0
0.5474,0.4639,1.2942,-31.6183,29.0305,2.1145,1,0,0
0.1289,0.5232,1.2368,-73.9008,57.4122,-4.0611,1,0,0
0.2261,0.2231,1.2178,-89.3435,74.1298,-10.3435,1,0,0
0.2649,0.1128,1.1353,-74.374,69.9084,-11.084,1,0,0
0.1692,-0.0117,1.0042,-30.6641,57.5573,-9.9237,1,0,0
0.1047,0.1067,0.9272,4.8321,44.1832,-5.0992,1,0,0
0.095,0.209,0.8811,18.916,31.0992,-3.0992,1,0,0
0.0767,0.283,0.8486,17.6031,18.7939,-4.687,1,0,0
0.0913,0.2734,0.8506,9.8779,8.5954,-6.2366,1,0,0
0.1025,0.2656,0.8716,1.4275,3.4504,-6.8855,1,0,0
0.1499,0.2881,0.9272,-4.6641,3.2214,-10.0763,0,0,0
0.1484,0.2544,0.9438,-8.7786,3.7481,-12.4046,0,0,0
0.1389,0.2417,0.9453,-9.8397,4.9466,-15.3206,0,0,0
0.1423,0.2307,0.9324,-8.0382,4.5344,-16.5649,0,0,0
0.1172,0.2124,0.9189,-5.9618,1.5878,-15.7099,0,0,0
0.1228,0.1968,0.9277,-4.5802,-1.145,-14.0229,0,0,0
0.0918,0.219,0.9287,-3.7099,-5.0305,-14.9466,0,0,0
0.1731,0.1819,0.9917,-0.4427,-3.084,-13.7023,0,0,0
0.157,0.1611,0.9805,2.6107,0.3053,-6.8321,0,0,0
0.1494,0.2012,0.9854,2.4351,2.626,-3.458,0,0,0
0.1309,0.2261,0.9771,-0.3664,3.4198,-4.8702,0,0,0
0.145,0.2097,0.9878,-4.1527,3.9618,-6.0916,0,0,0
0.1536,0.1921,0.9829,-7.6947,4.8931,-5.3817,0,0,0
0.1504,0.1956,0.988,-11.6794,5.6641,-4.1374,0,0,0
0.1494,0.1665,0.9971,-12.9466,5.9237,-4.0305,0,0,0
0.1438,0.1631,0.9902,-11.0305,5.5725,-4.6947,0,0,0
0.1387,0.1516,0.9822,-7.3664,5.0153,-4.9695,0,0,0
0.1548,0.1516,0.9783,-3.7328,5.7023,-4.6794,0,0,0
0.1477,0.1438,0.981,-0.1374,5.8626,-1.5344,0,0,0
0.1372,0.1765,0.9697,2.1603,5.6412,1.2977,0,0,0
0.1235,0.2112,0.9556,0.8931,3.2519,3.3282,0,0,0
0.1248,0.2319,0.9529,-1.5802,1.6107,2.9618,0,0,0
0.127,0.2388,0.9609,-3.8397,-0.0763,3.3969,0,0,0
0.1313,0.2266,0.9741,-4.3969,-0.5878,2.8779,0,0,0
0.1311,0.2104,0.9658,-2.5344,-0.7176,4.2061,0,0,0
0.1206,0.2305,0.9658,-1.1069,-2.145,4.9542,0,0,0
0.1191,0.2546,0.9626,-1.5954,-4.542,3.0,0,0,0
0.1301,0.2463,0.9687,-2.3664,-5.4962,0.916,0,0,0
0.1394,0.2395,0.9824,-2.9847,-6.1756,-0.7939,0,0,0
0.1416,0.2397,0.9924,-3.9695,-5.5954,-2.1832,0,0,0
0.1465,0.2295,1.0049,-4.5038,-5.145,-3.6489,0,0,0
0.1643,0.2119,1.0012,-4.6947,-3.2595,-2.1221,0,0,0
0.1482,0.2068,0.9961,-4.2977,-3.1221,1.2824,0,0,0
0.1465,0.2129,1.0034,-4.7786,-3.7481,2.5038,0,0,0
0.1418,0.2212,0.9958,-5.6412,-4.1527,2.4275,0,0,0
0.1489,0.1975,0.9949,-5.6031,-5.5954,2.8702,0,0,0
0.1519,0.1926,0.9958,-6.0611,-5.6107,2.9466,0,0,0
0.1592,0.1948,0.9888,-5.313,-4.8321,5.0305,0,0,0
0.1482,0.1882,0.9875,-5.687,-5.1832,6.5802,0,0,0
0.134,0.2041,0.9756,-6.855,-6.855,6.229,0,0,0
0.1279,0.2061,0.9663,-8.0076,-9.1832,4.7557,0,0,0
0.1235,0.2187,0.9568,-9.0382,-12.3588,3.8473,0,0,0
0.1357,0.2131,0.9666,-9.2519,-15.7405,3.0992,0,0,0
0.1289,0.2222,0.9585,-9.8473,-18.5191,0.6947,0,0,0
0.147,0.2012,0.9629,-8.6565,-21.0916,-0.9618,0,0,0
0.1499,0.1926,0.9673,-6.9008,-21.0763,-0.7405,0,0,0
0.1606,0.1897,0.9871,-4.9084,-20.1221,0.8092,0,0,0
0.1677,0.2009,0.9863,-4.5191,-19.687,2.2748,0,0,0
0.1675,0.2104,0.9829,-5.1527,-19.2443,2.1756,0,0,0
0.1658,0.2307,0.9839,-7.0687,-19.0916,0.6947,0,0,0
0.165,0.2305,0.9805,-10.4198,-19.9389,-0.5878,0,0,0
0.1697,0.2122,0.9871,-11.916,-21.313,-2.6336,0,0,0
0.1812,0.1929,0.9824,-11.0382,-21.5954,-2.145,0,0,0
0.1855,0.1731,1.0088,-9.3282,-21.6183,-1.542,0,0,0
0.2004,0.1831,1.0151,-7.4427,-20.2595,-1.0305,0,0,0
0.2051,0.1785,1.0161,-6.5649,-19.7557,-0.916,0,0,0
0.2212,0.1807,1.063,-8.3588,-16.8855,-0.9618,0,0,0
0.2122,0.1848,1.061,-10.6641,-12.5191,-2.1145,0,0,0
0.2061,0.1758,1.0481,-11.2977,-10.1374,-2.855,0,0,0
0.2046,0.1621,1.0444,-10.3435,-8.3206,-2.6412,0,0,0
0.1824,0.1475,1.0063,-5.4962,-9.7634,-3.4962,0,0,0
0.2229,0.1514,1.019,0.4046,-10.7634,-5.1756,0,0,0
0.2156,0.1533,1.0215,6.1298,-13.0076,-4.5573,0,0,0
0.2319,0.1724,1.0254,7.542,-10.5878,-2.8092,0,0,0
0.2163,0.1826,1.0132,7.0229,-10.5191,-1.6031,0,0,0
0.2163,0.1807,1.0083,6.0382,-9.3206,-1.5573,0,0,0
0.2195,0.1851,0.9922,4.5573,-8.5267,-0.9542,0,0,0
0.2222,0.1929,0.9941,3.2748,-8.0687,-0.4809,0,0,0
0.22,0.1938,0.981,2.2519,-7.855,-0.5573,0,0,0
0.2319,0.1655,0.9927,2.2595,-7.3282,-0.0763,0,0,0
0.2434,0.1863,0.9976,3.6641,-6.7099,1.1298,0,0,0
0.2419,0.208,0.9983,4.2595,-4.0992,2.2519,0,0,0
0.2361,0.2134,0.9963,3.8092,-3.5115,2.7481,0,0,0
0.2495,0.2195,0.9944,3.1756,-1.7023,2.7863,0,0,0
0.2349,0.2056,0.9937,3.7481,-2.145,3.542,0,0,0
0.2327,0.2214,0.97,4.6489,-2.8015,2.8244,0,0,0
0.2183,0.2478,0.9646,3.0229,-4.6336,2.2595,0,0,0
0.2187,0.2668,0.9622,-1.0534,-7.9084,-0.0534,0,0,0
0.2407,0.2568,0.9863,-3.8092,-10.0153,-1.8702,0,0,0
0.2451,0.21,0.9814,-3.084,-9.9695,-3.3053,0,0,0
0.2458,0.1716,0.989,3.9084,-10.9084,-4.4275,0,0,0
0.2427,0.1519,0.9846,12.5725,-10.6107,-4.2748,0,0,0
0.2263,0.168,0.9624,21.6947,-12.8855,-5.5573,0,0,0
0.249,0.2009,0.9829,24.3588,-16.458,-7.771,0,0,0
0.219,0.2173,0.9341,21.4962,-20.7481,-6.8397,0,0,0
0.2666,0.1624,0.9429,23.1221,-27.145,-6.0763,0,0,0
0.2764,0.2271,0.9587,18.0153,-27.4122,-6.145,0,0,0
0.2024,0.2251,0.9578,10.4046,-31.1832,-5.7863,0,0,0
0.0352,0.1846,0.7449,2.8321,-35.7252,-4.4809,0,0,0
0.3071,0.2986,0.9834,-7.5267,-32.4275,-4.9847,0,0,0
0.23,0.2407,0.9031,-18.3664,-30.8015,-2.8244,0,0,0
0.282,0.2295,0.9473,-22.7252,-33.7939,-1.8931,0,0,0
0.3003,0.2197,0.9553,-20.3435,-30.9084,1.4885,0,0,0
0.3098,0.187,0.9692,-13.6183,-27.2748,4.0382,0,0,0
0.3271,0.2083,0.9841,-3.8473,-22.8855,5.916,0,0,0
0.3196,0.2668,1.0046,4.6183,-17.7176,4.1374,0,0,0
0.3315,0.2727,0.9995,7.7634,-14.9466,3.2061,0,0,0
0.3137,0.2856,0.9946,6.0687,-12.7634,2.5573,0,0,0
0.3198,0.251,0.9939,6.2061,-11.9771,2.7786,1,0,0
0.3328,0.2375,1.0032,6.6107,-9.4122,4.4504,1,0,0
0.344,0.2446,1.0015,7.9847,-6.9924,4.0153,1,0,0
0.3406,0.2612,0.9878,5.8626,-4.5725,2.8931,1,0,0
0.3418,0.2471,1.0002,2.2137,-1.229,2.0,1,0,0
0.354,0.2229,1.0059,1.7252,4.2443,0.2137,1,0,0
0.3445,0.1519,0.9951,8.8015,9.2137,-1.8397,1,0,0
0.3364,0.165,0.9866,16.2443,12.3053,-1.9466,1,0,0
0.3201,0.1792,0.9592,20.855,14.2214,-1.0916,1,0,0
0.3032,0.2061,0.9346,21.2061,13.3053,-0.9008,1,0,0
0.2891,0.2178,0.9404,16.9389,10.5649,-0.8931,1,0,0
0.2222,0.2363,0.8794,16.8015,4.5038,-1.5496,1,0,0
0.3333,0.2236,0.9546,14.5573,5.916,-3.3588,1,0,0
0.28,0.2312,0.9265,9.145,5.4351,-0.7557,1,0,0
0.2896,0.2498,0.9407,3.6718,5.6107,0.3282,1,0,0
0.29,0.2263,0.9387,1.8931,6.2672,0.4122,1,0,0
0.304,0.1794,0.9546,2.229,7.3817,3.313,1,0,0
0.2825,0.2539,0.9478,-1.1679,9.2443,2.0229,1,0,0
0.28,0.25,0.9402,-4.0687,8.3893,0.7939,1,0,0
0.292,0.2151,0.9619,-4.6794,7.8015,0.9313,1,0,0
0.2852,0.2268,0.969,-3.4427,8.2519,2.313,1,0,0
0.2859,0.2415,0.9666,-2.4198,8.2901,3.3893,1,0,0
0.2739,0.2412,0.9685,-1.3511,7.916,2.4885,1,0,0
0.2708,0.2456,0.9585,0.1985,7.2748,1.9618,1,0,0
0.2671,0.2498,0.9575,1.2824,6.2443,1.5725,1,0,0
0.2666,0.2673,0.9602,2.4427,5.0611,1.2443,1,0,0
0.2686,0.2534,0.967,4.6565,4.6336,0.6336,1,0,0
0.2695,0.2607,0.9614,6.4351,4.1374,0.9389,1,0,0
0.2778,0.2451,0.9685,7.8626,4.0763,0.9313,1,0,0
0.2751,0.2661,0.9722,9.9237,4.8931,0.9084,1,0,0
0.2729,0.2837,0.9663,8.2901,5.3817,0.4733,1,0,0
0.2646,0.2896,0.9631,4.6336,5.1985,-0.0992,1,0,0
0.2627,0.2844,0.9575,1.2977,4.2061,-0.542,1,0,0
0.2625,0.2676,0.9504,-0.7634,4.2137,-0.8244,1,0,0
0.2629,0.2549,0.9604,-0.7863,4.0611,-0.0534,1,0,0
0.2654,0.2434,0.9573,0.6794,3.3053,0.9008,1,0,0
0.2585,0.25,0.9531,3.6718,2.8244,0.9237,1,0,0
0.2651,0.2632,0.9553,4.374,3.1221,0.6031,1,0,0
0.2637,0.2488,0.9529,5.3053,3.4885,-0.7786,1,0,0
0.2688,0.2588,0.9548,5.1756,4.0382,-1.1603,1,0,0
0.2681,0.2661,0.9619,3.6183,4.5649,-1.4198,1,0,0
0.2659,0.2625,0.9636,1.6336,5.3817,-0.9847,1,0,0
0.2642,0.2783,0.9592,-1.6641,6.4733,-0.313,1,0,0
0.2507,0.2366,0.9482,-3.0687,5.6336,1.542,1,0,0
0.2458,0.23,0.9385,-2.9618,3.4427,1.4885,1,0,0
0.2559,0.2539,0.9478,-2.2137,2.2214,1.1603,1,0,0
0.2644,0.2732,0.9612,-3.0916,0.6183,0.2977,1,0,0
0.2686,0.2886,0.9641,-5.458,0.7939,-0.8321,1,0,0
0.2712,0.2654,0.9602,-5.8397,0.0687,-0.7328,1,0,0
0.2737,0.2393,0.9629,-3.4351,0.7481,-0.5267,1,0,0
0.2593,0.2234,0.9556,2.2366,0.5267,-0.3435,1,0,0
0.2522,0.2461,0.9438,4.458,-0.7252,0.3969,1,0,0
0.2527,0.28,0.9402,3.2137,-3.5344,-0.0992,1,0,0
0.2703,0.2866,0.9612,1.145,-3.1527,-0.5191,1,0,0
0.2827,0.2944,0.9551,-1.1527,-1.1756,-0.9695,1,0,0
0.2908,0.2651,0.9807,-1.9313,2.2748,-1.3664,1,0,0
0.2627,0.2629,0.9531,-0.8397,2.7481,-3.0687,1,0,0
0.29,0.3032,0.9915,1.4046,5.1069,-6.9695,1,0,0
0.2891,0.2854,0.9968,2.0305,8.1145,-6.5038,1,0,0
0.26,0.2988,0.9675,2.3969,9.2901,-5.7786,1,0,0
0.2437,0.2634,0.9275,4.0992,6.4046,-2.458,1,0,0
0.2239,0.2915,0.9204,3.9084,1.7786,-2.0,1,0,0
0.2246,0.2556,0.9155,1.626,-2.0229,0.5649,1,0,0
0.2446,0.2788,0.9358,-0.2901,-5.6947,0.5038,1,0,0
0.2507,0.2859,0.9443,-3.8397,-6.6412,0.3359,1,0,0
0.2625,0.2515,0.9646,-2.4962,-6.4885,-0.0382,1,0,0
0.27,0.2458,0.96,1.5267,-5.4885,0.2901,1,0,0
0.252,0.241,0.9346,6.9618,-7.0916,0.5878,1,0,0
0.2542,0.2734,0.9275,9.4733,-8.7786,-0.5802,1,0,0
0.2595,0.2959,0.9392,9.5267,-9.6641,-1.8626,1,0,0
0.2625,0.3264,0.9504,5.8321,-8.1985,-3.626,1,0,0
0.2671,0.3379,0.9951,-3.4504,-6.2748,-2.0229,1,0,0
0.2979,0.3152,1.0127,-10.7328,-2.916,-1.2595,1,0,0
0.2375,0.2634,0.9031,-9.8015,-1.0382,-0.1603,1,0,0
0.2422,0.2795,0.8992,-9.2901,-5.1985,-0.6183,1,0,0
0.2498,0.2734,0.9082,-5.9618,-8.7863,-1.1221,1,0,0
0.2549,0.3071,0.8999,-6.6031,-10.6718,-1.3282,1,0,0
0.2407,0.2915,0.874,-9.5878,-15.2977,-1.458,1,0,0
0.2634,0.2976,0.8845,-11.9466,-19.1756,-0.3511,1,0,0
0.271,0.29,0.8867,-14.3511,-19.7252,-1.0153,1,0,0
0.28,0.3027,0.9175,-20.4427,-18.4656,0.5344,1,0,0
0.2827,0.3042,0.9238,-26.6641,-16.9313,0.9008,1,0,0
0.2778,0.301,0.9321,-31.7252,-15.1069,0.4046,1,0,0
0.2959,0.2678,0.9429,-32.8931,-14.4962,0.4122,1,0,0
0.2957,0.2424,0.9673,-30.1908,-14.6107,0.458,1,0,0
0.3088,0.2288,0.9827,-25.0153,-15.313,0.9313,1,0,0
0.3042,0.2173,0.979,-19.1221,-16.1679,1.6718,1,0,0
0.3167,0.2087,0.9978,-14.8626,-18.0611,2.687,1,0,0
0.3274,0.2231,1.0127,-11.9924,-18.1527,2.4275,1,0,0
0.3464,0.2271,1.0308,-11.1679,-15.4504,2.5496,1,0,0
0.3511,0.2527,1.0342,-11.2824,-10.3206,2.6718,1,0,0
0.3372,0.2637,1.0125,-12.1527,-4.4198,0.3817,1,0,0
0.3296,0.2798,0.9868,-14.7939,0.4885,-3.1298,1,0,0
0.2427,0.1714,0.9033,-8.313,1.374,-7.7099,1,0,0
0.3049,0.2097,0.9131,12.4275,1.5191,-14.3053,1,0,0
0.2832,0.3162,0.9146,18.3053,6.6031,-20.1221,1,0,0
0.2708,0.3203,0.8899,16.5344,4.6718,-24.0458,1,0,0
0.271,0.3171,0.8943,7.3588,1.6031,-25.1756,1,0,0
0.3418,0.2742,0.9197,-1.4733,-1.8015,-25.0611,1,0,0
0.3452,0.187,0.9202,-8.1527,-3.9618,-22.0153,1,0,0
0.3149,0.1609,0.8811,-12.1145,-4.8473,-15.7328,1,0,0
0.3245,0.1953,0.9136,-15.0763,-5.7939,-11.313,1,0,0
0.3245,0.2561,0.9426,-18.3053,-5.1069,-13.3664,1,0,0
0.3501,0.2517,0.98,-15.9237,-3.9008,-17.0611,1,0,0
0.3696,0.2244,1.0132,-9.4656,-1.2061,-17.9771,1,0,0
0.3879,0.2251,1.0332,-2.5954,1.2214,-14.5802,1,0,0
0.3655,0.2659,1.0454,-0.7481,4.9618,-12.687,1,0,0
0.3511,0.2676,0.9856,-4.6565,6.4427,-12.8168,1,0,0
0.2678,0.2607,0.9062,-13.084,2.4046,-13.9618,1,0,0
0.248,0.2468,0.8779,-21.9389,-4.7176,-13.7557,1,0,0
0.2571,0.2588,0.8872,-28.2137,-9.5573,-16.2214,1,0,0
0.2507,0.2427,0.9067,-31.458,-12.6107,-18.3817,1,0,0
0.2644,0.2427,0.9238,-32.2137,-14.6489,-18.7557,1,0,0
0.2881,0.238,0.8857,-33.3282,-9.916,-17.8626,1,0,0
0.2991,0.2178,0.9507,-33.374,-15.8702,-13.145,1,0,0
0.3071,0.2576,0.9446,-35.1374,-16.9313,-13.3435,1,0,0
0.3257,0.2168,0.9763,-33.5267,-17.7023,-13.4733,1,0,0
0.3223,0.188,0.9802,-30.8855,-16.1603,-17.5802,1,0,0
0.325,0.1575,0.9695,-26.4733,-15.4809,-18.0076,1,0,0
0.3311,0.1768,0.9585,-23.6718,-14.1527,-17.4427,1,0,0
0.3135,0.1665,0.925,-21.3969,-16.7786,-15.1908,1,0,0
0.3311,0.1697,0.9492,-21.0687,-18.626,-14.0611,1,0,0
0.3586,0.2024,0.9734,-24.3664,-14.145,-13.9389,1,0,0
0.3525,0.1904,0.9822,-30.0687,-12.2443,-10.7481,1,0,0
0.3311,0.1758,0.978,-36.374,-8.916,-9.1069,1,0,0
0.3201,0.157,0.957,-40.5573,-9.084,-5.4504,1,0,0
0.2998,0.1489,0.9656,-43.084,-10.1832,-2.771,1,0,0
0.3052,0.1313,0.979,-45.9847,-11.0611,-1.1756,1,0,0
0.311,0.1304,0.9751,-49.6641,-10.3817,0.0916,1,0,0
0.3223,0.0503,0.9802,-52.0076,-8.9237,1.7023,1,0,0
0.3896,0.0823,1.0398,-49.2672,-3.313,4.2366,1,0,0
0.3511,0.0505,1.0466,-46.7176,4.1069,7.7481,1,0,0
0.3562,0.0442,1.0469,-47.3282,11.9618,10.0687,1,0,0
0.3679,0.0439,1.0566,-46.3282,20.2366,10.8168,1,0,0
0.354,0.054,1.041,-46.9084,25.2748,10.4122,1,0,0
0.3313,0.0559,1.0046,-51.3588,27.9313,10.6183,1,0,0
0.3262,0.0623,0.9854,-59.313,27.4656,12.1985,1,0,0
0.3401,0.0537,1.019,-71.0611,28.0305,13.4427,1,0,0
0.3145,0.0039,0.9841,-79.6947,29.4275,16.1756,1,0,0
0.2803,-0.0054,0.9712,-85.5649,30.3206,17.4427,1,0,0
0.3015,-0.0742,0.9832,-89.0229,32.8702,17.9542,1,0,0
0.2681,-0.0806,0.9792,-89.229,34.1756,19.5954,1,0,0
0.2515,-0.0767,0.9592,-86.8702,33.8626,18.8473,1,0,0
0.2798,-0.1426,0.9836,-80.6336,32.4656,19.1832,1,0,0
0.2412,-0.1348,0.9619,-74.3206,28.1756,19.7252,1,0,0
0.3018,-0.0315,0.9773,-75.9847,23.0458,19.8702,1,0,0
0.1677,-0.1257,0.9795,-80.8168,14.9313,18.3817,1,0,0
0.2817,-0.1653,1.0278,-78.8168,12.6947,14.4885,1,0,0
0.2795,-0.2522,1.0391,-66.3511,12.8855,13.6794,1,0,0
0.2939,-0.2517,1.0349,-51.8702,13.458,15.4733,1,0,0
0.2888,-0.2295,1.0515,-42.3282,12.7863,17.542,1,0,0
0.2842,-0.1794,1.0618,-39.5725,14.6947,18.6794,1,0,0
0.2646,-0.147,1.0215,-41.0687,13.0687,19.9618,1,0,0
0.2668,-0.1279,1.0142,-45.2977,11.687,17.374,1,0,0
0.2815,-0.1267,1.0171,-52.8702,10.2824,16.5038,1,0,0
0.2607,-0.1501,1.0156,-60.6641,8.8397,16.626,1,0,0
0.2864,-0.1943,1.0432,-64.4504,9.2214,15.0076,1,0,0
0.2817,-0.2239,1.0425,-62.7252,10.1603,14.1069,1,0,0
0.2407,-0.228,1.0234,-60.0229,9.4351,14.4122,1,0,0
0.2834,-0.2202,1.0154,-63.5496,11.4198,11.084,1,0,0
0.2466,-0.1709,0.9668,-66.6718,13.4809,8.0076,1,0,0
0.2395,-0.2307,0.9468,-71.8092,9.2901,5.1908,1,0,0
0.1909,-0.2949,0.9343,-74.3588,3.2595,5.5878,1,0,0
0.2583,-0.3188,0.9609,-74.4504,1.8015,7.3664,1,0,0
0.2197,-0.3254,0.9573,-75.7786,-2.9237,11.4733,1,0,0
0.2361,-0.3201,0.9111,-80.9542,0.0458,13.7328,1,0,0
0.2126,-0.3267,0.9255,-85.1221,-4.0687,14.9389,1,0,0
0.2693,-0.2976,0.918,-91.8092,-2.6031,14.8779,1,0,0
0.2505,-0.3079,0.9006,-96.2061,-5.2595,14.9542,1,0,0
0.1938,-0.3813,0.8667,-101.5954,-8.4122,15.9466,1,0,0
0.2319,-0.4114,0.886,-105.0763,-8.7023,16.3206,1,0,0
0.2412,-0.3604,0.9014,-105.5267,-7.4427,18.4427,1,0,0
0.218,-0.3596,0.8794,-101.3435,-6.855,19.7634,1,0,0
0.1892,-0.4729,0.8596,-97.5344,-0.2519,17.2519,1,0,0
0.199,-0.4678,0.8506,-91.4504,1.3664,18.5267,1,0,0
0.1763,-0.5085,0.8149,-81.8321,3.3435,22.0305,1,0,0
0.1426,-0.4907,0.8232,-72.9084,4.0,25.4275,1,0,0
0.1519,-0.48,0.8259,-67.7863,4.2977,24.6107,1,0,0
0.1448,-0.4871,0.8176,-66.4122,4.4275,27.0382,1,0,0
0.124,-0.4719,0.8096,-71.2137,3.2901,28.8092,1,0,0
0.1069,-0.4792,0.7949,-74.8626,-0.0458,28.5573,1,0,0
0.114,-0.4875,0.822,-77.5344,-2.6489,27.6183,1,0,0
0.1262,-0.5144,0.8459,-78.9237,-4.0382,27.1221,1,0,0
0.1262,-0.541,0.8306,-77.5725,-3.5115,29.0305,1,0,0
0.1353,-0.5444,0.8289,-75.9695,-3.0611,30.5649,1,0,0
0.1257,-0.5571,0.8281,-74.8931,-2.3435,29.5725,1,0,0
0.1279,-0.562,0.8289,-74.5802,-2.542,26.2366,1,0,0
0.1321,-0.5869,0.8223,-77.6412,-1.8931,23.2443,1,0,0
0.1465,-0.623,0.8188,-83.229,-3.2977,24.084,1,0,0
0.1482,-0.6697,0.8167,-86.8168,-4.4427,25.3664,1,0,0
0.1731,-0.7241,0.812,-86.7405,-3.916,29.8779,1,0,0
0.1589,-0.7378,0.7939,-84.1221,-2.6718,33.9924,1,0,0
0.1541,-0.7358,0.7776,-81.0305,-1.7099,35.6718,1,0,0
0.1572,-0.7371,0.7781,-76.855,-1.1145,35.7786,1,0,0
0.1587,-0.7356,0.7751,-72.9466,0.2672,33.9924,1,0,0
0.1577,-0.7422,0.7495,-67.6489,1.2595,33.2519,1,0,0
0.1418,-0.7202,0.7266,-64.3664,2.4504,30.8473,1,0,0
0.1589,-0.7473,0.7371,-60.5115,2.6565,30.7481,1,0,0
0.1387,-0.7866,0.7063,-54.3664,1.7634,33.9237,1,0,0
0.1306,-0.7817,0.6943,-48.3435,-0.6412,35.2443,1,0,0
0.1147,-0.7605,0.686,-42.6794,-2.9924,33.8626,1,0,0
0.1082,-0.7212,0.6753,-39.0458,-5.0763,32.0153,1,0,0
0.1072,-0.7112,0.6628,-39.1298,-7.2061,29.6336,1,0,0
0.1038,-0.718,0.6572,-39.771,-9.542,27.7481,1,0,0
0.1165,-0.7556,0.6563,-37.313,-11.084,27.7176,1,0,0
0.1052,-0.7803,0.6372,-30.0611,-12.8092,31.1527,1,0,0
0.0986,-0.7512,0.6409,-23.8397,-16.0305,31.3435,1,0,0
0.0994,-0.7266,0.6335,-21.0916,-17.4733,28.2443,1,0,0
0.094,-0.7139,0.6165,-22.2061,-18.2672,25.9237,1,0,0
0.1125,-0.7236,0.6152,-25.1985,-19.9084,23.458,1,0,0
0.0928,-0.7034,0.6069,-30.4122,-19.8779,21.3053,1,0,0
0.103,-0.7229,0.5901,-35.458,-18.8092,18.8015,1,0,0
0.0938,-0.7566,0.5786,-38.1756,-18.5267,18.3053,1,0,0
0.0833,-0.7876,0.5679,-36.1679,-20.2672,18.9924,1,0,0
0.1055,-0.8057,0.5713,-31.3053,-21.8702,21.2137,1,0,0
0.0933,-0.7993,0.5549,-26.5344,-23.687,22.0763,1,0,0
0.1008,-0.7966,0.5652,-21.8702,-25.8015,19.2824,1,0,0
0.106,-0.7964,0.5505,-18.1756,-26.855,17.0229,1,0,0
0.1062,-0.8127,0.5625,-12.9771,-26.7557,14.4733,1,0,0
0.0815,-0.8079,0.5271,-6.9237,-28.1603,12.0916,1,0,0
0.0972,-0.7986,0.54,-2.2137,-31.9924,9.4275,1,0,0
0.0898,-0.8235,0.5374,0.7863,-35.2595,9.4427,1,0,0
0.1069,-0.8037,0.572,2.916,-38.3282,10.2519,1,0,0
0.1213,-0.8015,0.5979,3.0382,-37.1374,9.3435,1,0,0
0.1416,-0.8081,0.6445,2.7863,-34.7099,10.2443,1,0,0
0.1357,-0.7478,0.6943,-4.0076,-25.7481,8.2366,1,0,0
0.157,-0.7603,0.7356,-10.626,-17.1679,5.5038,1,0,0
0.1265,-0.7861,0.7173,-15.7863,-10.2824,8.2824,1,0,0
0.114,-0.8303,0.6838,-10.7939,-9.1908,5.6565,1,0,0
0.0955,-0.9011,0.6499,0.6489,-8.3817,7.4351,1,0,0
0.0798,-0.8279,0.6333,11.3511,-8.1374,6.542,1,0,0
0.084,-0.8489,0.6091,19.5725,-7.9389,6.0229,1,0,0
0.0796,-0.8115,0.6108,26.3893,-4.7863,4.8779,1,0,0
0.0903,-0.8154,0.6182,29.8397,-0.3359,4.4122,1,0,0
0.0266,-0.7944,0.5361,30.229,0.9313,3.8321,1,0,0
0.0706,-0.8164,0.5461,25.9542,-0.3053,2.7405,1,0,0
0.0879,-0.8159,0.5952,19.2214,1.374,3.1985,1,0,0
0.0259,-0.813,0.5493,12.7176,0.9313,4.9695,1,0,0
0.051,-0.7881,0.5664,6.3282,2.084,4.8702,1,0,0
0.0686,-0.7727,0.5757,-4.7023,0.3511,2.855,1,0,0
0.1079,-0.7871,0.6294,-14.3664,-0.2901,-0.8244,1,0,0
0.0718,-0.8154,0.5891,-19.6031,-0.3817,-3.7481,1,0,0
0.1106,-0.8142,0.6213,-24.8168,-1.1374,-3.0916,1,0,0
0.5569,-0.5371,1.238,-56.2137,24.1985,-10.7634,1,0,0
0.0706,-0.3857,0.9302,-92.0611,65.8626,-39.4809,1,0,0
0.1902,-0.7571,0.9363,-100.4809,77.8855,-36.8397,1,0,0
0.136,-1.0022,0.7288,-87.0458,78.9771,-16.1069,1,0,0
0.0952,-0.9993,0.6638,-56.1298,68.084,-1.4046,1,0,0
0.0652,-1.0581,0.5955,-18.7099,60.855,-5.4656,1,0,0
0.0574,-1.0042,0.4924,13.626,52.7634,-6.3588,1,0,0
0.0537,-0.9951,0.4111,37.1374,47.374,-6.1221,1,0,0
0.0029,-0.9539,0.3337,52.7023,40.3588,-6.9389,1,0,0
0.0085,-0.9097,0.303,60.6183,30.3435,-8.4046,1,0,0
0.022,-0.8804,0.3181,67.771,19.1221,-7.855,1,0,0
-0.0066,-0.9004,0.3333,65.8473,11.4504,-6.0,1,0,0
-0.0066,-0.8254,0.3623,58.374,2.1756,-4.1298,1,0,0
0.0032,-0.8125,0.4165,46.5344,-4.3053,-4.0305,1,0,0
0.002,-0.7939,0.4316,35.4046,-10.5954,-2.313,1,0,0
0.0256,-0.824,0.4722,26.1679,-16.145,1.2672,1,0,0
0.0508,-0.8281,0.53,20.9313,-18.3206,4.4275,1,0,0
0.0483,-0.8198,0.5601,18.5267,-18.3206,6.9084,1,0,0
0.062,-0.791,0.6172,16.4656,-14.9237,6.0076,1,0,0
0.0735,-0.7898,0.6375,15.0229,-10.1374,5.7863,1,0,0
0.0654,-0.802,0.6355,16.0229,-7.1603,8.8321,1,0,0
0.0483,-0.7654,0.6501,16.3817,-7.1298,10.6947,1,0,0
0.0332,-0.7361,0.6572,13.5878,-9.3893,10.4733,1,0,0
0.0422,-0.738,0.6731,11.1985,-12.0687,9.687,1,0,0
0.0559,-0.7195,0.7065,7.2595,-12.1374,8.084,1,0,0
0.0569,-0.7117,0.7153,2.8473,-11.7557,6.6718,1,0,0
0.0535,-0.7212,0.7131,-0.9466,-10.8321,5.626,1,0,0
0.0652,-0.7395,0.7278,-2.2748,-8.916,5.9008,1,0,0
0.0479,-0.7229,0.7068,-2.2137,-7.3206,4.7099,1,0,0
0.0706,-0.7336,0.7068,-2.916,-5.6031,3.0382,1,0,0
0.074,-0.7246,0.7151,-3.374,-3.145,1.6565,1,0,0
0.0813,-0.7483,0.6975,-3.6183,-1.2443,-0.0916,1,0,0
0.0808,-0.7803,0.6819,-1.9008,-0.1298,-0.3282,1,0,0
0.0789,-0.8125,0.6563,3.374,0.771,0.0153,1,0,0
0.0771,-0.791,0.6399,8.1069,-0.9771,1.1832,1,0,0
0.0586,-0.7864,0.6201,10.916,-5.4809,0.9237,1,0,0
0.0706,-0.7852,0.6216,11.9924,-8.7405,0.9847,1,0,0
0.0945,-0.7893,0.6377,12.9237,-9.4885,1.1985,1,0,0
0.1074,-0.7947,0.6406,15.9389,-8.5344,3.1679,1,0,0
0.0923,-0.7605,0.647,18.458,-7.2595,2.9847,1,0,0
0.0884,-0.7395,0.6531,19.6107,-5.7176,0.5954,1,0,0
0.0901,-0.7375,0.6511,19.3664,-3.4046,-1.7023,1,0,0
0.0869,-0.7334,0.6797,20.1603,0.7939,-4.687,1,0,0
0.1099,-0.7498,0.7234,23.4122,7.8397,-7.0916,1,0,0
0.0935,-0.7317,0.7161,26.9237,15.1756,-8.8092,1,0,0
0.0764,-0.7231,0.7144,28.4504,18.4962,-11.3282,1,0,0
0.0688,-0.718,0.7031,27.7328,18.4351,-12.9008,1,0,0
0.0583,-0.7134,0.7097,24.6412,17.8931,-14.2748,1,0,0
0.0569,-0.7114,0.7041,20.374,17.5114,-14.6183,1,0,0
0.0598,-0.7107,0.7141,16.2672,16.3053,-13.4504,1,0,0
0.0608,-0.7209,0.6973,11.7786,13.8244,-10.6794,1,0,0
0.0508,-0.7205,0.678,6.0916,10.9008,-7.2901,1,0,0
0.0435,-0.7202,0.6904,1.1832,8.2366,-4.9313,1,0,0
0.0469,-0.7041,0.6943,-3.7405,6.3511,-4.6565,1,0,0
0.0632,-0.7261,0.7126,-7.2214,6.0458,-4.8015,1,0,0
0.0627,-0.739,0.7263,-7.5496,7.6183,-4.1832,1,0,0
0.0447,-0.7515,0.7136,-7.0153,7.458,-2.4733,1,0,0
0.0527,-0.7676,0.7075,-4.6412,6.7634,0.0916,1,0,0
0.0542,-0.7705,0.7107,-1.3435,5.6718,2.313,1,0,0
0.043,-0.7463,0.7,-0.9313,4.8473,3.458,1,0,0
0.054,-0.7466,0.7043,-2.9924,3.2748,3.7023,1,0,0
0.0474,-0.752,0.7034,-6.2137,2.7939,2.9389,1,0,0
0.0491,-0.7756,0.6887,-7.5267,3.0305,3.7405,1,0,0
0.0425,-0.7751,0.6855,-5.9771,3.1527,4.9695,1,0,0
0.0354,-0.7725,0.6799,-4.5344,2.9313,5.8626,1,0,0
0.0322,-0.7695,0.6804,-3.5038,1.1908,6.8168,1,0,0
0.0339,-0.7668,0.6787,-2.2519,0.8626,7.7176,1,0,0
0.0359,-0.7439,0.6846,-0.9847,1.7939,7.771,1,0,0
0.0247,-0.731,0.6755,0.3282,2.542,7.8168,1,0,0
0.0237,-0.7305,0.689,-0.3206,3.1832,7.687,1,0,0
0.0024,-0.707,0.6526,0.0763,1.8244,6.1603,1,0,0
0.0283,-0.7197,0.665,2.4198,0.5115,4.9389,1,0,0
0.0142,-0.6907,0.6804,1.4122,0.8702,3.3817,1,0,0
0.0098,-0.6711,0.6897,-3.3511,-0.2901,0.7939,1,0,0
0.0283,-0.7212,0.7119,-5.4046,-0.855,-0.0687,1,0,0
0.0044,-0.7227,0.6626,-0.7176,-0.5344,2.3359,1,0,0
0.0413,-0.6841,0.7068,0.0305,-2.1145,1.9084,1,0,0
0.0569,-0.7144,0.6865,-0.1145,-2.313,3.6565,1,0,0
0.0649,-0.687,0.7346,3.2977,-6.8092,4.9084,1,0,0
0.0229,-0.7139,0.6658,2.9237,-9.084,6.0534,1,0,0
0.0579,-0.7122,0.6948,4.2214,-13.8015,9.7099,1,0,0
0.0662,-0.7075,0.7107,6.1679,-13.1298,6.084,1,0,0
0.071,-0.6787,0.7283,6.1603,-9.4046,1.7939,1,0,0
0.0862,-0.6855,0.7454,1.0611,-5.4275,-2.0687,1,0,0
0.0815,-0.7175,0.7268,-5.0534,-2.6336,0.6641,1,0,0
0.0513,-0.7317,0.7,-8.3664,-4.6794,7.542,1,0,0
0.0259,-0.7581,0.6467,-8.9084,-9.0992,9.313,1,0,0
0.0659,-0.7515,0.6685,-11.4351,-9.5649,9.4198,1,0,0
0.0493,-0.7458,0.6797,-15.6031,-10.7176,8.4885,1,0,0
0.0264,-0.7334,0.6677,-19.3282,-11.3435,4.9313,1,0,0
0.0347,-0.7458,0.6755,-21.771,-11.4733,0.9771,1,0,0
0.0305,-0.7788,0.6646,-23.1527,-12.4046,0.9618,1,0,0
0.0208,-0.7615,0.6648,-23.4885,-13.2672,1.9084,1,0,0
0.0188,-0.759,0.6719,-21.5114,-12.9542,0.0382,1,0,0
0.0203,-0.7644,0.6787,-17.9389,-13.8321,-2.6489,1,0,0
0.0327,-0.7554,0.6782,-17.2214,-12.6947,-5.0763,1,0,0
0.0352,-0.7803,0.6619,-15.4198,-13.3435,-6.0458,1,0,0
0.0591,-0.8108,0.6575,-10.8092,-11.4427,-5.6489,1,0,0
0.0586,-0.8252,0.666,-1.0153,-12.9618,-2.9084,1,0,0
0.051,-0.8181,0.6799,6.7023,-5.6412,-5.5344,1,0,0
0.0737,-0.8184,0.6697,14.6107,-4.1527,-4.3588,1,0,0
0.0332,-0.8167,0.6504,21.9771,-4.313,-2.5115,1,0,0
0.064,-0.8171,0.6465,28.1908,-4.6794,0.2672,1,0,0
0.0542,-0.79,0.6492,31.1527,-5.2672,2.8244,1,0,0
0.0576,-0.7585,0.655,27.8473,-4.9771,4.7557,1,0,0
0.0671,-0.7454,0.6721,23.8168,-5.2977,5.1145,1,0,0
0.0764,-0.71,0.6912,17.9466,-1.1985,4.1527,1,0,0
0.0925,-0.7151,0.7722,16.5496,3.7405,-1.0305,1,0,0
0.0203,-0.6626,0.686,12.8015,8.0,-0.7176,1,0,0
0.0754,-0.6721,0.7119,-0.7405,5.1221,-2.2824,1,0,0
0.0303,-0.6985,0.6838,-9.5725,-1.626,0.3206,1,0,0
0.0557,-0.7078,0.7214,-15.1221,-6.8321,0.2672,1,0,0
0.0786,-0.7332,0.7354,-14.313,-7.5802,-1.7634,1,0,0
0.0591,-0.7498,0.7202,-12.5115,-7.7786,-2.9084,1,0,0
0.0581,-0.7263,0.7173,-13.542,-7.2824,-3.626,1,0,0
0.0615,-0.7278,0.74,-16.374,-5.4504,-4.8397,1,0,0
0.0786,-0.697,0.7419,-19.5344,-1.8321,-5.9542,1,0,0
0.073,-0.7134,0.7441,-20.8321,0.4656,-6.1679,1,0,0
0.0701,-0.7302,0.7336,-20.8855,2.0763,-6.4504,1,0,0
0.0793,-0.7458,0.7244,-19.0382,3.5802,-4.9389,0,0,0
0.0544,-0.7563,0.6904,-17.0687,3.0382,-3.3969,0,0,0
0.0518,-0.7786,0.675,-14.5191,0.5649,-1.3206,0,0,0
0.0427,-0.793,0.6489,-10.2214,-2.1985,0.3511,0,0,0
0.0464,-0.7969,0.658,-5.4656,-4.1832,1.0916,0,0,0
0.0439,-0.7866,0.6416,-2.6183,-6.0763,1.6489,0,0,0
0.0564,-0.7917,0.6338,-1.0916,-7.8397,2.5878,0,0,0
0.0872,-0.75,0.6948,-3.9313,-2.3664,-0.7939,0,0,0
0.0715,-0.7942,0.6643,-0.2366,-7.1221,-0.0076,0,0,0
0.0537,-0.7847,0.6487,-0.0229,-8.8168,2.6183,0,0,0
0.071,-0.7324,0.6909,0.0305,-8.7481,1.6183,0,0,0
0.0747,-0.6768,0.7056,-4.1985,-3.8931,-2.0305,0,0,0
0.0923,-0.6963,0.7329,-8.7634,1.1527,-4.6794,0,0,0
0.0825,-0.7122,0.7312,-10.2901,5.0076,-7.4427,0,0,0
0.0889,-0.7034,0.7542,-14.4656,10.8855,-7.5649,0,0,0
0.0776,-0.6953,0.7241,-14.2137,12.229,-7.2748,0,0,0
0.1052,-0.7373,0.7585,-12.0992,16.9771,-9.1985,0,0,0
0.075,-0.7,0.7375,-12.0458,20.8244,-10.8321,0,0,0
0.0781,-0.6992,0.7285,-13.9237,22.1908,-12.8931,0,0,0
0.0796,-0.7192,0.7219,-18.9542,24.4656,-14.3053,0,0,0
0.0691,-0.7354,0.6921,-20.8015,24.8168,-14.6947,0,0,0
0.0671,-0.7737,0.6565,-20.2061,23.916,-12.8244,0,0,0
0.0659,-0.802,0.6323,-16.8702,21.9847,-10.5115,0,0,0
0.0496,-0.7932,0.6294,-13.2061,19.4427,-8.1679,0,0,0
0.0432,-0.7893,0.6204,-11.8855,16.6565,-7.0992,0,0,0
0.0361,-0.7932,0.6218,-10.5878,14.6565,-7.1908,0,0,0
0.033,-0.8174,0.6008,-8.5267,11.916,-6.7939,0,0,0
0.032,-0.824,0.5869,-5.5802,8.5115,-5.2672,0,0,0
0.0281,-0.8328,0.594,-2.8244,4.9771,-4.3511,0,0,0
0.0398,-0.8372,0.5906,0.1985,2.0458,-3.0,0,0,0
0.0415,-0.833,0.6011,2.4733,0.2366,-2.7023,0,0,0
0.0432,-0.8347,0.5928,3.5115,-1.2748,-1.4122,0,0,0
0.0439,-0.8298,0.6001,4.4733,-2.6565,-0.145,0,0,0
0.0518,-0.8237,0.604,4.7634,-3.7481,1.1832,0,0,0
0.0505,-0.8223,0.6182,4.5115,-5.0763,3.0534,0,0,0
0.0513,-0.8223,0.6277,4.6947,-5.8626,5.1679,0,0,0
0.0483,-0.8208,0.6274,5.9237,-7.5802,7.1374,0,0,0
0.0486,-0.8059,0.6401,6.9924,-8.1985,8.771,0,0,0
0.0491,-0.7764,0.6323,6.5344,-9.0305,8.6794,0,0,0
0.0476,-0.7629,0.6399,5.5878,-8.8931,7.8702,0,0,0
0.0564,-0.7549,0.6694,3.2443,-7.5725,7.0382,0,0,0
0.0623,-0.7734,0.6643,2.1145,-4.687,7.0916,0,0,0
0.0535,-0.7727,0.6453,2.1756,-3.7863,9.0382,0,0,0
0.0383,-0.7644,0.6404,3.7252,-3.6718,7.8702,0,0,0
0.0435,-0.7605,0.6362,4.4656,-3.9771,7.1221,0,0,0
0.0361,-0.741,0.6262,3.2137,-4.9695,6.3664,0,0,0
0.0242,-0.7349,0.6223,1.0534,-7.1832,4.6947,0,0,0
0.05,-0.7561,0.636,-1.4962,-7.9466,4.4198,0,0,0
0.0457,-0.77,0.6267,-2.4198,-8.7786,6.4122,0,0,0
0.0525,-0.7742,0.6455,-2.6641,-10.6336,7.7863,0,0,0
0.0393,-0.771,0.6267,-2.8473,-14.0763,8.771,0,0,0
0.0486,-0.7561,0.6477,-4.4351,-17.6565,9.771,0,0,0
0.0349,-0.7393,0.6409,-7.7557,-20.7252,8.8244,0,0,0
0.0603,-0.7412,0.6589,-12.3206,-21.9695,8.0916,0,0,0
0.0452,-0.762,0.668,-15.0992,-22.8321,8.6489,0,0,0
0.0576,-0.7656,0.6772,-16.5038,-22.0763,7.8855,0,0,0
0.0659,-0.7715,0.6719,-16.1298,-19.0153,6.9237,0,0,0
0.0542,-0.7734,0.6538,-14.6183,-17.1374,7.9618,0,0,0
0.0439,-0.7561,0.6526,-14.5267,-16.0687,6.8626,0,0,0
0.0483,-0.7561,0.6426,-16.0,-12.1374,4.9847,0,0,0
0.0549,-0.761,0.6543,-14.1832,-12.1374,3.9237,0,0,0
0.0549,-0.7593,0.6462,-12.6794,-9.9084,1.3435,0,0,0
0.0305,-0.7249,0.6787,-9.8473,-5.7023,-4.313,0,0,0
0.0586,-0.7595,0.6504,-6.8244,-3.1527,-3.3664,0,0,0
0.0723,-0.7358,0.6714,-2.7252,-4.3282,-3.1221,0,0,0
0.0691,-0.7542,0.6418,-2.9389,-5.7481,-3.5344,0,0,0
0.124,-0.7668,0.6738,-2.0,-7.4885,-1.4504,0,0,0
0.0466,-0.7742,0.6204,-5.5038,-11.4962,1.3817,0,0,0
0.0625,-0.7554,0.6418,-10.9389,-10.2595,-2.4504,0,0,0
0.1138,-0.8557,0.6343,-9.2901,-13.855,-0.2366,0,0,0
0.0945,-0.8159,0.6848,-10.5573,-10.771,-0.5725,0,0,0
0.1208,-0.8269,0.6743,-8.3435,-10.4046,0.8244,0,0,0
0.0757,-0.8369,0.6394,-4.8092,-10.771,1.5573,0,0,0
0.0518,-0.8066,0.614,-4.0229,-6.8779,-0.4733,0,0,0
0.1121,-0.7974,0.6943,-1.855,-4.9618,-1.6641,0,0,0
0.0803,-0.8044,0.6594,1.6794,-1.916,-3.1679,0,0,0
0.0916,-0.7764,0.6809,5.5954,3.0305,-3.4733,0,0,0
0.0674,-0.8267,0.645,14.0458,2.6107,-1.9389,0,0,0
0.0806,-0.761,0.6672,15.7557,7.8397,-3.9084,0,0,0
0.0989,-0.7458,0.6982,16.9466,9.7176,-4.9466,0,0,0
0.0852,-0.7488,0.6777,15.2748,12.2214,-5.1298,0,0,0
0.0945,-0.71,0.6895,11.8168,15.0382,-5.0611,0,0,0
0.0698,-0.718,0.6631,7.3664,15.7786,-5.4504,0,0,0
0.0659,-0.7544,0.6621,6.7939,13.3282,-4.9313,0,0,0
0.0681,-0.7456,0.6621,8.5267,9.9924,-5.9389,0,0,0
0.0486,-0.7773,0.6567,9.2519,7.458,-5.8779,0,0,0
0.0579,-0.7571,0.6721,8.7328,5.5191,-5.5878,0,0,0
0.0967,-0.7612,0.6875,6.7939,8.0229,-4.2366,0,0,0
0.1001,-0.7427,0.7019,4.0687,11.8168,-5.1221,0,0,0
0.0793,-0.7571,0.6738,2.0992,14.0611,-6.3359,0,0,0
0.0784,-0.7744,0.6675,1.5725,13.6794,-6.771,0,0,0
0.0562,-0.7566,0.6724,1.3053,12.6565,-7.3588,0,0,0
0.0752,-0.7468,0.6987,0.0687,12.1908,-8.8779,0,0,0
0.0732,-0.73,0.7002,-2.0611,13.5802,-9.3893,0,0,0
0.0247,-0.7681,0.6492,-3.2519,12.0763,-9.8702,0,0,0
0.071,-0.7751,0.6768,-3.4427,13.0153,-9.5649,0,0,0
0.0688,-0.7598,0.6909,-2.9924,15.5725,-10.4504,0,0,0
0.0728,-0.7539,0.6848,-2.4504,16.9313,-11.5573,0,0,0
0.0674,-0.7571,0.6804,-3.229,17.9618,-11.4809,0,0,0
0.0688,-0.7629,0.6726,-3.5573,17.8321,-11.0458,0,0,0
0.0659,-0.7451,0.6743,-4.5878,18.0916,-10.771,0,0,0
0.0586,-0.7561,0.6768,-6.8168,16.8931,-10.9237,0,0,0
0.0571,-0.738,0.6699,-9.542,16.7634,-11.1221,0,0,0
0.062,-0.7446,0.6638,-12.9389,15.6947,-10.3053,0,0,0
0.0491,-0.7673,0.6375,-14.8779,14.313,-9.2901,0,0,0
0.0388,-0.7795,0.6387,-15.7023,13.4962,-8.7176,0,0,0
0.0496,-0.7732,0.6218,-16.0,12.8473,-8.2443,0,0,0
0.0439,-0.7852,0.6006,-15.8626,11.3435,-7.771,0,0,0
0.0369,-0.8022,0.5906,-14.8092,8.6412,-6.1756,0,0,0
0.0369,-0.8157,0.5791,-13.6336,5.458,-4.2748,0,0,0
0.0364,-0.8269,0.5688,-11.9008,1.5496,-2.3817,0,0,0
0.0488,-0.8389,0.5781,-9.3511,-1.5954,-0.2137,0,0,0
0.0513,-0.8284,0.5879,-7.4351,-3.2443,1.084,0,0,0
0.0591,-0.8369,0.5952,-5.7481,-4.1832,2.4046,0,0,0
0.0603,-0.8367,0.5981,-3.5267,-4.8397,3.5267,0,0,0
0.0632,-0.8198,0.6084,-1.2977,-4.5954,4.7557,0,0,0
0.0588,-0.804,0.6072,-1.6718,-4.0534,4.6107,0,0,0
0.0522,-0.7969,0.6199,-2.8244,-4.0305,4.4504,1,0,0
0.0618,-0.79,0.6287,-2.8473,-4.771,4.6565,1,0,0
0.0571,-0.7876,0.6311,-3.3206,-5.8092,5.229,1,0,0
0.0566,-0.7893,0.6392,-4.687,-6.2366,6.4198,1,0,0
0.052,-0.7988,0.6409,-4.542,-7.6641,7.4046,1,0,0
0.0591,-0.7827,0.6582,-5.6336,-7.1145,8.5725,1,0,0
0.0747,-0.7754,0.6692,-5.9237,-5.8244,9.2901,1,0,0
0.0503,-0.7419,0.6978,-7.2595,-1.1145,4.9313,1,0,0
0.0657,-0.7576,0.6812,-7.5954,1.4198,4.7634,1,0,0
0.054,-0.7493,0.7029,-5.6336,4.5802,4.3817,1,0,0
0.0586,-0.7402,0.7017,-4.6489,7.0076,2.2824,1,0,0
0.0515,-0.741,0.687,-2.9924,8.0534,0.8702,1,0,0
0.0383,-0.7498,0.6707,-1.6183,7.4275,-0.6107,1,0,0
0.0383,-0.7561,0.6538,-1.9924,6.1527,-1.4504,1,0,0
0.0422,-0.7817,0.6448,-4.5191,4.916,-1.6336,1,0,0
0.0532,-0.8394,0.6355,-4.626,6.7634,-0.5725,1,0,0
0.0613,-0.8718,0.6194,-4.5191,8.084,4.1603,1,0,0
0.051,-0.8721,0.6035,-5.5267,7.626,9.3588,1,0,0
0.051,-0.8635,0.6194,-5.7634,8.7328,11.0,1,0,0
0.0479,-0.8528,0.6301,-2.0992,11.1221,11.084,1,0,0
0.0271,-0.8396,0.6008,4.0763,11.7634,8.9847,1,0,0
0.0342,-0.8174,0.5969,8.2519,10.771,7.3893,1,0,0
0.0237,-0.8064,0.6001,8.458,10.3664,6.5115,1,0,0
0.0349,-0.7896,0.6296,7.4351,11.229,6.2977,1,0,0
0.0132,-0.7791,0.6169,7.1985,10.5954,7.1145,1,0,0
0.0256,-0.769,0.6484,8.5496,9.4504,6.8397,1,0,0
0.0144,-0.7478,0.6616,8.0229,8.3664,8.0305,1,0,0
0.0168,-0.7363,0.6653,5.6947,8.0,8.8244,1,0,0
0.0164,-0.7412,0.6765,2.084,7.9237,9.1908,1,0,0
0.0313,-0.7527,0.698,2.3282,9.8626,8.7863,1,0,0
-0.0291,-0.7529,0.6567,1.542,10.9771,6.3282,1,0,0
-0.0093,-0.7397,0.6453,0.7176,9.1069,5.1298,1,0,0
-0.0276,-0.7139,0.6506,-2.3588,6.1527,3.3282,1,0,0
-0.0183,-0.7258,0.6196,-6.1908,2.8321,1.542,1,0,0
-0.0188,-0.7834,0.5962,-7.9237,-0.687,0.9237,1,0,0
-0.0122,-0.8079,0.5823,-3.6489,-1.4656,2.3969,1,0,0
0.0198,-0.8037,0.5942,1.6718,-1.5344,2.5267,1,0,0
-0.0161,-0.7595,0.5898,7.7634,0.9466,1.2061,1,0,0
0.0024,-0.7598,0.6331,11.4351,2.9771,-1.7023,1,0,0
-0.0054,-0.7607,0.6267,16.0534,2.0763,-3.0076,1,0,0
-0.0144,-0.7385,0.6699,19.7786,1.6183,-3.7939,1,0,0
-0.001,-0.7319,0.6902,20.9771,1.8473,-4.3588,1,0,0
0.0051,-0.7434,0.6973,18.4275,1.2137,-3.6718,1,0,0
0.0024,-0.7449,0.6938,17.229,-0.0534,-2.5267,1,0,0
0.0234,-0.748,0.696,13.4809,-1.1756,-2.0687,1,0,0
0.0117,-0.7566,0.6951,9.1985,-0.8931,-1.9389,1,0,0
0.0076,-0.7632,0.7004,5.5496,0.1679,-0.9466,1,0,0
0.0034,-0.7649,0.7039,3.6412,0.687,-0.542,1,0,0
0.0093,-0.7515,0.7229,2.229,2.0992,-0.7405,1,0,0
0.0029,-0.7407,0.7117,0.0992,3.6107,-2.0305,1,0,0
0.0105,-0.73,0.6956,-2.0,6.5878,-3.7252,1,0,0
0.0168,-0.7361,0.6934,-2.6489,8.7328,-4.8931,1,0,0
0.0044,-0.7383,0.668,-3.6565,9.5115,-5.3969,1,0,0
-0.0039,-0.7424,0.6741,-4.916,9.313,-6.1221,1,0,0
-0.0122,-0.7554,0.6484,-4.7939,6.5573,-6.1374,1,0,0
0.0012,-0.7756,0.6721,-4.5267,3.5649,-5.2214,1,0,0
0.0115,-0.7734,0.6975,-1.6031,1.1679,-2.4504,1,0,0
0.0295,-0.7727,0.7007,1.3359,2.2366,-1.7023,1,0,0
0.0288,-0.7529,0.6863,2.6489,4.626,-3.5267,1,0,0
0.0247,-0.7661,0.6733,3.1679,5.0916,-4.1603,1,0,0
0.0044,-0.7744,0.6443,1.8015,4.771,-3.7557,1,0,0
0.01,-0.7869,0.6509,2.2214,4.0611,-3.5191,1,0,0
0.0083,-0.7922,0.6582,3.3969,3.6031,-2.2443,1,0,0
0.0127,-0.7878,0.6697,3.7481,2.8321,-0.4351,1,0,0
0.0149,-0.8113,0.6675,5.1603,1.2595,1.771,1,0,0
0.0291,-0.761,0.7253,6.5267,3.9924,0.5496,1,0,0
0.0171,-0.6619,0.7302,1.3435,9.1221,-4.4198,1,0,0
-0.0107,-0.7607,0.7109,1.2214,11.1756,-4.1527,1,0,0
0.0195,-0.7847,0.7178,6.2519,10.2672,-1.7481,1,0,0
0.002,-0.7488,0.7134,7.4885,12.6107,-1.6794,1,0,0
-0.0151,-0.7307,0.7065,7.5267,13.0229,-2.1832,1,0,0
-0.0022,-0.7246,0.7034,4.8473,12.7328,-3.1832,1,0,0
-0.01,-0.7339,0.6973,1.4733,13.4046,-3.3817,1,0,0
-0.0166,-0.7422,0.6765,-1.2061,13.4504,-2.7863,1,0,0
-0.0222,-0.7434,0.6675,-2.5802,12.9313,-2.7328,1,0,0
-0.0352,-0.7505,0.6494,-4.3359,10.9924,-2.3511,1,0,0
-0.0364,-0.7554,0.6428,-5.6947,9.0534,-1.7328,1,0,0
-0.0244,-0.7539,0.647,-6.145,8.2672,-1.0992,1,0,0
-0.0376,-0.7649,0.6345,-6.1221,6.0229,-0.7557,1,0,0
-0.0381,-0.7666,0.6343,-4.6794,4.1603,-0.374,1,0,0
-0.0371,-0.7661,0.6365,-3.5267,2.229,-0.0992,1,0,0
-0.019,-0.7764,0.6533,-2.0992,1.7099,-0.0153,0,0,0
-0.0151,-0.7654,0.658,-1.4122,1.6641,0.3053,0,0,0
-0.0154,-0.7664,0.6633,-2.3893,1.1527,0.1756,0,0,0
-0.02,-0.7622,0.6665,-2.7863,1.145,0.5496,0,0,0
-0.021,-0.7568,0.667,-3.1603,1.0076,-0.0229,0,0,0
-0.0203,-0.771,0.6721,-3.1298,-0.2366,0.3664,0,0,0
-0.022,-0.7581,0.6687,-2.0534,-1.0916,1.0229,0,0,0
-0.0129,-0.7527,0.6741,-2.145,-1.5573,0.6336,0,0,0
-0.0178,-0.7505,0.6804,-2.3206,-1.1908,0.9389,0,0,0
-0.0129,-0.7463,0.6851,-2.145,-0.0534,0.9618,0,0,0
-0.0166,-0.7458,0.6873,-1.5954,0.855,0.374,0,0,0
-0.0242,-0.7344,0.6799,-1.1603,0.6183,-0.229,0,0,0
-0.0288,-0.7378,0.6726,-0.9618,0.374,-1.0916,0,0,0
-0.0237,-0.7314,0.6736,-1.1679,0.4733,-1.4504,0,0,0
-0.0286,-0.7351,0.6653,-1.6641,-0.3969,-1.4198,0,0,0
-0.0291,-0.7397,0.6711,-1.3435,-1.4427,-1.3511,0,0,0
-0.022,-0.7402,0.6802,-0.4351,-2.1985,-0.9618,0,0,0
-0.0181,-0.7302,0.6877,-0.0076,-2.2824,-2.1756,0,0,0
-0.0151,-0.7278,0.6904,-1.1145,-1.2748,-2.8779,0,0,0
-0.0161,-0.7451,0.6931,-1.6565,-0.542,-3.313,0,0,0
-0.0083,-0.7524,0.7097,0.0,1.1985,-3.2595,0,0,0
-0.002,-0.7595,0.7163,1.7786,2.8702,-3.916,0,0,0
-0.0068,-0.7478,0.7295,2.8779,5.1832,-4.1603,0,0,0
-0.0066,-0.75,0.7292,4.0153,7.5496,-4.4122,0,0,0
-0.0034,-0.748,0.7388,5.2443,9.5496,-4.6718,0,0,0
-0.0095,-0.7458,0.7261,6.1985,11.5038,-5.6947,0,0,0
-0.0078,-0.7383,0.7178,6.7557,12.5878,-6.7176,0,0,0
-0.0134,-0.7383,0.71,6.2366,13.5954,-7.5725,0,0,0
-0.0159,-0.7568,0.7051,6.6565,13.1985,-7.687,0,0,0
-0.0173,-0.7637,0.7129,9.5725,13.2214,-7.2061,0,0,0
-0.0156,-0.7664,0.7129,13.9008,13.5802,-6.9847,0,0,0
-0.0117,-0.7522,0.7114,18.2595,14.1527,-6.4198,0,0,0
-0.0142,-0.7385,0.718,20.5114,15.5802,-7.0305,0,0,0
-0.0151,-0.7188,0.7146,21.6031,17.0,-7.7557,0,0,0
-0.021,-0.7251,0.7085,22.5573,17.3359,-7.9466,0,0,0
-0.0237,-0.731,0.7119,24.458,16.9084,-7.8779,0,0,0
-0.0266,-0.7263,0.7034,26.8397,16.5954,-8.229,0,0,0
-0.0212,-0.7178,0.7024,27.2901,15.916,-8.6947,0,0,0
-0.0251,-0.6868,0.7085,24.8473,15.7634,-9.4427,0,0,0
-0.0261,-0.6909,0.7021,20.8244,15.3053,-10.5267,0,0,0
-0.0251,-0.7012,0.6975,17.9389,14.6565,-10.8321,0,0,0
-0.0308,-0.7219,0.6873,17.3282,13.0916,-10.2901,0,0,0
-0.0354,-0.7236,0.6875,16.9618,11.5496,-10.2824,0,0,0
-0.0288,-0.7153,0.6914,16.0382,9.5725,-9.5878,0,0,0
-0.0342,-0.7078,0.6941,14.855,8.3435,-8.4504,0,0,0
-0.0371,-0.7134,0.7004,14.229,7.0687,-7.4733,0,0,0
-0.0461,-0.7141,0.7009,15.2443,4.9618,-7.1069,0,0,0
-0.042,-0.7141,0.7117,18.4809,3.6031,-8.0611,0,0,0
-0.0378,-0.698,0.7266,21.687,3.2901,-9.3511,0,0,0
-0.0259,-0.698,0.7354,23.2519,3.9695,-9.8779,0,0,0
-0.0273,-0.6924,0.7439,23.0076,5.1527,-9.2824,0,0,0
-0.0291,-0.6914,0.7458,22.7176,6.3588,-9.313,0,0,0
-0.0361,-0.6821,0.7383,22.313,6.2214,-8.6183,0,0,0
-0.0388,-0.6946,0.7507,23.0,5.0,-8.3588,0,0,0
-0.0369,-0.6831,0.7542,24.4351,4.229,-8.2901,0,0,0
-0.0264,-0.6663,0.759,25.1145,3.7557,-8.5954,0,0,0
-0.03,-0.6472,0.751,22.1527,3.2061,-10.2977,0,0,0
-0.0337,-0.6414,0.7595,18.5954,3.0687,-11.855,0,0,0
-0.032,-0.6567,0.7598,16.8244,2.7786,-12.855,0,0,0
-0.0283,-0.6621,0.7605,17.1374,2.4809,-12.1603,0,0,0
-0.0256,-0.666,0.7612,18.626,2.0153,-10.9008,0,0,0
-0.0269,-0.6531,0.7617,19.8321,0.8702,-10.374,0,0,0
-0.031,-0.6384,0.7603,18.8855,-1.0076,-10.4733,0,0,0
-0.0288,-0.626,0.7568,16.5267,-2.4198,-10.9618,0,0,0
-0.0239,-0.6265,0.7654,14.0,-4.1527,-10.5878,0,0,0
-0.0151,-0.6089,0.7715,12.5267,-5.6183,-11.2214,0,0,0
-0.0178,-0.6292,0.7695,11.0458,-5.1679,-10.7252,0,0,0
-0.0151,-0.6377,0.7827,11.3969,-5.7405,-9.1679,0,0,0
-0.0059,-0.6399,0.7896,13.2595,-5.8168,-8.3359,0,0,0
-0.0122,-0.6272,0.7871,14.0382,-7.0611,-8.1756,0,0,0
-0.0125,-0.613,0.7854,12.626,-8.8168,-8.6641,0,0,0
-0.0105,-0.6125,0.7896,9.6489,-10.1603,-9.0992,0,0,0
0.0068,-0.6204,0.7866,6.0,-9.5725,-8.9847,0,0,0
-0.0059,-0.6296,0.7939,3.7099,-9.6565,-8.4809,0,0,0
0.0027,-0.6436,0.803,3.855,-11.084,-7.9008,0,0,0
-0.001,-0.6404,0.8076,5.4275,-11.7023,-6.7176,0,0,0
-0.0012,-0.6313,0.8008,6.458,-12.6565,-7.1679,0,0,0
-0.0037,-0.6233,0.7925,6.8168,-14.1832,-7.626,0,0,0
-0.0073,-0.6223,0.7876,7.3664,-16.0153,-8.2214,0,0,0
-0.0002,-0.6309,0.7771,7.0763,-17.8931,-8.0382,0,0,0
0.0203,-0.647,0.7856,7.1374,-19.8397,-6.9695,0,0,0
0.0398,-0.6448,0.8142,7.4656,-17.0763,-4.6718,0,0,0
0.0339,-0.6306,0.8191,6.916,-14.4962,-2.9771,0,0,0
0.0288,-0.6204,0.8181,4.7023,-10.7023,-3.3053,0,0,0
0.0229,-0.6143,0.8044,1.2672,-9.7557,-3.1756,0,0,0
0.019,-0.6267,0.7974,-0.1527,-11.3435,-2.855,0,0,0
0.0137,-0.6255,0.7988,-0.5344,-13.7634,-1.9618,0,0,0
0.0317,-0.6279,0.8154,-0.5802,-14.458,-0.6947,0,0,0
0.0322,-0.6174,0.8235,-0.5115,-13.5191,-0.4809,0,0,0
0.0342,-0.6179,0.8325,-0.0611,-12.0076,-0.6183,0,0,0
0.0427,-0.6216,0.8372,1.0916,-10.3511,-0.9695,0,0,0
0.0425,-0.6125,0.8452,2.1603,-8.9389,-1.5496,0,0,0
0.0447,-0.5986,0.842,1.7405,-7.1069,-2.2824,0,0,0
0.0427,-0.6006,0.8367,-0.0687,-5.4809,-2.6412,0,0,0
0.0422,-0.6021,0.8374,-1.6107,-4.4351,-2.8626,0,0,0
0.0398,-0.6052,0.8325,-2.8702,-3.5115,-3.2214,0,0,0
0.0388,-0.6133,0.8293,-3.9695,-2.626,-2.9847,0,0,0
0.0327,-0.6143,0.8293,-4.4733,-2.8702,-2.5496,0,0,0
0.0437,-0.6213,0.8345,-4.3282,-1.9618,-2.5267,0,0,0
0.0444,-0.6226,0.8267,-3.9847,-1.2748,-2.542,0,0,0
0.0425,-0.614,0.8193,-4.1145,-0.7939,-1.7405,0,0,0
0.0364,-0.6216,0.8015,-4.7557,-1.1374,-1.5191,0,0,0
0.0315,-0.6211,0.8054,-5.687,-1.7328,-1.3359,0,0,0
0.0378,-0.6318,0.8203,-5.8931,-1.8321,-0.8244,0,0,0
0.0403,-0.6338,0.8164,-6.0687,-2.0076,-0.0458,0,0,0
0.0486,-0.6311,0.8271,-6.4427,-1.5878,0.5496,0,0,0
0.0425,-0.6301,0.8223,-6.9847,-0.5115,1.2061,0,0,0
0.0371,-0.6282,0.8127,-7.855,-0.1679,1.2214,0,0,0
0.0354,-0.6277,0.8049,-8.6107,-0.3588,2.084,0,0,0
0.0359,-0.6326,0.8015,-8.9695,-1.3893,2.542,0,0,0
0.0449,-0.6392,0.8032,-10.2214,-1.2366,2.7634,0,0,0
0.0476,-0.6418,0.8184,-11.1908,-0.9847,3.5344,0,0,0
0.0493,-0.6523,0.803,-11.9313,-0.2824,4.8168,0,0,0
0.0452,-0.6521,0.8049,-12.5802,0.5115,5.9695,0,0,0
0.0405,-0.6536,0.7896,-13.5573,0.8092,7.0,0,0,0
0.0293,-0.6465,0.7732,-14.7786,0.0992,7.9695,0,0,0
0.0251,-0.6526,0.7732,-15.7939,-1.9695,8.9313,0,0,0
0.0273,-0.6538,0.7764,-16.1832,-3.542,9.5573,0,0,0
0.0293,-0.655,0.7815,-16.6947,-4.5954,10.6107,0,0,0
0.0293,-0.6509,0.7759,-17.0305,-5.2748,11.9313,0,0,0
0.0313,-0.6492,0.771,-17.4504,-5.6718,12.6718,0,0,0
0.0232,-0.6484,0.7622,-17.6031,-5.9771,12.7099,0,0,0
0.0266,-0.6526,0.7654,-17.8092,-6.3206,12.6794,0,0,0
0.0217,-0.6565,0.7603,-17.9542,-7.2366,12.2748,0,0,0
0.0198,-0.658,0.7532,-17.5878,-8.5267,12.6336,0,0,0
0.0151,-0.6587,0.7598,-17.1679,-9.4427,12.7634,0,0,0
0.0249,-0.6587,0.7686,-15.5649,-10.1069,13.1145,0,0,0
0.0303,-0.666,0.7769,-14.3664,-9.6641,13.5496,0,0,0
0.0234,-0.6606,0.772,-13.0,-9.1527,13.2901,0,0,0
0.0322,-0.6631,0.7671,-12.7939,-9.1527,13.313,0,0,0
0.0269,-0.6594,0.7729,-12.7939,-9.5038,13.2061,0,0,0
0.0344,-0.668,0.7786,-12.313,-9.8168,12.6107,0,0,0
0.0364,-0.6643,0.7786,-11.3969,-8.4809,12.229,0,0,0
0.0342,-0.6606,0.7729,-11.0305,-7.9542,12.4809,0,0,0
0.0344,-0.6587,0.77,-10.8626,-7.6412,13.0458,0,0,0
0.0295,-0.6558,0.7656,-11.9313,-7.9847,13.9313,0,0,0
0.0273,-0.6575,0.7625,-12.8473,-8.6489,13.6031,0,0,0
0.0308,-0.6624,0.7742,-12.6031,-9.0153,13.0763,0,0,0
0.0327,-0.6602,0.7666,-11.7634,-8.9237,11.6718,0,0,0
0.0291,-0.6567,0.7737,-10.771,-8.2901,10.084,0,0,0
0.0417,-0.6531,0.7708,-9.5725,-6.5954,8.1374,0,0,0
0.0422,-0.6523,0.7783,-9.084,-4.4656,6.0763,0,0,0
0.031,-0.6592,0.7649,-7.9389,-3.2824,3.7176,0,0,0
0.0393,-0.6772,0.7585,-6.4275,-2.8168,2.2672,0,0,0
0.0371,-0.6819,0.7534,-5.0076,-2.8702,3.0534,0,0,0
0.0366,-0.6858,0.7585,-4.5115,-3.7786,4.2672,0,0,0
0.0369,-0.6799,0.7603,-5.6641,-3.8321,5.4275,0,0,0
0.0291,-0.6785,0.7483,-7.1221,-4.3053,5.626,0,0,0
0.0276,-0.6848,0.7385,-8.5802,-5.229,5.9008,0,0,0
0.0286,-0.6904,0.7451,-9.4122,-6.2137,6.1985,0,0,0
0.0259,-0.6934,0.739,-9.8931,-7.4275,6.8779,0,0,0
0.0249,-0.6899,0.7305,-10.4885,-7.9695,7.0687,0,0,0
0.0276,-0.6853,0.7371,-10.3206,-9.4046,7.3664,0,0,0
0.0303,-0.6904,0.7466,-10.6412,-10.2519,7.3053,0,0,0
0.0227,-0.6841,0.7407,-10.0,-10.1221,7.1145,0,0,0
0.0291,-0.6807,0.739,-9.2061,-10.5725,6.8855,0,0,0
0.0271,-0.6807,0.731,-9.0534,-10.6794,6.0,0,0,0
0.031,-0.6787,0.7466,-7.5344,-10.0763,4.6794,1,0,0
0.0364,-0.6821,0.7605,-5.6641,-8.1908,2.8931,1,0,0
0.032,-0.6804,0.7583,-3.7328,-6.1221,1.0611,1,0,0
0.0403,-0.6736,0.7698,-2.0611,-3.2137,-0.5496,1,0,0
0.03,-0.6614,0.7749,-1.2977,-0.8092,-1.9313,1,0,0
0.0215,-0.6563,0.761,-1.1832,-0.2366,-3.1679,1,0,0
0.0129,-0.666,0.7651,-0.9618,-0.7405,-3.6183,1,0,0
0.02,-0.6714,0.7532,-0.5649,-1.1985,-3.7939,1,0,0
0.0217,-0.687,0.7512,-0.1908,-1.4885,-3.7939,1,0,0
0.03,-0.6804,0.7551,-0.9771,-1.6718,-3.1832,1,0,0
0.0269,-0.6941,0.7517,-2.3664,-1.5191,-2.4962,1,0,0
0.0359,-0.7183,0.7517,-0.626,-1.4122,-1.5649,1,0,0
0.0315,-0.6926,0.7444,-0.4504,-0.916,-1.1985,1,0,0
0.0276,-0.6895,0.7529,-1.0,-1.3893,-1.6947,1,0,0
0.0356,-0.6919,0.7603,-1.1145,-0.7405,-2.2214,1,0,0
0.0359,-0.6956,0.7703,-0.313,0.8931,-2.8015,1,0,0
0.0344,-0.6943,0.761,0.5344,1.8931,-3.229,1,0,0
0.0381,-0.696,0.7603,0.8168,3.229,-3.9389,1,0,0
0.0281,-0.6956,0.7456,0.0916,3.1298,-3.6641,1,0,0
0.0315,-0.699,0.75,-0.6641,2.6794,-3.084,1,0,0
0.0298,-0.7063,0.74,-1.6412,1.5878,-2.2366,1,0,0
0.0269,-0.7058,0.7371,-2.4122,0.8397,-1.1069,1,0,0
0.0327,-0.7021,0.7444,-3.5344,0.313,-0.9466,1,0,0
0.0354,-0.698,0.748,-3.9695,0.687,-0.8397,1,0,0
0.0347,-0.6997,0.7498,-3.7328,1.084,-0.9008,1,0,0
0.0313,-0.7,0.7444,-3.7939,1.2061,-1.2443,1,0,0
0.033,-0.7004,0.7422,-2.6947,1.0153,-1.0382,1,0,0
0.0344,-0.6978,0.7461,-1.4504,1.1374,-0.7405,1,0,0
0.0356,-0.6958,0.7546,-1.2519,1.8092,-0.6412,1,0,0
0.0444,-0.6943,0.7542,-1.1145,2.5115,-0.6183,1,0,0
0.0396,-0.6797,0.7668,-1.5344,3.5496,-1.0076,1,0,0
0.0374,-0.6821,0.7659,-2.1908,4.542,-1.4656,1,0,0
0.042,-0.6895,0.7556,-2.2595,5.5573,-1.8473,1,0,0
0.0366,-0.6875,0.7646,-2.2672,6.5954,-1.9542,1,0,0
0.0413,-0.6902,0.7612,-1.9924,8.1069,-2.2595,1,0,0
0.0354,-0.6851,0.7615,-2.2214,9.9847,-2.9924,1,0,0
0.0342,-0.688,0.7537,-2.6794,11.4656,-3.4046,1,0,0
0.0354,-0.6926,0.7534,-2.9542,13.0916,-3.4351,1,0,0
0.0261,-0.6963,0.7544,-3.0763,15.2214,-3.2137,1,0,0
0.0278,-0.6946,0.7578,-2.9847,16.4809,-2.5115,1,0,0
0.0093,-0.697,0.7441,-4.1908,17.2901,-1.7481,1,0,0
0.011,-0.6912,0.7356,-5.5496,16.6489,-1.2672,1,0,0
0.0164,-0.6951,0.7327,-6.8931,15.4885,-0.2824,1,0,0
-0.0022,-0.7087,0.7231,-8.0305,14.7863,-0.1527,1,0,0
0.0112,-0.7083,0.729,-8.5038,14.313,0.2748,1,0,0
0.0117,-0.7205,0.7236,-7.9771,15.1221,1.2137,1,0,0
0.0022,-0.7183,0.7317,-8.2595,15.6794,2.4046,1,0,0
-0.0073,-0.7053,0.7231,-8.6794,15.5649,2.9847,0,0,0
-0.019,-0.7078,0.708,-9.1908,13.6336,3.4962,0,0,0
-0.0208,-0.7058,0.7026,-9.0763,10.5649,3.7481,0,0,0
-0.022,-0.7063,0.7009,-8.5267,7.3282,3.6183,0,0,0
-0.0139,-0.7056,0.7058,-8.145,5.1221,4.0534,0,0,0
-0.0181,-0.7002,0.719,-7.9924,3.8626,3.542,0,0,0
-0.0132,-0.7021,0.7158,-8.0763,2.771,3.313,0,0,0
-0.011,-0.697,0.7144,-8.3817,2.5115,2.8702,0,0,0
-0.0098,-0.7058,0.7195,-8.4504,1.9542,3.0076,0,0,0
-0.0071,-0.7061,0.7244,-8.084,1.5878,3.1069,0,0,0
-0.0081,-0.7065,0.73,-7.687,1.9924,3.5573,0,0,0
-0.0181,-0.7043,0.7219,-8.0,0.6031,3.3588,0,0,0
-0.0154,-0.7085,0.728,-8.0611,-0.0916,3.626,0,0,0
-0.0215,-0.7029,0.7178,-7.6947,-1.1527,3.229,0,0,0
-0.0146,-0.7087,0.7212,-7.3053,-1.626,3.2366,0,0,0
-0.019,-0.7156,0.7241,-7.7252,-2.7328,2.5878,0,0,0
-0.0054,-0.7239,0.7258,-7.0763,-2.7939,2.7786,0,0,0
-0.0103,-0.73,0.7297,-6.5038,-2.1756,3.7481,0,0,0
-0.0071,-0.7288,0.7231,-6.313,-2.5649,5.0,1,0,0
-0.0142,-0.7268,0.7253,-7.5649,-3.084,6.2366,1,0,0
-0.0176,-0.7249,0.7131,-9.5496,-3.7863,7.8015,1,0,0
-0.0166,-0.7207,0.7202,-11.3664,-4.7481,8.4122,1,0,0
-0.0234,-0.7202,0.7053,-12.8015,-5.5496,8.1603,1,0,0
-0.0254,-0.7227,0.7048,-12.9618,-6.0611,7.8015,1,0,0
-0.0205,-0.7219,0.7227,-12.4733,-6.2061,7.2061,1,0,0
-0.0256,-0.7136,0.7144,-11.6565,-6.2366,5.8702,1,0,0
-0.0098,-0.7087,0.7297,-9.8626,-4.6565,4.5038,1,0,0
-0.0173,-0.7073,0.7483,-2.0458,-0.687,1.0229,1,0,0
-0.0232,-0.6626,0.7271,0.8092,3.0763,-0.8092,1,0,0
-0.0366,-0.6687,0.7224,0.8473,3.8015,-2.7328,1,0,0
-0.0317,-0.6702,0.7178,-0.0763,2.9466,-3.3282,1,0,0
-0.0293,-0.6946,0.7151,-1.3511,1.542,-3.9237,1,0,0
-0.0339,-0.699,0.7063,-3.0153,-0.771,-4.0,1,0,0
-0.0288,-0.7083,0.7068,-4.8626,-2.4046,-3.5115,1,0,0
-0.0225,-0.7212,0.7158,-5.2824,-3.2748,-3.1756,1,0,0
-0.0212,-0.72,0.7197,-4.6565,-2.1374,-4.2824,1,0,0
-0.0039,-0.7571,0.7305,-1.8244,0.2214,-5.0992,1,0,0
0.0029,-0.7341,0.7271,2.3435,4.1908,-6.0153,1,0,0
-0.0161,-0.7334,0.7183,5.229,6.0153,-7.0,1,0,0
-0.0205,-0.7441,0.7175,7.229,6.3359,-7.8244,1,0,0
-0.0234,-0.7415,0.7051,8.6031,5.7099,-7.3053,1,0,0
-0.0273,-0.7373,0.6929,7.5496,4.0,-4.9618,1,0,0
-0.0249,-0.7344,0.7085,4.916,1.4504,-2.8168,1,0,0
-0.0217,-0.7393,0.7104,1.3893,0.0534,-1.7863,1,0,0
-0.0164,-0.7407,0.7117,-1.2977,-0.9542,-1.1832,1,0,0
-0.0125,-0.7524,0.7148,-2.5344,-1.3053,-0.6489,1,0,0
-0.0127,-0.7542,0.7197,-3.3053,-1.1374,1.0153,1,0,0
-0.0093,-0.7549,0.7292,-3.5496,-0.4351,1.7557,1,0,0
-0.0037,-0.752,0.7371,-3.8626,1.374,2.7557,1,0,0
-0.0173,-0.7385,0.7317,-4.4198,3.1298,3.145,1,0,0
-0.0278,-0.7385,0.7258,-5.2748,2.8244,4.0382,1,0,0
-0.0254,-0.7432,0.7241,-5.3511,2.7786,4.7252,1,0,0
-0.0347,-0.7292,0.7209,-5.4733,2.0382,4.9389,1,0,0
-0.0242,-0.7283,0.7214,-6.3969,2.1145,5.3206,1,0,0
-0.0244,-0.7241,0.7224,-7.2901,3.0,5.8855,1,0,0
-0.0247,-0.7214,0.7278,-7.9237,4.6183,6.1832,1,0,0
-0.0315,-0.7271,0.7241,-7.8702,5.4733,6.0611,1,0,0
-0.0393,-0.7112,0.7209,-7.7099,5.4733,5.4198,1,0,0
-0.0283,-0.7195,0.7222,-7.5878,6.3511,5.3359,1,0,0
-0.0308,-0.7083,0.7268,-7.626,7.0,5.2214,1,0,0
-0.0288,-0.7122,0.7222,-7.0229,7.2137,5.1832,1,0,0
-0.0288,-0.7156,0.7188,-6.8092,8.1603,5.5267,1,0,0
-0.0432,-0.718,0.7053,-6.687,7.9084,5.313,1,0,0
-0.0442,-0.7188,0.6992,-6.6794,6.5115,5.3588,1,0,0
-0.0474,-0.7078,0.6951,-6.145,5.7328,4.5725,1,0,0
-0.0457,-0.7083,0.6963,-5.7252,4.6565,3.0992,1,0,0
-0.0349,-0.7058,0.6995,-4.5344,4.9618,2.3969,1,0,0
-0.0393,-0.7083,0.7078,-3.3664,6.4427,1.6489,1,0,0
-0.0454,-0.7043,0.7139,-2.7481,6.7939,1.1756,1,0,0
-0.0488,-0.7031,0.7041,-2.8626,7.2443,0.3969,1,0,0
-0.05,-0.7141,0.7063,-4.2443,6.7176,0.5573,1,0,0
-0.0432,-0.7214,0.7041,-6.2672,6.3282,1.2824,1,0,0
-0.0464,-0.729,0.7061,-7.229,6.0153,1.1069,1,0,0
-0.0522,-0.738,0.6985,-7.5649,5.6794,0.6794,1,0,0
-0.0491,-0.7478,0.6963,-6.3969,4.9466,1.145,1,0,0
-0.0581,-0.7405,0.6921,-5.4122,4.5802,1.6183,1,0,0
-0.0498,-0.738,0.6909,-5.0076,4.3282,1.3664,1,0,0
-0.0481,-0.7332,0.6804,-5.4656,4.8244,1.2214,1,0,0
-0.0542,-0.7336,0.6848,-6.3664,4.8168,1.5115,1,0,0
-0.0474,-0.7405,0.6992,-7.5725,5.3206,1.687,1,0,0
-0.053,-0.7451,0.699,-7.9466,6.2901,2.1679,1,0,0
-0.0552,-0.7363,0.6919,-8.6183,5.8244,2.6336,1,0,0
-0.0635,-0.7305,0.6882,-10.0687,5.2519,2.542,1,0,0
-0.0813,-0.7324,0.6848,-10.8473,3.7405,1.8321,1,0,0
-0.0701,-0.7456,0.687,-11.3588,2.6641,1.9084,1,0,0
-0.0684,-0.7371,0.6846,-11.313,1.8168,1.5649,1,0,0
-0.0664,-0.7544,0.6812,-10.2366,1.9695,1.7328,1,0,0
-0.0701,-0.7473,0.6887,-8.9313,1.7328,1.4122,1,0,0
-0.0608,-0.7549,0.6914,-7.8015,2.0458,1.3053,1,0,0
-0.062,-0.7542,0.6892,-6.626,3.084,1.5802,1,0,0
-0.0686,-0.7493,0.6897,-5.9008,3.7863,1.9542,1,0,0
-0.072,-0.7412,0.6917,-6.1374,3.8321,2.3206,1,0,0
-0.0691,-0.7488,0.687,-6.7634,3.3664,2.229,1,0,0
-0.0764,-0.7412,0.6821,-7.2901,3.6794,2.2061,1,0,0
-0.073,-0.752,0.6851,-7.855,3.7939,2.5878,1,0,0
-0.0767,-0.7515,0.6829,-8.3664,4.3969,2.374,1,0,0
-0.0591,-0.7695,0.707,-8.4504,5.1985,2.4656,1,0,0
-0.0605,-0.7571,0.7014,-7.5038,7.5878,2.8931,1,0,0
-0.0764,-0.7537,0.6851,-7.6718,7.9237,3.1679,1,0,0
-0.0867,-0.751,0.6812,-7.9389,7.5802,2.9389,1,0,0
-0.0771,-0.7563,0.6865,-8.4809,7.3817,2.7863,1,0,0
-0.0757,-0.7617,0.6902,-8.6107,7.7099,3.1069,1,0,0
-0.0771,-0.7598,0.6951,-8.4885,8.9466,3.1679,1,0,0
-0.0806,-0.759,0.6912,-8.1679,9.5954,3.0382,1,0,0
-0.0742,-0.7673,0.7009,-8.1908,10.5573,3.3435,1,0,0
-0.0879,-0.761,0.6982,-7.2366,12.1069,4.0687,1,0,0
-0.0835,-0.7566,0.6929,-6.9008,12.6565,4.0,1,0,0
-0.0935,-0.7507,0.6895,-7.5115,13.8168,4.458,1,0,0
-0.0986,-0.7471,0.6865,-7.8473,14.7481,4.0534,1,0,0
-0.1013,-0.751,0.6892,-8.2748,15.916,3.5725,1,0,0
-0.1067,-0.7485,0.6775,-8.313,16.3664,2.5496,1,0,0
-0.1108,-0.7637,0.668,-7.3206,16.4046,2.4656,1,0,0
-0.1184,-0.7522,0.6563,-5.7405,15.0153,2.7786,1,0,0
-0.1191,-0.7505,0.6418,-4.8626,13.2977,2.6412,1,0,0
-0.1267,-0.7537,0.6313,-4.4275,10.5725,2.5496,1,0,0
-0.1279,-0.7446,0.6316,-4.4046,7.8779,2.6412,1,0,0
-0.1257,-0.7439,0.6294,-4.2061,5.0687,1.6107,1,0,0
-0.1145,-0.7534,0.6299,-3.5191,4.0382,1.3511,1,0,0
-0.1062,-0.76,0.6428,-2.1603,3.9542,1.0916,1,0,0
-0.1028,-0.7646,0.6528,-0.9389,4.8244,1.6336,1,0,0
-0.0999,-0.7532,0.645,-0.5802,5.916,1.8626,1,0,0
-0.1104,-0.7422,0.6355,-1.4122,5.0763,1.7252,1,0,0
-0.1216,-0.7437,0.6294,-2.5954,2.7634,1.1985,1,0,0
-0.1211,-0.7542,0.6355,-3.0534,0.5496,1.0611,1,0,0
-0.1155,-0.7566,0.637,-2.2824,-0.9695,0.7405,1,0,0
-0.1135,-0.7502,0.6367,-2.0305,-2.1069,0.4733,1,0,0
-0.1079,-0.7556,0.6443,-2.2214,-2.6565,0.5344,1,0,0
-0.1108,-0.7527,0.6499,-1.7634,-2.5191,0.6183,1,0,0
-0.1196,-0.752,0.6392,-1.0305,-2.9237,-0.1145,1,0,0
-0.1133,-0.7485,0.6418,-0.7557,-4.1298,-0.5267,1,0,0
-0.1145,-0.7571,0.6472,-0.687,-4.3511,-0.4351,1,0,0
-0.1086,-0.7532,0.6475,-0.2214,-4.3893,-0.1908,1,0,0
-0.1101,-0.7524,0.6619,-0.458,-4.1985,-0.5038,1,0,0
-0.1104,-0.7537,0.6606,-0.3817,-3.7405,-0.1832,1,0,0
-0.1121,-0.7458,0.6677,-0.313,-3.1145,-0.8779,1,0,0
-0.1042,-0.7546,0.6746,-0.5038,-2.4885,-1.2901,1,0,0
-0.1113,-0.749,0.6667,-0.8779,-1.2901,-1.7863,1,0,0
-0.1167,-0.7542,0.6594,-2.0305,-1.4809,-1.6107,1,0,0
-0.1179,-0.7607,0.6614,-2.7557,-2.3282,-1.5191,1,0,0
-0.1077,-0.7622,0.6682,-3.1298,-2.9008,-1.1527,1,0,0
-0.1116,-0.7791,0.6606,-4.0,-2.229,-1.458,1,0,0
-0.1189,-0.7737,0.6602,-3.7405,-3.0992,-0.6947,1,0,0
-0.1182,-0.7791,0.6592,-3.0153,-2.458,-0.5038,1,0,0
-0.1157,-0.7747,0.6682,-1.7328,-3.3435,-0.1069,1,0,0
-0.1155,-0.7603,0.6545,-1.229,-3.3359,0.1985,1,0,0
-0.116,-0.7559,0.666,-0.8626,-2.9084,0.1298,1,0,0
-0.1143,-0.749,0.6667,-0.9313,-2.0305,0.0611,1,0,0
-0.1147,-0.7524,0.6653,-0.9847,-1.6031,-0.2977,1,0,0
-0.1118,-0.7466,0.6636,-1.9847,-1.4046,-0.3969,1,0,0
-0.1162,-0.761,0.6521,-3.5267,-1.8626,-0.5573,1,0,0
-0.1123,-0.76,0.6509,-4.8473,-2.2595,0.1527,1,0,0
-0.1157,-0.7642,0.6531,-5.2137,-2.3206,0.2519,1,0,0
-0.1157,-0.7676,0.6523,-5.4351,-3.313,0.7099,1,0,0
-0.1118,-0.772,0.6497,-5.4656,-4.3282,0.7786,1,0,0
-0.126,-0.7654,0.6509,-5.7252,-5.1374,1.1221,1,0,0
-0.1013,-0.7698,0.6768,-5.1756,-5.4198,0.542,1,0,0
-0.1025,-0.761,0.6938,-2.8015,-1.5496,0.0305,1,0,0
-0.104,-0.738,0.6914,-1.2977,1.0763,-0.4046,1,0,0
-0.1194,-0.73,0.6799,-1.9924,1.5649,-1.5573,1,0,0
-0.0996,-0.71,0.6963,-3.1069,1.6183,-1.6947,1,0,0
-0.1245,-0.7424,0.677,-2.6565,0.8168,-2.2366,1,0,0
-0.1147,-0.7522,0.6697,-1.855,0.0916,-2.0992,1,0,0
-0.1165,-0.7549,0.6643,-1.7405,-0.4122,-2.0458,1,0,0
-0.1111,-0.7512,0.6611,-1.7023,-0.7939,-2.2137,1,0,0
-0.1113,-0.7583,0.6619,-1.2672,-0.4656,-2.7099,1,0,0
-0.1162,-0.7554,0.6382,-1.5954,-0.542,-1.8626,1,0,0
-0.1028,-0.7615,0.6699,-2.5267,0.0382,-2.6336,1,0,0
-0.1123,-0.7932,0.6511,3.2061,0.1145,-2.0305,1,0,0
-0.1021,-0.7446,0.6428,3.5878,0.7863,-1.3817,1,0,0
-0.1172,-0.7612,0.6421,2.626,-0.9084,-1.6107,1,0,0
-0.0972,-0.7622,0.6626,1.4656,-0.9084,-1.1679,1,0,0
-0.1082,-0.7693,0.6592,1.916,-0.0305,-1.3893,1,0,0
-0.1064,-0.7659,0.6572,2.2519,-0.1069,-1.1298,1,0,0
-0.1079,-0.759,0.6633,2.7481,-0.313,-1.5038,1,0,0
-0.1021,-0.7527,0.6609,1.9695,-0.2061,-1.6336,1,0,0
-0.1057,-0.7581,0.666,0.6107,-0.7099,-1.6565,1,0,0
-0.1028,-0.7593,0.6628,-0.6183,-1.229,-1.1221,1,0,0
-0.1008,-0.7639,0.6709,-1.7252,-0.8397,-1.084,1,0,0
-0.104,-0.7654,0.6599,-2.5038,-0.542,-0.5725,1,0,0
-0.1023,-0.7712,0.6624,-2.8321,-0.6412,-0.542,1,0,0
-0.1094,-0.7749,0.6672,-2.4809,-0.1603,-0.2977,1,0,0
-0.1082,-0.7654,0.667,-1.8702,-0.7099,0.1069,1,0,0
-0.1096,-0.7688,0.6667,-1.7252,-0.5725,-0.1374,1,0,0
-0.1143,-0.7668,0.665,-1.4656,-0.8168,-0.4656,1,0,0
-0.1116,-0.7644,0.6648,-1.6107,-0.687,0.8168,1,0,0
-0.1086,-0.7593,0.666,-1.8321,-0.6947,0.7481,1,0,0
-0.1096,-0.7607,0.6682,-1.6107,-0.5496,0.2824,1,0,0
-0.1113,-0.7605,0.6702,-1.5191,-0.6794,0.3359,1,0,0
-0.1089,-0.7585,0.6672,-1.7481,-0.3893,0.3359,1,0,0
-0.1099,-0.7603,0.6738,-2.0382,-0.1756,0.5573,1,0,0
-0.1082,-0.7532,0.6738,-1.5954,-0.1221,-0.1603,1,0,0
-0.1055,-0.7466,0.6721,-1.5878,0.0458,0.1679,1,0,0
-0.1086,-0.7583,0.667,-1.8626,0.6031,0.0229,1,0,0
-0.1208,-0.7666,0.6741,-2.4198,0.0305,0.1145,1,0,0
-0.1016,-0.7776,0.6782,-1.9313,0.8244,0.2672,1,0,0
-0.1025,-0.769,0.6709,-1.2595,1.9466,0.5267,1,0,0
-0.1147,-0.7566,0.6631,-1.2366,2.0611,0.7939,1,0,0
-0.1074,-0.7529,0.6628,-2.6412,1.4656,1.0076,1,0,0
-0.1121,-0.759,0.6648,-4.5802,1.4198,1.1603,1,0,0
-0.1096,-0.7676,0.6555,-5.9695,0.5267,2.0382,1,0,0
-0.1035,-0.783,0.6604,-7.2595,0.4198,3.0305,1,0,0
-0.1174,-0.78,0.6467,-8.771,-0.5573,4.916,1,0,0
-0.126,-0.7705,0.6411,-9.8321,-2.7099,5.9771,1,0,0
-0.1194,-0.7742,0.6462,-9.7023,-3.9618,6.0229,1,0,0
-0.114,-0.761,0.6633,-8.3969,-3.8779,4.9618,1,0,0
-0.1221,-0.7668,0.6733,-1.9389,0.2061,2.2672,1,0,0
-0.1182,-0.7224,0.6584,2.0305,2.0382,1.6641,1,0,0
-0.1421,-0.7058,0.6509,3.313,0.9466,-0.626,1,0,0
-0.1313,-0.7124,0.6475,3.1985,-1.2137,-1.5802,1,0,0
-0.1157,-0.7134,0.6638,1.9008,-1.4122,-2.2901,1,0,0
-0.1128,-0.7063,0.6582,-0.6489,-0.6565,-3.1908,1,0,0
-0.1025,-0.7285,0.667,-2.3435,1.4275,-4.6107,1,0,0
-0.106,-0.7441,0.6697,-0.0992,2.1756,-4.0611,1,0,0
-0.116,-0.7412,0.6548,-0.3435,2.4733,-4.4962,1,0,0
-0.1177,-0.7566,0.6553,-0.1985,1.4275,-4.855,1,0,0
-0.1089,-0.7747,0.6516,0.6641,0.8931,-4.9237,1,0,0
-0.1089,-0.782,0.6575,1.9313,0.8168,-3.9847,1,0,0
-0.103,-0.7725,0.6599,2.8397,0.6107,-3.3664,1,0,0
-0.1094,-0.7732,0.6545,1.9924,0.3053,-2.5115,1,0,0
-0.1123,-0.7625,0.6465,0.2977,-1.1374,-2.2519,1,0,0
-0.1121,-0.7729,0.6497,-1.5267,-1.5802,-1.7786,1,0,0
-0.1125,-0.7759,0.6536,-2.1985,-2.3511,-1.8626,1,0,0
-0.0967,-0.7834,0.6624,-2.5496,-1.8397,-1.4351,1,0,0
-0.0972,-0.7854,0.6655,-1.9695,-0.6412,-1.2137,1,0,0
-0.1099,-0.7749,0.6733,-1.5725,-0.1679,-0.7786,1,0,0
-0.1204,-0.7725,0.6672,-2.2672,-0.3664,-0.4427,1,0,0
-0.1174,-0.7734,0.6677,-2.4198,-0.7099,0.0916,1,0,0
-0.1179,-0.7756,0.6724,-2.0534,-0.7557,0.2824,1,0,0
-0.114,-0.7683,0.6726,-2.8931,-0.2214,0.8779,1,0,0
-0.1089,-0.7715,0.6887,-3.9847,0.7863,1.0153,1,0,0
-0.1086,-0.7688,0.6855,-4.8702,2.3969,1.3588,1,0,0
-0.1157,-0.7734,0.678,-5.7634,3.3435,1.1756,1,0,0
-0.1257,-0.771,0.6726,-6.2901,3.1603,1.4046,1,0,0
-0.1169,-0.7722,0.6738,-6.626,3.0611,1.7099,1,0,0
-0.1111,-0.7678,0.677,-6.2672,3.8473,1.9924,1,0,0
-0.1157,-0.76,0.6743,-6.229,5.2672,1.5115,1,0,0
-0.1191,-0.7603,0.6619,-6.7405,5.5115,1.8397,1,0,0
-0.1323,-0.752,0.6528,-5.9695,4.4122,1.2137,1,0,0
-0.1294,-0.7732,0.6621,-5.9389,4.229,1.0763,1,0,0
-0.1216,-0.7505,0.6536,-5.0153,3.9008,0.7939,1,0,0
-0.1165,-0.7522,0.6631,-3.7786,4.8244,0.5725,1,0,0
-0.1165,-0.7466,0.667,-2.1908,6.4733,-0.1221,1,0,0
-0.1248,-0.7288,0.6697,-1.7328,8.1069,-1.3588,1,0,0
-0.1323,-0.7212,0.6597,-1.2137,8.7176,-2.8855,1,0,0
-0.1333,-0.7244,0.6499,-0.7023,8.0458,-4.3053,1,0,0
-0.1289,-0.738,0.6472,0.3969,6.8702,-5.2519,1,0,0
-0.1335,-0.7417,0.6318,1.0458,5.855,-5.1756,1,0,0
-0.1333,-0.7444,0.6326,0.6031,3.8626,-4.2366,1,0,0
-0.1326,-0.7546,0.6226,-0.4275,1.687,-3.3969,1,0,0
-0.1257,-0.7551,0.6267,-1.7481,0.0458,-3.4733,1,0,0
-0.1167,-0.7717,0.6367,-1.7176,-0.8244,-3.5191,1,0,0
-0.1135,-0.7744,0.6467,-0.7557,-0.7252,-3.1527,1,0,0
-0.1199,-0.7722,0.6365,0.4733,-0.9466,-2.9771,1,0,0
-0.1182,-0.7751,0.6367,0.4046,-1.626,-2.7786,1,0,0
-0.1194,-0.7734,0.6414,0.4046,-1.9084,-2.4962,1,0,0
-0.114,-0.7749,0.6396,-0.1145,-2.0611,-2.4809,1,0,0
-0.1152,-0.7734,0.6475,-1.1374,-1.5191,-2.0229,1,0,0
-0.1128,-0.7698,0.6541,-1.9618,-1.1527,-2.0458,0,0,0
-0.1218,-0.7737,0.6465,-2.8244,-0.6641,-1.6489,0,0,0
-0.1228,-0.7749,0.6492,-2.855,-1.313,-1.7328,0,0,0
-0.1226,-0.7764,0.6516,-3.0916,-2.1985,-1.3664,0,0,0
-0.1206,-0.78,0.6577,-2.1756,-2.0534,-1.1985,0,0,0
-0.1208,-0.7737,0.6543,-1.7634,-1.6489,-1.2901,0,0,0
-0.1187,-0.772,0.6526,-0.9771,-1.9618,-1.3435,0,0,0
-0.1218,-0.7642,0.6606,-0.5725,-1.3282,-1.4046,0,0,0
-0.1218,-0.7617,0.6519,-0.6947,-1.0229,-0.9542,0,0,0
-0.1218,-0.7595,0.6509,-1.0611,-1.5496,-1.2443,0,0,0
-0.1145,-0.7593,0.6604,-1.5496,-1.0916,-1.2443,0,0,0
-0.1243,-0.7583,0.6538,-1.8931,-1.4122,-0.7023,0,0,0
-0.1216,-0.7634,0.6541,-2.6107,-1.542,-0.4656,0,0,0
-0.1174,-0.7681,0.6492,-3.0458,-1.6489,-0.5267,0,0,0
-0.1208,-0.7773,0.6455,-2.8702,-2.145,-0.2748,0,0,0
-0.1167,-0.7727,0.6482,-2.1756,-2.3206,-0.0916,0,0,0
-0.1184,-0.7703,0.6482,-2.1221,-1.5802,0.2901,0,0,0
-0.1187,-0.7739,0.644,-2.9847,-1.374,0.4351,0,0,0
-0.1201,-0.7693,0.6406,-4.4046,-1.9084,0.5725,0,0,0
-0.1172,-0.7793,0.6484,-4.9389,-2.4504,1.3969,0,0,0
-0.124,-0.7803,0.6396,-5.3359,-3.0229,1.5802,0,0,0
-0.1182,-0.7813,0.6348,-5.7939,-3.8244,2.0076,0,0,0
-0.1167,-0.7764,0.6426,-6.0076,-4.5038,2.6412,0,0,0
-0.114,-0.7786,0.6553,-5.2366,-3.8321,2.4046,0,0,0
-0.116,-0.7808,0.6467,-3.5725,-3.7481,2.4962,0,0,0
-0.1235,-0.7644,0.6472,-2.9084,-4.4275,2.4809,0,0,0
-0.1167,-0.761,0.6453,-2.6336,-5.1908,1.5496,0,0,0
-0.1208,-0.7568,0.6575,-1.7481,-4.6947,1.3664,0,0,0
-0.1182,-0.7542,0.6633,-1.1527,-3.8626,0.7328,0,0,0
-0.1157,-0.7549,0.6646,-1.1527,-3.1145,0.1145,0,0,0
-0.1226,-0.7563,0.6682,-1.2214,-2.5191,0.2443,0,0,0
-0.123,-0.752,0.6687,-1.313,-2.4962,-0.229,0,0,0
-0.1243,-0.7441,0.6721,-1.4427,-1.9084,-0.5725,0,0,0
-0.115,-0.7534,0.6748,-2.1756,-1.5573,-0.8473,0,0,0
-0.1184,-0.7507,0.676,-2.0305,-1.1298,-1.0916,0,0,0
-0.1189,-0.7502,0.6741,-2.4809,-0.0305,-1.5115,1,0,0
-0.1243,-0.7473,0.6624,-2.2366,-0.0763,-2.1145,1,0,0
-0.1201,-0.7593,0.658,-1.4427,-0.4504,-2.4427,1,0,0
-0.1174,-0.7598,0.6677,-0.5115,-0.1908,-2.3969,1,0,0
-0.1172,-0.7546,0.6582,-0.1908,-0.458,-2.084,1,0,0
-0.1157,-0.7639,0.6592,-0.916,-0.687,-1.9618,1,0,0
-0.1128,-0.7622,0.6619,-1.7023,-0.4885,-2.0076,1,0,0
-0.1169,-0.7654,0.6616,-1.8626,-0.3282,-2.1679,1,0,0
-0.1194,-0.7729,0.6526,-1.1145,-0.374,-2.2519,1,0,0
-0.1147,-0.7756,0.657,0.1298,0.0153,-1.9771,1,0,0
-0.1162,-0.7737,0.6519,0.8321,0.1145,-2.1985,1,0,0
-0.1204,-0.7754,0.6543,1.5344,-0.0076,-2.0305,1,0,0
-0.1172,-0.7607,0.6465,1.1985,-0.1221,-1.9542,1,0,0
-0.1199,-0.7649,0.6411,0.1374,-0.7634,-1.4733,1,0,0
-0.1206,-0.7612,0.6428,-1.084,-1.4733,-1.2137,1,0,0
-0.1143,-0.7629,0.6423,-2.4122,-2.2977,-0.9389,1,0,0
-0.1155,-0.771,0.6406,-2.6336,-2.9924,-1.687,1,0,0
-0.116,-0.7749,0.636,-2.2137,-3.0458,-1.5878,1,0,0
-0.1116,-0.7791,0.6462,-1.0229,-2.5344,-1.4504,1,0,0
-0.1133,-0.7695,0.6348,-0.0992,-2.1374,-1.2672,1,0,0
-0.1179,-0.7595,0.647,0.0687,-2.4809,-1.5573,1,0,0
-0.1155,-0.7637,0.6379,0.5954,-3.7786,-2.1832,1,0,0
-0.1143,-0.7603,0.6414,1.7863,-4.4122,-2.4046,1,0,0
-0.1099,-0.7566,0.6455,1.9313,-5.0916,-2.7328,1,0,0
-0.1011,-0.7581,0.6506,0.9924,-4.1756,-2.2519,1,0,0
-0.1025,-0.7595,0.6604,-0.3435,-3.2595,-1.8321,1,0,0
-0.103,-0.7656,0.6648,-1.2595,-2.0763,-1.145,1,0,0
-0.1089,-0.7634,0.6672,-1.7252,-1.626,-1.2061,1,0,0
-0.1106,-0.7649,0.6638,-1.1069,-1.7252,-1.458,1,0,0
-0.114,-0.7639,0.6633,-0.0382,-2.0992,-1.9542,1,0,0
-0.1111,-0.7581,0.6689,0.6718,-2.7405,-1.7405,1,0,0
-0.1116,-0.7634,0.668,0.5038,-2.6489,-1.7863,1,0,0
-0.1025,-0.7659,0.6753,0.084,-2.1832,-0.9847,1,0,0
-0.1021,-0.7686,0.6804,-0.0687,-1.0992,-0.229,1,0,0
-0.1057,-0.7651,0.6829,-1.1985,0.145,0.0229,1,0,0
-0.1099,-0.7607,0.6741,-1.9618,1.0763,-0.3893,1,0,0
-0.1125,-0.7676,0.6707,-2.8397,1.1679,-0.7405,1,0,0
-0.113,-0.783,0.6755,-2.6336,0.8321,-0.5191,1,0,0
-0.1094,-0.7771,0.6648,-2.1985,0.8473,-0.0916,1,0,0
-0.1118,-0.7744,0.6726,-1.0458,1.3511,-0.3817,1,0,0
-0.1094,-0.7747,0.6711,-1.2137,1.8779,-0.0992,1,0,0
-0.1025,-0.7676,0.6719,-1.2061,3.2672,0.3206,1,0,0
-0.1057,-0.7607,0.6733,-1.7099,4.7099,0.4275,1,0,0
-0.113,-0.7488,0.6729,-2.1298,5.8473,-0.1679,1,0,0
-0.1089,-0.7544,0.6643,-2.7863,5.5802,-0.0382,1,0,0
-0.1172,-0.7498,0.6672,-3.2672,6.145,-0.1679,0,0,0
-0.116,-0.7576,0.6638,-3.1756,6.6183,-0.8321,0,0,0
-0.1274,-0.7502,0.6543,-1.8931,5.1527,-1.0076,0,0,0
-0.124,-0.7502,0.6519,-1.0534,3.7328,-1.542,0,0,0
-0.1213,-0.7463,0.656,-0.5344,2.8626,-1.855,0,0,0
-0.1128,-0.7473,0.6587,0.1985,3.1069,-2.1832,0,0,0
-0.116,-0.7458,0.6641,0.6412,4.0458,-2.9771,0,0,0
-0.123,-0.7463,0.6423,1.374,3.6565,-3.7176,0,0,0
-0.1187,-0.7498,0.6438,1.3359,2.8092,-3.7405,0,0,0
-0.1177,-0.7539,0.6355,1.0611,1.3435,-3.7252,0,0,0
-0.114,-0.7563,0.6479,0.313,0.2977,-2.5725,0,0,0
-0.1121,-0.7649,0.6487,-0.5573,0.084,-1.9695,0,0,0
-0.1143,-0.7654,0.6472,-1.4122,-0.6565,-2.1679,0,0,0
-0.1104,-0.7712,0.6475,-1.3817,-1.3588,-1.5725,0,0,0
-0.1028,-0.7734,0.6567,-1.3435,-1.374,-1.0,0,0,0
-0.1013,-0.7771,0.6506,-0.771,-0.9084,-0.916,0,0,0
-0.0994,-0.7825,0.6575,-0.8092,-0.8015,-0.5267,0,0,0
-0.1033,-0.7791,0.657,-1.3893,-1.0382,0.0382,0,0,0
-0.104,-0.7795,0.6553,-2.1298,-1.2748,0.4885,0,0,0
-0.1077,-0.7747,0.6445,-3.2137,-1.8092,0.8397,0,0,0
-0.1116,-0.7668,0.6479,-4.1221,-2.0382,1.0763,0,0,0
-0.1135,-0.7712,0.6465,-3.9466,-2.7863,1.0687,0,0,0
-0.1104,-0.7742,0.6443,-3.229,-3.2214,0.7939,0,0,0
-0.1096,-0.772,0.6487,-2.8702,-2.8473,1.3969,0,0,0
-0.1104,-0.7654,0.6558,-2.313,-3.0382,1.374,0,0,0
-0.1057,-0.761,0.656,-2.1374,-2.458,1.3435,0,0,0
-0.1099,-0.7517,0.6543,-2.1908,-2.374,1.6794,0,0,0
-0.1187,-0.7483,0.6479,-2.5649,-2.6641,1.7939,0,0,0
-0.1196,-0.7424,0.6514,-3.5496,-3.5038,1.4427,0,0,0
-0.1189,-0.7476,0.6541,-4.5954,-3.687,0.8244,0,0,0
-0.1194,-0.7515,0.6538,-4.8168,-3.9466,0.1908,0,0,0
-0.1211,-0.7595,0.6602,-4.145,-3.374,-0.5038,0,0,0
-0.1135,-0.76,0.6624,-3.2824,-2.5725,-0.6718,0,0,0
-0.1174,-0.7537,0.6702,-2.9618,-2.4046,-0.2519,0,0,0
-0.115,-0.7581,0.6731,-3.374,-2.5725,-0.3969,0,0,0
-0.124,-0.7642,0.6724,-3.6183,-2.2977,-0.1908,1,0,0
-0.1118,-0.7729,0.6743,-3.374,-2.6336,0.2214,1,0,0
-0.1082,-0.7739,0.6772,-2.7328,-2.458,0.3817,1,0,0
-0.1135,-0.7651,0.6724,-2.6031,-1.8855,0.4122,1,0,0
-0.1135,-0.7632,0.6621,-2.7481,-1.6107,0.1603,1,0,0
-0.1135,-0.7639,0.6597,-3.1527,-1.4733,0.4504,1,0,0
-0.1152,-0.762,0.6543,-3.4122,-1.8244,0.4198,1,0,0
-0.1172,-0.7634,0.6497,-3.4885,-2.0,0.4885,1,0,0
-0.1123,-0.7646,0.6516,-3.4427,-1.7863,0.2061,1,0,0
-0.1064,-0.7698,0.6431,-3.916,-1.6947,0.4122,1,0,0
-0.1179,-0.7666,0.6509,-4.0611,-2.3664,0.687,1,0,0
-0.1101,-0.7676,0.6609,-3.1756,-1.5344,0.458,1,0,0
-0.1091,-0.7583,0.6682,-0.6794,-0.542,-0.5802,1,0,0
-0.1101,-0.7271,0.6719,0.3969,0.2977,-0.5954,1,0,0
-0.1143,-0.7249,0.6672,0.2214,1.4885,-2.3206,1,0,0
-0.1064,-0.7095,0.675,-2.1374,2.4122,-3.0382,1,0,0
-0.125,-0.7329,0.6602,-3.3588,0.5573,-3.0763,1,0,0
-0.1152,-0.7661,0.6655,-2.8397,-0.7328,-2.8015,1,0,0
-0.1082,-0.7664,0.666,-0.2519,-1.3206,-2.7634,1,0,0
-0.1106,-0.7551,0.6582,1.0305,-0.9466,-2.8855,1,0,0
-0.1072,-0.7585,0.6606,-0.0076,-0.855,-3.4046,1,0,0
-0.1147,-0.7625,0.6458,-3.4733,-0.7405,-3.5802,1,0,0
-0.1055,-0.7646,0.6638,-0.8092,-0.3969,-4.1298,1,0,0
-0.1179,-0.769,0.6577,1.4809,-0.0153,-3.9771,1,0,0
-0.1094,-0.7625,0.6599,2.2519,-0.2519,-3.9084,1,0,0
-0.1108,-0.7593,0.6699,1.8397,0.7099,-3.2061,1,0,0
-0.1108,-0.7566,0.6675,0.0611,0.9237,-3.0992,1,0,0
-0.113,-0.7634,0.6648,-1.5191,1.0229,-3.626,1,0,0
-0.1135,-0.7805,0.665,-2.4275,0.7786,-3.2366,1,0,0
-0.1096,-0.7837,0.667,-1.9237,0.8855,-2.5496,1,0,0
-0.1094,-0.7813,0.6655,-1.6031,1.0076,-2.1145,1,0,0
-0.1187,-0.7756,0.6521,-1.916,0.7786,-2.1069,1,0,0
-0.1045,-0.7856,0.6602,-2.0458,0.3588,-1.9695,1,0,0
-0.1094,-0.783,0.655,-1.3664,0.5496,-1.458,1,0,0
-0.1104,-0.7766,0.6533,-1.5878,0.5267,-1.0153,1,0,0
-0.1091,-0.7764,0.6541,-1.374,0.6641,-0.626,1,0,0
-0.1108,-0.771,0.6509,-1.4122,0.6107,-0.5802,1,0,0
-0.1121,-0.7722,0.6506,-1.0382,0.4122,-0.5038,1,0,0
-0.1143,-0.7673,0.6599,-0.2901,-0.3817,-0.4122,1,0,0
-0.1067,-0.7595,0.6555,-0.7634,-0.6031,-0.3053,1,0,0
-0.105,-0.7507,0.6538,-0.6565,-0.4198,-0.6947,1,0,0
-0.1108,-0.7505,0.6521,-1.0534,-1.0153,-0.855,0,0,0
-0.1111,-0.749,0.6521,-0.7557,-1.2748,-0.9771,0,0,0
-0.1033,-0.7559,0.6477,0.2672,-0.9695,-1.2137,0,0,0
-0.1089,-0.7515,0.6504,-0.2977,-1.1527,-0.916,0,0,0
-0.1013,-0.7493,0.6506,-0.9389,-1.1221,-1.2748,0,0,0
-0.1042,-0.7605,0.6516,-2.0305,-1.0076,-1.3206,0,0,0
-0.1135,-0.762,0.6401,-2.4885,-1.3053,-1.5878,0,0,0
-0.0996,-0.7734,0.6504,-2.5954,-1.1298,-1.5267,0,0,0
-0.0991,-0.7729,0.646,-1.5496,-0.8092,-1.1832,0,0,0
-0.0991,-0.7722,0.6453,-1.0763,-0.9389,-1.5725,0,0,0
-0.1016,-0.7632,0.6443,-1.2901,-1.1221,-1.0534,0,0,0
-0.1016,-0.7654,0.6426,-1.5573,-1.7252,-1.542,0,0,0
-0.1035,-0.7612,0.6377,-1.0763,-2.6565,-1.7557,0,0,0
-0.1011,-0.7622,0.6482,-0.2443,-3.1603,-1.8702,0,0,0
-0.1008,-0.7495,0.6431,-0.2519,-3.1221,-2.1221,0,0,0
-0.1062,-0.7456,0.6382,0.2137,-3.4656,-2.5725,0,0,0
-0.0972,-0.7412,0.6465,-0.0229,-4.0076,-2.8626,0,0,0
-0.0945,-0.7419,0.6519,-0.2137,-4.1985,-3.6412,0,0,0
-0.082,-0.7373,0.6646,-0.0611,-3.1832,-3.4275,0,0,0
-0.0903,-0.7407,0.6631,-0.7252,-1.8321,-3.4427,0,0,0
-0.0984,-0.7573,0.6604,-1.6489,-1.9847,-3.771,0,0,0
-0.0991,-0.7695,0.6677,-2.2519,-2.2824,-3.8244,0,0,0
-0.1069,-0.7769,0.6582,-1.458,-3.4504,-3.2748,0,0,0
-0.1069,-0.7727,0.6707,-0.7863,-4.2672,-3.1756,0,0,0
-0.1052,-0.7688,0.668,-0.6336,-4.4656,-3.1374,0,0,0
-0.0996,-0.7646,0.6843,-0.4046,-3.3969,-3.2824,0,0,0
-0.0979,-0.7717,0.688,0.1679,-1.9389,-3.5725,0,0,0
-0.104,-0.7659,0.6851,0.3206,-0.2443,-3.9542,0,0,0
-0.1074,-0.769,0.6738,-0.0229,-0.6031,-3.8397,0,0,0
-0.1079,-0.7747,0.6772,-0.8702,-1.4656,-4.0534,0,0,0
-0.0996,-0.7761,0.6726,-0.9924,-1.3969,-3.6565,0,0,0
-0.1008,-0.7798,0.6729,-0.9466,-1.5496,-3.5191,0,0,0
-0.105,-0.7712,0.6677,-0.1145,-1.5954,-3.9389,0,0,0
-0.1006,-0.7722,0.6643,1.2901,-1.7328,-4.4122,0,0,0
-0.1069,-0.7666,0.655,2.2748,-2.6641,-4.2519,0,0,0
-0.1008,-0.7656,0.6548,3.229,-3.2748,-3.4656,0,0,0
-0.093,-0.7644,0.6704,4.1221,-3.084,-3.0611,0,0,0
-0.0972,-0.7407,0.6648,3.916,-2.4275,-3.1603,0,0,0
-0.1013,-0.7471,0.6641,3.1527,-3.0076,-3.8397,0,0,0
-0.0928,-0.7505,0.6707,3.2824,-3.374,-4.1756,0,0,0
-0.0872,-0.7563,0.6719,4.3282,-4.374,-4.7481,0,0,0
-0.0884,-0.7507,0.6714,4.8626,-4.687,-4.5954,0,0,0
-0.0791,-0.7517,0.6763,4.9008,-4.2824,-4.4122,0,0,0
-0.0747,-0.7444,0.6838,4.8092,-3.4046,-4.2214,0,0,0
-0.0737,-0.7378,0.675,3.542,-2.3053,-3.5802,0,0,0
-0.0801,-0.7397,0.6687,2.2672,-2.2977,-3.084,0,0,0
-0.083,-0.7466,0.658,0.6947,-3.3893,-3.3969,0,0,0
-0.0867,-0.7476,0.6543,0.0153,-4.9008,-3.916,0,0,0
-0.0801,-0.7625,0.6533,0.5725,-6.626,-4.0,0,0,0
-0.0757,-0.7585,0.6658,1.9771,-7.6641,-4.0611,0,0,0
-0.0732,-0.7632,0.6792,4.0229,-7.3359,-4.8397,0,0,0
-0.0693,-0.7576,0.6848,6.0305,-6.3588,-5.5878,0,0,0
-0.0618,-0.7454,0.6873,6.374,-4.7634,-5.1221,0,0,0
-0.0725,-0.7449,0.6938,6.1908,-3.2977,-5.3282,0,0,0
-0.0723,-0.7527,0.6819,5.7939,-3.6183,-5.5267,0,0,0
-0.0742,-0.7583,0.6792,6.084,-4.542,-5.3511,0,0,0
-0.0798,-0.7576,0.6782,7.0076,-6.0534,-4.9924,0,0,0
-0.0779,-0.7534,0.6851,7.8702,-7.6107,-4.7557,0,0,0
-0.073,-0.7419,0.6948,8.2748,-8.7481,-3.9389,0,0,0
-0.063,-0.7383,0.7061,7.8473,-7.9542,-3.3588,0,0,0
-0.0659,-0.7253,0.7036,5.9237,-7.084,-3.6183,0,0,0
-0.0671,-0.7358,0.6926,4.2366,-6.7481,-3.7939,0,0,0
-0.0664,-0.7375,0.6917,2.6565,-7.626,-4.0534,0,0,0
-0.0513,-0.7551,0.7046,0.9618,-7.2595,-3.229,0,0,0
-0.0547,-0.7573,0.7141,0.2061,-5.4504,-1.9924,0,0,0
-0.041,-0.7507,0.7227,-0.1374,-3.1832,-0.7634,0,0,0
-0.0525,-0.7451,0.71,-0.8931,-0.4504,-0.8092,0,0,0
-0.0554,-0.748,0.7014,-1.7023,-0.0153,-0.7405,0,0,0
-0.064,-0.7498,0.6995,-1.7252,-0.6489,-0.8473,0,0,0
-0.0549,-0.759,0.6895,-1.145,-0.8244,-0.2214,0,0,0
-0.0566,-0.7529,0.6912,-1.0687,-0.8015,0.3053,0,0,0
-0.0549,-0.7449,0.6943,-0.8626,-0.0153,0.1756,0,0,0
-0.0586,-0.7358,0.6877,-0.771,0.3511,0.2748,0,0,0
-0.0603,-0.7402,0.6946,-1.084,0.1298,-0.0458,0,0,0
-0.0608,-0.7402,0.6841,-0.9924,0.3817,0.1832,0,0,0
-0.0615,-0.7373,0.6819,-1.5191,0.3053,0.6412,0,0,0
-0.0593,-0.739,0.688,-2.3893,0.2595,0.9542,0,0,0
-0.0566,-0.7366,0.688,-2.8397,0.3511,0.9695,0,0,0
-0.0569,-0.7334,0.6855,-3.2595,0.8244,0.9008,0,0,0
-0.0625,-0.7407,0.6865,-3.7405,0.7252,1.0076,0,0,0
-0.0601,-0.7434,0.688,-4.1374,0.9008,1.374,0,0,0
-0.0635,-0.7463,0.6941,-4.229,1.3511,1.0458,0,0,0
-0.0613,-0.7473,0.6909,-3.8168,2.0076,1.2214,0,0,0
-0.0618,-0.7371,0.6855,-3.5115,2.8092,0.9618,0,0,0
-0.0652,-0.7356,0.6919,-3.8168,2.8702,0.8855,0,0,0
-0.0618,-0.7437,0.6855,-4.4656,2.1832,0.9847,0,0,0
-0.0647,-0.7488,0.6802,-4.7328,1.7786,1.3206,0,0,0
-0.061,-0.7485,0.6946,-4.3359,1.6336,1.9389,0,0,0
-0.0662,-0.7466,0.697,-3.916,1.9084,1.9389,0,0,0
-0.0549,-0.7432,0.7024,-4.0534,2.4504,1.5344,0,0,0
-0.0637,-0.74,0.6963,-3.6031,3.2977,1.0992,0,0,0
-0.0659,-0.7432,0.6912,-3.5802,3.5496,0.771,0,0,0
-0.0698,-0.7402,0.6829,-3.6336,3.4275,0.9313,0,0,0
-0.0708,-0.7378,0.6804,-2.8931,2.8626,0.9008,0,0,0
-0.0823,-0.738,0.6731,-2.8244,1.687,0.9542,0,0,0
-0.0769,-0.7383,0.6846,-2.4962,0.5496,1.0611,0,0,0
-0.0713,-0.7397,0.6868,-2.9084,-0.3817,1.4885,0,0,0
-0.0701,-0.7361,0.6853,-3.3359,0.0763,2.0,0,0,0
-0.0676,-0.7378,0.6914,-4.0763,0.626,1.6565,0,0,0
-0.0654,-0.7317,0.7029,-3.6412,1.8626,1.0229,0,0,0
-0.0635,-0.7422,0.709,-3.8015,3.8092,0.7328,0,0,0
-0.072,-0.7363,0.6929,-3.8015,5.2977,0.3282,0,0,0
-0.0776,-0.7441,0.6946,-4.2137,5.5038,0.458,0,0,0
-0.0837,-0.7463,0.6909,-5.1145,4.5649,0.7786,0,0,0
-0.0833,-0.7493,0.6819,-5.855,3.4122,0.8626,0,0,0
-0.0703,-0.7676,0.6892,-6.5725,3.4427,2.1374,0,0,0
-0.0747,-0.7585,0.6838,-7.0382,4.9389,2.9389,0,0,0
-0.0823,-0.7532,0.6772,-7.2519,5.3588,3.4198,0,0,0
-0.0918,-0.751,0.6687,-6.5878,4.8168,2.9389,0,0,0
-0.0925,-0.7583,0.6675,-5.6947,3.229,2.4046,0,0,0
-0.0957,-0.7605,0.6646,-4.3893,2.1145,1.8931,0,0,0
-0.0974,-0.7573,0.6663,-2.4962,0.4122,1.9771,0,0,0
-0.0876,-0.7595,0.6768,-2.0534,0.6489,3.229,0,0,0
-0.0847,-0.7495,0.6821,-3.0076,0.771,3.5496,0,0,0
-0.0796,-0.7524,0.6968,-3.5344,1.916,3.9389,0,0,0
-0.0801,-0.7463,0.6887,-4.6489,2.6031,3.2672,0,0,0
-0.0867,-0.7412,0.6699,-4.4275,1.9924,2.4198,0,0,0
-0.0896,-0.7437,0.6619,-3.7786,0.7023,1.2214,0,0,0
-0.0989,-0.7458,0.6499,-2.4962,-0.4351,0.2214,0,0,0
-0.0967,-0.7407,0.6431,-0.8321,-1.855,-0.8168,0,0,0
-0.0981,-0.7473,0.6604,0.9084,-3.4122,-1.2214,0,0,0
-0.0764,-0.7488,0.6689,2.2214,-3.0534,-0.8473,0,0,0
-0.0784,-0.731,0.6804,1.8855,-1.1069,-0.2443,0,0,0
-0.0801,-0.7209,0.6846,-0.3969,0.0992,0.3588,0,0,0
-0.083,-0.7288,0.6758,-2.8473,0.084,0.0305,0,0,0
-0.0903,-0.7466,0.6748,-3.9313,-1.2672,-0.5115,0,0,0
-0.0769,-0.7627,0.6909,-3.4275,-1.4504,0.4122,0,0,0
-0.0791,-0.7573,0.6953,-2.771,-0.7557,0.5191,0,0,0
-0.0815,-0.7529,0.6968,-2.4962,0.3053,0.6336,0,0,0
-0.0894,-0.7488,0.6848,-2.4962,0.0992,0.5344,0,0,0
-0.0874,-0.7556,0.6921,-2.5267,-0.1985,0.8092,0,0,0
-0.0708,-0.7456,0.7002,-3.0763,1.5573,1.5038,0,0,0
-0.0701,-0.7444,0.7087,-3.9695,4.4809,1.1908,0,0,0
-0.0808,-0.7498,0.7,-4.9771,7.2519,1.2519,0,0,0
-0.1042,-0.7468,0.6863,-5.8015,7.458,1.0,0,0,0
-0.1121,-0.7473,0.6687,-6.2366,6.1069,0.8168,0,0,0
-0.1072,-0.7505,0.6687,-5.9618,3.7481,0.9313,0,0,0
-0.1072,-0.7593,0.6597,-4.9924,1.8168,0.7328,0,0,0
-0.104,-0.7617,0.6484,-3.6412,0.2137,1.0534,0,0,0
-0.1069,-0.7573,0.6477,-2.0382,-1.9008,0.8321,0,0,0
-0.1104,-0.7495,0.6458,-0.3511,-3.6947,0.5191,0,0,0
-0.0989,-0.7439,0.6401,0.7481,-5.084,-0.6107,0,0,0
-0.0925,-0.7429,0.6604,0.8244,-5.2443,-1.2977,0,0,0
-0.0757,-0.761,0.6851,1.8321,-4.6489,-1.1832,0,0,0
-0.0867,-0.7417,0.6824,2.3664,-3.2595,-0.5191,0,0,0
-0.0823,-0.7358,0.6982,0.4962,-2.626,-0.0916,0,0,0
-0.0818,-0.7393,0.7048,-1.4504,-1.3206,-0.2137,0,0,0
-0.0862,-0.7361,0.6941,-2.8397,0.4122,-0.4656,0,0,0
-0.0911,-0.7441,0.6821,-4.1756,0.5496,-0.4504,0,0,0
-0.0984,-0.749,0.6692,-4.3817,-0.229,-0.8015,0,0,0
-0.1016,-0.7556,0.6663,-3.4656,-1.4885,-1.1908,0,0,0
-0.0977,-0.7524,0.6609,-1.9313,-2.5191,-1.2748,0,0,0
-0.0996,-0.7546,0.6682,-0.5038,-2.7939,-1.1832,0,0,0
-0.0969,-0.7546,0.6641,0.5496,-3.5878,-1.0382,0,0,0
-0.0908,-0.7415,0.6677,1.0382,-3.9237,-0.4656,0,0,0
-0.0916,-0.7385,0.6631,0.5038,-4.5954,-0.5649,0,0,0
-0.0867,-0.7485,0.6672,-0.3359,-4.9695,-0.2061,0,0,0
-0.0874,-0.7495,0.6733,-0.7939,-5.4504,-0.3893,0,0,0
-0.0837,-0.7468,0.6785,-1.3435,-5.8321,-0.1069,0,0,0
-0.0874,-0.7446,0.6782,-1.1527,-5.4504,-0.6107,0,0,0
-0.0713,-0.7505,0.6841,-1.4962,-4.0611,-0.6031,0,0,0
-0.0776,-0.7412,0.6892,-2.2748,-2.2901,-0.9924,0,0,0
-0.0823,-0.7485,0.6892,-2.2214,-1.3893,-0.855,0,0,0
-0.0859,-0.7524,0.6855,-1.6794,-1.1374,-1.3359,0,0,0
-0.0833,-0.7532,0.689,-1.7786,-1.3359,-1.3511,0,0,0
-0.0806,-0.7561,0.6758,-2.6794,-1.5344,-0.8855,0,0,0
-0.0828,-0.7637,0.6865,-3.1985,-1.5115,-0.4504,0,0,0
-0.0828,-0.7583,0.6646,-3.5191,-1.5573,-0.1069,0,0,0
-0.0889,-0.7593,0.6763,-3.8779,-1.8321,0.3435,0,0,0
-0.0842,-0.751,0.6885,-3.374,-1.2824,0.5191,0,0,0
-0.0828,-0.7573,0.6831,-2.4122,-0.8626,0.5573,0,0,0
-0.0857,-0.7402,0.6816,-2.6183,-0.3893,-0.1069,0,0,0
-0.0845,-0.7395,0.6838,-3.4656,-0.2519,-0.084,0,0,0
-0.0908,-0.7471,0.6775,-3.4198,-0.5267,-0.542,0,0,0
-0.0828,-0.7529,0.6765,-3.2519,-0.8473,0.1298,0,0,0
-0.0835,-0.7515,0.675,-3.626,-1.7481,0.4809,0,0,0
-0.0881,-0.7542,0.6741,-3.8321,-1.8702,0.542,0,0,0
-0.0847,-0.7502,0.6731,-3.3817,-2.0,0.9618,0,0,0
-0.0823,-0.7488,0.6873,-3.1374,-1.5191,0.7252,0,0,0
-0.0837,-0.741,0.6865,-2.4122,-1.1603,0.0992,0,0,0
-0.094,-0.7422,0.6716,-2.6489,-1.6183,-0.3435,0,0,0
-0.0945,-0.7434,0.6799,-2.374,-1.7252,-0.7252,0,0,0
-0.093,-0.7478,0.6809,-1.8626,-1.3359,-0.8855,0,0,0
-0.0906,-0.7495,0.6887,-1.0458,-1.687,-0.5954,0,0,0
-0.0796,-0.751,0.6895,-0.4275,-0.7634,-0.5115,0,0,0
-0.0845,-0.7397,0.6863,-0.8855,0.3588,-0.855,0,0,0
-0.0857,-0.7422,0.6836,-2.0916,0.687,-0.9542,0,0,0
-0.0891,-0.7417,0.6826,-2.5954,0.7481,-1.4351,0,0,0
-0.0928,-0.7463,0.6833,-2.5344,0.229,-1.3511,0,0,0
-0.0828,-0.7507,0.6816,-1.4885,1.0305,-1.3511,0,0,0
-0.0833,-0.7458,0.6873,-1.3282,1.458,-1.8397,0,0,0
-0.0813,-0.7603,0.6877,-1.6031,2.7405,-1.8473,0,0,0
-0.0789,-0.7603,0.6807,-1.6641,3.8168,-1.8931,0,0,0
-0.0898,-0.7549,0.6802,-1.9237,4.3206,-1.2977,0,0,0
-0.085,-0.7554,0.6785,-2.5878,4.8397,-1.1374,0,0,0
-0.0754,-0.7578,0.6863,-3.3359,5.2443,-1.2595,0,0,0
-0.0747,-0.7539,0.6897,-4.1985,8.0305,-0.6336,0,0,0
-0.0762,-0.7505,0.677,-5.4427,9.8092,-0.4656,0,0,0
-0.0977,-0.7578,0.6687,-5.6107,8.4198,-0.8855,0,0,0
-0.1094,-0.752,0.6489,-5.6183,7.0153,-1.0763,0,0,0
-0.105,-0.7583,0.6445,-4.145,4.5573,-0.9466,0,0,0
-0.1084,-0.759,0.6436,-3.1298,1.5573,-0.7176,0,0,0
-0.0894,-0.7644,0.6577,-3.0153,0.3511,-0.1069,0,0,0
-0.0881,-0.7578,0.6628,-2.6183,0.9389,-0.0076,0,0,0
-0.0894,-0.76,0.6665,-2.2061,1.5191,-0.0153,0,0,0
-0.0952,-0.7629,0.6538,-1.5878,0.8626,0.229,0,0,0
-0.0974,-0.762,0.6621,-1.2748,-0.2977,0.4275,0,0,0
-0.1021,-0.7515,0.6633,-1.5573,-0.7786,0.4275,0,0,0
-0.1013,-0.7585,0.6633,-2.145,-1.5954,0.4656,0,0,0
-0.105,-0.7527,0.6516,-2.6489,-2.5115,-0.0305,0,0,0
-0.1025,-0.7585,0.6575,-2.1069,-3.1832,-0.145,0,0,0
-0.0969,-0.7515,0.6521,-0.8626,-3.8626,-0.4122,0,0,0
-0.0952,-0.7495,0.6665,0.3893,-4.0305,-0.7176,0,0,0
-0.0896,-0.7495,0.6702,1.5802,-3.3893,-1.0229,0,0,0
-0.0984,-0.74,0.6733,1.1298,-2.7634,-1.1145,0,0,0
-0.0945,-0.7424,0.6692,0.1298,-3.0763,-1.229,0,0,0
-0.094,-0.7444,0.6667,-0.7099,-3.4427,-0.8092,0,0,0
-0.0845,-0.7571,0.687,-1.9084,-3.2519,0.0,0,0,0
-0.0918,-0.748,0.6846,-2.6183,-3.0763,0.3053,0,0,0
-0.0901,-0.7534,0.6812,-2.7863,-2.3359,-0.2366,0,0,0
-0.0962,-0.752,0.6814,-3.0458,-2.5344,-0.2901,0,0,0
-0.0901,-0.7593,0.6785,-1.8931,-2.542,-0.3053,0,0,0
-0.0842,-0.762,0.6736,-0.8244,-1.6565,-0.2824,0,0,0
-0.0889,-0.7561,0.6716,-0.3893,-1.0076,-0.1756,0,0,0
-0.0894,-0.7483,0.6702,-1.6031,-1.3969,-0.0305,0,0,0
-0.0879,-0.7539,0.6658,-2.313,-1.5344,-0.2443,0,0,0
-0.0918,-0.7573,0.6714,-3.145,-1.9695,0.0992,0,0,0
-0.095,-0.759,0.6633,-3.1527,-2.3969,0.1527,0,0,0
-0.0911,-0.7583,0.657,-3.1679,-3.3282,0.7481,0,0,0
-0.0876,-0.761,0.6619,-3.4733,-3.7863,0.9771,0,0,0
-0.0869,-0.76,0.6782,-3.8779,-3.3588,1.3435,0,0,0
-0.0864,-0.7593,0.6677,-3.9008,-3.3893,1.4046,0,0,0
-0.0891,-0.7585,0.6677,-3.5573,-3.6718,1.229,0,0,0
-0.085,-0.7539,0.6675,-2.8855,-3.0534,0.8244,0,0,0
-0.0886,-0.7522,0.6714,-1.7634,-3.0382,0.4122,0,0,0
-0.0857,-0.7476,0.6741,-1.2824,-2.8626,0.313,0,0,0
-0.0864,-0.7451,0.6838,-1.4351,-1.8015,-0.3893,0,0,0
-0.0823,-0.7371,0.6995,-1.3053,-1.0,-0.3664,0,0,0
-0.0818,-0.7361,0.6821,-1.6031,-0.4656,-0.7328,0,0,0
-0.0901,-0.7314,0.6812,-2.0992,-0.6183,-0.7481,1,0,0
-0.0894,-0.7302,0.6753,-2.4656,-1.1298,-1.2977,1,0,0
-0.0894,-0.7458,0.6807,-1.916,-1.1756,-1.7405,1,0,0
-0.0918,-0.7456,0.6748,-1.9008,-0.8321,-1.6183,1,0,0
-0.0964,-0.7478,0.6729,-1.8779,-0.7863,-1.3969,1,0,0
-0.092,-0.7412,0.6729,-2.0076,-0.4198,-1.771,1,0,0
-0.0876,-0.7407,0.6753,-1.7939,0.0611,-1.9237,1,0,0
-0.0854,-0.7463,0.6655,-2.0076,0.8321,-2.687,1,0,0
-0.0862,-0.7551,0.6726,-2.4733,0.8855,-2.1679,1,0,0
-0.0862,-0.7649,0.6563,-3.3969,0.1985,-1.7863,1,0,0
-0.0898,-0.7651,0.6479,-5.0916,-0.855,-1.3435,1,0,0
-0.0845,-0.7793,0.6514,-6.3817,-1.4656,-1.0229,1,0,0
-0.0845,-0.7917,0.6528,-6.3817,-1.6794,-0.5496,1,0,0
-0.0947,-0.7896,0.6418,-5.4351,-2.1527,0.4122,1,0,0
-0.0911,-0.782,0.6519,-4.2901,-1.9466,0.5267,1,0,0
-0.1025,-0.7639,0.6641,-2.2824,-1.7023,-0.0305,1,0,0
-0.0977,-0.7559,0.6682,-0.5038,-1.9695,-0.1832,1,0,0
-0.0898,-0.7537,0.6743,0.771,-2.1069,-0.5496,1,0,0
-0.0864,-0.7471,0.6838,0.9771,-1.7786,-0.8397,1,0,0
-0.0823,-0.741,0.6846,-0.6641,-1.2061,-0.7099,1,0,0
-0.0789,-0.7412,0.6982,-2.2137,-0.2137,-0.8244,1,0,0
-0.0813,-0.7407,0.6887,-2.9695,0.7252,-1.3206,1,0,0
-0.0874,-0.7422,0.6934,-2.8168,0.5496,-1.8626,1,0,0
-0.085,-0.7417,0.696,-1.9542,1.0229,-2.5573,1,0,0
-0.085,-0.7427,0.6885,-1.2214,1.7634,-2.5954,1,0,0
-0.0928,-0.7505,0.6826,-0.8626,1.1221,-2.6489,1,0,0
-0.084,-0.748,0.6853,-0.4122,0.3282,-2.7328,1,0,0
-0.0842,-0.7449,0.6931,-0.3893,0.5267,-2.6947,1,0,0
-0.0842,-0.7529,0.678,-0.8092,0.8702,-2.6183,1,0,0
-0.083,-0.7458,0.6748,-1.3588,0.4885,-2.5344,1,0,0
-0.0874,-0.7502,0.6704,-1.7405,0.7328,-2.8779,1,0,0
-0.0825,-0.759,0.6726,-1.7863,0.5038,-2.8855,1,0,0
-0.0825,-0.7646,0.6777,-1.6183,0.5954,-3.2214,1,0,0
-0.082,-0.7668,0.6658,-1.0076,0.4885,-2.4275,1,0,0
-0.0898,-0.7693,0.6624,-0.7481,0.4198,-2.7939,1,0,0
-0.084,-0.7744,0.6628,-0.9618,-0.1145,-1.7786,1,0,0
-0.0837,-0.7698,0.6597,-0.9695,0.0534,-1.2443,1,0,0
-0.0842,-0.7671,0.6619,-1.0382,0.1679,-1.3969,1,0,0
-0.0867,-0.7549,0.6567,-0.8702,-0.1298,-1.6718,1,0,0
-0.0745,-0.7666,0.6604,-0.9924,-0.458,-1.7252,0,0,0
-0.0867,-0.7612,0.6682,-0.4733,-0.1221,-0.7863,0,0,0
-0.0815,-0.7629,0.6675,-0.3588,0.6412,-1.084,0,0,0
-0.0842,-0.7539,0.6677,-0.2595,0.3969,-0.8626,0,0,0
-0.085,-0.7629,0.6653,-0.7099,0.2443,-0.9771,0,0,0
-0.0876,-0.748,0.6628,-0.626,0.7176,-0.5802,0,0,0
-0.0903,-0.7483,0.657,-0.6947,0.9542,-0.8855,0,0,0
-0.0896,-0.7451,0.6572,-1.1145,0.2137,-1.7634,0,0,0
-0.0847,-0.7517,0.6628,-1.4046,0.6183,-2.1145,0,0,0
-0.0894,-0.7664,0.6555,-0.8702,-0.5496,-1.8244,0,0,0
-0.082,-0.7644,0.6597,-0.6107,-0.7252,-1.687,0,0,0
-0.0894,-0.7573,0.6597,-0.9389,-0.8779,-1.5267,0,0,0
-0.0857,-0.7583,0.6616,-1.9542,-1.0763,-1.3664,0,0,0
-0.0857,-0.7568,0.6626,-1.4504,-0.6412,-1.2748,0,0,0
-0.0869,-0.7603,0.6694,-1.0382,-0.1374,-1.4427,0,0,0
-0.0864,-0.7556,0.6692,-1.1603,-0.1069,-2.0763,0,0,0
-0.0784,-0.7664,0.6841,-1.4198,0.1603,-1.4733,0,0,0
-0.0776,-0.7686,0.6758,-2.1679,0.084,-0.916,0,0,0
-0.0808,-0.7688,0.6731,-2.7328,-0.9847,-0.2366,0,0,0
-0.0828,-0.7654,0.6714,-2.9695,-0.6031,-0.2672,0,0,0
-0.073,-0.7588,0.6736,-3.0458,-1.0153,-0.2824,0,0,0
-0.0808,-0.7583,0.6704,-2.2595,-0.7328,-0.4046,0,0,0
-0.074,-0.7559,0.6814,-1.5954,0.2672,-0.1221,0,0,0
-0.0745,-0.7549,0.6838,-0.9237,1.0992,-0.6183,0,0,0
-0.0781,-0.7559,0.6794,-0.2443,1.4809,-1.084,0,0,0
-0.0825,-0.7532,0.6799,0.7099,1.4656,-1.374,0,0,0
-0.0757,-0.75,0.678,1.0305,1.458,-1.6718,0,0,0
-0.0811,-0.7449,0.6748,1.3359,0.8702,-1.9847,0,0,0
-0.0757,-0.7463,0.6743,1.313,0.8855,-2.3511,0,0,0
-0.0833,-0.7522,0.6741,1.7481,1.145,-3.0458,0,0,0
-0.0852,-0.7544,0.678,3.7328,0.7099,-4.0916,0,0,0
-0.0662,-0.7507,0.6929,6.1832,0.9695,-5.9695,0,0,0
-0.0618,-0.7534,0.7119,11.2977,2.7252,-9.229,0,0,0
-0.0618,-0.7537,0.7146,17.4809,5.9542,-13.2748,0,0,0
-0.0635,-0.7322,0.7183,22.8397,8.5038,-18.1908,0,0,0
-0.0737,-0.7085,0.7004,23.3588,10.1603,-17.7939,0,0,0
-0.0906,-0.717,0.6877,21.7786,8.8244,-14.2901,0,0,0
-0.1223,-0.7695,0.6941,18.4885,7.9313,-15.7634,0,0,0
-0.0828,-0.676,0.6931,15.8931,4.7023,-17.0458,0,0,0
-0.0786,-0.7141,0.6936,16.1069,3.8702,-19.8473,0,0,0
-0.0669,-0.7112,0.6997,15.458,3.1145,-21.1603,0,0,0
-0.0544,-0.717,0.7031,16.9847,4.855,-22.5802,0,0,0
-0.0637,-0.7222,0.7168,19.2443,7.4046,-23.9237,0,0,0
-0.0457,-0.7236,0.7148,22.916,9.8855,-28.4733,0,0,0
-0.0586,-0.7261,0.7097,28.9695,12.9695,-30.313,0,0,0
-0.0737,-0.7104,0.6992,34.5267,12.771,-29.7252,0,0,0
-0.0823,-0.6931,0.6804,36.374,10.6794,-29.229,0,0,0
-0.1111,-0.699,0.6479,31.5344,4.4275,-24.6565,0,0,0
-0.0789,-0.6851,0.657,24.8779,-1.8321,-20.3664,0,0,0
-0.0581,-0.7017,0.6995,17.4885,-4.7328,-17.0763,0,0,0
-0.0435,-0.7166,0.7083,11.5954,-6.8015,-14.6107,0,0,0
-0.0193,-0.7061,0.7256,7.6412,-8.5038,-14.0992,0,0,0
-0.0337,-0.7219,0.7227,6.2824,-8.7252,-15.2748,0,0,0
-0.0325,-0.7146,0.7253,6.7023,-8.6718,-15.3969,0,0,0
-0.0293,-0.7139,0.7207,9.3817,-8.542,-16.7634,0,0,0
-0.0554,-0.7422,0.7236,13.8397,-9.9618,-17.0534,0,0,0
-0.0112,-0.6982,0.7402,17.4733,-11.1069,-15.6031,0,0,0
-0.0168,-0.7114,0.7417,19.1908,-11.1985,-13.8015,0,0,0
0.0081,-0.697,0.7698,18.3282,-8.9924,-12.1832,0,0,0
-0.0032,-0.6748,0.7527,15.1298,-7.7405,-12.4962,0,0,0
-0.0063,-0.6711,0.7483,12.3664,-7.0458,-14.3282,0,0,0
0.0042,-0.679,0.7615,10.916,-6.1603,-14.916,0,0,0
0.0098,-0.6919,0.7727,10.5344,-4.5954,-14.0534,0,0,0
-0.0085,-0.6809,0.7681,9.5115,-2.9084,-11.7863,0,0,0
0.0056,-0.6729,0.7683,8.2595,-2.6107,-11.2672,0,0,0
-0.0078,-0.6565,0.762,6.3511,-2.8397,-11.5954,0,0,0
-0.0042,-0.666,0.7524,3.9924,-4.145,-11.2214,0,0,0
-0.0146,-0.6729,0.7532,1.6489,-5.8626,-8.6565,0,0,0
-0.0002,-0.6785,0.769,1.1832,-6.7328,-8.2214,0,0,0
-0.0037,-0.6809,0.7595,1.5649,-6.855,-7.6718,0,0,0
0.0029,-0.6848,0.771,2.1679,-7.5191,-7.5725,0,0,0
0.0037,-0.6748,0.7676,2.6336,-6.2443,-6.5725,0,0,0
0.0068,-0.6682,0.7781,2.2214,-5.1527,-6.2366,0,0,0
0.0024,-0.6738,0.7651,2.1603,-4.6794,-6.6107,0,0,0
-0.0054,-0.6748,0.7698,1.3435,-5.1908,-6.4733,0,0,0
-0.0115,-0.678,0.7544,-0.1603,-6.7481,-4.7786,0,0,0
0.002,-0.6792,0.7676,-1.0534,-7.6412,-3.8244,0,0,0
0.0027,-0.6853,0.771,-1.8931,-8.4122,-3.687,0,0,0
0.0093,-0.6924,0.7661,-2.229,-8.8015,-2.5878,0,0,0
0.0117,-0.687,0.7764,-2.2901,-8.8168,-1.9008,0,0,0
0.0171,-0.6836,0.783,-1.9924,-8.6489,-2.6947,0,0,0
0.0208,-0.6855,0.7742,-1.0763,-7.4504,-3.8015,0,0,0
0.0205,-0.686,0.7778,0.1298,-6.3053,-4.2443,0,0,0
0.0208,-0.6797,0.781,1.626,-4.6718,-3.6641,0,0,0
0.0164,-0.6631,0.7754,1.4885,-3.5038,-2.7023,0,0,0
0.0139,-0.6685,0.7686,0.3664,-4.0992,-2.626,0,0,0
0.02,-0.6565,0.7751,-0.5878,-5.2977,-1.7939,0,0,0
0.0188,-0.6626,0.7656,-1.4198,-6.229,-1.916,0,0,0
0.0273,-0.6619,0.7747,-1.8855,-6.8092,-1.9466,0,0,0
0.0269,-0.6543,0.7651,-1.9924,-6.6565,-2.4046,0,0,0
0.0313,-0.6567,0.7759,-1.1679,-6.0763,-2.9313,0,0,0
0.0256,-0.6484,0.7686,0.0076,-5.1603,-3.5573,0,0,0
0.0303,-0.6511,0.7683,1.4885,-4.4275,-4.5802,0,0,0
0.0229,-0.6438,0.7646,2.229,-4.1527,-5.6412,0,0,0
0.0303,-0.6511,0.7642,3.0153,-4.7252,-5.7557,0,0,0
0.042,-0.6563,0.7781,2.5191,-3.7176,-5.2519,0,0,0
0.0442,-0.6558,0.7764,0.0534,-3.0076,-3.1832,0,0,0
0.042,-0.6501,0.7783,-2.7939,-1.8397,-2.7863,0,0,0
0.0378,-0.6589,0.7729,-5.229,-1.5496,-2.7405,0,0,0
0.0386,-0.6755,0.7686,-5.855,-1.4504,-2.6794,0,0,0
0.0398,-0.6843,0.7712,-5.7023,-2.0687,-2.3359,0,0,0
0.0356,-0.6724,0.7595,-5.0153,-2.3511,-2.0076,0,0,0
0.0376,-0.6748,0.76,-5.229,-2.3053,-2.313,0,0,0
0.0356,-0.6863,0.7664,-4.7634,-2.4122,-1.313,0,0,0
0.0342,-0.6841,0.76,-4.5649,-2.0687,-0.4275,0,0,0
0.0322,-0.6863,0.7625,-5.0916,-2.1527,0.2443,0,0,0
0.0317,-0.6848,0.7629,-6.1832,-2.6565,0.7023,0,0,0
0.0303,-0.6855,0.7544,-6.229,-3.3511,0.7557,0,0,0
0.0398,-0.6887,0.7605,-5.7939,-2.9924,0.9084,0,0,0
0.0415,-0.6897,0.7639,-4.2672,-2.2977,0.771,0,0,0
0.0366,-0.6809,0.7651,-2.9771,-1.8321,0.5191,0,0,0
0.0459,-0.6746,0.7703,-2.7176,-1.3969,1.1603,0,0,0
0.0413,-0.6655,0.7695,-3.1221,-1.1145,0.6565,0,0,0
0.0439,-0.668,0.7668,-4.6489,-0.542,0.6641,0,0,0
0.0371,-0.6716,0.7515,-5.4656,-1.1069,0.8397,0,0,0
0.0334,-0.6799,0.7598,-5.8702,-1.8092,1.4198,0,0,0
0.0369,-0.6753,0.7549,-5.2214,-2.1985,1.855,0,0,0
0.0337,-0.6738,0.7583,-4.7252,-2.5725,1.4809,0,0,0
0.0376,-0.6763,0.7649,-4.0382,-2.6641,0.9695,0,0,0
0.0444,-0.678,0.7651,-3.687,-2.9389,1.4275,0,0,0
0.0403,-0.6707,0.762,-3.6718,-2.0229,1.7252,0,0,0
0.0464,-0.6719,0.7671,-4.1221,-1.4046,1.5496,0,0,0
0.041,-0.6758,0.7668,-4.1756,-1.771,1.0992,0,0,0
0.0469,-0.6858,0.7703,-3.7099,-1.5878,1.1985,0,0,0
0.0403,-0.6792,0.7642,-3.2748,-1.0687,1.7634,0,0,0
0.0383,-0.6697,0.7644,-4.0458,-1.6412,2.2061,0,0,0
0.0403,-0.6697,0.7659,-4.4656,-1.626,2.0153,0,0,0
0.0361,-0.6714,0.7622,-4.6412,-1.9618,1.7252,0,0,0
0.0322,-0.6768,0.7622,-4.6031,-2.1527,1.3969,0,0,0
0.0359,-0.6799,0.761,-4.7023,-2.3435,2.0153,0,0,0
0.0339,-0.6812,0.7615,-4.6183,-2.7634,2.2519,0,0,0
0.0378,-0.6802,0.7563,-5.1527,-2.9542,2.7405,0,0,0
0.0339,-0.6846,0.7573,-5.9695,-2.8779,3.5344,0,0,0
0.0322,-0.6809,0.752,-6.1069,-3.1221,3.9008,0,0,0
0.0322,-0.678,0.7512,-6.2214,-3.4275,3.3053,0,0,0
0.0347,-0.6753,0.7581,-4.855,-3.2901,1.8015,1,0,0
0.0432,-0.6687,0.7786,-2.3664,-1.4733,0.1298,1,0,0
0.033,-0.6616,0.7727,2.7328,0.687,-1.1603,1,0,0
0.0281,-0.6396,0.7769,4.8244,3.2824,-2.3053,1,0,0
0.0264,-0.6353,0.7717,4.6565,4.1832,-3.3206,1,0,0
0.0271,-0.6367,0.7542,3.0,3.6489,-3.3969,1,0,0
0.0317,-0.6514,0.7539,0.6565,2.5267,-3.2366,1,0,0
0.0308,-0.6533,0.7485,-2.0534,0.4275,-3.3893,1,0,0
0.0356,-0.6682,0.7463,-4.0992,-1.916,-3.687,1,0,0
0.0383,-0.6868,0.7473,-3.8168,-2.6641,-3.3282,1,0,0
0.0422,-0.6829,0.7532,-3.4427,-2.3511,-3.5344,1,0,0
0.0354,-0.6523,0.7883,-4.9008,-1.1832,-4.7099,1,0,0
0.0535,-0.6921,0.7725,-6.313,0.8473,-5.0229,1,0,0
0.0452,-0.7097,0.7642,-0.4809,1.0992,-3.6565,1,0,0
0.04,-0.6846,0.762,0.6412,1.8702,-3.7405,1,0,0
0.0337,-0.677,0.7437,0.5725,1.5649,-3.229,1,0,0
0.0332,-0.6638,0.7515,-1.855,0.5038,-3.4733,1,0,0
0.0435,-0.6865,0.7522,-3.229,0.2595,-2.8015,1,0,0
0.0413,-0.6914,0.7444,-3.542,-0.4275,-2.9542,1,0,0
0.0386,-0.6997,0.7463,-3.0687,-0.8779,-2.2824,1,0,0
0.0396,-0.7029,0.7537,-2.9008,-1.145,-1.6107,1,0,0
0.0439,-0.7012,0.762,-3.1145,-0.3053,-0.8092,0,0,0
0.0452,-0.7036,0.7578,-3.8855,-0.0382,-0.1832,0,0,0
0.0396,-0.7026,0.762,-3.4885,0.0992,-0.1145,0,0,0
0.0447,-0.698,0.7605,-2.6336,-0.2748,0.4885,0,0,0
0.0486,-0.6914,0.7666,-1.7557,0.3435,0.2672,0,0,0
0.0396,-0.6851,0.7556,-2.0153,0.5878,0.2824,0,0,0
0.033,-0.6785,0.7456,-2.0229,0.0992,0.5344,0,0,0
0.0378,-0.6772,0.7537,-2.2443,-0.4198,0.7405,0,0,0
0.041,-0.6758,0.7527,-2.6107,0.0534,0.7176,0,0,0
0.0359,-0.6792,0.751,-3.6031,0.0,0.6107,0,0,0
0.0332,-0.6838,0.7478,-3.4885,-0.7328,0.9237,0,0,0
0.0415,-0.6765,0.7542,-3.0,-1.5115,0.4504,0,0,0
0.0349,-0.6826,0.7542,-2.6718,-1.5267,0.7328,0,0,0
0.0396,-0.6841,0.7546,-2.5802,-1.5191,1.2595,0,0,0
0.0405,-0.6772,0.7661,-2.6641,-1.6565,1.0458,0,0,0
0.0415,-0.6724,0.7659,-2.6412,-0.8321,0.8092,0,0,0
0.0422,-0.6775,0.7678,-3.4504,-0.084,0.1756,0,0,0
0.0325,-0.6824,0.7612,-3.626,0.0229,0.6489,0,0,0
0.0366,-0.6885,0.7529,-3.2977,-0.3206,1.0611,0,0,0
0.0439,-0.689,0.7468,-2.5115,-0.4198,0.9847,0,0,0
0.0349,-0.6846,0.7529,-2.6336,-0.6183,1.3969,0,0,0
0.0339,-0.6843,0.7466,-2.5344,-0.9084,1.5038,0,0,0
0.0308,-0.6819,0.7522,-2.8702,-1.4427,2.0763,0,0,0
0.0332,-0.6853,0.749,-3.313,-1.8702,2.7405,0,0,0
0.0361,-0.6753,0.7476,-4.4885,-1.8321,3.2901,0,0,0
0.0403,-0.6753,0.7686,-6.0305,-0.6336,3.4733,0,0,0
0.0417,-0.6855,0.7629,-7.1221,-0.0687,3.9237,0,0,0
0.0354,-0.6865,0.75,-7.3588,0.4275,4.687,0,0,0
0.0378,-0.6919,0.7512,-7.5115,-0.2061,5.1832,0,0,0
0.0356,-0.6924,0.75,-7.7786,-1.6336,6.0,0,0,0
0.0354,-0.6929,0.7412,-7.7405,-2.4809,6.5802,0,0,0
0.0276,-0.6978,0.7405,-8.3893,-4.2061,7.6794,0,0,0
0.0398,-0.7034,0.7427,-8.3206,-4.3053,8.2214,0,0,0
0.0332,-0.7017,0.7351,-7.9847,-4.3053,9.0611,0,0,0
0.0352,-0.7041,0.7292,-8.5038,-4.9847,9.374,0,0,0
0.0288,-0.7117,0.7366,-9.2366,-5.8168,10.4198,0,0,0
0.0361,-0.7058,0.75,-8.0382,-5.7786,10.2443,0,0,0
0.0381,-0.7078,0.7527,-6.5954,-5.5725,8.5344,0,0,0
0.0339,-0.6946,0.7505,-4.9237,-5.5954,8.084,0,0,0
0.0225,-0.7029,0.7358,-3.6183,-5.1603,8.0687,0,0,0
0.0222,-0.6934,0.7422,-2.9313,-5.626,7.8702,0,0,0
0.0295,-0.6936,0.7437,-2.5191,-5.0382,7.2137,0,0,0
0.0281,-0.6853,0.7495,-2.3969,-4.1756,6.2137,0,0,0
0.031,-0.6841,0.7471,-3.2137,-2.6794,5.9618,0,0,0
0.0244,-0.6892,0.7449,-3.9313,-2.313,6.0229,0,0,0
0.0237,-0.6892,0.7422,-3.9695,-1.7328,5.5115,0,0,0
0.0251,-0.6892,0.7361,-4.2214,-2.0305,4.9771,0,0,0
0.0156,-0.6982,0.7329,-5.2748,-2.0687,5.8015,0,0,0
0.0217,-0.6958,0.7295,-6.1069,-2.687,7.3588,0,0,0
0.0254,-0.7009,0.7356,-7.2137,-2.8626,7.6107,0,0,0
0.0208,-0.6926,0.7214,-7.8092,-2.9466,7.5725,0,0,0
0.0208,-0.6929,0.7241,-7.4046,-2.8092,5.4809,0,0,0
0.021,-0.7026,0.7285,-5.0229,-2.2443,3.374,0,0,0
0.0227,-0.7004,0.7393,-0.8931,-1.5344,1.0611,0,0,0
0.0171,-0.6926,0.73,2.0611,-0.6336,-0.1679,0,0,0
0.0142,-0.676,0.7307,2.5802,-0.145,-0.7176,0,0,0
0.0112,-0.6792,0.7322,1.6336,0.0992,-1.5344,0,0,0
0.0112,-0.6824,0.7297,0.3206,-0.3664,-1.8168,0,0,0
0.0161,-0.6853,0.7371,-1.2672,-1.1985,-1.2672,0,0,0
0.0195,-0.6914,0.7449,-1.6489,-1.9542,-1.6031,0,0,0
0.021,-0.6826,0.7434,-2.0382,-1.6489,-1.2595,0,0,0
0.0229,-0.6819,0.7517,-2.6641,-0.9924,-1.9008,0,0,0
0.0278,-0.6921,0.7522,-3.0458,-0.145,-2.0687,0,0,0
0.0276,-0.7012,0.7458,-2.542,1.084,-2.0382,0,0,0
0.0247,-0.7021,0.741,-2.0458,1.229,-2.0153,0,0,0
0.0166,-0.6997,0.7334,-2.5344,0.8244,-2.0153,0,0,0
0.0181,-0.7083,0.7366,-2.5496,-0.3435,-1.7176,0,0,0
0.0146,-0.7063,0.7354,-2.6718,-1.8168,-0.3817,0,0,0
0.0176,-0.7051,0.7351,-3.5115,-2.8855,0.1985,0,0,0
0.019,-0.7039,0.7366,-4.0611,-3.0534,0.2214,0,0,0
0.0308,-0.7224,0.7542,-3.084,-1.8702,-0.084,0,0,0
0.0215,-0.717,0.7437,-1.5802,-0.687,-0.1069,0,0,0
0.0173,-0.7036,0.7397,-0.5802,-0.6336,-0.084,0,0,0
0.0178,-0.6985,0.7446,0.6107,-0.7863,-1.2061,0,0,0
0.0168,-0.6995,0.7417,1.8626,-0.8626,-1.5649,0,0,0
0.0171,-0.6897,0.7561,2.0305,-0.8931,-1.7328,0,0,0
0.0249,-0.687,0.7527,1.9008,-0.4733,-2.1069,0,0,0
0.0239,-0.6965,0.7651,1.5802,0.4733,-2.2748,0,0,0
0.0247,-0.689,0.7573,1.1298,1.4351,-2.0534,0,0,0
0.0247,-0.6904,0.7563,0.7481,2.1069,-2.3969,0,0,0
0.0237,-0.6973,0.7451,0.1221,2.3893,-2.4885,0,0,0
0.019,-0.6958,0.7461,-0.3588,2.084,-2.4122,0,0,0
0.0176,-0.6975,0.7441,-1.1527,2.1298,-1.8168,0,0,0
0.0139,-0.6995,0.7439,-1.458,1.542,-1.1145,0,0,0
0.0212,-0.6914,0.7397,-1.0992,1.4427,-1.2443,0,0,0
0.0234,-0.6904,0.738,-0.5878,1.771,-1.6107,0,0,0
0.0181,-0.6899,0.7385,-0.5878,1.8779,-1.8015,0,0,0
0.0156,-0.6853,0.7336,-0.2595,1.2824,-2.0763,0,0,0
0.0237,-0.696,0.7349,-0.2901,1.313,-1.6947,0,0,0
0.0208,-0.6887,0.7341,-0.0382,1.0763,-1.7863,0,0,0
0.0254,-0.6841,0.7366,0.7863,1.4046,-4.4733,0,0,0
0.019,-0.6929,0.7461,2.9313,2.3969,-7.0916,0,0,0
0.0283,-0.6946,0.7478,5.0916,3.2901,-7.7405,0,0,0
0.0227,-0.6853,0.7393,6.2137,3.5802,-6.8855,0,0,0
0.0251,-0.6858,0.7429,5.9695,4.313,-5.9618,0,0,0
0.0186,-0.6772,0.7341,4.2443,3.4275,-4.7023,0,0,0
0.0203,-0.6819,0.738,1.8397,2.2137,-3.229,0,0,0
0.0156,-0.6772,0.7271,-1.0763,0.855,-2.313,0,0,0
0.0247,-0.6855,0.7329,-3.5267,-0.2443,-2.1069,0,0,0
0.0269,-0.697,0.7312,-4.6794,-0.542,-2.1985,0,0,0
0.0244,-0.7002,0.7356,-4.1527,-0.6641,-1.6489,0,0,0
0.0195,-0.6995,0.7354,-2.7176,-0.855,-1.5267,0,0,0
0.0198,-0.6926,0.7317,-1.8931,-1.0458,-1.5496,0,0,0
0.0164,-0.6833,0.7358,-2.1756,-2.0763,-0.6565,0,0,0
0.0054,-0.6868,0.7271,-4.2366,-3.9084,0.8626,0,0,0
0.0249,-0.6924,0.7424,-5.687,-4.7863,1.4198,0,0,0
0.0315,-0.6912,0.7454,-6.5573,-4.5496,0.687,0,0,0
0.032,-0.6978,0.761,-6.6718,-3.7863,-0.229,0,0,0
0.032,-0.7009,0.7617,-5.3817,-1.8168,-1.1832,0,0,0
0.0305,-0.7122,0.7588,-3.7634,-0.4122,-1.0076,0,0,0
0.0291,-0.7065,0.7517,-2.229,0.3282,-1.5802,0,0,0
0.0269,-0.6963,0.751,-0.9313,0.7557,-2.2901,0,0,0
0.0261,-0.6948,0.7595,0.2519,0.5725,-3.3282,0,0,0
0.0269,-0.6919,0.7634,1.7481,0.8168,-4.6641,0,0,0
0.0259,-0.6812,0.7664,3.3435,1.5725,-5.3588,0,0,0
0.0337,-0.6812,0.7703,4.6794,2.7405,-6.3588,0,0,0
0.0298,-0.6731,0.7727,5.6412,3.8092,-7.1756,0,0,0
0.0342,-0.6729,0.7644,6.5038,5.1374,-7.7176,0,0,0
0.0273,-0.6633,0.7661,6.6183,6.0,-9.1374,0,0,0
0.0293,-0.6614,0.7588,6.8321,7.0229,-10.4885,0,0,0
0.032,-0.6592,0.7625,6.8855,7.8397,-13.2137,0,0,0
0.0251,-0.6653,0.7607,8.6718,9.5649,-16.3588,0,0,0
0.031,-0.6797,0.7495,11.6794,10.5649,-18.1832,0,0,0
0.0232,-0.6816,0.7493,14.7023,10.7939,-17.7099,0,0,0
0.0325,-0.6748,0.7434,16.7939,10.6489,-15.9695,0,0,0
0.0256,-0.6743,0.7395,17.2977,9.2748,-15.5115,0,0,0
0.0244,-0.6726,0.7351,15.7939,8.4046,-13.1603,0,0,0
0.0208,-0.6663,0.7339,12.4656,5.6489,-10.6565,0,0,0
0.021,-0.6648,0.7402,9.084,3.4962,-10.2443,0,0,0
0.0315,-0.6646,0.7471,6.4656,1.542,-10.6794,0,0,0
0.0325,-0.6689,0.7539,5.9389,1.4885,-10.6794,0,0,0
0.0356,-0.6689,0.7622,7.4962,1.4733,-11.2748,0,0,0
0.0383,-0.668,0.7642,9.6336,2.1298,-13.2748,0,0,0
0.0332,-0.666,0.7661,13.1374,2.9008,-14.6565,0,0,0
0.0452,-0.6689,0.7664,16.6489,3.9008,-14.9847,0,0,0
0.0503,-0.668,0.7805,19.9847,5.5191,-15.1603,0,0,0
0.0371,-0.6621,0.7678,21.4351,6.7176,-15.9313,0,0,0
0.0447,-0.6685,0.7725,21.6718,6.4733,-16.2595,0,0,0
0.0303,-0.676,0.7725,23.145,5.0687,-14.9771,0,0,0
0.054,-0.6597,0.7817,25.542,4.3969,-17.7176,0,0,0
0.0266,-0.6538,0.7761,26.3511,4.458,-19.1832,0,0,0
0.0464,-0.6611,0.7876,28.6947,2.4733,-20.1527,0,0,0
0.041,-0.6543,0.7805,29.9771,1.5115,-19.8779,0,0,0
0.0493,-0.6382,0.793,31.313,-0.5802,-19.7939,0,0,0
0.043,-0.6155,0.7939,31.7176,-3.9771,-20.7405,0,0,0
0.0313,-0.6189,0.8096,31.4885,-6.3359,-22.0687,0,0,0
0.0366,-0.614,0.8098,33.458,-8.8092,-23.7176,0,0,0
0.0518,-0.6333,0.8174,36.2214,-10.3588,-23.4046,0,0,0
0.0488,-0.6147,0.8193,39.8855,-12.2977,-23.7328,0,0,0
0.0508,-0.6045,0.8289,41.2061,-14.1985,-21.7634,0,0,0
0.0605,-0.5886,0.8374,40.9924,-15.5649,-20.3053,0,0,0
0.0654,-0.5913,0.8516,42.0305,-17.8092,-19.2672,0,0,0
0.0569,-0.5896,0.8445,42.7939,-20.6336,-17.9618,0,0,0
0.0562,-0.5967,0.8513,44.3206,-24.3588,-16.8015,0,0,0
0.0654,-0.5669,0.8557,47.7939,-29.374,-16.374,0,0,0
0.0574,-0.5767,0.8455,53.0687,-35.3511,-16.5573,0,0,0
0.0586,-0.5405,0.8311,57.0229,-42.5267,-16.4733,0,0,0
0.1318,-0.5464,0.8845,61.458,-43.0763,-12.4733,0,0,0
0.144,-0.5315,0.9255,65.2748,-39.8168,-9.687,0,0,0
0.1799,-0.4658,0.9612,64.8321,-33.4275,-9.6336,0,0,0
0.1599,-0.4861,0.9602,67.9084,-24.145,-13.3588,0,0,0
0.1648,-0.4814,0.9583,70.5802,-18.5878,-16.1832,0,0,0
0.1553,-0.4888,0.9319,77.458,-16.1679,-17.6718,0,0,0
0.1328,-0.4509,0.9055,83.0916,-16.8015,-18.6489,0,0,0
0.1152,-0.4263,0.8796,85.2595,-21.1603,-20.2595,0,0,0
0.1423,-0.3962,0.8889,85.0916,-25.3588,-20.7863,0,0,0
0.146,-0.3733,0.8857,81.3664,-29.9389,-21.1298,0,0,0
0.1565,-0.3599,0.886,75.7405,-33.9313,-22.2061,0,0,0
0.1489,-0.3755,0.8813,71.7863,-37.9847,-24.9008,0,0,0
0.1621,-0.3718,0.8831,74.0916,-44.9466,-27.5114,0,0,0
0.1794,-0.3291,0.8696,78.1908,-52.8015,-28.5573,0,0,0
0.2246,-0.3445,0.9016,83.2061,-56.2901,-26.6412,0,0,0
0.2805,-0.3184,0.9312,85.4733,-52.5038,-22.2824,0,0,0
0.2778,-0.324,0.9851,84.0763,-46.8168,-18.9618,0,0,0
0.2861,-0.3113,0.9807,75.2519,-35.2519,-19.5344,0,0,0
0.3188,-0.2649,1.0112,68.145,-28.4962,-20.0076,0,0,0
0.2935,-0.2979,0.9878,62.8321,-21.084,-22.1069,0,0,0
0.3032,-0.321,0.9827,63.9084,-16.7786,-21.6794,0,0,0
0.2998,-0.2649,0.9731,69.1603,-16.2748,-19.2901,0,0,0
0.2634,-0.2664,0.9397,71.7481,-13.1527,-18.7557,0,0,0
0.2493,-0.2266,0.9431,72.9771,-14.1069,-18.6031,0,0,0
0.2578,-0.1863,0.9512,71.2901,-14.9771,-21.2672,0,0,0
0.2781,-0.1858,0.9668,70.3053,-14.7099,-24.0305,0,0,0
0.2788,-0.186,0.9846,71.3511,-11.8397,-24.6794,0,0,0
0.3123,-0.1831,1.011,75.1985,-3.626,-25.9466,0,0,0
0.3125,-0.123,1.0327,77.7328,4.0076,-28.3817,0,0,0
0.3235,-0.1079,1.0125,78.7405,13.5267,-33.1374,0,0,0
0.2949,-0.0989,0.9697,77.771,15.9237,-35.8244,0,0,0
0.3071,-0.1196,0.9622,77.2901,17.0611,-35.8931,0,0,0
0.354,-0.1333,1.02,78.1908,22.5191,-33.3817,0,0,0
0.3403,-0.1025,1.0591,76.8473,32.374,-28.9008,0,0,0
0.3242,-0.0154,1.053,67.8626,41.4046,-27.2061,0,0,0
0.2925,-0.001,1.0181,53.5954,47.229,-26.8015,0,0,0
0.2595,0.0056,0.981,40.2824,47.2214,-25.5573,0,0,0
0.238,-0.0317,0.9653,30.0992,44.4351,-21.9695,0,0,0
0.2454,-0.0305,0.9761,25.2443,41.1603,-15.4656,0,0,0
0.2402,-0.011,0.9941,22.6718,40.3282,-11.7863,0,0,0
0.2971,0.0471,1.0134,21.6794,41.3359,-10.6107,0,0,0
0.1985,-0.0059,1.0042,21.4733,43.1374,-12.687,0,0,0
0.2166,0.0208,0.9834,19.9542,47.4885,-14.2443,0,0,0
0.2053,-0.0181,0.9919,22.9237,47.4198,-11.7939,0,0,0
0.1892,-0.0002,0.9758,25.0076,45.8702,-7.4046,0,0,0
0.2112,0.0513,1.0242,22.4733,47.9237,-3.8702,0,0,0
0.1816,0.0505,1.0161,16.0229,50.4656,-1.0763,0,0,0
0.1545,0.0732,1.0024,6.9237,48.1069,0.3435,0,0,0
0.1321,0.0701,0.9805,-0.1298,43.6183,1.5725,0,0,0
0.127,0.0427,0.9658,-3.8855,37.2443,4.1527,0,0,0
0.1248,0.0142,0.9746,-5.6641,29.6107,9.5038,0,0,0
0.1282,0.0269,0.9973,-7.6641,25.8244,16.9084,0,0,0
0.1353,0.0586,1.0291,-14.0611,25.5191,23.5191,0,0,0
0.1194,0.0664,1.012,-23.5267,24.9466,26.6718,0,0,0
0.1282,0.0251,1.0132,-31.4504,22.9771,29.3435,0,0,0
0.1045,-0.0242,1.0215,-34.1298,21.4733,34.4427,0,0,0
0.1843,-0.0249,1.061,-32.2519,25.5191,40.8092,0,0,0
0.103,-0.0325,1.0317,-30.9542,26.916,46.5802,0,0,0
0.1333,-0.0088,1.0527,-32.145,28.1603,52.7023,0,0,0
0.0957,0.0146,1.0308,-32.3053,28.687,54.7252,0,0,0
0.0789,0.0071,0.9995,-31.7939,26.6947,52.9313,0,0,0
0.0464,-0.0249,0.9758,-28.6565,20.3893,51.7786,0,0,0
0.0828,-0.0637,1.0107,-24.0611,15.1298,54.8092,0,0,0
0.064,-0.0383,1.0085,-17.5496,10.626,58.8855,0,0,0
0.0681,-0.0396,1.0166,-12.0229,8.0076,58.9313,0,0,0
0.074,-0.0195,1.0144,-10.9695,5.8168,58.3664,0,0,0
0.0703,-0.0117,1.0256,-11.4885,4.4885,56.2443,0,0,0
0.0955,0.0078,1.0544,-15.4733,6.8321,57.9695,0,0,0
0.0798,0.0093,1.0718,-19.542,10.1908,58.0916,0,0,0
0.0779,0.0452,1.0671,-23.3053,13.8244,55.2595,0,0,0
0.0662,0.0068,1.0505,-27.8626,15.1832,52.7863,0,0,0
0.02,-0.021,1.0061,-31.4656,13.1374,49.1603,0,0,0
0.0254,-0.0269,0.9993,-30.5573,8.2595,43.1679,0,0,0
0.04,-0.0618,1.0129,-29.0076,6.6947,41.626,0,0,0
0.0283,-0.0447,1.0125,-24.2137,6.7634,39.5649,0,0,0
0.053,-0.0679,1.0203,-19.2595,6.5115,36.9008,0,0,0
0.0208,-0.0786,0.9829,-17.7939,5.6794,37.5573,0,0,0
-0.0144,-0.0935,0.9587,-17.4046,1.2901,38.4427,0,0,0
-0.0063,-0.0835,0.9695,-18.1145,-5.4885,36.7939,0,0,0
0.0115,-0.1089,0.9895,-16.6107,-12.4962,35.5115,0,0,0
0.0442,-0.1243,1.0193,-14.855,-15.5267,36.0763,0,0,0
0.0493,-0.1003,1.0366,-10.8626,-15.7786,34.4275,0,0,0
0.0654,-0.0796,1.0342,-8.8702,-14.3282,31.3893,0,0,0
0.041,-0.0676,1.0295,-7.5115,-13.5573,26.5573,0,0,0
0.0374,-0.0605,1.0186,-5.3588,-12.6947,19.5573,0,0,0
0.05,-0.0981,1.0142,0.2901,-14.1527,14.9771,0,0,0
0.0459,-0.0972,1.0259,8.313,-14.6565,11.7481,0,0,0
0.0654,-0.073,1.0347,16.2519,-11.8168,8.0229,0,0,0
0.0671,-0.063,1.0391,23.2595,-9.3511,3.0458,0,0,0
0.0793,-0.0503,1.0557,28.8473,-5.2672,-0.9542,0,0,0
0.0898,-0.0544,1.0654,33.916,0.2443,-5.9618,0,0,0
0.1069,-0.0627,1.0806,37.1069,7.8473,-7.9618,0,0,0
0.0876,-0.0383,1.0605,38.0534,13.4809,-7.5115,0,0,0
0.0632,-0.0256,1.0486,35.374,14.9847,-8.0763,0,0,0
0.0581,-0.0315,1.0344,29.6565,14.0687,-7.8397,0,0,0
0.0435,-0.0254,1.0327,25.0458,11.7176,-6.4809,0,0,0
0.0334,-0.0286,1.0264,20.2672,9.8168,-5.7786,0,0,0
0.0398,-0.0291,1.0286,15.9618,6.9389,-5.3511,0,0,0
0.0337,-0.0193,1.0256,12.0153,4.4427,-4.9008,0,0,0
0.0347,-0.0205,1.0271,9.7634,1.9695,-6.1527,0,0,0
0.0276,-0.0183,1.0266,10.3282,-0.6565,-7.8779,0,0,0
0.0454,-0.0334,1.0344,12.7634,-3.2595,-11.3435,0,0,0
0.0442,-0.0417,1.0454,17.916,-3.6794,-13.3206,0,0,0
0.0291,-0.0415,1.0596,24.4275,-3.084,-15.6489,0,0,0
0.0586,0.02,1.0566,30.2137,-2.1221,-21.2137,0,0,0
0.0266,0.0212,1.0374,32.1985,-2.7557,-26.4351,0,0,0
0.0225,0.0349,1.0081,33.7863,-5.0992,-33.7405,0,0,0
0.0264,0.0647,1.0081,35.9695,-8.5191,-42.6947,0,0,0
0.0391,0.0347,1.0063,39.0382,-11.3053,-51.9924,0,0,0
0.0549,0.0095,1.0164,42.9313,-10.8168,-53.9084,0,0,0
0.0806,-0.0002,1.0266,46.8855,-6.6031,-50.0,0,0,0
0.0483,0.042,1.0032,47.7939,-5.2366,-45.1832,0,0,0
0.0479,0.0815,0.9834,45.0611,-7.7557,-43.9924,0,0,0
0.0498,0.0784,0.9854,38.2595,-12.1298,-43.5496,0,0,0
0.0859,0.0608,1.0339,30.2366,-11.3664,-37.9542,0,0,0
0.0818,0.0884,1.0352,23.1603,-9.458,-35.0153,0,0,0
0.0847,0.0664,1.0315,15.3359,-7.8626,-33.2748,0,0,0
0.0696,0.0625,1.0042,9.3588,-8.6641,-31.8244,0,0,0
0.0613,0.0654,0.9846,6.0076,-12.2366,-31.3206,0,0,0
0.0549,0.0576,0.9771,4.1908,-16.3282,-28.8931,0,0,0
0.0615,0.0217,0.9871,3.9771,-19.9466,-24.542,0,0,0
0.084,0.0117,1.0208,5.0,-19.7481,-17.0687,0,0,0
0.0872,0.0203,1.0264,6.8321,-16.9313,-9.7863,0,0,0
0.0842,0.0696,1.0276,8.5954,-16.4885,-10.5649,0,0,0
0.1023,0.0759,1.0212,8.626,-15.7786,-13.2137,0,0,0
0.0774,0.0725,0.9978,9.7023,-16.2595,-13.4122,0,0,0
0.0732,0.0596,0.9834,11.5038,-19.6718,-11.5802,0,0,0
0.0796,0.0723,0.9768,13.8702,-23.7786,-8.0,0,0,0
0.0903,0.0669,0.9988,14.9084,-26.7939,-4.1527,0,0,0
0.0984,0.0898,1.0073,14.7099,-27.1221,0.2366,0,0,0
0.1182,0.0999,1.0239,11.9389,-26.7481,4.3969,0,0,0
0.114,0.1143,1.0151,7.1756,-25.5725,7.7176,0,0,0
0.113,0.1057,1.0051,2.1756,-26.313,9.1908,0,0,0
0.1138,0.1238,1.0027,-1.6794,-27.0382,9.7481,0,0,0
0.1106,0.1121,0.9946,-2.6565,-31.4351,10.4656,0,0,0
0.1116,0.1042,0.9922,-1.8397,-36.0763,11.3053,0,0,0
0.1421,0.0938,1.0171,-0.5267,-39.1603,14.2595,0,0,0
0.137,0.1077,1.0024,1.1985,-40.8473,16.5802,0,0,0
0.1611,0.1155,0.9924,0.5191,-40.5802,17.6031,0,0,0
0.1594,0.1362,0.9905,0.8855,-42.7863,17.9695,0,0,0
0.1541,0.1147,0.9888,0.4046,-44.626,16.2519,0,0,0
0.1609,0.0964,0.9766,-0.229,-47.4275,14.0,0,0,0
0.2065,0.1011,1.0066,0.6718,-50.4275,12.4427,0,0,0
0.1863,0.0872,0.9854,2.8626,-51.3893,13.5802,0,0,0
0.2263,0.0845,1.0002,3.7557,-49.9618,13.5725,0,0,0
0.2495,0.1018,1.0234,3.7405,-46.9618,14.5725,0,0,0
0.2678,0.1179,1.0342,1.6107,-41.7786,13.0687,0,0,0
0.2454,0.1145,1.0286,0.6183,-36.6565,11.4427,0,0,0
0.2942,0.147,1.0518,-0.0916,-29.3588,9.7634,0,0,0
0.2888,0.1409,1.0459,-0.229,-22.4809,7.8397,0,0,0
0.2803,0.106,1.0334,-0.6565,-15.5725,5.2977,0,0,0
0.2729,0.1213,1.032,-1.4275,-10.2672,4.0,0,0,0
0.2756,0.1196,1.0193,-2.084,-5.7786,2.2595,0,0,0
0.2698,0.1069,1.0193,-1.5954,-1.8702,0.8855,0,0,0
0.2605,0.106,1.0093,-0.8397,-0.0458,-0.7481,0,0,0
0.2617,0.0986,1.011,0.8321,0.7328,-0.3817,0,0,0
0.2568,0.1143,1.0,1.0763,1.5267,-0.4885,0,0,0
0.2585,0.1111,1.0044,0.2366,1.687,-0.2901,0,0,0
0.2568,0.1191,1.0,-1.6489,2.7023,-0.9542,0,0,0
0.2544,0.115,0.9915,-4.4275,3.542,-1.6718,0,0,0
0.2463,0.1016,0.988,-5.8855,4.0305,-1.8779,0,0,0
0.2476,0.0999,0.9744,-5.9847,3.9008,-1.4275,0,0,0
0.2461,0.095,0.9658,-5.5038,2.771,-1.2061,0,0,0
0.2461,0.0881,0.9729,-4.1756,1.2366,-0.8779,0,0,0
0.2444,0.085,0.9785,-2.8473,-0.0916,-0.3053,0,0,0
0.2517,0.1001,0.9775,-1.7176,-0.8397,0.4275,0,0,0
0.249,0.1082,0.9795,-1.626,-1.0305,-0.2443,0,0,0
0.2458,0.1067,0.9761,-2.5725,-1.1221,-0.3435,0,0,0
0.2532,0.0991,0.9822,-2.3588,-1.3359,-0.1603,0,0,0
0.26,0.0972,0.9875,-1.9008,-0.9618,0.0763,0,0,0
0.2529,0.104,0.99,-1.8092,-0.7863,0.1374,0,0,0
0.2534,0.1145,0.99,-2.3817,-0.6412,0.229,0,0,0
0.2512,0.1206,0.991,-3.0534,-1.2137,-0.2061,0,0,0
0.2532,0.1169,0.9973,-3.313,-1.2519,-0.6489,0,0,0
0.2568,0.1101,0.9963,-2.9313,-0.9008,-1.1221,0,0,0
0.2656,0.1047,1.0159,-2.6412,0.3511,-1.2672,0,0,0
0.2705,0.1191,1.0212,-2.8855,3.6183,-1.8168,0,0,0
0.2727,0.1265,1.0413,-4.4885,7.0305,-3.2595,0,0,0
0.292,0.1294,1.0574,-5.8702,13.6794,-6.3969,0,0,0
0.2881,0.1311,1.0874,-6.7863,22.0305,-9.374,0,0,0
0.3052,0.1147,1.1023,-6.6565,33.229,-11.5038,0,0,0
0.29,0.084,1.1143,-6.2901,47.2366,-11.8702,0,0,0
0.3274,0.1064,1.1396,-8.0382,61.0534,-11.1985,0,0,0
0.2891,0.114,1.1245,-12.7099,76.5725,-12.0153,0,0,0
0.2727,0.178,1.0959,-18.9924,86.2824,-14.0534,0,0,0
0.2139,0.1477,1.0566,-22.3511,88.3053,-15.4351,0,0,0
0.1648,0.1296,1.009,-24.3893,84.0992,-16.4198,0,0,0
0.0835,0.0569,0.9563,-22.4427,72.8473,-15.542,0,0,0
0.0596,0.0525,0.925,-18.1298,58.9466,-12.0229,0,0,0
0.0615,0.0413,0.9573,-13.3053,46.8397,-9.0,0,0,0
0.1035,0.0632,1.0037,-11.3435,45.1908,-5.4427,0,0,0
0.1016,0.093,0.9998,-11.6336,45.2672,-6.6336,0,0,0
0.0798,0.0442,0.9912,-13.4046,45.1603,-8.0229,0,0,0
0.0632,0.0544,0.9827,-12.3664,41.4427,-7.9542,0,0,0
0.0571,0.0669,0.9875,-9.0534,36.4351,-7.3435,0,0,0
0.0547,0.0537,0.9963,-6.6718,33.084,-6.3053,0,0,0
0.0452,0.0793,0.9895,-5.4275,29.4885,-4.9847,0,0,0
0.043,0.0718,0.9946,-5.6641,24.9924,-4.1069,0,0,0
0.0398,0.074,1.0024,-7.8855,25.2137,-5.0229,0,0,0
0.0466,0.063,1.0212,-7.9618,22.8092,-5.3969,0,0,0
0.0605,0.0635,1.0217,-8.3664,24.9466,-4.5115,0,0,0
0.0532,0.0706,1.0173,-8.9008,26.0916,-4.8473,0,0,0
0.0508,0.053,1.0281,-8.9847,25.8855,-4.7176,0,0,0
0.053,0.0549,1.0381,-8.7252,27.9466,-2.6641,0,0,0
0.03,0.0713,1.0183,-9.7099,28.1145,-1.2366,0,0,0
0.0278,0.0544,1.0203,-11.1298,27.0153,0.0534,0,0,0
0.0208,0.0627,0.9971,-12.1298,25.6336,-0.1145,0,0,0
-0.0137,0.0459,0.9807,-10.7863,20.458,-0.084,0,0,0
-0.0178,0.0601,0.9792,-8.4504,15.7328,-2.1221,0,0,0
-0.03,0.0647,0.9727,-4.6641,9.8015,-4.3359,0,0,0
-0.0264,0.0774,0.9761,0.2672,4.1298,-8.2443,0,0,0
-0.02,0.0776,0.9841,5.6031,0.4733,-12.5573,0,0,0
-0.0154,0.0642,1.0002,11.2061,-2.3664,-15.7252,0,0,0
-0.0093,0.0854,1.0054,16.0305,-3.5725,-18.7099,0,0,0
-0.0054,0.0933,1.0146,17.9084,-4.5191,-21.8015,0,0,0
-0.0044,0.1379,1.0203,19.8397,-6.7786,-27.5649,0,0,0
0.0037,0.1572,1.0325,21.5038,-7.5573,-36.7863,0,0,0
-0.0107,0.1421,1.0149,25.6031,-9.8168,-46.5115,0,0,0
-0.0251,0.1133,0.9941,30.7939,-14.2061,-50.7328,0,0,0
-0.0098,0.083,0.9924,36.0458,-20.3206,-48.8931,0,0,0
0.0056,0.1145,1.0217,40.1298,-20.5878,-46.1527,0,0,0
0.0408,0.144,1.0457,37.3435,-16.4198,-48.4122,0,0,0
0.0481,0.1421,1.054,31.6794,-9.9771,-48.9466,0,0,0
0.0464,0.1201,1.051,27.2595,-4.7863,-46.6947,0,0,0
0.0457,0.1406,1.0566,23.3817,-1.0305,-44.2595,0,0,0
0.0676,0.127,1.0723,21.084,2.1069,-49.3817,0,0,0
0.0417,0.1406,1.0715,15.3511,4.8015,-46.0229,0,0,0
0.021,0.1169,1.0337,17.458,6.626,-45.3282,0,0,0
0.0107,0.1365,1.0144,16.145,6.145,-43.5267,0,0,0
-0.0161,0.1157,0.9985,17.3893,2.687,-44.1069,0,0,0
-0.0256,0.1089,0.9792,21.2595,-3.8397,-42.5649,0,0,0
0.0271,0.0959,1.0215,22.0,-4.0916,-37.7328,0,0,0
0.0161,0.1155,1.032,19.7863,-1.5649,-29.626,0,0,0
0.0435,0.1499,1.0496,13.0611,3.0,-24.3435,0,0,0
0.0354,0.167,1.0471,6.8931,5.8626,-24.687,0,0,0
0.0271,0.1462,1.0378,4.2137,7.7176,-25.6718,0,0,0
0.019,0.1111,1.0229,4.8702,9.374,-24.4885,0,0,0
0.0154,0.1277,1.0247,7.6718,10.145,-24.2672,0,0,0
-0.0032,0.113,1.0181,10.0153,11.2519,-21.6718,0,0,0
-0.0215,0.1489,1.0203,11.6412,11.2824,-17.6565,0,0,0
-0.0234,0.147,1.009,11.2901,10.7786,-16.1603,0,0,0
-0.0159,0.1719,1.0024,9.6336,10.5496,-15.0229,0,0,0
-0.0159,0.1619,1.0063,5.687,10.7405,-12.8092,0,0,0
-0.012,0.1665,1.0225,3.2977,12.6412,-11.145,0,0,0
-0.0117,0.1372,1.0208,0.4809,14.6412,-7.1679,0,0,0
-0.0322,0.1279,1.0032,-0.8015,14.771,-1.1985,0,0,0
-0.0449,0.1375,0.9844,-2.2977,12.2595,4.3435,0,0,0
-0.0564,0.1526,0.9685,-5.3588,8.2214,7.9695,0,0,0
-0.0393,0.1577,0.9812,-7.3435,4.084,9.2214,0,0,0
-0.033,0.1582,0.9856,-8.0763,1.6947,8.6947,0,0,0
-0.0242,0.1633,1.0071,-7.2214,1.3359,7.1908,0,0,0
-0.0149,0.1665,1.02,-6.0229,3.5115,6.1756,0,0,0
-0.0122,0.1726,1.0259,-4.5878,6.2672,5.6565,0,0,0
-0.0176,0.1694,1.02,-2.4809,7.5038,4.9313,0,0,0
-0.0205,0.1619,1.0308,0.2519,8.4504,4.771,0,0,0
-0.0315,0.1599,1.02,3.8626,8.9924,5.1527,0,0,0
-0.0396,0.1643,1.0115,6.5191,8.4122,5.3893,0,0,0
-0.0522,0.1948,0.9939,6.916,7.1908,4.3817,0,0,0
-0.0593,0.21,0.9819,6.1221,3.7023,2.8092,0,0,0
-0.0618,0.2122,0.9883,4.0305,0.2977,1.1527,0,0,0
-0.0566,0.2036,0.9822,1.4733,-2.6565,1.0763,0,0,0
-0.0515,0.1997,0.9922,-1.1603,-4.6947,2.3359,0,0,0
-0.0479,0.199,0.9958,-4.1374,-5.7481,3.6565,0,0,0
-0.0439,0.2034,1.0054,-6.0458,-6.6565,2.6183,0,0,0
-0.0322,0.1914,1.0156,-7.0687,-6.8473,2.2137,0,0,0
-0.0356,0.1851,1.0129,-6.6718,-7.1069,1.4504,0,0,0
-0.0171,0.1616,1.0317,-5.3817,-5.7863,2.084,0,0,0
-0.0188,0.1611,1.0308,-3.6489,-4.0687,3.5725,0,0,0
-0.0217,0.158,1.0332,-3.5649,-2.9695,5.687,0,0,0
-0.0117,0.165,1.031,-5.0916,-1.5267,9.0,0,0,0
-0.0142,0.1541,1.0305,-8.7099,0.7863,13.4885,0,0,0
-0.0398,0.1536,1.0071,-13.2901,2.2519,19.542,0,0,0
-0.031,0.1414,0.9954,-18.1145,1.8779,25.7634,0,0,0
-0.0442,0.1472,0.9912,-22.8931,-0.4275,29.2443,0,0,0
-0.0547,0.1409,0.9932,-24.4504,-4.0382,27.5954,0,0,0
-0.0068,0.1626,1.0315,-25.7557,-2.0687,23.2595,0,0,0
-0.0034,0.1499,1.0486,-23.9389,2.0,19.3969,0,0,0
-0.012,0.1282,1.0576,-20.3282,6.3282,18.6336,0,0,0
-0.0251,0.1433,1.04,-16.6031,8.9084,19.1145,0,0,0
-0.0405,0.1409,1.0334,-14.1832,9.2824,20.4122,0,0,0
-0.041,0.1721,1.0339,-12.7939,7.5878,16.3511,0,0,0
-0.0278,0.175,1.0408,-12.1221,8.6641,12.2595,0,0,0
-0.0417,0.1687,1.0239,-11.8244,9.084,9.6412,0,0,0
-0.0498,0.1694,1.0176,-11.1374,7.4427,6.2595,0,0,0
-0.0452,0.1736,1.0212,-10.7405,6.7863,1.3511,0,0,0
-0.0327,0.1643,1.0396,-10.1679,9.626,0.5649,0,0,0
-0.0481,0.1519,1.0305,-8.4733,11.7405,-0.0687,0,0,0
-0.0544,0.1511,1.0078,-6.9695,11.1069,-1.229,0,0,0
-0.0698,0.1414,0.9993,-4.6947,7.687,-2.4504,0,0,0
-0.073,0.1304,0.9912,-2.1145,3.3969,-4.9771,0,0,0
-0.0691,0.1296,0.9917,0.5038,0.0763,-5.3969,0,0,0
-0.0566,0.1213,1.0007,2.0992,-1.7634,-4.5344,0,0,0
-0.0447,0.1426,1.0134,2.7863,-1.0382,-4.0458,0,0,0
-0.0442,0.1487,1.0195,2.7557,-0.4885,-5.7939,0,0,0
-0.0471,0.1409,1.0078,2.4122,-0.6641,-7.2977,0,0,0
-0.0486,0.1309,1.0076,2.0534,-2.0382,-6.8473,0,0,0
-0.0513,0.1279,0.9963,2.2214,-3.9618,-7.5725,0,0,0
-0.0491,0.1152,1.0032,2.6183,-5.3664,-7.6412,0,0,0
-0.0461,0.1189,1.0017,3.4351,-6.313,-6.9542,0,0,0
-0.0366,0.1257,1.0295,4.0458,-5.1069,-5.2672,0,0,0
-0.033,0.1401,1.0298,3.6183,-4.2061,-6.2061,0,0,0
-0.0308,0.144,1.032,2.8779,-3.5344,-6.9313,0,0,0
-0.0393,0.1377,1.0134,2.9084,-4.0992,-6.8779,0,0,0
-0.0559,0.1333,1.0107,2.9466,-5.6947,-6.542,0,0,0
-0.032,0.1533,1.0125,3.5344,-8.0611,-8.6412,0,0,0
-0.0596,0.1543,1.0068,4.1985,-8.5878,-10.4351,0,0,0
-0.0291,0.1421,1.0264,5.4198,-6.9695,-13.0611,0,0,0
-0.0281,0.1428,1.0288,6.7023,-3.0229,-11.9542,0,0,0
-0.0295,0.1423,1.0115,7.8626,-0.7023,-11.8779,0,0,0
-0.0413,0.1431,1.0012,7.8779,-1.084,-10.8931,0,0,0
-0.0422,0.1382,0.9961,6.7252,-3.8626,-8.3435,0,0,0
-0.0364,0.1423,0.9927,4.2214,-5.2366,-5.4504,0,0,0
-0.0317,0.1372,1.0178,0.3511,-5.9084,-1.1298,0,0,0
-0.0232,0.1438,1.0156,-3.2672,-6.1298,1.7099,0,0,0
-0.0251,0.1458,1.0149,-5.9237,-6.6489,2.3664,0,0,0
-0.0198,0.147,1.0288,-6.8702,-5.9008,1.8092,0,0,0
-0.02,0.1504,1.0371,-5.5954,-4.771,-0.542,0,0,0
-0.0178,0.1416,1.0378,-3.2977,-2.4427,-1.9389,0,0,0
-0.0225,0.1438,1.0366,-0.6947,-1.1756,-1.7099,0,0,0
-0.0264,0.144,1.0281,1.7405,-0.1679,-1.2977,0,0,0
-0.0288,0.1487,1.0288,2.229,0.3511,-0.7328,0,0,0
-0.0308,0.1562,1.0151,0.7786,0.3282,-0.3817,0,0,0
-0.0347,0.1589,1.0176,-1.7023,-0.0076,0.1221,0,0,0
-0.033,0.1638,1.0227,-4.4275,0.1756,0.3282,0,0,0
-0.0352,0.1626,1.0178,-6.0763,-0.1603,-1.7405,0,0,0
-0.0347,0.1482,1.02,-5.374,0.8244,-2.6107,0,0,0
-0.0417,0.1431,1.0081,-2.8168,0.4351,-2.8092,0,0,0
-0.0461,0.1445,1.0173,0.145,-0.0229,-2.5038,0,0,0
-0.0427,0.1516,1.0125,2.4733,-0.8855,-2.7481,0,0,0
-0.0342,0.1609,1.0295,2.9618,-0.0076,-2.1985,0,0,0
-0.0332,0.1606,1.0298,1.8244,0.8931,-2.8321,0,0,0
-0.0271,0.1626,1.03,0.1679,1.3817,-3.5725,0,0,0
-0.0281,0.1599,1.0229,-1.9084,1.771,-3.0534,0,0,0
-0.0305,0.1619,1.0308,-3.8321,1.8168,-2.4351,0,0,0
-0.031,0.1533,1.0259,-5.2443,2.1374,-2.6336,0,0,0
-0.03,0.1433,1.0283,-5.6641,2.9924,-1.7786,0,0,0
-0.0325,0.1401,1.0215,-4.9466,3.5115,-0.9389,0,0,0
-0.0422,0.137,1.0129,-4.1145,3.2366,-0.8779,0,0,0
-0.0364,0.1353,1.0146,-2.9847,3.0305,-1.4733,0,0,0
-0.0356,0.1418,1.0134,-1.6107,3.8397,-0.4198,0,0,0
-0.0364,0.1545,1.0149,-1.6794,4.9695,-0.7786,0,0,0
-0.0347,0.156,1.0195,-3.3511,5.9313,-1.4962,0,0,0
-0.0356,0.1533,1.0095,-4.1069,5.4046,-1.3511,0,0,0
-0.0498,0.1458,1.0015,-4.7176,4.2672,-0.9313,0,0,0
-0.0449,0.145,0.9998,-5.1985,2.771,-0.2366,0,0,0
-0.0396,0.1431,1.0112,-5.229,1.3893,0.084,0,0,0
-0.0352,0.1455,1.021,-4.4809,2.0229,-0.6412,0,0,0
-0.0266,0.1453,1.0291,-3.3969,4.1298,-1.4427,0,0,0
-0.0383,0.1426,1.021,-2.5038,5.9008,-1.9466,0,0,0
-0.0369,0.1516,1.0305,-2.0153,7.3588,-1.9313,0,0,0
-0.0522,0.1538,1.0215,-3.5878,8.4122,-2.2901,0,0,0
-0.0515,0.1477,1.022,-3.1832,8.7939,-3.8473,0,0,0
-0.0632,0.1472,1.0085,-2.5038,7.2366,-4.3588,0,0,0
-0.0698,0.144,0.9946,-1.5191,4.8855,-4.4656,0,0,0
-0.0752,0.1345,0.9856,-0.6947,1.8855,-3.626,0,0,0
-0.0701,0.1296,0.9951,-0.0229,-0.7252,-2.0916,0,0,0
-0.0632,0.1321,0.9978,-0.6794,-2.7252,-0.1679,0,0,0
-0.0618,0.1387,0.9958,-1.8092,-3.9847,1.3282,0,0,0
-0.0547,0.1416,1.0049,-3.5191,-5.1527,1.7634,0,0,0
-0.0503,0.1484,1.0151,-4.2901,-4.8244,2.1527,0,0,0
-0.0437,0.1479,1.0227,-3.7252,-5.0534,0.7786,0,0,0
-0.0364,0.1548,1.0515,-2.6489,-3.3588,-0.2214,0,0,0
-0.0386,0.1636,1.0447,-1.7939,-0.6718,-1.8855,0,0,0
-0.0432,0.1531,1.0452,-0.2061,0.8397,-3.4962,0,0,0
-0.0542,0.1536,1.019,1.0992,1.1145,-3.542,0,0,0
-0.0554,0.1519,1.0164,0.9389,0.5573,-2.687,0,0,0
-0.0574,0.1565,1.0132,-0.855,-0.1527,-1.8168,0,0,0
-0.0564,0.1482,1.0144,-2.9542,-0.7328,-1.2672,0,0,0
-0.0544,0.1423,1.0139,-3.9695,-1.4046,-0.2977,0,0,0
-0.0547,0.1445,1.0149,-4.8931,-1.4504,-0.1756,0,0,0
-0.052,0.1387,1.019,-5.2214,-1.0076,-0.2672,0,0,0
-0.0486,0.1333,1.0186,-3.5344,-0.6565,-0.1374,0,0,0
-0.0515,0.1343,1.012,-2.0382,-0.4962,-0.6794,0,0,0
-0.0532,0.1396,1.0083,-0.3511,-0.8931,-1.2061,0,0,0
-0.0527,0.1399,1.0142,1.0916,-0.5954,-1.4275,0,0,0
-0.0542,0.1572,1.0188,1.6183,-0.8855,-1.7023,0,0,0
-0.0579,0.1616,1.0161,0.626,-1.6183,-2.2519,0,0,0
-0.0481,0.1562,1.0208,0.5725,-1.6794,-3.5954,0,0,0
-0.0483,0.1531,1.0208,0.5725,-1.2748,-3.9847,0,0,0
-0.0486,0.1533,1.022,0.1221,-1.1069,-5.0611,0,0,0
-0.0408,0.147,1.0298,0.1908,0.0305,-5.3969,0,0,0
-0.04,0.1411,1.0322,0.6031,0.6412,-5.542,0,0,0
-0.0493,0.1592,1.0305,1.9008,1.5954,-6.8168,0,0,0
-0.0481,0.1646,1.0308,3.374,1.4656,-11.771,0,0,0
-0.0444,0.1631,1.0332,4.6031,3.0076,-14.5115,0,0,0
-0.053,0.1455,1.0278,5.9618,4.5038,-14.7481,0,0,0
-0.0554,0.1562,1.021,7.0305,5.8244,-13.855,0,0,0
-0.0552,0.1482,1.0144,6.3588,5.4275,-12.2519,0,0,0
-0.0635,0.1436,1.0081,4.3435,4.0611,-10.2366,0,0,0
-0.0635,0.1331,0.9963,0.9847,2.4351,-7.145,0,0,0
-0.0703,0.1326,0.9858,-2.313,0.8092,-3.0687,0,0,0
-0.0752,0.1384,0.9861,-5.7023,-1.5573,0.916,0,0,0
-0.0703,0.1331,0.9854,-8.0687,-4.2901,3.6794,0,0,0
-0.0549,0.1243,0.9956,-8.9618,-5.4733,5.0687,0,0,0
-0.0469,0.1199,1.012,-7.3359,-4.626,5.5954,0,0,0
-0.0405,0.1304,1.0195,-5.8168,-3.2977,4.9389,0,0,0
-0.0486,0.1377,1.0144,-4.1832,-2.626,4.2443,0,0,0
-0.0503,0.1455,1.0159,-2.7786,-2.4351,3.4351,0,0,0
-0.0518,0.146,1.0186,-1.6107,-2.2443,3.9084,0,0,0
-0.0513,0.1477,1.0259,-1.6183,-2.5954,4.0763,0,0,0
-0.0452,0.1604,1.0256,-2.7481,-2.313,4.2748,0,0,0
-0.0522,0.1643,1.0237,-4.4962,-1.6489,3.0229,0,0,0
-0.0496,0.1577,1.0188,-5.2061,-1.0763,1.9313,0,0,0
-0.0503,0.1504,1.0208,-5.5267,-0.2977,2.0458,0,0,0
-0.0527,0.1448,1.0129,-5.4962,0.3969,2.0534,0,0,0
-0.0549,0.1458,1.0085,-5.1298,0.0229,2.4809,0,0,0
-0.0596,0.135,1.0115,-4.7252,-0.5115,2.7252,0,0,0
-0.0571,0.1365,1.0127,-3.8702,-1.2901,3.7023,0,0,0
-0.0591,0.1392,1.0049,-3.3435,-2.0076,4.4122,0,0,0
-0.0518,0.1433,1.0076,-3.9542,-2.4427,4.4198,0,0,0
-0.0449,0.1577,1.0122,-4.5038,-2.0382,4.0611,0,0,0
-0.0432,0.1558,1.021,-5.8855,-1.6641,3.3664,0,0,0
-0.0437,0.1477,1.0259,-6.145,-0.7634,3.145,0,0,0
-0.0415,0.1384,1.0327,-6.2824,-0.2977,4.1603,0,0,0
-0.0396,0.127,1.0352,-5.9313,0.3893,5.3511,0,0,0
-0.0457,0.1255,1.0283,-5.9847,0.1221,7.0458,0,0,0
-0.0591,0.1409,1.0132,-7.0916,-0.7176,8.6947,0,0,0
-0.0549,0.136,1.0168,-7.1603,-1.687,7.5344,0,0,0
-0.0483,0.1475,1.0232,-7.3511,-1.0305,6.7939,0,0,0
-0.0483,0.137,1.0305,-7.7634,0.0687,6.8779,0,0,0
-0.0476,0.1331,1.0288,-8.1527,1.1908,7.6183,0,0,0
-0.0508,0.1335,1.0229,-8.8015,1.5954,7.2824,0,0,0
-0.0515,0.1372,1.0225,-8.8626,1.2824,5.2061,0,0,0
-0.0474,0.1228,1.0325,-7.6718,1.0916,4.0687,0,0,0
-0.05,0.1238,1.0254,-5.9084,0.9771,4.4656,0,0,0
-0.0542,0.1189,1.0266,-4.7023,0.2595,4.6641,0,0,0
-0.0583,0.1421,1.0134,-3.0611,-0.8626,3.0916,0,0,0
-0.0564,0.146,1.0195,-1.8015,-1.1298,-0.0458,0,0,0
-0.0513,0.1375,1.0129,0.0763,-0.4656,-1.3817,0,0,0
-0.0491,0.1372,1.0098,1.6031,-0.4275,-1.5573,0,0,0
-0.0542,0.1426,1.0044,1.2519,-0.6794,-1.4427,0,0,0
-0.0486,0.1436,1.0144,-0.145,-1.1298,-1.5191,0,0,0
-0.0432,0.1418,1.0178,-1.7176,-1.0687,-1.0076,0,0,0
-0.042,0.137,1.021,-3.0611,-0.7405,-0.4504,0,0,0
-0.0413,0.134,1.0244,-4.0,0.0305,-0.458,0,0,0
-0.0444,0.1331,1.0264,-4.084,0.0687,-0.7328,0,0,0
-0.0522,0.1206,1.0105,-3.5878,-0.4656,-0.4046,0,0,0
-0.0535,0.1169,1.0066,-1.9542,-1.542,-0.5878,0,0,0
-0.0481,0.1167,1.0181,-0.5191,-2.084,-0.7405,0,0,0
-0.0449,0.1243,1.0115,0.9008,-2.2443,-0.4351,0,0,0
-0.053,0.136,1.0107,1.0382,-2.8626,0.0153,0,0,0
-0.0396,0.1433,1.0295,-0.0916,-1.6794,0.6107,0,0,0
-0.0366,0.1489,1.0322,-2.3511,0.0458,0.0534,0,0,0
-0.0449,0.1472,1.0278,-4.1145,1.2672,-0.6947,0,0,0
-0.0547,0.1416,1.0229,-5.3282,0.7099,-0.5954,0,0,0
-0.0579,0.1318,1.0188,-4.3969,0.229,-1.0305,0,0,0
-0.0588,0.1301,1.0178,-2.8702,-0.458,-1.5115,0,0,0
-0.0593,0.125,1.0098,-1.1832,-1.1908,-1.9466,0,0,0
-0.0601,0.1323,1.011,-0.5954,-1.6031,-1.7786,0,0,0
-0.0557,0.1304,1.0178,-0.145,-1.7481,-2.3817,0,0,0
-0.0449,0.1255,1.0232,0.2443,-1.084,-2.1069,0,0,0
-0.051,0.1362,1.0198,-0.3511,-0.374,-1.4351,0,0,0
-0.0615,0.1406,1.0129,-1.7481,-0.8626,-1.9695,0,0,0
-0.0566,0.1292,1.0137,-2.458,-1.9695,-1.1832,0,0,0
-0.042,0.1206,1.0261,-1.9618,-1.9542,-0.5878,0,0,0
-0.0386,0.1204,1.0291,-1.0763,-1.3969,-0.9771,0,0,0
-0.0386,0.1204,1.0339,-1.3817,-0.9695,-0.1908,0,0,0
-0.0439,0.1147,1.0286,-1.5267,-0.5802,0.5573,0,0,0
-0.043,0.1116,1.0295,-1.687,-0.5191,1.9008,0,0,0
-0.0452,0.1221,1.0244,-2.084,0.1908,3.542,0,0,0
-0.0442,0.1323,1.0286,-3.5573,0.9542,4.3511,0,0,0
-0.0457,0.1375,1.0303,-5.4733,2.2672,5.0076,0,0,0
-0.0554,0.134,1.0232,-6.4656,2.5725,5.8626,0,0,0
-0.0557,0.1311,1.0173,-7.4504,2.5344,7.7328,0,0,0
-0.0535,0.1169,1.0164,-8.8244,2.771,10.7328,0,0,0
-0.0483,0.1055,1.0159,-11.1908,3.5725,16.4046,0,0,0
-0.0598,0.0925,1.0005,-14.4504,2.1832,23.7328,0,0,0
-0.0701,0.0964,1.0005,-17.5954,-1.084,29.1603,0,0,0
-0.0579,0.1106,1.0037,-19.5725,-4.1832,29.4962,0,0,0
-0.0432,0.1064,1.0264,-21.5878,-5.0458,27.9389,0,0,0
-0.032,0.1045,1.0347,-21.2214,-3.916,24.7252,0,0,0
-0.0359,0.1074,1.0518,-18.145,-1.5115,19.3282,0,0,0
-0.0291,0.1001,1.0432,-12.7176,2.2824,14.6947,0,0,0
-0.0344,0.105,1.0479,-7.7328,4.5649,11.2137,0,0,0
-0.1025,0.0896,1.0435,-3.1527,7.771,9.2519,0,0,0
-0.0442,0.1255,1.0378,-2.3359,7.8473,8.1221,0,0,0
-0.0586,0.1279,1.0156,-2.5496,6.2137,7.0687,0,0,0
-0.0693,0.1284,1.0132,-3.542,3.9771,5.8626,0,0,0
-0.0735,0.1265,0.9902,-4.3206,0.771,3.9466,0,0,0
-0.0554,0.1152,0.999,-4.7786,-0.9313,2.7176,0,0,0
-0.0474,0.1069,1.0068,-4.5878,-0.7099,3.4122,0,0,0
-0.052,0.1152,1.0081,-4.8244,0.2366,4.084,0,0,0
-0.0452,0.1152,1.0142,-5.7557,0.4427,2.771,0,0,0
-0.0518,0.1094,1.0127,-5.1145,-0.084,0.7328,0,0,0
-0.0537,0.1094,1.0115,-3.0153,-0.8244,-0.6336,0,0,0
-0.054,0.104,1.0173,-1.1985,-1.2748,-1.0458,0,0,0
-0.0488,0.106,1.0198,-0.0305,-1.3969,-0.6794,0,0,0
-0.0471,0.1155,1.0242,-0.2748,-0.8779,-1.0916,0,0,0
-0.0461,0.1111,1.0176,-0.9466,-0.7176,-1.542,0,0,0
-0.0435,0.0896,1.0261,-0.916,-1.0076,-1.5725,0,0,0
-0.0476,0.1006,1.0242,-0.7939,-1.145,-0.5725,0,0,0
-0.0459,0.1028,1.021,-1.9771,-0.771,0.2901,0,0,0
-0.0422,0.114,1.0349,-3.8626,-0.771,0.2672,0,0,0
-0.0405,0.0967,1.0305,-4.9466,-0.3969,0.8473,0,0,0
-0.0435,0.1001,1.0308,-4.6031,-0.0076,1.4122,0,0,0
-0.0439,0.0891,1.0291,-4.8397,0.4046,1.7328,0,0,0
-0.0505,0.0898,1.0303,-4.6031,1.0076,2.2824,0,0,0
-0.043,0.0857,1.0232,-4.4351,1.2519,3.1145,0,0,0
-0.0471,0.0852,1.0205,-5.229,0.6947,4.7405,0,0,0
-0.0515,0.0842,1.0273,-6.3053,0.3817,6.3588,0,0,0
-0.0491,0.0852,1.0183,-7.7023,0.0687,8.458,0,0,0
-0.0432,0.0771,1.0166,-9.7023,0.0687,11.3664,0,0,0
-0.0447,0.075,1.0254,-11.8092,-0.0229,15.5115,0,0,0
-0.0461,0.0813,1.0168,-14.0534,-0.4198,17.771,0,0,0
-0.0452,0.0803,1.0271,-15.5878,-0.5573,17.8702,0,0,0
-0.0454,0.0828,1.0225,-15.1221,-0.8092,17.1985,0,0,0
-0.0522,0.0767,1.0193,-12.6794,-1.6412,16.3969,0,0,0
-0.0562,0.0762,1.0173,-9.542,-3.2672,15.855,0,0,0
-0.0137,0.0718,1.0281,-6.6031,-4.5344,15.313,0,0,0
-0.0415,0.0881,1.0337,-5.4885,-5.7405,16.9313,0,0,0
-0.0576,0.095,1.02,-5.7328,-7.1069,16.2672,0,0,0
-0.0496,0.1147,1.0254,-5.626,-8.771,12.4733,0,0,0
-0.052,0.1147,1.0129,-3.4046,-10.3282,8.2595,0,0,0
-0.0615,0.0935,1.0085,-0.5115,-12.3206,5.4656,0,0,0
-0.0647,0.0896,0.9968,2.5878,-15.5802,5.0916,0,0,0
-0.0674,0.0918,0.9912,5.3511,-20.0076,5.3511,0,0,0
-0.063,0.1206,0.9817,8.7252,-25.1908,4.4733,0,0,0
-0.0728,0.1101,0.9563,11.145,-30.5573,1.4275,0,0,0
-0.0811,0.0969,0.9314,13.1374,-38.9618,-0.542,0,0,0
-0.0422,0.0745,0.9468,15.084,-45.4733,-0.4198,0,0,0
-0.0227,0.0813,0.9675,17.2443,-50.084,0.5115,0,0,0
-0.001,0.1084,0.9685,19.9313,-52.4656,0.0458,0,0,0
0.0034,0.0986,0.9717,21.626,-54.7863,-1.3359,0,0,0
0.0325,0.1243,1.002,23.8397,-55.0,-2.0763,0,0,0
0.0732,0.0862,1.0291,25.8931,-53.1527,-1.9313,0,0,0
0.0933,0.0969,1.0525,26.3664,-47.5954,0.3435,0,0,0
0.1096,0.1277,1.0676,23.3969,-39.084,3.1679,0,0,0
0.0935,0.1501,1.0549,18.1145,-32.8931,3.7557,0,0,0
0.0903,0.1648,1.0376,10.9771,-31.145,4.0229,0,0,0
0.0725,0.1621,1.0176,5.1298,-32.1985,2.458,0,0,0
0.0713,0.1306,1.0078,0.8779,-35.542,2.7176,0,0,0
0.0654,0.1184,0.99,0.0153,-39.3893,3.6947,0,0,0
0.0967,0.0825,1.0144,0.9771,-42.9771,5.9771,0,0,0
0.1177,0.103,1.0234,2.626,-41.458,8.3359,0,0,0
0.1248,0.1335,1.0337,2.9389,-38.6412,8.8473,0,0,0
0.1238,0.1421,1.0266,2.3588,-36.0229,8.4122,0,0,0
0.1272,0.1494,1.0178,2.0458,-35.6107,7.7405,0,0,0
0.1309,0.127,1.0115,1.6412,-36.0458,7.2443,0,0,0
0.1401,0.1521,1.0151,1.9237,-37.9389,7.6183,0,0,0
0.1716,0.1428,1.0496,1.855,-35.0382,7.3893,0,0,0
0.1824,0.1401,1.0601,2.0076,-28.374,7.0382,0,0,0
0.1858,0.1616,1.0554,0.4198,-22.7939,5.4198,0,0,0
0.1741,0.1646,1.0339,-1.7176,-18.6336,3.1527,0,0,0
0.1614,0.1467,1.0222,-2.1374,-18.0458,2.0382,0,0,0
0.1577,0.1357,1.0005,-1.0763,-19.3053,2.0153,0,0,0
0.1494,0.1333,0.9915,-0.8779,-23.4809,4.3817,0,0,0
0.1626,0.1387,0.9868,-1.4351,-27.1908,6.0076,0,0,0
0.1721,0.1316,0.989,-1.6641,-30.3053,6.9313,0,0,0
0.1677,0.1406,0.9768,-1.458,-33.687,6.8473,0,0,0
0.1606,0.1387,0.9548,-0.1527,-39.2519,6.7328,0,0,0
0.1743,0.1785,0.9368,0.5649,-46.0229,5.4733,0,0,0
0.1587,0.1543,0.9229,1.9389,-56.3893,6.7557,0,0,0
0.2075,0.1079,0.9539,6.5496,-62.2366,8.313,0,0,0
0.3015,0.1641,1.0247,8.1527,-58.2824,11.374,0,0,0
0.2756,0.1516,1.0291,6.2519,-47.9008,10.6641,0,0,0
0.3438,0.2388,1.0686,3.9771,-40.458,7.9924,0,0,0
0.3049,0.1699,1.0315,-1.9466,-30.0153,2.7405,0,0,0
0.2769,0.1462,1.0103,-3.7023,-25.3664,0.7786,0,0,0
0.2617,0.0986,0.979,-2.1298,-24.2595,0.5725,0,0,0
0.2815,0.1013,0.9849,-0.2748,-25.1298,3.4733,0,0,0
0.2715,0.1055,0.9802,2.2061,-26.8931,7.0458,0,0,0
0.283,0.1287,0.9885,2.6031,-25.4809,7.542,0,0,0
0.3018,0.1345,1.0085,0.5267,-22.7939,6.7786,0,0,0
0.3086,0.136,1.0173,-2.2977,-17.7405,5.1908,0,0,0
0.3103,0.1248,1.03,-3.771,-11.1221,3.9847,0,0,0
0.3181,0.1255,1.0288,-4.0763,-5.2748,3.5344,0,0,0
0.3062,0.1384,1.0164,-3.916,-0.4275,2.542,0,0,0
0.2917,0.1362,1.0015,-3.3511,1.2366,1.2137,0,0,0
0.2866,0.1462,0.9929,-2.8321,1.4046,1.1908,0,0,0
0.2856,0.1433,0.9927,-2.3053,0.4427,0.8244,0,0,0
0.3025,0.1355,1.0103,-2.1374,1.6947,0.7481,0,0,0
0.3127,0.136,1.0376,-2.0458,5.8855,1.5038,0,0,0
0.3347,0.1301,1.0586,-3.2366,13.6489,2.0763,0,0,0
0.3435,0.1282,1.0706,-6.7939,23.9084,2.4885,0,0,0
0.3335,0.1404,1.0796,-11.7099,34.8855,2.7863,0,0,0
0.3323,0.1431,1.0725,-16.084,44.2901,2.9008,0,0,0
0.2898,0.1143,1.0439,-19.5878,50.4351,3.8092,0,0,0
0.2678,0.105,1.0146,-19.4733,53.0076,6.1069,0,0,0
0.2485,0.0774,0.9915,-18.7557,51.374,10.0076,0,0,0
0.2268,0.075,0.9912,-18.3206,47.7634,16.5725,0,0,0
0.2034,0.1091,0.9714,-20.3969,42.3359,20.9466,0,0,0
0.1992,0.1118,0.9729,-24.8015,37.5649,22.9618,0,0,0
0.1804,0.0901,0.9673,-28.1908,31.9466,24.4809,0,0,0
0.1819,0.0791,0.9678,-28.6412,26.542,25.7939,0,0,0
0.1948,0.0537,0.9773,-26.4275,23.0076,27.1985,0,0,0
0.2078,0.072,0.9995,-24.0382,22.8397,29.6031,0,0,0
0.1841,0.0647,1.0027,-22.3969,22.6412,28.229,0,0,0
0.1733,0.1042,0.9717,-23.4809,19.3893,25.9771,0,0,0
0.1689,0.0864,0.9607,-22.6031,15.4351,22.9313,0,0,0
0.1726,0.062,0.9622,-20.2519,9.687,21.4275,0,0,0
0.1819,0.0449,0.9834,-17.7863,6.4733,23.5802,0,0,0
0.1887,0.0566,0.9973,-16.3206,5.8168,25.0611,0,0,0
0.2197,0.0562,1.0295,-17.9542,7.9084,26.8321,0,0,0
0.2292,0.0674,1.0525,-20.4275,12.8779,28.9695,0,0,0
0.2122,0.0647,1.0422,-24.313,18.626,30.313,0,0,0
0.2065,0.0583,1.0366,-26.5038,20.9313,29.5267,0,0,0
0.1719,0.0349,1.0056,-27.7252,20.229,27.8321,0,0,0
0.1692,0.0317,1.0105,-26.2443,17.1679,27.1221,0,0,0
0.1804,0.03,1.012,-24.5344,16.1603,27.2901,0,0,0
0.1667,0.0339,1.0139,-23.4809,14.9924,27.2061,0,0,0
0.1587,0.0413,1.0085,-22.9313,15.6412,25.7863,0,0,0
0.1665,0.02,1.0103,-21.5725,16.2061,23.0305,0,0,0
0.1487,0.0256,0.9966,-21.0992,15.7023,23.2214,0,0,0
0.1553,-0.0107,1.0071,-20.4351,14.1756,23.3359,0,0,0
0.1543,-0.0115,1.0125,-18.4351,14.6794,22.0,0,0,0
0.1458,-0.0139,1.0134,-16.6794,14.2061,20.4962,0,0,0
0.1482,0.0007,1.0222,-15.5649,14.1679,19.1221,0,0,0
0.1333,0.0063,1.0132,-15.3817,12.4504,19.2061,0,0,0
0.127,0.0007,0.9941,-16.2214,10.6794,19.0992,0,0,0
0.1294,-0.0176,0.9915,-15.8779,7.7863,18.3511,0,0,0
0.1296,-0.0271,0.9956,-15.1603,6.8855,19.1069,0,0,0
0.1475,-0.0356,1.0073,-15.1985,6.1298,20.7328,0,0,0
0.1338,-0.0149,1.0122,-15.9008,7.8626,21.3664,0,0,0
0.1287,-0.0103,1.0127,-17.9542,7.771,19.6565,0,0,0
0.1179,-0.0288,1.0068,-18.2366,5.3893,17.542,0,0,0
0.1172,-0.0745,0.9934,-15.8397,3.1679,17.1603,0,0,0
0.1218,-0.0657,0.9924,-12.2366,0.9313,17.4733,0,0,0
0.146,-0.0796,1.0259,-11.5802,3.145,20.2672,0,0,0
0.1455,-0.0488,1.0283,-10.9771,5.8931,22.313,0,0,0
0.1252,-0.0288,1.0142,-11.8855,8.2366,21.6718,0,0,0
0.1106,-0.022,1.0088,-12.9237,7.1298,19.5038,0,0,0
0.1133,-0.0359,1.009,-14.6107,4.0916,17.4885,0,0,0
0.093,-0.0437,0.9961,-13.4733,0.5115,15.6412,0,0,0
0.1025,-0.0464,0.9802,-11.6794,-3.3511,13.1145,0,0,0
0.1033,-0.0469,0.9861,-9.4809,-7.0076,11.4656,0,0,0
0.1104,-0.0422,0.9946,-6.9542,-9.3893,10.0229,0,0,0
0.1208,-0.0479,1.0166,-5.2214,-10.4046,8.8626,0,0,0
0.1289,-0.0481,1.0278,-3.5267,-9.2748,7.855,0,0,0
0.1277,-0.0381,1.0193,-2.7863,-8.2977,7.5344,0,0,0
0.1228,-0.0437,1.0208,-3.4733,-8.9924,6.3893,0,0,0
0.1228,-0.0417,1.019,-4.6794,-10.1374,5.8092,0,0,0
0.1145,-0.0447,1.0081,-5.458,-12.3511,5.5267,0,0,0
0.1179,-0.0513,1.0115,-5.6794,-14.6489,4.916,0,0,0
0.1399,-0.0732,1.032,-3.8626,-14.374,5.7099,0,0,0
0.1526,-0.0652,1.0383,-2.3588,-12.6565,5.1374,0,0,0
0.1389,-0.0564,1.0422,-2.1832,-11.2214,4.4962,0,0,0
0.1265,-0.0708,1.0181,-2.8779,-11.8931,3.4046,0,0,0
0.1487,-0.0605,1.02,-2.4962,-15.4427,2.3664,0,0,0
0.1206,-0.0637,0.9995,-2.5878,-17.9389,1.7786,0,0,0
0.1438,-0.0542,1.0154,-1.5496,-20.5191,0.8931,0,0,0
0.1597,-0.0574,1.0154,-0.4656,-22.7786,-0.2061,0,0,0
0.1326,-0.0828,1.002,0.6565,-21.458,-0.4275,0,0,0
0.177,-0.0881,1.0125,2.3359,-22.5802,-0.0611,0,0,0
0.1489,-0.0554,0.9885,1.1756,-23.5573,0.1679,0,0,0
0.1455,-0.0566,0.9749,0.6565,-27.4427,-0.5649,0,0,0
0.1765,-0.0598,0.9778,0.7099,-31.7481,-1.1603,0,0,0
0.1462,-0.0691,0.9685,1.5038,-35.626,-1.2214,0,0,0
0.1892,-0.0581,0.9768,3.3053,-37.916,-1.6641,0,0,0
0.1982,-0.0652,0.9917,3.7328,-39.1908,-1.0992,0,0,0
0.2087,-0.0503,0.9883,3.7252,-38.2748,-1.0458,0,0,0
0.2046,-0.0537,0.9822,3.4275,-39.4809,-2.0458,0,0,0
0.2344,-0.0942,0.9932,2.7557,-40.0763,-1.9313,0,0,0
0.2754,-0.1091,1.0493,5.5725,-33.9084,0.8931,0,0,0
0.2705,-0.0635,1.0471,6.4962,-25.7939,2.2137,0,0,0
0.2495,-0.0413,1.0137,2.9771,-20.9466,1.542,0,0,0
0.248,-0.0627,1.0156,-0.6336,-18.8931,1.9389,0,0,0
0.2485,-0.0642,0.9963,-0.4962,-17.5649,2.1527,0,0,0
0.2449,-0.0642,0.9958,-0.2366,-18.8702,2.5038,0,0,0
0.2532,-0.0615,0.9937,-0.5115,-20.1298,2.7786,0,0,0
0.2559,-0.0596,0.9954,-0.8397,-19.8855,2.7634,0,0,0
0.2703,-0.0569,1.0193,-0.5038,-18.4122,2.0382,0,0,0
0.28,-0.0649,1.0208,0.3969,-14.8321,1.3893,0,0,0
0.2954,-0.062,1.0364,1.7176,-9.8473,1.3817,0,0,0
0.2996,-0.054,1.0466,1.5267,-3.9542,1.4046,0,0,0
0.2964,-0.0415,1.0447,-0.0992,1.4504,1.2977,0,0,0
0.2847,-0.0239,1.0325,-1.8168,4.5344,0.2977,0,0,0
0.2764,-0.0271,1.0303,-2.6794,5.9924,-1.3206,0,0,0
0.2783,-0.04,1.0205,-2.1298,7.2824,-1.6565,0,0,0
0.2776,-0.0562,1.0164,-0.6412,8.4962,-1.7023,0,0,0
0.2844,-0.0537,1.0295,-0.5267,11.5267,-1.1756,0,0,0
0.2712,-0.0393,1.0281,-1.8931,15.8931,-0.7099,0,0,0
0.2625,-0.054,1.0195,-4.6641,18.2366,-0.7863,0,0,0
0.2583,-0.0667,1.0176,-5.6947,19.1145,-0.626,0,0,0
0.2773,-0.0798,1.0374,-4.7023,23.0687,1.0382,0,0,0
0.2693,-0.0537,1.0391,-4.2748,27.3817,2.4122,0,0,0
0.2424,-0.0308,1.0205,-6.6336,29.5267,1.7939,0,0,0
0.2258,-0.0352,0.9905,-9.4046,28.1679,1.2061,0,0,0
0.1943,-0.0623,0.9734,-9.8931,24.229,0.6794,0,0,0
0.2021,-0.072,0.969,-9.3206,19.0382,0.6718,0,0,0
0.2053,-0.0669,0.9951,-7.145,15.5344,1.5573,0,0,0
0.2156,-0.0471,1.0122,-5.7939,15.0763,0.7786,0,0,0
0.2175,-0.0508,0.9995,-4.6412,16.084,-1.3435,0,0,0
0.1921,-0.0603,0.9824,-2.9847,14.9924,-2.2366,0,0,0
0.1997,-0.0713,0.9922,-1.0305,13.4351,-2.916,0,0,0
0.1953,-0.0737,0.9961,0.9924,12.0076,-4.2977,0,0,0
0.2012,-0.0703,1.0042,3.4046,12.0229,-4.687,0,0,0
0.1929,-0.0513,1.0032,5.4046,11.6641,-4.916,0,0,0
0.1951,-0.04,1.001,4.2443,11.6336,-5.5115,0,0,0
0.1958,-0.0444,1.0076,3.7481,11.9695,-6.6794,0,0,0
0.1934,-0.0515,1.0061,3.7252,12.6947,-7.8626,0,0,0
0.1995,-0.0627,1.0295,5.4733,14.8015,-9.1985,0,0,0
0.2078,-0.0579,1.0327,7.3664,18.8092,-9.3282,0,0,0
0.2021,-0.0376,1.0281,7.7405,21.145,-10.8397,0,0,0
0.1897,-0.0339,1.0225,6.5496,22.7328,-11.3359,0,0,0
0.176,-0.0405,1.0261,5.4122,21.4733,-11.9771,0,0,0
0.1667,-0.0403,1.0259,5.229,19.9695,-13.4198,0,0,0
0.1731,-0.0405,1.0261,7.4733,20.2214,-16.6489,0,0,0
0.1631,-0.0381,1.04,11.6031,23.2824,-21.1221,0,0,0
0.1746,-0.0293,1.0627,18.9389,29.0763,-30.3359,0,0,0
0.1758,-0.0117,1.0579,27.3664,33.4809,-38.1832,0,0,0
0.1394,-0.0078,1.0254,32.5496,36.7252,-38.2443,0,0,0
0.1167,-0.0222,1.0034,34.6947,33.313,-38.2061,0,0,0
0.1204,0.0176,1.0103,32.7863,27.1756,-38.2137,0,0,0
0.1106,0.0103,1.0056,31.0458,22.8092,-37.4427,0,0,0
0.1187,0.019,1.0044,30.2977,19.4351,-36.8931,0,0,0
0.0947,0.0454,0.9993,28.3588,16.3511,-40.6565,0,0,0
0.095,0.0366,0.9875,28.0076,12.9771,-43.0458,0,0,0
0.0918,0.0295,0.99,29.8092,9.6947,-43.5496,0,0,0
0.1221,0.0176,1.0078,30.7634,8.0076,-39.145,0,0,0
0.1309,0.0225,1.0166,30.6183,6.9008,-31.9771,0,0,0
0.1387,0.0532,1.0435,27.5267,9.5573,-25.1985,0,0,0
0.1208,0.0884,1.0427,22.1527,10.5573,-23.2901,0,0,0
0.1104,0.0859,1.0144,14.0229,9.855,-22.916,0,0,0
0.0959,0.0752,1.0049,8.8855,5.9924,-23.5725,0,0,0
0.0913,0.0598,0.9871,6.855,1.0076,-24.8702,0,0,0
0.0884,0.0486,0.9902,8.4275,-3.3817,-24.6718,0,0,0
0.0947,0.0586,0.9922,12.4427,-6.916,-28.229,0,0,0
0.1106,0.05,1.012,16.0458,-7.0382,-29.1756,0,0,0
0.1279,0.05,1.0415,19.8244,-4.7328,-27.3282,0,0,0
0.1211,0.0813,1.0295,21.4656,-1.4122,-24.4885,0,0,0
0.114,0.0977,1.0166,19.7786,-1.1145,-23.8244,0,0,0
0.1011,0.1228,1.0178,15.8626,-2.1069,-25.5191,0,0,0
0.0923,0.1064,0.9924,13.916,-5.1069,-30.0305,0,0,0
0.0815,0.0935,0.9834,15.4504,-8.916,-31.229,0,0,0
0.085,0.0701,0.9675,18.5802,-14.3359,-31.0611,0,0,0
0.0842,0.0908,0.9783,21.5649,-18.2977,-28.5191,0,0,0
0.1096,0.1016,0.9868,22.6336,-21.313,-28.5496,0,0,0
0.1025,0.1301,0.9841,21.5191,-22.5114,-29.1298,0,0,0
0.1006,0.1292,0.9788,20.9542,-25.1603,-32.4275,0,0,0
0.0925,0.1284,0.9648,21.0458,-28.8931,-34.8931,0,0,0
0.1458,0.084,1.0039,21.7939,-30.3206,-34.3664,0,0,0
0.1702,0.0962,1.05,23.0229,-25.7252,-29.9847,0,0,0
0.1943,0.1304,1.0686,23.3817,-18.3359,-28.6183,0,0,0
0.1873,0.1611,1.063,19.8855,-10.1527,-29.3664,0,0,0
0.1809,0.1479,1.0579,16.1069,-4.3817,-31.0916,0,0,0
0.1628,0.145,1.0447,13.3969,-1.3817,-30.7863,0,0,0
0.1509,0.1755,1.0291,11.5038,-0.5573,-32.3053,0,0,0
0.1577,0.177,1.04,10.7481,-0.3359,-39.3969,0,0,0
0.1694,0.1646,1.0481,12.8931,4.3817,-41.9466,0,0,0
0.1555,0.1365,1.0513,16.2748,9.7099,-40.3282,0,0,0
0.1331,0.1523,1.0178,17.8092,11.8397,-36.4504,0,0,0
0.0999,0.1541,0.9851,15.9466,9.7252,-32.2137,0,0,0
0.1118,0.1711,0.9937,10.9771,6.3588,-29.0153,0,0,0
0.1057,0.1057,1.0273,5.6718,5.3893,-26.1374,0,0,0
0.1504,0.1299,1.0488,0.6336,7.7405,-19.7176,0,0,0
0.1389,0.1296,1.0403,-1.626,12.2595,-14.084,0,0,0
0.145,0.1646,1.0381,-4.6107,14.855,-13.2061,0,0,0
0.137,0.136,1.0298,-6.3282,18.0611,-12.6641,0,0,0
0.1218,0.1453,1.0347,-5.4504,20.5496,-9.9084,0,0,0
0.1035,0.1597,1.021,-5.0534,20.9695,-7.313,0,0,0
0.0996,0.1785,1.0232,-6.2977,21.0916,-7.1374,0,0,0
0.0967,0.1528,1.0276,-7.3817,21.7939,-5.7176,0,0,0
0.0964,0.1599,1.0303,-8.2748,22.8397,-2.6565,0,0,0
0.1033,0.1643,1.0305,-10.1374,23.9771,0.313,0,0,0
0.083,0.1426,1.0151,-12.7099,26.1527,2.2748,0,0,0
0.0789,0.137,1.0259,-14.1679,26.9466,3.2443,0,0,0
0.0703,0.1565,1.0081,-14.9008,26.0076,4.9618,0,0,0
0.0559,0.1663,0.9856,-14.8779,23.4122,5.687,0,0,0
0.0537,0.1582,0.9941,-13.313,21.7252,7.687,0,0,0
0.0515,0.1694,0.9958,-12.229,20.3282,7.8473,0,0,0
0.0564,0.1687,0.9993,-13.1298,20.2443,9.145,0,0,0
0.0474,0.1636,1.0037,-13.2519,18.7939,8.7099,0,0,0
0.0452,0.1545,1.0061,-12.855,18.229,8.5878,0,0,0
0.0381,0.1545,1.009,-11.5878,16.4809,8.9084,0,0,0
0.0325,0.1582,1.0073,-11.2901,14.4275,9.1603,0,0,0
0.0278,0.1521,1.0022,-10.9466,12.2672,9.8779,0,0,0
0.0281,0.1453,0.9966,-11.8855,9.6031,11.374,0,0,0
0.0322,0.1487,1.0103,-13.8779,8.9847,14.3664,0,0,0
0.0396,0.1604,1.0154,-15.5725,8.4046,13.374,0,0,0
0.0483,0.1606,1.0364,-17.7786,10.4885,10.8321,0,0,0
0.0464,0.1521,1.0439,-18.1756,12.9695,9.0534,0,0,0
0.0427,0.1365,1.032,-17.1221,14.771,8.4198,0,0,0
0.0261,0.1345,1.033,-15.4656,14.6641,8.9771,0,0,0
0.0313,0.1155,1.0254,-15.4275,14.2595,10.9313,0,0,0
0.0208,0.1147,1.0129,-15.313,13.8168,14.4656,0,0,0
0.0073,0.1113,1.0088,-16.8855,12.1221,16.9313,0,0,0
0.0068,0.1111,1.0024,-18.3817,9.3664,16.5344,0,0,0
0.0188,0.1067,1.0068,-19.2443,8.5954,16.0153,0,0,0
0.0198,0.1038,1.0256,-19.9618,9.4656,15.916,0,0,0
0.0137,0.1116,1.021,-21.0992,10.4504,16.458,0,0,0
0.0203,0.1055,1.0193,-22.084,10.2443,17.2748,0,0,0
0.0061,0.0957,1.02,-22.0611,9.5649,19.2366,0,0,0
0.0061,0.085,1.0178,-22.1374,8.6107,21.2901,0,0,0
0.0134,0.0762,1.0286,-23.6947,8.7328,26.1832,0,0,0
0.0151,0.0708,1.0344,-25.8931,9.3893,31.5114,0,0,0
0.0066,0.0562,1.0256,-29.0382,9.2748,36.3282,0,0,0
-0.0029,0.05,1.0039,-31.4656,6.855,39.3359,0,0,0
0.001,0.0493,1.0012,-33.2748,3.2061,41.1679,0,0,0
-0.0081,0.0425,1.0005,-32.084,0.0763,41.1374,0,0,0
-0.0137,0.0471,0.9961,-30.3817,-2.8855,40.1679,0,0,0
0.011,0.0229,1.0193,-28.7023,-3.6107,38.9847,0,0,0
0.011,0.0298,1.0391,-25.5496,-3.0229,38.3053,0,0,0
0.03,0.0474,1.0527,-23.8397,0.0916,38.0382,0,0,0
0.0244,0.0498,1.0515,-23.2977,2.771,37.7023,0,0,0
0.0217,0.0522,1.0471,-23.3511,4.1985,36.5573,0,0,0
0.0049,0.0552,1.0366,-24.3511,4.1069,34.626,0,0,0
0.0383,0.0767,1.0444,-23.9695,3.9924,33.2824,0,0,0
0.0022,0.0269,1.0549,-21.687,4.8397,31.6489,0,0,0
0.0071,0.032,1.0427,-18.5038,6.0382,28.2061,0,0,0
0.0222,0.0425,1.0483,-16.9847,9.2214,26.4275,0,0,0
-0.0051,0.042,1.0205,-16.4809,9.0305,26.1145,0,0,0
-0.01,0.0313,1.0105,-18.2214,6.4504,25.2595,0,0,0
-0.0198,0.02,1.0139,-18.7786,4.3969,24.6336,0,0,0
-0.0137,0.0098,1.0088,-17.0534,2.4046,22.8015,0,0,0
-0.0044,-0.0027,1.0254,-15.1908,2.0916,21.6336,0,0,0
0.0046,0.0037,1.0159,-13.687,2.8397,21.8779,0,0,0
-0.002,0.0037,1.0117,-15.2901,3.9771,24.0,0,0,0
-0.0039,-0.0159,1.0229,-16.3359,4.0916,25.2214,0,0,0
-0.0054,-0.0232,1.0317,-16.0458,4.9313,24.9771,0,0,0
-0.0103,-0.0103,1.0322,-13.5344,5.0611,23.687,0,0,0
-0.0225,0.0073,1.022,-10.687,3.8855,20.1069,0,0,0
-0.0151,0.01,1.033,-8.916,3.4275,17.458,0,0,0
-0.0056,0.009,1.0327,-8.8015,2.6565,18.8015,0,0,0
-0.0056,-0.0061,1.0437,-10.4122,2.5191,22.9237,0,0,0
0.0022,0.0039,1.0603,-13.9618,4.0763,25.4809,0,0,0
-0.0139,0.0134,1.0525,-17.6031,4.1374,25.2214,0,0,0
-0.0139,0.0,1.0447,-20.9924,4.1527,22.2443,0,0,0
-0.0088,-0.0129,1.04,-22.626,4.687,19.7023,0,0,0
0.0037,-0.0486,1.0374,-22.7405,6.1145,21.2977,0,0,0
-0.0281,-0.0471,1.0198,-21.6718,6.4351,24.4122,0,0,0
-0.0339,-0.0303,1.0164,-21.6947,5.0611,24.2137,0,0,0
-0.0393,-0.0332,1.0027,-20.5038,2.3893,21.2748,0,0,0
-0.0513,-0.0366,0.9849,-16.8015,-0.4198,18.4962,0,0,0
-0.0273,-0.0527,0.9954,-13.3359,-2.5802,20.2443,0,0,0
-0.0791,-0.05,0.9326,-10.6565,-6.9237,20.6718,0,0,0
-0.0039,-0.0171,1.0251,-11.4733,-1.6183,19.7405,0,0,0
-0.0085,-0.0396,1.0291,-11.2061,0.3664,19.2901,0,0,0
-0.0825,-0.1104,0.9866,-9.4275,-0.9313,19.9237,0,0,0
-0.0212,-0.0481,1.0173,-9.0534,1.0687,19.5191,0,0,0
-0.0251,-0.0549,1.0188,-6.5725,-1.7939,18.9084,0,0,0
-0.0664,-0.0525,0.9846,-2.5878,-7.6031,17.6947,0,0,0
-0.0073,-0.0559,1.0486,-2.8473,-3.7939,15.1985,0,0,0
0.0042,-0.0679,1.0608,1.4351,-0.6718,14.8321,0,0,0
0.0002,-0.0642,1.0486,5.313,2.6947,16.0,0,0,0
-0.0286,-0.0269,1.0281,6.4427,2.0763,14.8931,0,0,0
-0.0227,-0.0303,1.0146,5.4885,0.2977,12.6794,0,0,0
-0.0215,-0.0571,1.0403,8.3053,-0.0458,13.3435,0,0,0
-0.0073,-0.0618,1.0281,10.9771,0.771,14.6489,0,0,0
-0.0383,-0.0322,1.0107,10.9008,0.0076,14.0763,0,0,0
-0.0254,-0.0261,1.0073,9.5954,-1.313,13.2748,0,0,0
-0.0349,-0.0305,1.0066,8.0305,-3.1145,12.9466,0,0,0
-0.0259,-0.0366,1.0137,8.4122,-3.9695,11.7328,0,0,0
-0.0071,-0.0396,1.0288,9.2519,-2.5038,11.4656,0,0,0
-0.0046,-0.0286,1.0327,10.5573,-0.9924,11.7634,0,0,0
-0.0271,-0.0095,1.0122,10.2901,-1.6336,11.1527,0,0,0
-0.0273,-0.0015,1.0029,9.2672,-4.5573,9.9389,0,0,0
-0.0405,0.0037,1.0002,7.5725,-8.7328,7.8779,0,0,0
-0.0273,0.0078,1.0024,7.4962,-11.9008,6.0458,0,0,0
-0.0286,0.0085,1.0063,7.5649,-14.0458,5.2366,0,0,0
-0.0144,0.0195,1.0107,7.313,-15.5649,4.3817,0,0,0
-0.0129,0.0171,1.02,7.3206,-16.3817,3.1298,0,0,0
-0.0115,0.019,1.0139,7.2595,-16.9542,2.0687,0,0,0
-0.0049,0.0061,1.0061,6.7328,-18.5344,1.4809,0,0,0
0.01,0.0095,1.0205,6.9924,-19.313,0.3206,0,0,0
0.0129,-0.0029,1.033,6.6641,-18.7405,-0.7099,0,0,0
0.0198,0.0112,1.0264,6.2137,-17.626,-1.8779,0,0,0
0.0383,0.0063,1.04,5.4198,-15.3435,-3.3588,0,0,0
0.0425,0.0085,1.0427,4.542,-13.2061,-4.3817,0,0,0
0.0225,0.0117,1.03,3.0916,-12.2901,-5.2824,0,0,0
0.0115,0.0144,1.021,0.8473,-13.9924,-5.9618,0,0,0
0.0042,0.0037,1.0203,-0.6183,-16.4122,-5.6489,0,0,0
0.0168,-0.022,1.0193,-0.458,-18.8015,-4.1145,0,0,0
0.0259,-0.0037,1.0339,0.0153,-20.1374,-3.5802,0,0,0
0.0405,-0.0032,1.0334,0.3817,-18.4885,-5.2061,0,0,0
0.0405,-0.0012,1.0413,0.1374,-17.3206,-5.9237,0,0,0
0.0442,-0.0063,1.0432,1.2519,-16.0076,-7.6107,0,0,0
0.0635,-0.0059,1.053,2.6183,-13.7328,-8.3817,0,0,0
0.0515,0.0022,1.0405,3.7405,-12.5496,-8.0916,0,0,0
0.0469,0.0088,1.032,4.3588,-11.3053,-8.6718,0,0,0
0.0422,0.0176,1.0168,4.1374,-12.542,-10.458,0,0,0
0.0447,0.0051,1.019,4.1603,-13.6107,-12.2519,0,0,0
0.04,0.0051,1.012,5.1908,-14.7786,-13.1679,0,0,0
0.0527,0.0073,1.019,7.2824,-15.7481,-15.1145,0,0,0
0.0942,-0.0208,1.0627,10.6107,-12.6336,-17.5573,0,0,0
0.0781,0.0249,1.0637,14.7023,-6.4809,-18.3893,0,0,0
0.0977,0.0244,1.0483,16.4046,-1.3664,-18.9389,0,0,0
0.0747,0.043,1.0349,16.0153,1.0229,-19.9771,0,0,0
0.0579,0.054,1.0212,14.0382,0.8015,-22.6947,0,0,0
0.0591,0.0388,1.02,13.3053,-0.2824,-24.8168,0,0,0
0.0442,0.0334,1.0042,14.2443,-1.5802,-27.3817,0,0,0
0.0715,0.0164,1.021,16.9924,-2.2366,-30.0534,0,0,0
0.0657,0.0481,1.0127,17.0687,-1.3206,-29.1985,0,0,0
0.0627,0.0549,1.0127,14.9618,-2.7863,-28.4351,0,0,0
0.0437,0.0684,1.0046,13.1145,-3.2748,-28.9618,0,0,0
0.0681,0.0386,1.0137,13.6489,-4.0153,-30.3359,0,0,0
0.0547,0.0295,1.0122,15.7099,-4.313,-31.1679,0,0,0
0.0762,0.0256,1.0266,17.8397,-3.7863,-33.9771,0,0,0
0.0728,0.0332,1.0361,20.2977,-0.229,-34.5344,0,0,0
0.0984,0.0532,1.0596,21.2824,3.9466,-33.5649,0,0,0
0.0686,0.0818,1.0493,20.229,8.2901,-31.9466,0,0,0
0.0676,0.0967,1.0356,16.4427,9.3359,-31.5496,0,0,0
0.05,0.0718,1.0215,12.9313,8.8397,-31.1908,0,0,0
0.0481,0.0559,1.0251,11.1985,8.0611,-29.1603,0,0,0
0.0466,0.043,1.0305,9.5878,7.5496,-25.4351,0,0,0
0.043,0.0415,1.0315,8.3511,5.7252,-21.8015,0,0,0
0.0493,0.033,1.0374,5.3053,4.6031,-16.9237,0,0,0
0.0359,0.0566,1.0339,1.9847,2.8931,-12.1221,0,0,0
0.0273,0.0681,1.0259,-2.8855,0.626,-9.5802,0,0,0
0.0349,0.0571,1.0261,-7.0,-0.5954,-7.4122,0,0,0
0.0332,0.0576,1.0183,-8.5115,-1.542,-5.5267,0,0,0
0.0256,0.0574,1.012,-9.6412,-1.9771,-4.5878,0,0,0
0.0293,0.0588,1.0117,-10.5725,-3.2061,-4.2366,0,0,0
0.0408,0.041,1.0269,-10.4046,-2.8931,-3.8168,0,0,0
0.0354,0.0583,1.0293,-8.0687,-1.8702,-2.7252,0,0,0
0.0337,0.0713,1.0269,-6.6107,-1.6641,-3.1832,0,0,0
0.0339,0.0647,1.0337,-5.687,-2.0382,-3.2443,0,0,0
0.0376,0.0757,1.0378,-4.7939,-1.7481,-3.2137,0,0,0
0.0354,0.0828,1.0244,-5.1908,-2.4351,-3.6031,0,0,0
0.0427,0.0776,1.0291,-5.8626,-2.6641,-3.9008,0,0,0
0.0454,0.0847,1.0381,-6.7023,-2.3893,-4.229,0,0,0
0.0488,0.0774,1.0376,-7.542,-1.6947,-4.687,0,0,0
0.043,0.0679,1.0303,-7.3359,-1.4275,-4.9389,0,0,0
0.0432,0.0715,1.0229,-6.6718,-1.3053,-4.7786,0,0,0
0.0386,0.075,1.021,-6.4427,-2.4885,-4.9084,0,0,0
0.052,0.0664,1.032,-5.313,-3.5878,-5.0458,0,0,0
0.0447,0.0764,1.0305,-3.6489,-2.8321,-4.6947,0,0,0
0.053,0.0815,1.0386,-2.3511,-2.2366,-5.6031,0,0,0
0.0479,0.0808,1.0332,-1.2595,-2.8473,-7.0458,0,0,0
0.0569,0.063,1.0471,0.2519,-2.6412,-6.8855,0,0,0
0.0544,0.0698,1.0374,1.0076,-2.9008,-6.3359,0,0,0
0.0532,0.0781,1.0276,0.8168,-3.3435,-6.5649,0,0,0
0.0603,0.0833,1.0322,0.1985,-3.855,-5.7863,0,0,0
0.0593,0.0928,1.0281,-0.3511,-3.7557,-6.1298,0,0,0
0.0618,0.0959,1.0161,-0.9847,-3.9008,-7.3511,0,0,0
0.0583,0.0906,1.0007,-1.0534,-3.5344,-7.7099,0,0,0
0.0574,0.0894,1.0029,-1.3511,-3.1603,-8.2748,0,0,0
0.0554,0.0908,0.9863,-1.2595,-2.9542,-8.5954,0,0,0
0.0479,0.0825,0.9834,-1.2443,-4.6794,-9.3435,0,0,0
0.0559,0.0732,0.9954,0.4046,-5.4962,-9.771,0,0,0
0.0623,0.0713,0.9988,1.3893,-6.4962,-8.8168,0,0,0
0.0588,0.0789,1.01,1.8855,-6.8473,-8.5954,0,0,0
0.0684,0.0789,1.0232,1.7786,-6.8092,-9.4504,0,0,0
0.0676,0.0718,1.0222,1.6489,-6.1298,-10.4962,0,0,0
0.0713,0.0586,1.0322,2.0992,-5.1298,-10.6107,0,0,0
0.0698,0.0554,1.0205,2.7252,-4.2748,-9.8244,0,0,0
0.0676,0.0645,1.0203,2.6641,-3.2824,-8.084,0,0,0
0.0615,0.0708,1.0198,1.7099,-3.1069,-6.8397,0,0,0
0.0605,0.0688,1.0217,0.2672,-3.3969,-6.229,0,0,0
0.0569,0.0713,1.019,-0.9313,-4.0687,-6.2672,0,0,0
0.052,0.0745,1.0193,-1.3664,-5.0534,-5.2214,0,0,0
0.052,0.0686,1.0251,-1.8779,-6.3206,-5.2748,0,0,0
0.05,0.064,1.0269,-1.5802,-6.9924,-4.7405,0,0,0
0.0542,0.063,1.0305,-0.6336,-6.7863,-4.7481,0,0,0
0.0623,0.0664,1.0388,-0.229,-6.1298,-4.5115,0,0,0
0.0637,0.0784,1.0378,0.5038,-5.6031,-4.8015,0,0,0
0.0681,0.0852,1.0505,0.3969,-4.8626,-5.145,0,0,0
0.0728,0.083,1.0522,1.0687,-3.5344,-5.7939,0,0,0
0.0754,0.085,1.0442,1.5191,-2.3588,-5.5115,0,0,0
0.0706,0.0872,1.0396,0.458,-2.0229,-5.4275,0,0,0
0.075,0.0881,1.0349,-0.4275,-1.5725,-5.2137,0,0,0
0.0747,0.0791,1.033,-1.2901,-1.2214,-5.0076,0,0,0
0.0686,0.0789,1.0264,-2.3359,-1.2443,-4.4656,0,0,0
0.0781,0.0715,1.0239,-3.0763,-1.145,-4.0763,0,0,0
0.0779,0.0659,1.0278,-3.0992,-0.7786,-3.3206,0,0,0
0.0769,0.072,1.0215,-3.542,-0.9847,-2.6107,0,0,0
0.0742,0.0723,1.0188,-3.8015,-1.4122,-1.9008,0,0,0
0.0742,0.0713,1.0183,-3.4885,-1.5802,-1.4351,0,0,0
0.0691,0.0774,1.0029,-3.1908,-2.2672,-0.916,0,0,0
0.0676,0.0745,1.0095,-2.8779,-3.7939,-0.916,0,0,0
0.082,0.0574,1.0188,-1.687,-3.6565,0.0992,0,0,0
0.0833,0.071,1.0322,-0.6565,-2.7634,0.5191,0,0,0
0.0781,0.083,1.0281,-1.2061,-2.6794,0.6183,0,0,0
0.0706,0.0789,1.032,-2.1221,-2.8321,0.626,0,0,0
0.0708,0.0681,1.0259,-2.3588,-3.9542,1.2366,0,0,0
0.0793,0.0706,1.0415,-1.7939,-4.0153,2.084,0,0,0
0.0735,0.0806,1.0305,-1.8779,-3.374,2.1908,0,0,0
0.0737,0.0859,1.0269,-2.5649,-3.4504,1.7863,0,0,0
0.0745,0.0774,1.0376,-3.1298,-3.3206,1.626,0,0,0
0.0715,0.0728,1.0388,-2.4351,-3.145,1.3511,0,0,0
0.083,0.0669,1.0396,-1.2519,-2.1832,2.5038,0,0,0
0.082,0.0876,1.0378,-1.2519,-1.5725,2.7328,0,0,0
0.0806,0.0957,1.0386,-3.0763,-1.1298,2.145,0,0,0
0.0796,0.0857,1.0415,-4.542,-1.2519,0.8397,0,0,0
0.075,0.073,1.03,-3.9008,-1.2061,0.5802,0,0,0
0.0776,0.0728,1.0229,-2.5115,-1.8626,0.6336,0,0,0
0.0811,0.0771,1.0315,-1.9084,-2.3893,0.7786,0,0,0
0.084,0.0859,1.0295,-2.0153,-1.9695,0.4427,0,0,0
0.0842,0.093,1.0295,-2.6718,-1.1527,-0.5725,0,0,0
0.0906,0.0771,1.0325,-2.8168,0.0992,-0.771,0,0,0
0.0815,0.0698,1.0251,-2.0611,0.1908,-0.3359,0,0,0
0.083,0.0725,1.0154,-1.4809,-0.1298,-0.1145,0,0,0
0.082,0.075,1.0208,-1.9084,-0.9695,0.2901,0,0,0
0.0864,0.0752,1.0188,-2.3359,-0.8092,0.7863,0,0,0
0.0879,0.0767,1.0281,-2.7023,-0.0382,0.9466,0,0,0
0.0898,0.0703,1.0247,-3.0,-0.1756,0.7099,0,0,0
0.095,0.0605,1.0339,-2.2519,1.1145,1.3282,0,0,0
0.0818,0.0757,1.0227,-1.6641,1.3435,1.7786,0,0,0
0.0825,0.0806,1.0188,-2.8855,0.7099,0.9313,0,0,0
0.0791,0.0664,1.0225,-2.8397,-0.0076,1.0687,0,0,0
0.0798,0.0596,1.0203,-2.8015,-0.4809,1.3359,0,0,0
0.0833,0.0625,1.0293,-2.2748,-0.7786,2.1985,0,0,0
0.0833,0.0635,1.0295,-2.1298,0.0229,2.9542,0,0,0
0.0798,0.0715,1.0315,-2.3664,0.2748,3.0,0,0,0
0.0823,0.071,1.0264,-3.4504,0.8092,2.8244,0,0,0
0.0728,0.0635,1.0237,-3.6641,0.8244,2.7099,0,0,0
0.0757,0.0508,1.0234,-3.0992,0.8779,3.7405,0,0,0
0.0767,0.0569,1.0142,-2.374,0.9618,4.7405,0,0,0
0.0708,0.0654,1.02,-2.3359,0.5802,5.6183,0,0,0
0.0703,0.0737,1.0203,-2.9695,0.3053,5.2748,0,0,0
0.0759,0.0696,1.0203,-3.0534,-0.1527,4.6031,0,0,0
0.0747,0.0647,1.022,-2.2672,-0.8931,4.3969,0,0,0
0.0874,0.0615,1.0271,-1.7328,-0.0992,4.2595,0,0,0
0.0747,0.0696,1.0293,-1.8702,0.5344,4.4198,0,0,0
0.084,0.0706,1.0198,-2.9542,1.2366,4.8397,0,0,0
0.0759,0.0723,1.0188,-3.6412,1.6947,5.3282,0,0,0
0.0767,0.0762,1.0144,-4.0458,1.3588,5.5878,0,0,0
0.0657,0.0828,1.01,-4.8702,0.2595,5.3511,0,0,0
0.0769,0.0725,1.0188,-4.1145,-0.8015,5.0305,0,0,0
0.0757,0.0828,1.0222,-3.0916,-0.2748,4.8244,0,0,0
0.0701,0.0862,1.0078,-3.1527,-0.5802,3.5802,0,0,0
0.0706,0.0796,1.0178,-3.2748,-1.3435,2.7405,0,0,0
0.0676,0.0735,1.0142,-2.1374,-1.2672,2.7939,0,0,0
0.0647,0.0798,1.0071,-1.3053,-2.4427,2.2443,0,0,0
0.0789,0.0771,1.0271,-1.8015,-2.5115,2.0611,0,0,0
0.0747,0.0813,1.0356,-1.3664,-2.0611,2.0611,0,0,0
0.0808,0.0767,1.0366,-1.9771,-1.8244,1.855,0,0,0
0.0823,0.072,1.0454,-2.145,-1.1832,1.9389,0,0,0
0.0835,0.074,1.0386,-1.8397,-1.0,1.6412,0,0,0
0.0728,0.0698,1.0222,-2.2366,-1.1985,1.5573,0,0,0
0.0735,0.0754,1.02,-2.5038,-2.1908,1.4275,0,0,0
0.0774,0.0784,1.0261,-1.8397,-2.2748,1.0076,0,0,0
0.0872,0.0789,1.0342,-1.6565,-2.145,0.458,0,0,0
0.0952,0.0662,1.0427,-1.0534,-0.0534,0.3435,0,0,0
0.0881,0.0698,1.0256,-0.8015,0.9237,0.3206,0,0,0
0.084,0.0693,1.0195,-1.2748,1.4198,0.4046,0,0,0
0.0728,0.0664,1.0088,-1.8244,0.1908,0.1832,0,0,0
0.0688,0.0632,1.0037,-1.9771,-1.1985,0.771,0,0,0
0.0889,0.052,1.0222,-2.2366,-1.7328,1.6336,0,0,0
0.0835,0.062,1.0242,-1.8015,-1.5725,2.0992,0,0,0
0.0918,0.0635,1.033,-2.4122,-0.8779,2.1374,0,0,0
0.0857,0.0676,1.0337,-3.1756,-0.2901,1.5267,0,0,0
0.0791,0.0535,1.0251,-3.0763,-0.4656,1.7939,0,0,0
0.0791,0.0505,1.0173,-2.5573,-0.7099,2.2366,0,0,0
0.0742,0.0579,1.0156,-2.6718,-1.1908,2.4733,0,0,0
0.0698,0.0603,1.0188,-2.1603,-2.1985,2.9847,0,0,0
0.075,0.0679,1.0237,-1.6412,-3.229,2.7939,0,0,0
0.074,0.0686,1.0222,-0.5038,-3.3206,2.5344,0,0,0
0.0835,0.072,1.0293,0.2366,-3.0382,1.5038,0,0,0
0.0835,0.0745,1.0361,0.4046,-2.3206,1.5496,0,0,0
0.083,0.085,1.0352,-0.1603,-1.7786,1.229,0,0,0
0.0854,0.0884,1.0349,-1.2366,-1.9771,0.4733,0,0,0
0.0864,0.0852,1.031,-1.8855,-1.6565,-0.2672,0,0,0
0.0872,0.0796,1.0312,-1.626,-1.2443,-0.8702,0,0,0
0.0854,0.0776,1.0271,-1.7252,-1.5878,-1.3664,0,0,0
0.0867,0.0659,1.0242,-1.7176,-1.2977,-0.9542,0,0,0
0.0847,0.063,1.0222,-1.5878,-0.9771,-1.0611,0,0,0
0.0884,0.0637,1.0098,-0.9008,-0.9924,-0.916,0,0,0
0.084,0.0701,1.0044,-0.458,-1.4275,-1.3511,0,0,0
0.0798,0.0684,1.0034,-0.8397,-2.0229,-1.3435,0,0,0
0.0901,0.0603,1.01,-0.7863,-2.626,-0.3053,0,0,0
0.0845,0.0679,1.0132,-0.8931,-2.9924,0.2214,0,0,0
0.0828,0.0737,1.0107,-2.4656,-3.2901,-0.0534,0,0,0
0.0945,0.0688,1.0122,-2.687,-3.5954,-0.229,0,0,0
0.084,0.0613,1.0049,-2.0992,-3.8702,-0.2748,0,0,0
0.0886,0.0559,1.0117,-1.7939,-4.5115,0.1069,0,0,0
0.0823,0.0659,1.0286,-1.3206,-4.916,0.4046,0,0,0
0.0947,0.0693,1.0291,-0.0992,-4.8855,0.2137,0,0,0
0.0862,0.0784,1.0232,-0.1679,-4.5038,-0.5649,0,0,0
0.0898,0.075,1.0359,-0.1221,-3.9618,-0.687,0,0,0
0.0938,0.0735,1.0337,-0.4885,-3.1221,-0.4122,0,0,0
0.0916,0.0786,1.0344,-1.2748,-2.7939,-0.2672,0,0,0
0.0964,0.0696,1.0376,-1.9389,-2.3359,-0.2061,0,0,0
0.0972,0.0671,1.0403,-1.5038,-1.5878,-0.1603,0,0,0
0.0918,0.0723,1.0312,-1.5344,-1.1679,0.1145,0,0,0
0.0898,0.0752,1.0312,-1.9618,-1.3664,-0.687,0,0,0
0.0908,0.0752,1.032,-1.9847,-1.3053,-0.855,0,0,0
0.0938,0.0737,1.032,-2.0,-1.2443,-0.7634,0,0,0
0.0884,0.0793,1.0334,-1.6794,-0.6489,-1.1603,0,0,0
0.0894,0.0796,1.0232,-1.5878,-0.3664,-1.8168,0,0,0
0.0903,0.0811,1.0205,-1.458,-0.5954,-2.2061,0,0,0
0.0974,0.075,1.0203,-1.8626,-0.626,-2.2214,0,0,0
0.0896,0.0786,1.0198,-2.7786,-0.6031,-1.855,0,0,0
0.0925,0.0815,1.0181,-3.5878,-1.2061,-2.0382,0,0,0
0.0911,0.0657,1.0208,-3.5191,-1.2519,-2.2519,0,0,0
0.0945,0.0571,1.0195,-2.1756,-1.2214,-2.2137,0,0,0
0.0967,0.0593,1.0173,-0.771,-1.1374,-2.1832,0,0,0
0.0969,0.0681,1.0164,-0.3359,-0.7176,-2.4427,0,0,0
0.0964,0.074,1.0254,-1.0458,-0.4046,-2.0305,0,0,0
0.0955,0.0713,1.0173,-1.9313,-0.4809,-1.9618,0,0,0
0.0874,0.0706,1.0063,-2.0687,-0.8244,-2.0687,0,0,0
0.0962,0.0593,1.0181,-1.4427,-1.5038,-2.0305,0,0,0
0.0862,0.0669,1.0142,-1.2061,-2.3359,-1.8092,0,0,0
0.092,0.0671,1.0144,-0.8092,-2.8397,-1.3282,0,0,0
0.0979,0.0688,1.0139,-1.1832,-3.4885,-1.2748,0,0,0
0.1016,0.0669,1.0229,-1.0458,-3.2366,-1.4046,0,0,0
0.0972,0.063,1.0237,-1.0763,-2.9313,-1.2366,0,0,0
0.0969,0.0696,1.022,-0.8092,-2.4427,-0.8931,0,0,0
0.0994,0.0671,1.0215,-1.4122,-2.8473,-1.1221,0,0,0
0.0996,0.0664,1.0229,-0.9237,-2.7863,-1.084,0,0,0
0.1025,0.0701,1.0242,-0.6794,-2.9313,-0.7634,0,0,0
0.0994,0.0745,1.0273,-1.1832,-3.0076,-0.9771,0,0,0
0.1033,0.0774,1.0195,-1.2672,-2.6183,-1.1527,0,0,0
0.1035,0.0737,1.0239,-1.1145,-2.2519,-1.3817,0,0,0
0.1013,0.0703,1.0215,-1.1298,-2.1298,-1.313,0,0,0
0.1057,0.0713,1.0225,-1.3359,-2.0687,-1.4809,0,0,0
0.1035,0.0691,1.0239,-1.7252,-2.3511,-1.626,0,0,0
0.1033,0.0659,1.0215,-1.5038,-2.3053,-1.0763,0,0,0
0.1057,0.0688,1.0283,-1.6183,-2.6183,-0.916,0,0,0
0.1082,0.0671,1.0256,-1.5344,-2.1374,-0.9847,0,0,0
0.104,0.0693,1.0249,-1.542,-1.7863,-0.9924,0,0,0
0.1028,0.0706,1.0259,-1.9313,-1.7786,-0.9771,0,0,0
0.0957,0.0728,1.0171,-1.6412,-2.7252,-0.9695,0,0,0
0.0984,0.0757,1.0161,-1.5802,-2.9771,-0.7023,0,0,0
0.0986,0.0701,1.0168,-1.3511,-3.687,-0.7863,0,0,0
0.1008,0.0789,1.0215,-0.9771,-3.5115,-0.7634,0,0,0
0.1045,0.0764,1.0312,-0.5649,-3.3511,-1.2595,0,0,0
0.1096,0.0771,1.0386,-0.7252,-2.2901,-0.9084,0,0,0
0.1091,0.0813,1.0439,-0.9542,-1.771,-1.229,0,0,0
0.1035,0.0818,1.0391,-1.0382,-1.6947,-1.6336,0,0,0
0.1057,0.0798,1.0271,-1.4962,-1.2443,-2.0229,0,0,0
0.1074,0.0786,1.031,-1.5344,-1.2672,-2.0076,0,0,0
0.1084,0.0735,1.031,-1.2824,-1.0611,-2.4351,0,0,0
0.1089,0.0708,1.032,-0.916,-0.7176,-2.1832,0,0,0
0.1042,0.0718,1.0281,-1.0916,-0.7557,-2.0458,0,0,0
0.1072,0.0725,1.0276,-1.2595,-0.5496,-2.0763,0,0,0
0.1018,0.073,1.0186,-1.1069,-0.5802,-2.1221,0,0,0
0.1084,0.071,1.0188,-0.9771,-0.145,-1.6565,0,0,0
0.105,0.0754,1.0205,-0.9237,-0.0916,-1.5649,0,0,0
0.0986,0.0745,1.019,-1.2519,-0.458,-1.6031,0,0,0
0.1025,0.0789,1.0154,-1.1069,-1.2748,-1.6794,0,0,0
0.1018,0.0728,1.0195,-1.0,-1.4504,-1.2824,0,0,0
0.1025,0.0789,1.0227,-0.4885,-2.0534,-1.145,0,0,0
0.1089,0.072,1.0266,-0.229,-1.5802,-1.7405,0,0,0
0.1099,0.0767,1.0249,-0.2748,-0.8855,-1.6336,0,0,0
0.1096,0.0774,1.0254,-0.5344,-0.1374,-1.9542,0,0,0
0.1074,0.0732,1.0286,-1.2519,-0.1603,-1.8779,0,0,0
0.1047,0.071,1.0188,-1.0534,-0.1908,-1.6718,0,0,0
0.1021,0.0764,1.0168,-1.0305,-0.6565,-1.6107,0,0,0
0.1018,0.0793,1.0178,-1.3435,-0.5267,-1.5649,0,0,0
0.103,0.0769,1.0259,-1.855,-0.374,-1.5649,0,0,0
0.1055,0.071,1.0166,-1.1298,-0.6718,-1.7786,0,0,0
0.0989,0.0815,1.0164,-1.6183,-0.5649,-2.4427,0,0,0
0.0972,0.0781,1.0127,-1.3206,-0.6947,-2.5344,0,0,0
0.0964,0.0798,1.0168,-1.3893,-0.8931,-2.6183,0,0,0
0.1023,0.0791,1.0085,-1.2977,-1.2824,-2.8092,0,0,0
0.1064,0.0801,1.0181,-1.0534,-1.1374,-2.8473,0,0,0
0.1074,0.082,1.0269,-0.8702,-1.1603,-3.145,0,0,0
0.1074,0.0864,1.0237,-1.6183,-0.4809,-3.687,0,0,0
0.1082,0.0879,1.0217,-2.0534,-0.3893,-4.0916,0,0,0
0.1033,0.0728,1.0222,-2.5802,-0.3053,-4.4504,0,0,0
0.103,0.0718,1.0137,-2.542,-0.7481,-4.3206,0,0,0
0.1021,0.075,1.019,-2.4885,-1.0,-3.7481,0,0,0
0.106,0.0706,1.0129,-2.9389,-0.8244,-3.7863,0,0,0
0.1089,0.0771,1.0146,-3.084,-1.1908,-3.8473,0,0,0
0.1064,0.0776,1.0146,-3.4122,-1.0534,-3.8855,0,0,0
0.1104,0.0781,1.019,-3.5878,-0.9695,-4.5878,0,0,0
0.1133,0.0818,1.0225,-4.4122,-0.3817,-4.9313,0,0,0
0.1116,0.0833,1.0083,-5.1527,-0.1679,-5.5802,0,0,0
0.1094,0.0649,1.0225,-5.3053,0.2137,-5.6794,0,0,0
0.1072,0.0537,1.0156,-4.7023,0.0076,-5.374,0,0,0
0.0999,0.0569,1.0005,-4.4046,-0.5038,-4.771,0,0,0
0.0952,0.0481,1.0151,-4.0763,-1.5573,-3.9084,0,0,0
0.1028,0.0525,1.0042,-3.3969,-2.2977,-3.1298,0,0,0
0.0999,0.0544,1.0144,-2.3053,-2.6565,-2.2061,0,0,0
0.1069,0.0698,1.0205,-1.7863,-2.9466,-1.7634,0,0,0
0.1018,0.072,1.0227,-1.8168,-3.3053,-1.2824,0,0,0
0.1064,0.0664,1.0247,-1.4504,-3.145,-1.0229,0,0,0
0.1057,0.0691,1.0278,-0.6947,-3.3664,-0.8473,0,0,0
0.1086,0.0686,1.0286,-0.3664,-3.8931,-0.1603,0,0,0
0.1047,0.074,1.0325,0.2977,-3.8321,0.1603,0,0,0
0.1106,0.0884,1.0342,-0.4656,-3.6183,0.313,0,0,0
0.1111,0.0842,1.0366,-0.3435,-3.2748,-0.0458,0,0,0
0.1125,0.093,1.0425,-0.5725,-2.7634,-0.0458,0,0,0
0.1125,0.0962,1.0337,-0.3664,-1.855,-0.6183,0,0,0
0.116,0.0999,1.0369,-1.0153,-1.4427,-1.5954,0,0,0
0.1174,0.0896,1.0278,-0.9924,-0.8702,-2.145,0,0,0
0.1094,0.0906,1.0212,-0.8931,-0.3282,-2.3664,0,0,0
0.1069,0.0852,1.019,-1.2672,-0.3282,-2.9924,0,0,0
0.105,0.0762,1.0159,-1.8015,-1.1756,-2.6718,0,0,0
0.1084,0.0747,1.0137,-2.2214,-1.8321,-2.6794,0,0,0
0.1082,0.0688,1.0139,-1.8779,-2.2443,-2.4427,0,0,0
0.1179,0.0569,1.0249,-1.4504,-1.5954,-1.9237,0,0,0
0.1162,0.0586,1.021,-0.7786,-1.0611,-1.2748,0,0,0
0.1143,0.0637,1.02,-0.7099,-1.1221,-0.687,0,0,0
0.1172,0.0667,1.0154,-1.2061,-1.6565,-0.4504,0,0,0
0.1189,0.072,1.0251,-1.374,-1.3359,0.2366,0,0,0
0.124,0.0823,1.0303,-1.5954,-0.8015,0.084,0,0,0
0.1228,0.0811,1.0276,-2.1985,0.2061,-0.3893,0,0,0
0.1187,0.085,1.0286,-2.4275,0.9389,-0.4046,0,0,0
0.1267,0.0793,1.0276,-3.3206,1.3359,-0.4733,0,0,0
0.1252,0.075,1.0281,-3.9924,2.4809,0.0076,0,0,0
0.1262,0.0728,1.0159,-4.6031,3.7023,0.5954,0,0,0
0.1255,0.0684,1.0054,-6.1679,3.8397,1.0916,0,0,0
0.1272,0.0508,1.0115,-6.7481,4.5496,2.4962,0,0,0
0.1169,0.051,1.0112,-6.9313,5.2137,4.3435,0,0,0
0.1199,0.0583,1.0078,-8.2061,5.0,6.4427,0,0,0
0.1045,0.0591,1.0103,-10.5496,4.542,7.6489,0,0,0
0.1094,0.043,1.0159,-12.0534,4.1069,8.6031,0,0,0
0.1274,0.0244,1.03,-13.4351,5.1069,11.6412,0,0,0
0.113,0.042,1.0369,-15.8779,6.9695,15.2901,0,0,0
0.1084,0.0518,1.0457,-20.0763,7.0687,16.3282,0,0,0
0.0981,0.0408,1.0403,-22.2443,6.8779,16.229,0,0,0
0.0933,0.0334,1.0522,-20.7863,6.9084,15.5878,0,0,0
0.083,0.0129,1.0505,-16.3588,7.1832,14.4427,0,0,0
0.0808,0.0273,1.0366,-11.4809,6.2672,13.7405,0,0,0
0.0784,0.0417,1.041,-8.0763,4.9542,12.1603,0,0,0
0.083,0.0442,1.0391,-4.687,4.6412,10.0611,0,0,0
0.0681,0.0566,1.0283,-1.9237,3.9008,8.5802,0,0,0
0.0674,0.0627,1.0188,0.2443,2.9618,6.2366,0,0,0
0.0684,0.0671,1.0171,2.0229,1.3435,3.9695,0,0,0
0.0696,0.0759,1.0139,2.7023,-0.3588,2.3282,0,0,0
0.0742,0.0759,1.0171,3.3588,-0.7099,1.3588,0,0,0
0.0874,0.0693,1.0256,2.7481,0.1679,0.9389,0,0,0
0.0962,0.0632,1.0295,2.0305,2.1908,0.2595,0,0,0
0.0928,0.0667,1.03,0.9008,3.2595,-0.3359,0,0,0
0.0886,0.0559,1.0208,-0.0153,2.7023,-0.7176,0,0,0
0.0876,0.0503,1.0176,-0.2214,1.1603,-0.4504,0,0,0
0.0879,0.043,1.0117,0.3817,-0.8397,-0.5496,0,0,0
0.1023,0.0396,1.0208,0.8244,-1.5954,0.0458,0,0,0
0.105,0.0417,1.0273,1.5878,-1.1832,0.1298,0,0,0
0.1108,0.0466,1.0322,2.4198,0.1908,0.2137,0,0,0
0.1033,0.0544,1.0234,2.0305,0.9008,-0.1679,0,0,0
0.0952,0.0459,1.0137,1.8855,0.3435,-0.5725,0,0,0
0.094,0.0479,1.01,1.9847,-0.7176,-0.3588,0,0,0
0.0959,0.0471,1.0098,1.8779,-1.6794,-0.0687,0,0,0
0.0942,0.0535,1.0115,1.4504,-2.2137,-0.2061,0,0,0
0.0994,0.0593,1.0081,1.4046,-2.2901,-0.6489,0,0,0
0.0981,0.0535,1.0115,1.4351,-2.084,-0.8855,0,0,0
0.0942,0.0542,1.019,1.3664,-1.8702,-0.855,0,0,0
0.0952,0.0562,1.0168,1.2214,-2.1908,-1.1832,0,0,0
0.0894,0.0627,1.009,0.8702,-2.4962,-1.7252,0,0,0
0.0984,0.0579,1.0198,0.3511,-2.8244,-1.6489,0,0,0
0.094,0.0659,1.0193,0.229,-2.5725,-1.8321,0,0,0
0.094,0.0674,1.0083,-0.0153,-2.4275,-2.6031,0,0,0
0.0928,0.0598,1.0037,0.4351,-2.6412,-3.1985,0,0,0
0.0938,0.0552,1.0071,1.0687,-3.0763,-3.7786,0,0,0
0.0938,0.0596,1.0044,1.4275,-3.458,-3.5878,0,0,0
0.0969,0.0518,1.0151,1.3588,-3.6947,-3.8015,0,0,0
0.1013,0.0542,1.0176,1.0458,-3.9389,-3.6794,0,0,0
0.0969,0.061,1.0183,0.9771,-3.6107,-3.7405,0,0,0
0.0962,0.062,1.009,0.8015,-3.8473,-4.0534,0,0,0
0.0947,0.0613,1.011,1.2748,-4.4656,-4.0382,0,0,0
0.0928,0.0496,1.012,1.6947,-5.2824,-4.3282,0,0,0
0.093,0.0498,1.0159,1.8702,-5.8397,-3.9313,0,0,0
0.1047,0.0503,1.032,1.8473,-5.771,-2.9924,0,0,0
0.1125,0.054,1.0393,1.4962,-4.4504,-2.4351,0,0,0
0.1045,0.0598,1.0427,0.8473,-3.1374,-2.1908,0,0,0
0.1055,0.0623,1.0371,0.0382,-2.5191,-1.8092,0,0,0
0.1021,0.0608,1.0295,-0.2366,-2.2137,-1.6489,0,0,0
0.0945,0.0647,1.0222,-0.3588,-2.0992,-1.6412,0,0,0
0.0959,0.0586,1.0198,-0.7252,-2.5191,-1.4809,0,0,0
0.0981,0.0671,1.0242,-0.4733,-2.8015,-1.1908,0,0,0
0.1086,0.0654,1.0288,-0.5267,-2.8397,-1.2519,0,0,0
0.1077,0.0662,1.0247,-0.7939,-1.7939,-0.9847,0,0,0
0.104,0.0691,1.021,-1.1985,-1.3359,-1.4962,0,0,0
0.0959,0.0681,1.022,-1.0153,-2.0458,-1.5954,0,0,0
0.0989,0.0688,1.0237,-0.7634,-2.6794,-1.2443,0,0,0
0.0989,0.0674,1.0278,-1.1527,-2.6489,-1.5344,0,0,0
0.0989,0.0701,1.0281,-1.0382,-2.8473,-1.5878,0,0,0
0.1038,0.062,1.0298,-0.5573,-2.6641,-1.6565,0,0,0
0.1033,0.0686,1.0303,-0.5954,-2.2366,-1.5725,0,0,0
0.1055,0.0696,1.0347,-0.2977,-1.8321,-1.7557,0,0,0
0.1099,0.0559,1.0356,-0.0916,-1.5191,-1.8855,0,0,0
0.1079,0.0645,1.0312,-0.1527,-0.8702,-1.4198,0,0,0
0.1089,0.0669,1.0276,-0.5725,-1.229,-0.9084,0,0,0
0.1074,0.0659,1.0276,-0.5573,-1.6412,-0.4198,0,0,0
0.1108,0.0742,1.031,-0.4198,-2.0916,-0.4351,0,0,0
0.1145,0.071,1.0244,-0.6031,-2.0382,-0.5878,0,0,0
0.1187,0.0669,1.0398,-0.084,-1.4122,-0.3511,0,0,0
0.1157,0.0759,1.0327,-0.1374,-0.3511,-0.5649,0,0,0
0.1177,0.0742,1.0247,-0.3969,0.0229,-0.7634,0,0,0
0.1174,0.0713,1.0244,-0.6641,0.0076,-0.7863,0,0,0
0.1182,0.0757,1.0225,-0.4733,0.0534,-0.7099,0,0,0
0.1152,0.0723,1.0149,-0.4275,0.0229,-0.7481,0,0,0
0.1165,0.0764,1.0156,-0.6183,-0.4198,-0.7328,0,0,0
0.1174,0.0789,1.0107,-0.9618,-0.6794,-0.4962,0,0,0
0.1179,0.0735,1.0164,-0.8168,-1.0229,-0.8015,0,0,0
0.1187,0.0718,1.0117,-0.626,-1.5802,-0.5573,0,0,0
0.1155,0.0759,1.0046,-1.0,-1.626,-0.6183,0,0,0
0.1167,0.0754,1.0134,-0.8244,-1.4809,-0.7939,0,0,0
0.1189,0.0784,1.0139,-0.6107,-1.4733,-1.0153,0,0,0
0.1162,0.0779,1.0225,-0.5802,-1.4656,-1.4351,0,0,0
0.114,0.0833,1.0193,0.1527,-2.0687,-1.5725,0,0,0
0.1128,0.0864,1.0173,-0.1374,-1.7863,-1.9389,0,0,0
0.1106,0.0828,1.0149,-0.1832,-1.9618,-2.4733,0,0,0
0.113,0.0811,1.011,-0.5573,-2.4351,-3.2748,0,0,0
0.1155,0.0735,1.0129,-0.5496,-2.7786,-3.2977,0,0,0
0.1123,0.0701,1.0168,-0.3969,-2.4733,-3.3588,0,0,0
0.114,0.0669,1.019,-0.6565,-2.7557,-3.229,0,0,0
0.1165,0.073,1.0198,-1.1298,-2.2977,-2.7863,0,0,0
0.1213,0.0647,1.0205,-1.5802,-1.6718,-2.5802,0,0,0
0.1113,0.0674,1.0142,-2.0611,-1.6947,-2.1908,0,0,0
0.113,0.0686,1.0132,-1.8855,-1.8397,-1.9237,0,0,0
0.1121,0.0642,1.0068,-1.7786,-1.771,-2.0,0,0,0
0.1084,0.0635,1.0073,-1.7252,-2.4962,-1.6336,0,0,0
0.1062,0.0645,1.0222,-1.5344,-3.0,-1.4885,0,0,0
0.1096,0.0671,1.0149,-1.3359,-3.2519,-1.0687,0,0,0
0.1089,0.0706,1.0176,-0.855,-3.3206,-1.3435,0,0,0
0.113,0.0701,1.0261,-0.9313,-3.3206,-1.1298,0,0,0
0.113,0.0723,1.0305,-1.1603,-3.0305,-1.0229,0,0,0
0.1104,0.0742,1.0215,-1.2672,-2.7481,-1.3359,0,0,0
0.1135,0.0781,1.0281,-1.2519,-2.145,-1.3435,0,0,0
0.1094,0.0784,1.0281,-1.4656,-2.0916,-1.6794,0,0,0
0.1143,0.0781,1.0303,-1.4275,-2.1374,-1.7023,0,0,0
0.1135,0.0767,1.0288,-1.4046,-1.4351,-1.8473,0,0,0
0.1125,0.0769,1.031,-1.4198,-1.2901,-1.9008,0,0,0
0.1113,0.0798,1.0229,-1.4198,-0.9466,-2.1756,0,0,0
0.1106,0.0789,1.0291,-1.2519,-0.5038,-2.2595,0,0,0
0.1104,0.0803,1.0225,-1.4656,-0.7939,-2.4809,0,0,0
0.1145,0.0862,1.0166,-0.8855,-0.6947,-3.229,0,0,0
0.1104,0.0889,1.0198,-0.5038,-0.5649,-3.9389,0,0,0
0.113,0.0862,1.0134,0.2137,-0.8702,-4.4427,0,0,0
0.1086,0.0945,1.0247,0.626,-1.0763,-5.5191,0,0,0
0.1108,0.0928,1.0137,1.3206,-0.9237,-6.3511,0,0,0
0.1165,0.0886,1.0166,2.0687,-1.2137,-6.7939,0,0,0
0.1184,0.0952,1.0227,2.6947,-0.9695,-7.1527,0,0,0
0.1177,0.1021,1.021,3.1679,-0.771,-8.4198,0,0,0
0.124,0.1074,1.0286,3.3282,-0.4275,-9.2443,0,0,0
0.1304,0.1238,1.0347,3.626,0.2901,-10.4122,0,0,0
0.1211,0.1052,1.0251,3.7023,0.542,-11.9542,0,0,0
0.1309,0.1084,1.0217,3.5802,1.2519,-11.9237,0,0,0
0.1196,0.1108,1.0139,3.8168,1.2214,-11.4962,0,0,0
0.1255,0.106,1.0127,3.2977,0.6947,-11.5191,0,0,0
0.1301,0.1021,1.0134,2.8473,0.145,-10.8779,0,0,0
0.1255,0.106,1.0161,1.8855,-0.8092,-10.5115,0,0,0
0.1245,0.1028,1.0208,0.9924,-0.9847,-10.4733,0,0,0
0.1228,0.1062,1.0173,-0.2595,-0.7786,-10.2137,0,0,0
0.1226,0.0845,1.0139,-0.4656,-0.9084,-9.8397,0,0,0
0.1238,0.072,1.0198,-0.0763,-1.0305,-9.4275,0,0,0
0.1157,0.0815,1.0078,0.3817,-1.9389,-8.5802,0,0,0
0.1128,0.0801,1.0044,0.1374,-2.8321,-7.9542,0,0,0
0.1201,0.0781,1.0093,-0.4198,-3.3817,-7.145,0,0,0
0.1187,0.0742,1.0159,0.0992,-2.9389,-6.1221,0,0,0
0.1221,0.0742,1.0095,-0.2824,-3.0687,-5.5954,0,0,0
0.1284,0.0669,1.0212,-0.2748,-2.8092,-4.9389,0,0,0
0.1211,0.0737,1.0269,-0.3282,-2.3435,-3.7099,0,0,0
0.1196,0.0845,1.0168,-1.2519,-2.6183,-3.1374,0,0,0
0.1167,0.0784,1.0234,-2.0916,-2.916,-2.8321,0,0,0
0.1157,0.0698,1.0273,-2.2443,-2.9542,-2.3817,0,0,0
0.1167,0.0737,1.0159,-1.7786,-2.6565,-1.7634,0,0,0
0.113,0.0728,1.0149,-1.7099,-2.3282,-1.4962,0,0,0
0.1169,0.0759,1.0188,-1.7099,-1.4504,-1.3053,0,0,0
0.1091,0.0701,1.0059,-1.626,-1.0992,-1.0534,0,0,0
0.104,0.0688,1.0049,-1.6565,-1.1603,-0.4504,0,0,0
0.1042,0.0691,1.0039,-1.7863,-2.0076,0.4122,0,0,0
0.1064,0.0764,1.0161,-2.0763,-2.4275,1.1756,0,0,0
0.1111,0.0889,1.0234,-2.8855,-2.6489,0.8321,0,0,0
0.1179,0.0911,1.0242,-4.2672,-2.1221,0.8702,0,0,0
0.1233,0.0967,1.0354,-4.8397,-1.145,1.2366,0,0,0
0.1262,0.0908,1.0444,-5.7863,-0.3053,0.6412,0,0,0
0.1375,0.0798,1.0461,-5.5038,0.6336,0.3206,0,0,0
0.1416,0.0835,1.0522,-5.3359,1.4427,0.6336,0,0,0
0.137,0.084,1.0393,-5.6031,1.1145,0.9389,0,0,0
0.1394,0.0916,1.0425,-6.0534,1.3817,0.8397,0,0,0
0.1353,0.0981,1.0305,-6.1298,1.3893,1.0076,0,0,0
0.1279,0.1064,1.0142,-5.6565,1.9008,0.7099,0,0,0
0.1206,0.1143,1.0017,-5.2595,2.0229,0.6718,0,0,0
0.1167,0.123,0.9973,-5.2214,1.7176,0.229,0,0,0
0.1145,0.1235,0.9983,-4.7634,0.8321,-0.4962,0,0,0
0.1135,0.124,1.0059,-4.1756,-0.2137,-1.2748,0,0,0
0.1174,0.1184,1.0203,-2.8015,-0.8855,-1.3664,0,0,0
0.1213,0.1296,1.0227,-2.5878,-0.916,-2.2824,0,0,0
0.1182,0.1309,1.031,-3.0458,-0.6794,-3.0305,0,0,0
0.126,0.1187,1.0364,-2.2901,-0.3282,-4.1527,0,0,0
0.1252,0.1091,1.0422,-1.4427,-0.1069,-5.0076,0,0,0
0.1279,0.1111,1.0571,0.0763,0.5267,-5.7939,0,0,0
0.1243,0.1135,1.0391,0.7786,1.4427,-6.2977,0,0,0
0.1326,0.1057,1.05,0.5878,2.3359,-6.855,0,0,0
0.1252,0.1086,1.0479,-0.229,2.4198,-6.6336,0,0,0
0.1179,0.1025,1.0425,-0.7481,3.145,-7.0,0,0,0
0.1133,0.0933,1.033,-0.7939,3.8397,-6.9466,0,0,0
0.1057,0.0857,1.0281,-0.6794,3.7099,-6.5954,0,0,0
0.1062,0.0806,1.0254,-0.626,3.4046,-5.8168,0,0,0
0.1045,0.0908,1.0103,-0.916,3.1908,-5.8473,0,0,0
0.0979,0.0859,1.0029,-0.9084,2.7328,-5.4809,0,0,0
0.0989,0.0894,0.9998,0.1908,2.4656,-5.458,0,0,0
0.1008,0.0918,0.9958,1.0687,2.2214,-5.4809,0,0,0
0.0981,0.0938,1.002,1.3359,1.9847,-5.2824,0,0,0
0.1035,0.1011,1.0066,0.7023,1.1679,-5.0458,0,0,0
0.0977,0.095,1.0049,0.0534,1.1298,-5.3893,0,0,0
0.0962,0.0769,1.0156,-1.3664,1.1069,-5.4427,0,0,0
0.0979,0.082,0.9968,-1.5038,2.7023,-7.2214,0,0,0
0.0957,0.0618,1.0037,1.0458,0.855,-6.229,0,0,0
0.0986,0.0913,1.0039,0.8702,1.0,-5.8397,0,0,0
0.092,0.094,0.9812,-1.7176,0.229,-6.0,0,0,0
0.0889,0.0637,1.0022,-3.2824,-0.3817,-5.4427,0,0,0
0.0925,0.0586,0.998,-3.3817,-1.0458,-4.3817,0,0,0
0.0859,0.0535,1.0017,-4.1298,-1.6565,-3.6412,0,0,0
0.0903,0.0469,1.0071,-3.6565,-2.6641,-3.3282,0,0,0
0.095,0.0549,1.0259,-3.1298,-2.2595,-1.9847,0,0,0
0.0964,0.0562,1.0273,-2.6718,-1.7099,-1.458,0,0,0
0.0925,0.0569,1.0264,-2.4733,-1.0458,-1.7863,0,0,0
0.0952,0.0522,1.0332,-2.0611,-0.6718,-1.3359,0,0,0
0.0962,0.0635,1.0317,-2.1908,-0.9466,-0.1221,0,0,0
0.104,0.0664,1.0354,-2.2748,-1.2519,0.5954,0,0,0
0.1108,0.0747,1.0474,-2.3588,-0.7481,1.4198,0,0,0
0.1165,0.0862,1.0513,-2.5725,0.7405,1.1908,0,0,0
0.1187,0.084,1.0544,-3.0,2.1985,0.8702,0,0,0
0.1206,0.0864,1.0525,-3.1298,3.2824,0.9618,0,0,0
0.1147,0.0925,1.0435,-4.0382,4.2519,0.6183,0,0,0
0.1135,0.0962,1.0356,-4.8473,4.7176,0.1527,0,0,0
0.1184,0.0811,1.0381,-4.8779,4.7786,-0.1756,0,0,0
0.1138,0.0752,1.0403,-4.2977,5.2595,0.2214,0,0,0
0.1199,0.1013,1.0349,-4.4885,5.1145,0.3969,0,0,0
0.1123,0.0964,1.0366,-6.1374,6.1145,-0.2443,0,0,0
0.113,0.0906,1.0215,-7.5115,5.6489,0.3435,0,0,0
0.1033,0.0803,1.01,-8.4198,6.0534,0.3282,0,0,0
0.0957,0.0857,1.0002,-8.145,4.9771,0.6718,0,0,0
0.0864,0.0886,0.9985,-8.1298,2.6412,0.626,0,0,0
0.0884,0.0747,1.0078,-5.8931,0.6183,0.7176,0,0,0
0.0845,0.0637,1.0144,-2.3817,-2.4122,1.0534,0,0,0
0.0828,0.0586,1.0205,3.2519,-6.7634,1.4885,0,0,0
0.0872,0.0601,1.0479,9.2366,-8.8473,2.5267,0,0,0
0.0889,0.1013,1.0496,14.4275,-10.6031,3.3664,0,0,0
0.103,0.1431,1.051,15.4656,-11.1756,1.9313,0,0,0
0.1013,0.1536,1.0647,14.8321,-10.9618,-0.3282,0,0,0
0.1113,0.1628,1.073,12.8931,-9.9389,-1.9084,0,0,0
0.0981,0.1504,1.0503,11.5267,-9.5344,-3.0611,0,0,0
0.0996,0.1677,1.043,10.0611,-11.3893,-5.7176,0,0,0
0.1045,0.1594,1.0503,8.2214,-12.9618,-7.5038,0,0,0
0.103,0.1431,1.0417,6.9924,-15.542,-8.0916,0,0,0
0.1184,0.1355,1.0229,6.0763,-16.1298,-11.0534,0,0,0
0.1233,0.1057,1.0046,6.8015,-17.9847,-12.4351,0,0,0
0.1331,0.074,0.9944,10.5191,-18.9924,-14.3206,0,0,0
0.1362,0.0579,0.9641,12.9237,-18.4656,-15.6031,0,0,0
0.1394,0.0659,0.9502,14.9237,-20.1527,-15.0229,0,0,0
0.1824,0.0366,0.979,15.8779,-20.5344,-11.6489,0,0,0
0.1682,0.106,0.9783,16.4427,-18.0611,-8.374,0,0,0
0.1975,0.1582,0.9844,9.7176,-16.4809,-8.0611,0,0,0
0.1709,0.1479,0.978,3.916,-10.6107,-8.9237,0,0,0
0.1953,0.1343,0.9685,-0.7786,-5.5725,-10.8931,0,0,0
0.1885,0.1013,0.9729,-1.916,-0.3359,-12.8855,0,0,0
0.1687,0.1526,0.9795,-0.3053,3.4733,-9.3511,0,0,0
0.1001,0.1704,0.9414,-2.7176,4.8321,-7.8244,0,0,0
0.1199,0.2205,0.9631,-9.8473,4.4351,-8.0382,0,0,0
0.1472,0.2234,0.9819,-13.4733,2.8397,-10.4351,0,0,0
0.1482,0.2012,0.9885,-16.458,3.9389,-13.0305,0,0,0
0.1677,0.2141,0.9895,-18.1374,4.7405,-15.5649,0,0,0
0.1624,0.2029,0.9824,-19.7481,6.4962,-18.0153,0,0,0
0.1367,0.2253,0.9702,-22.2137,8.8015,-19.3282,0,0,0
0.1301,0.2622,0.9702,-26.7939,6.5954,-20.0305,0,0,0
0.1257,0.2957,0.9888,-32.8015,6.0153,-20.8855,0,0,0
0.1455,0.2563,1.0076,-36.4275,7.3511,-24.8473,0,0,0
0.1306,0.2139,1.0037,-38.1908,9.1221,-28.9924,0,0,0
0.1567,0.1636,1.0146,-36.5344,13.145,-33.7328,0,0,0
0.1614,0.1194,1.0071,-34.1527,17.916,-37.1298,0,0,0
0.1582,0.0728,0.9971,-32.7634,25.2519,-38.0763,0,0,0
0.1289,0.0339,0.9687,-34.9618,32.1832,-36.5878,0,0,0
0.0999,-0.0068,0.9451,-36.2061,35.4198,-33.8092,0,0,0
0.0649,-0.0339,0.9043,-34.8397,32.8626,-29.7863,0,0,0
0.0452,-0.0601,0.8928,-32.2977,27.7099,-24.2443,0,0,0
0.032,-0.0767,0.8931,-29.313,20.4809,-18.3969,0,0,0
0.0471,-0.0515,0.9146,-27.374,13.7481,-13.5878,0,0,0
0.063,0.0024,0.9319,-29.9313,8.2061,-8.9008,0,0,0
0.0874,0.0713,0.9687,-36.3969,4.0458,-3.8931,0,0,0
0.1162,0.1064,1.0002,-43.4885,0.1679,-2.4733,0,0,0
0.1343,0.1089,1.0308,-47.5802,-0.4656,-3.6565,0,0,0
0.1477,0.1111,1.0488,-47.1527,1.4198,-7.1145,0,0,0
0.1294,0.0857,1.0317,-45.8092,4.3206,-11.7023,0,0,0
0.1316,0.0928,1.0098,-44.4656,7.5649,-16.084,0,0,0
0.1023,0.0454,0.9929,-44.7557,9.4962,-20.0458,0,0,0
0.0952,-0.0095,0.9729,-43.9924,9.5878,-22.458,0,0,0
0.0864,-0.0383,0.9719,-41.8626,8.0458,-23.3511,0,0,0
0.0718,-0.0671,0.9692,-41.4809,5.9542,-22.916,0,0,0
0.0598,-0.0835,0.9751,-40.6183,2.5649,-22.1221,0,0,0
0.0491,-0.1025,0.9897,-40.1603,0.1221,-19.9008,0,0,0
0.0596,-0.1296,1.0239,-38.8397,-2.3282,-17.9695,0,0,0
0.0642,-0.1287,1.0354,-36.4504,-3.7176,-15.8626,0,0,0
0.0669,-0.1279,1.0535,-34.9237,-3.1145,-14.374,0,0,0
0.0459,-0.1318,1.0491,-33.5954,-2.2977,-13.9466,0,0,0
0.0432,-0.137,1.0496,-34.0534,-1.0229,-12.8015,0,0,0
0.0447,-0.1479,1.0422,-35.0916,-0.5649,-11.313,0,0,0
0.0525,-0.1616,1.0559,-35.9618,-0.5115,-9.3664,0,0,0
0.0488,-0.1702,1.0586,-35.3588,-1.9084,-7.2824,0,0,0
0.062,-0.1748,1.0576,-36.229,-3.7252,-5.4275,0,0,0
0.0664,-0.1829,1.0579,-36.6718,-3.8015,-3.7481,0,0,0
0.0737,-0.177,1.0549,-37.2824,-3.7634,-2.2366,0,0,0
0.0786,-0.1958,1.0522,-36.4046,-4.2443,-1.3359,0,0,0
0.0903,-0.2151,1.061,-33.9542,-4.3435,-0.084,0,0,0
0.0957,-0.2119,1.0623,-30.542,-4.8702,1.1908,0,0,0
0.0896,-0.2097,1.0613,-28.3206,-5.3282,2.0458,0,0,0
0.0967,-0.2017,1.0706,-26.8168,-5.1298,2.7939,0,0,0
0.1016,-0.1992,1.0818,-25.3511,-5.5115,3.1069,0,0,0
0.103,-0.1887,1.0806,-25.1298,-5.6107,3.4046,0,0,0
0.1104,-0.1843,1.0767,-24.5954,-5.7863,3.7634,0,0,0
0.1038,-0.1743,1.0781,-23.6947,-4.5115,3.1756,0,0,0
0.103,-0.1692,1.0759,-23.8702,-2.916,2.5496,0,0,0
0.0979,-0.1694,1.0662,-23.1145,-1.2137,1.0382,0,0,0
0.0901,-0.1665,1.0686,-22.6565,0.0382,0.0611,0,0,0
0.0776,-0.1589,1.0425,-22.1679,0.5802,-1.084,0,0,0
0.0793,-0.1704,1.0371,-21.2595,1.1221,-1.9389,0,0,0
0.0847,-0.1853,1.0461,-18.6412,1.771,-2.626,0,0,0
0.0745,-0.175,1.0271,-17.3435,2.8244,-2.8931,0,0,0
0.0557,-0.1794,1.0156,-17.4962,2.6336,-3.2672,0,0,0
0.0422,-0.1746,1.0076,-18.7252,3.1298,-3.3969,0,0,0
0.0378,-0.1897,0.9958,-19.7405,3.2443,-2.8397,0,0,0
0.0205,-0.1904,0.9822,-18.9389,2.5573,-2.7252,0,0,0
0.0156,-0.2063,0.9802,-16.0458,2.1069,-3.0076,0,0,0
0.01,-0.1877,0.9687,-13.4275,1.1374,-3.6489,0,0,0
0.0195,-0.2029,0.9778,-12.6336,0.2214,-4.0916,0,0,0
0.0164,-0.1868,0.9824,-11.3588,-0.2595,-5.1069,0,0,0
0.0269,-0.1938,0.9861,-11.0153,-0.9771,-5.2595,0,0,0
0.042,-0.1917,0.9856,-11.1679,-1.2595,-5.6718,0,0,0
0.0544,-0.197,0.989,-10.0305,-0.3359,-5.9466,0,0,0
0.0493,-0.1921,0.9897,-9.9237,0.1756,-5.5725,0,0,0
0.0505,-0.176,0.9744,-11.6183,-0.2137,-5.9008,0,0,0
0.0479,-0.1772,0.9687,-14.1832,-0.6336,-6.5954,0,0,0
0.0432,-0.2009,0.9434,-16.2214,-0.6336,-7.313,0,0,0
0.0596,-0.2244,0.9495,-15.8855,-1.6183,-7.084,0,0,0
0.0615,-0.2449,0.9495,-12.0153,-4.3206,-6.458,0,0,0
0.0676,-0.2502,0.9634,-8.3435,-5.8397,-5.0687,0,0,0
0.0835,-0.2478,0.9641,-5.3359,-8.1221,-5.1679,0,0,0
0.0967,-0.2595,0.9802,-2.8321,-8.2595,-5.1527,0,0,0
0.0662,-0.3154,1.009,2.9466,-12.0,-2.8244,0,0,0
0.0874,-0.3044,1.0332,7.4275,-13.1527,-1.0916,0,0,0
0.104,-0.2483,1.0437,7.3206,-11.3206,0.8092,0,0,0
0.1265,-0.2241,1.0471,4.2214,-8.1298,1.4504,0,0,0
0.1328,-0.1953,1.0312,-1.7328,-4.9313,1.0305,0,0,0
0.1396,-0.2039,1.0303,-8.2443,-4.0153,-1.5573,0,0,0
0.1396,-0.2368,1.0271,-10.0,-4.6031,-3.5038,0,0,0
0.1343,-0.2683,1.0264,-8.6031,-4.9313,-5.2595,0,0,0
0.137,-0.2581,1.0178,-7.6489,-4.3817,-6.5191,0,0,0
0.115,-0.2737,1.0103,-8.374,-3.0458,-7.3588,0,0,0
0.1279,-0.2688,1.0017,-8.9771,-2.1374,-8.2901,0,0,0
0.1235,-0.2937,0.9963,-9.0534,-2.5573,-9.7634,0,0,0
0.1257,-0.2859,1.0078,-9.9695,-2.4351,-10.6718,0,0,0
0.1201,-0.2695,0.9961,-11.0153,-2.3206,-9.6107,0,0,0
0.1038,-0.2915,0.9912,-13.0305,-2.2595,-8.1679,0,0,0
0.0872,-0.2913,0.9856,-13.542,-3.458,-7.1069,0,0,0
0.0894,-0.2839,0.981,-12.8015,-4.0992,-6.1985,0,0,0
0.0896,-0.2769,0.9817,-12.1756,-4.3588,-4.8397,0,0,0
0.082,-0.2864,0.991,-10.9389,-5.0229,-3.5267,0,0,0
0.0725,-0.2871,0.9829,-9.6641,-4.6718,-1.8015,0,0,0
0.0801,-0.2644,0.9854,-7.7252,-5.2901,-0.7252,0,0,0
0.0774,-0.2456,0.981,-7.0763,-5.5115,-0.0458,0,0,0
0.0745,-0.2517,0.9863,-6.4427,-6.9542,0.7939,0,0,0
0.0957,-0.2239,1.01,-5.3435,-8.9847,0.9084,0,0,0
0.0962,-0.2249,1.0173,-5.4427,-8.8855,1.7557,0,0,0
0.0935,-0.2302,1.0198,-7.2443,-8.3588,1.916,0,0,0
0.1184,-0.2388,1.0496,-4.9466,-7.9389,0.4962,0,0,0
0.1313,-0.2305,1.0591,-0.8702,-5.8092,-1.4122,0,0,0
0.1208,-0.2175,1.0513,-0.0305,-3.1298,-2.5344,0,0,0
0.1206,-0.2126,1.0332,-1.4427,-1.8244,-5.0534,0,0,0
0.1165,-0.2231,1.0352,-1.7634,0.0153,-6.687,0,0,0
0.1106,-0.2219,1.02,-1.6107,1.313,-7.6947,0,0,0
0.1113,-0.2295,1.0134,-1.5878,2.0458,-9.1374,0,0,0
0.1145,-0.2229,1.0112,-2.3359,3.2824,-10.5038,0,0,0
0.1125,-0.2222,0.9868,-5.1069,4.6336,-10.7099,0,0,0
0.113,-0.2212,0.981,-8.3969,5.0076,-11.6031,0,0,0
0.1147,-0.2327,0.9746,-10.5802,5.3359,-12.1679,0,0,0
0.1018,-0.2454,0.9595,-10.9542,5.0763,-13.5649,0,0,0
0.1099,-0.269,0.9612,-10.9771,5.5344,-16.1298,0,0,0
0.0999,-0.2771,0.9517,-10.0916,3.5573,-17.2137,0,0,0
0.1287,-0.2747,0.9702,-9.9695,0.6641,-17.1832,0,0,0
0.1414,-0.2815,0.9802,-10.2519,-2.2366,-17.2901,0,0,0
0.1494,-0.3123,0.9858,-9.3206,-3.8321,-16.9771,0,0,0
0.1375,-0.314,0.9937,-6.145,-4.4809,-17.0687,0,0,0
0.126,-0.3101,0.9927,-5.0763,-4.8779,-17.5649,0,0,0
0.125,-0.3181,0.9907,-4.3511,-5.4122,-18.4656,0,0,0
0.1174,-0.374,0.9985,-1.458,-7.2519,-16.8244,0,0,0
0.1401,-0.3604,1.0044,3.4885,-8.2824,-15.0992,0,0,0
0.1365,-0.3367,1.02,5.1374,-10.2748,-12.6794,0,0,0
0.1353,-0.3303,1.0261,4.855,-10.7252,-11.0687,0,0,0
0.1399,-0.3333,1.0298,4.8779,-10.0305,-9.3511,0,0,0
0.1274,-0.3459,1.0305,5.8931,-8.4351,-8.1069,0,0,0
0.1316,-0.3337,1.0205,7.1374,-7.5496,-6.0076,0,0,0
0.1357,-0.3022,1.0193,7.7099,-7.4275,-4.7023,0,0,0
0.1309,-0.3108,1.0042,6.7176,-7.8321,-2.8397,0,0,0
0.1328,-0.334,1.0115,8.0076,-8.4046,-1.6794,0,0,0
0.1301,-0.281,0.9978,10.6412,-8.1374,0.6641,0,0,0
0.1123,-0.2598,0.9785,10.3893,-7.0382,0.2748,0,0,0
0.0923,-0.2476,0.9673,10.7786,-8.1298,-0.2977,0,0,0
0.1111,-0.2578,0.9783,13.9313,-7.8168,-1.2748,0,0,0
0.1133,-0.2874,0.9819,17.7176,-7.4809,-2.0,0,0,0
0.1296,-0.2449,0.9895,20.3511,-7.8092,-2.1832,0,0,0
0.146,-0.2222,0.9907,21.1298,-9.4275,-2.458,0,0,0
0.1394,-0.2053,0.9973,19.687,-9.2519,-2.0916,0,0,0
0.136,-0.1809,0.9944,16.8168,-9.9847,-2.6794,0,0,0
0.1428,-0.1851,0.9968,15.1985,-9.8931,-4.9389,0,0,0
0.1357,-0.2573,1.0073,18.0153,-9.5649,-6.4809,0,0,0
0.1382,-0.2473,1.0054,22.7328,-8.2901,-6.8855,0,0,0
0.1543,-0.2288,1.0066,25.7939,-8.7176,-6.9389,0,0,0
0.1633,-0.2097,1.0078,25.771,-9.4427,-7.0305,0,0,0
0.1526,-0.2205,1.0105,25.2366,-10.3359,-6.2748,0,0,0
0.1655,-0.2078,1.0044,25.0,-9.6107,-4.5038,0,0,0
0.1536,-0.2129,1.0071,25.374,-8.9008,-3.9466,0,0,0
0.1597,-0.2017,1.0098,26.1221,-8.458,-3.0534,0,0,0
0.1724,-0.1716,1.0078,25.9924,-7.9542,-2.458,0,0,0
0.1655,-0.1592,1.0085,25.313,-7.2214,-2.5802,0,0,0
0.1829,-0.1423,0.9919,23.4122,-6.5115,-1.9924,0,0,0
0.1909,-0.1465,1.0115,24.145,-5.5725,-3.1298,0,0,0
0.1726,-0.1445,0.9968,26.6794,-5.7557,-3.687,0,0,0
0.2019,-0.1396,1.0251,30.3664,-6.5038,-5.2901,0,0,0
0.1904,-0.1238,1.0181,32.6489,-7.3282,-5.1069,0,0,0
0.2178,-0.0647,1.0256,31.9237,-7.4656,-6.0,0,0,0
0.2021,-0.0588,1.0142,28.3511,-6.4351,-7.3817,0,0,0
0.2126,-0.0562,1.02,24.2977,-5.3206,-7.7481,0,0,0
0.2166,-0.0967,1.0364,24.6641,-2.8473,-9.9924,0,0,0
0.1965,-0.1021,1.0203,28.916,-0.9771,-11.7786,0,0,0
0.1892,-0.053,1.0059,29.6107,1.1527,-13.1069,0,0,0
0.1504,-0.0205,0.9841,24.7023,0.5115,-14.6565,0,0,0
0.1321,-0.0701,0.9675,17.9695,-1.0458,-16.2443,0,0,0
0.1787,-0.116,1.0049,17.9008,-4.1679,-15.771,0,0,0
0.1987,-0.1604,1.0293,23.5496,-6.3588,-14.8779,0,0,0
0.2048,-0.1333,1.0254,28.7786,-7.6718,-13.0382,0,0,0
0.2109,-0.0686,1.0312,28.8473,-7.7099,-11.8092,0,0,0
0.2095,-0.0667,1.0195,23.6947,-5.4427,-11.5954,0,0,0
0.2192,-0.0432,1.0037,18.0229,-2.0458,-10.687,0,0,0
0.2246,-0.0923,1.0066,15.2519,1.771,-10.2519,0,0,0
0.21,-0.1182,0.9805,16.5191,4.9389,-9.1527,0,0,0
0.208,-0.0962,0.9624,20.5802,5.2443,-7.8626,0,0,0
0.1892,-0.0774,0.9304,23.4733,4.0916,-6.6641,0,0,0
0.2039,-0.0664,0.9338,25.0611,0.3206,-5.2137,0,0,0
0.2053,-0.0645,0.9509,27.0916,-3.3588,-3.855,0,0,0
0.2039,-0.0664,0.9614,28.8931,-7.6565,-3.6489,0,0,0
0.2004,-0.0342,0.9722,27.0916,-10.2519,-2.7328,0,0,0
0.196,0.0063,0.9739,21.3664,-11.0534,-1.9313,0,0,0
0.1965,0.0286,0.9717,11.4198,-9.9084,-1.084,0,0,0
0.2117,-0.0413,0.9939,6.3969,-7.9924,-0.9237,0,0,0
0.2163,-0.0952,0.9993,12.9695,-5.5496,-0.8168,0,0,0
0.2002,-0.0725,0.9927,22.9847,-3.9924,-1.5115,0,0,0
0.1843,-0.0166,0.9714,27.5191,-4.4885,-1.5496,0,0,0
0.1687,0.0483,0.9604,24.3588,-6.0305,-1.0992,0,0,0
0.1633,0.0769,0.9685,15.0458,-7.5038,-0.3206,0,0,0
0.1768,0.0222,0.978,9.5649,-6.7099,0.1221,0,0,0
0.1699,0.0366,0.98,8.1756,-5.0229,1.2137,0,0,0
0.1646,0.0415,0.9553,7.6641,-1.2748,0.6718,0,0,0
0.1514,0.0752,0.9565,6.4427,1.6565,0.0916,0,0,0
0.1746,0.0559,0.9624,7.9618,3.8397,-2.6794,0,0,0
0.1826,0.0361,0.9851,11.2672,4.6336,-4.8473,0,0,0
0.1685,0.0693,0.9741,15.5878,4.1985,-6.855,0,0,0
0.1636,0.1013,0.9556,14.3969,0.9542,-7.9084,0,0,0
0.1802,0.1187,0.9695,9.458,-1.2824,-9.5649,0,0,0
0.1987,0.0891,0.9797,7.5344,-0.6641,-11.2061,0,0,0
0.2224,0.0317,0.9963,10.0458,2.4198,-13.0382,0,0,0
0.2236,0.0374,1.0044,16.0382,4.1527,-14.1374,0,0,0
0.2349,0.043,1.0168,20.1069,3.4656,-15.1832,0,0,0
0.2375,0.0964,1.0146,19.4733,1.8397,-15.145,0,0,0
0.2249,0.1182,1.0232,12.9389,-0.6412,-15.2214,0,0,0
0.2231,0.1206,1.0139,3.4885,-3.2061,-15.5802,0,0,0
0.2366,0.0718,1.0173,-3.6031,-4.7252,-14.5878,0,0,0
0.25,-0.0134,1.0415,-1.6107,-4.7634,-14.1908,0,0,0
0.2441,-0.0183,1.0417,6.8397,-2.4733,-12.9618,0,0,0
0.2205,0.0354,1.0198,12.2214,-1.7023,-12.5878,0,0,0
0.2209,0.0774,1.0181,10.9466,-2.5649,-12.9466,0,0,0
0.209,0.075,1.0181,6.7557,-3.8626,-12.8168,0,0,0
0.2041,0.064,1.0129,4.7328,-4.5573,-12.7176,0,0,0
0.2007,0.0308,1.0061,3.6183,-4.4351,-11.7176,0,0,0
0.1978,0.0276,1.0078,4.3435,-3.6947,-10.3664,0,0,0
0.1782,0.0596,0.9888,4.7939,-3.229,-8.9771,0,0,0
0.1711,0.0684,0.9763,2.4809,-3.145,-8.313,0,0,0
0.1667,0.0728,0.9841,-0.7939,-2.771,-7.5344,0,0,0
0.1533,0.0764,0.959,-3.8702,-1.8855,-5.8702,0,0,0
0.1582,0.0518,0.9612,-6.1145,-3.2748,-5.0305,0,0,0
0.1689,0.0325,0.969,-4.4504,-5.0458,-3.9313,0,0,0
0.1804,0.0027,0.9924,0.5496,-6.3969,-2.313,0,0,0
0.1853,0.0195,1.0044,5.8092,-7.8855,-0.7252,0,0,0
0.1875,0.0439,1.0159,8.7786,-9.6031,0.0,0,0,0
0.2031,0.0564,1.0322,9.3053,-10.2748,0.6183,0,0,0
0.2087,0.075,1.0491,8.3664,-10.9771,1.2672,0,0,0
0.2268,0.0974,1.0581,5.0763,-10.4198,1.3282,0,0,0
0.2246,0.0701,1.0691,2.145,-8.7176,1.4809,0,0,0
0.2324,0.0969,1.0667,-0.0687,-6.3893,1.9084,0,0,0
0.2234,0.0923,1.0598,-2.7176,-4.5725,1.3206,0,0,0
0.2158,0.0859,1.0544,-4.2214,-3.4122,0.6336,0,0,0
0.2236,0.0654,1.0525,-3.1527,-3.0916,0.0763,0,0,0
0.2229,0.052,1.0564,0.0458,-1.9618,-0.2366,0,0,0
0.2244,0.0676,1.0583,2.3893,-1.3206,-0.771,0,0,0
0.2285,0.0676,1.0469,3.0382,0.1298,-1.1603,0,0,0
0.218,0.074,1.0452,2.6947,0.9466,-1.145,0,0,0
0.2156,0.085,1.0349,1.0458,2.0,-0.9924,0,0,0
0.2175,0.0774,1.0293,-1.5496,2.9618,-0.8702,0,0,0
0.2063,0.0786,1.0181,-2.3817,3.1985,0.0153,0,0,0
0.2034,0.0735,1.0107,-2.9466,3.2595,0.1985,0,0,0
0.1995,0.0708,1.0051,-3.1527,2.8168,0.145,0,0,0
0.1975,0.0737,0.9988,-2.9542,2.916,0.1908,0,0,0
0.2053,0.0696,0.999,-3.0382,2.9847,0.3206,0,0,0
0.1909,0.0664,0.9968,-2.0992,2.7786,0.7099,0,0,0
0.1914,0.0684,1.0042,-1.4351,2.8015,0.9542,0,0,0
0.1907,0.0745,0.9849,-1.5267,2.5191,0.7481,0,0,0
0.1836,0.0757,0.9875,-1.771,1.3359,1.1374,0,0,0
0.1912,0.0737,0.9895,-2.6336,0.4122,1.5496,0,0,0
0.1931,0.062,1.0029,-3.2672,0.0763,1.3893,0,0,0
0.2002,0.0576,1.012,-2.6565,0.4275,2.1221,0,0,0
0.1909,0.063,1.0093,-1.8015,0.6107,2.4962,0,0,0
0.1975,0.0652,1.0146,-1.8779,0.6947,2.5191,0,0,0
0.1987,0.0725,1.0046,-1.4275,0.3359,2.7099,0,0,0
0.197,0.0784,1.0049,-2.2366,0.4733,2.374,0,0,0
0.1938,0.0791,1.0042,-3.0763,0.3588,2.3206,0,0,0
0.197,0.0625,1.0146,-3.2137,-0.3435,2.5191,0,0,0
0.2056,0.0662,1.0051,-2.6947,-0.2061,2.7481,0,0,0
0.207,0.063,1.0046,-2.0611,-0.2748,2.5802,0,0,0
0.2109,0.043,1.0093,-0.855,0.1908,2.8168,0,0,0
0.2087,0.0493,1.0164,1.4504,1.1679,3.5115,0,0,0
0.2205,0.0649,1.0181,2.374,1.2672,3.7939,0,0,0
0.2148,0.0796,1.0125,1.374,2.0076,3.5191,0,0,0
0.2141,0.0925,1.0005,0.0992,2.8779,3.0916,0,0,0
0.2056,0.0984,0.991,-2.4733,3.0992,2.5802,0,0,0
0.2002,0.0989,0.9868,-4.5191,2.7099,2.0076,0,0,0
0.2107,0.082,0.98,-5.1069,2.3282,1.6183,0,0,0
0.2083,0.0825,0.98,-4.6565,1.6947,1.1756,0,0,0
0.2114,0.0693,0.9841,-3.7939,1.2901,0.5802,0,0,0
0.2139,0.0779,0.9832,-2.5115,0.6031,0.1221,0,0,0
0.22,0.0823,0.9905,-3.2443,0.8168,-0.0153,0,0,0
0.2234,0.0793,0.9924,-3.7405,0.542,-0.3664,0,0,0
0.2209,0.0757,1.0032,-4.4122,0.916,-0.1832,0,0,0
0.2224,0.0742,0.9976,-4.4504,1.3435,-0.5725,0,0,0
0.2129,0.0828,1.0005,-5.4885,1.3511,-0.6718,0,0,0
0.2126,0.094,0.9951,-7.7328,0.8931,-0.9084,0,0,0
0.2048,0.0898,1.0007,-9.1145,-0.0916,-1.2595,0,0,0
0.2202,0.0706,1.0081,-9.0763,-1.0382,-1.8397,0,0,0
0.2319,0.0593,1.0286,-5.8321,-0.0382,-2.1603,0,0,0
0.2305,0.0759,1.0327,-2.7557,1.6794,-2.2214,0,0,0
0.2192,0.1062,1.0259,-3.5267,2.626,-2.6794,0,0,0
0.22,0.1021,1.03,-6.5267,3.4351,-4.2595,0,0,0
0.218,0.1013,1.022,-8.771,4.6641,-4.6718,0,0,0
0.2131,0.0903,1.0142,-10.7099,4.5496,-4.8702,0,0,0
0.2197,0.0762,1.0237,-10.8702,5.542,-4.8168,0,0,0
0.2104,0.083,1.0264,-11.0076,6.2366,-4.8626,0,0,0
0.2043,0.0864,1.0259,-11.7939,6.7176,-5.5802,0,0,0
0.1992,0.073,1.0149,-12.771,6.5267,-6.6336,0,0,0
0.1968,0.0698,1.0144,-11.9313,7.3969,-6.6031,0,0,0
0.1897,0.0625,1.0112,-11.4962,7.2519,-6.6641,0,0,0
0.1826,0.053,1.0027,-10.8931,7.0916,-6.626,0,0,0
0.1814,0.0498,1.0022,-11.4046,6.8092,-6.084,0,0,0
0.1746,0.0408,1.002,-11.3969,6.5496,-5.1374,0,0,0
0.1687,0.04,1.0107,-10.687,5.9313,-4.0534,0,0,0
0.1663,0.0383,1.011,-10.313,6.229,-3.8092,0,0,0
0.1626,0.0303,1.0042,-10.2595,6.4809,-2.9389,0,0,0
0.1636,0.0166,1.0015,-8.4504,7.2061,-2.5725,0,0,0
0.1541,0.0137,0.9827,-7.7176,7.1298,-1.7023,0,0,0
0.1541,0.0327,0.9846,-8.2214,6.5496,-0.4885,0,0,0
0.1516,0.042,0.9775,-9.9924,5.2977,0.0534,0,0,0
0.1477,0.0313,0.9849,-11.6718,4.4885,0.8092,0,0,0
0.156,0.0154,0.988,-11.1527,3.9771,1.1145,0,0,0
0.1636,0.011,1.0039,-9.4656,3.8015,1.7099,0,0,0
0.1565,0.0203,0.9863,-8.1756,3.5115,2.1527,0,0,0
0.1553,0.0295,0.9927,-8.2519,2.4962,2.9618,0,0,0
0.1604,0.0188,0.9961,-7.0611,1.6565,3.4656,0,0,0
0.1555,0.02,0.9973,-6.0,0.2672,3.5649,0,0,0
0.1536,0.0098,0.9978,-4.7786,-1.6947,3.6718,0,0,0
0.158,-0.0022,1.0032,-2.458,-3.0305,4.313,0,0,0
0.1562,0.0183,0.9946,-1.7099,-4.2519,5.1756,0,0,0
0.1577,0.0251,1.0024,-2.7252,-5.0611,6.1221,0,0,0
0.1538,0.0249,1.001,-4.1069,-6.6031,6.4427,0,0,0
0.1621,-0.011,1.019,-1.6412,-7.6641,6.9771,0,0,0
0.1624,-0.0015,1.0151,2.7099,-8.2443,7.4427,0,0,0
0.157,0.0078,1.0203,5.5573,-9.0076,8.2748,0,0,0
0.1592,0.0239,1.0198,5.9924,-10.145,8.1221,0,0,0
0.1592,0.032,1.0154,5.5496,-10.6031,8.3206,0,0,0
0.158,0.0195,1.0129,5.8397,-11.1603,8.5115,0,0,0
0.1636,0.0251,1.0225,7.0992,-11.1832,8.2366,0,0,0
0.1765,0.0208,1.0261,9.0305,-11.8779,8.3969,0,0,0
0.1794,0.0364,1.0215,9.5725,-11.1908,8.1603,0,0,0
0.1865,0.031,1.0273,9.7176,-10.9466,7.5191,0,0,0
0.1855,0.0344,1.0303,9.4656,-10.8321,7.145,0,0,0
0.1899,0.0435,1.0334,7.5725,-10.0305,6.4656,0,0,0
0.1868,0.0425,1.0359,5.771,-9.7023,5.542,0,0,0
0.1919,0.0337,1.0352,3.8168,-9.0153,5.2824,0,0,0
0.2046,0.0308,1.042,3.2519,-8.084,4.7939,0,0,0
0.2192,0.0342,1.0405,2.1985,-6.7863,4.4656,0,0,0
0.2236,0.0457,1.0364,0.4885,-5.8092,3.7863,0,0,0
0.2322,0.0461,1.0276,-0.9389,-4.0534,2.916,0,0,0
0.2305,0.0361,1.0134,-1.6107,-3.771,2.4809,0,0,0
0.2356,0.0408,1.0188,-1.2901,-3.2824,1.7099,0,0,0
0.2368,0.0342,1.0115,-0.6794,-3.3053,0.6565,0,0,0
0.2344,0.0259,0.9888,0.6718,-2.9313,-0.374,0,0,0
0.2375,0.032,0.9861,1.6031,-2.8321,-0.5267,0,0,0
0.2314,0.0471,0.9729,1.0,-2.6718,-0.8779,0,0,0
0.2314,0.0613,0.9692,-0.9847,-3.374,-1.374,0,0,0
